gene	AD	CTL	delta	z_change	perc_AD	perc_CTL	delta_perc	HigherNetwork	gene_clean	delta_abs_percentil	logFC	is_dge	n_dge	hgnc_symbol	label
ENSG00000178567	273	1	272	3.650864988842547	0.8658083684080218	0.03986135181975736	0.8259470165882644	AD	ENSG00000178567	1	-0.15145150656246997	FALSE	0	EPM2AIP1	EPM2AIP1
ENSG00000180957	2	347	-345	-4.699848227823592	0.18209952958653133	0.9133448873483536	-0.7312453577618222	Control	ENSG00000180957	0.9997524139638524	-0.11131436187554478	FALSE	0	PITPNB	PITPNB
ENSG00000049130	1	167	-166	-2.2771939883045658	0.07279029462738301	0.8009408269373607	-0.7281505323099777	Control	ENSG00000049130	0.9995048279277049	-0.12493911398170532	FALSE	0	KITLG	KITLG
ENSG00000109339	1	166	-165	-2.2636596070782025	0.07279029462738301	0.8001980688289181	-0.727407774201535	Control	ENSG00000109339	0.9992572418915573	-0.09431877756964724	FALSE	0	MAPK10	MAPK10
ENSG00000074317	92	1	91	1.201141986870795	0.7339688041594454	0.03986135181975736	0.6941074523396881	AD	ENSG00000074317	0.9990096558554098	-0.3059933718677339	FALSE	0	SNCB	SNCB
ENSG00000196428	1	111	-110	-1.519268639628223	0.07279029462738301	0.748328794256004	-0.6755384996286209	Control	ENSG00000196428	0.9987620698192622	-0.07466020590574907	FALSE	0	TSC22D2	TSC22D2
ENSG00000054277	198	3	195	2.6087176344125753	0.8219856400099035	0.15139886110423373	0.6705867789056698	AD	ENSG00000054277	0.9983906907650408	-0.17997138129639012	FALSE	0	OPN3	OPN3
ENSG00000166224	198	3	195	2.6087176344125753	0.8219856400099035	0.15139886110423373	0.6705867789056698	AD	ENSG00000166224	0.9983906907650408	0.1673926266642649	FALSE	0	SGPL1	SGPL1
ENSG00000143420	1	108	-107	-1.4786654959491328	0.07279029462738301	0.74263431542461	-0.6698440207972269	Control	ENSG00000143420	0.9978955186927457	-0.0879119263521364	FALSE	0	ENSA	ENSA
ENSG00000157450	1	108	-107	-1.4786654959491328	0.07279029462738301	0.74263431542461	-0.6698440207972269	Control	ENSG00000157450	0.9978955186927457	-0.08397213599398334	FALSE	0	RNF111	RNF111
ENSG00000023734	1	106	-105	-1.4515967334964062	0.07279029462738301	0.7395394899727655	-0.6667491953453826	Control	ENSG00000023734	0.9975241396385244	-0.11813561230126624	FALSE	0	STRAP	STRAP
ENSG00000128203	1	105	-104	-1.4380623522700429	0.07279029462738301	0.7376825947016589	-0.6648923000742759	Control	ENSG00000128203	0.9972765536023769	-0.02778319896817116	FALSE	0	ASPHD2	ASPHD2
ENSG00000157077	3	318	-315	-4.293816791032694	0.2442436246595692	0.8982421391433523	-0.6539985144837831	Control	ENSG00000157077	0.9970289675662293	-0.06389565962276045	FALSE	0	ZFYVE9	ZFYVE9
ENSG00000121481	64	1	63	0.8221793125326234	0.6934884872493191	0.03986135181975736	0.6536271354295617	AD	ENSG00000121481	0.9967813815300817	-0.13559715592748045	FALSE	0	RNF2	RNF2
ENSG00000169221	1	89	-88	-1.2215122526482307	0.07279029462738301	0.7147808863580094	-0.6419905917306263	Control	ENSG00000169221	0.9965337954939342	-0.04467533333616202	FALSE	0	TBC1D10B	TBC1D10B
ENSG00000172602	158	3	155	2.0673423853580446	0.7921515226541223	0.15139886110423373	0.6407526615498885	AD	ENSG00000172602	0.9962862094577866	-0.18174009425638893	FALSE	0	RND1	RND1
ENSG00000111371	2	193	-191	-2.6155535189636474	0.18209952958653133	0.8219856400099035	-0.6398861104233722	Control	ENSG00000111371	0.9960386234216391	-0.11351926368432252	FALSE	0	SLC38A1	SLC38A1
ENSG00000147036	56	1	55	0.7139042627217173	0.6770240158455063	0.03986135181975736	0.637162664025749	AD	ENSG00000147036	0.9957910373854915	-0.2094987970855664	FALSE	0	LANCL3	LANCL3
ENSG00000181656	53	1	52	0.6733011190426275	0.6692250557068581	0.03986135181975736	0.6293637038871007	AD	ENSG00000181656	0.9955434513493439	-0.3120617905705627	FALSE	0	GPR88	GPR88
ENSG00000148842	1	77	-76	-1.059099677931871	0.07279029462738301	0.6967071057192374	-0.6239168110918545	Control	ENSG00000148842	0.9952958653131964	-0.00494223710679797	FALSE	0	CNNM2	CNNM2
ENSG00000152377	50	1	49	0.6326979753635377	0.6622926466947264	0.03986135181975736	0.6224312948749691	AD	ENSG00000152377	0.9950482792770488	-0.1462532475999918	FALSE	0	SPOCK1	SPOCK1
ENSG00000146426	49	1	48	0.6191635941371744	0.6600643723693984	0.03986135181975736	0.620203020549641	AD	ENSG00000146426	0.9948006932409013	-0.09878222588894126	FALSE	0	TIAM2	TIAM2
ENSG00000044459	48	1	47	0.6056292129108112	0.6574647189898489	0.03986135181975736	0.6176033671700916	AD	ENSG00000044459	0.9945531072047537	0.16083904032925744	FALSE	0	CNTLN	CNTLN
ENSG00000103194	1	73	-72	-1.0049621530264183	0.07279029462738301	0.6884129735082941	-0.6156226788809112	Control	ENSG00000103194	0.994305521168606	-0.07986706031397439	FALSE	0	USP10	USP10
ENSG00000169884	47	1	46	0.5920948316844479	0.6548650656102996	0.03986135181975736	0.6150037137905422	AD	ENSG00000169884	0.9940579351324585	-0.2673927549273696	FALSE	0	WNT10B	WNT10B
ENSG00000009335	1	72	-71	-0.9914277718000548	0.07279029462738301	0.6865560782371875	-0.6137657836098045	Control	ENSG00000009335	0.9938103490963109	-0.062993141393056	FALSE	0	UBE3C	UBE3C
ENSG00000135930	3	242	-239	-3.2652038178290845	0.2442436246595692	0.8559049269621193	-0.6116613023025501	Control	ENSG00000135930	0.9935627630601634	-0.06596264861335044	FALSE	0	EIF4E2	EIF4E2
ENSG00000170832	1	70	-69	-0.9643590093473284	0.07279029462738301	0.6812329784600148	-0.6084426838326318	Control	ENSG00000170832	0.9933151770240158	-0.07864231986362213	FALSE	0	USP32	USP32
ENSG00000142230	2	149	-147	-2.0200407450036635	0.18209952958653133	0.7869522158950235	-0.6048526863084922	Control	ENSG00000142230	0.9930675909878682	-0.04783417013142888	FALSE	0	SAE1	SAE1
ENSG00000115252	70	2	68	0.8898512186644398	0.7026491705867789	0.10497647932656598	0.5976726912602129	AD	ENSG00000115252	0.9928200049517207	-0.13850733177757668	FALSE	0	PDE1A	PDE1A
ENSG00000092148	1	63	-62	-0.8696183407627855	0.07279029462738301	0.6655112651646448	-0.5927209705372618	Control	ENSG00000092148	0.9925724189155731	-0.0613941925450252	FALSE	0	HECTD1	HECTD1
ENSG00000102678	66	2	64	0.8357136937589867	0.6973260708096063	0.10497647932656598	0.5923495914830403	AD	ENSG00000102678	0.9923248328794256	-0.17087019828827543	FALSE	0	FGF9	FGF9
ENSG00000185278	39	1	38	0.4838197818735417	0.632087150284724	0.03986135181975736	0.5922257984649666	AD	ENSG00000185278	0.9919534538252043	0.2051319677095833	FALSE	0	ZBTB37	ZBTB37
ENSG00000157110	39	1	38	0.4838197818735417	0.632087150284724	0.03986135181975736	0.5922257984649666	AD	ENSG00000157110	0.9919534538252043	0.26481810389906624	FALSE	0	RBPMS	RBPMS
ENSG00000143842	63	2	61	0.795110550079897	0.6912602129239911	0.10497647932656598	0.5862837335974251	AD	ENSG00000143842	0.9915820747709829	0.23961493113576185	FALSE	0	SOX13	SOX13
ENSG00000157214	412	10	402	5.4103345482697724	0.9206486754147066	0.33473632087150285	0.5859123545432038	AD	ENSG00000157214	0.9913344887348353	-0.24799678184218976	FALSE	0	STEAP2	STEAP2
ENSG00000143153	36	1	35	0.44321663819445184	0.6192126764050507	0.03986135181975736	0.5793513245852934	AD	ENSG00000143153	0.990963109680614	-0.33617652020739186	FALSE	0	ATP1B1	ATP1B1
ENSG00000245213	36	1	35	0.44321663819445184	0.6192126764050507	0.03986135181975736	0.5793513245852934	AD	ENSG00000245213	0.990963109680614	0.20341043113786303	FALSE	0	GALNT7-DT	GALNT7-DT
ENSG00000150054	171	5	166	2.2162205788480405	0.8021787571180985	0.22295122555087893	0.5792275315672195	AD	ENSG00000150054	0.9905917306263927	-0.1968897340858078	FALSE	0	MPP7	MPP7
ENSG00000182134	1	56	-55	-0.7748776721782427	0.07279029462738301	0.6485516216885368	-0.5757613270611537	Control	ENSG00000182134	0.9903441445902451	-0.19431054317623797	FALSE	0	TDRKH	TDRKH
ENSG00000186047	2	119	-117	-1.6140093082127656	0.18209952958653133	0.7576132706115375	-0.5755137410250062	Control	ENSG00000186047	0.9900965585540975	-0.22946826876132675	FALSE	0	DLEU7	DLEU7
ENSG00000103852	123	4	119	1.5801046612089666	0.7655360237682595	0.19076504085169596	0.5747709829165635	AD	ENSG00000103852	0.98984897251795	0.14940517223473382	FALSE	0	TTC23	TTC23
ENSG00000108854	122	4	118	1.5665702799826031	0.7641743005694479	0.19076504085169596	0.5734092597177519	AD	ENSG00000108854	0.9896013864818024	0.09803472011307512	FALSE	0	SMURF2	SMURF2
ENSG00000018189	121	4	117	1.5530358987562405	0.7633077494429314	0.19076504085169596	0.5725427085912355	AD	ENSG00000018189	0.9893538004456549	-0.09461642437085516	FALSE	0	RUFY3	RUFY3
ENSG00000183036	81	3	78	1.0251950309280726	0.7217132953701412	0.15139886110423373	0.5703144342659074	AD	ENSG00000183036	0.9891062144095073	-0.3500355827759485	FALSE	0	PCP4	PCP4
ENSG00000181072	33	1	32	0.402613494515362	0.6070809606338202	0.03986135181975736	0.5672196088140629	AD	ENSG00000181072	0.988734835355286	-0.2434822623484898	FALSE	0	CHRM2	CHRM2
ENSG00000134453	33	1	32	0.402613494515362	0.6070809606338202	0.03986135181975736	0.5672196088140629	AD	ENSG00000134453	0.988734835355286	0.16873849596427348	FALSE	0	RBM17	RBM17
ENSG00000154548	224	7	217	2.9064740213925675	0.8374597672691261	0.2742015350334241	0.563258232235702	AD	ENSG00000154548	0.9883634563010646	-0.24640163643914725	FALSE	0	SRSF12	SRSF12
ENSG00000268182	147	5	142	1.891395429415322	0.7848477345877692	0.22295122555087893	0.5618965090368904	AD	ENSG00000268182	0.9881158702649171	-0.25434417646597574	FALSE	0	SMIM17	SMIM17
ENSG00000177733	1	51	-50	-0.7072057660464263	0.07279029462738301	0.6340678385739045	-0.5612775439465214	Control	ENSG00000177733	0.9878682842287695	-0.11543818938612029	FALSE	0	HNRNPA0	HNRNPA0
ENSG00000117519	1	49	-48	-0.6801370035936998	0.07279029462738301	0.6266402574894776	-0.5538499628620945	Control	ENSG00000117519	0.9876206981926219	-0.0408111957021049	FALSE	0	CNN3	CNN3
ENSG00000101146	48	2	46	0.5920948316844479	0.6574647189898489	0.10497647932656598	0.552488239663283	AD	ENSG00000101146	0.9873731121564744	-0.10352309296412444	FALSE	0	RAE1	RAE1
ENSG00000214050	29	1	28	0.3484759696099089	0.5914830403565239	0.03986135181975736	0.5516216885367665	AD	ENSG00000214050	0.9868779400841793	-0.2082835776675429	FALSE	0	FBXO16	FBXO16
ENSG00000164535	29	1	28	0.3484759696099089	0.5914830403565239	0.03986135181975736	0.5516216885367665	AD	ENSG00000164535	0.9868779400841793	-0.05288593551924236	FALSE	0	DAGLB	DAGLB
ENSG00000130032	29	1	28	0.3484759696099089	0.5914830403565239	0.03986135181975736	0.5516216885367665	AD	ENSG00000130032	0.9868779400841793	-0.19616318785527653	FALSE	0	PRRG3	PRRG3
ENSG00000106868	1	48	-47	-0.6666026223673365	0.07279029462738301	0.6234216390195593	-0.5506313443921762	Control	ENSG00000106868	0.9862589749938103	-0.20648927711721665	FALSE	0	SUSD1	SUSD1
ENSG00000286522	1	48	-47	-0.6666026223673365	0.07279029462738301	0.6234216390195593	-0.5506313443921762	Control	ENSG00000286522	0.9862589749938103	-0.04300709000733849	FALSE	0	H3C2	H3C2
ENSG00000155744	47	2	45	0.5785604504580846	0.6548650656102996	0.10497647932656598	0.5498885862837336	AD	ENSG00000155744	0.985887595939589	-0.1255791069001102	FALSE	0	HYCC2	HYCC2
ENSG00000107929	1	45	-44	-0.6259994786882467	0.07279029462738301	0.6132706115375093	-0.5404803169101262	Control	ENSG00000107929	0.9856400099034415	-0.07016432690702423	FALSE	0	LARP4B	LARP4B
ENSG00000137177	155	6	149	1.9861360979998648	0.7896756622926467	0.25043327556325823	0.5392423867293885	AD	ENSG00000137177	0.9853924238672939	0.22027644990813933	FALSE	0	KIF13A	KIF13A
ENSG00000172888	217	8	209	2.798198971581661	0.8339935627630601	0.2948749690517455	0.5391185937113147	AD	ENSG00000172888	0.9851448378311464	0.24309980338999715	FALSE	0	ZNF621	ZNF621
ENSG00000167700	2	93	-91	-1.2621153963273204	0.18209952958653133	0.7208467442436246	-0.5387472146570933	Control	ENSG00000167700	0.9848972517949988	-0.09270477205709148	FALSE	0	MFSD3	MFSD3
ENSG00000147246	62	3	59	0.7680417876271703	0.6887843525625155	0.15139886110423373	0.5373854914582817	AD	ENSG00000147246	0.9846496657588512	-0.31950214281124634	FALSE	0	HTR2C	HTR2C
ENSG00000164970	1	44	-43	-0.6124650974618834	0.07279029462738301	0.6093092349591483	-0.5365189403317654	Control	ENSG00000164970	0.9842782867046299	-0.01315915439182546	FALSE	0	FAM219A	FAM219A
ENSG00000125249	1	44	-43	-0.6124650974618834	0.07279029462738301	0.6093092349591483	-0.5365189403317654	Control	ENSG00000125249	0.9842782867046299	-0.07472107172648812	FALSE	0	RAP2A	RAP2A
ENSG00000166164	26	1	25	0.3078728259308191	0.5757613270611538	0.03986135181975736	0.5358999752413964	AD	ENSG00000166164	0.9839069076504086	0.1361362127621728	FALSE	0	BRD7	BRD7
ENSG00000153560	2	91	-89	-1.2350466338745938	0.18209952958653133	0.7176281257737064	-0.5355285961871751	Control	ENSG00000153560	0.983659321614261	-0.07844793139251038	FALSE	0	UBP1	UBP1
ENSG00000113161	60	3	57	0.7409730251744439	0.6849467690022283	0.15139886110423373	0.5335479078979946	AD	ENSG00000113161	0.9834117355781133	-0.2263532148898584	FALSE	0	HMGCR	HMGCR
ENSG00000226419	1	43	-42	-0.5989307162355201	0.07279029462738301	0.6043575142361971	-0.5315672196088141	Control	ENSG00000226419	0.9829165635058182	0.1752807921152204	FALSE	0	SLC16A1-AS1	SLC16A1-AS1
ENSG00000278189	1	43	-42	-0.5989307162355201	0.07279029462738301	0.6043575142361971	-0.5315672196088141	Control	ENSG00000278189	0.9829165635058182	0.04994920414186943	FALSE	0	RNA5-8SN1	RNA5-8SN1
ENSG00000176148	1	43	-42	-0.5989307162355201	0.07279029462738301	0.6043575142361971	-0.5315672196088141	Control	ENSG00000176148	0.9829165635058182	-0.13623583128007155	FALSE	0	TCP11L1	TCP11L1
ENSG00000105856	40	2	38	0.4838197818735417	0.6358009408269374	0.10497647932656598	0.5308244615003714	AD	ENSG00000105856	0.9824213914335231	0.2358054333528301	FALSE	0	HBP1	HBP1
ENSG00000126785	79	4	75	0.9845918872489828	0.7186184699182966	0.19076504085169596	0.5278534290666006	AD	ENSG00000126785	0.9821738053973756	0.2841079940609017	FALSE	0	RHOJ	RHOJ
ENSG00000108798	1	42	-41	-0.5853963350091568	0.07279029462738301	0.5996533795493935	-0.5268630849220104	Control	ENSG00000108798	0.981926219361228	0.17191704119055728	FALSE	0	ABI3	ABI3
ENSG00000090316	2	83	-81	-1.1267715840636876	0.18209952958653133	0.7062391681109186	-0.5241396385243873	Control	ENSG00000090316	0.9816786333250804	-0.10862210494609847	FALSE	0	MAEA	MAEA
ENSG00000123119	288	11	277	3.7185368949743633	0.8738549145828175	0.35070562020302054	0.523149294379797	AD	ENSG00000123119	0.9811834612527853	-0.19037716769442525	FALSE	0	NECAB1	NECAB1
ENSG00000137124	24	1	23	0.28080406347809256	0.5630106461995543	0.03986135181975736	0.523149294379797	AD	ENSG00000137124	0.9811834612527853	-0.21832780046273648	FALSE	0	ALDH1B1	ALDH1B1
ENSG00000047644	24	1	23	0.28080406347809256	0.5630106461995543	0.03986135181975736	0.523149294379797	AD	ENSG00000047644	0.9811834612527853	0.1345559984403124	FALSE	0	WWC3	WWC3
ENSG00000170919	1	41	-40	-0.5718619537827936	0.07279029462738301	0.5958157959891062	-0.5230255013617231	Control	ENSG00000170919	0.9806882891804902	0.06935057482215967	FALSE	0	TPT1-AS1	TPT1-AS1
ENSG00000138078	400	14	386	5.19378444864796	0.9154493686556078	0.3932904184204011	0.5221589502352066	AD	ENSG00000138078	0.9804407031443426	-0.32319612514194596	FALSE	0	PREPL	PREPL
ENSG00000119280	1	40	-39	-0.5583275725564303	0.07279029462738301	0.5921020054468928	-0.5193117108195098	Control	ENSG00000119280	0.9800693240901213	0.06482502648460553	FALSE	0	C1orf198	C1orf198
ENSG00000164024	1	40	-39	-0.5583275725564303	0.07279029462738301	0.5921020054468928	-0.5193117108195098	Control	ENSG00000164024	0.9800693240901213	-0.1393772655417589	FALSE	0	METAP1	METAP1
ENSG00000272321	37	2	35	0.44321663819445184	0.6239168110918544	0.10497647932656598	0.5189403317652884	AD	ENSG00000272321	0.9796979450359	-0.13449638682488363	FALSE	0	NA	ENSG00000272321
ENSG00000102858	1	39	-38	-0.544793191330067	0.07279029462738301	0.589130973013122	-0.5163406783857389	Control	ENSG00000102858	0.9793265659816787	-0.0703565223523448	FALSE	0	MGRN1	MGRN1
ENSG00000197620	1	39	-38	-0.544793191330067	0.07279029462738301	0.589130973013122	-0.5163406783857389	Control	ENSG00000197620	0.9793265659816787	-0.1388688690173545	FALSE	0	EOLA1	EOLA1
ENSG00000135766	1	38	-37	-0.5312588101037037	0.07279029462738301	0.5855409754889824	-0.5127506808615994	Control	ENSG00000135766	0.9788313939093836	-0.10649193965696302	FALSE	0	EGLN1	EGLN1
ENSG00000277775	1	38	-37	-0.5312588101037037	0.07279029462738301	0.5855409754889824	-0.5127506808615994	Control	ENSG00000277775	0.9788313939093836	-0.04111521061914547	FALSE	0	H3C7	H3C7
ENSG00000126067	70	4	66	0.8627824562117133	0.7026491705867789	0.19076504085169596	0.5118841297350829	AD	ENSG00000126067	0.9784600148551622	-0.18442410521391572	FALSE	0	PSMB2	PSMB2
ENSG00000164751	22	1	21	0.253735301025366	0.5505075513741025	0.03986135181975736	0.5106461995543451	AD	ENSG00000164751	0.9782124288190146	0.13470330498028282	FALSE	0	PEX2	PEX2
ENSG00000117013	2	75	-73	-1.0184965342527814	0.18209952958653133	0.6921267640505075	-0.5100272344639762	Control	ENSG00000117013	0.977964842782867	-0.11733863878037187	FALSE	0	KCNQ4	KCNQ4
ENSG00000164465	21	1	20	0.2402009197990027	0.5432037633077494	0.03986135181975736	0.5033424114879921	AD	ENSG00000164465	0.9777172567467195	-0.19848427759868148	FALSE	0	DCBLD1	DCBLD1
ENSG00000240891	86	5	81	1.0657981746071623	0.7261698440207972	0.22295122555087893	0.5032186184699183	AD	ENSG00000240891	0.9774696707105719	-0.08407059228862934	FALSE	0	PLCXD2	PLCXD2
ENSG00000177885	1	36	-35	-0.5041900476509772	0.07279029462738301	0.5753899480069324	-0.5025996533795494	Control	ENSG00000177885	0.9770982916563505	-0.09353873280335988	FALSE	0	GRB2	GRB2
ENSG00000105676	1	36	-35	-0.5041900476509772	0.07279029462738301	0.5753899480069324	-0.5025996533795494	Control	ENSG00000105676	0.9770982916563505	-0.03942837910136809	FALSE	0	ARMC6	ARMC6
ENSG00000132429	85	5	80	1.052263793380799	0.7249319138400594	0.22295122555087893	0.5019806882891804	AD	ENSG00000132429	0.9767269126021293	-0.07523755265952836	FALSE	0	POPDC3	POPDC3
ENSG00000170629	2	70	-68	-0.9508246281209652	0.18209952958653133	0.6812329784600148	-0.49913344887348354	Control	ENSG00000170629	0.9764793265659817	-0.26472611333411056	FALSE	0	DPY19L2P2	DPY19L2P2
ENSG00000197969	32	2	30	0.37554473206263544	0.6033671700916068	0.10497647932656598	0.4983906907650408	AD	ENSG00000197969	0.9762317405298341	-0.05182716204862991	FALSE	0	VPS13A	VPS13A
ENSG00000144677	62	4	58	0.7545074064008072	0.6887843525625155	0.19076504085169596	0.4980193117108195	AD	ENSG00000144677	0.9759841544936866	0.22112207442113177	FALSE	0	CTDSPL	CTDSPL
ENSG00000101290	1	35	-34	-0.4906556664246139	0.07279029462738301	0.5685813320128744	-0.4957910373854914	Control	ENSG00000101290	0.9756127754394652	-0.04637374266859417	FALSE	0	CDS2	CDS2
ENSG00000144152	1	35	-34	-0.4906556664246139	0.07279029462738301	0.5685813320128744	-0.4957910373854914	Control	ENSG00000144152	0.9756127754394652	-0.2921263988259044	FALSE	0	FBLN7	FBLN7
ENSG00000286214	126	7	119	1.5801046612089666	0.7681356771478088	0.2742015350334241	0.49393414211438474	AD	ENSG00000286214	0.9752413963852439	-0.24568945446735668	FALSE	0	COPG2IT1	COPG2IT1
ENSG00000144118	2	68	-66	-0.9237558656682386	0.18209952958653133	0.6754147066105471	-0.49331517702401584	Control	ENSG00000144118	0.9749938103490963	-0.1266438177065048	FALSE	0	RALB	RALB
ENSG00000164615	43	3	40	0.5108885443262682	0.6438474870017331	0.15139886110423373	0.4924486258974994	AD	ENSG00000164615	0.9747462243129488	-0.13934723306264551	FALSE	0	CAMLG	CAMLG
ENSG00000136861	180	9	171	2.283892484979857	0.8076256499133448	0.3161673681604357	0.4914582817529091	AD	ENSG00000136861	0.9744986382768012	0.13660245673179183	FALSE	0	CDK5RAP2	CDK5RAP2
ENSG00000175906	203	10	193	2.5816488719598487	0.8253280514978956	0.33473632087150285	0.4905917306263927	AD	ENSG00000175906	0.9742510522406537	-0.39711536933148217	FALSE	0	ARL4D	ARL4D
ENSG00000150051	75	5	70	0.9169199811171664	0.7126764050507551	0.22295122555087893	0.4897251794998762	AD	ENSG00000150051	0.9740034662045061	-0.18079885331674816	FALSE	0	MKX	MKX
ENSG00000028116	19	1	18	0.2131321573462762	0.5283486011388958	0.03986135181975736	0.4884872493191385	AD	ENSG00000028116	0.973508294132211	0.22833498599754165	FALSE	0	VRK2	VRK2
ENSG00000166263	19	1	18	0.2131321573462762	0.5283486011388958	0.03986135181975736	0.4884872493191385	AD	ENSG00000166263	0.973508294132211	0.15624844667630722	FALSE	0	STXBP4	STXBP4
ENSG00000108829	3	101	-98	-1.3568560649118633	0.2442436246595692	0.7327308739787076	-0.4884872493191385	Control	ENSG00000108829	0.973508294132211	-0.10104864138021874	FALSE	0	LRRC59	LRRC59
ENSG00000235750	1	33	-32	-0.46358690397188734	0.07279029462738301	0.5590492696211934	-0.4862589749938104	Control	ENSG00000235750	0.972889329041842	0.11998592513983564	FALSE	0	KIAA0040	KIAA0040
ENSG00000136758	1	33	-32	-0.46358690397188734	0.07279029462738301	0.5590492696211934	-0.4862589749938104	Control	ENSG00000136758	0.972889329041842	-0.1229667254048703	FALSE	0	YME1L1	YME1L1
ENSG00000140157	2	64	-62	-0.8696183407627855	0.18209952958653133	0.6673681604357514	-0.4852686308492201	Control	ENSG00000140157	0.9725179499876206	-0.09020457202776733	FALSE	0	NIPA2	NIPA2
ENSG00000180353	1	32	-31	-0.4500525227455241	0.07279029462738301	0.5529834117355781	-0.48019311710819507	Control	ENSG00000180353	0.9722703639514731	0.25206497815256057	FALSE	0	HCLS1	HCLS1
ENSG00000081138	18	1	17	0.19959777611991292	0.5199306759098787	0.03986135181975736	0.4800693240901214	AD	ENSG00000081138	0.9720227779153255	-0.10173624683409788	FALSE	0	CDH7	CDH7
ENSG00000102699	2	61	-59	-0.8290151970836958	0.18209952958653133	0.660807130477841	-0.4787076008913097	Control	ENSG00000102699	0.971775191879178	0.0851317263608582	FALSE	0	PARP4	PARP4
ENSG00000172575	68	5	63	0.8221793125326234	0.7005446892795246	0.22295122555087893	0.4775934637286457	AD	ENSG00000172575	0.9715276058430304	-0.2116535884287103	FALSE	0	RASGRP1	RASGRP1
ENSG00000176771	27	2	25	0.3078728259308191	0.5817033919286952	0.10497647932656598	0.4767269126021293	AD	ENSG00000176771	0.9712800198068829	0.34078142376101095	FALSE	0	NCKAP5	NCKAP5
ENSG00000145920	38	3	35	0.44321663819445184	0.6278781876702154	0.15139886110423373	0.4764793265659817	AD	ENSG00000145920	0.9710324337707353	-0.13202261948011973	FALSE	0	CPLX2	CPLX2
ENSG00000184271	2	60	-58	-0.8154808158573325	0.18209952958653133	0.6582074770982916	-0.47610794751176033	Control	ENSG00000184271	0.9707848477345877	0.02694215887150797	FALSE	0	POU6F1	POU6F1
ENSG00000140632	1	31	-30	-0.4365181415191608	0.07279029462738301	0.5456796236692251	-0.47288932904184205	Control	ENSG00000140632	0.9702896756622926	-0.09821456129790283	FALSE	0	GLYR1	GLYR1
ENSG00000176871	1	31	-30	-0.4365181415191608	0.07279029462738301	0.5456796236692251	-0.47288932904184205	Control	ENSG00000176871	0.9702896756622926	-0.11358266834056607	FALSE	0	WSB2	WSB2
ENSG00000258429	1	31	-30	-0.4365181415191608	0.07279029462738301	0.5456796236692251	-0.47288932904184205	Control	ENSG00000258429	0.9702896756622926	-0.3820419949239713	FALSE	0	PDF	PDF
ENSG00000015592	17	1	16	0.18606339489354964	0.5127506808615994	0.03986135181975736	0.472889329041842	AD	ENSG00000015592	0.9697945035899975	-0.13559663758807794	FALSE	0	STMN4	STMN4
ENSG00000168374	26	2	24	0.2943384447044558	0.5757613270611538	0.10497647932656598	0.47078484773458784	AD	ENSG00000168374	0.9695469175538499	-0.15328697984721806	FALSE	0	ARF4	ARF4
ENSG00000152193	64	5	59	0.7680417876271703	0.6934884872493191	0.22295122555087893	0.4705372616984402	AD	ENSG00000152193	0.9692993315177024	-0.09692999619346844	FALSE	0	OBI1	OBI1
ENSG00000169271	49	4	45	0.5785604504580846	0.6600643723693984	0.19076504085169596	0.4692993315177024	AD	ENSG00000169271	0.9690517454815548	-0.49685286774561455	FALSE	0	HSPB3	HSPB3
ENSG00000163558	36	3	33	0.4161478757417253	0.6192126764050507	0.15139886110423373	0.467813815300817	AD	ENSG00000163558	0.9688041594454073	-0.1333283741229998	FALSE	0	PRKCI	PRKCI
ENSG00000106052	1	30	-29	-0.4229837602927976	0.07279029462738301	0.5396137657836098	-0.46682347115622674	Control	ENSG00000106052	0.9683089873731121	-0.09253420594145469	FALSE	0	TAX1BP1	TAX1BP1
ENSG00000175229	1	30	-29	-0.4229837602927976	0.07279029462738301	0.5396137657836098	-0.46682347115622674	Control	ENSG00000175229	0.9683089873731121	-0.1539215070094455	FALSE	0	GAL3ST3	GAL3ST3
ENSG00000135387	1	30	-29	-0.4229837602927976	0.07279029462738301	0.5396137657836098	-0.46682347115622674	Control	ENSG00000135387	0.9683089873731121	-0.11146454925201076	FALSE	0	CAPRIN1	CAPRIN1
ENSG00000281181	2	56	-54	-0.7613432909518794	0.18209952958653133	0.6485516216885368	-0.46645209210200544	Control	ENSG00000281181	0.967813815300817	0.10085333824177224	FALSE	0	NA	ENSG00000281181
ENSG00000237289	16	1	15	0.17252901366718637	0.5049517207229512	0.03986135181975736	0.4650903689031939	AD	ENSG00000237289	0.9675662292646695	-0.1414022359335494	FALSE	0	CKMT1B	CKMT1B
ENSG00000157827	25	2	23	0.28080406347809256	0.5692002971032434	0.10497647932656598	0.46422381777667743	AD	ENSG00000157827	0.9671948502104482	0.2226188972288341	FALSE	0	FMNL2	FMNL2
ENSG00000021300	25	2	23	0.28080406347809256	0.5692002971032434	0.10497647932656598	0.46422381777667743	AD	ENSG00000021300	0.9671948502104482	0.3678168526318206	FALSE	0	PLEKHB1	PLEKHB1
ENSG00000279118	47	4	43	0.5514916880053581	0.6548650656102996	0.19076504085169596	0.4641000247586036	AD	ENSG00000279118	0.9668234711562268	0.3944981963549452	FALSE	0	NA	ENSG00000279118
ENSG00000107242	3	84	-81	-1.1267715840636876	0.2442436246595692	0.7077246843278039	-0.4634810596682347	Control	ENSG00000107242	0.9665758851200792	-0.19590652749245052	FALSE	0	PIP5K1B	PIP5K1B
ENSG00000134057	138	9	129	1.7154484734725994	0.778781876702154	0.3161673681604357	0.4626145085417183	AD	ENSG00000134057	0.9663282990839317	-0.17573800259349515	FALSE	0	CCNB1	CCNB1
ENSG00000143952	93	7	86	1.1334700807389788	0.7347115622678881	0.2742015350334241	0.4605100272344641	AD	ENSG00000143952	0.9660807130477841	0.1784725421186515	FALSE	0	VPS54	VPS54
ENSG00000205138	3	82	-79	-1.0997028216109612	0.2442436246595692	0.7043822728398118	-0.46013864818024264	Control	ENSG00000205138	0.9658331270116366	-0.2100920729207134	FALSE	0	SDHAF1	SDHAF1
ENSG00000082074	1	29	-28	-0.4094493790664343	0.07279029462738301	0.5324337707353305	-0.4596434761079475	Control	ENSG00000082074	0.9654617479574152	0.19084942721058695	FALSE	0	FYB1	FYB1
ENSG00000171940	1	29	-28	-0.4094493790664343	0.07279029462738301	0.5324337707353305	-0.4596434761079475	Control	ENSG00000171940	0.9654617479574152	0.13631803897017924	FALSE	0	ZNF217	ZNF217
ENSG00000143436	45	4	41	0.5244229255526315	0.6496657588512008	0.19076504085169596	0.4589007179995048	AD	ENSG00000143436	0.9650903689031939	-0.08295731845366383	FALSE	0	MRPL9	MRPL9
ENSG00000256008	15	1	14	0.1589946324408231	0.4961624164397128	0.03986135181975736	0.45630106461995545	AD	ENSG00000256008	0.9647189898489725	-0.19304922798907764	FALSE	0	CABP1-DT	CABP1-DT
ENSG00000138835	15	1	14	0.1589946324408231	0.4961624164397128	0.03986135181975736	0.45630106461995545	AD	ENSG00000138835	0.9647189898489725	0.14882698165493835	FALSE	0	RGS3	RGS3
ENSG00000130159	2	52	-50	-0.7072057660464263	0.18209952958653133	0.6370388710076752	-0.4549393414211439	Control	ENSG00000130159	0.9643476107947512	-0.10724166256198586	FALSE	0	ECSIT	ECSIT
ENSG00000140284	238	14	224	3.00121468997711	0.8473632087150285	0.3932904184204011	0.4540727902946274	AD	ENSG00000140284	0.9641000247586036	-0.2280650278965597	FALSE	0	SLC27A2	SLC27A2
ENSG00000135966	1	28	-27	-0.39591499784007106	0.07279029462738301	0.5251299826689775	-0.45233968804159447	Control	ENSG00000135966	0.9637286457043823	-0.01505391000257461	FALSE	0	TGFBRAP1	TGFBRAP1
ENSG00000142347	1	28	-27	-0.39591499784007106	0.07279029462738301	0.5251299826689775	-0.45233968804159447	Control	ENSG00000142347	0.9637286457043823	0.21132992984091192	FALSE	0	MYO1F	MYO1F
ENSG00000165406	23	2	21	0.253735301025366	0.5565734092597178	0.10497647932656598	0.4515969299331518	AD	ENSG00000165406	0.963357266650161	0.21454136791525613	FALSE	0	MARCHF8	MARCHF8
ENSG00000039560	55	5	50	0.646232356589901	0.6744243624659569	0.22295122555087893	0.451473136915078	AD	ENSG00000039560	0.9631096806140134	0.2584148214200104	FALSE	0	RAI14	RAI14
ENSG00000162374	171	11	160	2.1350142914898607	0.8021787571180985	0.35070562020302054	0.4514731369150779	AD	ENSG00000162374	0.9628620945778658	-0.1353438018060924	FALSE	0	ELAVL4	ELAVL4
ENSG00000196230	169	11	158	2.1079455290371345	0.8001980688289181	0.35070562020302054	0.44949244862589754	AD	ENSG00000196230	0.9626145085417183	-0.24172335654433752	FALSE	0	TUBB	TUBB
ENSG00000122574	67	6	61	0.795110550079897	0.6993067590987868	0.25043327556325823	0.4488734835355286	AD	ENSG00000122574	0.9623669225055707	-0.07832042957666374	FALSE	0	WIPF3	WIPF3
ENSG00000127995	102	8	94	1.241745130549885	0.7430056944788314	0.2948749690517455	0.4481307254270859	AD	ENSG00000127995	0.9621193364694232	-0.07348611629370616	FALSE	0	CASD1	CASD1
ENSG00000146966	41	4	37	0.4702854006471784	0.6387719732607081	0.19076504085169596	0.4480069324090121	AD	ENSG00000146966	0.9618717504332756	0.19865272630697817	FALSE	0	DENND2A	DENND2A
ENSG00000142408	14	1	13	0.14546025121445982	0.4860113889576628	0.03986135181975736	0.4461500371379054	AD	ENSG00000142408	0.9615003713790542	-0.11452161351311752	FALSE	0	CACNG8	CACNG8
ENSG00000257103	14	1	13	0.14546025121445982	0.4860113889576628	0.03986135181975736	0.4461500371379054	AD	ENSG00000257103	0.9615003713790542	0.11063492756708015	FALSE	0	LSM14A	LSM14A
ENSG00000146083	1	27	-26	-0.38238061661370776	0.07279029462738301	0.5183213666749196	-0.44553107204753656	Control	ENSG00000146083	0.9611289923248328	-0.1193795477425077	FALSE	0	RNF44	RNF44
ENSG00000174028	5	128	-123	-1.6952155955709451	0.3247090864075266	0.7692498143104729	-0.4445407279029463	Control	ENSG00000174028	0.9608814062886853	-0.3664486451310376	FALSE	0	FAM3C2P	FAM3C2P
ENSG00000164938	97	8	89	1.1740732244180685	0.7384253528101015	0.2948749690517455	0.443550383758356	AD	ENSG00000164938	0.9606338202525377	0.2636344781605411	FALSE	0	TP53INP1	TP53INP1
ENSG00000175215	116	9	107	1.4176920864926077	0.7579846496657588	0.3161673681604357	0.4418172815053231	AD	ENSG00000175215	0.9603862342163902	0.19594158337235612	FALSE	0	CTDSP2	CTDSP2
ENSG00000176182	4	99	-95	-1.3162529212327736	0.2896756622926467	0.7298836345630106	-0.440207972270364	Control	ENSG00000176182	0.9601386481802426	-0.18216079553633513	FALSE	0	MYPOP	MYPOP
ENSG00000154914	29	3	26	0.32140720715718235	0.5914830403565239	0.15139886110423373	0.44008417925229015	AD	ENSG00000154914	0.9597672691260213	-0.18474562886888535	FALSE	0	USP43	USP43
ENSG00000137055	29	3	26	0.32140720715718235	0.5914830403565239	0.15139886110423373	0.44008417925229015	AD	ENSG00000137055	0.9597672691260213	-0.16757968416330904	FALSE	0	PLAA	PLAA
ENSG00000128731	1	26	-25	-0.3688462353873445	0.07279029462738301	0.5118841297350829	-0.4390938351076999	Control	ENSG00000128731	0.9589007179995048	-0.04356871532084483	FALSE	0	HERC2	HERC2
ENSG00000218819	1	26	-25	-0.3688462353873445	0.07279029462738301	0.5118841297350829	-0.4390938351076999	Control	ENSG00000218819	0.9589007179995048	0.15103844478492645	FALSE	0	TDRD15	TDRD15
ENSG00000125304	1	26	-25	-0.3688462353873445	0.07279029462738301	0.5118841297350829	-0.4390938351076999	Control	ENSG00000125304	0.9589007179995048	-0.11465586260824344	FALSE	0	TM9SF2	TM9SF2
ENSG00000125398	1	26	-25	-0.3688462353873445	0.07279029462738301	0.5118841297350829	-0.4390938351076999	Control	ENSG00000125398	0.9589007179995048	0.05199832911884883	FALSE	0	SOX9	SOX9
ENSG00000103021	1	26	-25	-0.3688462353873445	0.07279029462738301	0.5118841297350829	-0.4390938351076999	Control	ENSG00000103021	0.9589007179995048	-0.24075688499325487	FALSE	0	CFAP263	CFAP263
ENSG00000157782	21	2	19	0.22666653857263944	0.5432037633077494	0.10497647932656598	0.4382272839811835	AD	ENSG00000157782	0.9581579598910621	-0.17442830854502134	FALSE	0	CABP1	CABP1
ENSG00000167771	38	4	34	0.42968225696808854	0.6278781876702154	0.19076504085169596	0.4371131468185194	AD	ENSG00000167771	0.9579103738549146	-0.16515316289871065	FALSE	0	RCOR2	RCOR2
ENSG00000129493	191	13	178	2.3786331535643996	0.8156721960881407	0.37880663530576875	0.43686556078237193	AD	ENSG00000129493	0.957662787818767	0.19992592169887935	FALSE	0	HEATR5A	HEATR5A
ENSG00000116871	5	121	-116	-1.6004749269864025	0.3247090864075266	0.759593958900718	-0.4348848724931914	Control	ENSG00000116871	0.9574152017826194	-0.08606951651422357	FALSE	0	MAP7D1	MAP7D1
ENSG00000247828	2	46	-44	-0.6259994786882467	0.18209952958653133	0.616860609061649	-0.43476107947511766	Control	ENSG00000247828	0.9570438227283982	0.08737032637066555	FALSE	0	TMEM161B-DT	TMEM161B-DT
ENSG00000169057	2	46	-44	-0.6259994786882467	0.18209952958653133	0.616860609061649	-0.43476107947511766	Control	ENSG00000169057	0.9570438227283982	-0.00739612421422997	FALSE	0	MECP2	MECP2
ENSG00000179542	37	4	33	0.4161478757417253	0.6239168110918544	0.19076504085169596	0.4331517702401584	AD	ENSG00000179542	0.9566724436741768	-0.09493224652426946	FALSE	0	SLITRK4	SLITRK4
ENSG00000071537	1	25	-24	-0.35531185416098127	0.07279029462738301	0.505694478831394	-0.43290418420401094	Control	ENSG00000071537	0.9563010646199555	-0.12152874924507806	FALSE	0	SEL1L	SEL1L
ENSG00000221963	1	25	-24	-0.35531185416098127	0.07279029462738301	0.505694478831394	-0.43290418420401094	Control	ENSG00000221963	0.9563010646199555	-0.08109249990874012	FALSE	0	APOL6	APOL6
ENSG00000114978	2	45	-43	-0.6124650974618834	0.18209952958653133	0.6132706115375093	-0.431171081950978	Control	ENSG00000114978	0.9559296855657341	0.05102447458123294	FALSE	0	MOB1A	MOB1A
ENSG00000174917	27	3	24	0.2943384447044558	0.5817033919286952	0.15139886110423373	0.4303045308244615	AD	ENSG00000174917	0.9556820995295865	-0.1872802019315536	FALSE	0	MICOS13	MICOS13
ENSG00000143549	3	67	-64	-0.896687103215512	0.2442436246595692	0.672691260212924	-0.42844763555335486	Control	ENSG00000143549	0.9553107204753651	-0.1100443596904448	FALSE	0	TPM3	TPM3
ENSG00000183624	3	67	-64	-0.896687103215512	0.2442436246595692	0.672691260212924	-0.42844763555335486	Control	ENSG00000183624	0.9553107204753651	-0.08453550040207958	FALSE	0	HMCES	HMCES
ENSG00000167851	2	44	-42	-0.5989307162355201	0.18209952958653133	0.6093092349591483	-0.42720970537261704	Control	ENSG00000167851	0.9549393414211439	0.09395128146102838	FALSE	0	CD300A	CD300A
ENSG00000050426	12	1	11	0.11839148876173328	0.46595692002971034	0.03986135181975736	0.426095568209953	AD	ENSG00000050426	0.9545679623669225	-0.13937847542362825	FALSE	0	LETMD1	LETMD1
ENSG00000233384	12	1	11	0.11839148876173328	0.46595692002971034	0.03986135181975736	0.426095568209953	AD	ENSG00000233384	0.9545679623669225	-0.1674574309438146	FALSE	0	CNIH3-AS2	CNIH3-AS2
ENSG00000085788	3	65	-62	-0.8696183407627855	0.2442436246595692	0.668729883634563	-0.4244862589749938	Control	ENSG00000085788	0.9541965833127012	-0.08959670238718331	FALSE	0	DDHD2	DDHD2
ENSG00000167671	1	24	-23	-0.34177747293461797	0.07279029462738301	0.4969051745481554	-0.42411487992077246	Control	ENSG00000167671	0.9535776182223322	-0.0978635351062298	FALSE	0	UBXN6	UBXN6
ENSG00000172534	1	24	-23	-0.34177747293461797	0.07279029462738301	0.4969051745481554	-0.42411487992077246	Control	ENSG00000172534	0.9535776182223322	4.460793536296137e-4	FALSE	0	HCFC1	HCFC1
ENSG00000169918	1	24	-23	-0.34177747293461797	0.07279029462738301	0.4969051745481554	-0.42411487992077246	Control	ENSG00000169918	0.9535776182223322	0.01654779654811733	FALSE	0	OTUD7A	OTUD7A
ENSG00000152661	1	24	-23	-0.34177747293461797	0.07279029462738301	0.4969051745481554	-0.42411487992077246	Control	ENSG00000152661	0.9535776182223322	0.3510156927830188	FALSE	0	GJA1	GJA1
ENSG00000078369	4	85	-81	-1.1267715840636876	0.2896756622926467	0.708838821490468	-0.41916315919782127	Control	ENSG00000078369	0.9529586531319634	-0.08710646991305993	FALSE	0	GNB1	GNB1
ENSG00000155970	42	5	37	0.4702854006471784	0.6413716266402575	0.22295122555087893	0.41842040108937856	AD	ENSG00000155970	0.9527110670958158	-0.1958217969749292	FALSE	0	MICU3	MICU3
ENSG00000241697	2	42	-40	-0.5718619537827936	0.18209952958653133	0.5996533795493935	-0.41755384996286216	Control	ENSG00000241697	0.9524634810596683	-0.28042956967269594	FALSE	0	TMEFF1	TMEFF1
ENSG00000141622	52	6	46	0.5920948316844479	0.6666254023273087	0.25043327556325823	0.4161921267640505	AD	ENSG00000141622	0.9522158950235207	-0.1938966860509428	FALSE	0	ARK2C	ARK2C
ENSG00000169946	3	60	-57	-0.8019464346309692	0.2442436246595692	0.6582074770982916	-0.41396385243872247	Control	ENSG00000169946	0.9519683089873731	-0.06338659417348502	FALSE	0	ZFPM2	ZFPM2
ENSG00000099725	1	23	-22	-0.3282430917082547	0.07279029462738301	0.4866303540480317	-0.41384005942064866	Control	ENSG00000099725	0.9506065857885615	0.09381880584146818	FALSE	0	PRKY	PRKY
ENSG00000204469	1	23	-22	-0.3282430917082547	0.07279029462738301	0.4866303540480317	-0.41384005942064866	Control	ENSG00000204469	0.9506065857885615	-0.05489586162588367	FALSE	0	PRRC2A	PRRC2A
ENSG00000110321	1	23	-22	-0.3282430917082547	0.07279029462738301	0.4866303540480317	-0.41384005942064866	Control	ENSG00000110321	0.9506065857885615	-0.06691553264593075	FALSE	0	EIF4G2	EIF4G2
ENSG00000157985	1	23	-22	-0.3282430917082547	0.07279029462738301	0.4866303540480317	-0.41384005942064866	Control	ENSG00000157985	0.9506065857885615	0.03819735949957881	FALSE	0	AGAP1	AGAP1
ENSG00000210082	1	23	-22	-0.3282430917082547	0.07279029462738301	0.4866303540480317	-0.41384005942064866	Control	ENSG00000210082	0.9506065857885615	0.34983862080904515	FALSE	0	MT-RNR2	MT-RNR2
ENSG00000206159	1	23	-22	-0.3282430917082547	0.07279029462738301	0.4866303540480317	-0.41384005942064866	Control	ENSG00000206159	0.9506065857885615	0.06233976812655895	FALSE	0	GYG2P1	GYG2P1
ENSG00000012817	1	23	-22	-0.3282430917082547	0.07279029462738301	0.4866303540480317	-0.41384005942064866	Control	ENSG00000012817	0.9506065857885615	0.02888376341941123	FALSE	0	KDM5D	KDM5D
ENSG00000113312	1	23	-22	-0.3282430917082547	0.07279029462738301	0.4866303540480317	-0.41384005942064866	Control	ENSG00000113312	0.9506065857885615	-0.06296628212394673	FALSE	0	TTC1	TTC1
ENSG00000125447	1	23	-22	-0.3282430917082547	0.07279029462738301	0.4866303540480317	-0.41384005942064866	Control	ENSG00000125447	0.9506065857885615	-0.04577980644056367	FALSE	0	GGA3	GGA3
ENSG00000185963	1	23	-22	-0.3282430917082547	0.07279029462738301	0.4866303540480317	-0.41384005942064866	Control	ENSG00000185963	0.9506065857885615	-0.06324627429524554	FALSE	0	BICD2	BICD2
ENSG00000184307	11	1	10	0.10485710753537002	0.45233968804159447	0.03986135181975736	0.4124783362218371	AD	ENSG00000184307	0.9492448625897499	-0.3011535128282361	FALSE	0	ZDHHC23	ZDHHC23
ENSG00000132313	2	40	-38	-0.544793191330067	0.18209952958653133	0.5921020054468928	-0.41000247586036154	Control	ENSG00000132313	0.9489972765536023	-0.10552836686578893	FALSE	0	MRPL35	MRPL35
ENSG00000088899	6	125	-119	-1.641078070665492	0.35528596187175043	0.7652884377321119	-0.4100024758603614	Control	ENSG00000088899	0.9487496905174548	-0.07384460978243723	FALSE	0	LZTS3	LZTS3
ENSG00000184515	31	4	27	0.33494158838354565	0.6000247586036147	0.19076504085169596	0.4092597177519187	AD	ENSG00000184515	0.9485021044813072	-0.265766551723317	FALSE	0	BEX5	BEX5
ENSG00000092531	3	58	-55	-0.7748776721782427	0.2442436246595692	0.6531319633572666	-0.4088883386976975	Control	ENSG00000092531	0.9482545184451597	0.15152210649401177	FALSE	0	SNAP23	SNAP23
ENSG00000188352	69	8	61	0.795110550079897	0.7011636543698936	0.2948749690517455	0.4062886853181481	AD	ENSG00000188352	0.9480069324090121	-0.13051351970783642	FALSE	0	FOCAD	FOCAD
ENSG00000108176	57	7	50	0.646232356589901	0.6794998762069819	0.2742015350334241	0.40529834117355784	AD	ENSG00000108176	0.9477593463728645	-0.13755370778766896	FALSE	0	DNAJC12	DNAJC12
ENSG00000188313	2	38	-36	-0.5177244288773405	0.18209952958653133	0.5855409754889824	-0.4034414459024511	Control	ENSG00000188313	0.9473879673186433	0.04394865911675438	FALSE	0	PLSCR1	PLSCR1
ENSG00000241360	1	22	-21	-0.3147087104818914	0.07279029462738301	0.47623174052983414	-0.4034414459024511	Control	ENSG00000241360	0.9473879673186433	-0.28662581637365836	FALSE	0	PDXP	PDXP
ENSG00000189079	56	7	49	0.6326979753635377	0.6770240158455063	0.2742015350334241	0.4028224808120822	AD	ENSG00000189079	0.9470165882644219	0.12945956456231045	FALSE	0	ARID2	ARID2
ENSG00000280614	3	55	-52	-0.7342745284991528	0.2442436246595692	0.6454567962366923	-0.4012131715771231	Control	ENSG00000280614	0.9467690022282743	0.03023705798284437	FALSE	0	NA	ENSG00000280614
ENSG00000116885	37	5	32	0.402613494515362	0.6239168110918544	0.22295122555087893	0.40096558554097544	AD	ENSG00000116885	0.9465214161921268	-0.1339137338733316	FALSE	0	OSCP1	OSCP1
ENSG00000134709	29	4	25	0.3078728259308191	0.5914830403565239	0.19076504085169596	0.4007179995048279	AD	ENSG00000134709	0.9462738301559792	-0.12162817914130564	FALSE	0	HOOK1	HOOK1
ENSG00000164620	16	2	14	0.1589946324408231	0.5049517207229512	0.10497647932656598	0.3999752413963853	AD	ENSG00000164620	0.9460262441198316	-0.1452302865104489	FALSE	0	RELL2	RELL2
ENSG00000182768	5	95	-90	-1.248581015100957	0.3247090864075266	0.7244367417677643	-0.3997276553602377	Control	ENSG00000182768	0.9457786580836841	-0.2010658977615805	FALSE	0	NGRN	NGRN
ENSG00000011021	6	115	-109	-1.5057342584018594	0.35528596187175043	0.7542708591235454	-0.398984897251795	Control	ENSG00000011021	0.9455310720475365	-0.05589685665097299	FALSE	0	CLCN6	CLCN6
ENSG00000147099	3	54	-51	-0.7207401472727896	0.2442436246595692	0.6423619707848477	-0.3981183461252785	Control	ENSG00000147099	0.945283486011389	0.1230496836510948	FALSE	0	HDAC8	HDAC8
ENSG00000131095	10	1	9	0.09132272630900674	0.437360732854667	0.03986135181975736	0.3974993810349096	AD	ENSG00000131095	0.9449121069571677	0.35982656388368284	FALSE	0	GFAP	GFAP
ENSG00000260838	10	1	9	0.09132272630900674	0.437360732854667	0.03986135181975736	0.3974993810349096	AD	ENSG00000260838	0.9449121069571677	-0.2532582593209529	FALSE	0	NA	ENSG00000260838
ENSG00000105509	6	112	-106	-1.4651311147227697	0.35528596187175043	0.7504332755632582	-0.3951473136915078	Control	ENSG00000105509	0.9445407279029463	-0.34837860943004895	FALSE	0	HAS1	HAS1
ENSG00000174446	4	71	-67	-0.937290246894602	0.2896756622926467	0.6842040108937856	-0.3945283486011389	Control	ENSG00000174446	0.9442931418667987	-0.112509430792608	FALSE	0	SNAPC5	SNAPC5
ENSG00000188229	195	17	178	2.3786331535643996	0.8201287447387967	0.42696211933646944	0.3931666254023273	AD	ENSG00000188229	0.9440455558306512	-0.26854092034754373	FALSE	0	TUBB4B	TUBB4B
ENSG00000280798	10	203	-193	-2.642622281416374	0.437360732854667	0.8304035652389206	-0.3930428323842536	Control	ENSG00000280798	0.9437979697945036	-0.09529241660644948	FALSE	0	LINC00294	LINC00294
ENSG00000175166	3	52	-49	-0.693671384820063	0.2442436246595692	0.6370388710076752	-0.392795246348106	Control	ENSG00000175166	0.9434265907402822	-0.08554819392967161	FALSE	0	PSMD2	PSMD2
ENSG00000142784	3	52	-49	-0.693671384820063	0.2442436246595692	0.6370388710076752	-0.392795246348106	Control	ENSG00000142784	0.9434265907402822	-0.00284747091272308	FALSE	0	WDTC1	WDTC1
ENSG00000163694	1	21	-20	-0.3011743292555282	0.07279029462738301	0.4652141619212676	-0.3924238672938846	Control	ENSG00000163694	0.9425600396137658	0.28605057749333884	FALSE	0	RBM47	RBM47
ENSG00000202515	1	21	-20	-0.3011743292555282	0.07279029462738301	0.4652141619212676	-0.3924238672938846	Control	ENSG00000202515	0.9425600396137658	0.03371181369248566	FALSE	0	VTRNA1-3	VTRNA1-3
ENSG00000159216	1	21	-20	-0.3011743292555282	0.07279029462738301	0.4652141619212676	-0.3924238672938846	Control	ENSG00000159216	0.9425600396137658	0.13672604380761655	FALSE	0	RUNX1	RUNX1
ENSG00000232593	1	21	-20	-0.3011743292555282	0.07279029462738301	0.4652141619212676	-0.3924238672938846	Control	ENSG00000232593	0.9425600396137658	0.08769332793162299	FALSE	0	KANTR	KANTR
ENSG00000137218	1	21	-20	-0.3011743292555282	0.07279029462738301	0.4652141619212676	-0.3924238672938846	Control	ENSG00000137218	0.9425600396137658	-0.15871182312204724	FALSE	0	FRS3	FRS3
ENSG00000127838	21	3	18	0.2131321573462762	0.5432037633077494	0.15139886110423373	0.3918049022035157	AD	ENSG00000127838	0.9416934884872493	-0.17043290870480554	FALSE	0	PNKD	PNKD
ENSG00000234899	21	3	18	0.2131321573462762	0.5432037633077494	0.15139886110423373	0.3918049022035157	AD	ENSG00000234899	0.9416934884872493	0.1311054107325198	FALSE	0	SOX9-AS1	SOX9-AS1
ENSG00000103222	15	2	13	0.14546025121445982	0.4961624164397128	0.10497647932656598	0.39118593711314686	AD	ENSG00000103222	0.941322109433028	-0.07239973080755924	FALSE	0	ABCC1	ABCC1
ENSG00000113645	27	4	23	0.28080406347809256	0.5817033919286952	0.19076504085169596	0.39093835107699926	AD	ENSG00000113645	0.9410745233968805	0.09784762344114384	FALSE	0	WWC1	WWC1
ENSG00000037241	51	7	44	0.5650260692317213	0.6641495419658331	0.2742015350334241	0.389948006932409	AD	ENSG00000037241	0.9408269373607329	-0.12789739101714304	FALSE	0	RPL26L1	RPL26L1
ENSG00000131187	3	51	-48	-0.6801370035936998	0.2442436246595692	0.6340678385739045	-0.3898242139143353	Control	ENSG00000131187	0.9405793513245853	-0.26023263448510203	FALSE	0	F12	F12
ENSG00000155506	9	175	-166	-2.2771939883045658	0.4207724684327804	0.8086159940579352	-0.3878435256251548	Control	ENSG00000155506	0.9403317652884378	-0.04648909016197855	FALSE	0	LARP1	LARP1
ENSG00000158869	2	35	-33	-0.47712128519825064	0.18209952958653133	0.5685813320128744	-0.3864818024263431	Control	ENSG00000158869	0.9398365932161427	0.00599159007581029	FALSE	0	FCER1G	FCER1G
ENSG00000121310	2	35	-33	-0.47712128519825064	0.18209952958653133	0.5685813320128744	-0.3864818024263431	Control	ENSG00000121310	0.9398365932161427	0.1275382735163202	FALSE	0	ECHDC2	ECHDC2
ENSG00000140750	2	35	-33	-0.47712128519825064	0.18209952958653133	0.5685813320128744	-0.3864818024263431	Control	ENSG00000140750	0.9398365932161427	0.17916605025136967	FALSE	0	ARHGAP17	ARHGAP17
ENSG00000198791	3	50	-47	-0.6666026223673365	0.2442436246595692	0.630354048031691	-0.3861104233721218	Control	ENSG00000198791	0.9393414211438474	-0.09638917079390195	FALSE	0	CNOT7	CNOT7
ENSG00000119950	26	4	22	0.26726968225172926	0.5757613270611538	0.19076504085169596	0.3849962862094578	AD	ENSG00000119950	0.9389700420896262	0.3028424201769919	FALSE	0	MXI1	MXI1
ENSG00000164129	26	4	22	0.26726968225172926	0.5757613270611538	0.19076504085169596	0.3849962862094578	AD	ENSG00000164129	0.9389700420896262	-0.2122761638680384	FALSE	0	NPY5R	NPY5R
ENSG00000151502	19	347	-328	-4.469763746975416	0.5283486011388958	0.9133448873483536	-0.3849962862094577	Control	ENSG00000151502	0.9385986630354048	-0.06176420984312969	FALSE	0	VPS26B	VPS26B
ENSG00000118432	57	8	49	0.6326979753635377	0.6794998762069819	0.2948749690517455	0.3846249071552365	AD	ENSG00000118432	0.9383510769992572	-0.32802049840224434	FALSE	0	CNR1	CNR1
ENSG00000178502	3	49	-46	-0.6530682411409732	0.2442436246595692	0.6266402574894776	-0.3823966328299084	Control	ENSG00000178502	0.9381034909631096	-0.23075423792565353	FALSE	0	KLHL11	KLHL11
ENSG00000091483	56	8	48	0.6191635941371744	0.6770240158455063	0.2948749690517455	0.3821490467937608	AD	ENSG00000091483	0.9378559049269621	-0.19776039218899655	FALSE	0	FH	FH
ENSG00000173272	1	20	-19	-0.28763994802916487	0.07279029462738301	0.4548155484030701	-0.3820252537756871	Control	ENSG00000173272	0.9376083188908145	-0.12328742460818988	FALSE	0	MZT2A	MZT2A
ENSG00000011426	14	2	12	0.13192586998809655	0.4860113889576628	0.10497647932656598	0.3810349096310968	AD	ENSG00000011426	0.9371131468185194	0.5011159734771997	TRUE	1	ANLN	ANLN
ENSG00000075975	14	2	12	0.13192586998809655	0.4860113889576628	0.10497647932656598	0.3810349096310968	AD	ENSG00000075975	0.9371131468185194	-0.11307019284235408	FALSE	1	MKRN2	MKRN2
ENSG00000129657	14	2	12	0.13192586998809655	0.4860113889576628	0.10497647932656598	0.3810349096310968	AD	ENSG00000129657	0.9371131468185194	0.08848404420069222	FALSE	1	SEC14L1	SEC14L1
ENSG00000165959	9	1	8	0.07778834508264348	0.4207724684327804	0.03986135181975736	0.380911116613023	AD	ENSG00000165959	0.9363703887100767	0.31075705795031894	FALSE	1	CLMN	CLMN
ENSG00000166913	90	11	79	1.038729412154436	0.7316167368160436	0.35070562020302054	0.380911116613023	AD	ENSG00000166913	0.9363703887100767	-0.11216675880582729	FALSE	1	YWHAB	YWHAB
ENSG00000272944	6	104	-98	-1.3568560649118633	0.35528596187175043	0.7361970784847734	-0.380911116613023	Control	ENSG00000272944	0.9363703887100767	-0.34523223968430017	FALSE	1	NA	ENSG00000272944
ENSG00000099821	2	34	-32	-0.46358690397188734	0.18209952958653133	0.5628868531814806	-0.38078732359494927	Control	ENSG00000099821	0.9358752166377816	-0.09817598744310274	FALSE	1	POLRMT	POLRMT
ENSG00000121769	116	13	103	1.3635545615871545	0.7579846496657588	0.37880663530576875	0.3791780143599901	AD	ENSG00000121769	0.9356276306016341	-0.25504631612660233	FALSE	1	FABP3	FABP3
ENSG00000115353	25	4	21	0.253735301025366	0.5692002971032434	0.19076504085169596	0.3784352562515474	AD	ENSG00000115353	0.9353800445654865	-0.3357708817984646	FALSE	1	TACR1	TACR1
ENSG00000276368	2	33	-31	-0.4500525227455241	0.18209952958653133	0.5590492696211934	-0.3769497400346621	Control	ENSG00000276368	0.9351324585293389	-0.00629085253441918	FALSE	1	H2AC14	H2AC14
ENSG00000135077	1	19	-18	-0.2741055668028016	0.07279029462738301	0.4461500371379054	-0.3733597425105224	Control	ENSG00000135077	0.9347610794751176	0.16572079822093144	FALSE	1	HAVCR2	HAVCR2
ENSG00000108588	1	19	-18	-0.2741055668028016	0.07279029462738301	0.4461500371379054	-0.3733597425105224	Control	ENSG00000108588	0.9347610794751176	-0.08816877123929956	FALSE	1	CCDC47	CCDC47
ENSG00000007171	44	7	37	0.4702854006471784	0.6468185194355038	0.2742015350334241	0.37261698440207974	AD	ENSG00000007171	0.9343897004208963	-0.15970942885656836	FALSE	1	NOS2	NOS2
ENSG00000184007	13	2	11	0.11839148876173328	0.47660311958405543	0.10497647932656598	0.3716266402574895	AD	ENSG00000184007	0.9337707353305273	0.1960916140215776	FALSE	1	PTP4A2	PTP4A2
ENSG00000197892	13	2	11	0.11839148876173328	0.47660311958405543	0.10497647932656598	0.3716266402574895	AD	ENSG00000197892	0.9337707353305273	0.2429460842832167	FALSE	1	KIF13B	KIF13B
ENSG00000119714	13	2	11	0.11839148876173328	0.47660311958405543	0.10497647932656598	0.3716266402574895	AD	ENSG00000119714	0.9337707353305273	-0.20012991772081357	FALSE	1	GPR68	GPR68
ENSG00000120738	13	2	11	0.11839148876173328	0.47660311958405543	0.10497647932656598	0.3716266402574895	AD	ENSG00000120738	0.9337707353305273	-0.45761937802971886	FALSE	1	EGR1	EGR1
ENSG00000091542	4	61	-57	-0.8019464346309692	0.2896756622926467	0.660807130477841	-0.3711314681851943	Control	ENSG00000091542	0.9331517702401585	-0.07202479840309906	FALSE	1	ALKBH5	ALKBH5
ENSG00000129450	2	32	-30	-0.4365181415191608	0.18209952958653133	0.5529834117355781	-0.3708838821490468	Control	ENSG00000129450	0.9325328051497895	0.10692119410878752	FALSE	1	SIGLEC9	SIGLEC9
ENSG00000172936	2	32	-30	-0.4365181415191608	0.18209952958653133	0.5529834117355781	-0.3708838821490468	Control	ENSG00000172936	0.9325328051497895	0.04663417439633921	FALSE	1	MYD88	MYD88
ENSG00000175416	2	32	-30	-0.4365181415191608	0.18209952958653133	0.5529834117355781	-0.3708838821490468	Control	ENSG00000175416	0.9325328051497895	-0.06162396168007511	FALSE	1	CLTB	CLTB
ENSG00000142583	2	32	-30	-0.4365181415191608	0.18209952958653133	0.5529834117355781	-0.3708838821490468	Control	ENSG00000142583	0.9325328051497895	-0.0121227073946315	FALSE	1	SLC2A5	SLC2A5
ENSG00000067955	36	6	30	0.37554473206263544	0.6192126764050507	0.25043327556325823	0.3687794008417925	AD	ENSG00000067955	0.9319138400594207	0.17559301550715212	FALSE	1	CBFB	CBFB
ENSG00000146476	29	5	24	0.2943384447044558	0.5914830403565239	0.22295122555087893	0.36853181480564495	AD	ENSG00000146476	0.9316662540232731	-0.13569076573647898	FALSE	1	ARMT1	ARMT1
ENSG00000148834	105	13	92	1.2146763680971584	0.7462243129487497	0.37880663530576875	0.36741767764298094	AD	ENSG00000148834	0.9314186679871256	-0.1512662738400099	FALSE	1	GSTO1	GSTO1
ENSG00000204843	14	236	-222	-3.035119336980909	0.4860113889576628	0.852191136419906	-0.3661797474622432	Control	ENSG00000204843	0.931171081950978	-0.12527945596189485	FALSE	1	DCTN1	DCTN1
ENSG00000182621	78	11	67	0.8763168374380765	0.7166377816291161	0.35070562020302054	0.3659321614260955	AD	ENSG00000182621	0.9309234959148304	-0.20987896452562005	FALSE	1	PLCB1	PLCB1
ENSG00000116299	145	16	129	1.7154484734725994	0.7829908393166626	0.41718247090864075	0.36580836840802183	AD	ENSG00000116299	0.9306759098786829	-0.13000970130872955	FALSE	1	ELAPOR1	ELAPOR1
ENSG00000102172	35	6	29	0.3620103508362722	0.6147561277543947	0.25043327556325823	0.36432285219113647	AD	ENSG00000102172	0.9304283238425353	-0.17136146820226017	FALSE	1	SMS	SMS
ENSG00000086730	1	18	-17	-0.2605711855764383	0.07279029462738301	0.4371131468185194	-0.3643228521911364	Control	ENSG00000086730	0.9298093587521664	0.22417067040865304	FALSE	1	LAT2	LAT2
ENSG00000232931	1	18	-17	-0.2605711855764383	0.07279029462738301	0.4371131468185194	-0.3643228521911364	Control	ENSG00000232931	0.9298093587521664	0.15181715001057228	FALSE	1	LINC00342	LINC00342
ENSG00000206573	1	18	-17	-0.2605711855764383	0.07279029462738301	0.4371131468185194	-0.3643228521911364	Control	ENSG00000206573	0.9298093587521664	0.11236945767770123	FALSE	1	THUMPD3-AS1	THUMPD3-AS1
ENSG00000230637	1	18	-17	-0.2605711855764383	0.07279029462738301	0.4371131468185194	-0.3643228521911364	Control	ENSG00000230637	0.9298093587521664	0.03105585157946633	FALSE	1	NA	ENSG00000230637
ENSG00000281383	6	92	-86	-1.194443490195504	0.35528596187175043	0.7191136419905917	-0.36382768011884126	Control	ENSG00000281383	0.9291903936617975	0.1089310844495055	FALSE	1	NA	ENSG00000281383
ENSG00000166348	8	1	7	0.06425396385628021	0.4022035157217133	0.03986135181975736	0.3623421639019559	AD	ENSG00000166348	0.9280762564991335	0.2106761528293486	FALSE	1	USP54	USP54
ENSG00000141433	8	1	7	0.06425396385628021	0.4022035157217133	0.03986135181975736	0.3623421639019559	AD	ENSG00000141433	0.9280762564991335	-0.5556921488169735	TRUE	2	ADCYAP1	ADCYAP1
ENSG00000115183	8	1	7	0.06425396385628021	0.4022035157217133	0.03986135181975736	0.3623421639019559	AD	ENSG00000115183	0.9280762564991335	0.12731954101136012	FALSE	2	TANC1	TANC1
ENSG00000242485	8	1	7	0.06425396385628021	0.4022035157217133	0.03986135181975736	0.3623421639019559	AD	ENSG00000242485	0.9280762564991335	-0.10022467607786469	FALSE	2	MRPL20	MRPL20
ENSG00000181090	8	1	7	0.06425396385628021	0.4022035157217133	0.03986135181975736	0.3623421639019559	AD	ENSG00000181090	0.9280762564991335	0.1083230880236652	FALSE	2	EHMT1	EHMT1
ENSG00000100567	8	1	7	0.06425396385628021	0.4022035157217133	0.03986135181975736	0.3623421639019559	AD	ENSG00000100567	0.9280762564991335	-0.1613751797327243	FALSE	2	PSMA3	PSMA3
ENSG00000183527	8	1	7	0.06425396385628021	0.4022035157217133	0.03986135181975736	0.3623421639019559	AD	ENSG00000183527	0.9280762564991335	-0.18448647476811345	FALSE	2	PSMG1	PSMG1
ENSG00000141985	8	1	7	0.06425396385628021	0.4022035157217133	0.03986135181975736	0.3623421639019559	AD	ENSG00000141985	0.9280762564991335	0.02922850473916227	FALSE	2	SH3GL1	SH3GL1
ENSG00000172465	75	11	64	0.8357136937589867	0.7126764050507551	0.35070562020302054	0.3619707848477346	AD	ENSG00000172465	0.9269621193364694	-0.13698756486416208	FALSE	2	TCEAL1	TCEAL1
ENSG00000170540	17	3	14	0.1589946324408231	0.5127506808615994	0.15139886110423373	0.3613518197573656	AD	ENSG00000170540	0.9267145333003218	-0.14367022115286865	FALSE	2	ARL6IP1	ARL6IP1
ENSG00000071054	34	6	28	0.3484759696099089	0.6109185441941074	0.25043327556325823	0.3604852686308492	AD	ENSG00000071054	0.9264669472641743	0.4143143373517155	FALSE	2	MAP4K4	MAP4K4
ENSG00000039523	3	43	-40	-0.5718619537827936	0.2442436246595692	0.6043575142361971	-0.36011388957662793	Control	ENSG00000039523	0.9262193612280267	-0.04181178646540395	FALSE	2	RIPOR1	RIPOR1
ENSG00000120437	22	4	18	0.2131321573462762	0.5505075513741025	0.19076504085169596	0.35974251052240647	AD	ENSG00000120437	0.9259717751918792	-0.16436118370584296	FALSE	2	ACAT2	ACAT2
ENSG00000015676	8	122	-114	-1.5734061645336757	0.4022035157217133	0.7616984402079723	-0.35949492448625897	Control	ENSG00000015676	0.9256003961376579	-0.08152535543424655	FALSE	2	NUDCD3	NUDCD3
ENSG00000063854	5	71	-66	-0.9237558656682386	0.3247090864075266	0.6842040108937856	-0.35949492448625897	Control	ENSG00000063854	0.9256003961376579	-0.11250599424110064	FALSE	2	HAGH	HAGH
ENSG00000136810	27	5	22	0.26726968225172926	0.5817033919286952	0.22295122555087893	0.3587521663778163	AD	ENSG00000136810	0.9252290170834365	-0.18211830702045972	FALSE	2	TXN	TXN
ENSG00000275004	39	7	32	0.402613494515362	0.632087150284724	0.2742015350334241	0.35788561525129986	AD	ENSG00000275004	0.9249814310472889	-0.10038713861530456	FALSE	2	ZNF280B	ZNF280B
ENSG00000278996	2	30	-28	-0.4094493790664343	0.18209952958653133	0.5396137657836098	-0.35751423619707845	Control	ENSG00000278996	0.9247338450111414	0.11948101890581107	FALSE	2	NA	ENSG00000278996
ENSG00000185811	1	17	-16	-0.24703680435007505	0.07279029462738301	0.42696211933646944	-0.3541718247090864	Control	ENSG00000185811	0.9236197078484774	0.22378797814575435	FALSE	2	IKZF1	IKZF1
ENSG00000198301	1	17	-16	-0.24703680435007505	0.07279029462738301	0.42696211933646944	-0.3541718247090864	Control	ENSG00000198301	0.9236197078484774	-0.1115120974664503	FALSE	2	SDAD1	SDAD1
ENSG00000287771	1	17	-16	-0.24703680435007505	0.07279029462738301	0.42696211933646944	-0.3541718247090864	Control	ENSG00000287771	0.9236197078484774	0.12348106641678024	FALSE	2	NA	ENSG00000287771
ENSG00000169504	1	17	-16	-0.24703680435007505	0.07279029462738301	0.42696211933646944	-0.3541718247090864	Control	ENSG00000169504	0.9236197078484774	0.00558594166052905	FALSE	2	CLIC4	CLIC4
ENSG00000114857	1	17	-16	-0.24703680435007505	0.07279029462738301	0.42696211933646944	-0.3541718247090864	Control	ENSG00000114857	0.9236197078484774	0.14554553008944282	FALSE	2	NKTR	NKTR
ENSG00000141759	1	17	-16	-0.24703680435007505	0.07279029462738301	0.42696211933646944	-0.3541718247090864	Control	ENSG00000141759	0.9236197078484774	-0.11690279850448526	FALSE	2	TXNL4A	TXNL4A
ENSG00000271287	1	17	-16	-0.24703680435007505	0.07279029462738301	0.42696211933646944	-0.3541718247090864	Control	ENSG00000271287	0.9236197078484774	0.13643177897765346	FALSE	2	BCRP9	BCRP9
ENSG00000197951	1	17	-16	-0.24703680435007505	0.07279029462738301	0.42696211933646944	-0.3541718247090864	Control	ENSG00000197951	0.9236197078484774	0.04310254600961727	FALSE	2	ZNF71	ZNF71
ENSG00000166793	38	7	31	0.38907911328899875	0.6278781876702154	0.2742015350334241	0.3536766526367913	AD	ENSG00000166793	0.9225055706858133	-0.20637983907416313	FALSE	2	YPEL4	YPEL4
ENSG00000176171	16	3	13	0.14546025121445982	0.5049517207229512	0.15139886110423373	0.3535528596187175	AD	ENSG00000176171	0.9221341916315919	-0.16855264970806338	FALSE	2	BNIP3	BNIP3
ENSG00000143761	16	3	13	0.14546025121445982	0.5049517207229512	0.15139886110423373	0.3535528596187175	AD	ENSG00000143761	0.9221341916315919	-0.17986556083680227	FALSE	2	ARF1	ARF1
ENSG00000152128	26	5	21	0.253735301025366	0.5757613270611538	0.22295122555087893	0.35281010151027486	AD	ENSG00000152128	0.9217628125773706	-0.1790028627276392	FALSE	2	TMEM163	TMEM163
ENSG00000128594	4	54	-50	-0.7072057660464263	0.2896756622926467	0.6423619707848477	-0.352686308492201	Control	ENSG00000128594	0.9215152265412231	-0.02974266779590806	FALSE	2	LRRC4	LRRC4
ENSG00000184368	78	12	66	0.8627824562117133	0.7166377816291161	0.365684575389948	0.35095320623916804	AD	ENSG00000184368	0.9212676405050755	-0.14206875913378525	FALSE	2	MAP7D2	MAP7D2
ENSG00000108684	52	9	43	0.5514916880053581	0.6666254023273087	0.3161673681604357	0.350458034166873	AD	ENSG00000108684	0.921020054468928	-0.08978212412426956	FALSE	2	ASIC2	ASIC2
ENSG00000123064	2	29	-27	-0.39591499784007106	0.18209952958653133	0.5324337707353305	-0.3503342411487992	Control	ENSG00000123064	0.9205248823966329	-0.11011715141502164	FALSE	2	DDX54	DDX54
ENSG00000005810	2	29	-27	-0.39591499784007106	0.18209952958653133	0.5324337707353305	-0.3503342411487992	Control	ENSG00000005810	0.9205248823966329	-0.08836807102545485	FALSE	2	MYCBP2	MYCBP2
ENSG00000105355	2	29	-27	-0.39591499784007106	0.18209952958653133	0.5324337707353305	-0.3503342411487992	Control	ENSG00000105355	0.9205248823966329	0.1009532804580342	FALSE	2	PLIN3	PLIN3
ENSG00000148229	4	53	-49	-0.693671384820063	0.2896756622926467	0.6396385243872246	-0.3499628620945779	Control	ENSG00000148229	0.9200297103243377	-0.08288025453475001	FALSE	2	POLE3	POLE3
ENSG00000185272	237	24	213	2.8523364964871143	0.8466204506065858	0.4969051745481554	0.3497152760584303	AD	ENSG00000185272	0.9197821242881902	-0.17787833999922142	FALSE	2	RBM11	RBM11
ENSG00000129422	31	6	25	0.3078728259308191	0.6000247586036147	0.25043327556325823	0.3495914830403565	AD	ENSG00000129422	0.9194107452339688	0.1656090180539742	FALSE	2	MTUS1	MTUS1
ENSG00000144895	31	6	25	0.3078728259308191	0.6000247586036147	0.25043327556325823	0.3495914830403565	AD	ENSG00000144895	0.9194107452339688	-0.13258986728833122	FALSE	2	EIF2A	EIF2A
ENSG00000011114	59	10	49	0.6326979753635377	0.6835850458034167	0.33473632087150285	0.3488487249319139	AD	ENSG00000011114	0.9190393661797475	0.17459820523728098	FALSE	2	BTBD7	BTBD7
ENSG00000152092	3	40	-37	-0.5312588101037037	0.2442436246595692	0.5921020054468928	-0.3478583807873237	Control	ENSG00000152092	0.9187917801435999	-0.1817030779845243	FALSE	2	ASTN1	ASTN1
ENSG00000152689	11	2	9	0.09132272630900674	0.45233968804159447	0.10497647932656598	0.34736320871502846	AD	ENSG00000152689	0.918172815053231	0.39880289070997144	FALSE	2	RASGRP3	RASGRP3
ENSG00000171735	11	2	9	0.09132272630900674	0.45233968804159447	0.10497647932656598	0.34736320871502846	AD	ENSG00000171735	0.918172815053231	-0.11105998726025136	FALSE	2	CAMTA1	CAMTA1
ENSG00000196878	11	2	9	0.09132272630900674	0.45233968804159447	0.10497647932656598	0.34736320871502846	AD	ENSG00000196878	0.918172815053231	-0.12056860651272316	FALSE	2	LAMB3	LAMB3
ENSG00000203879	11	2	9	0.09132272630900674	0.45233968804159447	0.10497647932656598	0.34736320871502846	AD	ENSG00000203879	0.918172815053231	-0.17502607096836795	FALSE	2	GDI1	GDI1
ENSG00000128309	58	10	48	0.6191635941371744	0.6818519435503838	0.33473632087150285	0.34711562267888096	AD	ENSG00000128309	0.917553849962862	0.21270890482302465	FALSE	2	MPST	MPST
ENSG00000104660	15	3	12	0.13192586998809655	0.4961624164397128	0.15139886110423373	0.3447635553354791	AD	ENSG00000104660	0.9169348848724932	-0.10995324209351054	FALSE	2	LEPROTL1	LEPROTL1
ENSG00000134056	15	3	12	0.13192586998809655	0.4961624164397128	0.15139886110423373	0.3447635553354791	AD	ENSG00000134056	0.9169348848724932	-0.14084115831295918	FALSE	2	KGD4	KGD4
ENSG00000173113	15	3	12	0.13192586998809655	0.4961624164397128	0.15139886110423373	0.3447635553354791	AD	ENSG00000173113	0.9169348848724932	-0.06208240899809958	FALSE	2	TRMT112	TRMT112
ENSG00000087191	15	3	12	0.13192586998809655	0.4961624164397128	0.15139886110423373	0.3447635553354791	AD	ENSG00000087191	0.9169348848724932	-0.02675629180865613	FALSE	2	PSMC5	PSMC5
ENSG00000069702	4	51	-47	-0.6666026223673365	0.2896756622926467	0.6340678385739045	-0.3443921762812578	Control	ENSG00000069702	0.9163159197821242	0.14350121885648726	FALSE	2	TGFBR3	TGFBR3
ENSG00000026036	1	16	-15	-0.23350242312371175	0.07279029462738301	0.41718247090864075	-0.34439217628125773	Control	ENSG00000026036	0.9154493686556078	0.07196497390853107	FALSE	2	RTEL1-TNFRSF6B	RTEL1-TNFRSF6B
ENSG00000100220	1	16	-15	-0.23350242312371175	0.07279029462738301	0.41718247090864075	-0.34439217628125773	Control	ENSG00000100220	0.9154493686556078	-0.0832982271106033	FALSE	2	RTCB	RTCB
ENSG00000115694	1	16	-15	-0.23350242312371175	0.07279029462738301	0.41718247090864075	-0.34439217628125773	Control	ENSG00000115694	0.9154493686556078	-0.05360186418442581	FALSE	2	STK25	STK25
ENSG00000147027	1	16	-15	-0.23350242312371175	0.07279029462738301	0.41718247090864075	-0.34439217628125773	Control	ENSG00000147027	0.9154493686556078	0.05428706120455473	FALSE	2	TMEM47	TMEM47
ENSG00000241749	1	16	-15	-0.23350242312371175	0.07279029462738301	0.41718247090864075	-0.34439217628125773	Control	ENSG00000241749	0.9154493686556078	-0.0347726218424389	FALSE	2	RPSAP52	RPSAP52
ENSG00000074695	1	16	-15	-0.23350242312371175	0.07279029462738301	0.41718247090864075	-0.34439217628125773	Control	ENSG00000074695	0.9154493686556078	0.00563773368776487	FALSE	2	LMAN1	LMAN1
ENSG00000164880	5	65	-60	-0.8425495783100589	0.3247090864075266	0.668729883634563	-0.3440207972270364	Control	ENSG00000164880	0.9143352314929438	-0.07442678799687208	FALSE	2	INTS1	INTS1
ENSG00000170382	5	65	-60	-0.8425495783100589	0.3247090864075266	0.668729883634563	-0.3440207972270364	Control	ENSG00000170382	0.9143352314929438	-0.02344387603169906	FALSE	2	LRRN2	LRRN2
ENSG00000117153	6	79	-73	-1.0184965342527814	0.35528596187175043	0.6993067590987868	-0.3440207972270364	Control	ENSG00000117153	0.9143352314929438	-0.08695508305502742	FALSE	2	KLHL12	KLHL12
ENSG00000099995	2	28	-26	-0.38238061661370776	0.18209952958653133	0.5251299826689775	-0.3430304530824462	Control	ENSG00000099995	0.9138400594206487	-0.08295509938089474	FALSE	2	SF3A1	SF3A1
ENSG00000077549	7	1	6	0.05071958262991694	0.3815300817033919	0.03986135181975736	0.34166872988363456	AD	ENSG00000077549	0.9126021292399109	-0.12350942791171882	FALSE	2	CAPZB	CAPZB
ENSG00000243970	7	1	6	0.05071958262991694	0.3815300817033919	0.03986135181975736	0.34166872988363456	AD	ENSG00000243970	0.9126021292399109	0.13569131639181364	FALSE	2	PPIEL	PPIEL
ENSG00000079805	7	1	6	0.05071958262991694	0.3815300817033919	0.03986135181975736	0.34166872988363456	AD	ENSG00000079805	0.9126021292399109	0.09683374752349394	FALSE	2	DNM2	DNM2
ENSG00000106591	7	1	6	0.05071958262991694	0.3815300817033919	0.03986135181975736	0.34166872988363456	AD	ENSG00000106591	0.9126021292399109	-0.18095026748544463	FALSE	2	MRPL32	MRPL32
ENSG00000074416	7	1	6	0.05071958262991694	0.3815300817033919	0.03986135181975736	0.34166872988363456	AD	ENSG00000074416	0.9126021292399109	0.02322043898318249	FALSE	2	MGLL	MGLL
ENSG00000176533	7	1	6	0.05071958262991694	0.3815300817033919	0.03986135181975736	0.34166872988363456	AD	ENSG00000176533	0.9126021292399109	0.06181806492156383	FALSE	2	GNG7	GNG7
ENSG00000180828	7	1	6	0.05071958262991694	0.3815300817033919	0.03986135181975736	0.34166872988363456	AD	ENSG00000180828	0.9126021292399109	-0.17809333004457706	FALSE	2	BHLHE22	BHLHE22
ENSG00000062282	7	1	6	0.05071958262991694	0.3815300817033919	0.03986135181975736	0.34166872988363456	AD	ENSG00000062282	0.9126021292399109	-0.14168930790903556	FALSE	2	DGAT2	DGAT2
ENSG00000092871	7	1	6	0.05071958262991694	0.3815300817033919	0.03986135181975736	0.34166872988363456	AD	ENSG00000092871	0.9126021292399109	0.18135289077908645	FALSE	2	RFFL	RFFL
ENSG00000152214	137	18	119	1.5801046612089666	0.7782867046298588	0.4371131468185194	0.3411735578113394	AD	ENSG00000152214	0.9113641990591731	-0.21235319565400343	FALSE	2	RIT2	RIT2
ENSG00000164542	29	6	23	0.28080406347809256	0.5914830403565239	0.25043327556325823	0.34104976479326565	AD	ENSG00000164542	0.9111166130230255	-0.1456704193299796	FALSE	2	MATCAP2	MATCAP2
ENSG00000067182	4	50	-46	-0.6530682411409732	0.2896756622926467	0.630354048031691	-0.34067838573904435	Control	ENSG00000067182	0.9107452339688041	0.0409374796981794	FALSE	2	TNFRSF1A	TNFRSF1A
ENSG00000136002	4	50	-46	-0.6530682411409732	0.2896756622926467	0.630354048031691	-0.34067838573904435	Control	ENSG00000136002	0.9107452339688041	0.01141986858011812	FALSE	2	ARHGEF4	ARHGEF4
ENSG00000148572	8	108	-100	-1.38392482736459	0.4022035157217133	0.74263431542461	-0.3404307997028967	Control	ENSG00000148572	0.9103738549145828	-0.0869282791881032	FALSE	2	NRBF2	NRBF2
ENSG00000091656	91	14	77	1.011660649701709	0.7332260460510027	0.3932904184204011	0.33993562763060164	AD	ENSG00000091656	0.9101262688784353	0.17241753214130107	FALSE	2	ZFHX4	ZFHX4
ENSG00000274118	2	27	-25	-0.3688462353873445	0.18209952958653133	0.5183213666749196	-0.33622183708838826	Control	ENSG00000274118	0.9097548898242139	0.49933475695721175	FALSE	2	NA	ENSG00000274118
ENSG00000178719	2	27	-25	-0.3688462353873445	0.18209952958653133	0.5183213666749196	-0.33622183708838826	Control	ENSG00000178719	0.9097548898242139	-0.1421641928471011	FALSE	2	GRINA	GRINA
ENSG00000164889	14	3	11	0.11839148876173328	0.4860113889576628	0.15139886110423373	0.33461252785342904	AD	ENSG00000164889	0.9093835107699926	0.2111645627891701	FALSE	2	SLC4A2	SLC4A2
ENSG00000166685	53	10	43	0.5514916880053581	0.6692250557068581	0.33473632087150285	0.33448873483535524	AD	ENSG00000166685	0.909135924733845	-0.20546310672601287	FALSE	2	COG1	COG1
ENSG00000204498	1	15	-14	-0.21996804189734853	0.07279029462738301	0.4067838573904432	-0.3339935627630602	Control	ENSG00000204498	0.9078979945531072	-0.06455200127515504	FALSE	2	NFKBIL1	NFKBIL1
ENSG00000198915	1	15	-14	-0.21996804189734853	0.07279029462738301	0.4067838573904432	-0.3339935627630602	Control	ENSG00000198915	0.9078979945531072	-0.0158219293112527	FALSE	2	RASGEF1A	RASGEF1A
ENSG00000180155	1	15	-14	-0.21996804189734853	0.07279029462738301	0.4067838573904432	-0.3339935627630602	Control	ENSG00000180155	0.9078979945531072	-0.12203561864562928	FALSE	2	LYNX1	LYNX1
ENSG00000167394	1	15	-14	-0.21996804189734853	0.07279029462738301	0.4067838573904432	-0.3339935627630602	Control	ENSG00000167394	0.9078979945531072	-0.0332336982635768	FALSE	2	ZNF668	ZNF668
ENSG00000125863	1	15	-14	-0.21996804189734853	0.07279029462738301	0.4067838573904432	-0.3339935627630602	Control	ENSG00000125863	0.9078979945531072	-0.05857229218826809	FALSE	2	MKKS	MKKS
ENSG00000100280	1	15	-14	-0.21996804189734853	0.07279029462738301	0.4067838573904432	-0.3339935627630602	Control	ENSG00000100280	0.9078979945531072	-0.08987336733888718	FALSE	2	AP1B1	AP1B1
ENSG00000244560	1	15	-14	-0.21996804189734853	0.07279029462738301	0.4067838573904432	-0.3339935627630602	Control	ENSG00000244560	0.9078979945531072	-0.09695261557415868	FALSE	2	NA	ENSG00000244560
ENSG00000072958	1	15	-14	-0.21996804189734853	0.07279029462738301	0.4067838573904432	-0.3339935627630602	Control	ENSG00000072958	0.9078979945531072	-0.10867639261612004	FALSE	2	AP1M1	AP1M1
ENSG00000178921	1	15	-14	-0.21996804189734853	0.07279029462738301	0.4067838573904432	-0.3339935627630602	Control	ENSG00000178921	0.9078979945531072	-0.1932181318584565	FALSE	2	PFAS	PFAS
ENSG00000166233	4	48	-44	-0.6259994786882467	0.2896756622926467	0.6234216390195593	-0.3337459767269126	Control	ENSG00000166233	0.9066600643723693	-0.07800437218874201	FALSE	2	ARIH1	ARIH1
ENSG00000184481	23	5	18	0.2131321573462762	0.5565734092597178	0.22295122555087893	0.33362218370883884	AD	ENSG00000184481	0.9064124783362218	0.3663498233802951	FALSE	2	FOXO4	FOXO4
ENSG00000106605	9	115	-106	-1.4651311147227697	0.4207724684327804	0.7542708591235454	-0.33349839069076503	Control	ENSG00000106605	0.9061648923000742	-0.15795306285322397	FALSE	2	BLVRA	BLVRA
ENSG00000250510	10	2	8	0.07778834508264348	0.437360732854667	0.10497647932656598	0.33238425352810097	AD	ENSG00000250510	0.9057935132458529	-0.08717664756252219	FALSE	2	GPR162	GPR162
ENSG00000171817	10	2	8	0.07778834508264348	0.437360732854667	0.10497647932656598	0.33238425352810097	AD	ENSG00000171817	0.9057935132458529	-0.06742637575734634	FALSE	2	ZNF540	ZNF540
ENSG00000107104	180	22	158	2.1079455290371345	0.8076256499133448	0.47623174052983414	0.3313939093835107	AD	ENSG00000107104	0.9054221341916316	0.20333569989970535	FALSE	2	KANK1	KANK1
ENSG00000138768	5	59	-54	-0.7613432909518794	0.3247090864075266	0.6558554097548899	-0.33114632334736327	Control	ENSG00000138768	0.9050507551374103	-0.13975735443070114	FALSE	2	USO1	USO1
ENSG00000183255	3	36	-33	-0.47712128519825064	0.2442436246595692	0.5753899480069324	-0.33114632334736327	Control	ENSG00000183255	0.9050507551374103	0.14264914325454292	FALSE	2	PTTG1IP	PTTG1IP
ENSG00000029534	4	47	-43	-0.6124650974618834	0.2896756622926467	0.620203020549641	-0.33052735825699436	Control	ENSG00000029534	0.9046793760831889	-0.09240431240288773	FALSE	2	ANK1	ANK1
ENSG00000011600	2	26	-24	-0.35531185416098127	0.18209952958653133	0.5118841297350829	-0.3297846001485516	Control	ENSG00000011600	0.9044317900470413	0.103692343274564	FALSE	2	TYROBP	TYROBP
ENSG00000133606	15	198	-183	-2.5072784691527414	0.4961624164397128	0.8255756375340431	-0.32941322109433024	Control	ENSG00000133606	0.9041842040108938	-0.05802797067158494	FALSE	2	MKRN1	MKRN1
ENSG00000135454	32	7	25	0.3078728259308191	0.6033671700916068	0.2742015350334241	0.3291656350581827	AD	ENSG00000135454	0.9039366179747462	-0.09759983625042068	FALSE	2	B4GALNT1	B4GALNT1
ENSG00000242265	105	16	89	1.1740732244180685	0.7462243129487497	0.41718247090864075	0.32904184204010894	AD	ENSG00000242265	0.9036890319385986	-0.16383352091107284	FALSE	2	PEG10	PEG10
ENSG00000144647	12	159	-147	-2.0200407450036635	0.46595692002971034	0.7937608318890814	-0.3278039118593711	Control	ENSG00000144647	0.9034414459024511	-0.07329846981209265	FALSE	2	POMGNT2	POMGNT2
ENSG00000006210	8	98	-90	-1.248581015100957	0.4022035157217133	0.7285219113641991	-0.32631839564248577	Control	ENSG00000006210	0.9031938598663035	-0.14053187994545624	FALSE	2	CX3CL1	CX3CL1
ENSG00000006128	26	6	20	0.2402009197990027	0.5757613270611538	0.25043327556325823	0.32532805149789557	AD	ENSG00000006128	0.902946273830156	-0.6406842276008691	TRUE	3	TAC1	TAC1
ENSG00000102468	90	15	75	0.9845918872489828	0.7316167368160436	0.4067838573904432	0.32483287942560035	AD	ENSG00000102468	0.9026986877940084	-0.18548921125707807	FALSE	3	HTR2A	HTR2A
ENSG00000141698	3	35	-32	-0.46358690397188734	0.2442436246595692	0.5685813320128744	-0.32433770735330525	Control	ENSG00000141698	0.9024511017578608	-0.1098944351877602	FALSE	3	NT5C3B	NT5C3B
ENSG00000163565	2	25	-23	-0.34177747293461797	0.18209952958653133	0.505694478831394	-0.32359494924486265	Control	ENSG00000163565	0.901832136667492	0.3119277514136396	FALSE	3	IFI16	IFI16
ENSG00000112333	2	25	-23	-0.34177747293461797	0.18209952958653133	0.505694478831394	-0.32359494924486265	Control	ENSG00000112333	0.901832136667492	0.08312907286942384	FALSE	3	NR2E1	NR2E1
ENSG00000138448	2	25	-23	-0.34177747293461797	0.18209952958653133	0.505694478831394	-0.32359494924486265	Control	ENSG00000138448	0.901832136667492	-0.04805606107546545	FALSE	3	ITGAV	ITGAV
ENSG00000110077	2	25	-23	-0.34177747293461797	0.18209952958653133	0.505694478831394	-0.32359494924486265	Control	ENSG00000110077	0.901832136667492	0.27465667967328233	FALSE	3	MS4A6A	MS4A6A
ENSG00000113597	48	10	38	0.4838197818735417	0.6574647189898489	0.33473632087150285	0.3227283981183461	AD	ENSG00000113597	0.901213171577123	-0.1340068568046373	FALSE	3	TRAPPC13	TRAPPC13
ENSG00000155366	1	14	-13	-0.2064336606709853	0.07279029462738301	0.3932904184204011	-0.32050012379301807	Control	ENSG00000155366	0.8999752413963853	0.1332536294067097	FALSE	3	RHOC	RHOC
ENSG00000198925	1	14	-13	-0.2064336606709853	0.07279029462738301	0.3932904184204011	-0.32050012379301807	Control	ENSG00000198925	0.8999752413963853	-0.1566688154053093	FALSE	3	ATG9A	ATG9A
ENSG00000280222	1	14	-13	-0.2064336606709853	0.07279029462738301	0.3932904184204011	-0.32050012379301807	Control	ENSG00000280222	0.8999752413963853	0.37444755734361834	FALSE	3	NA	ENSG00000280222
ENSG00000181804	1	14	-13	-0.2064336606709853	0.07279029462738301	0.3932904184204011	-0.32050012379301807	Control	ENSG00000181804	0.8999752413963853	0.09093756321513524	FALSE	3	SLC9A9	SLC9A9
ENSG00000108298	1	14	-13	-0.2064336606709853	0.07279029462738301	0.3932904184204011	-0.32050012379301807	Control	ENSG00000108298	0.8999752413963853	0.01136477670714342	FALSE	3	RPL19	RPL19
ENSG00000185432	1	14	-13	-0.2064336606709853	0.07279029462738301	0.3932904184204011	-0.32050012379301807	Control	ENSG00000185432	0.8999752413963853	0.10369828848376096	FALSE	3	TMT1A	TMT1A
ENSG00000167553	1	14	-13	-0.2064336606709853	0.07279029462738301	0.3932904184204011	-0.32050012379301807	Control	ENSG00000167553	0.8999752413963853	0.11507956574487466	FALSE	3	TUBA1C	TUBA1C
ENSG00000015285	1	14	-13	-0.2064336606709853	0.07279029462738301	0.3932904184204011	-0.32050012379301807	Control	ENSG00000015285	0.8999752413963853	0.06973090431558404	FALSE	3	WAS	WAS
ENSG00000105662	1	14	-13	-0.2064336606709853	0.07279029462738301	0.3932904184204011	-0.32050012379301807	Control	ENSG00000105662	0.8999752413963853	-0.11273379079926649	FALSE	3	CRTC1	CRTC1
ENSG00000186187	9	107	-98	-1.3568560649118633	0.4207724684327804	0.7411487992077247	-0.3203763307749443	Control	ENSG00000186187	0.8987373112156475	-0.04982595489543051	FALSE	3	ZNRF1	ZNRF1
ENSG00000145945	6	68	-62	-0.8696183407627855	0.35528596187175043	0.6754147066105471	-0.3201287447387967	Control	ENSG00000145945	0.8984897251794999	-0.22221885542367836	FALSE	3	FAM50B	FAM50B
ENSG00000174238	10	118	-108	-1.492199877175496	0.437360732854667	0.7568705125030948	-0.3195097796484278	Control	ENSG00000174238	0.8982421391433523	-0.12462959607437084	FALSE	3	PITPNA	PITPNA
ENSG00000187555	3	34	-31	-0.4500525227455241	0.2442436246595692	0.5628868531814806	-0.3186432285219114	Control	ENSG00000187555	0.8979945531072048	-0.05119325373737204	FALSE	3	USP7	USP7
ENSG00000143226	5	54	-49	-0.693671384820063	0.3247090864075266	0.6423619707848477	-0.3176528843773211	Control	ENSG00000143226	0.8977469670710572	0.12907913135278992	FALSE	3	FCGR2A	FCGR2A
ENSG00000108018	34	8	26	0.32140720715718235	0.6109185441941074	0.2948749690517455	0.3160435751423619	AD	ENSG00000108018	0.8974993810349097	-0.20064972226601263	FALSE	3	SORCS1	SORCS1
ENSG00000121957	39	9	30	0.37554473206263544	0.632087150284724	0.3161673681604357	0.31591978212428823	AD	ENSG00000121957	0.8972517949987621	0.19116825837384255	FALSE	3	GPSM2	GPSM2
ENSG00000196814	9	2	7	0.06425396385628021	0.4207724684327804	0.10497647932656598	0.3157959891062144	AD	ENSG00000196814	0.896756622926467	0.12274445579628512	FALSE	3	MVB12B	MVB12B
ENSG00000116353	9	2	7	0.06425396385628021	0.4207724684327804	0.10497647932656598	0.3157959891062144	AD	ENSG00000116353	0.896756622926467	-0.17758536130268965	FALSE	3	MECR	MECR
ENSG00000184014	9	2	7	0.06425396385628021	0.4207724684327804	0.10497647932656598	0.3157959891062144	AD	ENSG00000184014	0.896756622926467	0.12590654105038013	FALSE	3	DENND5A	DENND5A
ENSG00000127837	6	1	5	0.03718520140355366	0.35528596187175043	0.03986135181975736	0.31542461005199307	AD	ENSG00000127837	0.8952711067095815	-0.09204327965952964	FALSE	3	AAMP	AAMP
ENSG00000144040	6	1	5	0.03718520140355366	0.35528596187175043	0.03986135181975736	0.31542461005199307	AD	ENSG00000144040	0.8952711067095815	0.13566835712503078	FALSE	3	SFXN5	SFXN5
ENSG00000168874	6	1	5	0.03718520140355366	0.35528596187175043	0.03986135181975736	0.31542461005199307	AD	ENSG00000168874	0.8952711067095815	0.3158040544169438	FALSE	3	ATOH8	ATOH8
ENSG00000111817	6	1	5	0.03718520140355366	0.35528596187175043	0.03986135181975736	0.31542461005199307	AD	ENSG00000111817	0.8952711067095815	0.31335054179076405	FALSE	3	DSE	DSE
ENSG00000167702	6	1	5	0.03718520140355366	0.35528596187175043	0.03986135181975736	0.31542461005199307	AD	ENSG00000167702	0.8952711067095815	-0.089521877380637	FALSE	3	KIFC2	KIFC2
ENSG00000120729	6	1	5	0.03718520140355366	0.35528596187175043	0.03986135181975736	0.31542461005199307	AD	ENSG00000120729	0.8952711067095815	0.5064058751505138	TRUE	4	MYOT	MYOT
ENSG00000102103	6	1	5	0.03718520140355366	0.35528596187175043	0.03986135181975736	0.31542461005199307	AD	ENSG00000102103	0.8952711067095815	-0.06364106635216515	FALSE	4	PQBP1	PQBP1
ENSG00000105698	6	1	5	0.03718520140355366	0.35528596187175043	0.03986135181975736	0.31542461005199307	AD	ENSG00000105698	0.8952711067095815	0.053732518961489	FALSE	4	USF2	USF2
ENSG00000219438	6	1	5	0.03718520140355366	0.35528596187175043	0.03986135181975736	0.31542461005199307	AD	ENSG00000219438	0.8952711067095815	-0.02738823295265824	FALSE	4	TAFA5	TAFA5
ENSG00000278962	3	33	-30	-0.4365181415191608	0.2442436246595692	0.5590492696211934	-0.3148056449616242	Control	ENSG00000278962	0.8940331765288437	-0.45703130232354017	FALSE	4	NA	ENSG00000278962
ENSG00000245293	12	3	9	0.09132272630900674	0.46595692002971034	0.15139886110423373	0.3145580589254766	AD	ENSG00000245293	0.8936617974746224	0.37081824432724186	FALSE	4	CYP2U1-AS1	CYP2U1-AS1
ENSG00000113578	12	3	9	0.09132272630900674	0.46595692002971034	0.15139886110423373	0.3145580589254766	AD	ENSG00000113578	0.8936617974746224	0.19880316396508668	FALSE	4	FGF1	FGF1
ENSG00000125869	109	18	91	1.201141986870795	0.7504332755632582	0.4371131468185194	0.3133201287447388	AD	ENSG00000125869	0.8932904184204011	-0.36774821983270023	FALSE	4	LAMP5	LAMP5
ENSG00000198626	20	5	15	0.17252901366718637	0.5360237682594702	0.22295122555087893	0.31307254270859125	AD	ENSG00000198626	0.8930428323842535	-0.05094819308601117	FALSE	4	RYR2	RYR2
ENSG00000204138	28	7	21	0.253735301025366	0.5865313196335726	0.2742015350334241	0.31232978460014854	AD	ENSG00000204138	0.8926714533300322	0.12783419209708846	FALSE	4	PHACTR4	PHACTR4
ENSG00000183943	28	7	21	0.253735301025366	0.5865313196335726	0.2742015350334241	0.31232978460014854	AD	ENSG00000183943	0.8926714533300322	0.30458803613780816	FALSE	4	PRKX	PRKX
ENSG00000123684	19	217	-198	-2.7102941875481905	0.5283486011388958	0.8394404555583065	-0.3110918544194107	Control	ENSG00000123684	0.8923000742758108	-0.0922655160654262	FALSE	4	LPGAT1	LPGAT1
ENSG00000213719	3	32	-29	-0.4229837602927976	0.2442436246595692	0.5529834117355781	-0.3087397870760089	Control	ENSG00000213719	0.8920524882396633	0.11607161213881768	FALSE	4	CLIC1	CLIC1
ENSG00000280800	6	62	-56	-0.7884120534046059	0.35528596187175043	0.6634067838573905	-0.30812082198564006	Control	ENSG00000280800	0.8918049022035157	0.04957937023588954	FALSE	4	NA	ENSG00000280800
ENSG00000075151	18	201	-183	-2.5072784691527414	0.5199306759098787	0.8280514978955187	-0.30812082198563995	Control	ENSG00000075151	0.8915573161673681	-0.04080073531902784	FALSE	4	EIF4G3	EIF4G3
ENSG00000014824	22	246	-224	-3.0621880994336355	0.5505075513741025	0.8585045803416688	-0.3079970289675663	Control	ENSG00000014824	0.8913097301312206	-0.17287827332465255	FALSE	4	SLC30A9	SLC30A9
ENSG00000135837	60	13	47	0.6056292129108112	0.6849467690022283	0.37880663530576875	0.30614013369645954	AD	ENSG00000135837	0.891062144095073	0.16778766763021655	FALSE	4	CEP350	CEP350
ENSG00000213411	1	13	-12	-0.192899279444622	0.07279029462738301	0.37880663530576875	-0.30601634067838573	Control	ENSG00000213411	0.8904431790047042	0.2578136224495946	FALSE	4	RBM22P2	RBM22P2
ENSG00000183458	1	13	-12	-0.192899279444622	0.07279029462738301	0.37880663530576875	-0.30601634067838573	Control	ENSG00000183458	0.8904431790047042	-0.14204163858589514	FALSE	4	PKD1P3	PKD1P3
ENSG00000159403	1	13	-12	-0.192899279444622	0.07279029462738301	0.37880663530576875	-0.30601634067838573	Control	ENSG00000159403	0.8904431790047042	-9.729884105151854e-4	FALSE	4	C1R	C1R
ENSG00000261123	1	13	-12	-0.192899279444622	0.07279029462738301	0.37880663530576875	-0.30601634067838573	Control	ENSG00000261123	0.8904431790047042	-0.05662837849960578	FALSE	4	NA	ENSG00000261123
ENSG00000167657	5	50	-45	-0.6395338599146099	0.3247090864075266	0.630354048031691	-0.30564496162416444	Control	ENSG00000167657	0.8898242139143352	-0.06793257533737673	FALSE	4	DAPK3	DAPK3
ENSG00000003402	235	30	205	2.7440614466762083	0.8451349343897004	0.5396137657836098	0.3055211686060907	AD	ENSG00000003402	0.8895766278781877	0.14584836469813744	FALSE	4	CFLAR	CFLAR
ENSG00000009709	19	5	14	0.1589946324408231	0.5283486011388958	0.22295122555087893	0.3053973755880169	AD	ENSG00000009709	0.8893290418420401	-0.32823899683111524	FALSE	4	PAX7	PAX7
ENSG00000158014	2	23	-21	-0.3147087104818914	0.18209952958653133	0.4866303540480317	-0.30453082446150037	Control	ENSG00000158014	0.8889576627878187	-0.02887084123746164	FALSE	4	SLC30A2	SLC30A2
ENSG00000286217	2	23	-21	-0.3147087104818914	0.18209952958653133	0.4866303540480317	-0.30453082446150037	Control	ENSG00000286217	0.8889576627878187	0.09688702871234778	FALSE	4	LINC00279	LINC00279
ENSG00000070778	36	9	27	0.33494158838354565	0.6192126764050507	0.3161673681604357	0.303045308244615	AD	ENSG00000070778	0.8885862837335974	0.2106060070492344	FALSE	4	PTPN21	PTPN21
ENSG00000159692	4	40	-36	-0.5177244288773405	0.2896756622926467	0.5921020054468928	-0.30242634315424616	Control	ENSG00000159692	0.8883386976974499	-0.0802664456276787	FALSE	4	CTBP1	CTBP1
ENSG00000085644	5	49	-44	-0.6259994786882467	0.3247090864075266	0.6266402574894776	-0.301931171081951	Control	ENSG00000085644	0.8880911116613023	-0.07876837503307854	FALSE	4	ZNF213	ZNF213
ENSG00000181215	30	8	22	0.26726968225172926	0.5963109680614014	0.2948749690517455	0.3014359990096559	AD	ENSG00000181215	0.8878435256251548	-0.03621517101330518	FALSE	4	C4orf50	C4orf50
ENSG00000107882	11	3	8	0.07778834508264348	0.45233968804159447	0.15139886110423373	0.30094082693736074	AD	ENSG00000107882	0.8873483535528596	0.07719939580792712	FALSE	4	SUFU	SUFU
ENSG00000105278	11	3	8	0.07778834508264348	0.45233968804159447	0.15139886110423373	0.30094082693736074	AD	ENSG00000105278	0.8873483535528596	-0.2056515698231678	FALSE	4	ZFR2	ZFR2
ENSG00000130822	11	3	8	0.07778834508264348	0.45233968804159447	0.15139886110423373	0.30094082693736074	AD	ENSG00000130822	0.8873483535528596	-0.19909128001868837	FALSE	4	PNCK	PNCK
ENSG00000001629	72	15	57	0.7409730251744439	0.7077246843278039	0.4067838573904432	0.3009408269373607	AD	ENSG00000001629	0.8868531814805645	0.10469249525216816	FALSE	4	ANKIB1	ANKIB1
ENSG00000270953	4	39	-35	-0.5041900476509772	0.2896756622926467	0.589130973013122	-0.2994553107204753	Control	ENSG00000270953	0.886605595444417	-0.3403224530873592	FALSE	4	NA	ENSG00000270953
ENSG00000108106	12	125	-113	-1.5598717833073124	0.46595692002971034	0.7652884377321119	-0.2993315177024015	Control	ENSG00000108106	0.8863580094082694	-0.20151853331112868	FALSE	4	UBE2S	UBE2S
ENSG00000197858	5	48	-43	-0.6124650974618834	0.3247090864075266	0.6234216390195593	-0.29871255261203267	Control	ENSG00000197858	0.8861104233721218	-0.15692798586098888	FALSE	4	GPAA1	GPAA1
ENSG00000132613	51	12	39	0.49735416309990493	0.6641495419658331	0.365684575389948	0.29846496657588506	AD	ENSG00000132613	0.8858628373359743	0.5898329641402498	TRUE	5	MTSS2	MTSS2
ENSG00000172247	11	112	-101	-1.3974592085909532	0.45233968804159447	0.7504332755632582	-0.29809358752166376	Control	ENSG00000172247	0.8856152512998267	-0.4710299951888981	FALSE	5	C1QTNF4	C1QTNF4
ENSG00000136153	39	10	29	0.3620103508362722	0.632087150284724	0.33473632087150285	0.2973508294132211	AD	ENSG00000136153	0.8853676652636792	-0.1701041735398814	FALSE	5	LMO7	LMO7
ENSG00000108349	8	2	6	0.05071958262991694	0.4022035157217133	0.10497647932656598	0.29722703639514736	AD	ENSG00000108349	0.8845011141371627	0.2114702885755193	FALSE	5	CASC3	CASC3
ENSG00000243069	8	2	6	0.05071958262991694	0.4022035157217133	0.10497647932656598	0.29722703639514736	AD	ENSG00000243069	0.8845011141371627	0.23670167580180743	FALSE	5	ARHGEF26-AS1	ARHGEF26-AS1
ENSG00000114923	8	2	6	0.05071958262991694	0.4022035157217133	0.10497647932656598	0.29722703639514736	AD	ENSG00000114923	0.8845011141371627	-0.08399895982658201	FALSE	5	SLC4A3	SLC4A3
ENSG00000236859	8	2	6	0.05071958262991694	0.4022035157217133	0.10497647932656598	0.29722703639514736	AD	ENSG00000236859	0.8845011141371627	0.14195711640798248	FALSE	5	NIFK-AS1	NIFK-AS1
ENSG00000111664	8	2	6	0.05071958262991694	0.4022035157217133	0.10497647932656598	0.29722703639514736	AD	ENSG00000111664	0.8845011141371627	0.10381463190937625	FALSE	5	GNB3	GNB3
ENSG00000102302	8	2	6	0.05071958262991694	0.4022035157217133	0.10497647932656598	0.29722703639514736	AD	ENSG00000102302	0.8845011141371627	-0.02582867283324041	FALSE	5	FGD1	FGD1
ENSG00000165458	18	5	13	0.14546025121445982	0.5199306759098787	0.22295122555087893	0.2969794503589998	AD	ENSG00000165458	0.8836345630106462	0.2277654896117749	FALSE	5	INPPL1	INPPL1
ENSG00000134308	7	69	-62	-0.8696183407627855	0.3815300817033919	0.6783857390443179	-0.29685565734092595	Control	ENSG00000134308	0.8833869769744986	-0.1724380831906096	FALSE	5	YWHAQ	YWHAQ
ENSG00000055813	15	158	-143	-1.9659032200982105	0.4961624164397128	0.7923991086902699	-0.29623669225055704	Control	ENSG00000055813	0.883139390938351	-0.27492250750458247	FALSE	5	CCDC85A	CCDC85A
ENSG00000089289	4	38	-34	-0.4906556664246139	0.2896756622926467	0.5855409754889824	-0.29586531319633574	Control	ENSG00000089289	0.8828918049022035	-0.06900921349170197	FALSE	5	IGBP1	IGBP1
ENSG00000171813	5	47	-42	-0.5989307162355201	0.3247090864075266	0.620203020549641	-0.29549393414211444	Control	ENSG00000171813	0.8826442188660559	-0.07055555411742631	FALSE	5	PWWP2B	PWWP2B
ENSG00000182158	3	30	-27	-0.39591499784007106	0.2442436246595692	0.5396137657836098	-0.2953701411240406	Control	ENSG00000182158	0.8823966328299084	0.06456517022912855	FALSE	5	CREB3L2	CREB3L2
ENSG00000143970	34	9	25	0.3078728259308191	0.6109185441941074	0.3161673681604357	0.2947511760336717	AD	ENSG00000143970	0.8821490467937608	0.15515181706065562	FALSE	5	ASXL2	ASXL2
ENSG00000277739	2	22	-20	-0.3011743292555282	0.18209952958653133	0.47623174052983414	-0.2941322109433028	Control	ENSG00000277739	0.8812824956672444	-0.01036156381743813	FALSE	5	NA	ENSG00000277739
ENSG00000067646	2	22	-20	-0.3011743292555282	0.18209952958653133	0.47623174052983414	-0.2941322109433028	Control	ENSG00000067646	0.8812824956672444	0.06342598048269044	FALSE	5	ZFY	ZFY
ENSG00000131002	2	22	-20	-0.3011743292555282	0.18209952958653133	0.47623174052983414	-0.2941322109433028	Control	ENSG00000131002	0.8812824956672444	0.04639432934879717	FALSE	5	TXLNGY	TXLNGY
ENSG00000150337	2	22	-20	-0.3011743292555282	0.18209952958653133	0.47623174052983414	-0.2941322109433028	Control	ENSG00000150337	0.8812824956672444	-0.08353380382368858	FALSE	5	FCGR1A	FCGR1A
ENSG00000165752	2	22	-20	-0.3011743292555282	0.18209952958653133	0.47623174052983414	-0.2941322109433028	Control	ENSG00000165752	0.8812824956672444	-0.11972108659272784	FALSE	5	STK32C	STK32C
ENSG00000196313	2	22	-20	-0.3011743292555282	0.18209952958653133	0.47623174052983414	-0.2941322109433028	Control	ENSG00000196313	0.8812824956672444	-0.02863498984543966	FALSE	5	POM121	POM121
ENSG00000172731	1	12	-11	-0.1793648982182587	0.07279029462738301	0.365684575389948	-0.292894280762565	Control	ENSG00000172731	0.8796731864322852	-0.13164617852428862	FALSE	5	LRRC20	LRRC20
ENSG00000113712	1	12	-11	-0.1793648982182587	0.07279029462738301	0.365684575389948	-0.292894280762565	Control	ENSG00000113712	0.8796731864322852	-0.12016409336376732	FALSE	5	CSNK1A1	CSNK1A1
ENSG00000281026	1	12	-11	-0.1793648982182587	0.07279029462738301	0.365684575389948	-0.292894280762565	Control	ENSG00000281026	0.8796731864322852	0.25518080834867796	FALSE	5	N4BP2L2-IT2	N4BP2L2-IT2
ENSG00000071859	1	12	-11	-0.1793648982182587	0.07279029462738301	0.365684575389948	-0.292894280762565	Control	ENSG00000071859	0.8796731864322852	0.10999221046178144	FALSE	5	FAM50A	FAM50A
ENSG00000167447	1	12	-11	-0.1793648982182587	0.07279029462738301	0.365684575389948	-0.292894280762565	Control	ENSG00000167447	0.8796731864322852	-0.12765159220986444	FALSE	5	SMG8	SMG8
ENSG00000204472	1	12	-11	-0.1793648982182587	0.07279029462738301	0.365684575389948	-0.292894280762565	Control	ENSG00000204472	0.8796731864322852	-0.21494068927565113	FALSE	5	AIF1	AIF1
ENSG00000146414	1	12	-11	-0.1793648982182587	0.07279029462738301	0.365684575389948	-0.292894280762565	Control	ENSG00000146414	0.8796731864322852	0.13321500294241773	FALSE	5	SHPRH	SHPRH
ENSG00000134986	54	13	41	0.5244229255526315	0.6717009160683337	0.37880663530576875	0.29289428076256496	AD	ENSG00000134986	0.878682842287695	-0.23182117182614623	FALSE	5	NREP	NREP
ENSG00000100604	21	6	15	0.17252901366718637	0.5432037633077494	0.25043327556325823	0.2927704877444912	AD	ENSG00000100604	0.8784352562515474	-0.01257270349820594	FALSE	5	CHGA	CHGA
ENSG00000172995	33	9	24	0.2943384447044558	0.6070809606338202	0.3161673681604357	0.2909135924733845	AD	ENSG00000172995	0.878063877197326	-0.11092998499096218	FALSE	5	ARPP21	ARPP21
ENSG00000101019	33	9	24	0.2943384447044558	0.6070809606338202	0.3161673681604357	0.2909135924733845	AD	ENSG00000101019	0.878063877197326	-0.10288521704190856	FALSE	5	UQCC1	UQCC1
ENSG00000144567	24	237	-213	-2.9133099059436396	0.5630106461995543	0.8530576875464224	-0.2900470413468681	Control	ENSG00000144567	0.8776924981431047	-0.07333558152449271	FALSE	5	RETREG2	RETREG2
ENSG00000115568	8	75	-67	-0.937290246894602	0.4022035157217133	0.6921267640505075	-0.28992324832879424	Control	ENSG00000115568	0.8774449121069572	-0.03043121204591337	FALSE	5	ZNF142	ZNF142
ENSG00000170604	19	186	-167	-2.290728369530929	0.5283486011388958	0.8180242634315424	-0.28967566229264663	Control	ENSG00000170604	0.8770735330527358	-0.1149135803738588	FALSE	5	IRF2BP1	IRF2BP1
ENSG00000160785	19	186	-167	-2.290728369530929	0.5283486011388958	0.8180242634315424	-0.28967566229264663	Control	ENSG00000160785	0.8770735330527358	-0.07763490180146171	FALSE	5	SLC25A44	SLC25A44
ENSG00000273841	113	21	92	1.2146763680971584	0.7546422381777668	0.4652141619212676	0.28942807625649913	AD	ENSG00000273841	0.8767021539985145	-0.1435326963695669	FALSE	5	TAF9	TAF9
ENSG00000149571	11	107	-96	-1.329787302459137	0.45233968804159447	0.7411487992077247	-0.28880911116613023	Control	ENSG00000149571	0.8764545679623669	-0.1250318971634563	FALSE	5	KIRREL3	KIRREL3
ENSG00000148090	58	14	44	0.5650260692317213	0.6818519435503838	0.3932904184204011	0.28856152512998273	AD	ENSG00000148090	0.8762069819262194	-0.18725424847258232	FALSE	5	AUH	AUH
ENSG00000259002	3	29	-26	-0.38238061661370776	0.2442436246595692	0.5324337707353305	-0.2881901460757613	Control	ENSG00000259002	0.875835602871998	0.01137911296536975	FALSE	5	NA	ENSG00000259002
ENSG00000125503	3	29	-26	-0.38238061661370776	0.2442436246595692	0.5324337707353305	-0.2881901460757613	Control	ENSG00000125503	0.875835602871998	-0.03212067423682185	FALSE	5	PPP1R12C	PPP1R12C
ENSG00000151500	27	8	19	0.22666653857263944	0.5817033919286952	0.2948749690517455	0.28682842287694976	AD	ENSG00000151500	0.8754642238177767	-0.1111160885108049	FALSE	5	THYN1	THYN1
ENSG00000144579	46	12	34	0.42968225696808854	0.6522654122307502	0.365684575389948	0.28658083684080216	AD	ENSG00000144579	0.8752166377816292	0.1931547652291261	FALSE	5	CTDSP1	CTDSP1
ENSG00000215386	15	145	-130	-1.789956264155488	0.4961624164397128	0.7823718742262936	-0.2862094577865808	Control	ENSG00000215386	0.8749690517454816	0.17674483832058385	FALSE	5	MIR99AHG	MIR99AHG
ENSG00000106665	10	3	7	0.06425396385628021	0.437360732854667	0.15139886110423373	0.28596187175043325	AD	ENSG00000106665	0.8744738796731865	0.16123075524359542	FALSE	5	CLIP2	CLIP2
ENSG00000142634	10	3	7	0.06425396385628021	0.437360732854667	0.15139886110423373	0.28596187175043325	AD	ENSG00000142634	0.8744738796731865	-0.13724611403880616	FALSE	5	EFHD2	EFHD2
ENSG00000185340	10	3	7	0.06425396385628021	0.437360732854667	0.15139886110423373	0.28596187175043325	AD	ENSG00000185340	0.8744738796731865	0.04539445563451849	FALSE	5	GAS2L1	GAS2L1
ENSG00000105568	13	4	9	0.09132272630900674	0.47660311958405543	0.19076504085169596	0.28583807873235945	AD	ENSG00000105568	0.8737311215647438	-0.12535146721949708	FALSE	5	PPP2R1A	PPP2R1A
ENSG00000011198	13	4	9	0.09132272630900674	0.47660311958405543	0.19076504085169596	0.28583807873235945	AD	ENSG00000011198	0.8737311215647438	0.1251793683723612	FALSE	5	ABHD5	ABHD5
ENSG00000172086	13	4	9	0.09132272630900674	0.47660311958405543	0.19076504085169596	0.28583807873235945	AD	ENSG00000172086	0.8737311215647438	0.1758336877720108	FALSE	5	KRCC1	KRCC1
ENSG00000186517	4	36	-32	-0.46358690397188734	0.2896756622926467	0.5753899480069324	-0.28571428571428575	Control	ENSG00000186517	0.8731121564743748	0.22687064152973857	FALSE	5	ARHGAP30	ARHGAP30
ENSG00000171574	4	36	-32	-0.46358690397188734	0.2896756622926467	0.5753899480069324	-0.28571428571428575	Control	ENSG00000171574	0.8731121564743748	-0.10055986899785996	FALSE	5	ZNF584	ZNF584
ENSG00000239911	109	21	88	1.1605388431917052	0.7504332755632582	0.4652141619212676	0.2852191136419906	AD	ENSG00000239911	0.8727407774201535	-0.23427346421272333	FALSE	5	PRKAG2-AS1	PRKAG2-AS1
ENSG00000132507	5	1	4	0.02365082017719039	0.3247090864075266	0.03986135181975736	0.28484773458776924	AD	ENSG00000132507	0.8713790542213419	-0.09529609870248024	FALSE	5	EIF5A	EIF5A
ENSG00000122512	5	1	4	0.02365082017719039	0.3247090864075266	0.03986135181975736	0.28484773458776924	AD	ENSG00000122512	0.8713790542213419	-0.2691799670864903	FALSE	5	PMS2	PMS2
ENSG00000176244	5	1	4	0.02365082017719039	0.3247090864075266	0.03986135181975736	0.28484773458776924	AD	ENSG00000176244	0.8713790542213419	-0.03021425374057607	FALSE	5	ACBD7	ACBD7
ENSG00000041357	5	1	4	0.02365082017719039	0.3247090864075266	0.03986135181975736	0.28484773458776924	AD	ENSG00000041357	0.8713790542213419	-0.02950865728560892	FALSE	5	PSMA4	PSMA4
ENSG00000106078	5	1	4	0.02365082017719039	0.3247090864075266	0.03986135181975736	0.28484773458776924	AD	ENSG00000106078	0.8713790542213419	0.1502675985282096	FALSE	5	COBL	COBL
ENSG00000127337	5	1	4	0.02365082017719039	0.3247090864075266	0.03986135181975736	0.28484773458776924	AD	ENSG00000127337	0.8713790542213419	-0.22761632082748573	FALSE	5	YEATS4	YEATS4
ENSG00000198964	5	1	4	0.02365082017719039	0.3247090864075266	0.03986135181975736	0.28484773458776924	AD	ENSG00000198964	0.8713790542213419	0.07680596024598252	FALSE	5	SGMS1	SGMS1
ENSG00000242866	5	1	4	0.02365082017719039	0.3247090864075266	0.03986135181975736	0.28484773458776924	AD	ENSG00000242866	0.8713790542213419	0.14191210856537315	FALSE	5	STRC	STRC
ENSG00000145425	5	1	4	0.02365082017719039	0.3247090864075266	0.03986135181975736	0.28484773458776924	AD	ENSG00000145425	0.8713790542213419	0.03180626663677444	FALSE	5	RPS3A	RPS3A
ENSG00000119487	5	1	4	0.02365082017719039	0.3247090864075266	0.03986135181975736	0.28484773458776924	AD	ENSG00000119487	0.8713790542213419	0.04621557221755346	FALSE	5	MAPKAP1	MAPKAP1
ENSG00000182796	5	44	-39	-0.5583275725564303	0.3247090864075266	0.6093092349591483	-0.28460014855162175	Control	ENSG00000182796	0.8700173310225303	0.08693394737826843	FALSE	5	TMEM198B	TMEM198B
ENSG00000093000	18	170	-152	-2.08771265113548	0.5199306759098787	0.8040356523892053	-0.28410497647932653	Control	ENSG00000093000	0.8697697449863828	-0.08456487646646593	FALSE	5	NUP50	NUP50
ENSG00000125510	308	42	266	3.5696587014843675	0.8828918049022035	0.5996533795493935	0.2832384253528101	AD	ENSG00000125510	0.8695221589502352	-0.08305164488710837	FALSE	5	OPRL1	OPRL1
ENSG00000101132	80	18	62	0.8086449313062603	0.7202277791532558	0.4371131468185194	0.2831146323347363	AD	ENSG00000101132	0.8690269868779401	-0.1537475555884651	FALSE	5	PFDN4	PFDN4
ENSG00000137462	2	21	-19	-0.28763994802916487	0.18209952958653133	0.4652141619212676	-0.2831146323347363	Control	ENSG00000137462	0.8690269868779401	0.21689544670391217	FALSE	5	TLR2	TLR2
ENSG00000169896	2	21	-19	-0.28763994802916487	0.18209952958653133	0.4652141619212676	-0.2831146323347363	Control	ENSG00000169896	0.8690269868779401	0.08943872817234944	FALSE	5	ITGAM	ITGAM
ENSG00000165434	244	35	209	2.798198971581661	0.8512007922753156	0.5685813320128744	0.2826194602624412	AD	ENSG00000165434	0.868531814805645	-0.25475483038560576	FALSE	5	PGM2L1	PGM2L1
ENSG00000061676	14	127	-113	-1.5598717833073124	0.4860113889576628	0.7685070562020302	-0.2824956672443674	Control	ENSG00000061676	0.8682842287694974	-0.11822565218062664	FALSE	5	NCKAP1	NCKAP1
ENSG00000184349	23	7	16	0.18606339489354964	0.5565734092597178	0.2742015350334241	0.2823718742262937	AD	ENSG00000184349	0.8680366427333498	-0.00680046187123828	FALSE	5	EFNA5	EFNA5
ENSG00000124209	12	111	-99	-1.3703904461382266	0.46595692002971034	0.748328794256004	-0.2823718742262936	Control	ENSG00000124209	0.8677890566972023	-0.0942860526006637	FALSE	5	RAB22A	RAB22A
ENSG00000169439	6	52	-46	-0.6530682411409732	0.35528596187175043	0.6370388710076752	-0.28175290913592477	Control	ENSG00000169439	0.8674176776429809	0.01601926032017253	FALSE	5	SDC2	SDC2
ENSG00000115307	6	52	-46	-0.6530682411409732	0.35528596187175043	0.6370388710076752	-0.28175290913592477	Control	ENSG00000115307	0.8674176776429809	0.11129845590409636	FALSE	5	AUP1	AUP1
ENSG00000165886	26	8	18	0.2131321573462762	0.5757613270611538	0.2948749690517455	0.2808863580094083	AD	ENSG00000165886	0.866798712552612	0.03047603909366802	FALSE	5	UBTD1	UBTD1
ENSG00000203772	3	28	-25	-0.3688462353873445	0.2442436246595692	0.5251299826689775	-0.2808863580094083	Control	ENSG00000203772	0.866798712552612	-0.11733348689251956	FALSE	5	SPRN	SPRN
ENSG00000146112	3	28	-25	-0.3688462353873445	0.2442436246595692	0.5251299826689775	-0.2808863580094083	Control	ENSG00000146112	0.866798712552612	0.1002333845950929	FALSE	5	PPP1R18	PPP1R18
ENSG00000005249	195	30	165	2.202686197621677	0.8201287447387967	0.5396137657836098	0.28051497895518696	AD	ENSG00000005249	0.8663035404803169	-0.1079896529435711	FALSE	5	PRKAR2B	PRKAR2B
ENSG00000076201	7	61	-54	-0.7613432909518794	0.3815300817033919	0.660807130477841	-0.2792770487744491	Control	ENSG00000076201	0.8660559544441694	-0.0087730174421523	FALSE	5	PTPN23	PTPN23
ENSG00000131238	48	13	35	0.44321663819445184	0.6574647189898489	0.37880663530576875	0.2786580836840802	AD	ENSG00000131238	0.8658083684080218	-0.1998738468668204	FALSE	5	PPT1	PPT1
ENSG00000183317	19	6	13	0.14546025121445982	0.5283486011388958	0.25043327556325823	0.2779153255756376	AD	ENSG00000183317	0.8654369893538004	-0.16914225670542038	FALSE	5	EPHA10	EPHA10
ENSG00000136261	19	6	13	0.14546025121445982	0.5283486011388958	0.25043327556325823	0.2779153255756376	AD	ENSG00000136261	0.8654369893538004	-0.17833860930333323	FALSE	5	BZW2	BZW2
ENSG00000280650	1	11	-10	-0.16583051699189544	0.07279029462738301	0.35070562020302054	-0.27791532557563753	Control	ENSG00000280650	0.8641990591730626	0.3155553076983484	FALSE	5	KCNIP4-IT1	KCNIP4-IT1
ENSG00000277437	1	11	-10	-0.16583051699189544	0.07279029462738301	0.35070562020302054	-0.27791532557563753	Control	ENSG00000277437	0.8641990591730626	0.03189388160284867	FALSE	5	NA	ENSG00000277437
ENSG00000171695	1	11	-10	-0.16583051699189544	0.07279029462738301	0.35070562020302054	-0.27791532557563753	Control	ENSG00000171695	0.8641990591730626	-0.16652824999708304	FALSE	5	LKAAEAR1	LKAAEAR1
ENSG00000147475	1	11	-10	-0.16583051699189544	0.07279029462738301	0.35070562020302054	-0.27791532557563753	Control	ENSG00000147475	0.8641990591730626	-0.00698012042307638	FALSE	5	ERLIN2	ERLIN2
ENSG00000143740	1	11	-10	-0.16583051699189544	0.07279029462738301	0.35070562020302054	-0.27791532557563753	Control	ENSG00000143740	0.8641990591730626	-0.03585917806950789	FALSE	5	SNAP47	SNAP47
ENSG00000008853	1	11	-10	-0.16583051699189544	0.07279029462738301	0.35070562020302054	-0.27791532557563753	Control	ENSG00000008853	0.8641990591730626	-0.08537953372580631	FALSE	5	RHOBTB2	RHOBTB2
ENSG00000179292	1	11	-10	-0.16583051699189544	0.07279029462738301	0.35070562020302054	-0.27791532557563753	Control	ENSG00000179292	0.8641990591730626	-0.15161570094129928	FALSE	5	TMEM151A	TMEM151A
ENSG00000254087	1	11	-10	-0.16583051699189544	0.07279029462738301	0.35070562020302054	-0.27791532557563753	Control	ENSG00000254087	0.8641990591730626	0.03726893309505019	FALSE	5	LYN	LYN
ENSG00000261221	10	89	-79	-1.0997028216109612	0.437360732854667	0.7147808863580094	-0.2774201535033424	Control	ENSG00000261221	0.8630849220103987	-0.14516389272818309	FALSE	5	ZNF865	ZNF865
ENSG00000237737	145	25	120	1.59363904243533	0.7829908393166626	0.505694478831394	0.2772963604852686	AD	ENSG00000237737	0.862837335974251	-0.35848105525941953	FALSE	5	DCTN1-AS1	DCTN1-AS1
ENSG00000075539	7	2	5	0.03718520140355366	0.3815300817033919	0.10497647932656598	0.2765536023768259	AD	ENSG00000075539	0.8615994057935132	0.2072537871168887	FALSE	5	FRYL	FRYL
ENSG00000085276	7	2	5	0.03718520140355366	0.3815300817033919	0.10497647932656598	0.2765536023768259	AD	ENSG00000085276	0.8615994057935132	0.25669986331021377	FALSE	5	MECOM	MECOM
ENSG00000176769	7	2	5	0.03718520140355366	0.3815300817033919	0.10497647932656598	0.2765536023768259	AD	ENSG00000176769	0.8615994057935132	-0.16253577891344406	FALSE	5	TCERG1L	TCERG1L
ENSG00000204186	7	2	5	0.03718520140355366	0.3815300817033919	0.10497647932656598	0.2765536023768259	AD	ENSG00000204186	0.8615994057935132	-0.18472429730671003	FALSE	5	ZDBF2	ZDBF2
ENSG00000171385	7	2	5	0.03718520140355366	0.3815300817033919	0.10497647932656598	0.2765536023768259	AD	ENSG00000171385	0.8615994057935132	-0.01770315196182359	FALSE	5	KCND3	KCND3
ENSG00000124440	7	2	5	0.03718520140355366	0.3815300817033919	0.10497647932656598	0.2765536023768259	AD	ENSG00000124440	0.8615994057935132	0.44912663981002154	FALSE	5	HIF3A	HIF3A
ENSG00000100330	7	2	5	0.03718520140355366	0.3815300817033919	0.10497647932656598	0.2765536023768259	AD	ENSG00000100330	0.8615994057935132	0.1120091175972977	FALSE	5	MTMR3	MTMR3
ENSG00000108666	7	2	5	0.03718520140355366	0.3815300817033919	0.10497647932656598	0.2765536023768259	AD	ENSG00000108666	0.8615994057935132	-0.07255396043526474	FALSE	5	C17orf75	C17orf75
ENSG00000099385	7	2	5	0.03718520140355366	0.3815300817033919	0.10497647932656598	0.2765536023768259	AD	ENSG00000099385	0.8615994057935132	0.09521645756151108	FALSE	5	BCL7C	BCL7C
ENSG00000067445	12	4	8	0.07778834508264348	0.46595692002971034	0.19076504085169596	0.27519187917801435	AD	ENSG00000067445	0.8603614756127754	-0.0875824069725315	FALSE	5	TRO	TRO
ENSG00000230910	5	42	-37	-0.5312588101037037	0.3247090864075266	0.5996533795493935	-0.27494429314186686	Control	ENSG00000230910	0.8599900965585541	-0.07820760466119658	FALSE	5	ADGRB3-DT	ADGRB3-DT
ENSG00000160182	5	42	-37	-0.5312588101037037	0.3247090864075266	0.5996533795493935	-0.27494429314186686	Control	ENSG00000160182	0.8599900965585541	0.06631356768577468	FALSE	5	TFF1	TFF1
ENSG00000107745	109	22	87	1.147004461965342	0.7504332755632582	0.47623174052983414	0.2742015350334241	AD	ENSG00000107745	0.8596187175043327	-0.1290806066907706	FALSE	5	MICU1	MICU1
ENSG00000253729	3	27	-24	-0.35531185416098127	0.2442436246595692	0.5183213666749196	-0.2740777420153504	Control	ENSG00000253729	0.8592473384501114	-0.16942365703405216	FALSE	5	PRKDC	PRKDC
ENSG00000103254	3	27	-24	-0.35531185416098127	0.2442436246595692	0.5183213666749196	-0.2740777420153504	Control	ENSG00000103254	0.8592473384501114	-0.15313651149134877	FALSE	5	ANTKMT	ANTKMT
ENSG00000115365	19	168	-149	-2.04710950745639	0.5283486011388958	0.8020549641000247	-0.27370636296112894	Control	ENSG00000115365	0.8588759593958901	-0.180985305066498	FALSE	5	LANCL1	LANCL1
ENSG00000160766	15	5	10	0.10485710753537002	0.4961624164397128	0.22295122555087893	0.2732111908888339	AD	ENSG00000160766	0.8583807873235949	-0.00800925950718678	FALSE	5	GBA1LP	GBA1LP
ENSG00000119778	4	34	-30	-0.4365181415191608	0.2896756622926467	0.5628868531814806	-0.2732111908888339	Control	ENSG00000119778	0.8583807873235949	0.14753745571752308	FALSE	5	ATAD2B	ATAD2B
ENSG00000146007	4	34	-30	-0.4365181415191608	0.2896756622926467	0.5628868531814806	-0.2732111908888339	Control	ENSG00000146007	0.8583807873235949	-0.1183043210373338	FALSE	5	ZMAT2	ZMAT2
ENSG00000181222	2	20	-18	-0.2741055668028016	0.18209952958653133	0.4548155484030701	-0.27271601881653873	Control	ENSG00000181222	0.8578856152512998	-0.12598737485627431	FALSE	5	POLR2A	POLR2A
ENSG00000163840	5	41	-36	-0.5177244288773405	0.3247090864075266	0.5958157959891062	-0.27110670958157956	Control	ENSG00000163840	0.85751423619707845	0.1318094178838738	FALSE	5	DTX3L	DTX3L
ENSG00000114030	5	41	-36	-0.5177244288773405	0.3247090864075266	0.5958157959891062	-0.27110670958157956	Control	ENSG00000114030	0.85751423619707845	-0.08178667923519889	FALSE	5	KPNA1	KPNA1
ENSG00000109790	45	13	32	0.402613494515362	0.6496657588512008	0.37880663530576875	0.27085912354543207	AD	ENSG00000109790	0.8570190641247833	0.24063472639644523	FALSE	5	KLHL5	KLHL5
ENSG00000069509	45	13	32	0.402613494515362	0.6496657588512008	0.37880663530576875	0.27085912354543207	AD	ENSG00000069509	0.8570190641247833	-0.16010023261167206	FALSE	5	FUNDC1	FUNDC1
ENSG00000141380	51	14	37	0.4702854006471784	0.6641495419658331	0.3932904184204011	0.270859123545432	AD	ENSG00000141380	0.856647685070562	0.10503998065985344	FALSE	5	SS18	SS18
ENSG00000096654	94	21	73	0.9575231247962562	0.7354543203763307	0.4652141619212676	0.2702401584550631	AD	ENSG00000096654	0.8564000990344145	-0.2500018789386367	FALSE	5	ZNF184	ZNF184
ENSG00000106976	143	26	117	1.5530358987562405	0.7813815300817034	0.5118841297350829	0.2694974003466205	AD	ENSG00000106976	0.8561525129982669	-0.3120955550097637	FALSE	5	DNM1	DNM1
ENSG00000196781	9	3	6	0.05071958262991694	0.4207724684327804	0.15139886110423373	0.26937360732854665	AD	ENSG00000196781	0.8556573409259718	0.03224131053392121	FALSE	5	TLE1	TLE1
ENSG00000100628	9	3	6	0.05071958262991694	0.4207724684327804	0.15139886110423373	0.26937360732854665	AD	ENSG00000100628	0.8556573409259718	-0.3351639785097449	FALSE	5	ASB2	ASB2
ENSG00000107897	9	3	6	0.05071958262991694	0.4207724684327804	0.15139886110423373	0.26937360732854665	AD	ENSG00000107897	0.8556573409259718	0.09061826011553542	FALSE	5	ACBD5	ACBD5
ENSG00000135365	21	7	14	0.1589946324408231	0.5432037633077494	0.2742015350334241	0.26900222827432535	AD	ENSG00000135365	0.8550383758356028	0.1986753955063989	FALSE	5	PHF21A	PHF21A
ENSG00000110693	21	7	14	0.1589946324408231	0.5432037633077494	0.2742015350334241	0.26900222827432535	AD	ENSG00000110693	0.8550383758356028	0.16677053045714096	FALSE	5	SOX6	SOX6
ENSG00000197170	279	42	237	3.1771616459198326	0.868531814805645	0.5996533795493935	0.26887843525625155	AD	ENSG00000197170	0.8546669967813816	-0.1789081201600613	FALSE	5	PSMD12	PSMD12
ENSG00000117632	251	38	213	2.8523364964871143	0.8542956177271602	0.5855409754889824	0.2687546422381778	AD	ENSG00000117632	0.854419410745234	-0.22133386629693952	FALSE	5	STMN1	STMN1
ENSG00000146006	325	47	278	3.732071276200726	0.8884624907155236	0.620203020549641	0.2682594701658826	AD	ENSG00000146006	0.8541718247090864	-0.19308873916656744	FALSE	5	LRRTM2	LRRTM2
ENSG00000163823	3	26	-23	-0.34177747293461797	0.2442436246595692	0.5118841297350829	-0.26764050507551373	Control	ENSG00000163823	0.8536766526367913	0.02616035639236447	FALSE	5	CCR1	CCR1
ENSG00000165168	3	26	-23	-0.34177747293461797	0.2442436246595692	0.5118841297350829	-0.26764050507551373	Control	ENSG00000165168	0.8536766526367913	-0.04990234612032562	FALSE	5	CYBB	CYBB
ENSG00000101608	3	26	-23	-0.34177747293461797	0.2442436246595692	0.5118841297350829	-0.26764050507551373	Control	ENSG00000101608	0.8536766526367913	0.13833126992242484	FALSE	5	MYL12A	MYL12A
ENSG00000129250	131	25	106	1.4041577052662442	0.7730873978707601	0.505694478831394	0.26739291903936613	AD	ENSG00000129250	0.8531814805644962	0.4557969006362619	FALSE	5	KIF1C	KIF1C
ENSG00000144227	218	35	183	2.446305059696216	0.835231492943798	0.5685813320128744	0.26665016093092353	AD	ENSG00000144227	0.8529338945283486	-0.31089997903926037	FALSE	5	NXPH2	NXPH2
ENSG00000100294	31	260	-229	-3.129860005565452	0.6000247586036147	0.8665511265164645	-0.2665263679128498	Control	ENSG00000100294	0.8526863084922011	-0.1506765909864125	FALSE	5	MCAT	MCAT
ENSG00000145882	39	12	27	0.33494158838354565	0.632087150284724	0.365684575389948	0.2664025748947759	AD	ENSG00000145882	0.8524387224560535	-0.3523381250597897	FALSE	5	PCYOX1L	PCYOX1L
ENSG00000123444	10	81	-71	-0.9914277718000548	0.437360732854667	0.7025253775687051	-0.26516464471403817	Control	ENSG00000123444	0.852191136419906	-0.07035372244844318	FALSE	5	KBTBD4	KBTBD4
ENSG00000055118	12	100	-88	-1.2215122526482307	0.46595692002971034	0.7311215647437485	-0.2651646447140381	Control	ENSG00000055118	0.8519435503837584	-0.05486500991000298	FALSE	5	KCNH2	KCNH2
ENSG00000124570	261	41	220	2.9470771650716574	0.8604852686308492	0.5958157959891062	0.264669472641743	AD	ENSG00000124570	0.8516959643476107	0.12712273513473704	FALSE	5	SERPINB6	SERPINB6
ENSG00000054116	2	19	-17	-0.2605711855764383	0.18209952958653133	0.4461500371379054	-0.26405050755137405	Control	ENSG00000054116	0.8514483783114632	-0.05367681868252383	FALSE	5	TRAPPC3	TRAPPC3
ENSG00000151414	88	21	67	0.8763168374380765	0.7287694974003466	0.4652141619212676	0.26355533547907894	AD	ENSG00000151414	0.8512007922753156	0.32706564647305747	FALSE	5	NEK7	NEK7
ENSG00000147065	8	63	-55	-0.7748776721782427	0.4022035157217133	0.6655112651646448	-0.26330774944293145	Control	ENSG00000147065	0.8509532062391681	0.037013721514066233	FALSE	5	MSN	MSN
ENSG00000132718	4	32	-28	-0.4094493790664343	0.2896756622926467	0.5529834117355781	-0.2633077494429314	Control	ENSG00000132718	0.8504580341668729	-0.1557726441184606	FALSE	5	SYT11	SYT11
ENSG00000155096	4	32	-28	-0.4094493790664343	0.2896756622926467	0.5529834117355781	-0.2633077494429314	Control	ENSG00000155096	0.8504580341668729	-0.1390231140644751	FALSE	5	AZIN1	AZIN1
ENSG00000171401	4	32	-28	-0.4094493790664343	0.2896756622926467	0.5529834117355781	-0.2633077494429314	Control	ENSG00000171401	0.8504580341668729	0.07058293023188744	FALSE	5	KRT13	KRT13
ENSG00000147862	14	5	9	0.09132272630900674	0.4860113889576628	0.22295122555087893	0.26306016340678384	AD	ENSG00000147862	0.8499628620945778	0.22352440100901205	FALSE	5	NFIB	NFIB
ENSG00000197444	141	27	114	1.5124327550771504	0.7806387719732607	0.5183213666749196	0.26231740529834113	AD	ENSG00000197444	0.8497152760584303	-0.1898862153898282	FALSE	5	OGDHL	OGDHL
ENSG00000115594	1	10	-9	-0.15229613576553216	0.07279029462738301	0.33473632087150285	-0.26194602624411983	Control	ENSG00000115594	0.8481059668234712	-0.00576214802412966	FALSE	5	IL1R1	IL1R1
ENSG00000133065	1	10	-9	-0.15229613576553216	0.07279029462738301	0.33473632087150285	-0.26194602624411983	Control	ENSG00000133065	0.8481059668234712	0.10521573160164976	FALSE	5	SLC41A1	SLC41A1
ENSG00000278811	1	10	-9	-0.15229613576553216	0.07279029462738301	0.33473632087150285	-0.26194602624411983	Control	ENSG00000278811	0.8481059668234712	-0.03146235090668825	FALSE	5	LINC00624	LINC00624
ENSG00000117425	1	10	-9	-0.15229613576553216	0.07279029462738301	0.33473632087150285	-0.26194602624411983	Control	ENSG00000117425	0.8481059668234712	0.05425238915210961	FALSE	5	PTCH2	PTCH2
ENSG00000109133	1	10	-9	-0.15229613576553216	0.07279029462738301	0.33473632087150285	-0.26194602624411983	Control	ENSG00000109133	0.8481059668234712	-0.12356615292996408	FALSE	5	TMEM33	TMEM33
ENSG00000066336	1	10	-9	-0.15229613576553216	0.07279029462738301	0.33473632087150285	-0.26194602624411983	Control	ENSG00000066336	0.8481059668234712	0.04028617992449934	FALSE	5	SPI1	SPI1
ENSG00000122862	1	10	-9	-0.15229613576553216	0.07279029462738301	0.33473632087150285	-0.26194602624411983	Control	ENSG00000122862	0.8481059668234712	0.11027621728015546	FALSE	5	SRGN	SRGN
ENSG00000197142	1	10	-9	-0.15229613576553216	0.07279029462738301	0.33473632087150285	-0.26194602624411983	Control	ENSG00000197142	0.8481059668234712	0.02956163081195129	FALSE	5	ACSL5	ACSL5
ENSG00000241839	1	10	-9	-0.15229613576553216	0.07279029462738301	0.33473632087150285	-0.26194602624411983	Control	ENSG00000241839	0.8481059668234712	0.16994003273396885	FALSE	5	PLEKHO2	PLEKHO2
ENSG00000264462	1	10	-9	-0.15229613576553216	0.07279029462738301	0.33473632087150285	-0.26194602624411983	Control	ENSG00000264462	0.8481059668234712	0.031290179648158833	FALSE	5	MIR3648-2	MIR3648-2
ENSG00000183092	1	10	-9	-0.15229613576553216	0.07279029462738301	0.33473632087150285	-0.26194602624411983	Control	ENSG00000183092	0.8481059668234712	-0.108482942179025	FALSE	5	BEGAIN	BEGAIN
ENSG00000086758	1	10	-9	-0.15229613576553216	0.07279029462738301	0.33473632087150285	-0.26194602624411983	Control	ENSG00000086758	0.8481059668234712	-0.00557555052970215	FALSE	5	HUWE1	HUWE1
ENSG00000167642	78	20	58	0.7545074064008072	0.7166377816291161	0.4548155484030701	0.261822233226046	AD	ENSG00000167642	0.846496657588512	-0.21124705828505697	FALSE	5	SPINT2	SPINT2
ENSG00000113621	11	4	7	0.06425396385628021	0.45233968804159447	0.19076504085169596	0.26157464718989853	AD	ENSG00000113621	0.8458776924981432	-0.19473516884871425	FALSE	5	TXNDC15	TXNDC15
ENSG00000185920	11	4	7	0.06425396385628021	0.45233968804159447	0.19076504085169596	0.26157464718989853	AD	ENSG00000185920	0.8458776924981432	0.06436306749906251	FALSE	5	PTCH1	PTCH1
ENSG00000119013	11	4	7	0.06425396385628021	0.45233968804159447	0.19076504085169596	0.26157464718989853	AD	ENSG00000119013	0.8458776924981432	-0.15390740753010768	FALSE	5	NDUFB3	NDUFB3
ENSG00000159685	6	46	-40	-0.5718619537827936	0.35528596187175043	0.616860609061649	-0.26157464718989853	Control	ENSG00000159685	0.8458776924981432	-0.21396694274493375	FALSE	5	CHCHD6	CHCHD6
ENSG00000144407	47	14	33	0.4161478757417253	0.6548650656102996	0.3932904184204011	0.2615746471898985	AD	ENSG00000144407	0.8452587274077742	-0.2723829690930888	FALSE	5	PTH2R	PTH2R
ENSG00000136295	3	25	-22	-0.3282430917082547	0.2442436246595692	0.505694478831394	-0.2614508541718248	Control	ENSG00000136295	0.8448873483535528	-0.10724334851994222	FALSE	5	TTYH3	TTYH3
ENSG00000242613	3	25	-22	-0.3282430917082547	0.2442436246595692	0.505694478831394	-0.2614508541718248	Control	ENSG00000242613	0.8448873483535528	0.33113702007614076	FALSE	5	PPDPFP1	PPDPFP1
ENSG00000121905	179	31	148	1.9726017167735015	0.8065115127506809	0.5456796236692251	0.2608318890814558	AD	ENSG00000121905	0.8445159692993315	-0.23585369326930208	FALSE	5	HPCA	HPCA
ENSG00000107165	10	78	-68	-0.9508246281209652	0.437360732854667	0.6978212428819015	-0.2604605100272345	Control	ENSG00000107165	0.844268383263184	-0.4419206258293933	FALSE	5	TYRP1	TYRP1
ENSG00000140280	41	13	28	0.3484759696099089	0.6387719732607081	0.37880663530576875	0.25996533795493937	AD	ENSG00000140280	0.8440207972270364	-0.14397603366778355	FALSE	5	LYSMD2	LYSMD2
ENSG00000125149	26	9	17	0.19959777611991292	0.5757613270611538	0.3161673681604357	0.25959395890071807	AD	ENSG00000125149	0.8437732111908889	-0.04399014276963697	FALSE	5	PHAF1	PHAF1
ENSG00000095139	15	116	-101	-1.3974592085909532	0.4961624164397128	0.7553849962862095	-0.25922257984649666	Control	ENSG00000095139	0.8435256251547413	-0.10353914592293734	FALSE	5	ARCN1	ARCN1
ENSG00000175606	232	38	194	2.595183253186212	0.8440207972270364	0.5855409754889824	0.25847982173805395	AD	ENSG00000175606	0.8432780391185937	-0.21777511523489324	FALSE	5	TMEM70	TMEM70
ENSG00000130643	225	37	188	2.5139769658280327	0.8383263183956425	0.5809606338202525	0.25736568457539	AD	ENSG00000130643	0.8430304530824462	-0.3377647422214114	FALSE	5	CALY	CALY
ENSG00000264522	55	16	39	0.49735416309990493	0.6744243624659569	0.41718247090864075	0.2572418915573162	AD	ENSG00000264522	0.8427828670462986	0.2124813068286908	FALSE	5	OTUD7B	OTUD7B
ENSG00000168348	29	10	19	0.22666653857263944	0.5914830403565239	0.33473632087150285	0.25674671948502104	AD	ENSG00000168348	0.8425352810101511	-0.31228270657112844	FALSE	5	INSM2	INSM2
ENSG00000204386	5	37	-32	-0.46358690397188734	0.3247090864075266	0.5809606338202525	-0.25625154741272593	Control	ENSG00000204386	0.8422876949740035	-0.14171140840008611	FALSE	5	NEU1	NEU1
ENSG00000130748	4	31	-27	-0.39591499784007106	0.2896756622926467	0.5456796236692251	-0.2560039613765784	Control	ENSG00000130748	0.8420401089378559	-0.32422191389417776	FALSE	5	TMEM160	TMEM160
ENSG00000159377	74	20	54	0.7003698814953541	0.7106957167615746	0.4548155484030701	0.2558801683585045	AD	ENSG00000159377	0.8417925229017084	-0.13974719076292885	FALSE	5	PSMB4	PSMB4
ENSG00000086015	2	18	-16	-0.24703680435007505	0.18209952958653133	0.4371131468185194	-0.2550136172319881	Control	ENSG00000086015	0.841421143847487	-0.0217844624233745	FALSE	5	MAST2	MAST2
ENSG00000111783	2	18	-16	-0.24703680435007505	0.18209952958653133	0.4371131468185194	-0.2550136172319881	Control	ENSG00000111783	0.841421143847487	0.20421193882258315	FALSE	5	RFX4	RFX4
ENSG00000105426	21	164	-143	-1.9659032200982105	0.5432037633077494	0.7975984154493686	-0.25439465214161916	Control	ENSG00000105426	0.8410497647932657	-0.15316728076849806	FALSE	5	PTPRS	PTPRS
ENSG00000139998	19	7	12	0.13192586998809655	0.5283486011388958	0.2742015350334241	0.2541470661054717	AD	ENSG00000139998	0.840802178757118	-0.1067171416584518	FALSE	5	RAB15	RAB15
ENSG00000197724	13	5	8	0.07778834508264348	0.47660311958405543	0.22295122555087893	0.2536518940331765	AD	ENSG00000197724	0.8405545927209706	0.1063419859060577	FALSE	5	PHF2	PHF2
ENSG00000005448	49	15	34	0.42968225696808854	0.6600643723693984	0.4067838573904432	0.2532805149789552	AD	ENSG00000005448	0.8403070066848229	-0.24610181110515497	FALSE	5	WDR54	WDR54
ENSG00000184983	25	9	16	0.18606339489354964	0.5692002971032434	0.3161673681604357	0.25303292894280766	AD	ENSG00000184983	0.8399356276306016	-0.16903150267624056	FALSE	5	NDUFA6	NDUFA6
ENSG00000034713	25	9	16	0.18606339489354964	0.5692002971032434	0.3161673681604357	0.25303292894280766	AD	ENSG00000034713	0.8399356276306016	-0.1295308116626721	FALSE	5	GABARAPL2	GABARAPL2
ENSG00000184557	3	24	-21	-0.3147087104818914	0.2442436246595692	0.4969051745481554	-0.25266154988858625	Control	ENSG00000184557	0.8393166625402327	0.05538284970052665	FALSE	5	SOCS3	SOCS3
ENSG00000272661	3	24	-21	-0.3147087104818914	0.2442436246595692	0.4969051745481554	-0.25266154988858625	Control	ENSG00000272661	0.8393166625402327	0.09664493547593445	FALSE	5	NA	ENSG00000272661
ENSG00000234614	3	24	-21	-0.3147087104818914	0.2442436246595692	0.4969051745481554	-0.25266154988858625	Control	ENSG00000234614	0.8393166625402327	-0.26992618658610734	FALSE	5	C2CD4D-AS1	C2CD4D-AS1
ENSG00000240771	7	51	-44	-0.6259994786882467	0.3815300817033919	0.6340678385739045	-0.25253775687051255	Control	ENSG00000240771	0.8388214904679376	-0.1436698029888781	FALSE	5	ARHGEF25	ARHGEF25
ENSG00000171823	17	125	-108	-1.492199877175496	0.5127506808615994	0.7652884377321119	-0.2525377568705125	Control	ENSG00000171823	0.83857390443179	-0.13853525275376377	FALSE	5	FBXL14	FBXL14
ENSG00000204396	53	16	37	0.4702854006471784	0.6692250557068581	0.41718247090864075	0.25204258479821734	AD	ENSG00000204396	0.8382025253775687	-0.3518028935364068	FALSE	5	VWA7	VWA7
ENSG00000132382	11	82	-71	-0.9914277718000548	0.45233968804159447	0.7043822728398118	-0.25204258479821734	Control	ENSG00000132382	0.8382025253775687	-0.1152923430034054	FALSE	5	MYBBP1A	MYBBP1A
ENSG00000166272	28	10	18	0.2131321573462762	0.5865313196335726	0.33473632087150285	0.2517949987620698	AD	ENSG00000166272	0.8378311463233473	0.09581786504296196	FALSE	5	WBP1L	WBP1L
ENSG00000106299	66	19	47	0.6056292129108112	0.6973260708096063	0.4461500371379054	0.2511760336717009	AD	ENSG00000106299	0.8375835602871998	-0.13146166142961668	FALSE	5	WASL	WASL
ENSG00000105063	10	73	-63	-0.8831527219891488	0.437360732854667	0.6884129735082941	-0.25105224065362713	Control	ENSG00000105063	0.8373359742510522	-0.00730149258906287	FALSE	5	PPP6R1	PPP6R1
ENSG00000278845	18	130	-112	-1.546337402080949	0.5199306759098787	0.7709829165635058	-0.2510522406536271	Control	ENSG00000278845	0.8370883882149047	-0.1162632524183156	FALSE	5	MRPL45	MRPL45
ENSG00000132361	8	58	-50	-0.7072057660464263	0.4022035157217133	0.6531319633572666	-0.25092844763555333	Control	ENSG00000132361	0.8368408021787571	-0.08320473464028666	FALSE	5	CLUH	CLUH
ENSG00000182175	8	3	5	0.03718520140355366	0.4022035157217133	0.15139886110423373	0.2508046546174796	AD	ENSG00000182175	0.8364694231245358	0.06714837556692999	FALSE	5	RGMA	RGMA
ENSG00000258986	8	3	5	0.03718520140355366	0.4022035157217133	0.15139886110423373	0.2508046546174796	AD	ENSG00000258986	0.8364694231245358	-0.08209912651137152	FALSE	5	TMEM179	TMEM179
ENSG00000169599	5	36	-31	-0.4500525227455241	0.3247090864075266	0.5753899480069324	-0.25068086159940584	Control	ENSG00000169599	0.8360980440703144	-0.14220925188947042	FALSE	5	NFU1	NFU1
ENSG00000196642	6	2	4	0.02365082017719039	0.35528596187175043	0.10497647932656598	0.2503094825451845	AD	ENSG00000196642	0.8351076999257242	0.01386814062073149	FALSE	5	RABL6	RABL6
ENSG00000013297	6	2	4	0.02365082017719039	0.35528596187175043	0.10497647932656598	0.2503094825451845	AD	ENSG00000013297	0.8351076999257242	0.15053030722348026	FALSE	5	CLDN11	CLDN11
ENSG00000198843	6	2	4	0.02365082017719039	0.35528596187175043	0.10497647932656598	0.2503094825451845	AD	ENSG00000198843	0.8351076999257242	-0.1291162209497525	FALSE	5	SELENOT	SELENOT
ENSG00000165672	6	2	4	0.02365082017719039	0.35528596187175043	0.10497647932656598	0.2503094825451845	AD	ENSG00000165672	0.8351076999257242	-0.14171316296801884	FALSE	5	PRDX3	PRDX3
ENSG00000163273	6	2	4	0.02365082017719039	0.35528596187175043	0.10497647932656598	0.2503094825451845	AD	ENSG00000163273	0.8351076999257242	-0.32564598398810674	FALSE	5	NPPC	NPPC
ENSG00000131828	6	2	4	0.02365082017719039	0.35528596187175043	0.10497647932656598	0.2503094825451845	AD	ENSG00000131828	0.8351076999257242	-0.13275665404335335	FALSE	5	PDHA1	PDHA1
ENSG00000072864	6	2	4	0.02365082017719039	0.35528596187175043	0.10497647932656598	0.2503094825451845	AD	ENSG00000072864	0.8351076999257242	0.21975830142508632	FALSE	5	NDE1	NDE1
ENSG00000155849	4	30	-26	-0.38238061661370776	0.2896756622926467	0.5396137657836098	-0.24993810349096307	Control	ENSG00000155849	0.834117355781134	-0.12938851667921192	FALSE	5	ELMO1	ELMO1
ENSG00000198712	4	1	3	0.01011643895082711	0.2896756622926467	0.03986135181975736	0.24981431047288932	AD	ENSG00000198712	0.832384253528101	0.2019910749485021	FALSE	5	MT-CO2	MT-CO2
ENSG00000118046	4	1	3	0.01011643895082711	0.2896756622926467	0.03986135181975736	0.24981431047288932	AD	ENSG00000118046	0.832384253528101	-0.02427813263766509	FALSE	5	STK11	STK11
ENSG00000118515	4	1	3	0.01011643895082711	0.2896756622926467	0.03986135181975736	0.24981431047288932	AD	ENSG00000118515	0.832384253528101	0.2945131861085226	FALSE	5	SGK1	SGK1
ENSG00000217236	4	1	3	0.01011643895082711	0.2896756622926467	0.03986135181975736	0.24981431047288932	AD	ENSG00000217236	0.832384253528101	-0.17921464451994673	FALSE	5	SP9	SP9
ENSG00000174173	4	1	3	0.01011643895082711	0.2896756622926467	0.03986135181975736	0.24981431047288932	AD	ENSG00000174173	0.832384253528101	-0.11200854988176444	FALSE	5	TRMT10C	TRMT10C
ENSG00000166295	4	1	3	0.01011643895082711	0.2896756622926467	0.03986135181975736	0.24981431047288932	AD	ENSG00000166295	0.832384253528101	0.1798931475752319	FALSE	5	ANAPC16	ANAPC16
ENSG00000122482	4	1	3	0.01011643895082711	0.2896756622926467	0.03986135181975736	0.24981431047288932	AD	ENSG00000122482	0.832384253528101	0.11820276765062589	FALSE	5	ZNF644	ZNF644
ENSG00000127329	4	1	3	0.01011643895082711	0.2896756622926467	0.03986135181975736	0.24981431047288932	AD	ENSG00000127329	0.832384253528101	0.08833312694587114	FALSE	5	PTPRB	PTPRB
ENSG00000173327	4	1	3	0.01011643895082711	0.2896756622926467	0.03986135181975736	0.24981431047288932	AD	ENSG00000173327	0.832384253528101	0.06508754337338551	FALSE	5	MAP3K11	MAP3K11
ENSG00000125901	4	1	3	0.01011643895082711	0.2896756622926467	0.03986135181975736	0.24981431047288932	AD	ENSG00000125901	0.832384253528101	-0.1033764777512367	FALSE	5	MRPS26	MRPS26
ENSG00000158352	4	1	3	0.01011643895082711	0.2896756622926467	0.03986135181975736	0.24981431047288932	AD	ENSG00000158352	0.832384253528101	0.21505104002805983	FALSE	5	SHROOM4	SHROOM4
ENSG00000141543	4	1	3	0.01011643895082711	0.2896756622926467	0.03986135181975736	0.24981431047288932	AD	ENSG00000141543	0.832384253528101	-0.12250884113545446	FALSE	5	EIF4A3	EIF4A3
ENSG00000099381	4	1	3	0.01011643895082711	0.2896756622926467	0.03986135181975736	0.24981431047288932	AD	ENSG00000099381	0.832384253528101	0.08793047537939103	FALSE	5	SETD1A	SETD1A
ENSG00000100485	61	18	43	0.5514916880053581	0.6866798712552612	0.4371131468185194	0.24956672443674177	AD	ENSG00000100485	0.8306511512750681	0.1571655579625677	FALSE	5	SOS2	SOS2
ENSG00000174099	105	24	81	1.0657981746071623	0.7462243129487497	0.4969051745481554	0.24931913840059425	AD	ENSG00000174099	0.8304035652389206	0.23994675917743	FALSE	5	MSRB3	MSRB3
ENSG00000118473	35	12	23	0.28080406347809256	0.6147561277543947	0.365684575389948	0.24907155236444667	AD	ENSG00000118473	0.8300321861846992	-0.16350918028867945	FALSE	5	SGIP1	SGIP1
ENSG00000115073	6	43	-37	-0.5312588101037037	0.35528596187175043	0.6043575142361971	-0.24907155236444667	Control	ENSG00000115073	0.8300321861846992	-0.08569488128634895	FALSE	5	ACTR1B	ACTR1B
ENSG00000178233	17	122	-105	-1.4515967334964062	0.5127506808615994	0.7616984402079723	-0.24894775934637292	Control	ENSG00000178233	0.8296608071304779	-0.12834019815953823	FALSE	5	TMEM151B	TMEM151B
ENSG00000151640	12	89	-77	-1.0726340591582346	0.46595692002971034	0.7147808863580094	-0.24882396632829903	Control	ENSG00000151640	0.8294132210943302	-0.09418592435327788	FALSE	5	DPYSL4	DPYSL4
ENSG00000108510	21	8	13	0.14546025121445982	0.5432037633077494	0.2948749690517455	0.24832879425600396	AD	ENSG00000108510	0.8291656350581827	0.0967575971587724	FALSE	5	MED13	MED13
ENSG00000147180	16	114	-98	-1.3568560649118633	0.5049517207229512	0.7530329289428076	-0.24808120821985635	Control	ENSG00000147180	0.8289180490220351	-0.11051595369136002	FALSE	5	ZNF711	ZNF711
ENSG00000145675	54	368	-314	-4.280282409806331	0.6717009160683337	0.9196583312701164	-0.2479574152017826	Control	ENSG00000145675	0.8286704629858876	-0.0987978162790597	FALSE	5	PIK3R1	PIK3R1
ENSG00000181915	10	71	-61	-0.8560839595364222	0.437360732854667	0.6842040108937856	-0.2468432780391186	Control	ENSG00000181915	0.82842287694974	-0.14884866453555468	FALSE	5	ADO	ADO
ENSG00000078804	10	4	6	0.05071958262991694	0.437360732854667	0.19076504085169596	0.24659569200297105	AD	ENSG00000078804	0.8280514978955187	0.13512799707825174	FALSE	5	TP53INP2	TP53INP2
ENSG00000104365	10	4	6	0.05071958262991694	0.437360732854667	0.19076504085169596	0.24659569200297105	AD	ENSG00000104365	0.8280514978955187	0.16087237955742673	FALSE	5	IKBKB	IKBKB
ENSG00000177301	15	108	-93	-1.289184158780047	0.4961624164397128	0.74263431542461	-0.2464718989848972	Control	ENSG00000177301	0.8276801188412973	-0.095889585273516445	FALSE	5	KCNA2	KCNA2
ENSG00000149927	263	46	217	2.9064740213925675	0.862837335974251	0.616860609061649	0.24597672691260208	AD	ENSG00000149927	0.8274325328051498	-0.24805545678115237	FALSE	5	DOC2A	DOC2A
ENSG00000137478	15	6	9	0.09132272630900674	0.4961624164397128	0.25043327556325823	0.2457291408764546	AD	ENSG00000137478	0.8271849467690022	0.23343291359671348	FALSE	5	FCHSD2	FCHSD2
ENSG00000176454	30	11	19	0.22666653857263944	0.5963109680614014	0.35070562020302054	0.24560534785838084	AD	ENSG00000176454	0.8269373607328546	-0.06873915817240217	FALSE	5	LPCAT4	LPCAT4
ENSG00000168610	7	49	-42	-0.5989307162355201	0.3815300817033919	0.6266402574894776	-0.24511017578608568	Control	ENSG00000168610	0.8266897746967071	0.05510253667761411	FALSE	5	STAT3	STAT3
ENSG00000205922	2	17	-15	-0.23350242312371175	0.18209952958653133	0.42696211933646944	-0.2448625897499381	Control	ENSG00000205922	0.8263183956424858	0.00910991765566415	FALSE	5	ONECUT3	ONECUT3
ENSG00000160256	2	17	-15	-0.23350242312371175	0.18209952958653133	0.42696211933646944	-0.2448625897499381	Control	ENSG00000160256	0.8263183956424858	-0.1430294077391956	FALSE	5	SLX9	SLX9
ENSG00000111530	22	160	-138	-1.8982313139663944	0.5505075513741025	0.7948749690517455	-0.24436741767764303	Control	ENSG00000111530	0.8259470165882644	-0.12111998219944552	FALSE	5	CAND1	CAND1
ENSG00000247596	5	35	-30	-0.4365181415191608	0.3247090864075266	0.5685813320128744	-0.2438722456053478	Control	ENSG00000247596	0.8256994305521168	-0.16547918842673592	FALSE	5	TWF2	TWF2
ENSG00000170606	1	9	-8	-0.1387617545391689	0.07279029462738301	0.3161673681604357	-0.2433770735330527	Control	ENSG00000170606	0.8227283981183461	-0.04942348682685527	FALSE	5	HSPA4	HSPA4
ENSG00000174501	1	9	-8	-0.1387617545391689	0.07279029462738301	0.3161673681604357	-0.2433770735330527	Control	ENSG00000174501	0.8227283981183461	0.20467387198692144	FALSE	5	ANKRD36C	ANKRD36C
ENSG00000066322	1	9	-8	-0.1387617545391689	0.07279029462738301	0.3161673681604357	-0.2433770735330527	Control	ENSG00000066322	0.8227283981183461	0.09843269885483252	FALSE	5	ELOVL1	ELOVL1
ENSG00000164111	1	9	-8	-0.1387617545391689	0.07279029462738301	0.3161673681604357	-0.2433770735330527	Control	ENSG00000164111	0.8227283981183461	0.10862360216331446	FALSE	5	ANXA5	ANXA5
ENSG00000189067	1	9	-8	-0.1387617545391689	0.07279029462738301	0.3161673681604357	-0.2433770735330527	Control	ENSG00000189067	0.8227283981183461	0.03980456068214799	FALSE	5	LITAF	LITAF
ENSG00000166762	1	9	-8	-0.1387617545391689	0.07279029462738301	0.3161673681604357	-0.2433770735330527	Control	ENSG00000166762	0.8227283981183461	0.16033922416009538	FALSE	5	CATSPER2	CATSPER2
ENSG00000066136	1	9	-8	-0.1387617545391689	0.07279029462738301	0.3161673681604357	-0.2433770735330527	Control	ENSG00000066136	0.8227283981183461	-0.02193392069517941	FALSE	5	NFYC	NFYC
ENSG00000185986	1	9	-8	-0.1387617545391689	0.07279029462738301	0.3161673681604357	-0.2433770735330527	Control	ENSG00000185986	0.8227283981183461	0.01444488062633908	FALSE	5	SDHAP3	SDHAP3
ENSG00000178467	1	9	-8	-0.1387617545391689	0.07279029462738301	0.3161673681604357	-0.2433770735330527	Control	ENSG00000178467	0.8227283981183461	-0.1254336917710681	FALSE	5	P4HTM	P4HTM
ENSG00000145907	1	9	-8	-0.1387617545391689	0.07279029462738301	0.3161673681604357	-0.2433770735330527	Control	ENSG00000145907	0.8227283981183461	0.10158841233682026	FALSE	5	G3BP1	G3BP1
ENSG00000146215	1	9	-8	-0.1387617545391689	0.07279029462738301	0.3161673681604357	-0.2433770735330527	Control	ENSG00000146215	0.8227283981183461	0.23271371266670027	FALSE	5	CRIP3	CRIP3
ENSG00000081320	1	9	-8	-0.1387617545391689	0.07279029462738301	0.3161673681604357	-0.2433770735330527	Control	ENSG00000081320	0.8227283981183461	0.06848206467672036	FALSE	5	STK17B	STK17B
ENSG00000168884	1	9	-8	-0.1387617545391689	0.07279029462738301	0.3161673681604357	-0.2433770735330527	Control	ENSG00000168884	0.8227283981183461	0.1278629355619909	FALSE	5	TNIP2	TNIP2
ENSG00000101493	1	9	-8	-0.1387617545391689	0.07279029462738301	0.3161673681604357	-0.2433770735330527	Control	ENSG00000101493	0.8227283981183461	0.04693814454630463	FALSE	5	ZNF516	ZNF516
ENSG00000140718	1	9	-8	-0.1387617545391689	0.07279029462738301	0.3161673681604357	-0.2433770735330527	Control	ENSG00000140718	0.8227283981183461	-0.11985377988132484	FALSE	5	FTO	FTO
ENSG00000165506	1	9	-8	-0.1387617545391689	0.07279029462738301	0.3161673681604357	-0.2433770735330527	Control	ENSG00000165506	0.8227283981183461	-0.09950381197750424	FALSE	5	DNAAF2	DNAAF2
ENSG00000132294	1	9	-8	-0.1387617545391689	0.07279029462738301	0.3161673681604357	-0.2433770735330527	Control	ENSG00000132294	0.8227283981183461	-0.08181432407910094	FALSE	5	EFR3A	EFR3A
ENSG00000102312	1	9	-8	-0.1387617545391689	0.07279029462738301	0.3161673681604357	-0.2433770735330527	Control	ENSG00000102312	0.8227283981183461	-0.13382008073838492	FALSE	5	PORCN	PORCN
ENSG00000165684	1	9	-8	-0.1387617545391689	0.07279029462738301	0.3161673681604357	-0.2433770735330527	Control	ENSG00000165684	0.8227283981183461	-0.07180748395754577	FALSE	5	SNAPC4	SNAPC4
ENSG00000110651	1	9	-8	-0.1387617545391689	0.07279029462738301	0.3161673681604357	-0.2433770735330527	Control	ENSG00000110651	0.8227283981183461	0.02872783109004473	FALSE	5	CD81	CD81
ENSG00000090905	1	9	-8	-0.1387617545391689	0.07279029462738301	0.3161673681604357	-0.2433770735330527	Control	ENSG00000090905	0.8227283981183461	0.12328338270292782	FALSE	5	TNRC6A	TNRC6A
ENSG00000080823	1	9	-8	-0.1387617545391689	0.07279029462738301	0.3161673681604357	-0.2433770735330527	Control	ENSG00000080823	0.8227283981183461	0.00155872325160011	FALSE	5	MOK	MOK
ENSG00000178235	1	9	-8	-0.1387617545391689	0.07279029462738301	0.3161673681604357	-0.2433770735330527	Control	ENSG00000178235	0.8227283981183461	-0.12988683874714724	FALSE	5	SLITRK1	SLITRK1
ENSG00000140497	8	55	-47	-0.6666026223673365	0.4022035157217133	0.6454567962366923	-0.24325328051497896	Control	ENSG00000140497	0.8197573656845754	0.1514770335541762	FALSE	5	SCAMP2	SCAMP2
ENSG00000139636	12	5	7	0.06425396385628021	0.46595692002971034	0.22295122555087893	0.2430056944788314	AD	ENSG00000139636	0.819385986630354	0.03663383829512057	FALSE	5	LMBR1L	LMBR1L
ENSG00000152402	12	5	7	0.06425396385628021	0.46595692002971034	0.22295122555087893	0.2430056944788314	AD	ENSG00000152402	0.819385986630354	-0.1029420773516012	FALSE	5	GUCY1A2	GUCY1A2
ENSG00000140455	126	28	98	1.295882655455338	0.7681356771478088	0.5251299826689775	0.24300569447883136	AD	ENSG00000140455	0.8190146075761328	0.19576525889578544	FALSE	5	USP3	USP3
ENSG00000184867	66	20	46	0.5920948316844479	0.6973260708096063	0.4548155484030701	0.2425105224065362	AD	ENSG00000184867	0.8187670215399852	-0.14541057718017214	FALSE	5	ARMCX2	ARMCX2
ENSG00000225465	106	25	81	1.0657981746071623	0.7475860361475613	0.505694478831394	0.2418915573161673	AD	ENSG00000225465	0.8185194355038375	-0.18669606331159372	FALSE	5	RFPL1S	RFPL1S
ENSG00000267909	12	84	-72	-1.0049621530264183	0.46595692002971034	0.7077246843278039	-0.24176776429809357	Control	ENSG00000267909	0.81827184946769	-0.1890177264254307	FALSE	5	CCDC177	CCDC177
ENSG00000100321	28	201	-173	-2.371934656889109	0.5865313196335726	0.8280514978955187	-0.24152017826194605	Control	ENSG00000100321	0.8180242634315424	-0.17867308130759163	FALSE	5	SYNGR1	SYNGR1
ENSG00000070831	33	12	21	0.253735301025366	0.6070809606338202	0.365684575389948	0.2413963852438722	AD	ENSG00000070831	0.817776677395395	-0.10152109485765236	FALSE	5	CDC42	CDC42
ENSG00000006831	26	10	16	0.18606339489354964	0.5757613270611538	0.33473632087150285	0.24102500618965095	AD	ENSG00000006831	0.8175290913592473	0.27216765128119214	FALSE	5	ADIPOR2	ADIPOR2
ENSG00000162511	10	69	-59	-0.8290151970836958	0.437360732854667	0.6783857390443179	-0.2410250061896509	Control	ENSG00000162511	0.8172815053230997	0.06962735178974278	FALSE	5	LAPTM5	LAPTM5
ENSG00000124406	65	20	45	0.5785604504580846	0.6953453825204259	0.4548155484030701	0.2405298341173558	AD	ENSG00000124406	0.8170339192869522	-0.149567029650159	FALSE	5	ATP8A1	ATP8A1
ENSG00000091164	6	41	-35	-0.5041900476509772	0.35528596187175043	0.5958157959891062	-0.2405298341173557	Control	ENSG00000091164	0.8167863332508046	-0.09298514732148357	FALSE	5	TXNL1	TXNL1
ENSG00000154945	36	13	23	0.28080406347809256	0.6192126764050507	0.37880663530576875	0.240406041099282	AD	ENSG00000154945	0.8165387472146571	0.3014630892092427	FALSE	5	ANKRD40	ANKRD40
ENSG00000113638	71	21	50	0.646232356589901	0.7051250309482545	0.4652141619212676	0.23991086902698688	AD	ENSG00000113638	0.8161673681604358	-0.07224527578792639	FALSE	5	TTC33	TTC33
ENSG00000173611	71	21	50	0.646232356589901	0.7051250309482545	0.4652141619212676	0.23991086902698688	AD	ENSG00000173611	0.8161673681604358	-0.1651373842871724	FALSE	5	SCAI	SCAI
ENSG00000270170	34	234	-200	-2.737362950000917	0.6109185441941074	0.8500866551126517	-0.23916811091854429	Control	ENSG00000270170	0.8157959891062144	-0.1763879812070872	FALSE	5	NCBP2AS2	NCBP2AS2
ENSG00000132463	26	181	-155	-2.12831579481457	0.5757613270611538	0.8146818519435504	-0.23892052488239657	Control	ENSG00000132463	0.8155484030700668	-0.11034525429611008	FALSE	5	GRSF1	GRSF1
ENSG00000159189	7	47	-40	-0.5718619537827936	0.3815300817033919	0.620203020549641	-0.23867293884624913	Control	ENSG00000159189	0.8153008170339193	-0.04482732807468537	FALSE	5	C1QC	C1QC
ENSG00000096070	5	34	-29	-0.4229837602927976	0.3247090864075266	0.5628868531814806	-0.23817776677395397	Control	ENSG00000096070	0.8150532309977717	0.05058975212510042	FALSE	5	BRPF3	BRPF3
ENSG00000169612	10	68	-58	-0.8154808158573325	0.437360732854667	0.6754147066105471	-0.23805397375588017	Control	ENSG00000169612	0.8148056449616241	-0.16027584497175784	FALSE	5	RAMAC	RAMAC
ENSG00000174136	26	180	-154	-2.1147814135882066	0.5757613270611538	0.8138153008170339	-0.2380539737558801	Control	ENSG00000174136	0.8145580589254766	-0.1101478150981574	FALSE	5	RGMB	RGMB
ENSG00000104164	6	40	-34	-0.4906556664246139	0.35528596187175043	0.5921020054468928	-0.2368160435751424	Control	ENSG00000104164	0.814310472889329	-0.10184683762468616	FALSE	5	BLOC1S6	BLOC1S6
ENSG00000117245	82	23	59	0.7680417876271703	0.722951225550879	0.4866303540480317	0.2363208715028473	AD	ENSG00000117245	0.8140628868531815	-0.16638082439556712	FALSE	5	KIF17	KIF17
ENSG00000136842	228	43	185	2.4733738221489427	0.8403070066848229	0.6043575142361971	0.23594949244862584	AD	ENSG00000136842	0.8138153008170339	-0.12516797219932663	FALSE	5	TMOD1	TMOD1
ENSG00000028839	28	11	17	0.19959777611991292	0.5865313196335726	0.35070562020302054	0.2358256994305521	AD	ENSG00000028839	0.8135677147808864	-0.1411165507763101	FALSE	5	TBPL1	TBPL1
ENSG00000162650	14	6	8	0.07778834508264348	0.4860113889576628	0.25043327556325823	0.23557811339440457	AD	ENSG00000162650	0.813196335726665	0.01323547017909199	FALSE	5	ATXN7L2	ATXN7L2
ENSG00000123143	14	6	8	0.07778834508264348	0.4860113889576628	0.25043327556325823	0.23557811339440457	AD	ENSG00000123143	0.813196335726665	0.06036214642023019	FALSE	5	PKN1	PKN1
ENSG00000047056	4	28	-24	-0.35531185416098127	0.2896756622926467	0.5251299826689775	-0.2354543203763308	Control	ENSG00000047056	0.8127011636543698	-0.1286163127576323	FALSE	5	WDR37	WDR37
ENSG00000183864	4	28	-24	-0.35531185416098127	0.2896756622926467	0.5251299826689775	-0.2354543203763308	Control	ENSG00000183864	0.8127011636543698	0.1268073036174986	FALSE	5	TOB2	TOB2
ENSG00000055609	50	17	33	0.4161478757417253	0.6622926466947264	0.42696211933646944	0.235330527358257	AD	ENSG00000055609	0.8123297846001486	0.1358319585053831	FALSE	5	KMT2C	KMT2C
ENSG00000125492	9	59	-50	-0.7072057660464263	0.4207724684327804	0.6558554097548899	-0.2350829413221095	Control	ENSG00000125492	0.812082198564001	0.03068213022463384	FALSE	5	BARHL1	BARHL1
ENSG00000188822	2	16	-14	-0.21996804189734853	0.18209952958653133	0.41718247090864075	-0.2350829413221094	Control	ENSG00000188822	0.8114632334736321	-0.02184269794096383	FALSE	5	CNR2	CNR2
ENSG00000124422	2	16	-14	-0.21996804189734853	0.18209952958653133	0.41718247090864075	-0.2350829413221094	Control	ENSG00000124422	0.8114632334736321	-0.06791644246537665	FALSE	5	USP22	USP22
ENSG00000168481	2	16	-14	-0.21996804189734853	0.18209952958653133	0.41718247090864075	-0.2350829413221094	Control	ENSG00000168481	0.8114632334736321	-0.08132618447031525	FALSE	5	LGI3	LGI3
ENSG00000169758	2	16	-14	-0.21996804189734853	0.18209952958653133	0.41718247090864075	-0.2350829413221094	Control	ENSG00000169758	0.8114632334736321	-0.10128950089363986	FALSE	5	TMEM266	TMEM266
ENSG00000148143	38	14	24	0.2943384447044558	0.6278781876702154	0.3932904184204011	0.2345877692498143	AD	ENSG00000148143	0.8108442683832632	0.21341090354986392	FALSE	5	ZNF462	ZNF462
ENSG00000174306	54	18	36	0.45675101942081514	0.6717009160683337	0.4371131468185194	0.23458776924981428	AD	ENSG00000174306	0.8105966823471156	0.22634210052911463	FALSE	5	ZHX3	ZHX3
ENSG00000019582	5	33	-28	-0.4094493790664343	0.3247090864075266	0.5590492696211934	-0.2343401832136668	Control	ENSG00000019582	0.8102253032928943	0.06759118535948794	FALSE	5	CD74	CD74
ENSG00000010404	5	33	-28	-0.4094493790664343	0.3247090864075266	0.5590492696211934	-0.2343401832136668	Control	ENSG00000010404	0.8102253032928943	-0.23654264258104615	FALSE	5	IDS	IDS
ENSG00000138801	22	9	13	0.14546025121445982	0.5505075513741025	0.3161673681604357	0.23434018321366673	AD	ENSG00000138801	0.809853924238673	-0.1125488461508226	FALSE	5	PAPSS1	PAPSS1
ENSG00000088986	225	43	182	2.432770678469853	0.8383263183956425	0.6043575142361971	0.23396880415944543	AD	ENSG00000088986	0.8096063382025254	-0.16180614964219053	FALSE	5	DYNLL1	DYNLL1
ENSG00000180998	171	35	136	1.8101891420571423	0.8021787571180985	0.5685813320128744	0.23359742510522408	AD	ENSG00000180998	0.8093587521663779	-0.1805090399764868	FALSE	5	GPR137C	GPR137C
ENSG00000143575	19	8	11	0.11839148876173328	0.5283486011388958	0.2948749690517455	0.23347363208715033	AD	ENSG00000143575	0.8091111661302303	-0.10251669350317094	FALSE	5	HAX1	HAX1
ENSG00000012232	12	79	-67	-0.937290246894602	0.46595692002971034	0.6993067590987868	-0.23334983906907647	Control	ENSG00000012232	0.8088635800940827	-0.06313578575702294	FALSE	5	EXTL3	EXTL3
ENSG00000213619	148	32	116	1.539501517529877	0.7857142857142857	0.5529834117355781	0.2327308739787076	AD	ENSG00000213619	0.8086159940579352	-0.13674426115455773	FALSE	5	NDUFS3	NDUFS3
ENSG00000102452	27	180	-153	-2.1012470323618433	0.5817033919286952	0.8138153008170339	-0.23211190888833863	Control	ENSG00000102452	0.8083684080217876	-0.17642335482035065	FALSE	5	NALCN	NALCN
ENSG00000104218	3	22	-19	-0.28763994802916487	0.2442436246595692	0.47623174052983414	-0.23198811587026497	Control	ENSG00000104218	0.8081208219856401	0.1954841757111012	FALSE	5	CSPP1	CSPP1
ENSG00000163950	251	48	203	2.7169926842234817	0.8542956177271602	0.6234216390195593	0.23087397870760096	AD	ENSG00000163950	0.8078732359494925	-0.16448326457628504	FALSE	5	SLBP	SLBP
ENSG00000146122	16	7	9	0.09132272630900674	0.5049517207229512	0.2742015350334241	0.23075018568952715	AD	ENSG00000146122	0.8075018568952711	0.20594221424002868	FALSE	5	DAAM2	DAAM2
ENSG00000134748	16	7	9	0.09132272630900674	0.5049517207229512	0.2742015350334241	0.23075018568952715	AD	ENSG00000134748	0.8075018568952711	0.04447373987872716	FALSE	5	PRPF38A	PRPF38A
ENSG00000055208	7	3	4	0.02365082017719039	0.3815300817033919	0.15139886110423373	0.2301312205991582	AD	ENSG00000055208	0.8066353057687546	0.12794465055947235	FALSE	5	TAB2	TAB2
ENSG00000163170	7	3	4	0.02365082017719039	0.3815300817033919	0.15139886110423373	0.2301312205991582	AD	ENSG00000163170	0.8066353057687546	-0.23151832102792105	FALSE	5	BOLA3	BOLA3
ENSG00000132938	7	3	4	0.02365082017719039	0.3815300817033919	0.15139886110423373	0.2301312205991582	AD	ENSG00000132938	0.8066353057687546	-0.01157531614326856	FALSE	5	MTUS2	MTUS2
ENSG00000174748	7	3	4	0.02365082017719039	0.3815300817033919	0.15139886110423373	0.2301312205991582	AD	ENSG00000174748	0.8066353057687546	-0.13524546794951495	FALSE	5	RPL15	RPL15
ENSG00000115687	7	3	4	0.02365082017719039	0.3815300817033919	0.15139886110423373	0.2301312205991582	AD	ENSG00000115687	0.8066353057687546	0.00687635616688808	FALSE	5	PASK	PASK
ENSG00000036530	19	120	-101	-1.3974592085909532	0.5283486011388958	0.758479821738054	-0.23013122059915816	Control	ENSG00000036530	0.8058925476603119	-0.10612292233349764	FALSE	5	CYP46A1	CYP46A1
ENSG00000151136	78	23	55	0.7139042627217173	0.7166377816291161	0.4866303540480317	0.2300074275810844	AD	ENSG00000151136	0.8050259965337955	-0.23762630569295065	FALSE	5	ABTB3	ABTB3
ENSG00000116209	9	4	5	0.03718520140355366	0.4207724684327804	0.19076504085169596	0.2300074275810844	AD	ENSG00000116209	0.8050259965337955	-0.15749354272076663	FALSE	5	TMEM59	TMEM59
ENSG00000236279	9	4	5	0.03718520140355366	0.4207724684327804	0.19076504085169596	0.2300074275810844	AD	ENSG00000236279	0.8050259965337955	-0.23567842421920737	FALSE	5	CLEC2L	CLEC2L
ENSG00000154493	9	4	5	0.03718520140355366	0.4207724684327804	0.19076504085169596	0.2300074275810844	AD	ENSG00000154493	0.8050259965337955	0.21662987587022275	FALSE	5	C10orf90	C10orf90
ENSG00000011451	9	4	5	0.03718520140355366	0.4207724684327804	0.19076504085169596	0.2300074275810844	AD	ENSG00000011451	0.8050259965337955	0.0117016618660859	FALSE	5	WIZ	WIZ
ENSG00000224924	9	4	5	0.03718520140355366	0.4207724684327804	0.19076504085169596	0.2300074275810844	AD	ENSG00000224924	0.8050259965337955	0.3353407218504749	FALSE	5	LINC00320	LINC00320
ENSG00000119401	39	251	-212	-2.8997755247172763	0.632087150284724	0.8618469918296608	-0.2297598415449369	Control	ENSG00000119401	0.804159445407279	-0.1264294580490084	FALSE	5	TRIM32	TRIM32
ENSG00000204983	4	27	-23	-0.34177747293461797	0.2896756622926467	0.5183213666749196	-0.22864570438227289	Control	ENSG00000204983	0.8037880663530577	0.09649326739376862	FALSE	5	PRSS1	PRSS1
ENSG00000175216	4	27	-23	-0.34177747293461797	0.2896756622926467	0.5183213666749196	-0.22864570438227289	Control	ENSG00000175216	0.8037880663530577	-0.10303987393073122	FALSE	5	CKAP5	CKAP5
ENSG00000139874	5	32	-27	-0.39591499784007106	0.3247090864075266	0.5529834117355781	-0.22827432532805148	Control	ENSG00000139874	0.8034166872988363	-0.3582049477603091	FALSE	5	SSTR1	SSTR1
ENSG00000107874	7	44	-37	-0.5312588101037037	0.3815300817033919	0.6093092349591483	-0.22777915325575643	Control	ENSG00000107874	0.8031691012626888	-0.12947527087989918	FALSE	5	CUEDC2	CUEDC2
ENSG00000184831	185	38	147	1.9590673355471384	0.8122059915820747	0.5855409754889824	0.2266650160930923	AD	ENSG00000184831	0.8029215152265412	-0.1848385698490258	FALSE	5	APOO	APOO
ENSG00000129518	13	6	7	0.06425396385628021	0.47660311958405543	0.25043327556325823	0.2261698440207972	AD	ENSG00000129518	0.8026739291903937	-0.06588375458662554	FALSE	5	EAPP	EAPP
ENSG00000180964	29	12	17	0.19959777611991292	0.5914830403565239	0.365684575389948	0.22579846496657585	AD	ENSG00000180964	0.8024263431542461	-0.09836657216522936	FALSE	5	TCEAL8	TCEAL8
ENSG00000196935	193	40	153	2.040273622905318	0.8174052983411736	0.5921020054468928	0.22530329289428075	AD	ENSG00000196935	0.8020549641000247	0.2624417662400518	FALSE	5	SRGAP1	SRGAP1
ENSG00000127946	46	17	29	0.3620103508362722	0.6522654122307502	0.42696211933646944	0.22530329289428075	AD	ENSG00000127946	0.8020549641000247	0.2093419744494387	FALSE	5	HIP1	HIP1
ENSG00000065665	26	11	15	0.17252901366718637	0.5757613270611538	0.35070562020302054	0.22505570685813325	AD	ENSG00000065665	0.8014359990096559	-0.1472957993234658	FALSE	5	SEC61A2	SEC61A2
ENSG00000084453	18	8	10	0.10485710753537002	0.5199306759098787	0.2948749690517455	0.22505570685813325	AD	ENSG00000084453	0.8014359990096559	0.33115797175233297	FALSE	5	SLCO1A2	SLCO1A2
ENSG00000179820	18	8	10	0.10485710753537002	0.5199306759098787	0.2948749690517455	0.22505570685813325	AD	ENSG00000179820	0.8014359990096559	-0.12278201457113092	FALSE	5	MYADM	MYADM
ENSG00000138496	2	15	-13	-0.2064336606709853	0.18209952958653133	0.4067838573904432	-0.22468432780391187	Control	ENSG00000138496	0.8008170339192869	0.13584258149916906	FALSE	5	PARP9	PARP9
ENSG00000182685	2	15	-13	-0.2064336606709853	0.18209952958653133	0.4067838573904432	-0.22468432780391187	Control	ENSG00000182685	0.8008170339192869	0.12177056625961669	FALSE	5	BRICD5	BRICD5
ENSG00000116731	57	20	37	0.4702854006471784	0.6794998762069819	0.4548155484030701	0.22468432780391184	AD	ENSG00000116731	0.8004456548650656	-0.0846039970399648	FALSE	5	PRDM2	PRDM2
ENSG00000173372	8	49	-41	-0.5853963350091568	0.4022035157217133	0.6266402574894776	-0.2244367417677643	Control	ENSG00000173372	0.8001980688289181	-0.05819210608932046	FALSE	5	C1QA	C1QA
ENSG00000116120	182	38	144	1.9184641918680485	0.8096063382025254	0.5855409754889824	0.22406536271354296	AD	ENSG00000116120	0.7999504827927705	-0.24595950584775217	FALSE	5	FARSB	FARSB
ENSG00000076554	251	50	201	2.689923921770755	0.8542956177271602	0.630354048031691	0.2239415696954692	AD	ENSG00000076554	0.7994553107204754	-0.15304174990485464	FALSE	5	TPD52	TPD52
ENSG00000124134	145	33	112	1.4853639926244238	0.7829908393166626	0.5590492696211934	0.2239415696954692	AD	ENSG00000124134	0.7994553107204754	-0.12298306019233074	FALSE	5	KCNS1	KCNS1
ENSG00000050030	238	48	190	2.541045728280759	0.8473632087150285	0.6234216390195593	0.2239415696954692	AD	ENSG00000050030	0.7994553107204754	-0.1077754610519488	FALSE	5	NEXMIF	NEXMIF
ENSG00000163655	21	126	-105	-1.4515967334964062	0.5432037633077494	0.7670215399851449	-0.22381777667739544	Control	ENSG00000163655	0.7989601386481803	-0.1251683111308317	FALSE	5	GMPS	GMPS
ENSG00000077152	181	38	143	1.9049298106416852	0.8086159940579352	0.5855409754889824	0.22307501856895273	AD	ENSG00000077152	0.7987125526120327	-0.262099742682782	FALSE	5	UBE2T	UBE2T
ENSG00000070413	11	68	-57	-0.8019464346309692	0.45233968804159447	0.6754147066105471	-0.22307501856895268	Control	ENSG00000070413	0.7984649665758852	-0.07137826125386404	FALSE	5	DGCR2	DGCR2
ENSG00000173473	120	30	90	1.1876076056444318	0.762441198316415	0.5396137657836098	0.22282743253280524	AD	ENSG00000173473	0.7982173805397376	0.23298183437132813	FALSE	5	SMARCC1	SMARCC1
ENSG00000276547	1	8	-7	-0.12522737331280562	0.07279029462738301	0.2948749690517455	-0.22208467442436247	Control	ENSG00000276547	0.7958653131963357	-0.2572569376708449	FALSE	5	PCDHGB5	PCDHGB5
ENSG00000211653	1	8	-7	-0.12522737331280562	0.07279029462738301	0.2948749690517455	-0.22208467442436247	Control	ENSG00000211653	0.7958653131963357	0.0886851380880358	FALSE	5	IGLV1-40	IGLV1-40
ENSG00000133574	1	8	-7	-0.12522737331280562	0.07279029462738301	0.2948749690517455	-0.22208467442436247	Control	ENSG00000133574	0.7958653131963357	0.1780334983879346	FALSE	5	GIMAP4	GIMAP4
ENSG00000223403	1	8	-7	-0.12522737331280562	0.07279029462738301	0.2948749690517455	-0.22208467442436247	Control	ENSG00000223403	0.7958653131963357	-0.0906291799125647	FALSE	5	MEG9	MEG9
ENSG00000135899	1	8	-7	-0.12522737331280562	0.07279029462738301	0.2948749690517455	-0.22208467442436247	Control	ENSG00000135899	0.7958653131963357	0.16200851446886588	FALSE	5	SP110	SP110
ENSG00000198824	1	8	-7	-0.12522737331280562	0.07279029462738301	0.2948749690517455	-0.22208467442436247	Control	ENSG00000198824	0.7958653131963357	-0.11518857560757922	FALSE	5	CHAMP1	CHAMP1
ENSG00000188976	1	8	-7	-0.12522737331280562	0.07279029462738301	0.2948749690517455	-0.22208467442436247	Control	ENSG00000188976	0.7958653131963357	-0.06922413881264866	FALSE	5	NOC2L	NOC2L
ENSG00000248367	1	8	-7	-0.12522737331280562	0.07279029462738301	0.2948749690517455	-0.22208467442436247	Control	ENSG00000248367	0.7958653131963357	0.1248682502615841	FALSE	5	NA	ENSG00000248367
ENSG00000116729	1	8	-7	-0.12522737331280562	0.07279029462738301	0.2948749690517455	-0.22208467442436247	Control	ENSG00000116729	0.7958653131963357	0.03517166669461602	FALSE	5	WLS	WLS
ENSG00000196205	1	8	-7	-0.12522737331280562	0.07279029462738301	0.2948749690517455	-0.22208467442436247	Control	ENSG00000196205	0.7958653131963357	0.04868694372335369	FALSE	5	EEF1A1P5	EEF1A1P5
ENSG00000137825	1	8	-7	-0.12522737331280562	0.07279029462738301	0.2948749690517455	-0.22208467442436247	Control	ENSG00000137825	0.7958653131963357	-0.12542350390772403	FALSE	5	ITPKA	ITPKA
ENSG00000253496	1	8	-7	-0.12522737331280562	0.07279029462738301	0.2948749690517455	-0.22208467442436247	Control	ENSG00000253496	0.7958653131963357	0.02292846973860363	FALSE	5	NA	ENSG00000253496
ENSG00000121297	1	8	-7	-0.12522737331280562	0.07279029462738301	0.2948749690517455	-0.22208467442436247	Control	ENSG00000121297	0.7958653131963357	-0.01470615220654814	FALSE	5	TSHZ3	TSHZ3
ENSG00000164117	1	8	-7	-0.12522737331280562	0.07279029462738301	0.2948749690517455	-0.22208467442436247	Control	ENSG00000164117	0.7958653131963357	0.09062142685260888	FALSE	5	FBXO8	FBXO8
ENSG00000167323	1	8	-7	-0.12522737331280562	0.07279029462738301	0.2948749690517455	-0.22208467442436247	Control	ENSG00000167323	0.7958653131963357	-0.0438591658357037	FALSE	5	STIM1	STIM1
ENSG00000185666	1	8	-7	-0.12522737331280562	0.07279029462738301	0.2948749690517455	-0.22208467442436247	Control	ENSG00000185666	0.7958653131963357	-0.17270758194777436	FALSE	5	SYN3	SYN3
ENSG00000134594	1	8	-7	-0.12522737331280562	0.07279029462738301	0.2948749690517455	-0.22208467442436247	Control	ENSG00000134594	0.7958653131963357	-0.07480151760390807	FALSE	5	RAB33A	RAB33A
ENSG00000102053	1	8	-7	-0.12522737331280562	0.07279029462738301	0.2948749690517455	-0.22208467442436247	Control	ENSG00000102053	0.7958653131963357	-0.01785421335864967	FALSE	5	ZC3H12B	ZC3H12B
ENSG00000127870	25	157	-132	-1.8170250266082144	0.5692002971032434	0.7912849715276058	-0.2220846744243624	Control	ENSG00000127870	0.7935132458529339	-0.08598644263067712	FALSE	5	RNF6	RNF6
ENSG00000151422	15	7	8	0.07778834508264348	0.4961624164397128	0.2742015350334241	0.22196088140628872	AD	ENSG00000151422	0.7932656598167863	0.1155549627214345	FALSE	5	FER	FER
ENSG00000138279	23	10	13	0.14546025121445982	0.5565734092597178	0.33473632087150285	0.22183708838821492	AD	ENSG00000138279	0.7930180737806388	-0.12825707104367012	FALSE	5	ANXA7	ANXA7
ENSG00000249877	9	54	-45	-0.6395338599146099	0.4207724684327804	0.6423619707848477	-0.2215895023520673	Control	ENSG00000249877	0.7927704877444912	0.08990659778964272	FALSE	5	NA	ENSG00000249877
ENSG00000007047	17	102	-85	-1.1809091089691408	0.5127506808615994	0.7342163901955929	-0.22146570933399357	Control	ENSG00000007047	0.7925229017083436	-0.06687051556215273	FALSE	5	MARK4	MARK4
ENSG00000110497	18	107	-89	-1.2350466338745938	0.5199306759098787	0.7411487992077247	-0.22121812329784596	Control	ENSG00000110497	0.7922753156721961	-0.03308225734771319	FALSE	5	AMBRA1	AMBRA1
ENSG00000136205	38	15	23	0.28080406347809256	0.6278781876702154	0.4067838573904432	0.2210943302797722	AD	ENSG00000136205	0.7919039366179748	0.2837863614110212	FALSE	5	TNS3	TNS3
ENSG00000145354	72	23	49	0.6326979753635377	0.7077246843278039	0.4866303540480317	0.2210943302797722	AD	ENSG00000145354	0.7919039366179748	-0.06767274324658423	FALSE	5	CISD2	CISD2
ENSG00000233508	324	64	260	3.4884524141261877	0.8880911116613023	0.6673681604357514	0.22072295122555088	AD	ENSG00000233508	0.7915325575637534	-0.180206506388104	FALSE	5	PTPRT-DT	PTPRT-DT
ENSG00000156735	391	75	316	4.246377762802531	0.912478336221837	0.6921267640505075	0.2203515721713295	AD	ENSG00000156735	0.7912849715276058	-0.16148381615863272	FALSE	5	BAG4	BAG4
ENSG00000164916	6	36	-30	-0.4365181415191608	0.35528596187175043	0.5753899480069324	-0.220103986135182	Control	ENSG00000164916	0.7909135924733846	-0.10080296387747543	FALSE	5	FOXK1	FOXK1
ENSG00000176095	6	36	-30	-0.4365181415191608	0.35528596187175043	0.5753899480069324	-0.220103986135182	Control	ENSG00000176095	0.7909135924733846	-0.01164831851626146	FALSE	5	IP6K1	IP6K1
ENSG00000186297	20	9	11	0.11839148876173328	0.5360237682594702	0.3161673681604357	0.21985640009903443	AD	ENSG00000186297	0.7905422134191632	-0.12339332184636652	FALSE	5	GABRA5	GABRA5
ENSG00000159176	5	2	3	0.01011643895082711	0.3247090864075266	0.10497647932656598	0.21973260708096065	AD	ENSG00000159176	0.7894280762564991	0.563545203496588	TRUE	6	CSRP1	CSRP1
ENSG00000167550	5	2	3	0.01011643895082711	0.3247090864075266	0.10497647932656598	0.21973260708096065	AD	ENSG00000167550	0.7894280762564991	-0.20550687698122072	FALSE	6	RHEBL1	RHEBL1
ENSG00000165185	5	2	3	0.01011643895082711	0.3247090864075266	0.10497647932656598	0.21973260708096065	AD	ENSG00000165185	0.7894280762564991	0.259212981447396	FALSE	6	KIAA1958	KIAA1958
ENSG00000188786	5	2	3	0.01011643895082711	0.3247090864075266	0.10497647932656598	0.21973260708096065	AD	ENSG00000188786	0.7894280762564991	0.14032482309364802	FALSE	6	MTF1	MTF1
ENSG00000156650	5	2	3	0.01011643895082711	0.3247090864075266	0.10497647932656598	0.21973260708096065	AD	ENSG00000156650	0.7894280762564991	0.12732897679818045	FALSE	6	KAT6B	KAT6B
ENSG00000212907	5	2	3	0.01011643895082711	0.3247090864075266	0.10497647932656598	0.21973260708096065	AD	ENSG00000212907	0.7894280762564991	0.26143739237999597	FALSE	6	MT-ND4L	MT-ND4L
ENSG00000160014	5	2	3	0.01011643895082711	0.3247090864075266	0.10497647932656598	0.21973260708096065	AD	ENSG00000160014	0.7894280762564991	-0.4842126572141794	FALSE	6	CALM3	CALM3
ENSG00000105254	5	2	3	0.01011643895082711	0.3247090864075266	0.10497647932656598	0.21973260708096065	AD	ENSG00000105254	0.7894280762564991	-0.12035721114308195	FALSE	6	TBCB	TBCB
ENSG00000181852	40	240	-200	-2.737362950000917	0.6358009408269374	0.8547907897994553	-0.21898984897251791	Control	ENSG00000181852	0.7883139390938351	-0.05485360944510731	FALSE	6	RNF41	RNF41
ENSG00000197694	37	221	-184	-2.5208128503791047	0.6239168110918544	0.8422876949740035	-0.2183708838821491	Control	ENSG00000197694	0.7880663530576876	-0.10393345066152726	FALSE	6	SPTAN1	SPTAN1
ENSG00000184743	8	47	-39	-0.5583275725564303	0.4022035157217133	0.620203020549641	-0.21799950482792776	Control	ENSG00000184743	0.78781876702154	0.07162548104179756	FALSE	6	ATL3	ATL3
ENSG00000137563	17	8	9	0.09132272630900674	0.5127506808615994	0.2948749690517455	0.21787571180985388	AD	ENSG00000137563	0.7874473879673186	-0.22863391491405505	FALSE	6	GGH	GGH
ENSG00000130558	17	8	9	0.09132272630900674	0.5127506808615994	0.2948749690517455	0.21787571180985388	AD	ENSG00000130558	0.7874473879673186	-0.25993347728339344	FALSE	6	OLFM1	OLFM1
ENSG00000170445	47	18	29	0.3620103508362722	0.6548650656102996	0.4371131468185194	0.21775191879178013	AD	ENSG00000170445	0.7870760089130973	-0.08649681669589526	FALSE	6	HARS1	HARS1
ENSG00000198356	24	143	-119	-1.641078070665492	0.5630106461995543	0.7801435999009656	-0.21713295370141128	Control	ENSG00000198356	0.7868284228769498	-0.14604480750142734	FALSE	6	GET3	GET3
ENSG00000143786	37	15	22	0.26726968225172926	0.6239168110918544	0.4067838573904432	0.21713295370141117	AD	ENSG00000143786	0.7865808368408022	-0.10339290376186484	FALSE	6	CNIH3	CNIH3
ENSG00000163444	41	240	-199	-2.723828568774554	0.6387719732607081	0.8547907897994553	-0.2160188165387472	Control	ENSG00000163444	0.7863332508046547	-0.07497314253631515	FALSE	6	TMEM183A	TMEM183A
ENSG00000101542	22	10	12	0.13192586998809655	0.5505075513741025	0.33473632087150285	0.2157712305025996	AD	ENSG00000101542	0.786085664768507	0.2165644096800623	FALSE	6	CDH20	CDH20
ENSG00000132153	29	173	-144	-1.9794376013245736	0.5914830403565239	0.8071304778410497	-0.21564743748452583	Control	ENSG00000132153	0.7858380787323594	-0.08940529359090732	FALSE	6	DHX30	DHX30
ENSG00000254585	316	66	250	3.3531086018625555	0.885986630354048	0.6704629858875959	0.2155236444664521	AD	ENSG00000254585	0.7853429066600643	-0.25093562777835476	FALSE	6	MAGEL2	MAGEL2
ENSG00000170075	12	6	6	0.05071958262991694	0.46595692002971034	0.25043327556325823	0.2155236444664521	AD	ENSG00000170075	0.7853429066600643	0.11130693262660785	FALSE	6	GPR37L1	GPR37L1
ENSG00000076864	12	6	6	0.05071958262991694	0.46595692002971034	0.25043327556325823	0.2155236444664521	AD	ENSG00000076864	0.7853429066600643	-0.08266460533724818	FALSE	6	RAP1GAP	RAP1GAP
ENSG00000175264	14	80	-66	-0.9237558656682386	0.4860113889576628	0.7010398613518197	-0.21502847239415696	Control	ENSG00000175264	0.7847239415696955	-0.12966986706485528	FALSE	6	CHST1	CHST1
ENSG00000087460	11	64	-53	-0.7478089097255161	0.45233968804159447	0.6673681604357514	-0.21502847239415696	Control	ENSG00000087460	0.7847239415696955	-0.09618810396495014	FALSE	6	GNAS	GNAS
ENSG00000060138	5	30	-25	-0.3688462353873445	0.3247090864075266	0.5396137657836098	-0.21490467937608315	Control	ENSG00000060138	0.7842287694974004	0.08302644985369056	FALSE	6	YBX3	YBX3
ENSG00000122122	5	30	-25	-0.3688462353873445	0.3247090864075266	0.5396137657836098	-0.21490467937608315	Control	ENSG00000122122	0.7842287694974004	0.1558666279135199	FALSE	6	SASH3	SASH3
ENSG00000129691	30	177	-147	-2.0200407450036635	0.5963109680614014	0.8109680614013369	-0.21465709333993557	Control	ENSG00000129691	0.783857390443179	-0.08604087727070642	FALSE	6	ASH2L	ASH2L
ENSG00000167491	10	5	5	0.03718520140355366	0.437360732854667	0.22295122555087893	0.21440950730378805	AD	ENSG00000167491	0.7831146323347363	0.03141161107063794	FALSE	6	GATAD2A	GATAD2A
ENSG00000168385	10	5	5	0.03718520140355366	0.437360732854667	0.22295122555087893	0.21440950730378805	AD	ENSG00000168385	0.7831146323347363	-0.0326726281853329	FALSE	6	SEPTIN2	SEPTIN2
ENSG00000166689	10	5	5	0.03718520140355366	0.437360732854667	0.22295122555087893	0.21440950730378805	AD	ENSG00000166689	0.7831146323347363	0.15477649320426323	FALSE	6	PLEKHA7	PLEKHA7
ENSG00000136888	10	5	5	0.03718520140355366	0.437360732854667	0.22295122555087893	0.21440950730378805	AD	ENSG00000136888	0.7831146323347363	-0.13830940885318022	FALSE	6	ATP6V1G1	ATP6V1G1
ENSG00000072858	10	5	5	0.03718520140355366	0.437360732854667	0.22295122555087893	0.21440950730378805	AD	ENSG00000072858	0.7831146323347363	-0.25383708427684226	FALSE	6	SIDT1	SIDT1
ENSG00000114405	98	28	70	0.9169199811171664	0.7394156969546918	0.5251299826689775	0.2142857142857143	AD	ENSG00000114405	0.7822480812082199	-0.10816387249860782	FALSE	6	CEP15	CEP15
ENSG00000125037	57	21	36	0.45675101942081514	0.6794998762069819	0.4652141619212676	0.2142857142857143	AD	ENSG00000125037	0.7822480812082199	-0.13484856696928915	FALSE	6	EMC3	EMC3
ENSG00000081237	7	41	-34	-0.4906556664246139	0.3815300817033919	0.5958157959891062	-0.21428571428571425	Control	ENSG00000081237	0.7818767021539985	0.1005746575587292	FALSE	6	PTPRC	PTPRC
ENSG00000123091	14	79	-65	-0.9102214844418752	0.4860113889576628	0.6993067590987868	-0.21329537014112404	Control	ENSG00000123091	0.7816291161178509	-0.13866082581931138	FALSE	6	RNF11	RNF11
ENSG00000243232	23	129	-106	-1.4651311147227697	0.5565734092597178	0.7698687794008418	-0.213295370141124	Control	ENSG00000243232	0.7813815300817034	-0.4495602100614642	FALSE	6	PCDHAC2	PCDHAC2
ENSG00000111696	104	29	75	0.9845918872489828	0.7449863827680119	0.5324337707353305	0.2125526120326814	AD	ENSG00000111696	0.7811339440455558	-0.18879917891126577	FALSE	6	NT5DC3	NT5DC3
ENSG00000116044	12	69	-57	-0.8019464346309692	0.46595692002971034	0.6783857390443179	-0.21242881901460753	Control	ENSG00000116044	0.7807625649913345	0.09103539599590428	FALSE	6	NFE2L2	NFE2L2
ENSG00000211964	12	69	-57	-0.8019464346309692	0.46595692002971034	0.6783857390443179	-0.21242881901460753	Control	ENSG00000211964	0.7807625649913345	0.01545507861107942	FALSE	6	IGHV3-48	IGHV3-48
ENSG00000138944	24	11	13	0.14546025121445982	0.5630106461995543	0.35070562020302054	0.21230502599653375	AD	ENSG00000138944	0.7803911859371131	-0.20464310176219236	FALSE	6	SHISAL1	SHISAL1
ENSG00000150787	14	7	7	0.06425396385628021	0.4860113889576628	0.2742015350334241	0.21180985392423868	AD	ENSG00000150787	0.7800198068828919	-0.12193960103260082	FALSE	6	PTS	PTS
ENSG00000149489	14	7	7	0.06425396385628021	0.4860113889576628	0.2742015350334241	0.21180985392423868	AD	ENSG00000149489	0.7800198068828919	0.21676116545890167	FALSE	6	ROM1	ROM1
ENSG00000113552	8	4	4	0.02365082017719039	0.4022035157217133	0.19076504085169596	0.21143847487001735	AD	ENSG00000113552	0.7790294627383015	-0.09424553379215084	FALSE	6	GNPDA1	GNPDA1
ENSG00000215021	8	4	4	0.02365082017719039	0.4022035157217133	0.19076504085169596	0.21143847487001735	AD	ENSG00000215021	0.7790294627383015	-0.1064088007408852	FALSE	6	PHB2	PHB2
ENSG00000176946	8	4	4	0.02365082017719039	0.4022035157217133	0.19076504085169596	0.21143847487001735	AD	ENSG00000176946	0.7790294627383015	-0.04178414469073743	FALSE	6	THAP4	THAP4
ENSG00000168781	8	4	4	0.02365082017719039	0.4022035157217133	0.19076504085169596	0.21143847487001735	AD	ENSG00000168781	0.7790294627383015	-0.11623171842329684	FALSE	6	PPIP5K1	PPIP5K1
ENSG00000057704	8	4	4	0.02365082017719039	0.4022035157217133	0.19076504085169596	0.21143847487001735	AD	ENSG00000057704	0.7790294627383015	0.2018884327777073	FALSE	6	TMCC3	TMCC3
ENSG00000086205	8	4	4	0.02365082017719039	0.4022035157217133	0.19076504085169596	0.21143847487001735	AD	ENSG00000086205	0.7790294627383015	0.02395573920342642	FALSE	6	FOLH1	FOLH1
ENSG00000171951	388	79	309	4.151637094217988	0.910745233968804	0.6993067590987868	0.21143847487001732	AD	ENSG00000171951	0.7781629116117851	-0.4602735184318796	FALSE	6	SCG2	SCG2
ENSG00000175550	2	14	-12	-0.192899279444622	0.18209952958653133	0.3932904184204011	-0.21119088883386977	Control	ENSG00000175550	0.7771725674671949	-0.14562809034280377	FALSE	6	DRAP1	DRAP1
ENSG00000138756	2	14	-12	-0.192899279444622	0.18209952958653133	0.3932904184204011	-0.21119088883386977	Control	ENSG00000138756	0.7771725674671949	0.14138716907628712	FALSE	6	BMP2K	BMP2K
ENSG00000172239	2	14	-12	-0.192899279444622	0.18209952958653133	0.3932904184204011	-0.21119088883386977	Control	ENSG00000172239	0.7771725674671949	-0.06686273093428419	FALSE	6	PAIP1	PAIP1
ENSG00000185236	2	14	-12	-0.192899279444622	0.18209952958653133	0.3932904184204011	-0.21119088883386977	Control	ENSG00000185236	0.7771725674671949	-0.1136247847524281	FALSE	6	RAB11B	RAB11B
ENSG00000171766	2	14	-12	-0.192899279444622	0.18209952958653133	0.3932904184204011	-0.21119088883386977	Control	ENSG00000171766	0.7771725674671949	0.05537270477967659	FALSE	6	GATM	GATM
ENSG00000176014	2	14	-12	-0.192899279444622	0.18209952958653133	0.3932904184204011	-0.21119088883386977	Control	ENSG00000176014	0.7771725674671949	0.08195363083531682	FALSE	6	TUBB6	TUBB6
ENSG00000087077	2	14	-12	-0.192899279444622	0.18209952958653133	0.3932904184204011	-0.21119088883386977	Control	ENSG00000087077	0.7771725674671949	0.13000665107634468	FALSE	6	TRIP6	TRIP6
ENSG00000124762	3	20	-17	-0.2605711855764383	0.2442436246595692	0.4548155484030701	-0.2105719237435009	Control	ENSG00000124762	0.7756870512503095	0.06588864333421185	FALSE	6	CDKN1A	CDKN1A
ENSG00000185127	3	20	-17	-0.2605711855764383	0.2442436246595692	0.4548155484030701	-0.2105719237435009	Control	ENSG00000185127	0.7756870512503095	-0.2180234362330591	FALSE	6	C6orf120	C6orf120
ENSG00000106278	3	20	-17	-0.2605711855764383	0.2442436246595692	0.4548155484030701	-0.2105719237435009	Control	ENSG00000106278	0.7756870512503095	-0.04234511639056393	FALSE	6	PTPRZ1	PTPRZ1
ENSG00000204592	3	20	-17	-0.2605711855764383	0.2442436246595692	0.4548155484030701	-0.2105719237435009	Control	ENSG00000204592	0.7756870512503095	0.10189849224195058	FALSE	6	HLA-E	HLA-E
ENSG00000125912	3	20	-17	-0.2605711855764383	0.2442436246595692	0.4548155484030701	-0.2105719237435009	Control	ENSG00000125912	0.7756870512503095	-0.08763292088609376	FALSE	6	NCLN	NCLN
ENSG00000112531	61	22	39	0.49735416309990493	0.6866798712552612	0.47623174052983414	0.21044813072542704	AD	ENSG00000112531	0.7749442931418667	0.3522202709404034	FALSE	6	QKI	QKI
ENSG00000139767	92	28	64	0.8357136937589867	0.7339688041594454	0.5251299826689775	0.20883882149046795	AD	ENSG00000139767	0.7746967071057193	-0.0639068614429128	FALSE	6	SRRM4	SRRM4
ENSG00000172380	11	61	-50	-0.7072057660464263	0.45233968804159447	0.660807130477841	-0.20846744243624657	Control	ENSG00000172380	0.7744491210695716	0.20253774577857797	FALSE	6	GNG12	GNG12
ENSG00000083168	71	24	47	0.6056292129108112	0.7051250309482545	0.4969051745481554	0.20821985640009905	AD	ENSG00000083168	0.7740777420153503	0.163148237612603	FALSE	6	KAT6A	KAT6A
ENSG00000105483	71	24	47	0.6056292129108112	0.7051250309482545	0.4969051745481554	0.20821985640009905	AD	ENSG00000105483	0.7740777420153503	0.17614182824610758	FALSE	6	CARD8	CARD8
ENSG00000138685	10	55	-45	-0.6395338599146099	0.437360732854667	0.6454567962366923	-0.2080960633820253	Control	ENSG00000138685	0.773706362961129	0.04279831211763785	FALSE	6	FGF2	FGF2
ENSG00000158941	97	445	-348	-4.740451371502682	0.7384253528101015	0.9461500371379056	-0.207724684327804	Control	ENSG00000158941	0.7734587769249814	-0.11796560159684331	FALSE	6	CCAR2	CCAR2
ENSG00000170458	5	29	-24	-0.35531185416098127	0.3247090864075266	0.5324337707353305	-0.2077246843278039	Control	ENSG00000170458	0.7729636048526863	-0.0950870859028079	FALSE	6	CD14	CD14
ENSG00000110218	5	29	-24	-0.35531185416098127	0.3247090864075266	0.5324337707353305	-0.2077246843278039	Control	ENSG00000110218	0.7729636048526863	-0.1721872792832464	FALSE	6	PANX1	PANX1
ENSG00000046651	5	29	-24	-0.35531185416098127	0.3247090864075266	0.5324337707353305	-0.2077246843278039	Control	ENSG00000046651	0.7729636048526863	0.1381519128081532	FALSE	6	OFD1	OFD1
ENSG00000006747	6	34	-28	-0.4094493790664343	0.35528596187175043	0.5628868531814806	-0.20760089130973017	Control	ENSG00000006747	0.7723446397623174	0.4123846022224473	FALSE	6	SCIN	SCIN
ENSG00000155659	6	34	-28	-0.4094493790664343	0.35528596187175043	0.5628868531814806	-0.20760089130973017	Control	ENSG00000155659	0.7723446397623174	0.17138651846511443	FALSE	6	VSIG4	VSIG4
ENSG00000006283	50	20	30	0.37554473206263544	0.6622926466947264	0.4548155484030701	0.2074770982916563	AD	ENSG00000006283	0.771973260708096	-0.21187810317584344	FALSE	6	CACNA1G	CACNA1G
ENSG00000241859	4	24	-20	-0.3011743292555282	0.2896756622926467	0.4969051745481554	-0.2072295122555088	Control	ENSG00000241859	0.7714780886358009	0.02951399971394597	FALSE	6	ANOS2P	ANOS2P
ENSG00000231535	4	24	-20	-0.3011743292555282	0.2896756622926467	0.4969051745481554	-0.2072295122555088	Control	ENSG00000231535	0.7714780886358009	0.0779897750412113	FALSE	6	LINC00278	LINC00278
ENSG00000288049	4	24	-20	-0.3011743292555282	0.2896756622926467	0.4969051745481554	-0.2072295122555088	Control	ENSG00000288049	0.7714780886358009	0.00693945410365381	FALSE	6	NA	ENSG00000288049
ENSG00000110987	14	75	-61	-0.8560839595364222	0.4860113889576628	0.6921267640505075	-0.2061153750928448	Control	ENSG00000110987	0.7709829165635058	-0.10675561203601268	FALSE	6	BCL7A	BCL7A
ENSG00000136167	9	49	-40	-0.5718619537827936	0.4207724684327804	0.6266402574894776	-0.20586778905669725	Control	ENSG00000136167	0.7704877444912107	0.11952507879543273	FALSE	6	LCP1	LCP1
ENSG00000076067	23	11	12	0.13192586998809655	0.5565734092597178	0.35070562020302054	0.20586778905669725	AD	ENSG00000076067	0.7704877444912107	0.2072414397347195	FALSE	6	RBMS2	RBMS2
ENSG00000155629	9	49	-40	-0.5718619537827936	0.4207724684327804	0.6266402574894776	-0.20586778905669725	Control	ENSG00000155629	0.7704877444912107	0.05982442143956312	FALSE	6	PIK3AP1	PIK3AP1
ENSG00000156097	96	29	67	0.8763168374380765	0.7370636296112899	0.5324337707353305	0.2046298588759594	AD	ENSG00000156097	0.7699925724189156	-0.2661586561504894	FALSE	6	GPR61	GPR61
ENSG00000148154	131	35	96	1.2688138930026114	0.7730873978707601	0.5685813320128744	0.2045060658578857	AD	ENSG00000148154	0.769744986382768	-0.1944219270066263	FALSE	6	UGCG	UGCG
ENSG00000179104	3	1	2	-0.00341794227553615	0.2442436246595692	0.03986135181975736	0.20438227283981183	AD	ENSG00000179104	0.7667739539489973	0.0385950763832934	FALSE	6	TMTC2	TMTC2
ENSG00000144550	3	1	2	-0.00341794227553615	0.2442436246595692	0.03986135181975736	0.20438227283981183	AD	ENSG00000144550	0.7667739539489973	-0.12167787989593748	FALSE	6	CPNE9	CPNE9
ENSG00000157388	3	1	2	-0.00341794227553615	0.2442436246595692	0.03986135181975736	0.20438227283981183	AD	ENSG00000157388	0.7667739539489973	-0.01103473155352574	FALSE	6	CACNA1D	CACNA1D
ENSG00000287677	3	1	2	-0.00341794227553615	0.2442436246595692	0.03986135181975736	0.20438227283981183	AD	ENSG00000287677	0.7667739539489973	-0.18250434367741253	FALSE	6	NA	ENSG00000287677
ENSG00000149428	3	1	2	-0.00341794227553615	0.2442436246595692	0.03986135181975736	0.20438227283981183	AD	ENSG00000149428	0.7667739539489973	-0.17117940434916434	FALSE	6	HYOU1	HYOU1
ENSG00000164176	3	1	2	-0.00341794227553615	0.2442436246595692	0.03986135181975736	0.20438227283981183	AD	ENSG00000164176	0.7667739539489973	0.0755649305457009	FALSE	6	EDIL3	EDIL3
ENSG00000109458	3	1	2	-0.00341794227553615	0.2442436246595692	0.03986135181975736	0.20438227283981183	AD	ENSG00000109458	0.7667739539489973	0.220336996200011	FALSE	6	GAB1	GAB1
ENSG00000160781	3	1	2	-0.00341794227553615	0.2442436246595692	0.03986135181975736	0.20438227283981183	AD	ENSG00000160781	0.7667739539489973	0.1459370467319001	FALSE	6	PAQR6	PAQR6
ENSG00000135905	3	1	2	-0.00341794227553615	0.2442436246595692	0.03986135181975736	0.20438227283981183	AD	ENSG00000135905	0.7667739539489973	0.10699755077791195	FALSE	6	DOCK10	DOCK10
ENSG00000186094	3	1	2	-0.00341794227553615	0.2442436246595692	0.03986135181975736	0.20438227283981183	AD	ENSG00000186094	0.7667739539489973	-0.22601125263515165	FALSE	6	AGBL4	AGBL4
ENSG00000187239	3	1	2	-0.00341794227553615	0.2442436246595692	0.03986135181975736	0.20438227283981183	AD	ENSG00000187239	0.7667739539489973	0.08378370346700414	FALSE	6	FNBP1	FNBP1
ENSG00000155816	3	1	2	-0.00341794227553615	0.2442436246595692	0.03986135181975736	0.20438227283981183	AD	ENSG00000155816	0.7667739539489973	-0.03234220322089598	FALSE	6	FMN2	FMN2
ENSG00000122012	3	1	2	-0.00341794227553615	0.2442436246595692	0.03986135181975736	0.20438227283981183	AD	ENSG00000122012	0.7667739539489973	-0.2980859906202262	FALSE	6	SV2C	SV2C
ENSG00000105088	3	1	2	-0.00341794227553615	0.2442436246595692	0.03986135181975736	0.20438227283981183	AD	ENSG00000105088	0.7667739539489973	0.02000926198977026	FALSE	6	OLFM2	OLFM2
ENSG00000149260	3	1	2	-0.00341794227553615	0.2442436246595692	0.03986135181975736	0.20438227283981183	AD	ENSG00000149260	0.7667739539489973	-0.18749862218702873	FALSE	6	CAPN5	CAPN5
ENSG00000141867	3	1	2	-0.00341794227553615	0.2442436246595692	0.03986135181975736	0.20438227283981183	AD	ENSG00000141867	0.7667739539489973	0.01754135958576341	FALSE	6	BRD4	BRD4
ENSG00000185246	3	1	2	-0.00341794227553615	0.2442436246595692	0.03986135181975736	0.20438227283981183	AD	ENSG00000185246	0.7667739539489973	0.08408090448263295	FALSE	6	PRPF39	PRPF39
ENSG00000287243	3	1	2	-0.00341794227553615	0.2442436246595692	0.03986135181975736	0.20438227283981183	AD	ENSG00000287243	0.7667739539489973	-0.3805697609472434	FALSE	6	NA	ENSG00000287243
ENSG00000072134	3	1	2	-0.00341794227553615	0.2442436246595692	0.03986135181975736	0.20438227283981183	AD	ENSG00000072134	0.7667739539489973	0.05216069811466539	FALSE	6	EPN2	EPN2
ENSG00000258725	3	1	2	-0.00341794227553615	0.2442436246595692	0.03986135181975736	0.20438227283981183	AD	ENSG00000258725	0.7667739539489973	0.06818373247456488	FALSE	6	PRC1-AS1	PRC1-AS1
ENSG00000135678	3	1	2	-0.00341794227553615	0.2442436246595692	0.03986135181975736	0.20438227283981183	AD	ENSG00000135678	0.7667739539489973	0.4664451348836902	FALSE	6	CPM	CPM
ENSG00000111229	3	1	2	-0.00341794227553615	0.2442436246595692	0.03986135181975736	0.20438227283981183	AD	ENSG00000111229	0.7667739539489973	-0.08626607287932231	FALSE	6	ARPC3	ARPC3
ENSG00000196440	3	1	2	-0.00341794227553615	0.2442436246595692	0.03986135181975736	0.20438227283981183	AD	ENSG00000196440	0.7667739539489973	-0.07615314411870067	FALSE	6	ARMCX4	ARMCX4
ENSG00000164070	6	3	3	0.01011643895082711	0.35528596187175043	0.15139886110423373	0.2038871007675167	AD	ENSG00000164070	0.7628125773706363	-0.22720088631040447	FALSE	6	HSPA4L	HSPA4L
ENSG00000134954	6	3	3	0.01011643895082711	0.35528596187175043	0.15139886110423373	0.2038871007675167	AD	ENSG00000134954	0.7628125773706363	0.08733123914052676	FALSE	6	ETS1	ETS1
ENSG00000105819	6	3	3	0.01011643895082711	0.35528596187175043	0.15139886110423373	0.2038871007675167	AD	ENSG00000105819	0.7628125773706363	-0.09042260755847308	FALSE	6	PMPCB	PMPCB
ENSG00000108381	6	3	3	0.01011643895082711	0.35528596187175043	0.15139886110423373	0.2038871007675167	AD	ENSG00000108381	0.7628125773706363	0.18877312231838772	FALSE	6	ASPA	ASPA
ENSG00000161249	6	3	3	0.01011643895082711	0.35528596187175043	0.15139886110423373	0.2038871007675167	AD	ENSG00000161249	0.7628125773706363	-0.1538890804342241	FALSE	6	DMKN	DMKN
ENSG00000074181	6	3	3	0.01011643895082711	0.35528596187175043	0.15139886110423373	0.2038871007675167	AD	ENSG00000074181	0.7628125773706363	0.12060042398558934	FALSE	6	NOTCH3	NOTCH3
ENSG00000111676	6	3	3	0.01011643895082711	0.35528596187175043	0.15139886110423373	0.2038871007675167	AD	ENSG00000111676	0.7628125773706363	0.03361198828591405	FALSE	6	ATN1	ATN1
ENSG00000224470	6	3	3	0.01011643895082711	0.35528596187175043	0.15139886110423373	0.2038871007675167	AD	ENSG00000224470	0.7628125773706363	0.09255753464483084	FALSE	6	ATXN1L	ATXN1L
ENSG00000088826	6	3	3	0.01011643895082711	0.35528596187175043	0.15139886110423373	0.2038871007675167	AD	ENSG00000088826	0.7628125773706363	0.22110615784119148	FALSE	6	SMOX	SMOX
ENSG00000003137	18	9	9	0.09132272630900674	0.5199306759098787	0.3161673681604357	0.203763307749443	AD	ENSG00000003137	0.7615746471898985	-0.2732313133349784	FALSE	6	CYP26B1	CYP26B1
ENSG00000099308	23	121	-98	-1.3568560649118633	0.5565734092597178	0.759593958900718	-0.20302054964100025	Control	ENSG00000099308	0.7613270611537509	-0.16830388061408108	FALSE	6	MAST3	MAST3
ENSG00000122966	27	13	14	0.1589946324408231	0.5817033919286952	0.37880663530576875	0.2028967566229265	AD	ENSG00000122966	0.7610794751176033	-0.06222520753901328	FALSE	6	CIT	CIT
ENSG00000104853	9	48	-39	-0.5583275725564303	0.4207724684327804	0.6234216390195593	-0.2026491705867789	Control	ENSG00000104853	0.7608318890814558	-0.17572457628532767	FALSE	6	CLPTM1	CLPTM1
ENSG00000109832	13	7	6	0.05071958262991694	0.47660311958405543	0.2742015350334241	0.20240158455063137	AD	ENSG00000109832	0.7605843030453082	-0.1940797491442119	FALSE	6	DDX25	DDX25
ENSG00000143294	8	43	-35	-0.5041900476509772	0.4022035157217133	0.6043575142361971	-0.2021539985144838	Control	ENSG00000143294	0.7602129239910869	-0.03956701059624734	FALSE	6	PRCC	PRCC
ENSG00000264112	8	43	-35	-0.5041900476509772	0.4022035157217133	0.6043575142361971	-0.2021539985144838	Control	ENSG00000264112	0.7602129239910869	-0.10303875385281636	FALSE	6	NA	ENSG00000264112
ENSG00000175110	11	6	5	0.03718520140355366	0.45233968804159447	0.25043327556325823	0.20190641247833624	AD	ENSG00000175110	0.759593958900718	-0.1579195345633746	FALSE	6	MRPS22	MRPS22
ENSG00000010810	11	6	5	0.03718520140355366	0.45233968804159447	0.25043327556325823	0.20190641247833624	AD	ENSG00000010810	0.759593958900718	0.09178636289361108	FALSE	6	FYN	FYN
ENSG00000134313	11	6	5	0.03718520140355366	0.45233968804159447	0.25043327556325823	0.20190641247833624	AD	ENSG00000134313	0.759593958900718	-0.11837122476113572	FALSE	6	KIDINS220	KIDINS220
ENSG00000063169	3	19	-16	-0.24703680435007505	0.2442436246595692	0.4461500371379054	-0.2019064124783362	Control	ENSG00000063169	0.7590987868284229	-0.02452209025634744	FALSE	6	BICRA	BICRA
ENSG00000186001	1	7	-6	-0.11169299208644234	0.07279029462738301	0.2742015350334241	-0.20141124040604108	Control	ENSG00000186001	0.75736568457539	0.10529684605942435	FALSE	6	LRCH3	LRCH3
ENSG00000162601	1	7	-6	-0.11169299208644234	0.07279029462738301	0.2742015350334241	-0.20141124040604108	Control	ENSG00000162601	0.75736568457539	-0.13317433841959492	FALSE	6	MYSM1	MYSM1
ENSG00000237949	1	7	-6	-0.11169299208644234	0.07279029462738301	0.2742015350334241	-0.20141124040604108	Control	ENSG00000237949	0.75736568457539	0.4467252328969007	FALSE	6	LINC00844	LINC00844
ENSG00000111679	1	7	-6	-0.11169299208644234	0.07279029462738301	0.2742015350334241	-0.20141124040604108	Control	ENSG00000111679	0.75736568457539	0.13227955094513266	FALSE	6	PTPN6	PTPN6
ENSG00000178913	1	7	-6	-0.11169299208644234	0.07279029462738301	0.2742015350334241	-0.20141124040604108	Control	ENSG00000178913	0.75736568457539	-0.10658683436384032	FALSE	6	TAF7	TAF7
ENSG00000187091	1	7	-6	-0.11169299208644234	0.07279029462738301	0.2742015350334241	-0.20141124040604108	Control	ENSG00000187091	0.75736568457539	-0.02170555348912728	FALSE	6	PLCD1	PLCD1
ENSG00000211659	1	7	-6	-0.11169299208644234	0.07279029462738301	0.2742015350334241	-0.20141124040604108	Control	ENSG00000211659	0.75736568457539	0.0682604311348971	FALSE	6	IGLV3-25	IGLV3-25
ENSG00000227248	1	7	-6	-0.11169299208644234	0.07279029462738301	0.2742015350334241	-0.20141124040604108	Control	ENSG00000227248	0.75736568457539	0.3324904745272095	FALSE	6	NALF1-IT1	NALF1-IT1
ENSG00000119669	1	7	-6	-0.11169299208644234	0.07279029462738301	0.2742015350334241	-0.20141124040604108	Control	ENSG00000119669	0.75736568457539	-0.0798372267585492	FALSE	6	IRF2BPL	IRF2BPL
ENSG00000183495	1	7	-6	-0.11169299208644234	0.07279029462738301	0.2742015350334241	-0.20141124040604108	Control	ENSG00000183495	0.75736568457539	-0.05826196350947832	FALSE	6	EP400	EP400
ENSG00000135097	1	7	-6	-0.11169299208644234	0.07279029462738301	0.2742015350334241	-0.20141124040604108	Control	ENSG00000135097	0.75736568457539	0.10873830437684616	FALSE	6	MSI1	MSI1
ENSG00000140688	1	7	-6	-0.11169299208644234	0.07279029462738301	0.2742015350334241	-0.20141124040604108	Control	ENSG00000140688	0.75736568457539	-0.22984180909686813	FALSE	6	RUSF1	RUSF1
ENSG00000089091	1	7	-6	-0.11169299208644234	0.07279029462738301	0.2742015350334241	-0.20141124040604108	Control	ENSG00000089091	0.75736568457539	-0.13117583986356962	FALSE	6	DZANK1	DZANK1
ENSG00000174607	20	10	10	0.10485710753537002	0.5360237682594702	0.33473632087150285	0.20128744738796733	AD	ENSG00000174607	0.7553849962862095	0.2659286289179974	FALSE	6	UGT8	UGT8
ENSG00000136848	15	8	7	0.06425396385628021	0.4961624164397128	0.2948749690517455	0.20128744738796733	AD	ENSG00000136848	0.7553849962862095	0.0727913998383869	FALSE	6	DAB2IP	DAB2IP
ENSG00000072736	20	10	10	0.10485710753537002	0.5360237682594702	0.33473632087150285	0.20128744738796733	AD	ENSG00000072736	0.7553849962862095	0.15161312462169896	FALSE	6	NFATC3	NFATC3
ENSG00000176401	38	17	21	0.253735301025366	0.6278781876702154	0.42696211933646944	0.200916068333746	AD	ENSG00000176401	0.7548898242139144	-0.2900229272552117	FALSE	6	EID2B	EID2B
ENSG00000161980	53	265	-212	-2.8997755247172763	0.6692250557068581	0.8697697449863828	-0.2005446892795247	Control	ENSG00000161980	0.7546422381777668	-0.17660635239138767	FALSE	6	POLR3K	POLR3K
ENSG00000125744	23	118	-95	-1.3162529212327736	0.5565734092597178	0.7568705125030948	-0.20029710324337704	Control	ENSG00000125744	0.7543946521416192	-0.02279812034384853	FALSE	6	RTN2	RTN2
ENSG00000152082	9	47	-38	-0.544793191330067	0.4207724684327804	0.620203020549641	-0.19943055211686067	Control	ENSG00000152082	0.7541470661054717	-0.1663762098615447	FALSE	6	MZT2B	MZT2B
ENSG00000196730	7	37	-30	-0.4365181415191608	0.3815300817033919	0.5809606338202525	-0.19943055211686064	Control	ENSG00000196730	0.7538994800693241	-0.13833510632990276	FALSE	6	DAPK1	DAPK1
ENSG00000169021	21	108	-87	-1.2079778714218674	0.5432037633077494	0.74263431542461	-0.19943055211686056	Control	ENSG00000169021	0.7536518940331766	-0.1493912769318868	FALSE	6	UQCRFS1	UQCRFS1
ENSG00000146386	203	49	154	2.0538080041316813	0.8253280514978956	0.6266402574894776	0.19868779400841796	AD	ENSG00000146386	0.753404307997029	-0.2393100177086351	FALSE	6	ABRACL	ABRACL
ENSG00000173175	26	134	-108	-1.492199877175496	0.5757613270611538	0.7743253280514979	-0.1985640009903441	Control	ENSG00000173175	0.7530329289428076	-0.00969303884273742	FALSE	6	ADCY5	ADCY5
ENSG00000187122	119	34	85	1.1199356995126155	0.7614508541718247	0.5628868531814806	0.1985640009903441	AD	ENSG00000187122	0.7530329289428076	-0.22001848640231536	FALSE	6	SLIT1	SLIT1
ENSG00000148498	194	47	147	1.9590673355471384	0.8186432285219114	0.620203020549641	0.19844020797227035	AD	ENSG00000148498	0.7526615498885862	0.3683318463468055	FALSE	6	PARD3	PARD3
ENSG00000156471	307	71	236	3.1636272646934693	0.8825204258479822	0.6842040108937856	0.1983164149541966	AD	ENSG00000156471	0.7524139638524387	-0.11568446529317988	FALSE	6	PTDSS1	PTDSS1
ENSG00000183023	55	22	33	0.4161478757417253	0.6744243624659569	0.47623174052983414	0.1981926219361228	AD	ENSG00000183023	0.7521663778162911	-0.1019704534467536	FALSE	6	SLC8A1	SLC8A1
ENSG00000065526	9	5	4	0.02365082017719039	0.4207724684327804	0.22295122555087893	0.19782124288190145	AD	ENSG00000065526	0.7515474127259223	0.09142858275105326	FALSE	6	SPEN	SPEN
ENSG00000163625	9	5	4	0.02365082017719039	0.4207724684327804	0.22295122555087893	0.19782124288190145	AD	ENSG00000163625	0.7515474127259223	0.05140016140052061	FALSE	6	WDFY3	WDFY3
ENSG00000182255	9	5	4	0.02365082017719039	0.4207724684327804	0.22295122555087893	0.19782124288190145	AD	ENSG00000182255	0.7515474127259223	-0.10368080790397372	FALSE	6	KCNA4	KCNA4
ENSG00000100393	9	5	4	0.02365082017719039	0.4207724684327804	0.22295122555087893	0.19782124288190145	AD	ENSG00000100393	0.7515474127259223	0.0913401871724684	FALSE	6	EP300	EP300
ENSG00000167674	6	32	-26	-0.38238061661370776	0.35528596187175043	0.5529834117355781	-0.19769744986382765	Control	ENSG00000167674	0.7506808615994058	-0.0589417814804527	FALSE	6	HDGFL2	HDGFL2
ENSG00000114638	6	32	-26	-0.38238061661370776	0.35528596187175043	0.5529834117355781	-0.19769744986382765	Control	ENSG00000114638	0.7506808615994058	0.08259627214149945	FALSE	6	UPK1B	UPK1B
ENSG00000259601	6	32	-26	-0.38238061661370776	0.35528596187175043	0.5529834117355781	-0.19769744986382765	Control	ENSG00000259601	0.7506808615994058	0.02565533504556927	FALSE	6	NA	ENSG00000259601
ENSG00000165548	46	20	26	0.32140720715718235	0.6522654122307502	0.4548155484030701	0.1974498638276801	AD	ENSG00000165548	0.7501856895271106	-0.07466078069622384	FALSE	6	TMEM63C	TMEM63C
ENSG00000167613	10	51	-41	-0.5853963350091568	0.437360732854667	0.6340678385739045	-0.1967071057192375	Control	ENSG00000167613	0.7499381034909631	0.21003664535727665	FALSE	6	LAIR1	LAIR1
ENSG00000104967	2	13	-11	-0.1793648982182587	0.18209952958653133	0.37880663530576875	-0.1967071057192374	Control	ENSG00000104967	0.7491953453825204	-0.07076659628962467	FALSE	6	NOVA2	NOVA2
ENSG00000279668	2	13	-11	-0.1793648982182587	0.18209952958653133	0.37880663530576875	-0.1967071057192374	Control	ENSG00000279668	0.7491953453825204	0.2066634854530545	FALSE	6	NA	ENSG00000279668
ENSG00000012779	2	13	-11	-0.1793648982182587	0.18209952958653133	0.37880663530576875	-0.1967071057192374	Control	ENSG00000012779	0.7491953453825204	0.0375480963924284	FALSE	6	ALOX5	ALOX5
ENSG00000204264	2	13	-11	-0.1793648982182587	0.18209952958653133	0.37880663530576875	-0.1967071057192374	Control	ENSG00000204264	0.7491953453825204	0.06471843094534879	FALSE	6	PSMB8	PSMB8
ENSG00000220201	2	13	-11	-0.1793648982182587	0.18209952958653133	0.37880663530576875	-0.1967071057192374	Control	ENSG00000220201	0.7491953453825204	0.17318240432422005	FALSE	6	ZGLP1	ZGLP1
ENSG00000153815	32	15	17	0.19959777611991292	0.6033671700916068	0.4067838573904432	0.1965833127011636	AD	ENSG00000153815	0.7484525872740777	-0.15101863295973494	FALSE	6	CMIP	CMIP
ENSG00000014216	11	56	-45	-0.6395338599146099	0.45233968804159447	0.6485516216885368	-0.19621193364694228	Control	ENSG00000014216	0.7482050012379302	-0.07465754004558178	FALSE	6	CAPN1	CAPN1
ENSG00000188859	17	85	-68	-0.9508246281209652	0.5127506808615994	0.708838821490468	-0.1960881406288686	Control	ENSG00000188859	0.7478336221837089	-0.0905677066182271	FALSE	6	FAM78B	FAM78B
ENSG00000125730	9	46	-37	-0.5312588101037037	0.4207724684327804	0.616860609061649	-0.1960881406288686	Control	ENSG00000125730	0.7478336221837089	0.11444590119546304	FALSE	6	C3	C3
ENSG00000172081	39	18	21	0.253735301025366	0.632087150284724	0.4371131468185194	0.19497400346620453	AD	ENSG00000172081	0.7474622431294875	0.12394146574828646	FALSE	6	MOB3A	MOB3A
ENSG00000279675	12	61	-49	-0.693671384820063	0.46595692002971034	0.660807130477841	-0.19485021044813067	Control	ENSG00000279675	0.7472146570933399	-0.07736197059362304	FALSE	6	NA	ENSG00000279675
ENSG00000139668	184	46	138	1.837257904509869	0.8114632334736321	0.616860609061649	0.19460262441198317	AD	ENSG00000139668	0.7469670710571924	0.17037942462195232	FALSE	6	WDFY2	WDFY2
ENSG00000117598	390	91	299	4.016293281954355	0.911983164149542	0.7176281257737064	0.19435503837583556	AD	ENSG00000117598	0.7467194850210448	-0.19381778769825697	FALSE	6	PLPPR5	PLPPR5
ENSG00000128524	238	58	180	2.4057019160171262	0.8473632087150285	0.6531319633572666	0.19423124535776184	AD	ENSG00000128524	0.7464718989848973	-0.1419247822612153	FALSE	6	ATP6V1F	ATP6V1F
ENSG00000228212	7	36	-29	-0.4229837602927976	0.3815300817033919	0.5753899480069324	-0.19385986630354052	Control	ENSG00000228212	0.7459767269126021	0.04079620187155664	FALSE	6	OFD1P17	OFD1P17
ENSG00000198911	7	36	-29	-0.4229837602927976	0.3815300817033919	0.5753899480069324	-0.19385986630354052	Control	ENSG00000198911	0.7459767269126021	-0.1177445333170084	FALSE	6	SREBF2	SREBF2
ENSG00000183307	7	36	-29	-0.4229837602927976	0.3815300817033919	0.5753899480069324	-0.19385986630354052	Control	ENSG00000183307	0.7459767269126021	-0.1167511532346115	FALSE	6	TMEM121B	TMEM121B
ENSG00000124374	19	10	9	0.09132272630900674	0.5283486011388958	0.33473632087150285	0.19361228026739297	AD	ENSG00000124374	0.7452339688041595	0.3002239576360264	FALSE	6	PAIP2B	PAIP2B
ENSG00000056050	19	10	9	0.09132272630900674	0.5283486011388958	0.33473632087150285	0.19361228026739297	AD	ENSG00000056050	0.7452339688041595	-0.13889144051328906	FALSE	6	HPF1	HPF1
ENSG00000259090	5	27	-22	-0.3282430917082547	0.3247090864075266	0.5183213666749196	-0.19361228026739297	Control	ENSG00000259090	0.7452339688041595	0.0154726328921011	FALSE	6	SEPTIN7P1	SEPTIN7P1
ENSG00000164266	8	41	-33	-0.47712128519825064	0.4022035157217133	0.5958157959891062	-0.19361228026739288	Control	ENSG00000164266	0.7447387967318643	0.08155037144772792	FALSE	6	SPINK1	SPINK1
ENSG00000145451	28	14	14	0.1589946324408231	0.5865313196335726	0.3932904184204011	0.19324090121317156	AD	ENSG00000145451	0.744367417677643	-0.3080079774099662	FALSE	6	GLRA3	GLRA3
ENSG00000134444	28	14	14	0.1589946324408231	0.5865313196335726	0.3932904184204011	0.19324090121317156	AD	ENSG00000134444	0.744367417677643	-0.07531450190609057	FALSE	6	RELCH	RELCH
ENSG00000152931	262	65	197	2.635786396865302	0.8618469918296608	0.668729883634563	0.19311710819509784	AD	ENSG00000152931	0.7438722456053478	-0.3449695723918218	FALSE	6	PART1	PART1
ENSG00000090565	37	185	-148	-2.033575126230027	0.6239168110918544	0.8170339192869522	-0.19311710819509784	Control	ENSG00000090565	0.7438722456053478	-0.05472154089626002	FALSE	6	RAB11FIP3	RAB11FIP3
ENSG00000251643	10	50	-40	-0.5718619537827936	0.437360732854667	0.630354048031691	-0.1929933151770241	Control	ENSG00000251643	0.743253280514979	0.04322170885859977	FALSE	6	COPS3P1	COPS3P1
ENSG00000197249	10	50	-40	-0.5718619537827936	0.437360732854667	0.630354048031691	-0.1929933151770241	Control	ENSG00000197249	0.743253280514979	-0.01984634014811526	FALSE	6	SERPINA1	SERPINA1
ENSG00000123338	10	50	-40	-0.5718619537827936	0.437360732854667	0.630354048031691	-0.1929933151770241	Control	ENSG00000123338	0.743253280514979	0.10720908817451312	FALSE	6	NCKAP1L	NCKAP1L
ENSG00000157350	3	18	-15	-0.23350242312371175	0.2442436246595692	0.4371131468185194	-0.19286952215895023	Control	ENSG00000157350	0.74263431542461	-0.01890383427353015	FALSE	6	ST3GAL2	ST3GAL2
ENSG00000176155	3	18	-15	-0.23350242312371175	0.2442436246595692	0.4371131468185194	-0.19286952215895023	Control	ENSG00000176155	0.74263431542461	1.145878750108409e-6	FALSE	6	CCDC57	CCDC57
ENSG00000159733	36	17	19	0.22666653857263944	0.6192126764050507	0.42696211933646944	0.1922505570685813	AD	ENSG00000159733	0.7422629363703888	-0.06091181328093675	FALSE	6	ZFYVE28	ZFYVE28
ENSG00000185122	12	7	5	0.03718520140355366	0.46595692002971034	0.2742015350334241	0.19175538499628625	AD	ENSG00000185122	0.7420153503342412	-0.03649738084047094	FALSE	6	HSF1	HSF1
ENSG00000183230	14	8	6	0.05071958262991694	0.4860113889576628	0.2948749690517455	0.1911364199059173	AD	ENSG00000183230	0.7416439712800198	0.3644797226323444	FALSE	6	CTNNA3	CTNNA3
ENSG00000065978	14	8	6	0.05071958262991694	0.4860113889576628	0.2948749690517455	0.1911364199059173	AD	ENSG00000065978	0.7416439712800198	0.1378571443239469	FALSE	6	YBX1	YBX1
ENSG00000172031	373	88	285	3.8268119447852698	0.9043079970289676	0.713295370141124	0.1910126268878436	AD	ENSG00000172031	0.7411487992077247	-0.1721648630521635	FALSE	6	EPHX4	EPHX4
ENSG00000139190	280	69	211	2.8252677340343877	0.8693983659321615	0.6783857390443179	0.1910126268878436	AD	ENSG00000139190	0.7411487992077247	-0.26828513294411493	FALSE	6	VAMP1	VAMP1
ENSG00000197971	7	4	3	0.01011643895082711	0.3815300817033919	0.19076504085169596	0.19076504085169596	AD	ENSG00000197971	0.7402822480812082	0.2802654881751572	FALSE	6	MBP	MBP
ENSG00000119699	7	4	3	0.01011643895082711	0.3815300817033919	0.19076504085169596	0.19076504085169596	AD	ENSG00000119699	0.7402822480812082	0.3331614651616448	FALSE	6	TGFB3	TGFB3
ENSG00000178149	7	4	3	0.01011643895082711	0.3815300817033919	0.19076504085169596	0.19076504085169596	AD	ENSG00000178149	0.7402822480812082	-0.07637164851441725	FALSE	6	DALRD3	DALRD3
ENSG00000119403	7	4	3	0.01011643895082711	0.3815300817033919	0.19076504085169596	0.19076504085169596	AD	ENSG00000119403	0.7402822480812082	0.2113424076380248	FALSE	6	PHF19	PHF19
ENSG00000024422	7	4	3	0.01011643895082711	0.3815300817033919	0.19076504085169596	0.19076504085169596	AD	ENSG00000024422	0.7402822480812082	0.054382193126627953	FALSE	6	EHD2	EHD2
ENSG00000162543	6	31	-25	-0.3688462353873445	0.35528596187175043	0.5456796236692251	-0.19039366179747463	Control	ENSG00000162543	0.7395394899727655	-0.2000944744677593	FALSE	6	UBXN10	UBXN10
ENSG00000158109	52	243	-191	-2.6155535189636474	0.6666254023273087	0.8567714780886359	-0.1901460757613271	Control	ENSG00000158109	0.7392919039366179	-0.14637080611298714	FALSE	6	TPRG1L	TPRG1L
ENSG00000128881	33	16	17	0.19959777611991292	0.6070809606338202	0.41718247090864075	0.18989848972517948	AD	ENSG00000128881	0.7390443179004704	-0.07701117456526063	FALSE	6	TTBK2	TTBK2
ENSG00000100938	38	185	-147	-2.0200407450036635	0.6278781876702154	0.8170339192869522	-0.1891557316167368	Control	ENSG00000100938	0.7387967318643228	-0.10264926840780753	FALSE	6	GMPR2	GMPR2
ENSG00000114388	16	9	7	0.06425396385628021	0.5049517207229512	0.3161673681604357	0.18878435256251552	AD	ENSG00000114388	0.7384253528101015	-0.00395292702540395	FALSE	6	NPRL2	NPRL2
ENSG00000164418	16	9	7	0.06425396385628021	0.5049517207229512	0.3161673681604357	0.18878435256251552	AD	ENSG00000164418	0.7384253528101015	-0.14044836040333664	FALSE	6	GRIK2	GRIK2
ENSG00000154380	60	24	36	0.45675101942081514	0.6849467690022283	0.4969051745481554	0.1880415944540728	AD	ENSG00000154380	0.7380539737558802	0.14410017914026518	FALSE	6	ENAH	ENAH
ENSG00000137166	21	100	-79	-1.0997028216109612	0.5432037633077494	0.7311215647437485	-0.187917801435999	Control	ENSG00000137166	0.7376825947016589	-0.07623019263263942	FALSE	6	FOXP4	FOXP4
ENSG00000067225	87	30	57	0.7409730251744439	0.7275315672196088	0.5396137657836098	0.187917801435999	AD	ENSG00000067225	0.7376825947016589	-0.18387054800874303	FALSE	6	PKM	PKM
ENSG00000149972	80	29	51	0.6597667378162642	0.7202277791532558	0.5324337707353305	0.1877940084179253	AD	ENSG00000149972	0.7371874226293637	-0.18157124352537937	FALSE	6	CNTN5	CNTN5
ENSG00000151465	80	29	51	0.6597667378162642	0.7202277791532558	0.5324337707353305	0.1877940084179253	AD	ENSG00000151465	0.7371874226293637	-0.13391304382228952	FALSE	6	CDC123	CDC123
ENSG00000248485	352	86	266	3.5696587014843675	0.8972517949987621	0.7095815795989107	0.1876702153998514	AD	ENSG00000248485	0.7368160435751424	-0.355186057265545	FALSE	6	PCP4L1	PCP4L1
ENSG00000057935	30	146	-116	-1.6004749269864025	0.5963109680614014	0.7836098044070314	-0.18729883634563005	Control	ENSG00000057935	0.7365684575389948	-0.04618625390612507	FALSE	6	MTA3	MTA3
ENSG00000112077	7	35	-28	-0.4094493790664343	0.3815300817033919	0.5685813320128744	-0.1870512503094825	Control	ENSG00000112077	0.7361970784847734	0.06805238904714717	FALSE	6	RHAG	RHAG
ENSG00000204217	7	35	-28	-0.4094493790664343	0.3815300817033919	0.5685813320128744	-0.1870512503094825	Control	ENSG00000204217	0.7361970784847734	-0.13465692343769575	FALSE	6	BMPR2	BMPR2
ENSG00000126777	10	6	4	0.02365082017719039	0.437360732854667	0.25043327556325823	0.18692745729140875	AD	ENSG00000126777	0.7358256994305521	0.20005527635899156	FALSE	6	KTN1	KTN1
ENSG00000167114	46	216	-170	-2.331331513210019	0.6522654122307502	0.8390690765040851	-0.18680366427333495	Control	ENSG00000167114	0.7355781133944046	-0.13167922835543955	FALSE	6	SLC27A4	SLC27A4
ENSG00000129824	4	22	-18	-0.2741055668028016	0.2896756622926467	0.47623174052983414	-0.18655607823718745	Control	ENSG00000129824	0.7347115622678881	0.05979757823990717	FALSE	6	RPS4Y1	RPS4Y1
ENSG00000196604	4	22	-18	-0.2741055668028016	0.2896756622926467	0.47623174052983414	-0.18655607823718745	Control	ENSG00000196604	0.7347115622678881	0.04876227059063898	FALSE	6	POTEF	POTEF
ENSG00000177098	4	22	-18	-0.2741055668028016	0.2896756622926467	0.47623174052983414	-0.18655607823718745	Control	ENSG00000177098	0.7347115622678881	-0.10874863517178036	FALSE	6	SCN4B	SCN4B
ENSG00000116793	4	22	-18	-0.2741055668028016	0.2896756622926467	0.47623174052983414	-0.18655607823718745	Control	ENSG00000116793	0.7347115622678881	0.02735444294540556	FALSE	6	PHTF1	PHTF1
ENSG00000183401	4	22	-18	-0.2741055668028016	0.2896756622926467	0.47623174052983414	-0.18655607823718745	Control	ENSG00000183401	0.7347115622678881	0.15611080716456271	FALSE	6	CCDC159	CCDC159
ENSG00000198692	4	22	-18	-0.2741055668028016	0.2896756622926467	0.47623174052983414	-0.18655607823718745	Control	ENSG00000198692	0.7347115622678881	0.06420284387144837	FALSE	6	EIF1AY	EIF1AY
ENSG00000123178	338	83	255	3.4207805079943716	0.8923000742758108	0.7062391681109186	0.18606090616489224	AD	ENSG00000123178	0.7338450111413716	-0.22141033261541487	FALSE	6	SPRYD7	SPRYD7
ENSG00000157540	26	122	-96	-1.329787302459137	0.5757613270611538	0.7616984402079723	-0.1859371131468185	Control	ENSG00000157540	0.7335974251052241	-0.02025890071104896	FALSE	6	DYRK1A	DYRK1A
ENSG00000283183	18	10	8	0.07778834508264348	0.5199306759098787	0.33473632087150285	0.1851943550383759	AD	ENSG00000283183	0.7333498390690765	-0.16624411723492827	FALSE	6	NA	ENSG00000283183
ENSG00000138378	524	125	399	5.3697314045906825	0.9501114137162664	0.7652884377321119	0.18482297598415456	AD	ENSG00000138378	0.733102253032929	-0.3991578730466916	FALSE	6	STAT4	STAT4
ENSG00000180488	22	12	10	0.10485710753537002	0.5505075513741025	0.365684575389948	0.18482297598415445	AD	ENSG00000180488	0.7328546669967814	-0.18427743652532055	FALSE	6	MIGA1	MIGA1
ENSG00000126254	4	2	2	-0.00341794227553615	0.2896756622926467	0.10497647932656598	0.1846991829660807	AD	ENSG00000126254	0.7316167368160436	-0.14794161032662423	FALSE	6	RBM42	RBM42
ENSG00000174482	4	2	2	-0.00341794227553615	0.2896756622926467	0.10497647932656598	0.1846991829660807	AD	ENSG00000174482	0.7316167368160436	-0.15642184220222255	FALSE	6	LINGO2	LINGO2
ENSG00000119414	4	2	2	-0.00341794227553615	0.2896756622926467	0.10497647932656598	0.1846991829660807	AD	ENSG00000119414	0.7316167368160436	-0.05367985896385008	FALSE	6	PPP6C	PPP6C
ENSG00000162910	4	2	2	-0.00341794227553615	0.2896756622926467	0.10497647932656598	0.1846991829660807	AD	ENSG00000162910	0.7316167368160436	-0.2096077666072151	FALSE	6	MRPL55	MRPL55
ENSG00000116254	4	2	2	-0.00341794227553615	0.2896756622926467	0.10497647932656598	0.1846991829660807	AD	ENSG00000116254	0.7316167368160436	-0.07533131713870311	FALSE	6	CHD5	CHD5
ENSG00000196531	4	2	2	-0.00341794227553615	0.2896756622926467	0.10497647932656598	0.1846991829660807	AD	ENSG00000196531	0.7316167368160436	-0.01051056782187842	FALSE	6	NACA	NACA
ENSG00000186998	4	2	2	-0.00341794227553615	0.2896756622926467	0.10497647932656598	0.1846991829660807	AD	ENSG00000186998	0.7316167368160436	0.06869290141523798	FALSE	6	EMID1	EMID1
ENSG00000103995	4	2	2	-0.00341794227553615	0.2896756622926467	0.10497647932656598	0.1846991829660807	AD	ENSG00000103995	0.7316167368160436	0.21194557229327415	FALSE	6	CEP152	CEP152
ENSG00000125817	4	2	2	-0.00341794227553615	0.2896756622926467	0.10497647932656598	0.1846991829660807	AD	ENSG00000125817	0.7316167368160436	0.17682674102033147	FALSE	6	CENPB	CENPB
ENSG00000170899	45	21	24	0.2943384447044558	0.6496657588512008	0.4652141619212676	0.1844515969299332	AD	ENSG00000170899	0.730255013617232	-0.18101945452606572	FALSE	6	GSTA4	GSTA4
ENSG00000125848	201	53	148	1.9726017167735015	0.8240901213171578	0.6396385243872246	0.1844515969299332	AD	ENSG00000125848	0.730255013617232	-0.0803866896299894	FALSE	6	FLRT3	FLRT3
ENSG00000111912	78	29	49	0.6326979753635377	0.7166377816291161	0.5324337707353305	0.18420401089378555	AD	ENSG00000111912	0.7298836345630106	-0.15394937438465206	FALSE	6	NCOA7	NCOA7
ENSG00000154122	9	43	-34	-0.4906556664246139	0.4207724684327804	0.6043575142361971	-0.18358504580341672	Control	ENSG00000154122	0.729636048526863	-0.05398164197232802	FALSE	6	ANKH	ANKH
ENSG00000178996	2	12	-10	-0.16583051699189544	0.18209952958653133	0.365684575389948	-0.1835850458034167	Control	ENSG00000178996	0.7291408764545679	0.06246557248043238	FALSE	6	SNX18	SNX18
ENSG00000126005	2	12	-10	-0.16583051699189544	0.18209952958653133	0.365684575389948	-0.1835850458034167	Control	ENSG00000126005	0.7291408764545679	-0.06610162955082721	FALSE	6	MMP24OS	MMP24OS
ENSG00000123349	2	12	-10	-0.16583051699189544	0.18209952958653133	0.365684575389948	-0.1835850458034167	Control	ENSG00000123349	0.7291408764545679	0.01498333810897278	FALSE	6	PFDN5	PFDN5
ENSG00000155511	62	25	37	0.4702854006471784	0.6887843525625155	0.505694478831394	0.1830898737311215	AD	ENSG00000155511	0.7286457043822728	-0.116620201425631	FALSE	6	GRIA1	GRIA1
ENSG00000189369	269	70	199	2.6628551593180285	0.8641990591730626	0.6812329784600148	0.18296608071304776	AD	ENSG00000189369	0.7283981183461253	-0.1439031485973601	FALSE	6	GSPT2	GSPT2
ENSG00000112079	25	113	-88	-1.2215122526482307	0.5692002971032434	0.7520425847982174	-0.182842287694974	Control	ENSG00000112079	0.7281505323099777	0.21976783882046824	FALSE	6	STK38	STK38
ENSG00000266094	3	17	-14	-0.21996804189734853	0.2442436246595692	0.42696211933646944	-0.18271849467690024	Control	ENSG00000266094	0.7279029462738301	-0.12460261110424752	FALSE	6	RASSF5	RASSF5
ENSG00000169871	72	28	44	0.5650260692317213	0.7077246843278039	0.5251299826689775	0.1825947016588264	AD	ENSG00000169871	0.7275315672196088	0.2526340353956389	FALSE	6	TRIM56	TRIM56
ENSG00000196976	18	81	-63	-0.8831527219891488	0.5199306759098787	0.7025253775687051	-0.1825947016588264	Control	ENSG00000196976	0.7275315672196088	-0.19361647567114737	FALSE	6	LAGE3	LAGE3
ENSG00000184207	26	14	12	0.13192586998809655	0.5757613270611538	0.3932904184204011	0.18247090864075272	AD	ENSG00000184207	0.7271601881653875	-0.06805673273058765	FALSE	6	PGP	PGP
ENSG00000122550	192	51	141	1.8778610481889584	0.8165387472146571	0.6340678385739045	0.18247090864075263	AD	ENSG00000122550	0.7269126021292399	-0.11674121032617713	FALSE	6	KLHL7	KLHL7
ENSG00000111731	36	18	18	0.2131321573462762	0.6192126764050507	0.4371131468185194	0.1820995295865313	AD	ENSG00000111731	0.7266650160930923	-0.1294045139028288	FALSE	6	C2CD5	C2CD5
ENSG00000137547	157	44	113	1.498898373850787	0.7910373854914583	0.6093092349591483	0.18172815053230995	AD	ENSG00000137547	0.726293637038871	-0.201384285981808	FALSE	6	MRPL15	MRPL15
ENSG00000027075	13	8	5	0.03718520140355366	0.47660311958405543	0.2948749690517455	0.18172815053230995	AD	ENSG00000027075	0.726293637038871	0.18391834722176004	FALSE	6	PRKCH	PRKCH
ENSG00000154237	44	21	23	0.28080406347809256	0.6468185194355038	0.4652141619212676	0.1816043575142362	AD	ENSG00000154237	0.7257984649665759	-0.04508112283281562	FALSE	6	LRRK1	LRRK1
ENSG00000166313	20	91	-71	-0.9914277718000548	0.5360237682594702	0.7176281257737064	-0.1816043575142362	Control	ENSG00000166313	0.7257984649665759	-0.09083414910724665	FALSE	6	APBB1	APBB1
ENSG00000130559	41	189	-148	-2.033575126230027	0.6387719732607081	0.820004951720723	-0.18123297846001485	Control	ENSG00000130559	0.7253032928942807	-0.10054644544648283	FALSE	6	CAMSAP1	CAMSAP1
ENSG00000151835	25	112	-87	-1.2079778714218674	0.5692002971032434	0.7504332755632582	-0.18123297846001485	Control	ENSG00000151835	0.7253032928942807	-0.05712377361218124	FALSE	6	SACS	SACS
ENSG00000070423	5	25	-20	-0.3011743292555282	0.3247090864075266	0.505694478831394	-0.18098539242386735	Control	ENSG00000070423	0.7249319138400594	-0.04563301986318002	FALSE	6	RNF126	RNF126
ENSG00000258890	8	5	3	0.01011643895082711	0.4022035157217133	0.22295122555087893	0.17925229017083438	AD	ENSG00000258890	0.7244367417677643	0.13378628617841848	FALSE	6	CEP95	CEP95
ENSG00000198598	8	5	3	0.01011643895082711	0.4022035157217133	0.22295122555087893	0.17925229017083438	AD	ENSG00000198598	0.7244367417677643	-0.11475860096285471	FALSE	6	MMP17	MMP17
ENSG00000130158	8	5	3	0.01011643895082711	0.4022035157217133	0.22295122555087893	0.17925229017083438	AD	ENSG00000130158	0.7244367417677643	0.2528712112334812	FALSE	6	DOCK6	DOCK6
ENSG00000145715	30	135	-105	-1.4515967334964062	0.5963109680614014	0.7755632582322357	-0.17925229017083433	Control	ENSG00000145715	0.7239415696954692	-0.1001089398035333	FALSE	6	RASA1	RASA1
ENSG00000072840	30	16	14	0.1589946324408231	0.5963109680614014	0.41718247090864075	0.17912849715276064	AD	ENSG00000072840	0.7236939836593216	0.125100629540996	FALSE	6	EVC	EVC
ENSG00000165025	8	37	-29	-0.4229837602927976	0.4022035157217133	0.5809606338202525	-0.17875711809853922	Control	ENSG00000165025	0.7234463976231741	0.23975057940270883	FALSE	6	SYK	SYK
ENSG00000129055	43	21	22	0.26726968225172926	0.6438474870017331	0.4652141619212676	0.17863332508046548	AD	ENSG00000129055	0.7231988115870265	-0.13107716914996104	FALSE	6	ANAPC13	ANAPC13
ENSG00000187164	11	7	4	0.02365082017719039	0.45233968804159447	0.2742015350334241	0.17813815300817035	AD	ENSG00000187164	0.722951225550879	0.18455200203506197	FALSE	6	SHTN1	SHTN1
ENSG00000233476	1	6	-5	-0.09815861086007906	0.07279029462738301	0.25043327556325823	-0.17764298093587522	Control	ENSG00000233476	0.7196088140628869	0.10149203654295393	FALSE	6	EEF1A1P6	EEF1A1P6
ENSG00000183696	1	6	-5	-0.09815861086007906	0.07279029462738301	0.25043327556325823	-0.17764298093587522	Control	ENSG00000183696	0.7196088140628869	-0.132207217527748	FALSE	6	UPP1	UPP1
ENSG00000173227	1	6	-5	-0.09815861086007906	0.07279029462738301	0.25043327556325823	-0.17764298093587522	Control	ENSG00000173227	0.7196088140628869	-0.11252913591517276	FALSE	6	SYT12	SYT12
ENSG00000105372	1	6	-5	-0.09815861086007906	0.07279029462738301	0.25043327556325823	-0.17764298093587522	Control	ENSG00000105372	0.7196088140628869	0.04329645954116934	FALSE	6	RPS19	RPS19
ENSG00000092621	1	6	-5	-0.09815861086007906	0.07279029462738301	0.25043327556325823	-0.17764298093587522	Control	ENSG00000092621	0.7196088140628869	0.14090150775803245	FALSE	6	PHGDH	PHGDH
ENSG00000198586	1	6	-5	-0.09815861086007906	0.07279029462738301	0.25043327556325823	-0.17764298093587522	Control	ENSG00000198586	0.7196088140628869	-0.08249274434508003	FALSE	6	TLK1	TLK1
ENSG00000143850	1	6	-5	-0.09815861086007906	0.07279029462738301	0.25043327556325823	-0.17764298093587522	Control	ENSG00000143850	0.7196088140628869	0.01963880539529938	FALSE	6	PLEKHA6	PLEKHA6
ENSG00000144591	1	6	-5	-0.09815861086007906	0.07279029462738301	0.25043327556325823	-0.17764298093587522	Control	ENSG00000144591	0.7196088140628869	0.03478554033122805	FALSE	6	GMPPA	GMPPA
ENSG00000143815	1	6	-5	-0.09815861086007906	0.07279029462738301	0.25043327556325823	-0.17764298093587522	Control	ENSG00000143815	0.7196088140628869	0.1224098451117559	FALSE	6	LBR	LBR
ENSG00000090539	1	6	-5	-0.09815861086007906	0.07279029462738301	0.25043327556325823	-0.17764298093587522	Control	ENSG00000090539	0.7196088140628869	-0.12114872256394273	FALSE	6	CHRD	CHRD
ENSG00000173141	1	6	-5	-0.09815861086007906	0.07279029462738301	0.25043327556325823	-0.17764298093587522	Control	ENSG00000173141	0.7196088140628869	-0.1478271977960155	FALSE	6	MRPL57	MRPL57
ENSG00000140859	1	6	-5	-0.09815861086007906	0.07279029462738301	0.25043327556325823	-0.17764298093587522	Control	ENSG00000140859	0.7196088140628869	-0.0040745532197608	FALSE	6	KIFC3	KIFC3
ENSG00000250658	1	6	-5	-0.09815861086007906	0.07279029462738301	0.25043327556325823	-0.17764298093587522	Control	ENSG00000250658	0.7196088140628869	0.03461732737962975	FALSE	6	NA	ENSG00000250658
ENSG00000108474	1	6	-5	-0.09815861086007906	0.07279029462738301	0.25043327556325823	-0.17764298093587522	Control	ENSG00000108474	0.7196088140628869	-0.09157071674644436	FALSE	6	PIGL	PIGL
ENSG00000129538	1	6	-5	-0.09815861086007906	0.07279029462738301	0.25043327556325823	-0.17764298093587522	Control	ENSG00000129538	0.7196088140628869	0.0572601470489591	FALSE	6	RNASE1	RNASE1
ENSG00000134575	1	6	-5	-0.09815861086007906	0.07279029462738301	0.25043327556325823	-0.17764298093587522	Control	ENSG00000134575	0.7196088140628869	-0.18342679229579595	FALSE	6	ACP2	ACP2
ENSG00000205746	1	6	-5	-0.09815861086007906	0.07279029462738301	0.25043327556325823	-0.17764298093587522	Control	ENSG00000205746	0.7196088140628869	-0.2134919538510296	FALSE	6	PKD1P4	PKD1P4
ENSG00000173933	1	6	-5	-0.09815861086007906	0.07279029462738301	0.25043327556325823	-0.17764298093587522	Control	ENSG00000173933	0.7196088140628869	-0.01865354963431009	FALSE	6	RBM4	RBM4
ENSG00000134884	1	6	-5	-0.09815861086007906	0.07279029462738301	0.25043327556325823	-0.17764298093587522	Control	ENSG00000134884	0.7196088140628869	0.0298010248043461	FALSE	6	ARGLU1	ARGLU1
ENSG00000180448	1	6	-5	-0.09815861086007906	0.07279029462738301	0.25043327556325823	-0.17764298093587522	Control	ENSG00000180448	0.7196088140628869	0.12461548842734338	FALSE	6	ARHGAP45	ARHGAP45
ENSG00000105393	1	6	-5	-0.09815861086007906	0.07279029462738301	0.25043327556325823	-0.17764298093587522	Control	ENSG00000105393	0.7196088140628869	-0.02453036603778713	FALSE	6	BABAM1	BABAM1
ENSG00000138190	1	6	-5	-0.09815861086007906	0.07279029462738301	0.25043327556325823	-0.17764298093587522	Control	ENSG00000138190	0.7196088140628869	-0.16010170865024875	FALSE	6	EXOC6	EXOC6
ENSG00000117906	1	6	-5	-0.09815861086007906	0.07279029462738301	0.25043327556325823	-0.17764298093587522	Control	ENSG00000117906	0.7196088140628869	-0.15803253826111965	FALSE	6	RCN2	RCN2
ENSG00000243466	1	6	-5	-0.09815861086007906	0.07279029462738301	0.25043327556325823	-0.17764298093587522	Control	ENSG00000243466	0.7196088140628869	0.01977191741779949	FALSE	6	IGKV1-5	IGKV1-5
ENSG00000151006	1	6	-5	-0.09815861086007906	0.07279029462738301	0.25043327556325823	-0.17764298093587522	Control	ENSG00000151006	0.7196088140628869	0.1392740144425204	FALSE	6	PRSS53	PRSS53
ENSG00000022267	1	6	-5	-0.09815861086007906	0.07279029462738301	0.25043327556325823	-0.17764298093587522	Control	ENSG00000022267	0.7196088140628869	-0.10746377031112608	FALSE	6	FHL1	FHL1
ENSG00000101337	7	33	-26	-0.38238061661370776	0.3815300817033919	0.5590492696211934	-0.17751918791780147	Control	ENSG00000101337	0.7162664025748948	-0.1341943296531607	FALSE	6	TM9SF4	TM9SF4
ENSG00000100241	27	120	-93	-1.289184158780047	0.5817033919286952	0.758479821738054	-0.1767764298093587	Control	ENSG00000100241	0.7160188165387472	-0.04467139729498015	FALSE	6	SBF1	SBF1
ENSG00000138686	291	79	212	2.838802115260751	0.875835602871998	0.6993067590987868	0.1765288437732112	AD	ENSG00000138686	0.7155236444664521	-0.12789806034014184	FALSE	6	BBS7	BBS7
ENSG00000145526	110	36	74	0.9710575060226194	0.7519187917801436	0.5753899480069324	0.1765288437732112	AD	ENSG00000145526	0.7155236444664521	-0.14919621639888625	FALSE	6	CDH18	CDH18
ENSG00000174145	110	36	74	0.9710575060226194	0.7519187917801436	0.5753899480069324	0.1765288437732112	AD	ENSG00000174145	0.7155236444664521	-0.2918535740328174	FALSE	6	NWD2	NWD2
ENSG00000160255	12	54	-42	-0.5989307162355201	0.46595692002971034	0.6423619707848477	-0.17640505075513735	Control	ENSG00000160255	0.7149046793760832	0.08735473929516768	FALSE	6	ITGB2	ITGB2
ENSG00000145912	12	54	-42	-0.5989307162355201	0.46595692002971034	0.6423619707848477	-0.17640505075513735	Control	ENSG00000145912	0.7149046793760832	-0.21231389792573907	FALSE	6	NHP2	NHP2
ENSG00000123570	296	80	216	2.892939640166204	0.8771973260708096	0.7010398613518197	0.17615746471898985	AD	ENSG00000123570	0.714409507303788	-0.19024027628008255	FALSE	6	RAB9B	RAB9B
ENSG00000115520	42	21	21	0.253735301025366	0.6413716266402575	0.4652141619212676	0.17615746471898985	AD	ENSG00000115520	0.714409507303788	-0.15087399480739094	FALSE	6	COQ10B	COQ10B
ENSG00000099901	81	31	50	0.646232356589901	0.7217132953701412	0.5456796236692251	0.1760336717009161	AD	ENSG00000099901	0.7140381282495667	-0.1930268814559497	FALSE	6	RANBP1	RANBP1
ENSG00000196715	10	45	-35	-0.5041900476509772	0.437360732854667	0.6132706115375093	-0.1759098786828423	Control	ENSG00000196715	0.7137905422134192	-0.1059805143068715	FALSE	6	VKORC1L1	VKORC1L1
ENSG00000132824	70	282	-212	-2.8997755247172763	0.7026491705867789	0.8783114632334736	-0.17566229264669475	Control	ENSG00000132824	0.7135429561772716	-0.12733455240528713	FALSE	6	SERINC3	SERINC3
ENSG00000143520	4	21	-17	-0.2605711855764383	0.2896756622926467	0.4652141619212676	-0.17553849962862095	Control	ENSG00000143520	0.7131715771230502	0.06186845035389132	FALSE	6	FLG2	FLG2
ENSG00000184371	4	21	-17	-0.2605711855764383	0.2896756622926467	0.4652141619212676	-0.17553849962862095	Control	ENSG00000184371	0.7131715771230502	0.24908484484275029	FALSE	6	CSF1	CSF1
ENSG00000074054	20	87	-67	-0.937290246894602	0.5360237682594702	0.7111908888338697	-0.17516712057439954	Control	ENSG00000074054	0.7128001980688289	-0.06572429174024741	FALSE	6	CLASP1	CLASP1
ENSG00000115641	152	45	107	1.4176920864926077	0.7881901460757613	0.6132706115375093	0.17491953453825204	AD	ENSG00000115641	0.7125526120326814	-0.1373934417843632	FALSE	6	FHL2	FHL2
ENSG00000103160	42	184	-142	-1.9523688388718472	0.6413716266402575	0.8161673681604358	-0.1747957415201783	Control	ENSG00000103160	0.7123050259965338	-0.05176270578528808	FALSE	6	HSDL1	HSDL1
ENSG00000133101	492	126	366	4.9230968241206945	0.9414459024511016	0.7670215399851449	0.17442436246595683	AD	ENSG00000133101	0.7120574399603863	-0.35675441428394716	FALSE	6	CCNA1	CCNA1
ENSG00000233123	32	137	-105	-1.4515967334964062	0.6033671700916068	0.7772963604852686	-0.17392919039366184	Control	ENSG00000233123	0.7118098539242387	-0.701209193169027	TRUE	7	LINC01007	LINC01007
ENSG00000107862	12	53	-41	-0.5853963350091568	0.46595692002971034	0.6396385243872246	-0.17368160435751423	Control	ENSG00000107862	0.7115622678880911	-0.11421757993409544	FALSE	7	GBF1	GBF1
ENSG00000169047	16	69	-53	-0.7478089097255161	0.5049517207229512	0.6783857390443179	-0.17343401832136662	Control	ENSG00000169047	0.7113146818519436	0.0092336916776059	FALSE	7	IRS1	IRS1
ENSG00000154310	5	3	2	-0.00341794227553615	0.3247090864075266	0.15139886110423373	0.17331022530329288	AD	ENSG00000154310	0.7103243377073533	0.03234594551850556	FALSE	7	TNIK	TNIK
ENSG00000204220	5	3	2	-0.00341794227553615	0.3247090864075266	0.15139886110423373	0.17331022530329288	AD	ENSG00000204220	0.7103243377073533	-0.11450113651620876	FALSE	7	PFDN6	PFDN6
ENSG00000111711	5	3	2	-0.00341794227553615	0.3247090864075266	0.15139886110423373	0.17331022530329288	AD	ENSG00000111711	0.7103243377073533	-0.19543631898607927	FALSE	7	GOLT1B	GOLT1B
ENSG00000160055	5	3	2	-0.00341794227553615	0.3247090864075266	0.15139886110423373	0.17331022530329288	AD	ENSG00000160055	0.7103243377073533	-0.08324949352836963	FALSE	7	TMEM234	TMEM234
ENSG00000149256	5	3	2	-0.00341794227553615	0.3247090864075266	0.15139886110423373	0.17331022530329288	AD	ENSG00000149256	0.7103243377073533	-0.08404960558680408	FALSE	7	TENM4	TENM4
ENSG00000126822	5	3	2	-0.00341794227553615	0.3247090864075266	0.15139886110423373	0.17331022530329288	AD	ENSG00000126822	0.7103243377073533	0.10789533980638666	FALSE	7	PLEKHG3	PLEKHG3
ENSG00000020577	5	3	2	-0.00341794227553615	0.3247090864075266	0.15139886110423373	0.17331022530329288	AD	ENSG00000020577	0.7103243377073533	0.33008286487216765	FALSE	7	SAMD4A	SAMD4A
ENSG00000246922	8	36	-28	-0.4094493790664343	0.4022035157217133	0.5753899480069324	-0.17318643228521913	Control	ENSG00000246922	0.709333993562763	0.03544035938814538	FALSE	7	UBAP1L	UBAP1L
ENSG00000159079	3	16	-13	-0.2064336606709853	0.2442436246595692	0.41718247090864075	-0.17293884624907155	Control	ENSG00000159079	0.7090864075266154	0.09140725452623322	FALSE	7	CFAP298	CFAP298
ENSG00000181610	34	146	-112	-1.546337402080949	0.6109185441941074	0.7836098044070314	-0.17269126021292402	Control	ENSG00000181610	0.708838821490468	-0.11784409919425444	FALSE	7	MRPS23	MRPS23
ENSG00000148925	154	500	-346	-4.7133826090499555	0.788932904184204	0.9612527853429068	-0.17231988115870267	Control	ENSG00000148925	0.7085912354543203	-0.17932394683617936	FALSE	7	BTBD10	BTBD10
ENSG00000171051	5	24	-19	-0.28763994802916487	0.3247090864075266	0.4969051745481554	-0.17219608814062887	Control	ENSG00000171051	0.7080960633820252	-0.1819695324458639	FALSE	7	FPR1	FPR1
ENSG00000095587	5	24	-19	-0.28763994802916487	0.3247090864075266	0.4969051745481554	-0.17219608814062887	Control	ENSG00000095587	0.7080960633820252	-0.1977831463543387	FALSE	7	TLL2	TLL2
ENSG00000174231	5	24	-19	-0.28763994802916487	0.3247090864075266	0.4969051745481554	-0.17219608814062887	Control	ENSG00000174231	0.7080960633820252	-0.07675782936125941	FALSE	7	PRPF8	PRPF8
ENSG00000102226	365	98	267	3.583193082710731	0.9004704134686804	0.7285219113641991	0.17194850210448132	AD	ENSG00000102226	0.7073533052735825	-0.2253665125669091	FALSE	7	USP11	USP11
ENSG00000108509	84	314	-230	-3.1433943867918153	0.7241891557316167	0.896137657836098	-0.17194850210448132	Control	ENSG00000108509	0.7073533052735825	-0.095595246517183	FALSE	7	CAMTA2	CAMTA2
ENSG00000207389	13	56	-43	-0.6124650974618834	0.47660311958405543	0.6485516216885368	-0.17194850210448132	Control	ENSG00000207389	0.7073533052735825	-0.00995787052861119	FALSE	7	RNU1-4	RNU1-4
ENSG00000274576	17	71	-54	-0.7613432909518794	0.5127506808615994	0.6842040108937856	-0.1714533300321862	Control	ENSG00000274576	0.7068581332012874	0.01728216188930997	FALSE	7	IGHV2-70	IGHV2-70
ENSG00000179832	7	32	-25	-0.3688462353873445	0.3815300817033919	0.5529834117355781	-0.17145333003218616	Control	ENSG00000179832	0.7064867541470661	-0.0776496275565286	FALSE	7	MROH1	MROH1
ENSG00000272763	7	32	-25	-0.3688462353873445	0.3815300817033919	0.5529834117355781	-0.17145333003218616	Control	ENSG00000272763	0.7064867541470661	-9.136648474805664e-4	FALSE	7	LINC03057	LINC03057
ENSG00000171860	9	40	-31	-0.4500525227455241	0.4207724684327804	0.5921020054468928	-0.1713295370141125	Control	ENSG00000171860	0.7061153750928447	0.23291760785627336	FALSE	7	C3AR1	C3AR1
ENSG00000137409	35	148	-113	-1.5598717833073124	0.6147561277543947	0.7857142857142857	-0.170958157959891	Control	ENSG00000137409	0.7058677890566972	-0.184179736665957	FALSE	7	MTCH1	MTCH1
ENSG00000142197	44	22	22	0.26726968225172926	0.6468185194355038	0.47623174052983414	0.1705867789056697	AD	ENSG00000142197	0.7056202030205496	-0.13161535497226495	FALSE	7	DOP1B	DOP1B
ENSG00000081913	20	12	8	0.07778834508264348	0.5360237682594702	0.365684575389948	0.17033919286952215	AD	ENSG00000081913	0.7050012379301808	0.18229464674139884	FALSE	7	PHLPP1	PHLPP1
ENSG00000175471	9	6	3	0.01011643895082711	0.4207724684327804	0.25043327556325823	0.17033919286952215	AD	ENSG00000175471	0.7050012379301808	-0.10856405021708147	FALSE	7	MCTP1	MCTP1
ENSG00000120509	9	6	3	0.01011643895082711	0.4207724684327804	0.25043327556325823	0.17033919286952215	AD	ENSG00000120509	0.7050012379301808	-0.15629983976333506	FALSE	7	PDZD11	PDZD11
ENSG00000136436	9	6	3	0.01011643895082711	0.4207724684327804	0.25043327556325823	0.17033919286952215	AD	ENSG00000136436	0.7050012379301808	0.12151359702102128	FALSE	7	CALCOCO2	CALCOCO2
ENSG00000087448	16	10	6	0.05071958262991694	0.5049517207229512	0.33473632087150285	0.1702153998514484	AD	ENSG00000087448	0.7042584798217381	-0.10599199542700076	FALSE	7	KLHL42	KLHL42
ENSG00000154642	16	10	6	0.05071958262991694	0.5049517207229512	0.33473632087150285	0.1702153998514484	AD	ENSG00000154642	0.7042584798217381	0.1583307057289609	FALSE	7	C21orf91	C21orf91
ENSG00000164853	21	88	-67	-0.937290246894602	0.5432037633077494	0.713295370141124	-0.17009160683337454	Control	ENSG00000164853	0.7038871007675167	0.00488386328751455	FALSE	7	UNCX	UNCX
ENSG00000117643	58	26	32	0.402613494515362	0.6818519435503838	0.5118841297350829	0.1699678138153009	AD	ENSG00000117643	0.7036395147313691	-0.10706538886051398	FALSE	7	MAN1C1	MAN1C1
ENSG00000113575	338	94	244	3.2719023145043757	0.8923000742758108	0.7224560534785838	0.16984402079722705	AD	ENSG00000113575	0.7032681356771479	-0.1713596191408442	FALSE	7	PPP2CA	PPP2CA
ENSG00000163704	6	28	-22	-0.3282430917082547	0.35528596187175043	0.5251299826689775	-0.16984402079722705	Control	ENSG00000163704	0.7032681356771479	-0.11405923047134436	FALSE	7	PRRT3	PRRT3
ENSG00000154096	52	24	28	0.3484759696099089	0.6666254023273087	0.4969051745481554	0.16972022777915324	AD	ENSG00000154096	0.7026491705867789	-0.2146560886688551	FALSE	7	THY1	THY1
ENSG00000184076	24	14	10	0.10485710753537002	0.5630106461995543	0.3932904184204011	0.16972022777915324	AD	ENSG00000184076	0.7026491705867789	-0.17415383355311675	FALSE	7	UQCR10	UQCR10
ENSG00000164574	24	14	10	0.10485710753537002	0.5630106461995543	0.3932904184204011	0.16972022777915324	AD	ENSG00000164574	0.7026491705867789	0.09914349636201968	FALSE	7	GALNT10	GALNT10
ENSG00000125675	302	87	215	2.879405258939841	0.8806635305768755	0.7111908888338697	0.1694726417430058	AD	ENSG00000125675	0.7021539985144838	-0.16605986882186308	FALSE	7	GRIA3	GRIA3
ENSG00000033122	113	38	75	0.9845918872489828	0.7546422381777668	0.5855409754889824	0.16910126268878434	AD	ENSG00000033122	0.7017826194602624	-0.12384115598978164	FALSE	7	LRRC7	LRRC7
ENSG00000139637	234	68	166	2.2162205788480405	0.8445159692993315	0.6754147066105471	0.16910126268878434	AD	ENSG00000139637	0.7017826194602624	-0.13420730277077375	FALSE	7	MYG1	MYG1
ENSG00000116199	118	399	-281	-3.8336478293363423	0.7599653379549394	0.928819014607576	-0.16885367665263673	Control	ENSG00000116199	0.7014112404060411	-0.14480557764633772	FALSE	7	FAM20B	FAM20B
ENSG00000135423	69	29	40	0.5108885443262682	0.7011636543698936	0.5324337707353305	0.1687298836345631	AD	ENSG00000135423	0.7011636543698936	-0.14946092350322715	FALSE	7	GLS2	GLS2
ENSG00000165995	144	45	99	1.3094170366817013	0.7820004951720723	0.6132706115375093	0.16872988363456298	AD	ENSG00000165995	0.700916068333746	-0.13475606828904674	FALSE	7	CACNB2	CACNB2
ENSG00000153558	255	73	182	2.432770678469853	0.8570190641247833	0.6884129735082941	0.16860609061648923	AD	ENSG00000153558	0.7006684822975984	-0.2707759771712208	FALSE	7	FBXL2	FBXL2
ENSG00000085978	2	11	-9	-0.15229613576553216	0.18209952958653133	0.35070562020302054	-0.1686060906164892	Control	ENSG00000085978	0.6991829660807131	-0.09771293427681194	FALSE	7	ATG16L1	ATG16L1
ENSG00000143612	2	11	-9	-0.15229613576553216	0.18209952958653133	0.35070562020302054	-0.1686060906164892	Control	ENSG00000143612	0.6991829660807131	-0.06456324634938149	FALSE	7	C1orf43	C1orf43
ENSG00000196581	2	11	-9	-0.15229613576553216	0.18209952958653133	0.35070562020302054	-0.1686060906164892	Control	ENSG00000196581	0.6991829660807131	-0.02281782071577431	FALSE	7	AJAP1	AJAP1
ENSG00000062650	2	11	-9	-0.15229613576553216	0.18209952958653133	0.35070562020302054	-0.1686060906164892	Control	ENSG00000062650	0.6991829660807131	0.0914492606973738	FALSE	7	WAPL	WAPL
ENSG00000168026	2	11	-9	-0.15229613576553216	0.18209952958653133	0.35070562020302054	-0.1686060906164892	Control	ENSG00000168026	0.6991829660807131	0.04094334984826453	FALSE	7	TTC21A	TTC21A
ENSG00000168288	2	11	-9	-0.15229613576553216	0.18209952958653133	0.35070562020302054	-0.1686060906164892	Control	ENSG00000168288	0.6991829660807131	-0.08651714021336154	FALSE	7	MMADHC	MMADHC
ENSG00000180817	2	11	-9	-0.15229613576553216	0.18209952958653133	0.35070562020302054	-0.1686060906164892	Control	ENSG00000180817	0.6991829660807131	-0.13324934425594037	FALSE	7	PPA1	PPA1
ENSG00000254999	2	11	-9	-0.15229613576553216	0.18209952958653133	0.35070562020302054	-0.1686060906164892	Control	ENSG00000254999	0.6991829660807131	-0.09383672628904804	FALSE	7	BRK1	BRK1
ENSG00000167191	2	11	-9	-0.15229613576553216	0.18209952958653133	0.35070562020302054	-0.1686060906164892	Control	ENSG00000167191	0.6991829660807131	0.17679471077513045	FALSE	7	GPRC5B	GPRC5B
ENSG00000105221	2	11	-9	-0.15229613576553216	0.18209952958653133	0.35070562020302054	-0.1686060906164892	Control	ENSG00000105221	0.6991829660807131	0.10703750524327305	FALSE	7	AKT2	AKT2
ENSG00000005961	2	11	-9	-0.15229613576553216	0.18209952958653133	0.35070562020302054	-0.1686060906164892	Control	ENSG00000005961	0.6991829660807131	0.05724522689869626	FALSE	7	ITGA2B	ITGA2B
ENSG00000011523	17	70	-53	-0.7478089097255161	0.5127506808615994	0.6812329784600148	-0.1684822975984155	Control	ENSG00000011523	0.6976974498638276	-0.1259817927605784	FALSE	7	CEP68	CEP68
ENSG00000204352	20	82	-62	-0.8696183407627855	0.5360237682594702	0.7043822728398118	-0.16835850458034163	Control	ENSG00000204352	0.6973260708096063	-0.20748089344150955	FALSE	7	FAM120A2P	FAM120A2P
ENSG00000203747	9	39	-30	-0.4365181415191608	0.4207724684327804	0.589130973013122	-0.16835850458034163	Control	ENSG00000203747	0.6973260708096063	-0.19218685786266043	FALSE	7	FCGR3A	FCGR3A
ENSG00000166946	29	121	-92	-1.2756497775536837	0.5914830403565239	0.759593958900718	-0.16811091854419413	Control	ENSG00000166946	0.696954691755385	-0.08190817274242157	FALSE	7	CCNDBP1	CCNDBP1
ENSG00000167037	212	62	150	1.999670479226228	0.8313939093835108	0.6634067838573905	0.16798712552612027	AD	ENSG00000167037	0.6967071057192374	-0.13948187163432202	FALSE	7	SGSM1	SGSM1
ENSG00000236901	11	47	-36	-0.5177244288773405	0.45233968804159447	0.620203020549641	-0.16786333250804658	Control	ENSG00000236901	0.6964595196830898	-0.1654879633496762	FALSE	7	MIR600HG	MIR600HG
ENSG00000134343	215	63	152	2.0267392416789547	0.8330032186184699	0.6655112651646448	0.16749195345382517	AD	ENSG00000134343	0.6962119336469423	-0.327485316276956	FALSE	7	ANO3	ANO3
ENSG00000157778	22	91	-69	-0.9643590093473284	0.5505075513741025	0.7176281257737064	-0.16712057439960393	Control	ENSG00000157778	0.6959643476107947	-0.12379378726101288	FALSE	7	PSMG3	PSMG3
ENSG00000145623	10	43	-33	-0.47712128519825064	0.437360732854667	0.6043575142361971	-0.16699678138153012	Control	ENSG00000145623	0.6957167615746472	0.11080292631480582	FALSE	7	OSMR	OSMR
ENSG00000161681	41	171	-130	-1.789956264155488	0.6387719732607081	0.8055211686060906	-0.16674919534538246	Control	ENSG00000161681	0.6954691755384996	-0.1874607813785172	FALSE	7	SHANK1	SHANK1
ENSG00000153956	411	114	297	3.989224519501629	0.9196583312701164	0.7530329289428076	0.1666254023273087	AD	ENSG00000153956	0.695221589502352	-0.22338979296697303	FALSE	7	CACNA2D1	CACNA2D1
ENSG00000181826	8	35	-27	-0.39591499784007106	0.4022035157217133	0.5685813320128744	-0.1663778162911611	Control	ENSG00000181826	0.6949740034662045	0.09705154245084202	FALSE	7	RELL1	RELL1
ENSG00000162430	32	18	14	0.1589946324408231	0.6033671700916068	0.4371131468185194	0.16625402327308736	AD	ENSG00000162430	0.6947264174300569	0.05987678979134259	FALSE	7	SELENON	SELENON
ENSG00000152503	489	134	355	4.774218630630698	0.9400841792522902	0.7743253280514979	0.16575885120079226	AD	ENSG00000152503	0.6944788313939094	-0.3823360795073061	FALSE	7	TRIM36	TRIM36
ENSG00000196542	305	90	215	2.879405258939841	0.8817776677395395	0.716142609556821	0.1656350581827185	AD	ENSG00000196542	0.6942312453577618	-0.33629953140284563	FALSE	7	SPTSSB	SPTSSB
ENSG00000144820	16	66	-50	-0.7072057660464263	0.5049517207229512	0.6704629858875959	-0.16551126516464465	Control	ENSG00000144820	0.6939836593216142	0.0674647554806469	FALSE	7	ADGRG7	ADGRG7
ENSG00000173064	36	147	-111	-1.5328030208545858	0.6192126764050507	0.7846001485516216	-0.1653874721465709	Control	ENSG00000173064	0.6937360732854667	-0.1116269150014464	FALSE	7	HECTD4	HECTD4
ENSG00000168016	4	20	-16	-0.24703680435007505	0.2896756622926467	0.4548155484030701	-0.1651398861104234	Control	ENSG00000168016	0.6933646942312454	-0.23982953492213532	FALSE	7	TRANK1	TRANK1
ENSG00000004455	4	20	-16	-0.24703680435007505	0.2896756622926467	0.4548155484030701	-0.1651398861104234	Control	ENSG00000004455	0.6933646942312454	0.03874415361771888	FALSE	7	AK2	AK2
ENSG00000169710	20	80	-60	-0.8425495783100589	0.5360237682594702	0.7010398613518197	-0.16501609309234955	Control	ENSG00000169710	0.692993315177024	-0.13308657636819454	FALSE	7	FASN	FASN
ENSG00000108091	34	19	15	0.17252901366718637	0.6109185441941074	0.4461500371379054	0.164768507056202	AD	ENSG00000108091	0.6927457291408765	-0.05579317147575757	FALSE	7	CCDC6	CCDC6
ENSG00000144712	15	61	-46	-0.6530682411409732	0.4961624164397128	0.660807130477841	-0.1646447140381282	Control	ENSG00000144712	0.6924981431047289	-0.11138131151802	FALSE	7	CAND2	CAND2
ENSG00000198755	6	4	2	-0.00341794227553615	0.35528596187175043	0.19076504085169596	0.16452092102005447	AD	ENSG00000198755	0.6917553849962862	-0.07909634848397218	FALSE	7	RPL10A	RPL10A
ENSG00000128815	6	4	2	-0.00341794227553615	0.35528596187175043	0.19076504085169596	0.16452092102005447	AD	ENSG00000128815	0.6917553849962862	0.05128195346733832	FALSE	7	WDFY4	WDFY4
ENSG00000168894	6	4	2	-0.00341794227553615	0.35528596187175043	0.19076504085169596	0.16452092102005447	AD	ENSG00000168894	0.6917553849962862	-0.1265549840788811	FALSE	7	RNF181	RNF181
ENSG00000171634	6	4	2	-0.00341794227553615	0.35528596187175043	0.19076504085169596	0.16452092102005447	AD	ENSG00000171634	0.6917553849962862	0.18608335983833868	FALSE	7	BPTF	BPTF
ENSG00000178947	6	4	2	-0.00341794227553615	0.35528596187175043	0.19076504085169596	0.16452092102005447	AD	ENSG00000178947	0.6917553849962862	-0.23000447835584129	FALSE	7	SMIM10L2A	SMIM10L2A
ENSG00000125743	21	13	8	0.07778834508264348	0.5432037633077494	0.37880663530576875	0.1643971280019807	AD	ENSG00000125743	0.6908888338697697	-0.07747861320749294	FALSE	7	SNRPD2	SNRPD2
ENSG00000168994	12	50	-38	-0.544793191330067	0.46595692002971034	0.630354048031691	-0.1643971280019807	Control	ENSG00000168994	0.6908888338697697	0.18477491549159808	FALSE	7	PXDC1	PXDC1
ENSG00000182578	7	31	-24	-0.35531185416098127	0.3815300817033919	0.5456796236692251	-0.16414954196583317	Control	ENSG00000182578	0.6905174548155484	0.13025467286079362	FALSE	7	CSF1R	CSF1R
ENSG00000187446	57	223	-166	-2.2771939883045658	0.6794998762069819	0.8431542461005199	-0.163654369893538	Control	ENSG00000187446	0.6902698687794009	-0.22230013942611393	FALSE	7	CHP1	CHP1
ENSG00000158258	58	27	31	0.38907911328899875	0.6818519435503838	0.5183213666749196	0.16353057687546424	AD	ENSG00000158258	0.6900222827432533	-0.1183030264639786	FALSE	7	CLSTN2	CLSTN2
ENSG00000168843	189	57	132	1.7560516171516891	0.814310472889329	0.6509036890319386	0.16340678385739038	AD	ENSG00000168843	0.6897746967071057	-0.23538341895856615	FALSE	7	FSTL5	FSTL5
ENSG00000097007	49	24	25	0.3078728259308191	0.6600643723693984	0.4969051745481554	0.16315919782124294	AD	ENSG00000097007	0.6895271106709582	0.13268605398557654	FALSE	7	ABL1	ABL1
ENSG00000147459	10	7	3	0.01011643895082711	0.437360732854667	0.2742015350334241	0.16315919782124289	AD	ENSG00000147459	0.6890319385986631	0.35105340374961	FALSE	7	DOCK5	DOCK5
ENSG00000126878	10	7	3	0.01011643895082711	0.437360732854667	0.2742015350334241	0.16315919782124289	AD	ENSG00000126878	0.6890319385986631	0.2340496861361636	FALSE	7	AIF1L	AIF1L
ENSG00000140612	10	7	3	0.01011643895082711	0.437360732854667	0.2742015350334241	0.16315919782124289	AD	ENSG00000140612	0.6890319385986631	0.08368783609238761	FALSE	7	SEC11A	SEC11A
ENSG00000184905	45	23	22	0.26726968225172926	0.6496657588512008	0.4866303540480317	0.16303540480316914	AD	ENSG00000184905	0.6884129735082941	-0.16230050564400678	FALSE	7	TCEAL2	TCEAL2
ENSG00000071967	6	27	-21	-0.3147087104818914	0.35528596187175043	0.5183213666749196	-0.16303540480316914	Control	ENSG00000071967	0.6884129735082941	0.00916553885141091	FALSE	7	CYBRD1	CYBRD1
ENSG00000196776	430	123	307	4.1245683317652615	0.9264669472641744	0.763555335479079	0.1629116117850954	AD	ENSG00000196776	0.6880415944540728	-0.1821524545958404	FALSE	7	CD47	CD47
ENSG00000186469	425	122	303	4.070430806859808	0.92436246595692	0.7616984402079723	0.16266402574894778	AD	ENSG00000186469	0.6875464223817777	-0.28348621771495	FALSE	7	GNG2	GNG2
ENSG00000143409	19	12	7	0.06425396385628021	0.5283486011388958	0.365684575389948	0.16266402574894778	AD	ENSG00000143409	0.6875464223817777	0.17982472111018666	FALSE	7	MINDY1	MINDY1
ENSG00000167315	19	12	7	0.06425396385628021	0.5283486011388958	0.365684575389948	0.16266402574894778	AD	ENSG00000167315	0.6875464223817777	0.01526358871057631	FALSE	7	ACAA2	ACAA2
ENSG00000175455	3	15	-12	-0.192899279444622	0.2442436246595692	0.4067838573904432	-0.162540232730874	Control	ENSG00000175455	0.6869274572914088	-0.03968988037403953	FALSE	7	CCDC14	CCDC14
ENSG00000007923	3	15	-12	-0.192899279444622	0.2442436246595692	0.4067838573904432	-0.162540232730874	Control	ENSG00000007923	0.6869274572914088	-0.04818294824158897	FALSE	7	DNAJC11	DNAJC11
ENSG00000116221	41	167	-126	-1.735818739250035	0.6387719732607081	0.8009408269373607	-0.16216885367665257	Control	ENSG00000116221	0.6865560782371875	-0.1386569556911592	FALSE	7	MRPL37	MRPL37
ENSG00000164050	17	11	6	0.05071958262991694	0.5127506808615994	0.35070562020302054	0.16204506065857882	AD	ENSG00000164050	0.6863084922010398	0.28391410459181365	FALSE	7	PLXNB1	PLXNB1
ENSG00000260197	5	23	-18	-0.2741055668028016	0.3247090864075266	0.4866303540480317	-0.16192126764050507	Control	ENSG00000260197	0.685689527110671	0.01718107618480835	FALSE	7	NA	ENSG00000260197
ENSG00000115386	5	23	-18	-0.2741055668028016	0.3247090864075266	0.4866303540480317	-0.16192126764050507	Control	ENSG00000115386	0.685689527110671	0.04843954541451389	FALSE	7	REG1A	REG1A
ENSG00000138029	5	23	-18	-0.2741055668028016	0.3247090864075266	0.4866303540480317	-0.16192126764050507	Control	ENSG00000138029	0.685689527110671	-0.04867235252292623	FALSE	7	HADHB	HADHB
ENSG00000108861	5	23	-18	-0.2741055668028016	0.3247090864075266	0.4866303540480317	-0.16192126764050507	Control	ENSG00000108861	0.685689527110671	-0.0836446239369284	FALSE	7	DUSP3	DUSP3
ENSG00000131495	15	10	5	0.03718520140355366	0.4961624164397128	0.33473632087150285	0.16142609556820997	AD	ENSG00000131495	0.685070562020302	-0.13401207393497216	FALSE	7	NDUFA2	NDUFA2
ENSG00000086065	21	82	-61	-0.8560839595364222	0.5432037633077494	0.7043822728398118	-0.16117850953206236	Control	ENSG00000086065	0.6848229759841545	-0.16917961389129488	FALSE	7	CHMP5	CHMP5
ENSG00000084234	56	214	-158	-2.16891893849366	0.6770240158455063	0.8380787323594949	-0.16105471651398862	Control	ENSG00000084234	0.6844515969299332	-0.1709035885976533	FALSE	7	APLP2	APLP2
ENSG00000278727	115	41	74	0.9710575060226194	0.7568705125030948	0.5958157959891062	0.16105471651398862	AD	ENSG00000278727	0.6844515969299332	-0.32602970076228033	FALSE	7	NA	ENSG00000278727
ENSG00000178965	166	52	114	1.5124327550771504	0.7978460014855162	0.6370388710076752	0.160807130477841	AD	ENSG00000178965	0.6840802178757118	-0.16221838241849618	FALSE	7	ERICH3	ERICH3
ENSG00000131370	509	149	360	4.841890536762515	0.9473879673186432	0.7869522158950235	0.16043575142361977	AD	ENSG00000131370	0.6838326318395642	-0.14725347059548888	FALSE	7	SH3BP5	SH3BP5
ENSG00000164161	13	9	4	0.02365082017719039	0.47660311958405543	0.3161673681604357	0.1604357514236197	AD	ENSG00000164161	0.6835850458034167	0.17584614662939835	FALSE	7	HHIP	HHIP
ENSG00000075035	43	170	-127	-1.749353120476398	0.6438474870017331	0.8040356523892053	-0.16018816538747216	Control	ENSG00000075035	0.6830898737311215	-0.08775368779621218	FALSE	7	WSCD2	WSCD2
ENSG00000162944	88	35	53	0.6868355002689908	0.7287694974003466	0.5685813320128744	0.16018816538747216	AD	ENSG00000162944	0.6830898737311215	0.2793216176538067	FALSE	7	RFTN2	RFTN2
ENSG00000185133	9	37	-28	-0.4094493790664343	0.4207724684327804	0.5809606338202525	-0.16018816538747216	Control	ENSG00000185133	0.6830898737311215	-0.06024422848184407	FALSE	7	INPP5J	INPP5J
ENSG00000259236	23	90	-67	-0.937290246894602	0.5565734092597178	0.716142609556821	-0.1595692002971032	Control	ENSG00000259236	0.6825947016588264	0.03763696341602318	FALSE	7	GOLGA8VP	GOLGA8VP
ENSG00000100387	7	5	2	-0.00341794227553615	0.3815300817033919	0.22295122555087893	0.158578856152513	AD	ENSG00000100387	0.6823471156226789	-0.0327728030244856	FALSE	7	RBX1	RBX1
ENSG00000266472	109	40	69	0.9033855998908032	0.7504332755632582	0.5921020054468928	0.1583312701163654	AD	ENSG00000266472	0.6820995295865313	-0.13712920356514502	FALSE	7	MRPS21	MRPS21
ENSG00000130479	60	223	-163	-2.236590844625476	0.6849467690022283	0.8431542461005199	-0.15820747709829164	Control	ENSG00000130479	0.6818519435503838	-0.12170989254412667	FALSE	7	MAP1S	MAP1S
ENSG00000136463	7	30	-23	-0.34177747293461797	0.3815300817033919	0.5396137657836098	-0.15808368408021783	Control	ENSG00000136463	0.6816043575142362	-0.1364336335486236	FALSE	7	TACO1	TACO1
ENSG00000088888	208	66	142	1.891395429415322	0.8282990839316663	0.6704629858875959	0.1578360980440704	AD	ENSG00000088888	0.6813567714780886	0.1477053037046332	FALSE	7	MAVS	MAVS
ENSG00000277791	78	33	45	0.5785604504580846	0.7166377816291161	0.5590492696211934	0.15758851200792268	AD	ENSG00000277791	0.6811091854419411	-0.121840770546207	FALSE	7	PSMB3	PSMB3
ENSG00000104722	11	8	3	0.01011643895082711	0.45233968804159447	0.2948749690517455	0.15746471898984898	AD	ENSG00000104722	0.6807378063877197	-0.14766771290746483	FALSE	7	NEFM	NEFM
ENSG00000102096	11	8	3	0.01011643895082711	0.45233968804159447	0.2948749690517455	0.15746471898984898	AD	ENSG00000102096	0.6807378063877197	-0.2461082930015737	FALSE	7	PIM2	PIM2
ENSG00000136531	285	89	196	2.6222520156389386	0.8721218123297846	0.7147808863580094	0.15734092597177518	AD	ENSG00000136531	0.6802426343154246	-0.20174370169507228	FALSE	7	SCN2A	SCN2A
ENSG00000183837	80	34	46	0.5920948316844479	0.7202277791532558	0.5628868531814806	0.15734092597177518	AD	ENSG00000183837	0.6802426343154246	-0.24336744574596736	FALSE	7	PNMA3	PNMA3
ENSG00000136869	20	13	7	0.06425396385628021	0.5360237682594702	0.37880663530576875	0.15721713295370143	AD	ENSG00000136869	0.6798712552612033	0.26970397483039044	FALSE	7	TLR4	TLR4
ENSG00000161682	26	101	-75	-1.045565296705508	0.5757613270611538	0.7327308739787076	-0.15696954691755385	Control	ENSG00000161682	0.6796236692250557	-0.06779550617802421	FALSE	7	FAM171A2	FAM171A2
ENSG00000253368	318	99	219	2.933542783845294	0.886605595444417	0.7298836345630106	0.15672196088140633	AD	ENSG00000253368	0.6793760831889082	-0.2299354688566666	FALSE	7	TRNP1	TRNP1
ENSG00000159784	40	158	-118	-1.6275436894391289	0.6358009408269374	0.7923991086902699	-0.15659816786333247	Control	ENSG00000159784	0.678880911116613	-0.05675791356357251	FALSE	7	FAM131B	FAM131B
ENSG00000114383	6	26	-20	-0.3011743292555282	0.35528596187175043	0.5118841297350829	-0.15659816786333247	Control	ENSG00000114383	0.678880911116613	-0.08301871207918055	FALSE	7	TUSC2	TUSC2
ENSG00000124942	6	26	-20	-0.3011743292555282	0.35528596187175043	0.5118841297350829	-0.15659816786333247	Control	ENSG00000124942	0.678880911116613	0.30679478655958725	FALSE	7	AHNAK	AHNAK
ENSG00000101654	256	80	176	2.351564391111673	0.85751423619707845	0.7010398613518197	0.15647437484525872	AD	ENSG00000101654	0.6781381530081704	-0.14853792202361582	FALSE	7	RNMT	RNMT
ENSG00000132780	4	19	-15	-0.23350242312371175	0.2896756622926467	0.4461500371379054	-0.15647437484525872	Control	ENSG00000132780	0.6781381530081704	0.1099340093422434	FALSE	7	NASP	NASP
ENSG00000184083	4	19	-15	-0.23350242312371175	0.2896756622926467	0.4461500371379054	-0.15647437484525872	Control	ENSG00000184083	0.6781381530081704	0.01309107368770767	FALSE	7	FAM120C	FAM120C
ENSG00000157445	96	37	59	0.7680417876271703	0.7370636296112899	0.5809606338202525	0.15610299579103737	AD	ENSG00000157445	0.6776429809358753	-0.17260548831692013	FALSE	7	CACNA2D3	CACNA2D3
ENSG00000270607	39	22	17	0.19959777611991292	0.632087150284724	0.47623174052983414	0.15585540975488982	AD	ENSG00000270607	0.6773953948997277	-0.38127832013113494	FALSE	7	LEISA1	LEISA1
ENSG00000151090	19	71	-52	-0.7342745284991528	0.5283486011388958	0.6842040108937856	-0.15585540975488976	Control	ENSG00000151090	0.6771478088635801	-0.05703272104185686	FALSE	7	THRB	THRB
ENSG00000196368	546	167	379	5.099043780063417	0.956548650656103	0.8009408269373607	0.15560782371874227	AD	ENSG00000196368	0.676652636791285	-0.311688404371429	FALSE	7	NUDT11	NUDT11
ENSG00000225953	217	69	148	1.9726017167735015	0.8339935627630601	0.6783857390443179	0.15560782371874227	AD	ENSG00000225953	0.676652636791285	-0.22397361447022224	FALSE	7	SATB2-AS1	SATB2-AS1
ENSG00000004766	56	207	-151	-2.0741782699091167	0.6770240158455063	0.8326318395642486	-0.15560782371874227	Control	ENSG00000004766	0.676652636791285	-0.1793078408819202	FALSE	7	VPS50	VPS50
ENSG00000067900	181	58	123	1.6342421861144198	0.8086159940579352	0.6531319633572666	0.15548403070066852	AD	ENSG00000067900	0.6761574647189899	0.24937130047036504	FALSE	7	ROCK1	ROCK1
ENSG00000148082	18	68	-50	-0.7072057660464263	0.5199306759098787	0.6754147066105471	-0.1554840307006684	Control	ENSG00000148082	0.6759098786828422	-0.17738411087846018	FALSE	7	SHC3	SHC3
ENSG00000139220	44	168	-124	-1.7087499767973084	0.6468185194355038	0.8020549641000247	-0.1552364446645209	Control	ENSG00000139220	0.6754147066105471	-0.15248695447470695	FALSE	7	PPFIA2	PPFIA2
ENSG00000169347	25	95	-70	-0.9778933905736916	0.5692002971032434	0.7244367417677643	-0.1552364446645209	Control	ENSG00000169347	0.6754147066105471	0.02113600426014295	FALSE	7	GP2	GP2
ENSG00000204619	25	95	-70	-0.9778933905736916	0.5692002971032434	0.7244367417677643	-0.1552364446645209	Control	ENSG00000204619	0.6754147066105471	-0.10853803908465132	FALSE	7	PPP1R11	PPP1R11
ENSG00000149823	43	165	-122	-1.6816812143445818	0.6438474870017331	0.7989601386481803	-0.15511265164644716	Control	ENSG00000149823	0.674919534538252	-0.09853644279378317	FALSE	7	VPS51	VPS51
ENSG00000135503	89	36	53	0.6868355002689908	0.7298836345630106	0.5753899480069324	0.1544936865560782	AD	ENSG00000135503	0.6746719485021044	-0.07176078743804126	FALSE	7	ACVR1B	ACVR1B
ENSG00000070214	16	11	5	0.03718520140355366	0.5049517207229512	0.35070562020302054	0.1542461005199307	AD	ENSG00000070214	0.6741767764298093	0.22554869318049597	FALSE	7	SLC44A1	SLC44A1
ENSG00000099864	18	12	6	0.05071958262991694	0.5199306759098787	0.365684575389948	0.1542461005199307	AD	ENSG00000099864	0.6741767764298093	0.0428717076732994	FALSE	7	PALM	PALM
ENSG00000185414	12	47	-35	-0.5041900476509772	0.46595692002971034	0.620203020549641	-0.1542461005199307	Control	ENSG00000185414	0.6741767764298093	-0.27235115882434613	FALSE	7	MRPL30	MRPL30
ENSG00000116117	108	41	67	0.8763168374380765	0.7491953453825204	0.5958157959891062	0.15337954939341425	AD	ENSG00000116117	0.6736816043575142	0.28475399308711413	FALSE	7	PARD3B	PARD3B
ENSG00000110697	31	114	-83	-1.1538403465164142	0.6000247586036147	0.7530329289428076	-0.1530081703391929	Control	ENSG00000110697	0.6734340183213666	-0.02523960846813899	FALSE	7	PITPNM1	PITPNM1
ENSG00000183248	54	196	-142	-1.9523688388718472	0.6717009160683337	0.8244615003713791	-0.1527605843030454	Control	ENSG00000183248	0.6731864322852191	-0.1916670139818173	FALSE	7	PRR36	PRR36
ENSG00000019144	2	10	-8	-0.1387617545391689	0.18209952958653133	0.33473632087150285	-0.1526367912849715	Control	ENSG00000019144	0.6720722951225551	0.11246525892633308	FALSE	7	PHLDB1	PHLDB1
ENSG00000006071	2	10	-8	-0.1387617545391689	0.18209952958653133	0.33473632087150285	-0.1526367912849715	Control	ENSG00000006071	0.6720722951225551	-0.10409228248328262	FALSE	7	ABCC8	ABCC8
ENSG00000107872	2	10	-8	-0.1387617545391689	0.18209952958653133	0.33473632087150285	-0.1526367912849715	Control	ENSG00000107872	0.6720722951225551	-0.15905122398212868	FALSE	7	FBXL15	FBXL15
ENSG00000074935	2	10	-8	-0.1387617545391689	0.18209952958653133	0.33473632087150285	-0.1526367912849715	Control	ENSG00000074935	0.6720722951225551	-0.04083622687869415	FALSE	7	TUBE1	TUBE1
ENSG00000166225	2	10	-8	-0.1387617545391689	0.18209952958653133	0.33473632087150285	-0.1526367912849715	Control	ENSG00000166225	0.6720722951225551	0.07878131415431255	FALSE	7	FRS2	FRS2
ENSG00000257621	2	10	-8	-0.1387617545391689	0.18209952958653133	0.33473632087150285	-0.1526367912849715	Control	ENSG00000257621	0.6720722951225551	0.13830776874956818	FALSE	7	PSMA3-AS1	PSMA3-AS1
ENSG00000107833	2	10	-8	-0.1387617545391689	0.18209952958653133	0.33473632087150285	-0.1526367912849715	Control	ENSG00000107833	0.6720722951225551	-0.14415399456776343	FALSE	7	NPM3	NPM3
ENSG00000142541	2	10	-8	-0.1387617545391689	0.18209952958653133	0.33473632087150285	-0.1526367912849715	Control	ENSG00000142541	0.6720722951225551	0.01110368918823034	FALSE	7	RPL13A	RPL13A
ENSG00000178662	300	97	203	2.7169926842234817	0.8794256003961377	0.7269126021292399	0.1525129982668978	AD	ENSG00000178662	0.6709581579598911	-0.15029093122393533	FALSE	7	CSRNP3	CSRNP3
ENSG00000148334	55	200	-145	-1.992971982550937	0.6744243624659569	0.8268135677147809	-0.15238920524882393	Control	ENSG00000148334	0.6707105719237435	-0.11738356665406612	FALSE	7	PTGES2	PTGES2
ENSG00000048991	33	20	13	0.14546025121445982	0.6070809606338202	0.4548155484030701	0.15226541223075013	AD	ENSG00000048991	0.6704629858875959	-0.1724139981183459	FALSE	7	R3HDM1	R3HDM1
ENSG00000145555	71	32	39	0.49735416309990493	0.7051250309482545	0.5529834117355781	0.15214161921267644	AD	ENSG00000145555	0.6700916068333745	0.18573080417848864	FALSE	7	MYO10	MYO10
ENSG00000186350	41	23	18	0.2131321573462762	0.6387719732607081	0.4866303540480317	0.15214161921267644	AD	ENSG00000186350	0.6700916068333745	0.14341298927186052	FALSE	7	RXRA	RXRA
ENSG00000115665	11	43	-32	-0.46358690397188734	0.45233968804159447	0.6043575142361971	-0.15201782619460263	Control	ENSG00000115665	0.6697202277791533	0.04500247620659436	FALSE	7	SLC5A7	SLC5A7
ENSG00000152061	400	123	277	3.7185368949743633	0.9154493686556078	0.763555335479079	0.15189403317652883	AD	ENSG00000152061	0.6693488487249319	-0.08150158027443943	FALSE	7	RABGAP1L	RABGAP1L
ENSG00000172260	165	55	110	1.4582952301716972	0.7973508294132211	0.6454567962366923	0.15189403317652883	AD	ENSG00000172260	0.6693488487249319	-0.15174980246894698	FALSE	7	NEGR1	NEGR1
ENSG00000008118	334	106	228	3.0553522148825634	0.8913097301312206	0.7395394899727655	0.15177024015845508	AD	ENSG00000008118	0.6681109185441941	-0.24171398381185405	FALSE	7	CAMK1G	CAMK1G
ENSG00000154582	106	41	65	0.84924807498535	0.7475860361475613	0.5958157959891062	0.15177024015845508	AD	ENSG00000154582	0.6681109185441941	-0.16377454231288446	FALSE	7	ELOC	ELOC
ENSG00000198899	8	6	2	-0.00341794227553615	0.4022035157217133	0.25043327556325823	0.15177024015845508	AD	ENSG00000198899	0.6681109185441941	0.1722741124954403	FALSE	7	MT-ATP6	MT-ATP6
ENSG00000117713	8	6	2	-0.00341794227553615	0.4022035157217133	0.25043327556325823	0.15177024015845508	AD	ENSG00000117713	0.6681109185441941	0.04022672052424525	FALSE	7	ARID1A	ARID1A
ENSG00000122756	8	6	2	-0.00341794227553615	0.4022035157217133	0.25043327556325823	0.15177024015845508	AD	ENSG00000122756	0.6681109185441941	0.04624658067939435	FALSE	7	CNTFR	CNTFR
ENSG00000106153	8	6	2	-0.00341794227553615	0.4022035157217133	0.25043327556325823	0.15177024015845508	AD	ENSG00000106153	0.6681109185441941	-0.29234542854418066	FALSE	7	CHCHD2	CHCHD2
ENSG00000086717	8	6	2	-0.00341794227553615	0.4022035157217133	0.25043327556325823	0.15177024015845508	AD	ENSG00000086717	0.6681109185441941	-0.4961859615637758	FALSE	7	PPEF1	PPEF1
ENSG00000128274	8	6	2	-0.00341794227553615	0.4022035157217133	0.25043327556325823	0.15177024015845508	AD	ENSG00000128274	0.6681109185441941	0.18263956620934252	FALSE	7	A4GALT	A4GALT
ENSG00000167601	10	39	-29	-0.4229837602927976	0.437360732854667	0.589130973013122	-0.15177024015845503	Control	ENSG00000167601	0.6669967813815301	0.03545290442810867	FALSE	7	AXL	AXL
ENSG00000128482	38	22	16	0.18606339489354964	0.6278781876702154	0.47623174052983414	0.15164644714038128	AD	ENSG00000128482	0.6667491953453826	-0.09299049754088352	FALSE	7	RNF112	RNF112
ENSG00000008282	5	22	-17	-0.2605711855764383	0.3247090864075266	0.47623174052983414	-0.15152265412230753	Control	ENSG00000008282	0.666501609309235	0.11837141543061236	FALSE	7	SYPL1	SYPL1
ENSG00000104866	47	172	-125	-1.7222843580236715	0.6548650656102996	0.806387719732607	-0.15152265412230748	Control	ENSG00000104866	0.6662540232730874	-0.1292571158212681	FALSE	7	PPP1R37	PPP1R37
ENSG00000079134	14	10	4	0.02365082017719039	0.4860113889576628	0.33473632087150285	0.15127506808615993	AD	ENSG00000079134	0.665882644218866	0.06425368832829115	FALSE	7	THOC1	THOC1
ENSG00000227057	14	10	4	0.02365082017719039	0.4860113889576628	0.33473632087150285	0.15127506808615993	AD	ENSG00000227057	0.665882644218866	-0.13361605427752643	FALSE	7	WDR46	WDR46
ENSG00000016391	12	46	-34	-0.4906556664246139	0.46595692002971034	0.616860609061649	-0.15090368903193865	Control	ENSG00000016391	0.6653874721465709	0.23391116205761797	FALSE	7	CHDH	CHDH
ENSG00000259383	16	59	-43	-0.6124650974618834	0.5049517207229512	0.6558554097548899	-0.15090368903193865	Control	ENSG00000259383	0.6653874721465709	0.1736437622582856	FALSE	7	NA	ENSG00000259383
ENSG00000275896	7	29	-22	-0.3282430917082547	0.3815300817033919	0.5324337707353305	-0.15090368903193857	Control	ENSG00000275896	0.6648923000742758	0.10423095973181185	FALSE	7	PRSS2	PRSS2
ENSG00000164188	7	29	-22	-0.3282430917082547	0.3815300817033919	0.5324337707353305	-0.15090368903193857	Control	ENSG00000164188	0.6648923000742758	0.37557711732085686	FALSE	7	RANBP3L	RANBP3L
ENSG00000136830	53	27	26	0.32140720715718235	0.6692250557068581	0.5183213666749196	0.15090368903193851	AD	ENSG00000136830	0.6645209210200544	0.12959181943220877	FALSE	7	NIBAN2	NIBAN2
ENSG00000158710	8	32	-24	-0.35531185416098127	0.4022035157217133	0.5529834117355781	-0.15077989601386477	Control	ENSG00000158710	0.664273334983907	0.03087974825274031	FALSE	7	TAGLN2	TAGLN2
ENSG00000166181	179	59	120	1.59363904243533	0.8065115127506809	0.6558554097548899	0.15065610299579102	AD	ENSG00000166181	0.6640257489477593	-0.111883006997596	FALSE	7	API5	API5
ENSG00000164284	18	66	-48	-0.6801370035936998	0.5199306759098787	0.6704629858875959	-0.15053230997771716	Control	ENSG00000164284	0.6637781629116117	-0.10481299019930825	FALSE	7	GRPEL2	GRPEL2
ENSG00000135324	199	67	132	1.7560516171516891	0.8229759841544937	0.672691260212924	0.15028472394156966	AD	ENSG00000135324	0.6635305768754642	-0.17127327341710874	FALSE	7	MRAP2	MRAP2
ENSG00000267272	30	19	11	0.11839148876173328	0.5963109680614014	0.4461500371379054	0.15016093092349597	AD	ENSG00000267272	0.6632829908393166	-0.32949670803752173	FALSE	7	LINC01140	LINC01140
ENSG00000106565	1	5	-4	-0.08462422963371578	0.07279029462738301	0.22295122555087893	-0.15016093092349592	Control	ENSG00000106565	0.6598167863332508	-0.02831070375929556	FALSE	7	TMEM176B	TMEM176B
ENSG00000165275	1	5	-4	-0.08462422963371578	0.07279029462738301	0.22295122555087893	-0.15016093092349592	Control	ENSG00000165275	0.6598167863332508	0.12685634452291694	FALSE	7	TRMT10B	TRMT10B
ENSG00000067560	1	5	-4	-0.08462422963371578	0.07279029462738301	0.22295122555087893	-0.15016093092349592	Control	ENSG00000067560	0.6598167863332508	-0.02341039587668447	FALSE	7	RHOA	RHOA
ENSG00000022567	1	5	-4	-0.08462422963371578	0.07279029462738301	0.22295122555087893	-0.15016093092349592	Control	ENSG00000022567	0.6598167863332508	-0.08156400194155644	FALSE	7	SLC45A4	SLC45A4
ENSG00000117592	1	5	-4	-0.08462422963371578	0.07279029462738301	0.22295122555087893	-0.15016093092349592	Control	ENSG00000117592	0.6598167863332508	0.07461830355329191	FALSE	7	PRDX6	PRDX6
ENSG00000250722	1	5	-4	-0.08462422963371578	0.07279029462738301	0.22295122555087893	-0.15016093092349592	Control	ENSG00000250722	0.6598167863332508	0.3075173875672714	FALSE	7	SELENOP	SELENOP
ENSG00000250461	1	5	-4	-0.08462422963371578	0.07279029462738301	0.22295122555087893	-0.15016093092349592	Control	ENSG00000250461	0.6598167863332508	0.3851649727398252	FALSE	7	NA	ENSG00000250461
ENSG00000137414	1	5	-4	-0.08462422963371578	0.07279029462738301	0.22295122555087893	-0.15016093092349592	Control	ENSG00000137414	0.6598167863332508	-0.09034595359096365	FALSE	7	FAM8A1	FAM8A1
ENSG00000196954	1	5	-4	-0.08462422963371578	0.07279029462738301	0.22295122555087893	-0.15016093092349592	Control	ENSG00000196954	0.6598167863332508	0.2380644819364139	FALSE	7	CASP4	CASP4
ENSG00000008196	1	5	-4	-0.08462422963371578	0.07279029462738301	0.22295122555087893	-0.15016093092349592	Control	ENSG00000008196	0.6598167863332508	0.02055432518211586	FALSE	7	TFAP2B	TFAP2B
ENSG00000163785	1	5	-4	-0.08462422963371578	0.07279029462738301	0.22295122555087893	-0.15016093092349592	Control	ENSG00000163785	0.6598167863332508	0.0977380955528453	FALSE	7	RYK	RYK
ENSG00000079246	1	5	-4	-0.08462422963371578	0.07279029462738301	0.22295122555087893	-0.15016093092349592	Control	ENSG00000079246	0.6598167863332508	-0.12286367430225552	FALSE	7	XRCC5	XRCC5
ENSG00000085382	1	5	-4	-0.08462422963371578	0.07279029462738301	0.22295122555087893	-0.15016093092349592	Control	ENSG00000085382	0.6598167863332508	-0.16827441715145677	FALSE	7	HACE1	HACE1
ENSG00000175267	1	5	-4	-0.08462422963371578	0.07279029462738301	0.22295122555087893	-0.15016093092349592	Control	ENSG00000175267	0.6598167863332508	-0.07253829959737068	FALSE	7	VWA3A	VWA3A
ENSG00000110958	1	5	-4	-0.08462422963371578	0.07279029462738301	0.22295122555087893	-0.15016093092349592	Control	ENSG00000110958	0.6598167863332508	-0.11235776284959977	FALSE	7	PTGES3	PTGES3
ENSG00000204278	1	5	-4	-0.08462422963371578	0.07279029462738301	0.22295122555087893	-0.15016093092349592	Control	ENSG00000204278	0.6598167863332508	0.0648429268603472	FALSE	7	TMEM235	TMEM235
ENSG00000158545	1	5	-4	-0.08462422963371578	0.07279029462738301	0.22295122555087893	-0.15016093092349592	Control	ENSG00000158545	0.6598167863332508	-0.00851341731408084	FALSE	7	ZC3H18	ZC3H18
ENSG00000277200	1	5	-4	-0.08462422963371578	0.07279029462738301	0.22295122555087893	-0.15016093092349592	Control	ENSG00000277200	0.6598167863332508	-0.03251160911762696	FALSE	7	CCDC92B	CCDC92B
ENSG00000128283	1	5	-4	-0.08462422963371578	0.07279029462738301	0.22295122555087893	-0.15016093092349592	Control	ENSG00000128283	0.6598167863332508	0.11280782472618256	FALSE	7	CDC42EP1	CDC42EP1
ENSG00000043355	1	5	-4	-0.08462422963371578	0.07279029462738301	0.22295122555087893	-0.15016093092349592	Control	ENSG00000043355	0.6598167863332508	0.18298633167235856	FALSE	7	ZIC2	ZIC2
ENSG00000183160	1	5	-4	-0.08462422963371578	0.07279029462738301	0.22295122555087893	-0.15016093092349592	Control	ENSG00000183160	0.6598167863332508	0.21067399622309768	FALSE	7	TMEM119	TMEM119
ENSG00000120798	1	5	-4	-0.08462422963371578	0.07279029462738301	0.22295122555087893	-0.15016093092349592	Control	ENSG00000120798	0.6598167863332508	0.04972005067731366	FALSE	7	NR2C1	NR2C1
ENSG00000173530	1	5	-4	-0.08462422963371578	0.07279029462738301	0.22295122555087893	-0.15016093092349592	Control	ENSG00000173530	0.6598167863332508	0.33612861054806586	FALSE	7	TNFRSF10D	TNFRSF10D
ENSG00000095970	1	5	-4	-0.08462422963371578	0.07279029462738301	0.22295122555087893	-0.15016093092349592	Control	ENSG00000095970	0.6598167863332508	0.2532843497359778	FALSE	7	TREM2	TREM2
ENSG00000103404	1	5	-4	-0.08462422963371578	0.07279029462738301	0.22295122555087893	-0.15016093092349592	Control	ENSG00000103404	0.6598167863332508	0.08950250004407678	FALSE	7	USP31	USP31
ENSG00000146223	1	5	-4	-0.08462422963371578	0.07279029462738301	0.22295122555087893	-0.15016093092349592	Control	ENSG00000146223	0.6598167863332508	-0.09616208570503382	FALSE	7	RPL7L1	RPL7L1
ENSG00000165782	1	5	-4	-0.08462422963371578	0.07279029462738301	0.22295122555087893	-0.15016093092349592	Control	ENSG00000165782	0.6598167863332508	-0.04722952180894069	FALSE	7	PIP4P1	PIP4P1
ENSG00000173369	13	49	-36	-0.5177244288773405	0.47660311958405543	0.6266402574894776	-0.15003713790542217	Control	ENSG00000173369	0.656350581827185	-0.07253624228681765	FALSE	7	C1QB	C1QB
ENSG00000116459	44	24	20	0.2402009197990027	0.6468185194355038	0.4969051745481554	0.14991334488734837	AD	ENSG00000116459	0.6559792027729636	-0.20458683884927176	FALSE	7	ATP5PB	ATP5PB
ENSG00000151743	44	24	20	0.2402009197990027	0.6468185194355038	0.4969051745481554	0.14991334488734837	AD	ENSG00000151743	0.6559792027729636	-0.1618195314575921	FALSE	7	AMN1	AMN1
ENSG00000170477	30	110	-80	-1.1132372028373243	0.5963109680614014	0.7462243129487497	-0.1499133448873483	Control	ENSG00000170477	0.6556078237187423	0.05933125434559527	FALSE	7	KRT4	KRT4
ENSG00000184144	12	9	3	0.01011643895082711	0.46595692002971034	0.3161673681604357	0.14978955186927462	AD	ENSG00000184144	0.6551126516464472	0.12465798329055212	FALSE	7	CNTN2	CNTN2
ENSG00000151233	12	9	3	0.01011643895082711	0.46595692002971034	0.3161673681604357	0.14978955186927462	AD	ENSG00000151233	0.6551126516464472	0.10650845642570594	FALSE	7	GXYLT1	GXYLT1
ENSG00000049759	12	9	3	0.01011643895082711	0.46595692002971034	0.3161673681604357	0.14978955186927462	AD	ENSG00000049759	0.6551126516464472	-0.06364408680560807	FALSE	7	NEDD4L	NEDD4L
ENSG00000106089	23	15	8	0.07778834508264348	0.5565734092597178	0.4067838573904432	0.14978955186927456	AD	ENSG00000106089	0.6546174795741521	-0.18800663488348943	FALSE	7	STX1A	STX1A
ENSG00000146242	65	31	34	0.42968225696808854	0.6953453825204259	0.5456796236692251	0.1496657588512008	AD	ENSG00000146242	0.6543698935380045	-0.2850654865899065	FALSE	7	TPBG	TPBG
ENSG00000135932	161	435	-274	-3.7389071607518	0.7942560039613766	0.9439217628125772	-0.1496657588512007	Control	ENSG00000135932	0.6541223075018568	-0.1313907543604529	FALSE	7	CAB39	CAB39
ENSG00000225697	19	13	6	0.05071958262991694	0.5283486011388958	0.37880663530576875	0.14954196583312707	AD	ENSG00000225697	0.6538747214657094	0.1682117627733195	FALSE	7	SLC26A6	SLC26A6
ENSG00000126247	40	23	17	0.19959777611991292	0.6358009408269374	0.4866303540480317	0.1491705867789057	AD	ENSG00000126247	0.6536271354295617	-0.13106350174278347	FALSE	7	CAPNS1	CAPNS1
ENSG00000123636	417	133	284	3.813277563558906	0.9225055706858132	0.7733349839069077	0.1491705867789056	AD	ENSG00000123636	0.6533795493934142	0.2110395898164814	FALSE	7	BAZ2B	BAZ2B
ENSG00000197157	3	14	-11	-0.1793648982182587	0.2442436246595692	0.3932904184204011	-0.14904679376083188	Control	ENSG00000197157	0.6530081703391929	-0.13222120983219732	FALSE	7	SND1	SND1
ENSG00000136044	3	14	-11	-0.1793648982182587	0.2442436246595692	0.3932904184204011	-0.14904679376083188	Control	ENSG00000136044	0.6530081703391929	0.11651537271903224	FALSE	7	APPL2	APPL2
ENSG00000165283	21	75	-54	-0.7613432909518794	0.5432037633077494	0.6921267640505075	-0.1489230007427581	Control	ENSG00000165283	0.6526367912849715	-0.08974883913881726	FALSE	7	STOML2	STOML2
ENSG00000184672	182	61	121	1.6071734236616932	0.8096063382025254	0.660807130477841	0.14879920772468436	AD	ENSG00000184672	0.6523892052488239	-0.15670502211548154	FALSE	7	RALYL	RALYL
ENSG00000100441	32	20	12	0.13192586998809655	0.6033671700916068	0.4548155484030701	0.1485516216885367	AD	ENSG00000100441	0.6521416192126764	0.17214439534624226	FALSE	7	KHNYN	KHNYN
ENSG00000115839	103	307	-204	-2.7915004749063703	0.7437484525872741	0.8921762812577371	-0.148427828670463	Control	ENSG00000115839	0.6518940331765288	-0.08587169578774301	FALSE	7	RAB3GAP1	RAB3GAP1
ENSG00000133872	129	366	-237	-3.238135055376358	0.7709829165635058	0.9191631591978212	-0.1481802426343154	Control	ENSG00000133872	0.65127506808616	-0.1896492908021692	FALSE	7	SARAF	SARAF
ENSG00000111249	20	71	-51	-0.7207401472727896	0.5360237682594702	0.6842040108937856	-0.1481802426343154	Control	ENSG00000111249	0.65127506808616	-0.13107491006199012	FALSE	7	CUX2	CUX2
ENSG00000103423	16	58	-42	-0.5989307162355201	0.5049517207229512	0.6531319633572666	-0.1481802426343154	Control	ENSG00000103423	0.65127506808616	-0.13825004060013768	FALSE	7	DNAJA3	DNAJA3
ENSG00000180035	16	58	-42	-0.5989307162355201	0.5049517207229512	0.6531319633572666	-0.1481802426343154	Control	ENSG00000180035	0.65127506808616	-0.05616933016096404	FALSE	7	ZNF48	ZNF48
ENSG00000065989	14	51	-37	-0.5312588101037037	0.4860113889576628	0.6340678385739045	-0.1480564496162417	Control	ENSG00000065989	0.650656102995791	-0.05058001539503465	FALSE	7	PDE4A	PDE4A
ENSG00000149970	184	62	122	1.6207078048880563	0.8114632334736321	0.6634067838573905	0.14805644961624165	AD	ENSG00000149970	0.6504085169596435	-0.05627701107008676	FALSE	7	CNKSR2	CNKSR2
ENSG00000272163	106	313	-207	-2.83210361858546	0.7475860361475613	0.8953948997276554	-0.14780886358009415	Control	ENSG00000272163	0.6501609309234959	-0.32049836525812836	FALSE	7	NA	ENSG00000272163
ENSG00000095380	9	35	-26	-0.38238061661370776	0.4207724684327804	0.5685813320128744	-0.14780886358009404	Control	ENSG00000095380	0.6499133448873483	-0.1574338431034139	FALSE	7	NANS	NANS
ENSG00000156261	242	81	161	2.148548672716224	0.8502104481307254	0.7025253775687051	0.1476850705620203	AD	ENSG00000156261	0.6496657588512008	-0.18635381143778673	FALSE	7	CCT8	CCT8
ENSG00000169862	4	18	-14	-0.21996804189734853	0.2896756622926467	0.4371131468185194	-0.14743748452587274	Control	ENSG00000169862	0.6491705867789057	0.04095420182478371	FALSE	7	CTNND2	CTNND2
ENSG00000198918	4	18	-14	-0.21996804189734853	0.2896756622926467	0.4371131468185194	-0.14743748452587274	Control	ENSG00000198918	0.6491705867789057	0.03327310430849017	FALSE	7	RPL39	RPL39
ENSG00000108465	4	18	-14	-0.21996804189734853	0.2896756622926467	0.4371131468185194	-0.14743748452587274	Control	ENSG00000108465	0.6491705867789057	3.820170446751092e-4	FALSE	7	CDK5RAP3	CDK5RAP3
ENSG00000130764	148	407	-259	-3.5358914423563506	0.7857142857142857	0.9329041842040108	-0.1471898984897252	Control	ENSG00000130764	0.6485516216885368	-0.1543427420314245	FALSE	7	LRRC47	LRRC47
ENSG00000102401	33	115	-82	-1.140305965290051	0.6070809606338202	0.7542708591235454	-0.1471898984897252	Control	ENSG00000102401	0.6485516216885368	-0.1160483526607603	FALSE	7	ARMCX3	ARMCX3
ENSG00000136451	17	12	5	0.03718520140355366	0.5127506808615994	0.365684575389948	0.14706610547165133	AD	ENSG00000136451	0.6481802426343154	0.25786208575105896	FALSE	7	VEZF1	VEZF1
ENSG00000116396	25	90	-65	-0.9102214844418752	0.5692002971032434	0.716142609556821	-0.14694231245357758	Control	ENSG00000116396	0.6479326565981679	-0.01828130319874787	FALSE	7	KCNC4	KCNC4
ENSG00000011347	77	35	42	0.5379573067789948	0.7152760584303045	0.5685813320128744	0.1466947264174301	AD	ENSG00000011347	0.6476850705620203	-0.09300345995254312	FALSE	7	SYT7	SYT7
ENSG00000091513	9	7	2	-0.00341794227553615	0.4207724684327804	0.2742015350334241	0.14657093339935628	AD	ENSG00000091513	0.6473136915077989	0.18896724954331212	FALSE	7	TF	TF
ENSG00000247199	9	7	2	-0.00341794227553615	0.4207724684327804	0.2742015350334241	0.14657093339935628	AD	ENSG00000247199	0.6473136915077989	0.19157122696076367	FALSE	7	FBXO38-DT	FBXO38-DT
ENSG00000162599	290	98	192	2.5681144907334854	0.8750928447635553	0.7285219113641991	0.14657093339935623	AD	ENSG00000162599	0.6469423124535776	0.2263383144179727	FALSE	7	NFIA	NFIA
ENSG00000131462	36	125	-89	-1.2350466338745938	0.6192126764050507	0.7652884377321119	-0.14607576132706113	Control	ENSG00000131462	0.6466947264174301	-0.21008554966577184	FALSE	7	TUBG1	TUBG1
ENSG00000162377	123	344	-221	-3.021584955754546	0.7655360237682595	0.9114879920772468	-0.14595196830898738	Control	ENSG00000162377	0.6464471403812825	-0.13573135738557163	FALSE	7	COA7	COA7
ENSG00000226762	305	104	201	2.689923921770755	0.8817776677395395	0.7361970784847734	0.14558058925476602	AD	ENSG00000226762	0.646199554345135	-0.21793223685081475	FALSE	7	LINC02668	LINC02668
ENSG00000064787	15	11	4	0.02365082017719039	0.4961624164397128	0.35070562020302054	0.14545679623669228	AD	ENSG00000064787	0.6459519683089874	0.41501289612366143	FALSE	7	BCAS1	BCAS1
ENSG00000179604	80	36	44	0.5650260692317213	0.7202277791532558	0.5753899480069324	0.14483783114632331	AD	ENSG00000179604	0.645580589254766	0.1105828510053204	FALSE	7	CDC42EP4	CDC42EP4
ENSG00000165121	72	34	38	0.4838197818735417	0.7077246843278039	0.5628868531814806	0.14483783114632331	AD	ENSG00000165121	0.645580589254766	0.21818980602992788	FALSE	7	NA	ENSG00000165121
ENSG00000152492	27	18	9	0.09132272630900674	0.5817033919286952	0.4371131468185194	0.14459024511017582	AD	ENSG00000152492	0.6452092102005447	0.07035299396820349	FALSE	7	CCDC50	CCDC50
ENSG00000182836	283	97	186	2.486908203375306	0.8708838821490468	0.7269126021292399	0.14397128001980686	AD	ENSG00000182836	0.6448378311463233	-0.1326809602644481	FALSE	7	PLCXD3	PLCXD3
ENSG00000023171	38	131	-93	-1.289184158780047	0.6278781876702154	0.7718494676900223	-0.14397128001980686	Control	ENSG00000023171	0.6448378311463233	-0.05992139645558581	FALSE	7	GRAMD1B	GRAMD1B
ENSG00000114554	10	37	-27	-0.39591499784007106	0.437360732854667	0.5809606338202525	-0.14359990096558556	Control	ENSG00000114554	0.644466452092102	-0.08816556226668482	FALSE	7	PLXNA1	PLXNA1
ENSG00000101336	12	44	-32	-0.46358690397188734	0.46595692002971034	0.6093092349591483	-0.143352314929438	Control	ENSG00000101336	0.6442188660559545	-0.03579867670139869	FALSE	7	HCK	HCK
ENSG00000198668	17	59	-42	-0.5989307162355201	0.5127506808615994	0.6558554097548899	-0.1431047288932905	Control	ENSG00000198668	0.6439712800198069	-0.14120370203746013	FALSE	7	CALM1	CALM1
ENSG00000060982	62	31	31	0.38907911328899875	0.6887843525625155	0.5456796236692251	0.1431047288932904	AD	ENSG00000060982	0.6437236939836594	-0.21059848007718784	FALSE	7	BCAT1	BCAT1
ENSG00000102935	36	22	14	0.1589946324408231	0.6192126764050507	0.47623174052983414	0.1429809358752166	AD	ENSG00000102935	0.6434761079475118	0.07131172729768842	FALSE	7	ZNF423	ZNF423
ENSG00000166925	10	8	2	-0.00341794227553615	0.437360732854667	0.2948749690517455	0.1424857638029215	AD	ENSG00000166925	0.6428571428571429	0.05183730636029438	FALSE	7	TSC22D4	TSC22D4
ENSG00000223959	10	8	2	-0.00341794227553615	0.437360732854667	0.2948749690517455	0.1424857638029215	AD	ENSG00000223959	0.6428571428571429	0.16611412392375158	FALSE	7	AFG3L1P	AFG3L1P
ENSG00000131408	10	8	2	-0.00341794227553615	0.437360732854667	0.2948749690517455	0.1424857638029215	AD	ENSG00000131408	0.6428571428571429	-0.09836405377671298	FALSE	7	NR1H2	NR1H2
ENSG00000278195	10	8	2	-0.00341794227553615	0.437360732854667	0.2948749690517455	0.1424857638029215	AD	ENSG00000278195	0.6428571428571429	-0.10013412881659356	FALSE	7	SSTR3	SSTR3
ENSG00000198417	2	1	1	-0.01695232350189942	0.18209952958653133	0.03986135181975736	0.14223817776677397	AD	ENSG00000198417	0.6374102500618966	0.5310900711924837	TRUE	8	MT1F	MT1F
ENSG00000136770	2	1	1	-0.01695232350189942	0.18209952958653133	0.03986135181975736	0.14223817776677397	AD	ENSG00000136770	0.6374102500618966	0.15581116077182422	FALSE	8	DNAJC1	DNAJC1
ENSG00000076555	2	1	1	-0.01695232350189942	0.18209952958653133	0.03986135181975736	0.14223817776677397	AD	ENSG00000076555	0.6374102500618966	0.2593149681073399	FALSE	8	ACACB	ACACB
ENSG00000239779	2	1	1	-0.01695232350189942	0.18209952958653133	0.03986135181975736	0.14223817776677397	AD	ENSG00000239779	0.6374102500618966	0.04127990629961342	FALSE	8	WBP1	WBP1
ENSG00000229238	2	1	1	-0.01695232350189942	0.18209952958653133	0.03986135181975736	0.14223817776677397	AD	ENSG00000229238	0.6374102500618966	0.02852958706418595	FALSE	8	PPP1R12BP1	PPP1R12BP1
ENSG00000169715	2	1	1	-0.01695232350189942	0.18209952958653133	0.03986135181975736	0.14223817776677397	AD	ENSG00000169715	0.6374102500618966	0.260739299923209	FALSE	8	MT1E	MT1E
ENSG00000166813	2	1	1	-0.01695232350189942	0.18209952958653133	0.03986135181975736	0.14223817776677397	AD	ENSG00000166813	0.6374102500618966	0.03045973415686731	FALSE	8	KIF7	KIF7
ENSG00000135414	2	1	1	-0.01695232350189942	0.18209952958653133	0.03986135181975736	0.14223817776677397	AD	ENSG00000135414	0.6374102500618966	0.21050800231046907	FALSE	8	GDF11	GDF11
ENSG00000070061	2	1	1	-0.01695232350189942	0.18209952958653133	0.03986135181975736	0.14223817776677397	AD	ENSG00000070061	0.6374102500618966	-0.04227286501752481	FALSE	8	ELP1	ELP1
ENSG00000161642	2	1	1	-0.01695232350189942	0.18209952958653133	0.03986135181975736	0.14223817776677397	AD	ENSG00000161642	0.6374102500618966	0.10038057981346428	FALSE	8	ZNF385A	ZNF385A
ENSG00000007402	2	1	1	-0.01695232350189942	0.18209952958653133	0.03986135181975736	0.14223817776677397	AD	ENSG00000007402	0.6374102500618966	-0.06636907181818863	FALSE	8	CACNA2D2	CACNA2D2
ENSG00000158966	2	1	1	-0.01695232350189942	0.18209952958653133	0.03986135181975736	0.14223817776677397	AD	ENSG00000158966	0.6374102500618966	0.01310347133263256	FALSE	8	CACHD1	CACHD1
ENSG00000148291	2	1	1	-0.01695232350189942	0.18209952958653133	0.03986135181975736	0.14223817776677397	AD	ENSG00000148291	0.6374102500618966	-0.09057809635175929	FALSE	8	SURF2	SURF2
ENSG00000185049	2	1	1	-0.01695232350189942	0.18209952958653133	0.03986135181975736	0.14223817776677397	AD	ENSG00000185049	0.6374102500618966	0.0494191986069179	FALSE	8	NELFA	NELFA
ENSG00000082684	2	1	1	-0.01695232350189942	0.18209952958653133	0.03986135181975736	0.14223817776677397	AD	ENSG00000082684	0.6374102500618966	-0.2265877120663351	FALSE	8	SEMA5B	SEMA5B
ENSG00000072518	2	1	1	-0.01695232350189942	0.18209952958653133	0.03986135181975736	0.14223817776677397	AD	ENSG00000072518	0.6374102500618966	0.03457723997442485	FALSE	8	MARK2	MARK2
ENSG00000008294	2	1	1	-0.01695232350189942	0.18209952958653133	0.03986135181975736	0.14223817776677397	AD	ENSG00000008294	0.6374102500618966	0.13060185531590562	FALSE	8	SPAG9	SPAG9
ENSG00000198075	2	1	1	-0.01695232350189942	0.18209952958653133	0.03986135181975736	0.14223817776677397	AD	ENSG00000198075	0.6374102500618966	0.02584742910780324	FALSE	8	SULT1C4	SULT1C4
ENSG00000100678	2	1	1	-0.01695232350189942	0.18209952958653133	0.03986135181975736	0.14223817776677397	AD	ENSG00000100678	0.6374102500618966	-0.12208748524699686	FALSE	8	SLC8A3	SLC8A3
ENSG00000138795	2	1	1	-0.01695232350189942	0.18209952958653133	0.03986135181975736	0.14223817776677397	AD	ENSG00000138795	0.6374102500618966	0.252295662680182	FALSE	8	LEF1	LEF1
ENSG00000171530	2	1	1	-0.01695232350189942	0.18209952958653133	0.03986135181975736	0.14223817776677397	AD	ENSG00000171530	0.6374102500618966	-0.1385874765109527	FALSE	8	TBCA	TBCA
ENSG00000007516	2	1	1	-0.01695232350189942	0.18209952958653133	0.03986135181975736	0.14223817776677397	AD	ENSG00000007516	0.6374102500618966	-0.15113037002262786	FALSE	8	BAIAP3	BAIAP3
ENSG00000174197	2	1	1	-0.01695232350189942	0.18209952958653133	0.03986135181975736	0.14223817776677397	AD	ENSG00000174197	0.6374102500618966	0.09637533392403164	FALSE	8	MGA	MGA
ENSG00000053900	2	1	1	-0.01695232350189942	0.18209952958653133	0.03986135181975736	0.14223817776677397	AD	ENSG00000053900	0.6374102500618966	0.02991811198625349	FALSE	8	ANAPC4	ANAPC4
ENSG00000272871	2	1	1	-0.01695232350189942	0.18209952958653133	0.03986135181975736	0.14223817776677397	AD	ENSG00000272871	0.6374102500618966	0.11396420789673024	FALSE	8	NA	ENSG00000272871
ENSG00000128578	2	1	1	-0.01695232350189942	0.18209952958653133	0.03986135181975736	0.14223817776677397	AD	ENSG00000128578	0.6374102500618966	-0.17693408680438694	FALSE	8	STRIP2	STRIP2
ENSG00000278535	2	1	1	-0.01695232350189942	0.18209952958653133	0.03986135181975736	0.14223817776677397	AD	ENSG00000278535	0.6374102500618966	-0.20849562612342432	FALSE	8	DHRS11	DHRS11
ENSG00000254363	2	1	1	-0.01695232350189942	0.18209952958653133	0.03986135181975736	0.14223817776677397	AD	ENSG00000254363	0.6374102500618966	-0.13967919342205093	FALSE	8	NA	ENSG00000254363
ENSG00000116266	2	1	1	-0.01695232350189942	0.18209952958653133	0.03986135181975736	0.14223817776677397	AD	ENSG00000116266	0.6374102500618966	0.04909124559133637	FALSE	8	STXBP3	STXBP3
ENSG00000162878	2	1	1	-0.01695232350189942	0.18209952958653133	0.03986135181975736	0.14223817776677397	AD	ENSG00000162878	0.6374102500618966	-0.01681390509676816	FALSE	8	PKDCC	PKDCC
ENSG00000215506	2	1	1	-0.01695232350189942	0.18209952958653133	0.03986135181975736	0.14223817776677397	AD	ENSG00000215506	0.6374102500618966	0.0324766168980255	FALSE	8	TPTE2P4	TPTE2P4
ENSG00000166716	2	1	1	-0.01695232350189942	0.18209952958653133	0.03986135181975736	0.14223817776677397	AD	ENSG00000166716	0.6374102500618966	0.14937849468089048	FALSE	8	ZNF592	ZNF592
ENSG00000172638	2	1	1	-0.01695232350189942	0.18209952958653133	0.03986135181975736	0.14223817776677397	AD	ENSG00000172638	0.6374102500618966	0.0839764870501849	FALSE	8	EFEMP2	EFEMP2
ENSG00000210195	2	1	1	-0.01695232350189942	0.18209952958653133	0.03986135181975736	0.14223817776677397	AD	ENSG00000210195	0.6374102500618966	0.5194971935409853	TRUE	9	MT-TT	MT-TT
ENSG00000075407	2	1	1	-0.01695232350189942	0.18209952958653133	0.03986135181975736	0.14223817776677397	AD	ENSG00000075407	0.6374102500618966	0.1695195474173996	FALSE	9	ZNF37A	ZNF37A
ENSG00000154001	2	1	1	-0.01695232350189942	0.18209952958653133	0.03986135181975736	0.14223817776677397	AD	ENSG00000154001	0.6374102500618966	-0.07569016093608383	FALSE	9	PPP2R5E	PPP2R5E
ENSG00000178449	2	1	1	-0.01695232350189942	0.18209952958653133	0.03986135181975736	0.14223817776677397	AD	ENSG00000178449	0.6374102500618966	-0.10373585142042074	FALSE	9	COX14	COX14
ENSG00000134873	2	1	1	-0.01695232350189942	0.18209952958653133	0.03986135181975736	0.14223817776677397	AD	ENSG00000134873	0.6374102500618966	0.0973808351032268	FALSE	9	CLDN10	CLDN10
ENSG00000064687	2	1	1	-0.01695232350189942	0.18209952958653133	0.03986135181975736	0.14223817776677397	AD	ENSG00000064687	0.6374102500618966	0.1287675403064945	FALSE	9	ABCA7	ABCA7
ENSG00000089159	2	1	1	-0.01695232350189942	0.18209952958653133	0.03986135181975736	0.14223817776677397	AD	ENSG00000089159	0.6374102500618966	0.2066422154134848	FALSE	9	PXN	PXN
ENSG00000170846	25	17	8	0.07778834508264348	0.5692002971032434	0.42696211933646944	0.14223817776677394	AD	ENSG00000170846	0.6323347363208714	-0.11376687021741638	FALSE	9	MRFAP1L2	MRFAP1L2
ENSG00000092068	82	37	45	0.5785604504580846	0.722951225550879	0.5809606338202525	0.14199059173062645	AD	ENSG00000092068	0.632087150284724	-0.12469975225501884	FALSE	9	SLC7A8	SLC7A8
ENSG00000165194	49	168	-119	-1.641078070665492	0.6600643723693984	0.8020549641000247	-0.14199059173062634	Control	ENSG00000165194	0.6318395642485763	-0.201723192079168	FALSE	9	PCDH19	PCDH19
ENSG00000148606	241	84	157	2.094411147810771	0.8495914830403565	0.7077246843278039	0.1418667987125526	AD	ENSG00000148606	0.6313443921762812	-0.14850103668005055	FALSE	9	POLR3A	POLR3A
ENSG00000198816	13	10	3	0.01011643895082711	0.47660311958405543	0.33473632087150285	0.1418667987125526	AD	ENSG00000198816	0.6313443921762812	0.1020415087347306	FALSE	9	ZNF358	ZNF358
ENSG00000089472	13	10	3	0.01011643895082711	0.47660311958405543	0.33473632087150285	0.1418667987125526	AD	ENSG00000089472	0.6313443921762812	0.18650616932502828	FALSE	9	HEPH	HEPH
ENSG00000204287	6	24	-18	-0.2741055668028016	0.35528596187175043	0.4969051745481554	-0.14161921267640504	Control	ENSG00000204287	0.6308492201039861	0.1187833141237693	FALSE	9	HLA-DRA	HLA-DRA
ENSG00000135631	100	289	-189	-2.5884847565109212	0.7416439712800198	0.8830155979202773	-0.1413716266402575	Control	ENSG00000135631	0.6306016340678385	-0.05086581241750032	FALSE	9	RAB11FIP5	RAB11FIP5
ENSG00000077522	38	23	15	0.17252901366718637	0.6278781876702154	0.4866303540480317	0.14124783362218374	AD	ENSG00000077522	0.630354048031691	-0.1866696722931689	FALSE	9	ACTN2	ACTN2
ENSG00000137876	15	52	-37	-0.5312588101037037	0.4961624164397128	0.6370388710076752	-0.14087645456796238	Control	ENSG00000137876	0.6301064619955434	-0.15700804358950116	FALSE	9	RSL24D1	RSL24D1
ENSG00000145632	430	148	282	3.78620880110618	0.9264669472641744	0.7857142857142857	0.14075266154988864	AD	ENSG00000145632	0.6298588759593959	-0.28348498478137074	FALSE	9	PLK2	PLK2
ENSG00000260135	5	21	-16	-0.24703680435007505	0.3247090864075266	0.4652141619212676	-0.14050507551374103	Control	ENSG00000260135	0.6296112899232483	0.09363780654907485	FALSE	9	MMP2-AS1	MMP2-AS1
ENSG00000166508	28	19	9	0.09132272630900674	0.5865313196335726	0.4461500371379054	0.14038128249566725	AD	ENSG00000166508	0.6293637038871007	0.3436925233048136	FALSE	9	MCM7	MCM7
ENSG00000104059	23	77	-54	-0.7613432909518794	0.5565734092597178	0.6967071057192374	-0.14013369645951967	Control	ENSG00000104059	0.6291161178509532	-0.02497214774587597	FALSE	9	ENTREP2	ENTREP2
ENSG00000145428	370	122	248	3.326039839409829	0.9017083436494182	0.7616984402079723	0.14000990344144593	AD	ENSG00000145428	0.6288685318148056	-0.2330545468870344	FALSE	9	RNF175	RNF175
ENSG00000189043	85	38	47	0.6056292129108112	0.7249319138400594	0.5855409754889824	0.13939093835107697	AD	ENSG00000189043	0.6286209457786581	-0.19283656058935603	FALSE	9	NDUFA4	NDUFA4
ENSG00000104327	54	29	25	0.3078728259308191	0.6717009160683337	0.5324337707353305	0.13926714533300322	AD	ENSG00000104327	0.6256499133448874	-0.37281185716792464	FALSE	9	CALB1	CALB1
ENSG00000112576	3	2	1	-0.01695232350189942	0.2442436246595692	0.10497647932656598	0.13926714533300322	AD	ENSG00000112576	0.6256499133448874	0.0444900254739693	FALSE	9	CCND3	CCND3
ENSG00000018625	3	2	1	-0.01695232350189942	0.2442436246595692	0.10497647932656598	0.13926714533300322	AD	ENSG00000018625	0.6256499133448874	0.21647179718523724	FALSE	9	ATP1A2	ATP1A2
ENSG00000165671	3	2	1	-0.01695232350189942	0.2442436246595692	0.10497647932656598	0.13926714533300322	AD	ENSG00000165671	0.6256499133448874	0.05080274024252951	FALSE	9	NSD1	NSD1
ENSG00000064655	16	12	4	0.02365082017719039	0.5049517207229512	0.365684575389948	0.13926714533300322	AD	ENSG00000064655	0.6256499133448874	0.18778422142083784	FALSE	9	EYA2	EYA2
ENSG00000107147	3	2	1	-0.01695232350189942	0.2442436246595692	0.10497647932656598	0.13926714533300322	AD	ENSG00000107147	0.6256499133448874	-0.01834416289258378	FALSE	9	KCNT1	KCNT1
ENSG00000169291	3	2	1	-0.01695232350189942	0.2442436246595692	0.10497647932656598	0.13926714533300322	AD	ENSG00000169291	0.6256499133448874	0.01563152308803239	FALSE	9	SHE	SHE
ENSG00000213066	3	2	1	-0.01695232350189942	0.2442436246595692	0.10497647932656598	0.13926714533300322	AD	ENSG00000213066	0.6256499133448874	0.01157254831094434	FALSE	9	CEP43	CEP43
ENSG00000100632	3	2	1	-0.01695232350189942	0.2442436246595692	0.10497647932656598	0.13926714533300322	AD	ENSG00000100632	0.6256499133448874	-0.09392119270582631	FALSE	9	ERH	ERH
ENSG00000101605	3	2	1	-0.01695232350189942	0.2442436246595692	0.10497647932656598	0.13926714533300322	AD	ENSG00000101605	0.6256499133448874	0.15392214283269823	FALSE	9	MYOM1	MYOM1
ENSG00000170915	3	2	1	-0.01695232350189942	0.2442436246595692	0.10497647932656598	0.13926714533300322	AD	ENSG00000170915	0.6256499133448874	0.09028618641885444	FALSE	9	PAQR8	PAQR8
ENSG00000197965	3	2	1	-0.01695232350189942	0.2442436246595692	0.10497647932656598	0.13926714533300322	AD	ENSG00000197965	0.6256499133448874	0.06872917642076182	FALSE	9	MPZL1	MPZL1
ENSG00000144468	3	2	1	-0.01695232350189942	0.2442436246595692	0.10497647932656598	0.13926714533300322	AD	ENSG00000144468	0.6256499133448874	0.05687679331330297	FALSE	9	RHBDD1	RHBDD1
ENSG00000156395	3	2	1	-0.01695232350189942	0.2442436246595692	0.10497647932656598	0.13926714533300322	AD	ENSG00000156395	0.6256499133448874	-0.19956983896876324	FALSE	9	SORCS3	SORCS3
ENSG00000181722	3	2	1	-0.01695232350189942	0.2442436246595692	0.10497647932656598	0.13926714533300322	AD	ENSG00000181722	0.6256499133448874	0.17599380620533012	FALSE	9	ZBTB20	ZBTB20
ENSG00000271601	3	2	1	-0.01695232350189942	0.2442436246595692	0.10497647932656598	0.13926714533300322	AD	ENSG00000271601	0.6256499133448874	0.09138731659906264	FALSE	9	LIX1L	LIX1L
ENSG00000123066	3	2	1	-0.01695232350189942	0.2442436246595692	0.10497647932656598	0.13926714533300322	AD	ENSG00000123066	0.6256499133448874	0.1438774766656472	FALSE	9	MED13L	MED13L
ENSG00000139737	3	2	1	-0.01695232350189942	0.2442436246595692	0.10497647932656598	0.13926714533300322	AD	ENSG00000139737	0.6256499133448874	0.18102324619692745	FALSE	9	SLAIN1	SLAIN1
ENSG00000138867	3	2	1	-0.01695232350189942	0.2442436246595692	0.10497647932656598	0.13926714533300322	AD	ENSG00000138867	0.6256499133448874	0.08375335874733558	FALSE	9	GUCD1	GUCD1
ENSG00000154864	3	2	1	-0.01695232350189942	0.2442436246595692	0.10497647932656598	0.13926714533300322	AD	ENSG00000154864	0.6256499133448874	0.48419799176717326	FALSE	9	PIEZO2	PIEZO2
ENSG00000168701	3	2	1	-0.01695232350189942	0.2442436246595692	0.10497647932656598	0.13926714533300322	AD	ENSG00000168701	0.6256499133448874	-0.12159941995392032	FALSE	9	TMEM208	TMEM208
ENSG00000101182	3	2	1	-0.01695232350189942	0.2442436246595692	0.10497647932656598	0.13926714533300322	AD	ENSG00000101182	0.6256499133448874	-0.10032610465376024	FALSE	9	PSMA7	PSMA7
ENSG00000099204	3	2	1	-0.01695232350189942	0.2442436246595692	0.10497647932656598	0.13926714533300322	AD	ENSG00000099204	0.6256499133448874	0.0685296234365218	FALSE	9	ABLIM1	ABLIM1
ENSG00000235961	193	69	124	1.6477765673407831	0.8174052983411736	0.6783857390443179	0.13901955929685572	AD	ENSG00000235961	0.6226788809111166	-0.1641272397072555	FALSE	9	PNMA6A	PNMA6A
ENSG00000133243	40	24	16	0.18606339489354964	0.6358009408269374	0.4969051745481554	0.13889576627878192	AD	ENSG00000133243	0.6224312948749691	-0.04537529220431935	FALSE	9	BTBD2	BTBD2
ENSG00000166197	39	130	-91	-1.2621153963273204	0.632087150284724	0.7709829165635058	-0.13889576627878186	Control	ENSG00000166197	0.6221837088388215	-0.11607896718493116	FALSE	9	NOLC1	NOLC1
ENSG00000198121	26	18	8	0.07778834508264348	0.5757613270611538	0.4371131468185194	0.13864818024263437	AD	ENSG00000198121	0.621936122802674	0.4596514399015916	FALSE	9	LPAR1	LPAR1
ENSG00000107263	35	22	13	0.14546025121445982	0.6147561277543947	0.47623174052983414	0.13852438722456056	AD	ENSG00000107263	0.6216885367665264	0.06909763982234907	FALSE	9	RAPGEF1	RAPGEF1
ENSG00000073712	12	43	-31	-0.4500525227455241	0.46595692002971034	0.6043575142361971	-0.13840059420648676	Control	ENSG00000073712	0.6214409507303789	-0.06826972759009386	FALSE	9	FERMT2	FERMT2
ENSG00000165209	4	3	1	-0.01695232350189942	0.2896756622926467	0.15139886110423373	0.13827680118841296	AD	ENSG00000165209	0.6204506065857885	-0.08684652699118445	FALSE	9	STRBP	STRBP
ENSG00000080200	4	3	1	-0.01695232350189942	0.2896756622926467	0.15139886110423373	0.13827680118841296	AD	ENSG00000080200	0.6204506065857885	0.24675757829283995	FALSE	9	CRYBG3	CRYBG3
ENSG00000198420	4	3	1	-0.01695232350189942	0.2896756622926467	0.15139886110423373	0.13827680118841296	AD	ENSG00000198420	0.6204506065857885	-0.10576393200785006	FALSE	9	TCAF1	TCAF1
ENSG00000187621	4	3	1	-0.01695232350189942	0.2896756622926467	0.15139886110423373	0.13827680118841296	AD	ENSG00000187621	0.6204506065857885	-0.04911165501257342	FALSE	9	TCL6	TCL6
ENSG00000127054	4	3	1	-0.01695232350189942	0.2896756622926467	0.15139886110423373	0.13827680118841296	AD	ENSG00000127054	0.6204506065857885	0.02163884295864449	FALSE	9	INTS11	INTS11
ENSG00000188153	4	3	1	-0.01695232350189942	0.2896756622926467	0.15139886110423373	0.13827680118841296	AD	ENSG00000188153	0.6204506065857885	0.1687948063331728	FALSE	9	COL4A5	COL4A5
ENSG00000182902	4	3	1	-0.01695232350189942	0.2896756622926467	0.15139886110423373	0.13827680118841296	AD	ENSG00000182902	0.6204506065857885	0.3385685699046821	FALSE	9	SLC25A18	SLC25A18
ENSG00000128011	23	76	-53	-0.7478089097255161	0.5565734092597178	0.6947264174300569	-0.13815300817033915	Control	ENSG00000128011	0.6193364694231245	-0.21124451531646304	FALSE	9	LRFN1	LRFN1
ENSG00000134287	32	21	11	0.11839148876173328	0.6033671700916068	0.4652141619212676	0.13815300817033915	AD	ENSG00000134287	0.6193364694231245	-0.15186425013657967	FALSE	9	ARF3	ARF3
ENSG00000171703	10	36	-26	-0.38238061661370776	0.437360732854667	0.5753899480069324	-0.13802921515226546	Control	ENSG00000171703	0.6189650903689032	-0.09379394569142184	FALSE	9	TCEA2	TCEA2
ENSG00000166167	52	170	-118	-1.6275436894391289	0.6666254023273087	0.8040356523892053	-0.13741025006189655	Control	ENSG00000166167	0.6187175043327556	-0.08852766040752336	FALSE	9	BTRC	BTRC
ENSG00000115484	8	30	-22	-0.3282430917082547	0.4022035157217133	0.5396137657836098	-0.13741025006189644	Control	ENSG00000115484	0.6183461252785343	-0.19205290822216092	FALSE	9	CCT4	CCT4
ENSG00000169604	8	30	-22	-0.3282430917082547	0.4022035157217133	0.5396137657836098	-0.13741025006189644	Control	ENSG00000169604	0.6183461252785343	0.1512718236793269	FALSE	9	ANTXR1	ANTXR1
ENSG00000143631	4	17	-13	-0.2064336606709853	0.2896756622926467	0.42696211933646944	-0.13728645704382275	Control	ENSG00000143631	0.6179747462243129	0.15185165820159896	FALSE	9	FLG	FLG
ENSG00000179915	109	45	64	0.8357136937589867	0.7504332755632582	0.6132706115375093	0.13716266402574895	AD	ENSG00000179915	0.6177271601881654	-0.18054588463962595	FALSE	9	NRXN1	NRXN1
ENSG00000127445	49	162	-113	-1.5598717833073124	0.6600643723693984	0.7971032433770735	-0.1370388710076751	Control	ENSG00000127445	0.6174795741520178	-0.20119699541979408	FALSE	9	PIN1	PIN1
ENSG00000132965	7	27	-20	-0.3011743292555282	0.3815300817033919	0.5183213666749196	-0.13679128497152765	Control	ENSG00000132965	0.6172319881158702	0.09358451772726983	FALSE	9	ALOX5AP	ALOX5AP
ENSG00000104221	51	167	-116	-1.6004749269864025	0.6641495419658331	0.8009408269373607	-0.1367912849715276	Control	ENSG00000104221	0.6169844020797227	-0.1164089535363484	FALSE	9	BRF2	BRF2
ENSG00000186377	115	47	68	0.8898512186644398	0.7568705125030948	0.620203020549641	0.1366674919534537	AD	ENSG00000186377	0.6167368160435751	-0.2147780067853633	FALSE	9	CYP4X1	CYP4X1
ENSG00000156711	99	43	56	0.7274386439480806	0.7406536271354296	0.6043575142361971	0.1362961128992325	AD	ENSG00000156711	0.6164892300074276	-0.13183902118598567	FALSE	9	MAPK13	MAPK13
ENSG00000011083	11	9	2	-0.00341794227553615	0.45233968804159447	0.3161673681604357	0.13617231988115874	AD	ENSG00000011083	0.61624164397128	-0.12892054851229773	FALSE	9	SLC6A7	SLC6A7
ENSG00000064393	24	17	7	0.06425396385628021	0.5630106461995543	0.42696211933646944	0.13604852686308488	AD	ENSG00000064393	0.6159940579351325	0.1919144345921584	FALSE	9	HIPK2	HIPK2
ENSG00000237622	28	94	-66	-0.9237558656682386	0.5865313196335726	0.7224560534785838	-0.13592473384501114	Control	ENSG00000237622	0.6153750928447635	-4.707559351366797e-4	FALSE	9	ELOCP18	ELOCP18
ENSG00000184388	379	131	248	3.326039839409829	0.9077742015350334	0.7718494676900223	0.13592473384501114	AD	ENSG00000184388	0.6153750928447635	-0.255637103020697	FALSE	9	PABPC1L2B	PABPC1L2B
ENSG00000178531	28	94	-66	-0.9237558656682386	0.5865313196335726	0.7224560534785838	-0.13592473384501114	Control	ENSG00000178531	0.6153750928447635	-0.40803129973727614	FALSE	9	CTXN1	CTXN1
ENSG00000077264	301	109	192	2.5681144907334854	0.8801683585045803	0.7442436246595692	0.13592473384501114	AD	ENSG00000077264	0.6153750928447635	-0.24530405625599272	FALSE	9	PAK3	PAK3
ENSG00000114098	35	112	-77	-1.0726340591582346	0.6147561277543947	0.7504332755632582	-0.13567714780886353	Control	ENSG00000114098	0.6147561277543947	-0.08245547614833093	FALSE	9	ARMC8	ARMC8
ENSG00000174442	14	11	3	0.01011643895082711	0.4860113889576628	0.35070562020302054	0.13530576875464223	AD	ENSG00000174442	0.6145085417182471	-0.23523659171333655	FALSE	9	ZWILCH	ZWILCH
ENSG00000105737	25	82	-57	-0.8019464346309692	0.5692002971032434	0.7043822728398118	-0.13518197573656843	Control	ENSG00000105737	0.6141371626640257	-0.03191577538759205	FALSE	9	GRIK5	GRIK5
ENSG00000166619	21	69	-48	-0.6801370035936998	0.5432037633077494	0.6783857390443179	-0.13518197573656843	Control	ENSG00000166619	0.6141371626640257	-0.0796059295427014	FALSE	9	BLCAP	BLCAP
ENSG00000162337	19	14	5	0.03718520140355366	0.5283486011388958	0.3932904184204011	0.1350581827184947	AD	ENSG00000162337	0.6135181975736569	0.02971142112407765	FALSE	9	LRP5	LRP5
ENSG00000116983	19	14	5	0.03718520140355366	0.5283486011388958	0.3932904184204011	0.1350581827184947	AD	ENSG00000116983	0.6135181975736569	-0.19259809302100803	FALSE	9	HPCAL4	HPCAL4
ENSG00000259891	19	14	5	0.03718520140355366	0.5283486011388958	0.3932904184204011	0.1350581827184947	AD	ENSG00000259891	0.6135181975736569	0.2588340795948021	FALSE	9	NA	ENSG00000259891
ENSG00000168090	49	28	21	0.253735301025366	0.6600643723693984	0.5251299826689775	0.13493438970042093	AD	ENSG00000168090	0.6130230255013617	-0.08737981557697339	FALSE	9	COPS6	COPS6
ENSG00000105963	3	13	-10	-0.16583051699189544	0.2442436246595692	0.37880663530576875	-0.13456301064619955	Control	ENSG00000105963	0.6126516464471404	-0.01479784159521457	FALSE	9	ADAP1	ADAP1
ENSG00000160856	3	13	-10	-0.16583051699189544	0.2442436246595692	0.37880663530576875	-0.13456301064619955	Control	ENSG00000160856	0.6126516464471404	-0.05629960957304503	FALSE	9	FCRL3	FCRL3
ENSG00000106682	31	102	-71	-0.9914277718000548	0.6000247586036147	0.7342163901955929	-0.13419163159197822	Control	ENSG00000106682	0.6122802673929191	-0.1813608815749035	FALSE	9	EIF4H	EIF4H
ENSG00000186522	2	9	-7	-0.12522737331280562	0.18209952958653133	0.3161673681604357	-0.1340678385739044	Control	ENSG00000186522	0.6110423372121813	0.29395941935998415	FALSE	9	SEPTIN10	SEPTIN10
ENSG00000143149	2	9	-7	-0.12522737331280562	0.18209952958653133	0.3161673681604357	-0.1340678385739044	Control	ENSG00000143149	0.6110423372121813	-0.10167875092448853	FALSE	9	ALDH9A1	ALDH9A1
ENSG00000107099	2	9	-7	-0.12522737331280562	0.18209952958653133	0.3161673681604357	-0.1340678385739044	Control	ENSG00000107099	0.6110423372121813	0.18503182208585223	FALSE	9	DOCK8	DOCK8
ENSG00000135441	2	9	-7	-0.12522737331280562	0.18209952958653133	0.3161673681604357	-0.1340678385739044	Control	ENSG00000135441	0.6110423372121813	0.1098842707998564	FALSE	9	BLOC1S1	BLOC1S1
ENSG00000163751	2	9	-7	-0.12522737331280562	0.18209952958653133	0.3161673681604357	-0.1340678385739044	Control	ENSG00000163751	0.6110423372121813	0.03045976531306515	FALSE	9	CPA3	CPA3
ENSG00000144566	2	9	-7	-0.12522737331280562	0.18209952958653133	0.3161673681604357	-0.1340678385739044	Control	ENSG00000144566	0.6110423372121813	-0.1191727140420724	FALSE	9	RAB5A	RAB5A
ENSG00000170633	2	9	-7	-0.12522737331280562	0.18209952958653133	0.3161673681604357	-0.1340678385739044	Control	ENSG00000170633	0.6110423372121813	-0.05902044141748064	FALSE	9	RNF34	RNF34
ENSG00000119946	2	9	-7	-0.12522737331280562	0.18209952958653133	0.3161673681604357	-0.1340678385739044	Control	ENSG00000119946	0.6110423372121813	0.00693300369013449	FALSE	9	CNNM1	CNNM1
ENSG00000077238	2	9	-7	-0.12522737331280562	0.18209952958653133	0.3161673681604357	-0.1340678385739044	Control	ENSG00000077238	0.6110423372121813	0.1178923218736596	FALSE	9	IL4R	IL4R
ENSG00000140474	5	4	1	-0.01695232350189942	0.3247090864075266	0.19076504085169596	0.13394404555583064	AD	ENSG00000140474	0.6093092349591483	0.04644433857345653	FALSE	9	ULK3	ULK3
ENSG00000172301	5	4	1	-0.01695232350189942	0.3247090864075266	0.19076504085169596	0.13394404555583064	AD	ENSG00000172301	0.6093092349591483	-0.09167080862026288	FALSE	9	COPRS	COPRS
ENSG00000260261	5	4	1	-0.01695232350189942	0.3247090864075266	0.19076504085169596	0.13394404555583064	AD	ENSG00000260261	0.6093092349591483	0.1351896971457851	FALSE	9	NA	ENSG00000260261
ENSG00000134508	5	4	1	-0.01695232350189942	0.3247090864075266	0.19076504085169596	0.13394404555583064	AD	ENSG00000134508	0.6093092349591483	0.13401711469857602	FALSE	9	CABLES1	CABLES1
ENSG00000170315	5	4	1	-0.01695232350189942	0.3247090864075266	0.19076504085169596	0.13394404555583064	AD	ENSG00000170315	0.6093092349591483	-0.1465253195005456	FALSE	9	UBB	UBB
ENSG00000224051	24	77	-53	-0.7478089097255161	0.5630106461995543	0.6967071057192374	-0.13369645951968312	Control	ENSG00000224051	0.6085664768507056	-0.08111758681544323	FALSE	9	CPTP	CPTP
ENSG00000197386	81	241	-160	-2.1959877009463864	0.7217132953701412	0.8554097548898242	-0.133696459519683	Control	ENSG00000197386	0.608318890814558	-0.09389487023993404	FALSE	9	HTT	HTT
ENSG00000146216	47	152	-105	-1.4515967334964062	0.6548650656102996	0.7881901460757613	-0.13332508046546176	Control	ENSG00000146216	0.6080713047784105	-0.02942065029161611	FALSE	9	TTBK1	TTBK1
ENSG00000108773	22	16	6	0.05071958262991694	0.5505075513741025	0.41718247090864075	0.1333250804654617	AD	ENSG00000108773	0.6076999257241892	0.09485102192287088	FALSE	9	KAT2A	KAT2A
ENSG00000147488	22	16	6	0.05071958262991694	0.5505075513741025	0.41718247090864075	0.1333250804654617	AD	ENSG00000147488	0.6076999257241892	0.35091140295148193	FALSE	9	ST18	ST18
ENSG00000164619	128	52	76	0.998126268475346	0.7702401584550631	0.6370388710076752	0.1332012874473879	AD	ENSG00000164619	0.6073285466699678	-0.2498655328684105	FALSE	9	BMPER	BMPER
ENSG00000127666	29	95	-66	-0.9237558656682386	0.5914830403565239	0.7244367417677643	-0.1329537014112404	Control	ENSG00000127666	0.6070809606338202	-0.07160738515599618	FALSE	9	TICAM1	TICAM1
ENSG00000100804	28	92	-64	-0.896687103215512	0.5865313196335726	0.7191136419905917	-0.13258232235701906	Control	ENSG00000100804	0.6067095815795989	-0.09683214043105616	FALSE	9	PSMB5	PSMB5
ENSG00000168890	28	92	-64	-0.896687103215512	0.5865313196335726	0.7191136419905917	-0.13258232235701906	Control	ENSG00000168890	0.6067095815795989	0.1321255170238924	FALSE	9	TMEM150A	TMEM150A
ENSG00000196220	6	5	1	-0.01695232350189942	0.35528596187175043	0.22295122555087893	0.1323347363208715	AD	ENSG00000196220	0.6057192374350087	-0.01771886886401752	FALSE	9	SRGAP3	SRGAP3
ENSG00000181666	6	5	1	-0.01695232350189942	0.35528596187175043	0.22295122555087893	0.1323347363208715	AD	ENSG00000181666	0.6057192374350087	-0.02116372589123116	FALSE	9	ZNF875	ZNF875
ENSG00000232044	6	5	1	-0.01695232350189942	0.35528596187175043	0.22295122555087893	0.1323347363208715	AD	ENSG00000232044	0.6057192374350087	0.11906033022937912	FALSE	9	SILC1	SILC1
ENSG00000142599	6	5	1	-0.01695232350189942	0.35528596187175043	0.22295122555087893	0.1323347363208715	AD	ENSG00000142599	0.6057192374350087	0.07120376571674392	FALSE	9	RERE	RERE
ENSG00000109919	6	5	1	-0.01695232350189942	0.35528596187175043	0.22295122555087893	0.1323347363208715	AD	ENSG00000109919	0.6057192374350087	-0.13126419042786175	FALSE	9	MTCH2	MTCH2
ENSG00000130204	6	5	1	-0.01695232350189942	0.35528596187175043	0.22295122555087893	0.1323347363208715	AD	ENSG00000130204	0.6057192374350087	-0.166702569483002	FALSE	9	TOMM40	TOMM40
ENSG00000189410	259	97	162	2.1620830539425873	0.8591235454320376	0.7269126021292399	0.1322109433027977	AD	ENSG00000189410	0.6046051002723446	-0.3429009750942935	FALSE	9	SH2D5	SH2D5
ENSG00000106133	9	32	-23	-0.34177747293461797	0.4207724684327804	0.5529834117355781	-0.1322109433027977	Control	ENSG00000106133	0.6046051002723446	0.02967265364867444	FALSE	9	NSUN5P2	NSUN5P2
ENSG00000197816	9	32	-23	-0.34177747293461797	0.4207724684327804	0.5529834117355781	-0.1322109433027977	Control	ENSG00000197816	0.6046051002723446	-0.02629055258056301	FALSE	9	CCDC180	CCDC180
ENSG00000078725	48	154	-106	-1.4651311147227697	0.6574647189898489	0.7895518692745729	-0.13208715028472395	Control	ENSG00000078725	0.6041099282000495	-0.17837163989264226	FALSE	9	BRINP1	BRINP1
ENSG00000164190	68	35	33	0.4161478757417253	0.7005446892795246	0.5685813320128744	0.1319633572666502	AD	ENSG00000164190	0.603862342163902	0.14160422666211225	FALSE	9	NIPBL	NIPBL
ENSG00000112697	28	20	8	0.07778834508264348	0.5865313196335726	0.4548155484030701	0.13171577123050254	AD	ENSG00000112697	0.6036147561277544	-0.17667375970180466	FALSE	9	TMEM30A	TMEM30A
ENSG00000172115	99	44	55	0.7139042627217173	0.7406536271354296	0.6093092349591483	0.13134439217628124	AD	ENSG00000172115	0.6029957910373855	-0.1737106150855432	FALSE	9	CYCS	CYCS
ENSG00000115540	6	23	-17	-0.2605711855764383	0.35528596187175043	0.4866303540480317	-0.13134439217628124	Control	ENSG00000115540	0.6029957910373855	-0.15144458117540793	FALSE	9	MOB4	MOB4
ENSG00000122515	6	23	-17	-0.2605711855764383	0.35528596187175043	0.4866303540480317	-0.13134439217628124	Control	ENSG00000122515	0.6029957910373855	0.00998756036188552	FALSE	9	ZMIZ2	ZMIZ2
ENSG00000183207	6	23	-17	-0.2605711855764383	0.35528596187175043	0.4866303540480317	-0.13134439217628124	Control	ENSG00000183207	0.6029957910373855	-0.0982170475731916	FALSE	9	RUVBL2	RUVBL2
ENSG00000114993	12	10	2	-0.00341794227553615	0.46595692002971034	0.33473632087150285	0.1312205991582075	AD	ENSG00000114993	0.6022530329289428	0.22325510156623984	FALSE	9	RTKN	RTKN
ENSG00000256463	12	10	2	-0.00341794227553615	0.46595692002971034	0.33473632087150285	0.1312205991582075	AD	ENSG00000256463	0.6022530329289428	0.18181138154455032	FALSE	9	SALL3	SALL3
ENSG00000090975	10	35	-25	-0.3688462353873445	0.437360732854667	0.5685813320128744	-0.13122059915820744	Control	ENSG00000090975	0.6018816538747215	-0.03240433851101976	FALSE	9	PITPNM2	PITPNM2
ENSG00000140798	7	6	1	-0.01695232350189942	0.3815300817033919	0.25043327556325823	0.1310968061401337	AD	ENSG00000140798	0.6016340678385739	-0.32407534188174747	FALSE	9	ABCC12	ABCC12
ENSG00000118596	94	43	51	0.6597667378162642	0.7354543203763307	0.6043575142361971	0.13109680614013364	AD	ENSG00000118596	0.6013864818024264	-0.12501110226413026	FALSE	9	SLC16A7	SLC16A7
ENSG00000221823	536	193	343	4.6118060559143395	0.9529586531319634	0.8219856400099035	0.1309730131220599	AD	ENSG00000221823	0.6011388957662788	-0.29214800235046745	FALSE	9	PPP3R1	PPP3R1
ENSG00000156639	15	12	3	0.01011643895082711	0.4961624164397128	0.365684575389948	0.1304778410497648	AD	ENSG00000156639	0.6007675167120574	0.09220923554901717	FALSE	9	ZFAND3	ZFAND3
ENSG00000147224	45	143	-98	-1.3568560649118633	0.6496657588512008	0.7801435999009656	-0.1304778410497648	Control	ENSG00000147224	0.6007675167120574	-0.2067623410406192	FALSE	9	PRPS1	PRPS1
ENSG00000100302	7	26	-19	-0.28763994802916487	0.3815300817033919	0.5118841297350829	-0.13035404803169098	Control	ENSG00000100302	0.6003961376578361	-0.0841009582197465	FALSE	9	RASD2	RASD2
ENSG00000134775	118	302	-184	-2.5208128503791047	0.7599653379549394	0.8900717999504828	-0.13010646199554343	Control	ENSG00000134775	0.6001485516216886	-0.09568673595821942	FALSE	9	FHOD3	FHOD3
ENSG00000124126	50	29	21	0.253735301025366	0.6622926466947264	0.5324337707353305	0.12985887595939594	AD	ENSG00000124126	0.599900965585541	0.206567991729802	FALSE	9	PREX1	PREX1
ENSG00000173915	71	36	35	0.44321663819445184	0.7051250309482545	0.5753899480069324	0.12973508294132208	AD	ENSG00000173915	0.5996533795493935	-0.16858630880346936	FALSE	9	ATP5MK	ATP5MK
ENSG00000100167	39	122	-83	-1.1538403465164142	0.632087150284724	0.7616984402079723	-0.12961128992324833	Control	ENSG00000100167	0.5994057935132459	-0.12262138581953153	FALSE	9	SEPTIN3	SEPTIN3
ENSG00000182568	91	252	-161	-2.2095220821727493	0.7332260460510027	0.8627135429561773	-0.12948749690517458	Control	ENSG00000182568	0.5991582074770982	-0.05030155137693981	FALSE	9	SATB1	SATB1
ENSG00000112996	78	228	-150	-2.0606438886827534	0.7166377816291161	0.8458776924981432	-0.12923991086902709	Control	ENSG00000112996	0.5989106214409508	-0.16694782240820416	FALSE	9	MRPS30	MRPS30
ENSG00000111490	281	107	174	2.324495628658947	0.8701411240406041	0.7411487992077247	0.12899232483287937	AD	ENSG00000111490	0.5986630354048031	-0.1980525206771393	FALSE	9	TBC1D30	TBC1D30
ENSG00000117298	55	31	24	0.2943384447044558	0.6744243624659569	0.5456796236692251	0.12874473879673187	AD	ENSG00000117298	0.5984154493686556	0.18879768512945283	FALSE	9	ECE1	ECE1
ENSG00000073464	177	412	-235	-3.211066292923632	0.8055211686060906	0.9341421143847488	-0.12862094577865812	Control	ENSG00000073464	0.598167863332508	-0.12898452534158622	FALSE	9	CLCN4	CLCN4
ENSG00000244038	11	37	-26	-0.38238061661370776	0.45233968804159447	0.5809606338202525	-0.12862094577865807	Control	ENSG00000244038	0.5979202772963604	-0.2031718337533643	FALSE	9	DDOST	DDOST
ENSG00000104427	194	74	120	1.59363904243533	0.8186432285219114	0.690146075761327	0.12849715276058438	AD	ENSG00000104427	0.5976726912602129	-0.1968289341225482	FALSE	9	ZC2HC1A	ZC2HC1A
ENSG00000063245	58	176	-118	-1.6275436894391289	0.6818519435503838	0.8099777172567467	-0.1281257737063629	Control	ENSG00000063245	0.5974251052240653	-0.085161392497767	FALSE	9	EPN1	EPN1
ENSG00000060237	8	7	1	-0.01695232350189942	0.4022035157217133	0.2742015350334241	0.12800198068828922	AD	ENSG00000060237	0.5971775191879178	0.35037475825544817	FALSE	9	WNK1	WNK1
ENSG00000084731	188	431	-243	-3.3193413427345377	0.8138153008170339	0.9415696954691756	-0.12775439465214167	Control	ENSG00000084731	0.5968061401336965	-0.07955718732101325	FALSE	9	KIF3C	KIF3C
ENSG00000133135	339	125	214	2.8658708777134776	0.8930428323842535	0.7652884377321119	0.12775439465214167	AD	ENSG00000133135	0.5968061401336965	-0.3202930309003209	FALSE	9	RNF128	RNF128
ENSG00000204248	4	16	-12	-0.192899279444622	0.2896756622926467	0.41718247090864075	-0.12750680861599406	Control	ENSG00000204248	0.5961871750433275	0.01409861354345132	FALSE	9	COL11A2	COL11A2
ENSG00000085982	4	16	-12	-0.192899279444622	0.2896756622926467	0.41718247090864075	-0.12750680861599406	Control	ENSG00000085982	0.5961871750433275	0.19406550689984492	FALSE	9	USP40	USP40
ENSG00000161298	4	16	-12	-0.192899279444622	0.2896756622926467	0.41718247090864075	-0.12750680861599406	Control	ENSG00000161298	0.5961871750433275	-0.1007111090463244	FALSE	9	ZNF382	ZNF382
ENSG00000145214	14	45	-31	-0.4500525227455241	0.4860113889576628	0.6132706115375093	-0.1272592225798465	Control	ENSG00000145214	0.5956920029710324	-0.12610743224685983	FALSE	9	DGKQ	DGKQ
ENSG00000128849	70	36	34	0.42968225696808854	0.7026491705867789	0.5753899480069324	0.12725922257984645	AD	ENSG00000128849	0.5954444169348849	0.2171372579839712	FALSE	9	CGNL1	CGNL1
ENSG00000158985	175	405	-230	-3.1433943867918153	0.8046546174795741	0.9317900470413468	-0.1271354295617727	Control	ENSG00000158985	0.5950730378806636	-0.13064683121502618	FALSE	9	CDC42SE2	CDC42SE2
ENSG00000103647	46	28	18	0.2131321573462762	0.6522654122307502	0.5251299826689775	0.1271354295617727	AD	ENSG00000103647	0.5950730378806636	-0.11286932100517966	FALSE	9	CORO2B	CORO2B
ENSG00000123094	17	53	-36	-0.5177244288773405	0.5127506808615994	0.6396385243872246	-0.1268878435256252	Control	ENSG00000123094	0.5947016588264422	0.2689144854934895	FALSE	9	RASSF8	RASSF8
ENSG00000107518	149	347	-198	-2.7102941875481905	0.7864570438227284	0.9133448873483536	-0.1268878435256251	Control	ENSG00000107518	0.5944540727902946	-0.2516202230470572	FALSE	9	ATRNL1	ATRNL1
ENSG00000146352	132	322	-190	-2.6020191377372845	0.7740777420153503	0.9008417925229018	-0.12676405050755146	Control	ENSG00000146352	0.5942064867541471	-0.1339872202053325	FALSE	9	CLVS2	CLVS2
ENSG00000103326	18	14	4	0.02365082017719039	0.5199306759098787	0.3932904184204011	0.12664025748947766	AD	ENSG00000103326	0.5939589007179995	0.0144755174432305	FALSE	9	CAPN15	CAPN15
ENSG00000088812	96	255	-159	-2.182453319720023	0.7370636296112899	0.8635800940826938	-0.12651646447140386	Control	ENSG00000088812	0.5935875216637782	-0.14323566207702676	FALSE	9	ATRN	ATRN
ENSG00000100077	112	284	-172	-2.3584002756627456	0.753404307997029	0.8799207724684328	-0.12651646447140386	Control	ENSG00000100077	0.5935875216637782	-0.0878088164285149	FALSE	9	GRK3	GRK3
ENSG00000101400	21	16	5	0.03718520140355366	0.5432037633077494	0.41718247090864075	0.1260212923991087	AD	ENSG00000101400	0.5932161426095568	0.12255221779373215	FALSE	9	SNTA1	SNTA1
ENSG00000133624	9	8	1	-0.01695232350189942	0.4207724684327804	0.2948749690517455	0.1258974993810349	AD	ENSG00000133624	0.5927209705372617	0.04986631340054437	FALSE	9	ZNF767P	ZNF767P
ENSG00000132842	13	11	2	-0.00341794227553615	0.47660311958405543	0.35070562020302054	0.1258974993810349	AD	ENSG00000132842	0.5927209705372617	0.10052419388673428	FALSE	9	AP3B1	AP3B1
ENSG00000101247	9	8	1	-0.01695232350189942	0.4207724684327804	0.2948749690517455	0.1258974993810349	AD	ENSG00000101247	0.5927209705372617	-0.06244761688556188	FALSE	9	NDUFAF5	NDUFAF5
ENSG00000161204	49	148	-99	-1.3703904461382266	0.6600643723693984	0.7857142857142857	-0.1256499133448873	Control	ENSG00000161204	0.5922257984649666	-0.11167684234341736	FALSE	9	ABCF3	ABCF3
ENSG00000102316	43	27	16	0.18606339489354964	0.6438474870017331	0.5183213666749196	0.12552612032681354	AD	ENSG00000102316	0.591978212428819	-0.10964878123504997	FALSE	9	MAGED2	MAGED2
ENSG00000101367	24	73	-49	-0.693671384820063	0.5630106461995543	0.6884129735082941	-0.1254023273087398	Control	ENSG00000101367	0.5917306263926715	0.14076134688512987	FALSE	9	MAPRE1	MAPRE1
ENSG00000074706	361	134	227	3.0418178336562	0.8994800693240901	0.7743253280514979	0.12515474127259218	AD	ENSG00000074706	0.5914830403565239	-0.213230314956963	FALSE	9	IPCEF1	IPCEF1
ENSG00000129951	9	31	-22	-0.3282430917082547	0.4207724684327804	0.5456796236692251	-0.12490715523644468	Control	ENSG00000129951	0.5912354543203764	-0.2688442014272425	FALSE	9	PLPPR3	PLPPR3
ENSG00000078668	513	195	318	4.273446525255258	0.9486258974993812	0.8238425352810101	0.12478336221837094	AD	ENSG00000078668	0.5909878682842288	-0.18119266445719084	FALSE	9	VDAC3	VDAC3
ENSG00000197177	128	55	73	0.9575231247962562	0.7702401584550631	0.6454567962366923	0.12478336221837084	AD	ENSG00000197177	0.5906164892300074	-0.18881204358774717	FALSE	9	ADGRA1	ADGRA1
ENSG00000158042	19	58	-39	-0.5583275725564303	0.5283486011388958	0.6531319633572666	-0.12478336221837084	Control	ENSG00000158042	0.5906164892300074	-0.12722676071891037	FALSE	9	MRPL17	MRPL17
ENSG00000011485	58	172	-114	-1.5734061645336757	0.6818519435503838	0.806387719732607	-0.12453577618222322	Control	ENSG00000011485	0.5902451101757861	-0.11266776514339404	FALSE	9	PPP5C	PPP5C
ENSG00000135018	161	360	-199	-2.723828568774554	0.7942560039613766	0.918667987125526	-0.12441198316414948	Control	ENSG00000135018	0.5899975241396386	-0.229447872641666	FALSE	9	UBQLN1	UBQLN1
ENSG00000135426	177	70	107	1.4176920864926077	0.8055211686060906	0.6812329784600148	0.12428819014607571	AD	ENSG00000135426	0.5896261450854172	-0.16770394983418058	FALSE	9	TESPA1	TESPA1
ENSG00000111052	34	23	11	0.11839148876173328	0.6109185441941074	0.4866303540480317	0.12428819014607571	AD	ENSG00000111052	0.5896261450854172	-0.07461440548769538	FALSE	9	LIN7A	LIN7A
ENSG00000112651	71	37	34	0.42968225696808854	0.7051250309482545	0.5809606338202525	0.12416439712800198	AD	ENSG00000112651	0.5892547660311959	-0.1772749149952304	FALSE	9	MRPL2	MRPL2
ENSG00000156345	75	39	36	0.45675101942081514	0.7126764050507551	0.589130973013122	0.12354543203763312	AD	ENSG00000156345	0.5890071799950483	-0.19107288707556336	FALSE	9	CDK20	CDK20
ENSG00000185090	53	31	22	0.26726968225172926	0.6692250557068581	0.5456796236692251	0.12354543203763302	AD	ENSG00000185090	0.5887595939589008	-0.17010620885102234	FALSE	9	MANEAL	MANEAL
ENSG00000134780	87	235	-148	-2.033575126230027	0.7275315672196088	0.8509532062391681	-0.12342163901955938	Control	ENSG00000134780	0.5885120079227532	-0.1110093582258802	FALSE	9	DAGLA	DAGLA
ENSG00000010818	111	276	-165	-2.2636596070782025	0.7527853429066601	0.8760831889081456	-0.12329784600148552	Control	ENSG00000010818	0.5882644218866055	-0.13801052226503607	FALSE	9	HIVEP2	HIVEP2
ENSG00000146147	11	36	-25	-0.3688462353873445	0.45233968804159447	0.5753899480069324	-0.12305025996533796	Control	ENSG00000146147	0.588016835850458	-0.26578517601065066	FALSE	9	MLIP	MLIP
ENSG00000110925	112	50	62	0.8086449313062603	0.753404307997029	0.630354048031691	0.12305025996533792	AD	ENSG00000110925	0.5877692498143104	-0.06946427555164902	FALSE	9	CSRNP2	CSRNP2
ENSG00000198380	261	105	156	2.080876766584408	0.8604852686308492	0.7376825947016589	0.12280267392919032	AD	ENSG00000198380	0.587521663778163	-0.11949032158393892	FALSE	9	GFPT1	GFPT1
ENSG00000163798	74	208	-134	-1.844093789060941	0.7106957167615746	0.8333745976726913	-0.12267888091111669	Control	ENSG00000163798	0.5872740777420153	-0.1359835071120674	FALSE	9	SLC4A1AP	SLC4A1AP
ENSG00000204314	152	63	89	1.1740732244180685	0.7881901460757613	0.6655112651646448	0.12267888091111656	AD	ENSG00000204314	0.586902698687794	-0.15855687110103744	FALSE	9	PRRT1	PRRT1
ENSG00000119574	40	120	-80	-1.1132372028373243	0.6358009408269374	0.758479821738054	-0.12267888091111656	Control	ENSG00000119574	0.586902698687794	-0.12612103401878194	FALSE	9	ZBTB45	ZBTB45
ENSG00000112812	32	96	-64	-0.896687103215512	0.6033671700916068	0.7259222579846497	-0.12255508789304292	Control	ENSG00000112812	0.5865313196335726	-0.4461859015588692	FALSE	9	PRSS16	PRSS16
ENSG00000096092	283	111	172	2.2974268662062203	0.8708838821490468	0.748328794256004	0.1225550878930428	AD	ENSG00000096092	0.5862837335974251	-0.23119327601665596	FALSE	9	TMEM14A	TMEM14A
ENSG00000112514	90	44	46	0.5920948316844479	0.7316167368160436	0.6093092349591483	0.1223075018568952	AD	ENSG00000112514	0.5860361475612775	-0.14164386158928366	FALSE	9	CUTA	CUTA
ENSG00000166912	38	25	13	0.14546025121445982	0.6278781876702154	0.505694478831394	0.12218370883882146	AD	ENSG00000166912	0.58578856152513	0.2389405200699404	FALSE	9	MTMR10	MTMR10
ENSG00000198300	294	115	179	2.392167534790763	0.8763307749442931	0.7542708591235454	0.12205991582074772	AD	ENSG00000198300	0.5855409754889824	-0.1469641283871237	FALSE	9	PEG3	PEG3
ENSG00000109756	126	302	-176	-2.4125378005681983	0.7681356771478088	0.8900717999504828	-0.12193612280267396	Control	ENSG00000109756	0.5852933894528348	-0.07194598295829557	FALSE	9	RAPGEF2	RAPGEF2
ENSG00000136535	300	119	181	2.4192362972434895	0.8794256003961377	0.7576132706115375	0.12181232978460022	AD	ENSG00000136535	0.5850458034166873	-0.14100041805079755	FALSE	9	TBR1	TBR1
ENSG00000119242	44	28	16	0.18606339489354964	0.6468185194355038	0.5251299826689775	0.12168853676652636	AD	ENSG00000119242	0.5847982173805397	-0.03387487885667362	FALSE	9	CCDC92	CCDC92
ENSG00000154856	19	15	4	0.02365082017719039	0.5283486011388958	0.4067838573904432	0.1215647437484526	AD	ENSG00000154856	0.5845506313443922	0.08426475446755255	FALSE	9	APCDD1	APCDD1
ENSG00000073670	55	32	23	0.28080406347809256	0.6744243624659569	0.5529834117355781	0.12144095073037886	AD	ENSG00000073670	0.5843030453082446	-0.1611349814796199	FALSE	9	ADAM11	ADAM11
ENSG00000136867	3	12	-9	-0.15229613576553216	0.2442436246595692	0.365684575389948	-0.12144095073037885	Control	ENSG00000136867	0.5836840802178758	0.09847727881909309	FALSE	9	SLC31A2	SLC31A2
ENSG00000154727	3	12	-9	-0.15229613576553216	0.2442436246595692	0.365684575389948	-0.12144095073037885	Control	ENSG00000154727	0.5836840802178758	0.11296341130036502	FALSE	9	GABPA	GABPA
ENSG00000002330	3	12	-9	-0.15229613576553216	0.2442436246595692	0.365684575389948	-0.12144095073037885	Control	ENSG00000002330	0.5836840802178758	0.01731772349441485	FALSE	9	BAD	BAD
ENSG00000231389	3	12	-9	-0.15229613576553216	0.2442436246595692	0.365684575389948	-0.12144095073037885	Control	ENSG00000231389	0.5836840802178758	0.03406472161643492	FALSE	9	HLA-DPA1	HLA-DPA1
ENSG00000145934	5	19	-14	-0.21996804189734853	0.3247090864075266	0.4461500371379054	-0.1214409507303788	Control	ENSG00000145934	0.5830651151275068	-0.13029110983169367	FALSE	9	TENM2	TENM2
ENSG00000133703	193	423	-230	-3.1433943867918153	0.8174052983411736	0.9388462490715525	-0.12144095073037876	Control	ENSG00000133703	0.5828175290913592	-0.15978916238411855	FALSE	9	KRAS	KRAS
ENSG00000164919	28	21	7	0.06425396385628021	0.5865313196335726	0.4652141619212676	0.121317157712305	AD	ENSG00000164919	0.582446150037138	-0.13656153907621515	FALSE	9	COX6C	COX6C
ENSG00000187244	28	21	7	0.06425396385628021	0.5865313196335726	0.4652141619212676	0.121317157712305	AD	ENSG00000187244	0.582446150037138	0.07235975949740947	FALSE	9	BCAM	BCAM
ENSG00000198804	10	9	1	-0.01695232350189942	0.437360732854667	0.3161673681604357	0.12119336469423124	AD	ENSG00000198804	0.5819509779648427	0.24754680067825063	FALSE	9	MT-CO1	MT-CO1
ENSG00000110811	10	9	1	-0.01695232350189942	0.437360732854667	0.3161673681604357	0.12119336469423124	AD	ENSG00000110811	0.5819509779648427	0.09316354481503096	FALSE	9	P3H3	P3H3
ENSG00000119522	6	22	-16	-0.24703680435007505	0.35528596187175043	0.47623174052983414	-0.1209457786580837	Control	ENSG00000119522	0.5814558058925476	0.0027971137906384	FALSE	9	DENND1A	DENND1A
ENSG00000173402	6	22	-16	-0.24703680435007505	0.35528596187175043	0.47623174052983414	-0.1209457786580837	Control	ENSG00000173402	0.5814558058925476	0.01963673765478191	FALSE	9	DAG1	DAG1
ENSG00000102181	142	324	-182	-2.493744087926378	0.7810101510274821	0.901832136667492	-0.1208219856400099	Control	ENSG00000102181	0.5810844268383263	-0.1462682552955279	FALSE	9	CD99L2	CD99L2
ENSG00000116903	15	46	-31	-0.4500525227455241	0.4961624164397128	0.616860609061649	-0.12069819262193617	Control	ENSG00000116903	0.5808368408021788	-0.1372760755403295	FALSE	9	EXOC8	EXOC8
ENSG00000099814	162	352	-190	-2.6020191377372845	0.7951225550878931	0.9156969546917554	-0.12057439960386228	Control	ENSG00000099814	0.5805892547660312	-0.15478463751956006	FALSE	9	CEP170B	CEP170B
ENSG00000174460	402	161	241	3.231299170825286	0.916439712800198	0.7961128992324833	0.1203268135677148	AD	ENSG00000174460	0.5803416687298837	-0.46480604885713905	FALSE	9	ZCCHC12	ZCCHC12
ENSG00000242419	14	12	2	-0.00341794227553615	0.4860113889576628	0.365684575389948	0.12032681356771474	AD	ENSG00000242419	0.5798464966575885	-0.3224738025475107	FALSE	9	PCDHGC4	PCDHGC4
ENSG00000160360	14	12	2	-0.00341794227553615	0.4860113889576628	0.365684575389948	0.12032681356771474	AD	ENSG00000160360	0.5798464966575885	0.03192439853928519	FALSE	9	GPSM1	GPSM1
ENSG00000105723	14	12	2	-0.00341794227553615	0.4860113889576628	0.365684575389948	0.12032681356771474	AD	ENSG00000105723	0.5798464966575885	-0.06589488776504737	FALSE	9	GSK3A	GSK3A
ENSG00000126464	44	126	-82	-1.140305965290051	0.6468185194355038	0.7670215399851449	-0.12020302054964103	Control	ENSG00000126464	0.5792275315672196	-0.07869089732989387	FALSE	9	PRR12	PRR12
ENSG00000146151	44	126	-82	-1.140305965290051	0.6468185194355038	0.7670215399851449	-0.12020302054964103	Control	ENSG00000146151	0.5792275315672196	-0.16757038924693468	FALSE	9	HMGCLL1	HMGCLL1
ENSG00000175602	19	56	-37	-0.5312588101037037	0.5283486011388958	0.6485516216885368	-0.12020302054964094	Control	ENSG00000175602	0.5787323594949245	-0.2529498246115498	FALSE	9	CCDC85B	CCDC85B
ENSG00000145545	107	263	-156	-2.141850176040933	0.7485763802921516	0.8687794008417925	-0.12020302054964094	Control	ENSG00000145545	0.5787323594949245	-0.14320556877544632	FALSE	9	SRD5A1	SRD5A1
ENSG00000167889	33	97	-64	-0.896687103215512	0.6070809606338202	0.7269126021292399	-0.1198316414954197	Control	ENSG00000167889	0.5783609804407032	-0.00755039589485306	FALSE	9	MGAT5B	MGAT5B
ENSG00000114698	12	38	-26	-0.38238061661370776	0.46595692002971034	0.5855409754889824	-0.11958405545927207	Control	ENSG00000114698	0.5781133944045556	0.11583305040713476	FALSE	9	PLSCR4	PLSCR4
ENSG00000126461	106	261	-155	-2.12831579481457	0.7475860361475613	0.8670462985887596	-0.11946026244119834	Control	ENSG00000126461	0.5773706362961128	-0.12171395602814172	FALSE	9	SCAF1	SCAF1
ENSG00000144711	51	146	-95	-1.3162529212327736	0.6641495419658331	0.7836098044070314	-0.11946026244119834	Control	ENSG00000144711	0.5773706362961128	-0.09345329038207772	FALSE	9	IQSEC1	IQSEC1
ENSG00000130382	23	18	5	0.03718520140355366	0.5565734092597178	0.4371131468185194	0.11946026244119834	AD	ENSG00000130382	0.5773706362961128	-0.02325297376226132	FALSE	9	MLLT1	MLLT1
ENSG00000183780	23	18	5	0.03718520140355366	0.5565734092597178	0.4371131468185194	0.11946026244119834	AD	ENSG00000183780	0.5773706362961128	-0.07849494281138725	FALSE	9	SLC35F3	SLC35F3
ENSG00000105245	23	18	5	0.03718520140355366	0.5565734092597178	0.4371131468185194	0.11946026244119834	AD	ENSG00000105245	0.5773706362961128	-0.2034907818417384	FALSE	9	NUMBL	NUMBL
ENSG00000242261	35	102	-67	-0.937290246894602	0.6147561277543947	0.7342163901955929	-0.11946026244119824	Control	ENSG00000242261	0.5766278781876703	0.01997759405822941	FALSE	9	NA	ENSG00000242261
ENSG00000009844	148	331	-183	-2.5072784691527414	0.7857142857142857	0.9050507551374104	-0.1193364694231246	Control	ENSG00000009844	0.5762564991334489	-0.15789334348350437	FALSE	9	VTA1	VTA1
ENSG00000136930	184	75	109	1.444760848945334	0.8114632334736321	0.6921267640505075	0.1193364694231246	AD	ENSG00000136930	0.5762564991334489	-0.1136121785288644	FALSE	9	PSMB7	PSMB7
ENSG00000136750	255	105	150	1.999670479226228	0.8570190641247833	0.7376825947016589	0.11933646942312448	AD	ENSG00000136750	0.5758851200792275	-0.5264786881731851	TRUE	10	GAD2	GAD2
ENSG00000119318	50	144	-94	-1.3027185400064103	0.6622926466947264	0.7812577370636297	-0.11896509036890324	Control	ENSG00000119318	0.5756375340430799	-0.13283993300358432	FALSE	10	RAD23B	RAD23B
ENSG00000146950	45	127	-82	-1.140305965290051	0.6496657588512008	0.7685070562020302	-0.11884129735082938	Control	ENSG00000146950	0.5753899480069324	-0.15010390761215575	FALSE	10	SHROOM2	SHROOM2
ENSG00000149575	90	45	45	0.5785604504580846	0.7316167368160436	0.6132706115375093	0.11834612527853428	AD	ENSG00000149575	0.5751423619707848	-0.25423401037965476	FALSE	10	SCN2B	SCN2B
ENSG00000164172	24	70	-46	-0.6530682411409732	0.5630106461995543	0.6812329784600148	-0.11822233226046051	Control	ENSG00000164172	0.5748947759346373	-0.12426237871601133	FALSE	10	MOCS2	MOCS2
ENSG00000171791	37	25	12	0.13192586998809655	0.6239168110918544	0.505694478831394	0.11822233226046042	AD	ENSG00000171791	0.5746471898984897	0.21570603581040615	FALSE	10	BCL2	BCL2
ENSG00000099860	1	4	-3	-0.07108984840735251	0.07279029462738301	0.19076504085169596	-0.11797474622431296	Control	ENSG00000099860	0.5703144342659074	-0.1816878486466642	FALSE	10	GADD45B	GADD45B
ENSG00000164985	1	4	-3	-0.07108984840735251	0.07279029462738301	0.19076504085169596	-0.11797474622431296	Control	ENSG00000164985	0.5703144342659074	-0.11229435787227082	FALSE	10	PSIP1	PSIP1
ENSG00000234741	1	4	-3	-0.07108984840735251	0.07279029462738301	0.19076504085169596	-0.11797474622431296	Control	ENSG00000234741	0.5703144342659074	-3.940677112321822e-4	FALSE	10	GAS5	GAS5
ENSG00000104325	1	4	-3	-0.07108984840735251	0.07279029462738301	0.19076504085169596	-0.11797474622431296	Control	ENSG00000104325	0.5703144342659074	-0.02983051471310638	FALSE	10	DECR1	DECR1
ENSG00000143093	1	4	-3	-0.07108984840735251	0.07279029462738301	0.19076504085169596	-0.11797474622431296	Control	ENSG00000143093	0.5703144342659074	-0.07051700004498507	FALSE	10	STRIP1	STRIP1
ENSG00000153914	1	4	-3	-0.07108984840735251	0.07279029462738301	0.19076504085169596	-0.11797474622431296	Control	ENSG00000153914	0.5703144342659074	0.16802461151524284	FALSE	10	SREK1	SREK1
ENSG00000165804	1	4	-3	-0.07108984840735251	0.07279029462738301	0.19076504085169596	-0.11797474622431296	Control	ENSG00000165804	0.5703144342659074	0.06292541331416679	FALSE	10	ZNF219	ZNF219
ENSG00000155363	1	4	-3	-0.07108984840735251	0.07279029462738301	0.19076504085169596	-0.11797474622431296	Control	ENSG00000155363	0.5703144342659074	0.09934065436467598	FALSE	10	MOV10	MOV10
ENSG00000137193	1	4	-3	-0.07108984840735251	0.07279029462738301	0.19076504085169596	-0.11797474622431296	Control	ENSG00000137193	0.5703144342659074	0.02139948217476472	FALSE	10	PIM1	PIM1
ENSG00000180385	1	4	-3	-0.07108984840735251	0.07279029462738301	0.19076504085169596	-0.11797474622431296	Control	ENSG00000180385	0.5703144342659074	0.17705542167553912	FALSE	10	EMC3-AS1	EMC3-AS1
ENSG00000165821	1	4	-3	-0.07108984840735251	0.07279029462738301	0.19076504085169596	-0.11797474622431296	Control	ENSG00000165821	0.5703144342659074	0.10940517342325862	FALSE	10	SALL2	SALL2
ENSG00000221829	1	4	-3	-0.07108984840735251	0.07279029462738301	0.19076504085169596	-0.11797474622431296	Control	ENSG00000221829	0.5703144342659074	0.02898863222357217	FALSE	10	FANCG	FANCG
ENSG00000160007	1	4	-3	-0.07108984840735251	0.07279029462738301	0.19076504085169596	-0.11797474622431296	Control	ENSG00000160007	0.5703144342659074	0.05942541117138233	FALSE	10	ARHGAP35	ARHGAP35
ENSG00000135976	1	4	-3	-0.07108984840735251	0.07279029462738301	0.19076504085169596	-0.11797474622431296	Control	ENSG00000135976	0.5703144342659074	0.18853712608299136	FALSE	10	ANKRD36	ANKRD36
ENSG00000112343	1	4	-3	-0.07108984840735251	0.07279029462738301	0.19076504085169596	-0.11797474622431296	Control	ENSG00000112343	0.5703144342659074	0.30692926972275547	FALSE	10	TRIM38	TRIM38
ENSG00000172458	1	4	-3	-0.07108984840735251	0.07279029462738301	0.19076504085169596	-0.11797474622431296	Control	ENSG00000172458	0.5703144342659074	-0.03509697634808617	FALSE	10	IL17D	IL17D
ENSG00000198920	1	4	-3	-0.07108984840735251	0.07279029462738301	0.19076504085169596	-0.11797474622431296	Control	ENSG00000198920	0.5703144342659074	-0.05302283308330935	FALSE	10	KIAA0753	KIAA0753
ENSG00000092529	1	4	-3	-0.07108984840735251	0.07279029462738301	0.19076504085169596	-0.11797474622431296	Control	ENSG00000092529	0.5703144342659074	0.1762566468452711	FALSE	10	CAPN3	CAPN3
ENSG00000141456	1	4	-3	-0.07108984840735251	0.07279029462738301	0.19076504085169596	-0.11797474622431296	Control	ENSG00000141456	0.5703144342659074	-0.03470386698439931	FALSE	10	PELP1	PELP1
ENSG00000287611	1	4	-3	-0.07108984840735251	0.07279029462738301	0.19076504085169596	-0.11797474622431296	Control	ENSG00000287611	0.5703144342659074	-0.5734850899223023	TRUE	11	NA	ENSG00000287611
ENSG00000110395	1	4	-3	-0.07108984840735251	0.07279029462738301	0.19076504085169596	-0.11797474622431296	Control	ENSG00000110395	0.5703144342659074	0.05761255036327206	FALSE	11	CBL	CBL
ENSG00000174939	1	4	-3	-0.07108984840735251	0.07279029462738301	0.19076504085169596	-0.11797474622431296	Control	ENSG00000174939	0.5703144342659074	-0.09218820877643095	FALSE	11	ASPHD1	ASPHD1
ENSG00000172867	1	4	-3	-0.07108984840735251	0.07279029462738301	0.19076504085169596	-0.11797474622431296	Control	ENSG00000172867	0.5703144342659074	0.00490050287111265	FALSE	11	KRT2	KRT2
ENSG00000130706	1	4	-3	-0.07108984840735251	0.07279029462738301	0.19076504085169596	-0.11797474622431296	Control	ENSG00000130706	0.5703144342659074	-0.06090684921523603	FALSE	11	ADRM1	ADRM1
ENSG00000119537	1	4	-3	-0.07108984840735251	0.07279029462738301	0.19076504085169596	-0.11797474622431296	Control	ENSG00000119537	0.5703144342659074	0.10229998413039532	FALSE	11	KDSR	KDSR
ENSG00000182810	1	4	-3	-0.07108984840735251	0.07279029462738301	0.19076504085169596	-0.11797474622431296	Control	ENSG00000182810	0.5703144342659074	-0.1945437842722253	FALSE	11	DDX28	DDX28
ENSG00000177613	1	4	-3	-0.07108984840735251	0.07279029462738301	0.19076504085169596	-0.11797474622431296	Control	ENSG00000177613	0.5703144342659074	-0.06733704164833121	FALSE	11	CSTF2T	CSTF2T
ENSG00000171100	1	4	-3	-0.07108984840735251	0.07279029462738301	0.19076504085169596	-0.11797474622431296	Control	ENSG00000171100	0.5703144342659074	0.01790660635638374	FALSE	11	MTM1	MTM1
ENSG00000144908	1	4	-3	-0.07108984840735251	0.07279029462738301	0.19076504085169596	-0.11797474622431296	Control	ENSG00000144908	0.5703144342659074	0.07860515766241427	FALSE	11	ALDH1L1	ALDH1L1
ENSG00000185115	1	4	-3	-0.07108984840735251	0.07279029462738301	0.19076504085169596	-0.11797474622431296	Control	ENSG00000185115	0.5703144342659074	-0.0915774767108406	FALSE	11	NSMCE3	NSMCE3
ENSG00000167107	1	4	-3	-0.07108984840735251	0.07279029462738301	0.19076504085169596	-0.11797474622431296	Control	ENSG00000167107	0.5703144342659074	0.11193531801661648	FALSE	11	ACSF2	ACSF2
ENSG00000236104	1	4	-3	-0.07108984840735251	0.07279029462738301	0.19076504085169596	-0.11797474622431296	Control	ENSG00000236104	0.5703144342659074	-0.05177374596994433	FALSE	11	ZBTB22	ZBTB22
ENSG00000017427	1	4	-3	-0.07108984840735251	0.07279029462738301	0.19076504085169596	-0.11797474622431296	Control	ENSG00000017427	0.5703144342659074	-0.32291465928229446	FALSE	11	IGF1	IGF1
ENSG00000168453	1	4	-3	-0.07108984840735251	0.07279029462738301	0.19076504085169596	-0.11797474622431296	Control	ENSG00000168453	0.5703144342659074	-0.17811466843128976	FALSE	11	HR	HR
ENSG00000201321	34	98	-64	-0.896687103215512	0.6109185441941074	0.7285219113641991	-0.11760336717009168	Control	ENSG00000201321	0.5657340925971776	0.0168556557177002	FALSE	11	RNA5S9	RNA5S9
ENSG00000196262	194	80	114	1.5124327550771504	0.8186432285219114	0.7010398613518197	0.11760336717009168	AD	ENSG00000196262	0.5657340925971776	-0.12446499990982927	FALSE	11	PPIA	PPIA
ENSG00000159199	118	54	64	0.8357136937589867	0.7599653379549394	0.6423619707848477	0.11760336717009168	AD	ENSG00000159199	0.5657340925971776	-0.17790949979122672	FALSE	11	ATP5MC1	ATP5MC1
ENSG00000147123	11	10	1	-0.01695232350189942	0.45233968804159447	0.33473632087150285	0.11760336717009162	AD	ENSG00000147123	0.5652389205248824	-0.15594838651302112	FALSE	11	NDUFB11	NDUFB11
ENSG00000162639	267	110	157	2.094411147810771	0.8638276801188413	0.7462243129487497	0.11760336717009157	AD	ENSG00000162639	0.5649913344887348	-0.17381664062781255	FALSE	11	HENMT1	HENMT1
ENSG00000167680	63	175	-112	-1.546337402080949	0.6912602129239911	0.8086159940579352	-0.11735578113394408	Control	ENSG00000167680	0.5643723693983659	-0.1126429434609122	FALSE	11	SEMA6B	SEMA6B
ENSG00000164109	230	95	135	1.796654760830779	0.8417925229017084	0.7244367417677643	0.11735578113394408	AD	ENSG00000164109	0.5643723693983659	-0.2815387940027305	FALSE	11	MAD2L1	MAD2L1
ENSG00000103335	15	13	2	-0.00341794227553615	0.4961624164397128	0.37880663530576875	0.11735578113394408	AD	ENSG00000103335	0.5643723693983659	0.08437728452569715	FALSE	11	PIEZO1	PIEZO1
ENSG00000198455	15	13	2	-0.00341794227553615	0.4961624164397128	0.37880663530576875	0.11735578113394408	AD	ENSG00000198455	0.5643723693983659	-0.13849335682042785	FALSE	11	ZXDB	ZXDB
ENSG00000128602	45	29	16	0.18606339489354964	0.6496657588512008	0.5324337707353305	0.11723198811587032	AD	ENSG00000128602	0.5636296112899233	0.24831139056514395	FALSE	11	SMO	SMO
ENSG00000133789	45	29	16	0.18606339489354964	0.6496657588512008	0.5324337707353305	0.11723198811587032	AD	ENSG00000133789	0.5636296112899233	0.22433132620200705	FALSE	11	SWAP70	SWAP70
ENSG00000162407	4	15	-11	-0.1793648982182587	0.2896756622926467	0.4067838573904432	-0.11710819509779652	Control	ENSG00000162407	0.5632582322357019	0.02379268132737699	FALSE	11	PLPP3	PLPP3
ENSG00000154429	70	38	32	0.402613494515362	0.7026491705867789	0.5855409754889824	0.11710819509779646	AD	ENSG00000154429	0.5628868531814806	-0.10945346913195486	FALSE	11	CCSAP	CCSAP
ENSG00000102030	15	45	-30	-0.4365181415191608	0.4961624164397128	0.6132706115375093	-0.11710819509779646	Control	ENSG00000102030	0.5628868531814806	0.05048377788770608	FALSE	11	NAA10	NAA10
ENSG00000057663	104	251	-147	-2.0200407450036635	0.7449863827680119	0.8618469918296608	-0.11686060906164895	Control	ENSG00000057663	0.5625154741272592	-0.11487817415783752	FALSE	11	ATG5	ATG5
ENSG00000090861	78	208	-130	-1.789956264155488	0.7166377816291161	0.8333745976726913	-0.11673681604357522	Control	ENSG00000090861	0.5622678880911116	-0.12460605741284424	FALSE	11	AARS1	AARS1
ENSG00000164885	314	127	187	2.5004425846016693	0.8849962862094578	0.7685070562020302	0.1164892300074276	AD	ENSG00000164885	0.5620203020549641	-0.1805183532257004	FALSE	11	CDK5	CDK5
ENSG00000163618	339	136	203	2.7169926842234817	0.8930428323842535	0.7766773953948998	0.11636543698935375	AD	ENSG00000163618	0.5617727160188165	-0.1765468337647178	FALSE	11	CADPS	CADPS
ENSG00000101463	39	111	-72	-1.0049621530264183	0.632087150284724	0.748328794256004	-0.11624164397128	Control	ENSG00000101463	0.5614013369645952	-0.08229663507131058	FALSE	11	SYNDIG1	SYNDIG1
ENSG00000176884	21	17	4	0.02365082017719039	0.5432037633077494	0.42696211933646944	0.11624164397128	AD	ENSG00000176884	0.5614013369645952	-0.02947513250324363	FALSE	11	GRIN1	GRIN1
ENSG00000049769	119	280	-161	-2.2095220821727493	0.7614508541718247	0.8775687051250309	-0.11611785095320626	Control	ENSG00000049769	0.5607823718742263	-0.12051612894646092	FALSE	11	PPP1R3F	PPP1R3F
ENSG00000213064	8	27	-19	-0.28763994802916487	0.4022035157217133	0.5183213666749196	-0.11611785095320626	Control	ENSG00000213064	0.5607823718742263	0.21704188960004345	FALSE	11	SFT2D2	SFT2D2
ENSG00000099960	8	27	-19	-0.28763994802916487	0.4022035157217133	0.5183213666749196	-0.11611785095320626	Control	ENSG00000099960	0.5607823718742263	-0.15891846597567483	FALSE	11	SLC7A4	SLC7A4
ENSG00000115685	211	446	-235	-3.211066292923632	0.8305273582569943	0.9465214161921268	-0.11599405793513252	Control	ENSG00000115685	0.5602871998019312	-0.1670963916057442	FALSE	11	PPP1R7	PPP1R7
ENSG00000076826	144	316	-172	-2.3584002756627456	0.7820004951720723	0.8976231740529834	-0.11562267888091116	Control	ENSG00000076826	0.5600396137657836	-0.11341650665082348	FALSE	11	CAMSAP3	CAMSAP3
ENSG00000086598	10	32	-22	-0.3282430917082547	0.437360732854667	0.5529834117355781	-0.1156226788809111	Control	ENSG00000086598	0.5597920277296361	-0.11466424930165608	FALSE	11	TMED2	TMED2
ENSG00000144285	350	144	206	2.757595827902571	0.8968804159445407	0.7812577370636297	0.11562267888091105	AD	ENSG00000144285	0.5595444416934885	-0.19098357484294223	FALSE	11	SCN1A	SCN1A
ENSG00000139631	13	40	-27	-0.39591499784007106	0.47660311958405543	0.5921020054468928	-0.1154988858628374	Control	ENSG00000139631	0.5592968556573409	-0.05544565709477034	FALSE	11	CSAD	CSAD
ENSG00000137726	190	79	111	1.4718296113980605	0.8148056449616241	0.6993067590987868	0.1154988858628373	AD	ENSG00000137726	0.5590492696211934	-0.22005785575333903	FALSE	11	FXYD6	FXYD6
ENSG00000130193	7	24	-17	-0.2605711855764383	0.3815300817033919	0.4969051745481554	-0.11537509284476356	Control	ENSG00000130193	0.5588016835850458	-0.07612310444885573	FALSE	11	THEM6	THEM6
ENSG00000142235	90	230	-140	-1.9253000764191208	0.7316167368160436	0.8468680366427334	-0.1152512998266898	Control	ENSG00000142235	0.5578113394404556	-0.10579402779004532	FALSE	11	LMTK3	LMTK3
ENSG00000110076	97	238	-141	-1.938834457645484	0.7384253528101015	0.8536766526367913	-0.1152512998266898	Control	ENSG00000110076	0.5578113394404556	-0.1035652728995622	FALSE	11	NRXN2	NRXN2
ENSG00000117758	12	11	1	-0.01695232350189942	0.46595692002971034	0.35070562020302054	0.1152512998266898	AD	ENSG00000117758	0.5578113394404556	-0.11662797915763969	FALSE	11	STX12	STX12
ENSG00000183978	12	11	1	-0.01695232350189942	0.46595692002971034	0.35070562020302054	0.1152512998266898	AD	ENSG00000183978	0.5578113394404556	-0.14301183584037602	FALSE	11	COA3	COA3
ENSG00000099625	16	47	-31	-0.4500525227455241	0.5049517207229512	0.620203020549641	-0.1152512998266898	Control	ENSG00000099625	0.5578113394404556	-0.1306214976673239	FALSE	11	CBARP	CBARP
ENSG00000175061	12	11	1	-0.01695232350189942	0.46595692002971034	0.35070562020302054	0.1152512998266898	AD	ENSG00000175061	0.5578113394404556	-0.02120017978825572	FALSE	11	SNHG29	SNHG29
ENSG00000132664	12	11	1	-0.01695232350189942	0.46595692002971034	0.35070562020302054	0.1152512998266898	AD	ENSG00000132664	0.5578113394404556	-0.14134178110208495	FALSE	11	POLR3F	POLR3F
ENSG00000150907	35	99	-64	-0.896687103215512	0.6147561277543947	0.7298836345630106	-0.11512750680861594	Control	ENSG00000150907	0.5566972022777915	0.20465054078266043	FALSE	11	FOXO1	FOXO1
ENSG00000166411	146	320	-174	-2.385469038115472	0.7839811834612528	0.8991086902698687	-0.11512750680861594	Control	ENSG00000166411	0.5566972022777915	-0.11779024695502648	FALSE	11	IDH3A	IDH3A
ENSG00000162426	132	301	-169	-2.3177971319836557	0.7740777420153503	0.8890814558058926	-0.1150037137905423	Control	ENSG00000162426	0.5563258232235702	-0.2479242202325782	FALSE	11	SLC45A1	SLC45A1
ENSG00000065923	97	48	49	0.6326979753635377	0.7384253528101015	0.6234216390195593	0.1150037137905422	AD	ENSG00000065923	0.5560782371874227	-0.16941598424302384	FALSE	11	SLC9A7	SLC9A7
ENSG00000155093	149	323	-174	-2.385469038115472	0.7864570438227284	0.9013369645951969	-0.11487992077246845	Control	ENSG00000155093	0.5558306511512751	-0.2523686575380317	FALSE	11	PTPRN2	PTPRN2
ENSG00000132694	55	153	-98	-1.3568560649118633	0.6744243624659569	0.788932904184204	-0.11450854171824708	Control	ENSG00000132694	0.5554592720970537	-0.0802410909692064	FALSE	11	ARHGEF11	ARHGEF11
ENSG00000168032	247	105	142	1.891395429415322	0.852191136419906	0.7376825947016589	0.11450854171824708	AD	ENSG00000168032	0.5554592720970537	-0.2678448527740551	FALSE	11	ENTPD3	ENTPD3
ENSG00000138698	167	346	-179	-2.453140944247288	0.7983411735578113	0.912478336221837	-0.11413716266402574	Control	ENSG00000138698	0.5550878930428323	-0.16877502888663898	FALSE	11	RAP1GDS1	RAP1GDS1
ENSG00000138107	99	49	50	0.646232356589901	0.7406536271354296	0.6266402574894776	0.114013369645952	AD	ENSG00000138107	0.554716513988611	-0.07641476396324798	FALSE	11	ACTR1A	ACTR1A
ENSG00000144021	54	148	-94	-1.3027185400064103	0.6717009160683337	0.7857142857142857	-0.114013369645952	Control	ENSG00000144021	0.554716513988611	-0.1163101887237854	FALSE	11	CIAO1	CIAO1
ENSG00000112149	464	191	273	3.66439937006891	0.9346372864570438	0.8208715028472394	0.11376578360980438	AD	ENSG00000112149	0.5543451349343897	-0.17938085482414934	FALSE	11	CD83	CD83
ENSG00000120899	169	72	97	1.282348274228975	0.8001980688289181	0.6865560782371875	0.11364199059173063	AD	ENSG00000120899	0.5540975488982421	-0.1661293543698985	FALSE	11	PTK2B	PTK2B
ENSG00000104643	36	25	11	0.11839148876173328	0.6192126764050507	0.505694478831394	0.11351819757365678	AD	ENSG00000104643	0.5538499628620945	-0.15708242437303177	FALSE	11	MTMR9	MTMR9
ENSG00000129484	22	18	4	0.02365082017719039	0.5505075513741025	0.4371131468185194	0.11339440455558304	AD	ENSG00000129484	0.553602376825947	-0.12088737630471869	FALSE	11	PARP2	PARP2
ENSG00000172493	18	15	3	0.01011643895082711	0.5199306759098787	0.4067838573904432	0.11314681851943552	AD	ENSG00000172493	0.5533547907897994	0.12941385862375654	FALSE	11	AFF1	AFF1
ENSG00000132359	27	76	-49	-0.693671384820063	0.5817033919286952	0.6947264174300569	-0.11302302550136167	Control	ENSG00000132359	0.5531072047536519	-0.15874864794992227	FALSE	11	RAP1GAP2	RAP1GAP2
ENSG00000218336	63	170	-107	-1.4786654959491328	0.6912602129239911	0.8040356523892053	-0.11277543946521418	Control	ENSG00000218336	0.5528596187175043	-0.1884293469878351	FALSE	11	TENM3	TENM3
ENSG00000143384	2	8	-6	-0.11169299208644234	0.18209952958653133	0.2948749690517455	-0.11277543946521416	Control	ENSG00000143384	0.5514978955186928	0.06241771297689347	FALSE	11	MCL1	MCL1
ENSG00000129559	2	8	-6	-0.11169299208644234	0.18209952958653133	0.2948749690517455	-0.11277543946521416	Control	ENSG00000129559	0.5514978955186928	-0.08740198551367584	FALSE	11	NEDD8	NEDD8
ENSG00000168970	2	8	-6	-0.11169299208644234	0.18209952958653133	0.2948749690517455	-0.11277543946521416	Control	ENSG00000168970	0.5514978955186928	0.02441712980442201	FALSE	11	JMJD7-PLA2G4B	JMJD7-PLA2G4B
ENSG00000184787	2	8	-6	-0.11169299208644234	0.18209952958653133	0.2948749690517455	-0.11277543946521416	Control	ENSG00000184787	0.5514978955186928	0.07194986215458954	FALSE	11	UBE2G2	UBE2G2
ENSG00000079337	2	8	-6	-0.11169299208644234	0.18209952958653133	0.2948749690517455	-0.11277543946521416	Control	ENSG00000079337	0.5514978955186928	0.2766011239150181	FALSE	11	RAPGEF3	RAPGEF3
ENSG00000003393	2	8	-6	-0.11169299208644234	0.18209952958653133	0.2948749690517455	-0.11277543946521416	Control	ENSG00000003393	0.5514978955186928	-0.05711206317291939	FALSE	11	ALS2	ALS2
ENSG00000126524	2	8	-6	-0.11169299208644234	0.18209952958653133	0.2948749690517455	-0.11277543946521416	Control	ENSG00000126524	0.5514978955186928	-0.11939905165530008	FALSE	11	SBDS	SBDS
ENSG00000108848	2	8	-6	-0.11169299208644234	0.18209952958653133	0.2948749690517455	-0.11277543946521416	Control	ENSG00000108848	0.5514978955186928	0.25895020954939696	FALSE	11	LUC7L3	LUC7L3
ENSG00000087152	2	8	-6	-0.11169299208644234	0.18209952958653133	0.2948749690517455	-0.11277543946521416	Control	ENSG00000087152	0.5514978955186928	-0.04413921902512641	FALSE	11	ATXN7L3	ATXN7L3
ENSG00000100234	2	8	-6	-0.11169299208644234	0.18209952958653133	0.2948749690517455	-0.11277543946521416	Control	ENSG00000100234	0.5514978955186928	0.1212559793644754	FALSE	11	TIMP3	TIMP3
ENSG00000148175	21	59	-38	-0.544793191330067	0.5432037633077494	0.6558554097548899	-0.11265164644714044	Control	ENSG00000148175	0.5501361723198812	0.02608284344894862	FALSE	11	STOM	STOM
ENSG00000136942	5	18	-13	-0.2064336606709853	0.3247090864075266	0.4371131468185194	-0.11240406041099282	Control	ENSG00000136942	0.54951720722951225	-0.03992503894713728	FALSE	11	RPL35	RPL35
ENSG00000163349	5	18	-13	-0.2064336606709853	0.3247090864075266	0.4371131468185194	-0.11240406041099282	Control	ENSG00000163349	0.54951720722951225	0.12498751086093662	FALSE	11	HIPK1	HIPK1
ENSG00000160683	5	18	-13	-0.2064336606709853	0.3247090864075266	0.4371131468185194	-0.11240406041099282	Control	ENSG00000160683	0.54951720722951225	-0.00138683940939388	FALSE	11	CXCR5	CXCR5
ENSG00000110844	5	18	-13	-0.2064336606709853	0.3247090864075266	0.4371131468185194	-0.11240406041099282	Control	ENSG00000110844	0.54951720722951225	-0.02196514592993992	FALSE	11	PRPF40B	PRPF40B
ENSG00000100852	72	41	31	0.38907911328899875	0.7077246843278039	0.5958157959891062	0.11190888833869772	AD	ENSG00000100852	0.5488982421391434	0.17457136713347943	FALSE	11	ARHGAP5	ARHGAP5
ENSG00000174405	16	14	2	-0.00341794227553615	0.5049517207229512	0.3932904184204011	0.11166130230255016	AD	ENSG00000174405	0.5486506561029958	-0.1567130422459293	FALSE	11	LIG4	LIG4
ENSG00000099624	9	29	-20	-0.3011743292555282	0.4207724684327804	0.5324337707353305	-0.11166130230255011	Control	ENSG00000099624	0.5484030700668482	-0.17048973789342625	FALSE	11	ATP5F1D	ATP5F1D
ENSG00000102409	256	110	146	1.945532954320775	0.85751423619707845	0.7462243129487497	0.11128992324832876	AD	ENSG00000102409	0.5480316910126269	-0.2614618782096443	FALSE	11	BEX4	BEX4
ENSG00000020129	19	53	-34	-0.4906556664246139	0.5283486011388958	0.6396385243872246	-0.11128992324832876	Control	ENSG00000020129	0.5480316910126269	-0.1028702392632539	FALSE	11	NCDN	NCDN
ENSG00000213023	198	407	-209	-2.8591723810381864	0.8219856400099035	0.9329041842040108	-0.1109185441941074	Control	ENSG00000213023	0.5475365189403317	-0.22629843644649483	FALSE	11	SYT3	SYT3
ENSG00000240204	13	12	1	-0.01695232350189942	0.47660311958405543	0.365684575389948	0.1109185441941074	AD	ENSG00000240204	0.5475365189403317	-0.30383419955285085	FALSE	11	SMKR1	SMKR1
ENSG00000185721	277	118	159	2.121479910263498	0.8675414706610547	0.7568705125030948	0.11067095815795992	AD	ENSG00000185721	0.5471651398861104	-0.13099022165788732	FALSE	11	DRG1	DRG1
ENSG00000198258	26	21	5	0.03718520140355366	0.5757613270611538	0.4652141619212676	0.11054716513988616	AD	ENSG00000198258	0.5469175538499629	-0.1529375942901776	FALSE	11	UBL5	UBL5
ENSG00000075234	11	34	-23	-0.34177747293461797	0.45233968804159447	0.5628868531814806	-0.1105471651398861	Control	ENSG00000075234	0.5466699678138153	0.14277061719937478	FALSE	11	TTC38	TTC38
ENSG00000143198	23	19	4	0.02365082017719039	0.5565734092597178	0.4461500371379054	0.11042337212181236	AD	ENSG00000143198	0.5462985887595939	-0.10150259815402052	FALSE	11	MGST3	MGST3
ENSG00000130669	23	19	4	0.02365082017719039	0.5565734092597178	0.4461500371379054	0.11042337212181236	AD	ENSG00000130669	0.5462985887595939	0.09517859938143758	FALSE	11	PAK4	PAK4
ENSG00000125841	43	115	-72	-1.0049621530264183	0.6438474870017331	0.7542708591235454	-0.1104233721218123	Control	ENSG00000125841	0.5459272097053726	-0.1895876461417263	FALSE	11	NRSN2	NRSN2
ENSG00000131143	33	24	9	0.09132272630900674	0.6070809606338202	0.4969051745481554	0.11017578608566476	AD	ENSG00000131143	0.5456796236692251	-0.1104987139225262	FALSE	11	COX4I1	COX4I1
ENSG00000110514	161	330	-169	-2.3177971319836557	0.7942560039613766	0.9044317900470412	-0.1101757860856647	Control	ENSG00000110514	0.5454320376330775	-0.1041824448633033	FALSE	11	MADD	MADD
ENSG00000059377	6	21	-15	-0.23350242312371175	0.35528596187175043	0.4652141619212676	-0.1099282000495172	Control	ENSG00000059377	0.54518445159693	0.20204519441290447	FALSE	11	TBXAS1	TBXAS1
ENSG00000151917	76	195	-119	-1.641078070665492	0.714409507303788	0.8238425352810101	-0.1094330279772221	Control	ENSG00000151917	0.5449368655607824	-0.13183223325019	FALSE	11	BEND6	BEND6
ENSG00000144645	181	79	102	1.3500201803607912	0.8086159940579352	0.6993067590987868	0.10930923495914836	AD	ENSG00000144645	0.5446892795246349	-0.17176699747305513	FALSE	11	OSBPL10	OSBPL10
ENSG00000140836	35	25	10	0.10485710753537002	0.6147561277543947	0.505694478831394	0.10906164892300074	AD	ENSG00000140836	0.5444416934884873	0.1909229738780862	FALSE	11	ZFHX3	ZFHX3
ENSG00000197562	120	267	-147	-2.0200407450036635	0.762441198316415	0.8713790542213419	-0.10893785590492688	Control	ENSG00000197562	0.5441941074523396	-0.14871605838916757	FALSE	11	RAB40C	RAB40C
ENSG00000175535	19	52	-33	-0.47712128519825064	0.5283486011388958	0.6370388710076752	-0.1086902698687794	Control	ENSG00000175535	0.5438227283981183	0.05953302359870616	FALSE	11	PNLIP	PNLIP
ENSG00000166073	65	170	-105	-1.4515967334964062	0.6953453825204259	0.8040356523892053	-0.1086902698687794	Control	ENSG00000166073	0.5438227283981183	-0.07146575388316556	FALSE	11	GPR176	GPR176
ENSG00000167699	130	62	68	0.8898512186644398	0.771973260708096	0.6634067838573905	0.10856647685070552	AD	ENSG00000167699	0.543451349343897	-0.15091586850059713	FALSE	11	GLOD4	GLOD4
ENSG00000150672	38	104	-66	-0.9237558656682386	0.6278781876702154	0.7361970784847734	-0.10831889081455803	Control	ENSG00000150672	0.5432037633077494	-0.07826414119743852	FALSE	11	DLG2	DLG2
ENSG00000101638	15	43	-28	-0.4094493790664343	0.4961624164397128	0.6043575142361971	-0.10819509779648429	Control	ENSG00000101638	0.5429561772716018	-0.10552964856900716	FALSE	11	ST8SIA5	ST8SIA5
ENSG00000133275	24	20	4	0.02365082017719039	0.5630106461995543	0.4548155484030701	0.10819509779648424	AD	ENSG00000133275	0.5427085912354543	-0.02164984029478844	FALSE	11	CSNK1G2	CSNK1G2
ENSG00000140299	109	54	55	0.7139042627217173	0.7504332755632582	0.6423619707848477	0.10807130477841054	AD	ENSG00000140299	0.5424610051993067	0.14605770297971432	FALSE	11	BNIP2	BNIP2
ENSG00000163013	80	201	-121	-1.6681468331182183	0.7202277791532558	0.8280514978955187	-0.10782371874226292	Control	ENSG00000163013	0.5420896261450854	-0.0729317166184682	FALSE	11	FBXO41	FBXO41
ENSG00000152954	240	107	133	1.7695859983780524	0.8489725179499876	0.7411487992077247	0.10782371874226292	AD	ENSG00000152954	0.5420896261450854	-0.3182550034630598	FALSE	11	NRSN1	NRSN1
ENSG00000201185	21	57	-36	-0.5177244288773405	0.5432037633077494	0.6509036890319386	-0.10769992572418918	Control	ENSG00000201185	0.541718247090864	-0.01186185985485499	FALSE	11	RNA5SP202	RNA5SP202
ENSG00000166924	186	369	-183	-2.5072784691527414	0.8127011636543698	0.9202772963604852	-0.10757613270611543	Control	ENSG00000166924	0.5414706610547165	-0.2100548211399715	FALSE	11	NYAP1	NYAP1
ENSG00000114790	114	56	58	0.7545074064008072	0.7560039613765783	0.6485516216885368	0.10745233968804158	AD	ENSG00000114790	0.5410992820004952	0.2440995287838721	FALSE	11	ARHGEF26	ARHGEF26
ENSG00000122490	24	66	-42	-0.5989307162355201	0.5630106461995543	0.6704629858875959	-0.10745233968804158	Control	ENSG00000122490	0.5410992820004952	-0.09081523481200192	FALSE	11	SLC66A2	SLC66A2
ENSG00000198763	7	7	0	-0.03048670472826269	0.3815300817033919	0.2742015350334241	0.10732854666996784	Control	ENSG00000198763	0.5402327308739787	0.16717769716488107	FALSE	11	MT-ND2	MT-ND2
ENSG00000213949	8	8	0	-0.03048670472826269	0.4022035157217133	0.2948749690517455	0.10732854666996784	Control	ENSG00000213949	0.5402327308739787	0.12644333270846886	FALSE	11	ITGA1	ITGA1
ENSG00000091536	8	8	0	-0.03048670472826269	0.4022035157217133	0.2948749690517455	0.10732854666996784	Control	ENSG00000091536	0.5402327308739787	-0.11874934805883708	FALSE	11	MYO15A	MYO15A
ENSG00000139433	7	7	0	-0.03048670472826269	0.3815300817033919	0.2742015350334241	0.10732854666996784	Control	ENSG00000139433	0.5402327308739787	0.16320247298567558	FALSE	11	GLTP	GLTP
ENSG00000250067	7	7	0	-0.03048670472826269	0.3815300817033919	0.2742015350334241	0.10732854666996784	Control	ENSG00000250067	0.5402327308739787	0.03416150807795404	FALSE	11	YJEFN3	YJEFN3
ENSG00000101152	202	405	-203	-2.777966093680007	0.8244615003713791	0.9317900470413468	-0.10732854666996772	Control	ENSG00000101152	0.539489972765536	-0.15534189191367176	FALSE	11	DNAJC5	DNAJC5
ENSG00000182256	14	13	1	-0.01695232350189942	0.4860113889576628	0.37880663530576875	0.10720475365189402	AD	ENSG00000182256	0.5392423867293885	-0.11636901104309416	FALSE	11	GABRG3	GABRG3
ENSG00000172915	280	565	-285	-3.887785354241795	0.8693983659321615	0.9764793265659816	-0.10708096063382022	Control	ENSG00000172915	0.5388710076751672	-0.15043786173953144	FALSE	11	NBEA	NBEA
ENSG00000196961	110	247	-137	-1.884696932740031	0.7519187917801436	0.8589997524139639	-0.10708096063382022	Control	ENSG00000196961	0.5388710076751672	-0.16411311794647077	FALSE	11	AP2A1	AP2A1
ENSG00000167972	79	198	-119	-1.641078070665492	0.7186184699182966	0.8255756375340431	-0.10695716761574647	Control	ENSG00000167972	0.5384996286209458	-0.07330704460804682	FALSE	11	ABCA3	ABCA3
ENSG00000042753	195	88	107	1.4176920864926077	0.8201287447387967	0.713295370141124	0.10683337459767273	AD	ENSG00000042753	0.5382520425847982	-0.21575686441638983	FALSE	11	AP2S1	AP2S1
ENSG00000169490	301	133	168	2.243289341300767	0.8801683585045803	0.7733349839069077	0.1068333745976726	AD	ENSG00000169490	0.5380044565486507	-0.20885022746662865	FALSE	11	TM2D2	TM2D2
ENSG00000211599	43	112	-69	-0.9643590093473284	0.6438474870017331	0.7504332755632582	-0.10658578856152512	Control	ENSG00000211599	0.5377568705125031	0.00638752783306939	FALSE	11	IGKV5-2	IGKV5-2
ENSG00000133134	236	106	130	1.7289828546989627	0.8460014855162169	0.7395394899727655	0.10646199554345136	AD	ENSG00000133134	0.5373854914582817	-0.3631456060285494	FALSE	11	BEX2	BEX2
ENSG00000171435	89	48	41	0.5244229255526315	0.7298836345630106	0.6234216390195593	0.10646199554345136	AD	ENSG00000171435	0.5373854914582817	-0.04221693528658754	FALSE	11	KSR2	KSR2
ENSG00000234771	3	11	-8	-0.1387617545391689	0.2442436246595692	0.35070562020302054	-0.10646199554345134	Control	ENSG00000234771	0.5365189403317653	0.14543476526514176	FALSE	11	SLC25A25-AS1	SLC25A25-AS1
ENSG00000126860	3	11	-8	-0.1387617545391689	0.2442436246595692	0.35070562020302054	-0.10646199554345134	Control	ENSG00000126860	0.5365189403317653	0.16008868723691183	FALSE	11	EVI2A	EVI2A
ENSG00000258684	3	11	-8	-0.1387617545391689	0.2442436246595692	0.35070562020302054	-0.10646199554345134	Control	ENSG00000258684	0.5365189403317653	-0.09135072235066131	FALSE	11	BMS1P16	BMS1P16
ENSG00000140015	3	11	-8	-0.1387617545391689	0.2442436246595692	0.35070562020302054	-0.10646199554345134	Control	ENSG00000140015	0.5365189403317653	-0.1043871652626276	FALSE	11	KCNH5	KCNH5
ENSG00000198034	3	11	-8	-0.1387617545391689	0.2442436246595692	0.35070562020302054	-0.10646199554345134	Control	ENSG00000198034	0.5365189403317653	-0.00367145085478171	FALSE	11	RPS4X	RPS4X
ENSG00000082701	229	447	-218	-2.980981812075456	0.8410497647932657	0.947016588264422	-0.10596682347115628	Control	ENSG00000082701	0.5357761822233226	-0.1307623569563976	FALSE	11	GSK3B	GSK3B
ENSG00000198786	17	15	2	-0.00341794227553615	0.5127506808615994	0.4067838573904432	0.10596682347115616	AD	ENSG00000198786	0.5355285961871751	0.16815940640610627	FALSE	11	MT-ND5	MT-ND5
ENSG00000143499	37	27	10	0.10485710753537002	0.6239168110918544	0.5183213666749196	0.1055954444169348	AD	ENSG00000143499	0.5352810101510275	-0.12489534116044432	FALSE	11	SMYD2	SMYD2
ENSG00000137727	134	286	-152	-2.08771265113548	0.7761822233226046	0.8814062886853181	-0.10522406536271356	Control	ENSG00000137727	0.53503342411488	-0.2273505534341158	FALSE	11	ARHGAP20	ARHGAP20
ENSG00000188042	34	25	9	0.09132272630900674	0.6109185441941074	0.505694478831394	0.10522406536271343	AD	ENSG00000188042	0.5347858380787324	-0.18340224684098416	FALSE	11	ARL4C	ARL4C
ENSG00000231500	7	23	-16	-0.24703680435007505	0.3815300817033919	0.4866303540480317	-0.10510027234463976	Control	ENSG00000231500	0.5345382520425848	-0.03906523179234433	FALSE	11	RPS18	RPS18
ENSG00000126088	29	23	6	0.05071958262991694	0.5914830403565239	0.4866303540480317	0.1048526863084922	AD	ENSG00000126088	0.5337954939341422	-0.07380708246070533	FALSE	11	UROD	UROD
ENSG00000023228	29	23	6	0.05071958262991694	0.5914830403565239	0.4866303540480317	0.1048526863084922	AD	ENSG00000023228	0.5337954939341422	-0.17319360648899185	FALSE	11	NDUFS1	NDUFS1
ENSG00000188986	6	6	0	-0.03048670472826269	0.35528596187175043	0.25043327556325823	0.1048526863084922	Control	ENSG00000188986	0.5337954939341422	-0.0431744254167743	FALSE	11	NELFB	NELFB
ENSG00000134917	6	6	0	-0.03048670472826269	0.35528596187175043	0.25043327556325823	0.1048526863084922	Control	ENSG00000134917	0.5337954939341422	-0.21242895075962664	FALSE	11	ADAMTS8	ADAMTS8
ENSG00000141576	6	6	0	-0.03048670472826269	0.35528596187175043	0.25043327556325823	0.1048526863084922	Control	ENSG00000141576	0.5337954939341422	-0.06265235627191501	FALSE	11	RNF157	RNF157
ENSG00000168314	9	9	0	-0.03048670472826269	0.4207724684327804	0.3161673681604357	0.10460510027234464	Control	ENSG00000168314	0.5328051497895518	0.34698587885109866	FALSE	11	MOBP	MOBP
ENSG00000049245	9	9	0	-0.03048670472826269	0.4207724684327804	0.3161673681604357	0.10460510027234464	Control	ENSG00000049245	0.5328051497895518	0.10853669627725716	FALSE	11	VAMP3	VAMP3
ENSG00000178075	9	9	0	-0.03048670472826269	0.4207724684327804	0.3161673681604357	0.10460510027234464	Control	ENSG00000178075	0.5328051497895518	0.25358976822122337	FALSE	11	GRAMD1C	GRAMD1C
ENSG00000099364	90	212	-122	-1.6816812143445818	0.7316167368160436	0.8359742510522407	-0.1043575142361971	Control	ENSG00000099364	0.532186184699183	-0.15222535254576464	FALSE	11	FBXL19	FBXL19
ENSG00000059588	9	28	-19	-0.28763994802916487	0.4207724684327804	0.5251299826689775	-0.1043575142361971	Control	ENSG00000059588	0.532186184699183	-0.18998825593816804	FALSE	11	TARBP1	TARBP1
ENSG00000197381	136	287	-151	-2.0741782699091167	0.7775439465214162	0.8819014607576132	-0.104357514236197	Control	ENSG00000197381	0.5318148056449616	-0.07467034334117706	FALSE	11	ADARB1	ADARB1
ENSG00000154118	72	178	-106	-1.4651311147227697	0.7077246843278039	0.8119584055459272	-0.10423372121812335	Control	ENSG00000154118	0.531567219608814	-0.0785598774312497	FALSE	11	JPH3	JPH3
ENSG00000167363	23	61	-38	-0.544793191330067	0.5565734092597178	0.660807130477841	-0.10423372121812324	Control	ENSG00000167363	0.5313196335726665	-0.17132927520307462	FALSE	11	FN3K	FN3K
ENSG00000119421	25	21	4	0.02365082017719039	0.5692002971032434	0.4652141619212676	0.10398613518197576	AD	ENSG00000119421	0.5309482545184452	-0.11015277992465931	FALSE	11	NDUFA8	NDUFA8
ENSG00000170043	25	21	4	0.02365082017719039	0.5692002971032434	0.4652141619212676	0.10398613518197576	AD	ENSG00000170043	0.5309482545184452	-0.1603111654678422	FALSE	11	TRAPPC1	TRAPPC1
ENSG00000275342	61	156	-95	-1.3162529212327736	0.6866798712552612	0.7905422134191632	-0.103862342163902	Control	ENSG00000275342	0.5305768754642238	-0.3304448763137451	FALSE	11	PRAG1	PRAG1
ENSG00000125691	4	14	-10	-0.16583051699189544	0.2896756622926467	0.3932904184204011	-0.1036147561277544	Control	ENSG00000125691	0.5292151522654123	0.01651564996540955	FALSE	11	RPL23	RPL23
ENSG00000272505	4	14	-10	-0.16583051699189544	0.2896756622926467	0.3932904184204011	-0.1036147561277544	Control	ENSG00000272505	0.5292151522654123	-0.0752112795589488	FALSE	11	NA	ENSG00000272505
ENSG00000164068	4	14	-10	-0.16583051699189544	0.2896756622926467	0.3932904184204011	-0.1036147561277544	Control	ENSG00000164068	0.5292151522654123	-0.08935878967961308	FALSE	11	RNF123	RNF123
ENSG00000104324	4	14	-10	-0.16583051699189544	0.2896756622926467	0.3932904184204011	-0.1036147561277544	Control	ENSG00000104324	0.5292151522654123	0.25032478596871144	FALSE	11	CPQ	CPQ
ENSG00000093010	4	14	-10	-0.16583051699189544	0.2896756622926467	0.3932904184204011	-0.1036147561277544	Control	ENSG00000093010	0.5292151522654123	-0.02152554977936738	FALSE	11	COMT	COMT
ENSG00000138101	4	14	-10	-0.16583051699189544	0.2896756622926467	0.3932904184204011	-0.1036147561277544	Control	ENSG00000138101	0.5292151522654123	-0.09315100068776516	FALSE	11	DTNB	DTNB
ENSG00000067167	4	14	-10	-0.16583051699189544	0.2896756622926467	0.3932904184204011	-0.1036147561277544	Control	ENSG00000067167	0.5292151522654123	0.10577020648729096	FALSE	11	TRAM1	TRAM1
ENSG00000128016	4	14	-10	-0.16583051699189544	0.2896756622926467	0.3932904184204011	-0.1036147561277544	Control	ENSG00000128016	0.5292151522654123	-0.03587142353710959	FALSE	11	ZFP36	ZFP36
ENSG00000165588	4	14	-10	-0.16583051699189544	0.2896756622926467	0.3932904184204011	-0.1036147561277544	Control	ENSG00000165588	0.5292151522654123	-0.00838384842215389	FALSE	11	OTX2	OTX2
ENSG00000087903	4	14	-10	-0.16583051699189544	0.2896756622926467	0.3932904184204011	-0.1036147561277544	Control	ENSG00000087903	0.5292151522654123	0.15311330176269422	FALSE	11	RFX2	RFX2
ENSG00000060140	430	194	236	3.1636272646934693	0.9264669472641744	0.8229759841544937	0.10349096310968064	AD	ENSG00000060140	0.5276058430304531	-0.28929227071906016	FALSE	11	STYK1	STYK1
ENSG00000142892	15	42	-27	-0.39591499784007106	0.4961624164397128	0.5996533795493935	-0.10349096310968064	Control	ENSG00000142892	0.5276058430304531	-0.11557964208807014	FALSE	11	PIGK	PIGK
ENSG00000146670	67	169	-102	-1.4109935898173165	0.6993067590987868	0.8027977222084675	-0.10349096310968064	Control	ENSG00000146670	0.5276058430304531	-0.27775355836553306	FALSE	11	CDCA5	CDCA5
ENSG00000188647	29	76	-47	-0.6666026223673365	0.5914830403565239	0.6947264174300569	-0.10324337707353304	Control	ENSG00000188647	0.5269868779400841	0.03965365048069991	FALSE	11	PTAR1	PTAR1
ENSG00000121871	61	155	-94	-1.3027185400064103	0.6866798712552612	0.7899232483287942	-0.10324337707353304	Control	ENSG00000121871	0.5269868779400841	-0.09911633476157712	FALSE	11	SLITRK3	SLITRK3
ENSG00000129355	207	95	112	1.4853639926244238	0.8275563258232236	0.7244367417677643	0.10311958405545928	AD	ENSG00000129355	0.5266154988858628	-0.1938591171805548	FALSE	11	CDKN2D	CDKN2D
ENSG00000071051	14	39	-25	-0.3688462353873445	0.4860113889576628	0.589130973013122	-0.10311958405545923	Control	ENSG00000071051	0.5263679128497153	-0.00194656621469668	FALSE	11	NCK2	NCK2
ENSG00000186111	57	145	-88	-1.2215122526482307	0.6794998762069819	0.7823718742262936	-0.10287199801931168	Control	ENSG00000186111	0.5258727407774202	-0.03292557588075873	FALSE	11	PIP5K1C	PIP5K1C
ENSG00000108389	91	50	41	0.5244229255526315	0.7332260460510027	0.630354048031691	0.10287199801931168	AD	ENSG00000108389	0.5258727407774202	-0.1271312594004872	FALSE	11	MTMR4	MTMR4
ENSG00000198354	137	68	69	0.9033855998908032	0.7782867046298588	0.6754147066105471	0.10287199801931168	AD	ENSG00000198354	0.5258727407774202	-0.28893060319507846	FALSE	11	DCAF12L2	DCAF12L2
ENSG00000184277	150	71	79	1.038729412154436	0.7868284228769498	0.6842040108937856	0.1026244119831642	AD	ENSG00000184277	0.5253775687051251	-0.13066155845059058	FALSE	11	TM2D3	TM2D3
ENSG00000164236	12	35	-23	-0.34177747293461797	0.46595692002971034	0.5685813320128744	-0.10262441198316408	Control	ENSG00000164236	0.5251299826689775	-0.1277432954501858	FALSE	11	ANKRD33B	ANKRD33B
ENSG00000120690	27	71	-44	-0.6259994786882467	0.5817033919286952	0.6842040108937856	-0.10250061896509031	Control	ENSG00000120690	0.5248823966328299	0.3161319423705189	FALSE	11	ELF1	ELF1
ENSG00000167815	168	77	91	1.201141986870795	0.799083931666254	0.6967071057192374	0.10237682594701658	AD	ENSG00000167815	0.5246348105966824	-0.18464785144667317	FALSE	11	PRDX2	PRDX2
ENSG00000080493	5	17	-12	-0.192899279444622	0.3247090864075266	0.42696211933646944	-0.10225303292894285	Control	ENSG00000080493	0.524263431542461	0.02260821663378287	FALSE	11	SLC4A4	SLC4A4
ENSG00000213339	5	17	-12	-0.192899279444622	0.3247090864075266	0.42696211933646944	-0.10225303292894285	Control	ENSG00000213339	0.524263431542461	0.0072012778316246	FALSE	11	QTRT1	QTRT1
ENSG00000063015	199	93	106	1.4041577052662442	0.8229759841544937	0.7208467442436246	0.10212923991086909	AD	ENSG00000063015	0.5238920524882397	-0.29244616022422676	FALSE	11	SEZ6	SEZ6
ENSG00000198853	127	267	-140	-1.9253000764191208	0.7692498143104729	0.8713790542213419	-0.10212923991086896	Control	ENSG00000198853	0.5236444664520921	-0.1451912712836414	FALSE	11	RUSC2	RUSC2
ENSG00000141568	46	115	-69	-0.9643590093473284	0.6522654122307502	0.7542708591235454	-0.10200544689279524	Control	ENSG00000141568	0.5233968804159446	-0.03517144343809342	FALSE	11	FOXK2	FOXK2
ENSG00000085719	28	73	-45	-0.6395338599146099	0.5865313196335726	0.6884129735082941	-0.10188165387472148	Control	ENSG00000085719	0.523149294379797	0.02982662017513249	FALSE	11	CPNE3	CPNE3
ENSG00000169247	5	5	0	-0.03048670472826269	0.3247090864075266	0.22295122555087893	0.10175786085664767	Control	ENSG00000169247	0.5221589502352068	0.192463645802194	FALSE	11	SH3TC2	SH3TC2
ENSG00000184347	23	20	3	0.01011643895082711	0.5565734092597178	0.4548155484030701	0.10175786085664767	AD	ENSG00000184347	0.5221589502352068	-0.17199764676267115	FALSE	11	SLIT3	SLIT3
ENSG00000159423	5	5	0	-0.03048670472826269	0.3247090864075266	0.22295122555087893	0.10175786085664767	Control	ENSG00000159423	0.5221589502352068	-0.03851457542415382	FALSE	11	ALDH4A1	ALDH4A1
ENSG00000085563	5	5	0	-0.03048670472826269	0.3247090864075266	0.22295122555087893	0.10175786085664767	Control	ENSG00000085563	0.5221589502352068	0.03580449981810396	FALSE	11	ABCB1	ABCB1
ENSG00000267680	5	5	0	-0.03048670472826269	0.3247090864075266	0.22295122555087893	0.10175786085664767	Control	ENSG00000267680	0.5221589502352068	0.11122666261795722	FALSE	11	ZNF224	ZNF224
ENSG00000143318	5	5	0	-0.03048670472826269	0.3247090864075266	0.22295122555087893	0.10175786085664767	Control	ENSG00000143318	0.5221589502352068	-0.18978626673339336	FALSE	11	CASQ1	CASQ1
ENSG00000141639	5	5	0	-0.03048670472826269	0.3247090864075266	0.22295122555087893	0.10175786085664767	Control	ENSG00000141639	0.5221589502352068	0.0912962595896385	FALSE	11	MAPK4	MAPK4
ENSG00000166171	11	11	0	-0.03048670472826269	0.45233968804159447	0.35070562020302054	0.10163406783857391	Control	ENSG00000166171	0.5211686060906164	-0.10445953693633392	FALSE	11	DPCD	DPCD
ENSG00000086289	499	221	278	3.732071276200726	0.9437979697945036	0.8422876949740035	0.10151027482050012	AD	ENSG00000086289	0.5209210200544689	-0.2928593921112963	FALSE	11	EPDR1	EPDR1
ENSG00000108557	74	178	-104	-1.4380623522700429	0.7106957167615746	0.8119584055459272	-0.10126268878435264	Control	ENSG00000108557	0.5205496410002476	-0.1189343306093278	FALSE	11	RAI1	RAI1
ENSG00000180875	155	73	82	1.0793325558335256	0.7896756622926467	0.6884129735082941	0.10126268878435264	AD	ENSG00000180875	0.5205496410002476	-0.25976222808067284	FALSE	11	GREM2	GREM2
ENSG00000117410	76	45	31	0.38907911328899875	0.714409507303788	0.6132706115375093	0.10113889576627876	AD	ENSG00000117410	0.5201782619460262	-0.13693748426928032	FALSE	11	ATP6V0B	ATP6V0B
ENSG00000086300	506	228	278	3.732071276200726	0.9467690022282744	0.8458776924981432	0.10089130973013116	AD	ENSG00000086300	0.5199306759098787	-0.3289812479204173	FALSE	11	SNX10	SNX10
ENSG00000145349	404	185	219	2.933542783845294	0.917677642980936	0.8170339192869522	0.10064372369398368	AD	ENSG00000145349	0.5195592968556574	-0.24107270841200543	FALSE	11	CAMK2D	CAMK2D
ENSG00000108094	299	580	-281	-3.8336478293363423	0.8785590492696211	0.9792027729636048	-0.10064372369398368	Control	ENSG00000108094	0.5195592968556574	-0.17698329057887285	FALSE	11	CUL2	CUL2
ENSG00000099917	11	32	-21	-0.3147087104818914	0.45233968804159447	0.5529834117355781	-0.1006437236939836	Control	ENSG00000099917	0.519187917801436	-0.01888011232833619	FALSE	11	MED15	MED15
ENSG00000196990	130	269	-139	-1.9117656951927575	0.771973260708096	0.8724931913840059	-0.10051993067590992	Control	ENSG00000196990	0.5189403317652884	-0.23400594106505143	FALSE	11	FAM163B	FAM163B
ENSG00000080845	90	206	-116	-1.6004749269864025	0.7316167368160436	0.8320128744738797	-0.10039613765783616	Control	ENSG00000080845	0.5185689527110671	-0.05875552259301386	FALSE	11	DLGAP4	DLGAP4
ENSG00000185933	22	57	-35	-0.5041900476509772	0.5505075513741025	0.6509036890319386	-0.10039613765783616	Control	ENSG00000185933	0.5185689527110671	-0.3153225185009392	FALSE	11	CALHM1	CALHM1
ENSG00000111674	360	165	195	2.6087176344125753	0.8992324832879426	0.7989601386481803	0.10027234463976233	AD	ENSG00000111674	0.5181975736568457	-0.3331625449829332	FALSE	11	ENO2	ENO2
ENSG00000128683	299	140	159	2.121479910263498	0.8785590492696211	0.7784104976479327	0.10014855162168844	AD	ENSG00000128683	0.5177024015845506	-0.4509972210339779	FALSE	11	GAD1	GAD1
ENSG00000167863	114	59	55	0.7139042627217173	0.7560039613765783	0.6558554097548899	0.10014855162168844	AD	ENSG00000167863	0.5177024015845506	-0.18759695482734703	FALSE	11	ATP5PD	ATP5PD
ENSG00000162975	107	232	-125	-1.7222843580236715	0.7485763802921516	0.84872493191384	-0.10014855162168844	Control	ENSG00000162975	0.5177024015845506	-0.33314098059162056	FALSE	11	KCNF1	KCNF1
ENSG00000159363	145	289	-144	-1.9794376013245736	0.7829908393166626	0.8830155979202773	-0.1000247586036147	Control	ENSG00000159363	0.5172072295122555	-0.1780412498152213	FALSE	11	ATP13A2	ATP13A2
ENSG00000091129	67	42	25	0.3078728259308191	0.6993067590987868	0.5996533795493935	0.09965337954939336	AD	ENSG00000091129	0.5169596434761079	-0.2557652901019747	FALSE	11	NRCAM	NRCAM
ENSG00000136541	26	22	4	0.02365082017719039	0.5757613270611538	0.47623174052983414	0.09952958653131966	AD	ENSG00000136541	0.5162168853676653	0.27764224135904314	FALSE	11	ERMN	ERMN
ENSG00000077420	6	20	-14	-0.21996804189734853	0.35528596187175043	0.4548155484030701	-0.09952958653131966	Control	ENSG00000077420	0.5162168853676653	0.07087089504702959	FALSE	11	APBB1IP	APBB1IP
ENSG00000109475	6	20	-14	-0.21996804189734853	0.35528596187175043	0.4548155484030701	-0.09952958653131966	Control	ENSG00000109475	0.5162168853676653	0.04342240374380068	FALSE	11	RPL34	RPL34
ENSG00000185591	6	20	-14	-0.21996804189734853	0.35528596187175043	0.4548155484030701	-0.09952958653131966	Control	ENSG00000185591	0.5162168853676653	0.15563452266002287	FALSE	11	SP1	SP1
ENSG00000152558	6	20	-14	-0.21996804189734853	0.35528596187175043	0.4548155484030701	-0.09952958653131966	Control	ENSG00000152558	0.5162168853676653	0.11669358631001003	FALSE	11	TMEM123	TMEM123
ENSG00000159248	336	158	178	2.3786331535643996	0.8918049022035157	0.7923991086902699	0.09940579351324584	AD	ENSG00000159248	0.5153503342411488	-0.4232365168107073	FALSE	11	GJD2	GJD2
ENSG00000139641	16	43	-27	-0.39591499784007106	0.5049517207229512	0.6043575142361971	-0.09940579351324584	Control	ENSG00000139641	0.5153503342411488	-0.13470060532061368	FALSE	11	ESYT1	ESYT1
ENSG00000163810	21	54	-33	-0.47712128519825064	0.5432037633077494	0.6423619707848477	-0.09915820747709823	Control	ENSG00000163810	0.5149789551869275	0.02607781581164459	FALSE	11	TGM4	TGM4
ENSG00000189159	442	205	237	3.1771616459198326	0.9304283238425352	0.8313939093835108	0.0990344144590245	AD	ENSG00000189159	0.5144837831146324	-0.2215580294966486	FALSE	11	JPT1	JPT1
ENSG00000135439	118	247	-129	-1.7764218829291247	0.7599653379549394	0.8589997524139639	-0.0990344144590245	Control	ENSG00000135439	0.5144837831146324	-0.1551713006394202	FALSE	11	AGAP2	AGAP2
ENSG00000197102	34	26	8	0.07778834508264348	0.6109185441941074	0.5118841297350829	0.0990344144590245	AD	ENSG00000197102	0.5144837831146324	-0.09754122376961938	FALSE	11	DYNC1H1	DYNC1H1
ENSG00000198840	4	4	0	-0.03048670472826269	0.2896756622926467	0.19076504085169596	0.09891062144095072	Control	ENSG00000198840	0.5128744738796732	0.4045029532399447	FALSE	11	MT-ND3	MT-ND3
ENSG00000131697	4	4	0	-0.03048670472826269	0.2896756622926467	0.19076504085169596	0.09891062144095072	Control	ENSG00000131697	0.5128744738796732	-0.03048020736513201	FALSE	11	NPHP4	NPHP4
ENSG00000128564	4	4	0	-0.03048670472826269	0.2896756622926467	0.19076504085169596	0.09891062144095072	Control	ENSG00000128564	0.5128744738796732	-0.9428764328668872	TRUE	12	VGF	VGF
ENSG00000198682	4	4	0	-0.03048670472826269	0.2896756622926467	0.19076504085169596	0.09891062144095072	Control	ENSG00000198682	0.5128744738796732	0.21336499344374005	FALSE	12	PAPSS2	PAPSS2
ENSG00000260328	4	4	0	-0.03048670472826269	0.2896756622926467	0.19076504085169596	0.09891062144095072	Control	ENSG00000260328	0.5128744738796732	-0.3357129870872244	FALSE	12	NA	ENSG00000260328
ENSG00000118482	4	4	0	-0.03048670472826269	0.2896756622926467	0.19076504085169596	0.09891062144095072	Control	ENSG00000118482	0.5128744738796732	0.09360532876700668	FALSE	12	PHF3	PHF3
ENSG00000117448	4	4	0	-0.03048670472826269	0.2896756622926467	0.19076504085169596	0.09891062144095072	Control	ENSG00000117448	0.5128744738796732	-0.11509780690258609	FALSE	12	AKR1A1	AKR1A1
ENSG00000152818	4	4	0	-0.03048670472826269	0.2896756622926467	0.19076504085169596	0.09891062144095072	Control	ENSG00000152818	0.5128744738796732	0.10328065969089018	FALSE	12	UTRN	UTRN
ENSG00000196405	4	4	0	-0.03048670472826269	0.2896756622926467	0.19076504085169596	0.09891062144095072	Control	ENSG00000196405	0.5128744738796732	-0.05120442911048961	FALSE	12	EVL	EVL
ENSG00000100285	4	4	0	-0.03048670472826269	0.2896756622926467	0.19076504085169596	0.09891062144095072	Control	ENSG00000100285	0.5128744738796732	-0.10194432112678876	FALSE	12	NEFH	NEFH
ENSG00000158286	13	36	-23	-0.34177747293461797	0.47660311958405543	0.5753899480069324	-0.098786828422877	Control	ENSG00000158286	0.5115127506808615	0.01130721280543767	FALSE	12	RNF207	RNF207
ENSG00000144218	29	74	-45	-0.6395338599146099	0.5914830403565239	0.690146075761327	-0.09866303540480316	Control	ENSG00000144218	0.511265164644714	-0.07868640009313843	FALSE	12	AFF3	AFF3
ENSG00000140740	283	132	151	2.0132048604525914	0.8708838821490468	0.7724684327803912	0.09841544936865554	AD	ENSG00000140740	0.5110175786085664	-0.22223275094953188	FALSE	12	UQCRC2	UQCRC2
ENSG00000131174	70	43	27	0.33494158838354565	0.7026491705867789	0.6043575142361971	0.0982916563505818	AD	ENSG00000131174	0.510769992572419	-0.16877325591018533	FALSE	12	COX7B	COX7B
ENSG00000112232	16	15	1	-0.01695232350189942	0.5049517207229512	0.4067838573904432	0.09816786333250804	AD	ENSG00000112232	0.5105224065362713	-0.12316387754026524	FALSE	12	KHDRBS2	KHDRBS2
ENSG00000023572	117	61	56	0.7274386439480806	0.7588512007922753	0.660807130477841	0.0980440703144343	AD	ENSG00000023572	0.5102748205001237	-0.14262724819695904	FALSE	12	GLRX2	GLRX2
ENSG00000174132	24	21	3	0.01011643895082711	0.5630106461995543	0.4652141619212676	0.09779648427828667	AD	ENSG00000174132	0.5099034414459025	-0.22834909582175555	FALSE	12	FAM174A	FAM174A
ENSG00000092820	13	13	0	-0.03048670472826269	0.47660311958405543	0.37880663530576875	0.09779648427828667	Control	ENSG00000092820	0.5099034414459025	0.25291052336707764	FALSE	12	EZR	EZR
ENSG00000151952	223	413	-190	-2.6020191377372845	0.8369645951968309	0.93451349343897006	-0.0975488982421392	Control	ENSG00000151952	0.5092844763555335	-0.27192273593335514	FALSE	12	TMEM132D	TMEM132D
ENSG00000177272	9	27	-18	-0.2741055668028016	0.4207724684327804	0.5183213666749196	-0.0975488982421392	Control	ENSG00000177272	0.5092844763555335	-0.24128654900556157	FALSE	12	KCNA3	KCNA3
ENSG00000075785	9	27	-18	-0.2741055668028016	0.4207724684327804	0.5183213666749196	-0.0975488982421392	Control	ENSG00000075785	0.5092844763555335	-0.12417019365648584	FALSE	12	RAB7A	RAB7A
ENSG00000166257	248	116	132	1.7560516171516891	0.8529338945283486	0.7553849962862095	0.09754889824213908	AD	ENSG00000166257	0.5087893042832384	-0.26849676687171176	FALSE	12	SCN3B	SCN3B
ENSG00000205629	375	175	200	2.676389540544392	0.9059173062639267	0.8086159940579352	0.0973013122059916	AD	ENSG00000205629	0.5085417182470908	-0.1268220370846418	FALSE	12	LCMT1	LCMT1
ENSG00000156564	134	271	-137	-1.884696932740031	0.7761822233226046	0.8733597425105224	-0.09717751918791784	Control	ENSG00000156564	0.5082941322109433	-0.21173681887933785	FALSE	12	LRFN2	LRFN2
ENSG00000149654	183	336	-153	-2.1012470323618433	0.8105966823471156	0.9076504085169596	-0.09705372616984408	Control	ENSG00000149654	0.5080465461747957	-0.3503073173525575	FALSE	12	CDH22	CDH22
ENSG00000148400	21	19	2	-0.00341794227553615	0.5432037633077494	0.4461500371379054	0.09705372616984403	AD	ENSG00000148400	0.5077989601386482	0.08374648503871285	FALSE	12	NOTCH1	NOTCH1
ENSG00000186732	225	414	-189	-2.5884847565109212	0.8383263183956425	0.9353800445654864	-0.09705372616984398	Control	ENSG00000186732	0.5075513741025006	-0.15654985591946513	FALSE	12	MPPED1	MPPED1
ENSG00000115216	26	67	-41	-0.5853963350091568	0.5757613270611538	0.672691260212924	-0.09692993315177025	Control	ENSG00000115216	0.5071799950482793	-0.05656256751552924	FALSE	12	NRBP1	NRBP1
ENSG00000120549	40	101	-61	-0.8560839595364222	0.6358009408269374	0.7327308739787076	-0.09692993315177025	Control	ENSG00000120549	0.5071799950482793	-0.14736236595750363	FALSE	12	KIAA1217	KIAA1217
ENSG00000180611	217	402	-185	-2.534347231605468	0.8339935627630601	0.9306759098786828	-0.09668234711562274	Control	ENSG00000180611	0.5068086159940579	-0.1254159071144061	FALSE	12	MB21D2	MB21D2
ENSG00000145864	579	265	314	4.219309000349805	0.9664520921020054	0.8697697449863828	0.09668234711562262	AD	ENSG00000145864	0.5065610299579104	-0.2269473465091192	FALSE	12	GABRB2	GABRB2
ENSG00000162104	17	44	-27	-0.39591499784007106	0.5127506808615994	0.6093092349591483	-0.096558554097549	Control	ENSG00000162104	0.5063134439217628	0.00948918755358896	FALSE	12	ADCY9	ADCY9
ENSG00000164061	168	313	-145	-1.992971982550937	0.799083931666254	0.8953948997276554	-0.09631096806140138	Control	ENSG00000164061	0.5060658578856152	-0.14942969592636324	FALSE	12	BSN	BSN
ENSG00000102078	261	124	137	1.8237235232835056	0.8604852686308492	0.7641743005694479	0.09631096806140128	AD	ENSG00000102078	0.5058182718494677	-0.22582475824314496	FALSE	12	SLC25A14	SLC25A14
ENSG00000177380	120	246	-126	-1.735818739250035	0.762441198316415	0.8585045803416688	-0.09606338202525376	Control	ENSG00000177380	0.5055706858133201	-0.08111295785476713	FALSE	12	PPFIA3	PPFIA3
ENSG00000108947	140	71	69	0.9033855998908032	0.7800198068828919	0.6842040108937856	0.09581579598910628	AD	ENSG00000108947	0.5053230997771726	-0.23418249796969803	FALSE	12	EFNB3	EFNB3
ENSG00000143514	30	75	-45	-0.6395338599146099	0.5963109680614014	0.6921267640505075	-0.09581579598910615	Control	ENSG00000143514	0.505075513741025	0.07253223232837946	FALSE	12	TP53BP2	TP53BP2
ENSG00000153944	17	16	1	-0.01695232350189942	0.5127506808615994	0.41718247090864075	0.09556820995295862	AD	ENSG00000153944	0.5047041346868036	0.11424354947379813	FALSE	12	MSI2	MSI2
ENSG00000184752	17	16	1	-0.01695232350189942	0.5127506808615994	0.41718247090864075	0.09556820995295862	AD	ENSG00000184752	0.5047041346868036	-0.10459912113034876	FALSE	12	NDUFA12	NDUFA12
ENSG00000168496	122	248	-126	-1.735818739250035	0.7641743005694479	0.859494924486259	-0.09532062391681106	Control	ENSG00000168496	0.5043327556325823	-0.15284592161976818	FALSE	12	FEN1	FEN1
ENSG00000114439	27	23	4	0.02365082017719039	0.5817033919286952	0.4866303540480317	0.09507303788066356	AD	ENSG00000114439	0.5039613765783609	0.14319394473288938	FALSE	12	BBX	BBX
ENSG00000066557	27	23	4	0.02365082017719039	0.5817033919286952	0.4866303540480317	0.09507303788066356	AD	ENSG00000066557	0.5039613765783609	-0.18302588071765943	FALSE	12	LRRC40	LRRC40
ENSG00000265354	229	110	119	1.5801046612089666	0.8410497647932657	0.7462243129487497	0.09482545184451596	AD	ENSG00000265354	0.5035899975241397	-0.1745240634695957	FALSE	12	TIMM23	TIMM23
ENSG00000105270	101	213	-112	-1.546337402080949	0.7423867293884625	0.8370883882149047	-0.0947016588264422	Control	ENSG00000105270	0.5030948254518445	-0.2439234384300306	FALSE	12	CLIP3	CLIP3
ENSG00000177119	16	42	-26	-0.38238061661370776	0.5049517207229512	0.5996533795493935	-0.0947016588264422	Control	ENSG00000177119	0.5030948254518445	0.18187582146851788	FALSE	12	ANO6	ANO6
ENSG00000149273	7	22	-15	-0.23350242312371175	0.3815300817033919	0.47623174052983414	-0.0947016588264422	Control	ENSG00000149273	0.5030948254518445	0.02466237214106215	FALSE	12	RPS3	RPS3
ENSG00000170465	8	24	-16	-0.24703680435007505	0.4022035157217133	0.4969051745481554	-0.09470165882644216	Control	ENSG00000170465	0.5024758603614756	0.02481137626360419	FALSE	12	KRT6C	KRT6C
ENSG00000079432	8	24	-16	-0.24703680435007505	0.4022035157217133	0.4969051745481554	-0.09470165882644216	Control	ENSG00000079432	0.5024758603614756	0.05911452336178335	FALSE	12	CIC	CIC
ENSG00000174437	299	550	-251	-3.427616392545444	0.8785590492696211	0.9731369150779896	-0.09457786580836848	Control	ENSG00000174437	0.5021044813072543	-0.21320199447523255	FALSE	12	ATP2A2	ATP2A2
ENSG00000183020	158	294	-136	-1.8711625515136676	0.7921515226541223	0.8863580094082694	-0.09420648675414713	Control	ENSG00000183020	0.5018568952711067	-0.1289623227793797	FALSE	12	AP2A2	AP2A2
ENSG00000157191	36	28	8	0.07778834508264348	0.6192126764050507	0.5251299826689775	0.09408269373607324	AD	ENSG00000157191	0.5016093092349592	0.12136607865169856	FALSE	12	NECAP2	NECAP2
ENSG00000150768	89	195	-106	-1.4651311147227697	0.7298836345630106	0.8238425352810101	-0.0939589007179995	Control	ENSG00000150768	0.5013617231988116	-0.2036658325515024	FALSE	12	DLAT	DLAT
ENSG00000127585	30	74	-44	-0.6259994786882467	0.5963109680614014	0.690146075761327	-0.09383510769992565	Control	ENSG00000127585	0.5011141371626641	-0.23165491869825416	FALSE	12	FBXL16	FBXL16
ENSG00000102606	11	31	-20	-0.3011743292555282	0.45233968804159447	0.5456796236692251	-0.0933399356276306	Control	ENSG00000102606	0.5007427581084427	-0.03764872758766557	FALSE	12	ARHGEF7	ARHGEF7
ENSG00000069869	11	31	-20	-0.3011743292555282	0.45233968804159447	0.5456796236692251	-0.0933399356276306	Control	ENSG00000069869	0.5007427581084427	0.16947629669442144	FALSE	12	NEDD4	NEDD4
ENSG00000130414	25	22	3	0.01011643895082711	0.5692002971032434	0.47623174052983414	0.09296855657340924	AD	ENSG00000130414	0.5003713790542214	-0.10401696521998538	FALSE	12	NDUFA10	NDUFA10
ENSG00000143858	3	3	0	-0.03048670472826269	0.2442436246595692	0.15139886110423373	0.09284476355533548	Control	ENSG00000143858	0.497152760584303	-0.1143726990634626	FALSE	12	SYT2	SYT2
ENSG00000173960	3	3	0	-0.03048670472826269	0.2442436246595692	0.15139886110423373	0.09284476355533548	Control	ENSG00000173960	0.497152760584303	0.06840325141489956	FALSE	12	UBXN2A	UBXN2A
ENSG00000211460	3	3	0	-0.03048670472826269	0.2442436246595692	0.15139886110423373	0.09284476355533548	Control	ENSG00000211460	0.497152760584303	-0.08942128185180742	FALSE	12	TSN	TSN
ENSG00000109501	3	3	0	-0.03048670472826269	0.2442436246595692	0.15139886110423373	0.09284476355533548	Control	ENSG00000109501	0.497152760584303	0.09775450587975598	FALSE	12	WFS1	WFS1
ENSG00000116574	3	3	0	-0.03048670472826269	0.2442436246595692	0.15139886110423373	0.09284476355533548	Control	ENSG00000116574	0.497152760584303	0.15615320832042023	FALSE	12	RHOU	RHOU
ENSG00000174720	3	3	0	-0.03048670472826269	0.2442436246595692	0.15139886110423373	0.09284476355533548	Control	ENSG00000174720	0.497152760584303	0.20705539822496988	FALSE	12	LARP7	LARP7
ENSG00000167614	3	3	0	-0.03048670472826269	0.2442436246595692	0.15139886110423373	0.09284476355533548	Control	ENSG00000167614	0.497152760584303	-0.03069243940095489	FALSE	12	TTYH1	TTYH1
ENSG00000120251	3	3	0	-0.03048670472826269	0.2442436246595692	0.15139886110423373	0.09284476355533548	Control	ENSG00000120251	0.497152760584303	-0.1490151031487379	FALSE	12	GRIA2	GRIA2
ENSG00000134376	3	3	0	-0.03048670472826269	0.2442436246595692	0.15139886110423373	0.09284476355533548	Control	ENSG00000134376	0.497152760584303	0.10121923872242888	FALSE	12	CRB1	CRB1
ENSG00000088808	3	3	0	-0.03048670472826269	0.2442436246595692	0.15139886110423373	0.09284476355533548	Control	ENSG00000088808	0.497152760584303	-0.05732609964486279	FALSE	12	PPP1R13B	PPP1R13B
ENSG00000119782	3	3	0	-0.03048670472826269	0.2442436246595692	0.15139886110423373	0.09284476355533548	Control	ENSG00000119782	0.497152760584303	-0.1380610374270912	FALSE	12	FKBP1B	FKBP1B
ENSG00000135929	3	3	0	-0.03048670472826269	0.2442436246595692	0.15139886110423373	0.09284476355533548	Control	ENSG00000135929	0.497152760584303	0.07356486898781789	FALSE	12	CYP27A1	CYP27A1
ENSG00000115652	3	3	0	-0.03048670472826269	0.2442436246595692	0.15139886110423373	0.09284476355533548	Control	ENSG00000115652	0.497152760584303	-0.0772994520281376	FALSE	12	UXS1	UXS1
ENSG00000183283	3	3	0	-0.03048670472826269	0.2442436246595692	0.15139886110423373	0.09284476355533548	Control	ENSG00000183283	0.497152760584303	-0.06807999839083934	FALSE	12	DAZAP2	DAZAP2
ENSG00000110274	3	3	0	-0.03048670472826269	0.2442436246595692	0.15139886110423373	0.09284476355533548	Control	ENSG00000110274	0.497152760584303	0.04532604690271924	FALSE	12	CEP164	CEP164
ENSG00000072071	3	3	0	-0.03048670472826269	0.2442436246595692	0.15139886110423373	0.09284476355533548	Control	ENSG00000072071	0.497152760584303	0.03113629670569828	FALSE	12	ADGRL1	ADGRL1
ENSG00000171509	3	3	0	-0.03048670472826269	0.2442436246595692	0.15139886110423373	0.09284476355533548	Control	ENSG00000171509	0.497152760584303	-0.18607371231173975	FALSE	12	RXFP1	RXFP1
ENSG00000273066	3	3	0	-0.03048670472826269	0.2442436246595692	0.15139886110423373	0.09284476355533548	Control	ENSG00000273066	0.497152760584303	0.0957532907550558	FALSE	12	NA	ENSG00000273066
ENSG00000136098	3	3	0	-0.03048670472826269	0.2442436246595692	0.15139886110423373	0.09284476355533548	Control	ENSG00000136098	0.497152760584303	0.12785694224774957	FALSE	12	NEK3	NEK3
ENSG00000152404	3	3	0	-0.03048670472826269	0.2442436246595692	0.15139886110423373	0.09284476355533548	Control	ENSG00000152404	0.497152760584303	0.13132745836701076	FALSE	12	CWF19L2	CWF19L2
ENSG00000130684	3	3	0	-0.03048670472826269	0.2442436246595692	0.15139886110423373	0.09284476355533548	Control	ENSG00000130684	0.497152760584303	-0.01084494403702684	FALSE	12	ZNF337	ZNF337
ENSG00000033327	3	3	0	-0.03048670472826269	0.2442436246595692	0.15139886110423373	0.09284476355533548	Control	ENSG00000033327	0.497152760584303	0.19394678207303784	FALSE	12	GAB2	GAB2
ENSG00000072778	3	3	0	-0.03048670472826269	0.2442436246595692	0.15139886110423373	0.09284476355533548	Control	ENSG00000072778	0.497152760584303	0.10364413560668596	FALSE	12	ACADVL	ACADVL
ENSG00000227640	3	3	0	-0.03048670472826269	0.2442436246595692	0.15139886110423373	0.09284476355533548	Control	ENSG00000227640	0.497152760584303	0.15329956320433968	FALSE	12	SOX21-AS1	SOX21-AS1
ENSG00000182173	3	3	0	-0.03048670472826269	0.2442436246595692	0.15139886110423373	0.09284476355533548	Control	ENSG00000182173	0.497152760584303	0.09637014814882504	FALSE	12	TSEN54	TSEN54
ENSG00000008056	132	70	62	0.8086449313062603	0.7740777420153503	0.6812329784600148	0.09284476355533544	AD	ENSG00000008056	0.49393414211438474	-0.1881656286994886	FALSE	12	SYN1	SYN1
ENSG00000121753	98	206	-108	-1.492199877175496	0.7394156969546918	0.8320128744738797	-0.09259717751918796	Control	ENSG00000121753	0.4936865560782372	-0.14043223652617698	FALSE	12	ADGRB2	ADGRB2
ENSG00000133318	432	211	221	2.9606115462980203	0.9273334983906908	0.8351076999257242	0.0922257984649666	AD	ENSG00000133318	0.49343897004208964	-0.31166378064656364	FALSE	12	RTN3	RTN3
ENSG00000107282	171	311	-140	-1.9253000764191208	0.8021787571180985	0.8942807625649913	-0.09210200544689284	Control	ENSG00000107282	0.4931913840059421	-0.1430211645642121	FALSE	12	APBA1	APBA1
ENSG00000145794	2	7	-5	-0.09815861086007906	0.18209952958653133	0.2742015350334241	-0.09210200544689276	Control	ENSG00000145794	0.4915820747709829	0.17263797415354354	FALSE	12	MEGF10	MEGF10
ENSG00000255136	2	7	-5	-0.09815861086007906	0.18209952958653133	0.2742015350334241	-0.09210200544689276	Control	ENSG00000255136	0.4915820747709829	-0.3311859840594442	FALSE	12	TPBGL-AS1	TPBGL-AS1
ENSG00000143641	2	7	-5	-0.09815861086007906	0.18209952958653133	0.2742015350334241	-0.09210200544689276	Control	ENSG00000143641	0.4915820747709829	-0.08276280608320974	FALSE	12	GALNT2	GALNT2
ENSG00000127419	2	7	-5	-0.09815861086007906	0.18209952958653133	0.2742015350334241	-0.09210200544689276	Control	ENSG00000127419	0.4915820747709829	-0.09098977505011165	FALSE	12	TMEM175	TMEM175
ENSG00000077147	2	7	-5	-0.09815861086007906	0.18209952958653133	0.2742015350334241	-0.09210200544689276	Control	ENSG00000077147	0.4915820747709829	-0.0465561935174108	FALSE	12	TM9SF3	TM9SF3
ENSG00000155034	2	7	-5	-0.09815861086007906	0.18209952958653133	0.2742015350334241	-0.09210200544689276	Control	ENSG00000155034	0.4915820747709829	0.01200367252824996	FALSE	12	FBXL18	FBXL18
ENSG00000179818	2	7	-5	-0.09815861086007906	0.18209952958653133	0.2742015350334241	-0.09210200544689276	Control	ENSG00000179818	0.4915820747709829	0.13810219394657786	FALSE	12	PCBP1-AS1	PCBP1-AS1
ENSG00000171208	2	7	-5	-0.09815861086007906	0.18209952958653133	0.2742015350334241	-0.09210200544689276	Control	ENSG00000171208	0.4915820747709829	-0.11445862987933708	FALSE	12	NETO2	NETO2
ENSG00000151702	2	7	-5	-0.09815861086007906	0.18209952958653133	0.2742015350334241	-0.09210200544689276	Control	ENSG00000151702	0.4915820747709829	0.11701532939129056	FALSE	12	FLI1	FLI1
ENSG00000139436	2	7	-5	-0.09815861086007906	0.18209952958653133	0.2742015350334241	-0.09210200544689276	Control	ENSG00000139436	0.4915820747709829	-0.03788240125833653	FALSE	12	GIT2	GIT2
ENSG00000196664	2	7	-5	-0.09815861086007906	0.18209952958653133	0.2742015350334241	-0.09210200544689276	Control	ENSG00000196664	0.4915820747709829	0.17238486934640385	FALSE	12	TLR7	TLR7
ENSG00000073417	2	7	-5	-0.09815861086007906	0.18209952958653133	0.2742015350334241	-0.09210200544689276	Control	ENSG00000073417	0.4915820747709829	0.14252783612001174	FALSE	12	PDE8A	PDE8A
ENSG00000105143	86	51	35	0.44321663819445184	0.7261698440207972	0.6340678385739045	0.09210200544689272	AD	ENSG00000105143	0.48997276553602376	-0.18222329992466155	FALSE	12	SLC1A6	SLC1A6
ENSG00000102978	96	55	41	0.5244229255526315	0.7370636296112899	0.6454567962366923	0.09160683337459764	AD	ENSG00000102978	0.4897251794998762	-0.11531093243000969	FALSE	12	POLR2C	POLR2C
ENSG00000104447	81	50	31	0.38907911328899875	0.7217132953701412	0.630354048031691	0.09135924733845012	AD	ENSG00000104447	0.4891062144095073	0.2265418236040002	FALSE	12	TRPS1	TRPS1
ENSG00000136827	62	143	-81	-1.1267715840636876	0.6887843525625155	0.7801435999009656	-0.09135924733845012	Control	ENSG00000136827	0.4891062144095073	-0.12428836177835834	FALSE	12	TOR1A	TOR1A
ENSG00000173621	23	21	2	-0.00341794227553615	0.5565734092597178	0.4652141619212676	0.09135924733845012	AD	ENSG00000173621	0.4891062144095073	-0.04139296632052769	FALSE	12	LRFN4	LRFN4
ENSG00000134030	32	76	-44	-0.6259994786882467	0.6033671700916068	0.6947264174300569	-0.09135924733845012	Control	ENSG00000134030	0.4891062144095073	-0.01348627843824346	FALSE	12	CTIF	CTIF
ENSG00000082213	427	209	218	2.920008402618931	0.925476603119584	0.8342411487992077	0.09123545432037627	AD	ENSG00000082213	0.4884872493191384	-0.27564218627352943	FALSE	12	C5orf22	C5orf22
ENSG00000165914	134	261	-127	-1.749353120476398	0.7761822233226046	0.8670462985887596	-0.09086407526615504	Control	ENSG00000165914	0.4879920772468433	-0.06297943282472218	FALSE	12	TTC7B	TTC7B
ENSG00000151376	43	32	11	0.11839148876173328	0.6438474870017331	0.5529834117355781	0.09086407526615504	AD	ENSG00000151376	0.4879920772468433	-0.18847154333006344	FALSE	12	ME3	ME3
ENSG00000159409	43	32	11	0.11839148876173328	0.6438474870017331	0.5529834117355781	0.09086407526615504	AD	ENSG00000159409	0.4879920772468433	-0.12831366783508713	FALSE	12	CELF3	CELF3
ENSG00000175115	6	19	-13	-0.2064336606709853	0.35528596187175043	0.4461500371379054	-0.09086407526615498	Control	ENSG00000175115	0.48749690517454813	-0.00962775967198581	FALSE	12	PACS1	PACS1
ENSG00000119866	85	51	34	0.42968225696808854	0.7249319138400594	0.6340678385739045	0.09086407526615492	AD	ENSG00000119866	0.4872493191384006	-0.09131521683968737	FALSE	12	BCL11A	BCL11A
ENSG00000122733	254	447	-193	-2.642622281416374	0.8562763060163406	0.947016588264422	-0.09074028224808128	Control	ENSG00000122733	0.48700173310225303	-0.13519543601259265	FALSE	12	PHF24	PHF24
ENSG00000160972	30	25	5	0.03718520140355366	0.5963109680614014	0.505694478831394	0.09061648923000742	AD	ENSG00000160972	0.4867541470661055	-0.00366087652123958	FALSE	12	PPP1R16A	PPP1R16A
ENSG00000105887	3	10	-7	-0.12522737331280562	0.2442436246595692	0.33473632087150285	-0.09049269621193363	Control	ENSG00000105887	0.48601138895766277	-0.15376102026694838	FALSE	12	MTPN	MTPN
ENSG00000112561	3	10	-7	-0.12522737331280562	0.2442436246595692	0.33473632087150285	-0.09049269621193363	Control	ENSG00000112561	0.48601138895766277	0.2456105017047978	FALSE	12	TFEB	TFEB
ENSG00000156136	3	10	-7	-0.12522737331280562	0.2442436246595692	0.33473632087150285	-0.09049269621193363	Control	ENSG00000156136	0.48601138895766277	-0.14540921788629824	FALSE	12	DCK	DCK
ENSG00000225783	3	10	-7	-0.12522737331280562	0.2442436246595692	0.33473632087150285	-0.09049269621193363	Control	ENSG00000225783	0.48601138895766277	0.0881287896170857	FALSE	12	MIAT	MIAT
ENSG00000151239	3	10	-7	-0.12522737331280562	0.2442436246595692	0.33473632087150285	-0.09049269621193363	Control	ENSG00000151239	0.48601138895766277	0.09997506976815274	FALSE	12	TWF1	TWF1
ENSG00000179115	224	395	-171	-2.3448658944363823	0.8374597672691261	0.927704877444912	-0.09024511017578608	Control	ENSG00000179115	0.4852686308492201	-0.2038740627565492	FALSE	12	FARSA	FARSA
ENSG00000250497	24	58	-34	-0.4906556664246139	0.5630106461995543	0.6531319633572666	-0.09012131715771232	Control	ENSG00000250497	0.48489725179499876	-0.00761121683419729	FALSE	12	NA	ENSG00000250497
ENSG00000136521	258	127	131	1.742517235925326	0.8586283733597425	0.7685070562020302	0.09012131715771232	AD	ENSG00000136521	0.48489725179499876	-0.23111115390087633	FALSE	12	NDUFB5	NDUFB5
ENSG00000128654	78	49	29	0.3620103508362722	0.7166377816291161	0.6266402574894776	0.08999752413963846	AD	ENSG00000128654	0.4845258727407774	-0.14326239084667236	FALSE	12	MTX2	MTX2
ENSG00000109787	20	19	1	-0.01695232350189942	0.5360237682594702	0.4461500371379054	0.08987373112156477	AD	ENSG00000109787	0.48427828670462986	0.13847841529403482	FALSE	12	KLF3	KLF3
ENSG00000133424	169	302	-133	-1.830559407834578	0.8001980688289181	0.8900717999504828	-0.089873731121564715	Control	ENSG00000133424	0.4840307006684823	-0.11555282983237092	FALSE	12	LARGE1	LARGE1
ENSG00000166479	217	109	108	1.4312264677189708	0.8339935627630601	0.7442436246595692	0.08974993810349097	AD	ENSG00000166479	0.48365932161426095	-0.16124779106628218	FALSE	12	TMX3	TMX3
ENSG00000136878	29	70	-41	-0.5853963350091568	0.5914830403565239	0.6812329784600148	-0.08974993810349097	Control	ENSG00000136878	0.48365932161426095	-0.09563349542062304	FALSE	12	USP20	USP20
ENSG00000142655	67	153	-86	-1.194443490195504	0.6993067590987868	0.788932904184204	-0.08962614508541722	Control	ENSG00000142655	0.48316414954196585	-0.12756563503323193	FALSE	12	PEX14	PEX14
ENSG00000135070	212	370	-158	-2.16891893849366	0.8313939093835108	0.921020054468928	-0.08962614508541722	Control	ENSG00000135070	0.48316414954196585	-0.16005730285367292	FALSE	12	ISCA1	ISCA1
ENSG00000133985	248	433	-185	-2.534347231605468	0.8529338945283486	0.942436246595692	-0.08950235206734347	Control	ENSG00000133985	0.4826689774696707	-0.19386284767389483	FALSE	12	TTC9	TTC9
ENSG00000144331	87	185	-98	-1.3568560649118633	0.7275315672196088	0.8170339192869522	-0.08950235206734347	Control	ENSG00000144331	0.4826689774696707	-0.10962022239449708	FALSE	12	ZNF385B	ZNF385B
ENSG00000168878	18	44	-26	-0.38238061661370776	0.5199306759098787	0.6093092349591483	-0.08937855904926961	Control	ENSG00000168878	0.4820500123793018	0.00902190694455717	FALSE	12	SFTPB	SFTPB
ENSG00000163346	15	15	0	-0.03048670472826269	0.4961624164397128	0.4067838573904432	0.08937855904926961	Control	ENSG00000163346	0.4820500123793018	0.2605983560950822	FALSE	12	PBXIP1	PBXIP1
ENSG00000142507	15	15	0	-0.03048670472826269	0.4961624164397128	0.4067838573904432	0.08937855904926961	Control	ENSG00000142507	0.4820500123793018	-0.06375208180721081	FALSE	12	PSMB6	PSMB6
ENSG00000078902	231	406	-175	-2.3990034193418355	0.8430304530824462	0.932285219113642	-0.08925476603119586	Control	ENSG00000078902	0.4814310472889329	-0.15126248866363134	FALSE	12	TOLLIP	TOLLIP
ENSG00000198794	123	240	-117	-1.6140093082127656	0.7655360237682595	0.8547907897994553	-0.08925476603119586	Control	ENSG00000198794	0.4814310472889329	-0.10949463391061263	FALSE	12	SCAMP5	SCAMP5
ENSG00000100129	4	13	-9	-0.15229613576553216	0.2896756622926467	0.37880663530576875	-0.08913097301312206	Control	ENSG00000100129	0.48081208219856403	-0.13868901643435372	FALSE	12	EIF3L	EIF3L
ENSG00000131368	4	13	-9	-0.15229613576553216	0.2896756622926467	0.37880663530576875	-0.08913097301312206	Control	ENSG00000131368	0.48081208219856403	-0.08264309678704151	FALSE	12	MRPS25	MRPS25
ENSG00000143418	4	13	-9	-0.15229613576553216	0.2896756622926467	0.37880663530576875	-0.08913097301312206	Control	ENSG00000143418	0.48081208219856403	0.1312355877502025	FALSE	12	CERS2	CERS2
ENSG00000171222	25	60	-35	-0.5041900476509772	0.5692002971032434	0.6582074770982916	-0.08900717999504826	Control	ENSG00000171222	0.48031691012626887	-0.1936350893049372	FALSE	12	SCAND1	SCAND1
ENSG00000183826	28	68	-40	-0.5718619537827936	0.5865313196335726	0.6754147066105471	-0.08888338697697451	Control	ENSG00000183826	0.47969794503589996	-0.07692180071372867	FALSE	12	BTBD9	BTBD9
ENSG00000180370	28	68	-40	-0.5718619537827936	0.5865313196335726	0.6754147066105471	-0.08888338697697451	Control	ENSG00000180370	0.47969794503589996	0.11065673962987432	FALSE	12	PAK2	PAK2
ENSG00000100216	48	35	13	0.14546025121445982	0.6574647189898489	0.5685813320128744	0.08888338697697451	AD	ENSG00000100216	0.47969794503589996	-0.0892772640661228	FALSE	12	TOMM22	TOMM22
ENSG00000182195	61	135	-74	-1.0320309154791447	0.6866798712552612	0.7755632582322357	-0.08888338697697451	Control	ENSG00000182195	0.47969794503589996	-0.23034969279196105	FALSE	12	LDOC1	LDOC1
ENSG00000165238	180	314	-134	-1.844093789060941	0.8076256499133448	0.896137657836098	-0.08851200792275316	Control	ENSG00000165238	0.4789551869274573	-0.12783118707888086	FALSE	12	WNK2	WNK2
ENSG00000244627	19	46	-27	-0.39591499784007106	0.5283486011388958	0.616860609061649	-0.08851200792275316	Control	ENSG00000244627	0.4789551869274573	0.24270127229511915	FALSE	12	TPTEP2	TPTEP2
ENSG00000034053	210	359	-149	-2.04710950745639	0.8297846001485516	0.918172815053231	-0.08838821490467941	Control	ENSG00000034053	0.47858380787323596	-0.13833052119796818	FALSE	12	APBA2	APBA2
ENSG00000060749	21	20	1	-0.01695232350189942	0.5432037633077494	0.4548155484030701	0.08838821490467935	AD	ENSG00000060749	0.4783362218370884	0.0907930476354224	FALSE	12	QSER1	QSER1
ENSG00000111652	251	433	-182	-2.493744087926378	0.8542956177271602	0.942436246595692	-0.0881406288685318	Control	ENSG00000111652	0.47796484278286705	-0.22967888798387648	FALSE	12	COPS7A	COPS7A
ENSG00000116604	119	233	-114	-1.5734061645336757	0.7614508541718247	0.8495914830403565	-0.0881406288685318	Control	ENSG00000116604	0.47796484278286705	-0.11054582704034031	FALSE	12	MEF2D	MEF2D
ENSG00000155886	69	45	24	0.2943384447044558	0.7011636543698936	0.6132706115375093	0.0878930428323843	AD	ENSG00000155886	0.4775934637286457	-0.07362468089291596	FALSE	12	SLC24A2	SLC24A2
ENSG00000080822	12	13	-1	-0.04402108595462597	0.46595692002971034	0.37880663530576875	0.0871502847239416	Control	ENSG00000080822	0.47722208467442434	0.25445230730958457	FALSE	12	CLDND1	CLDND1
ENSG00000188582	12	13	-1	-0.04402108595462597	0.46595692002971034	0.37880663530576875	0.0871502847239416	Control	ENSG00000188582	0.47722208467442434	-0.20126323726581052	FALSE	12	PAQR9	PAQR9
ENSG00000172466	17	42	-25	-0.3688462353873445	0.5127506808615994	0.5996533795493935	-0.0869026986877941	Control	ENSG00000172466	0.47685070562020304	0.11493424938678842	FALSE	12	ZNF24	ZNF24
ENSG00000145012	24	22	2	-0.00341794227553615	0.5630106461995543	0.47623174052983414	0.08677890566972019	AD	ENSG00000145012	0.47660311958405543	0.21802867237673065	FALSE	12	LPP	LPP
ENSG00000100721	25	59	-34	-0.4906556664246139	0.5692002971032434	0.6558554097548899	-0.0866551126516465	Control	ENSG00000100721	0.4763555335479079	-0.04318968576037685	FALSE	12	TCL1A	TCL1A
ENSG00000144730	11	12	-1	-0.04402108595462597	0.45233968804159447	0.365684575389948	0.08665511265164644	Control	ENSG00000144730	0.4758603614756128	-0.02266674262365775	FALSE	12	IL17RD	IL17RD
ENSG00000066739	10	11	-1	-0.04402108595462597	0.437360732854667	0.35070562020302054	0.08665511265164644	Control	ENSG00000066739	0.4758603614756128	-0.06374867754754554	FALSE	12	ATG2B	ATG2B
ENSG00000163093	7	8	-1	-0.04402108595462597	0.3815300817033919	0.2948749690517455	0.08665511265164644	Control	ENSG00000163093	0.4758603614756128	-0.09134254646223816	FALSE	12	BBS5	BBS5
ENSG00000225523	52	114	-62	-0.8696183407627855	0.6666254023273087	0.7530329289428076	-0.08640752661549889	Control	ENSG00000225523	0.4752413963852439	0.01239742358492246	FALSE	12	IGKV6D-21	IGKV6D-21
ENSG00000126267	39	31	8	0.07778834508264348	0.632087150284724	0.5456796236692251	0.08640752661549889	AD	ENSG00000126267	0.4752413963852439	-0.12451523435591128	FALSE	12	COX6B1	COX6B1
ENSG00000261371	13	34	-21	-0.3147087104818914	0.47660311958405543	0.5628868531814806	-0.08628373359742514	Control	ENSG00000261371	0.4748700173310225	0.17560579666797338	FALSE	12	PECAM1	PECAM1
ENSG00000110700	9	10	-1	-0.04402108595462597	0.4207724684327804	0.33473632087150285	0.08603614756127753	Control	ENSG00000110700	0.47462243129487497	-0.00405009129616296	FALSE	12	RPS13	RPS13
ENSG00000005194	108	211	-103	-1.4245279710436798	0.7491953453825204	0.8351076999257242	-0.08591235454320378	Control	ENSG00000005194	0.4742510522406536	-0.14409997857452694	FALSE	12	CIAPIN1	CIAPIN1
ENSG00000154511	73	48	25	0.3078728259308191	0.709333993562763	0.6234216390195593	0.08591235454320378	AD	ENSG00000154511	0.4742510522406536	-0.1027429617144886	FALSE	12	DIPK1A	DIPK1A
ENSG00000166579	316	543	-227	-3.102791243112726	0.885986630354048	0.971775191879178	-0.08578856152513004	Control	ENSG00000166579	0.4737558801683585	-0.14469184750128328	FALSE	12	NDEL1	NDEL1
ENSG00000004961	218	370	-152	-2.08771265113548	0.835231492943798	0.921020054468928	-0.08578856152513004	Control	ENSG00000004961	0.4737558801683585	-0.12694760850442144	FALSE	12	HCCS	HCCS
ENSG00000153048	34	28	6	0.05071958262991694	0.6109185441941074	0.5251299826689775	0.08578856152512992	AD	ENSG00000153048	0.47338450111413716	0.35319366648127293	FALSE	12	CARHSP1	CARHSP1
ENSG00000091622	70	152	-82	-1.140305965290051	0.7026491705867789	0.7881901460757613	-0.08554097548898243	Control	ENSG00000091622	0.4730131220599158	-0.1418730559520771	FALSE	12	PITPNM3	PITPNM3
ENSG00000196586	24	56	-32	-0.46358690397188734	0.5630106461995543	0.6485516216885368	-0.08554097548898243	Control	ENSG00000196586	0.4730131220599158	0.07907401598914277	FALSE	12	MYO6	MYO6
ENSG00000114948	588	292	296	3.9756901382752656	0.9700420896261452	0.8847487001733102	0.08529338945283493	AD	ENSG00000114948	0.4726417430056945	-0.3063168016299862	FALSE	12	ADAM23	ADAM23
ENSG00000182870	67	147	-80	-1.1132372028373243	0.6993067590987868	0.7846001485516216	-0.08529338945283482	Control	ENSG00000182870	0.47214657093339935	-0.13831535803666206	FALSE	12	GALNT9	GALNT9
ENSG00000185737	22	21	1	-0.01695232350189942	0.5505075513741025	0.4652141619212676	0.08529338945283482	AD	ENSG00000185737	0.47214657093339935	-0.07009194627648085	FALSE	12	NRG3	NRG3
ENSG00000131067	22	21	1	-0.01695232350189942	0.5505075513741025	0.4652141619212676	0.08529338945283482	AD	ENSG00000131067	0.47214657093339935	-0.11767234173365893	FALSE	12	GGT7	GGT7
ENSG00000198492	170	90	80	1.052263793380799	0.8011884129735083	0.716142609556821	0.08504580341668733	AD	ENSG00000198492	0.47165139886110424	-0.09389272424232864	FALSE	12	YTHDF2	YTHDF2
ENSG00000142534	9	25	-16	-0.24703680435007505	0.4207724684327804	0.505694478831394	-0.08492201039861358	Control	ENSG00000142534	0.4714038128249567	0.06958839864934596	FALSE	12	RPS11	RPS11
ENSG00000165478	27	24	3	0.01011643895082711	0.5817033919286952	0.4969051745481554	0.08479821738053978	AD	ENSG00000165478	0.4711562267888091	0.07513121459085959	FALSE	12	HEPACAM	HEPACAM
ENSG00000114841	15	37	-22	-0.3282430917082547	0.4961624164397128	0.5809606338202525	-0.08479821738053972	Control	ENSG00000114841	0.47090864075266153	-0.09120261203730706	FALSE	12	DNAH1	DNAH1
ENSG00000099991	8	23	-15	-0.23350242312371175	0.4022035157217133	0.4866303540480317	-0.08442683832631837	Control	ENSG00000099991	0.47041346868036643	-0.04121050211366572	FALSE	12	CABIN1	CABIN1
ENSG00000175087	8	23	-15	-0.23350242312371175	0.4022035157217133	0.4866303540480317	-0.08442683832631837	Control	ENSG00000175087	0.47041346868036643	-0.08103876072892824	FALSE	12	PDIK1L	PDIK1L
ENSG00000130830	349	178	171	2.283892484979857	0.8963852438722456	0.8119584055459272	0.08442683832631837	AD	ENSG00000130830	0.47041346868036643	-0.1593742892780785	FALSE	12	MPP1	MPP1
ENSG00000198739	203	339	-136	-1.8711625515136676	0.8253280514978956	0.9096310968061402	-0.08430304530824462	Control	ENSG00000198739	0.46991829660807133	-0.1784781421239785	FALSE	12	LRRTM3	LRRTM3
ENSG00000257127	31	71	-40	-0.5718619537827936	0.6000247586036147	0.6842040108937856	-0.08417925229017087	Control	ENSG00000257127	0.46954691755385	0.00717823982175813	FALSE	12	CLLU1	CLLU1
ENSG00000162852	101	60	41	0.5244229255526315	0.7423867293884625	0.6582074770982916	0.08417925229017087	AD	ENSG00000162852	0.46954691755385	-0.03129103953768464	FALSE	12	CNST	CNST
ENSG00000133265	49	109	-60	-0.8425495783100589	0.6600643723693984	0.7442436246595692	-0.08417925229017076	Control	ENSG00000133265	0.4691755384996286	-0.20888266225291652	FALSE	12	HSPBP1	HSPBP1
ENSG00000177383	126	236	-110	-1.519268639628223	0.7681356771478088	0.852191136419906	-0.08405545927209712	Control	ENSG00000177383	0.46892795246348107	-0.2088020243434876	FALSE	12	MAGEF1	MAGEF1
ENSG00000225275	52	112	-60	-0.8425495783100589	0.6666254023273087	0.7504332755632582	-0.08380787323594951	Control	ENSG00000225275	0.4686803664273335	0.03378733910130793	FALSE	12	NUP210P2	NUP210P2
ENSG00000173898	204	340	-136	-1.8711625515136676	0.8264421886605595	0.9101262688784352	-0.08368408021787577	Control	ENSG00000173898	0.4684327803911859	-0.19508336183605124	FALSE	12	SPTBN2	SPTBN2
ENSG00000124217	7	21	-14	-0.21996804189734853	0.3815300817033919	0.4652141619212676	-0.08368408021787571	Control	ENSG00000124217	0.46818519435503836	-0.12997022169159678	FALSE	12	MOCS3	MOCS3
ENSG00000135709	285	477	-192	-2.6290879001900107	0.8721218123297846	0.9556820995295864	-0.08356028719980191	Control	ENSG00000135709	0.4679376083188908	-0.2061468038559724	FALSE	12	KIAA0513	KIAA0513
ENSG00000185787	75	161	-86	-1.194443490195504	0.7126764050507551	0.7961128992324833	-0.08343649418172816	Control	ENSG00000185787	0.46756622926466945	-0.094604286409659	FALSE	12	MORF4L1	MORF4L1
ENSG00000075043	106	204	-98	-1.3568560649118633	0.7475860361475613	0.8310225303292894	-0.08343649418172816	Control	ENSG00000075043	0.46756622926466945	-0.1458213959385848	FALSE	12	KCNQ2	KCNQ2
ENSG00000167986	23	53	-30	-0.4365181415191608	0.5565734092597178	0.6396385243872246	-0.0830651151275068	Control	ENSG00000167986	0.46719485021044815	-0.16225334096610666	FALSE	12	DDB1	DDB1
ENSG00000230342	47	105	-58	-0.8154808158573325	0.6548650656102996	0.7376825947016589	-0.08281752909135931	Control	ENSG00000230342	0.4668234711562268	0.03704486913894556	FALSE	12	FANCD2P2	FANCD2P2
ENSG00000172023	18	18	0	-0.03048670472826269	0.5199306759098787	0.4371131468185194	0.08281752909135931	Control	ENSG00000172023	0.4668234711562268	-0.01376755845498678	FALSE	12	REG1B	REG1B
ENSG00000175352	127	72	55	0.7139042627217173	0.7692498143104729	0.6865560782371875	0.08269373607328545	AD	ENSG00000175352	0.46645209210200544	-0.25795794262124083	FALSE	12	NRIP3	NRIP3
ENSG00000135334	14	35	-21	-0.3147087104818914	0.4860113889576628	0.5685813320128744	-0.08256994305521165	Control	ENSG00000135334	0.4662045060658579	-0.1557362701131204	FALSE	12	AKIRIN2	AKIRIN2
ENSG00000075391	99	60	39	0.49735416309990493	0.7406536271354296	0.6582074770982916	0.08244615003713796	AD	ENSG00000075391	0.46583312701163654	-0.09799249858757086	FALSE	12	RASAL2	RASAL2
ENSG00000144406	194	104	90	1.1876076056444318	0.8186432285219114	0.7361970784847734	0.08244615003713796	AD	ENSG00000144406	0.46583312701163654	-0.1820107748365576	FALSE	12	UNC80	UNC80
ENSG00000184117	116	218	-102	-1.4109935898173165	0.7579846496657588	0.8403070066848229	-0.0823223570190641	Control	ENSG00000184117	0.4654617479574152	-0.22793323586416925	FALSE	12	NIPSNAP1	NIPSNAP1
ENSG00000100427	19	19	0	-0.03048670472826269	0.5283486011388958	0.4461500371379054	0.0821985640009904	Control	ENSG00000100427	0.46521416192126763	0.01496328689668935	FALSE	12	MLC1	MLC1
ENSG00000221288	28	65	-37	-0.5312588101037037	0.5865313196335726	0.668729883634563	-0.08219856400099035	Control	ENSG00000221288	0.46471898984897253	-0.00281986219659868	FALSE	12	MIR663B	MIR663B
ENSG00000123562	405	212	193	2.5816488719598487	0.918172815053231	0.8359742510522407	0.08219856400099035	AD	ENSG00000123562	0.46471898984897253	-0.18289477916500196	FALSE	12	MORF4L2	MORF4L2
ENSG00000134590	172	93	79	1.038729412154436	0.803045308244615	0.7208467442436246	0.08219856400099035	AD	ENSG00000134590	0.46471898984897253	-0.2704427345670801	FALSE	12	RTL8C	RTL8C
ENSG00000186908	208	110	98	1.295882655455338	0.8282990839316663	0.7462243129487497	0.0820747709829166	AD	ENSG00000186908	0.46360485268630847	-0.0925745423633959	FALSE	12	ZDHHC17	ZDHHC17
ENSG00000179950	5	15	-10	-0.16583051699189544	0.3247090864075266	0.4067838573904432	-0.0820747709829166	Control	ENSG00000179950	0.46360485268630847	-0.08387296668295718	FALSE	12	PUF60	PUF60
ENSG00000178922	5	15	-10	-0.16583051699189544	0.3247090864075266	0.4067838573904432	-0.0820747709829166	Control	ENSG00000178922	0.46360485268630847	0.18202543211611655	FALSE	12	HYI	HYI
ENSG00000197774	5	15	-10	-0.16583051699189544	0.3247090864075266	0.4067838573904432	-0.0820747709829166	Control	ENSG00000197774	0.46360485268630847	0.01522201461967576	FALSE	12	EME2	EME2
ENSG00000183206	5	15	-10	-0.16583051699189544	0.3247090864075266	0.4067838573904432	-0.0820747709829166	Control	ENSG00000183206	0.46360485268630847	-0.06577002260353293	FALSE	12	POTEC	POTEC
ENSG00000100823	5	15	-10	-0.16583051699189544	0.3247090864075266	0.4067838573904432	-0.0820747709829166	Control	ENSG00000100823	0.46360485268630847	-0.11258366951674148	FALSE	12	APEX1	APEX1
ENSG00000101365	103	198	-95	-1.3162529212327736	0.7437484525872741	0.8255756375340431	-0.081827184946769	Control	ENSG00000101365	0.4623669225055707	-0.11914818111194948	FALSE	12	IDH3B	IDH3B
ENSG00000175662	6	18	-12	-0.192899279444622	0.35528596187175043	0.4371131468185194	-0.081827184946769	Control	ENSG00000175662	0.4623669225055707	-0.07893023130692711	FALSE	12	TOM1L2	TOM1L2
ENSG00000167524	6	18	-12	-0.192899279444622	0.35528596187175043	0.4371131468185194	-0.081827184946769	Control	ENSG00000167524	0.4623669225055707	0.03839722991457428	FALSE	12	RSKR	RSKR
ENSG00000130255	6	18	-12	-0.192899279444622	0.35528596187175043	0.4371131468185194	-0.081827184946769	Control	ENSG00000130255	0.4623669225055707	-0.03026567672088376	FALSE	12	RPL36	RPL36
ENSG00000114541	20	20	0	-0.03048670472826269	0.5360237682594702	0.4548155484030701	0.08120821985640009	Control	ENSG00000114541	0.4617479574152018	0.2631578823008258	FALSE	12	FRMD4B	FRMD4B
ENSG00000170759	6	7	-1	-0.04402108595462597	0.35528596187175043	0.2742015350334241	0.08108442683832634	Control	ENSG00000170759	0.4610051993067591	0.6746738313676772	TRUE	13	KIF5B	KIF5B
ENSG00000080815	6	7	-1	-0.04402108595462597	0.35528596187175043	0.2742015350334241	0.08108442683832634	Control	ENSG00000080815	0.4610051993067591	0.07510062393282446	FALSE	13	PSEN1	PSEN1
ENSG00000241468	6	7	-1	-0.04402108595462597	0.35528596187175043	0.2742015350334241	0.08108442683832634	Control	ENSG00000241468	0.4610051993067591	-0.05698319735499169	FALSE	13	ATP5MF	ATP5MF
ENSG00000104140	6	7	-1	-0.04402108595462597	0.35528596187175043	0.2742015350334241	0.08108442683832634	Control	ENSG00000104140	0.4610051993067591	-0.35524411045456805	FALSE	13	RHOV	RHOV
ENSG00000232119	6	7	-1	-0.04402108595462597	0.35528596187175043	0.2742015350334241	0.08108442683832634	Control	ENSG00000232119	0.4610051993067591	-0.09752561855273356	FALSE	13	MCTS1	MCTS1
ENSG00000107954	62	129	-67	-0.937290246894602	0.6887843525625155	0.7698687794008418	-0.08108442683832628	Control	ENSG00000107954	0.46026244119831644	-0.09093008488189902	FALSE	13	NEURL1	NEURL1
ENSG00000102878	10	27	-17	-0.2605711855764383	0.437360732854667	0.5183213666749196	-0.08096063382025259	Control	ENSG00000102878	0.46001485516216883	0.05301524413882852	FALSE	13	HSF4	HSF4
ENSG00000117016	164	280	-116	-1.6004749269864025	0.7967318643228521	0.8775687051250309	-0.08083684080217879	Control	ENSG00000117016	0.45964347610794754	-0.20097717100663637	FALSE	13	RIMS3	RIMS3
ENSG00000123545	160	273	-113	-1.5598717833073124	0.7936370388710077	0.8744738796731865	-0.08083684080217879	Control	ENSG00000123545	0.45964347610794754	-0.1489951425615068	FALSE	13	NDUFAF4	NDUFAF4
ENSG00000163577	397	208	189	2.527511347054396	0.9140876454567962	0.8333745976726913	0.08071304778410493	AD	ENSG00000163577	0.45902451101757863	-0.27082523728373253	FALSE	13	EIF5A2	EIF5A2
ENSG00000115762	295	161	134	1.7831203796044155	0.8768259470165882	0.7961128992324833	0.08071304778410493	AD	ENSG00000115762	0.45902451101757863	-0.20177595240211588	FALSE	13	PLEKHB2	PLEKHB2
ENSG00000077254	167	91	76	0.998126268475346	0.7983411735578113	0.7176281257737064	0.08071304778410493	AD	ENSG00000077254	0.45902451101757863	-0.12121863030225732	FALSE	13	USP33	USP33
ENSG00000164715	253	415	-162	-2.223056463399113	0.855533547907898	0.9361228026739292	-0.08058925476603118	Control	ENSG00000164715	0.45852933894528347	-0.16322145135008093	FALSE	13	LMTK2	LMTK2
ENSG00000206579	66	46	20	0.2402009197990027	0.6973260708096063	0.616860609061649	0.08046546174795732	AD	ENSG00000206579	0.4582817529091359	-0.17120350097393278	FALSE	13	XKR4	XKR4
ENSG00000168875	54	113	-59	-0.8290151970836958	0.6717009160683337	0.7520425847982174	-0.08034166872988369	Control	ENSG00000168875	0.45803416687298837	-0.00852300128301042	FALSE	13	SOX14	SOX14
ENSG00000177875	493	251	242	3.244833552051649	0.9421886605595444	0.8618469918296608	0.08034166872988358	AD	ENSG00000177875	0.45753899480069327	-0.35121767748470845	FALSE	13	CCDC184	CCDC184
ENSG00000130226	118	218	-100	-1.38392482736459	0.7599653379549394	0.8403070066848229	-0.08034166872988358	Control	ENSG00000130226	0.45753899480069327	-0.2206732380388896	FALSE	13	DPP6	DPP6
ENSG00000246363	74	50	24	0.2943384447044558	0.7106957167615746	0.630354048031691	0.08034166872988358	AD	ENSG00000246363	0.45753899480069327	-0.4581529899245061	FALSE	13	LINC02458	LINC02458
ENSG00000143653	88	56	32	0.402613494515362	0.7287694974003466	0.6485516216885368	0.08021787571180983	AD	ENSG00000143653	0.4570438227283981	-0.1567023474362017	FALSE	13	SCCPDH	SCCPDH
ENSG00000162618	11	29	-18	-0.2741055668028016	0.45233968804159447	0.5324337707353305	-0.08009408269373602	Control	ENSG00000162618	0.45679623669225056	0.16399285636359728	FALSE	13	ADGRL4	ADGRL4
ENSG00000124313	195	321	-126	-1.735818739250035	0.8201287447387967	0.8999752413963853	-0.07984649665758858	Control	ENSG00000124313	0.456548650656103	-0.10522287244075557	FALSE	13	IQSEC2	IQSEC2
ENSG00000172209	550	283	267	3.583193082710731	0.9586531319633572	0.8789304283238425	0.07972270363951472	AD	ENSG00000172209	0.45630106461995545	-0.23902997804916384	FALSE	13	GPR22	GPR22
ENSG00000109519	146	82	64	0.8357136937589867	0.7839811834612528	0.7043822728398118	0.07959891062144098	AD	ENSG00000109519	0.45605347858380785	-0.10340922220059312	FALSE	13	GRPEL1	GRPEL1
ENSG00000150760	62	44	18	0.2131321573462762	0.6887843525625155	0.6093092349591483	0.07947511760336712	AD	ENSG00000150760	0.45555830651151275	0.23566550827175448	FALSE	13	DOCK1	DOCK1
ENSG00000186479	127	232	-105	-1.4515967334964062	0.7692498143104729	0.84872493191384	-0.07947511760336712	Control	ENSG00000186479	0.45555830651151275	-0.261849052838377	FALSE	13	RGS7BP	RGS7BP
ENSG00000139132	47	36	11	0.11839148876173328	0.6548650656102996	0.5753899480069324	0.07947511760336712	AD	ENSG00000139132	0.45555830651151275	0.1353093737530191	FALSE	13	FGD4	FGD4
ENSG00000171126	113	68	45	0.5785604504580846	0.7546422381777668	0.6754147066105471	0.07922753156721962	AD	ENSG00000171126	0.45493934142114384	-0.23578715824678564	FALSE	13	KCNG3	KCNG3
ENSG00000140262	59	43	16	0.18606339489354964	0.6835850458034167	0.6043575142361971	0.07922753156721962	AD	ENSG00000140262	0.45493934142114384	0.179235011793498	FALSE	13	TCF12	TCF12
ENSG00000086504	14	15	-1	-0.04402108595462597	0.4860113889576628	0.4067838573904432	0.07922753156721957	Control	ENSG00000086504	0.4545679623669225	-0.10345730910554352	FALSE	13	MRPL28	MRPL28
ENSG00000174516	259	421	-162	-2.223056463399113	0.8591235454320376	0.9381034909631096	-0.07897994553107202	Control	ENSG00000174516	0.45432037633077493	-0.13740989233558132	FALSE	13	PELI3	PELI3
ENSG00000122786	26	24	2	-0.00341794227553615	0.5757613270611538	0.4969051745481554	0.07885615251299832	AD	ENSG00000122786	0.4540727902946274	0.24471021608670895	FALSE	13	CALD1	CALD1
ENSG00000138834	120	219	-99	-1.3703904461382266	0.762441198316415	0.8412973508294133	-0.07885615251299827	Control	ENSG00000138834	0.453701411240406	-0.17883320263764624	FALSE	13	MAPK8IP3	MAPK8IP3
ENSG00000196353	129	75	54	0.7003698814953541	0.7709829165635058	0.6921267640505075	0.07885615251299827	AD	ENSG00000196353	0.453701411240406	-0.1954629458868702	FALSE	13	CPNE4	CPNE4
ENSG00000114738	1	3	-2	-0.057555467180989237	0.07279029462738301	0.15139886110423373	-0.07860856647685072	Control	ENSG00000114738	0.4467690022282743	0.1275789491846595	FALSE	13	MAPKAPK3	MAPKAPK3
ENSG00000116001	1	3	-2	-0.057555467180989237	0.07279029462738301	0.15139886110423373	-0.07860856647685072	Control	ENSG00000116001	0.4467690022282743	0.02663861667811495	FALSE	13	TIA1	TIA1
ENSG00000138411	1	3	-2	-0.057555467180989237	0.07279029462738301	0.15139886110423373	-0.07860856647685072	Control	ENSG00000138411	0.4467690022282743	-0.05753452295092742	FALSE	13	HECW2	HECW2
ENSG00000168002	1	3	-2	-0.057555467180989237	0.07279029462738301	0.15139886110423373	-0.07860856647685072	Control	ENSG00000168002	0.4467690022282743	-0.09937879066787936	FALSE	13	POLR2G	POLR2G
ENSG00000187605	1	3	-2	-0.057555467180989237	0.07279029462738301	0.15139886110423373	-0.07860856647685072	Control	ENSG00000187605	0.4467690022282743	-0.0116329618408848	FALSE	13	TET3	TET3
ENSG00000181218	1	3	-2	-0.057555467180989237	0.07279029462738301	0.15139886110423373	-0.07860856647685072	Control	ENSG00000181218	0.4467690022282743	-0.16733231598950038	FALSE	13	H2AC25	H2AC25
ENSG00000155256	1	3	-2	-0.057555467180989237	0.07279029462738301	0.15139886110423373	-0.07860856647685072	Control	ENSG00000155256	0.4467690022282743	-0.107601729260546	FALSE	13	ZFYVE27	ZFYVE27
ENSG00000102934	1	3	-2	-0.057555467180989237	0.07279029462738301	0.15139886110423373	-0.07860856647685072	Control	ENSG00000102934	0.4467690022282743	-0.02020712446848804	FALSE	13	PLLP	PLLP
ENSG00000149633	1	3	-2	-0.057555467180989237	0.07279029462738301	0.15139886110423373	-0.07860856647685072	Control	ENSG00000149633	0.4467690022282743	0.1428818196286219	FALSE	13	KIAA1755	KIAA1755
ENSG00000178951	1	3	-2	-0.057555467180989237	0.07279029462738301	0.15139886110423373	-0.07860856647685072	Control	ENSG00000178951	0.4467690022282743	-3.216226369797681e-4	FALSE	13	ZBTB7A	ZBTB7A
ENSG00000140406	1	3	-2	-0.057555467180989237	0.07279029462738301	0.15139886110423373	-0.07860856647685072	Control	ENSG00000140406	0.4467690022282743	-0.17371405293336117	FALSE	13	TLNRD1	TLNRD1
ENSG00000189423	1	3	-2	-0.057555467180989237	0.07279029462738301	0.15139886110423373	-0.07860856647685072	Control	ENSG00000189423	0.4467690022282743	0.1352096314056741	FALSE	13	USP32P3	USP32P3
ENSG00000075292	1	3	-2	-0.057555467180989237	0.07279029462738301	0.15139886110423373	-0.07860856647685072	Control	ENSG00000075292	0.4467690022282743	0.05085385194589342	FALSE	13	ZNF638	ZNF638
ENSG00000171680	1	3	-2	-0.057555467180989237	0.07279029462738301	0.15139886110423373	-0.07860856647685072	Control	ENSG00000171680	0.4467690022282743	-0.10816989223830298	FALSE	13	PLEKHG5	PLEKHG5
ENSG00000180263	1	3	-2	-0.057555467180989237	0.07279029462738301	0.15139886110423373	-0.07860856647685072	Control	ENSG00000180263	0.4467690022282743	0.07475037623398073	FALSE	13	FGD6	FGD6
ENSG00000148248	1	3	-2	-0.057555467180989237	0.07279029462738301	0.15139886110423373	-0.07860856647685072	Control	ENSG00000148248	0.4467690022282743	-0.0646483587297002	FALSE	13	SURF4	SURF4
ENSG00000008988	1	3	-2	-0.057555467180989237	0.07279029462738301	0.15139886110423373	-0.07860856647685072	Control	ENSG00000008988	0.4467690022282743	0.02330139229763794	FALSE	13	RPS20	RPS20
ENSG00000130962	1	3	-2	-0.057555467180989237	0.07279029462738301	0.15139886110423373	-0.07860856647685072	Control	ENSG00000130962	0.4467690022282743	0.11243183531018452	FALSE	13	PRRG1	PRRG1
ENSG00000165633	1	3	-2	-0.057555467180989237	0.07279029462738301	0.15139886110423373	-0.07860856647685072	Control	ENSG00000165633	0.4467690022282743	0.14508144902298525	FALSE	13	VSTM4	VSTM4
ENSG00000196367	1	3	-2	-0.057555467180989237	0.07279029462738301	0.15139886110423373	-0.07860856647685072	Control	ENSG00000196367	0.4467690022282743	0.04252786372185468	FALSE	13	TRRAP	TRRAP
ENSG00000132357	1	3	-2	-0.057555467180989237	0.07279029462738301	0.15139886110423373	-0.07860856647685072	Control	ENSG00000132357	0.4467690022282743	0.28515283064456565	FALSE	13	CARD6	CARD6
ENSG00000058453	1	3	-2	-0.057555467180989237	0.07279029462738301	0.15139886110423373	-0.07860856647685072	Control	ENSG00000058453	0.4467690022282743	0.09865890853243008	FALSE	13	CROCC	CROCC
ENSG00000196663	1	3	-2	-0.057555467180989237	0.07279029462738301	0.15139886110423373	-0.07860856647685072	Control	ENSG00000196663	0.4467690022282743	-0.04673924953931774	FALSE	13	TECPR2	TECPR2
ENSG00000167283	1	3	-2	-0.057555467180989237	0.07279029462738301	0.15139886110423373	-0.07860856647685072	Control	ENSG00000167283	0.4467690022282743	-0.09291345601391932	FALSE	13	ATP5MG	ATP5MG
ENSG00000221946	1	3	-2	-0.057555467180989237	0.07279029462738301	0.15139886110423373	-0.07860856647685072	Control	ENSG00000221946	0.4467690022282743	-0.18090680251735236	FALSE	13	FXYD7	FXYD7
ENSG00000169217	1	3	-2	-0.057555467180989237	0.07279029462738301	0.15139886110423373	-0.07860856647685072	Control	ENSG00000169217	0.4467690022282743	-0.00716610500197312	FALSE	13	CD2BP2	CD2BP2
ENSG00000161551	1	3	-2	-0.057555467180989237	0.07279029462738301	0.15139886110423373	-0.07860856647685072	Control	ENSG00000161551	0.4467690022282743	0.19432081249350297	FALSE	13	ZNF577	ZNF577
ENSG00000169313	1	3	-2	-0.057555467180989237	0.07279029462738301	0.15139886110423373	-0.07860856647685072	Control	ENSG00000169313	0.4467690022282743	-0.368670158695517	FALSE	13	P2RY12	P2RY12
ENSG00000171903	1	3	-2	-0.057555467180989237	0.07279029462738301	0.15139886110423373	-0.07860856647685072	Control	ENSG00000171903	0.4467690022282743	-0.24658876373691996	FALSE	13	CYP4F11	CYP4F11
ENSG00000076928	1	3	-2	-0.057555467180989237	0.07279029462738301	0.15139886110423373	-0.07860856647685072	Control	ENSG00000076928	0.4467690022282743	0.118207898899076	FALSE	13	ARHGEF1	ARHGEF1
ENSG00000099795	1	3	-2	-0.057555467180989237	0.07279029462738301	0.15139886110423373	-0.07860856647685072	Control	ENSG00000099795	0.4467690022282743	-0.15741872212489838	FALSE	13	NDUFB7	NDUFB7
ENSG00000198089	1	3	-2	-0.057555467180989237	0.07279029462738301	0.15139886110423373	-0.07860856647685072	Control	ENSG00000198089	0.4467690022282743	0.0941698223225984	FALSE	13	SFI1	SFI1
ENSG00000103091	1	3	-2	-0.057555467180989237	0.07279029462738301	0.15139886110423373	-0.07860856647685072	Control	ENSG00000103091	0.4467690022282743	0.12115530823642118	FALSE	13	WDR59	WDR59
ENSG00000226555	1	3	-2	-0.057555467180989237	0.07279029462738301	0.15139886110423373	-0.07860856647685072	Control	ENSG00000226555	0.4467690022282743	-0.01502261144613514	FALSE	13	AGKP1	AGKP1
ENSG00000166862	1	3	-2	-0.057555467180989237	0.07279029462738301	0.15139886110423373	-0.07860856647685072	Control	ENSG00000166862	0.4467690022282743	-0.0298420320603121	FALSE	13	CACNG2	CACNG2
ENSG00000065320	1	3	-2	-0.057555467180989237	0.07279029462738301	0.15139886110423373	-0.07860856647685072	Control	ENSG00000065320	0.4467690022282743	0.00856837498235396	FALSE	13	NTN1	NTN1
ENSG00000156042	1	3	-2	-0.057555467180989237	0.07279029462738301	0.15139886110423373	-0.07860856647685072	Control	ENSG00000156042	0.4467690022282743	0.13019785807580853	FALSE	13	CFAP70	CFAP70
ENSG00000166091	1	3	-2	-0.057555467180989237	0.07279029462738301	0.15139886110423373	-0.07860856647685072	Control	ENSG00000166091	0.4467690022282743	-0.16468126604528877	FALSE	13	CMTM5	CMTM5
ENSG00000105552	1	3	-2	-0.057555467180989237	0.07279029462738301	0.15139886110423373	-0.07860856647685072	Control	ENSG00000105552	0.4467690022282743	0.1676911786261428	FALSE	13	BCAT2	BCAT2
ENSG00000106991	1	3	-2	-0.057555467180989237	0.07279029462738301	0.15139886110423373	-0.07860856647685072	Control	ENSG00000106991	0.4467690022282743	0.07055497323242754	FALSE	13	ENG	ENG
ENSG00000179241	1	3	-2	-0.057555467180989237	0.07279029462738301	0.15139886110423373	-0.07860856647685072	Control	ENSG00000179241	0.4467690022282743	0.1715225219495604	FALSE	13	LDLRAD3	LDLRAD3
ENSG00000064607	1	3	-2	-0.057555467180989237	0.07279029462738301	0.15139886110423373	-0.07860856647685072	Control	ENSG00000064607	0.4467690022282743	-0.02119592899563649	FALSE	13	SUGP2	SUGP2
ENSG00000140575	1	3	-2	-0.057555467180989237	0.07279029462738301	0.15139886110423373	-0.07860856647685072	Control	ENSG00000140575	0.4467690022282743	0.21380099747311657	FALSE	13	IQGAP1	IQGAP1
ENSG00000198728	1	3	-2	-0.057555467180989237	0.07279029462738301	0.15139886110423373	-0.07860856647685072	Control	ENSG00000198728	0.4467690022282743	-0.12444442179708835	FALSE	13	LDB1	LDB1
ENSG00000106780	1	3	-2	-0.057555467180989237	0.07279029462738301	0.15139886110423373	-0.07860856647685072	Control	ENSG00000106780	0.4467690022282743	0.07525446927627932	FALSE	13	MEGF9	MEGF9
ENSG00000166734	1	3	-2	-0.057555467180989237	0.07279029462738301	0.15139886110423373	-0.07860856647685072	Control	ENSG00000166734	0.4467690022282743	0.08218401096861605	FALSE	13	GOLM2	GOLM2
ENSG00000108387	1	3	-2	-0.057555467180989237	0.07279029462738301	0.15139886110423373	-0.07860856647685072	Control	ENSG00000108387	0.4467690022282743	0.04429665060406584	FALSE	13	SEPTIN4	SEPTIN4
ENSG00000140848	1	3	-2	-0.057555467180989237	0.07279029462738301	0.15139886110423373	-0.07860856647685072	Control	ENSG00000140848	0.4467690022282743	0.1580607816852968	FALSE	13	CPNE2	CPNE2
ENSG00000130347	1	3	-2	-0.057555467180989237	0.07279029462738301	0.15139886110423373	-0.07860856647685072	Control	ENSG00000130347	0.4467690022282743	-0.12171609768809244	FALSE	13	RTN4IP1	RTN4IP1
ENSG00000087253	1	3	-2	-0.057555467180989237	0.07279029462738301	0.15139886110423373	-0.07860856647685072	Control	ENSG00000087253	0.4467690022282743	0.09106573942722562	FALSE	13	LPCAT2	LPCAT2
ENSG00000145191	1	3	-2	-0.057555467180989237	0.07279029462738301	0.15139886110423373	-0.07860856647685072	Control	ENSG00000145191	0.4467690022282743	-0.01764848236371996	FALSE	13	EIF2B5	EIF2B5
ENSG00000198876	1	3	-2	-0.057555467180989237	0.07279029462738301	0.15139886110423373	-0.07860856647685072	Control	ENSG00000198876	0.4467690022282743	0.07730759183827729	FALSE	13	DCAF12	DCAF12
ENSG00000104765	1	3	-2	-0.057555467180989237	0.07279029462738301	0.15139886110423373	-0.07860856647685072	Control	ENSG00000104765	0.4467690022282743	-0.05451975616327331	FALSE	13	BNIP3L	BNIP3L
ENSG00000089048	1	3	-2	-0.057555467180989237	0.07279029462738301	0.15139886110423373	-0.07860856647685072	Control	ENSG00000089048	0.4467690022282743	0.10147222721623804	FALSE	13	ESF1	ESF1
ENSG00000145293	63	129	-66	-0.9237558656682386	0.6912602129239911	0.7698687794008418	-0.07860856647685066	Control	ENSG00000145293	0.4399603862342164	-0.14564728917429903	FALSE	13	ENOPH1	ENOPH1
ENSG00000188322	34	29	5	0.03718520140355366	0.6109185441941074	0.5324337707353305	0.07848477345877691	AD	ENSG00000188322	0.43958900717999505	-0.05242310721974164	FALSE	13	SBK1	SBK1
ENSG00000103657	90	58	32	0.402613494515362	0.7316167368160436	0.6531319633572666	0.07848477345877691	AD	ENSG00000103657	0.43958900717999505	-0.15290374629138448	FALSE	13	HERC1	HERC1
ENSG00000172350	285	159	126	1.6748453297935095	0.8721218123297846	0.7937608318890814	0.07836098044070317	AD	ENSG00000172350	0.43909383510769995	-0.1578629529656599	FALSE	13	ABCG4	ABCG4
ENSG00000130956	164	275	-111	-1.5328030208545858	0.7967318643228521	0.8750928447635553	-0.07836098044070317	Control	ENSG00000130956	0.43909383510769995	-0.16275768709381033	FALSE	13	HABP4	HABP4
ENSG00000167971	59	122	-63	-0.8831527219891488	0.6835850458034167	0.7616984402079723	-0.07811339440455556	Control	ENSG00000167971	0.4387224560534786	-0.0549777331751784	FALSE	13	CASKIN1	CASKIN1
ENSG00000168653	21	21	0	-0.03048670472826269	0.5432037633077494	0.4652141619212676	0.07798960138648181	Control	ENSG00000168653	0.43822728398118344	-0.13690775536789523	FALSE	13	NDUFS5	NDUFS5
ENSG00000185567	148	84	64	0.8357136937589867	0.7857142857142857	0.7077246843278039	0.07798960138648181	AD	ENSG00000185567	0.43822728398118344	-0.2103430787224756	FALSE	13	AHNAK2	AHNAK2
ENSG00000214106	16	17	-1	-0.04402108595462597	0.5049517207229512	0.42696211933646944	0.07798960138648181	Control	ENSG00000214106	0.43822728398118344	0.1838822346665072	FALSE	13	PAXIP1-AS2	PAXIP1-AS2
ENSG00000126733	580	301	279	3.74560565742709	0.9670710571923744	0.8890814558058926	0.0779896013864817	AD	ENSG00000126733	0.43773211190888833	-0.3155506686240823	FALSE	13	DACH2	DACH2
ENSG00000136710	42	92	-50	-0.7072057660464263	0.6413716266402575	0.7191136419905917	-0.0777420153503342	Control	ENSG00000136710	0.4374845258727408	-0.1533133991980229	FALSE	13	VMA22	VMA22
ENSG00000061794	55	113	-58	-0.8154808158573325	0.6744243624659569	0.7520425847982174	-0.07761822233226046	Control	ENSG00000061794	0.43723693983659323	-0.1633434492148016	FALSE	13	MRPS35	MRPS35
ENSG00000235711	82	55	27	0.33494158838354565	0.722951225550879	0.6454567962366923	0.07749442931418671	AD	ENSG00000235711	0.4369893538004457	-0.2338285368801909	FALSE	13	ANKRD34C	ANKRD34C
ENSG00000122873	271	150	121	1.6071734236616932	0.8649418172815053	0.7876949740034662	0.0772468432780391	AD	ENSG00000122873	0.43674176776429807	-0.2070387239077505	FALSE	13	CISD1	CISD1
ENSG00000132975	346	187	159	2.121479910263498	0.8956424857638029	0.8185194355038375	0.07712305025996535	AD	ENSG00000132975	0.4316662540232731	-0.1607280535409874	FALSE	13	GPR12	GPR12
ENSG00000263503	2	2	0	-0.03048670472826269	0.18209952958653133	0.10497647932656598	0.07712305025996535	Control	ENSG00000263503	0.4316662540232731	0.21347843761263263	FALSE	13	MAPK8IP1P2	MAPK8IP1P2
ENSG00000116251	2	2	0	-0.03048670472826269	0.18209952958653133	0.10497647932656598	0.07712305025996535	Control	ENSG00000116251	0.4316662540232731	0.00747052876771903	FALSE	13	RPL22	RPL22
ENSG00000168309	2	2	0	-0.03048670472826269	0.18209952958653133	0.10497647932656598	0.07712305025996535	Control	ENSG00000168309	0.4316662540232731	0.4817285016636923	FALSE	13	FAM107A	FAM107A
ENSG00000132970	2	2	0	-0.03048670472826269	0.18209952958653133	0.10497647932656598	0.07712305025996535	Control	ENSG00000132970	0.4316662540232731	0.04569257442463836	FALSE	13	WASF3	WASF3
ENSG00000006377	2	2	0	-0.03048670472826269	0.18209952958653133	0.10497647932656598	0.07712305025996535	Control	ENSG00000006377	0.4316662540232731	-0.3547953944515392	FALSE	13	DLX6	DLX6
ENSG00000118058	2	2	0	-0.03048670472826269	0.18209952958653133	0.10497647932656598	0.07712305025996535	Control	ENSG00000118058	0.4316662540232731	0.07557390929462215	FALSE	13	KMT2A	KMT2A
ENSG00000117362	2	2	0	-0.03048670472826269	0.18209952958653133	0.10497647932656598	0.07712305025996535	Control	ENSG00000117362	0.4316662540232731	0.0050601508172452	FALSE	13	APH1A	APH1A
ENSG00000274070	2	2	0	-0.03048670472826269	0.18209952958653133	0.10497647932656598	0.07712305025996535	Control	ENSG00000274070	0.4316662540232731	-0.01803745426280301	FALSE	13	CASTOR2	CASTOR2
ENSG00000005483	2	2	0	-0.03048670472826269	0.18209952958653133	0.10497647932656598	0.07712305025996535	Control	ENSG00000005483	0.4316662540232731	0.10723058350264658	FALSE	13	KMT2E	KMT2E
ENSG00000253846	2	2	0	-0.03048670472826269	0.18209952958653133	0.10497647932656598	0.07712305025996535	Control	ENSG00000253846	0.4316662540232731	-0.14090106900665145	FALSE	13	PCDHGA10	PCDHGA10
ENSG00000113504	2	2	0	-0.03048670472826269	0.18209952958653133	0.10497647932656598	0.07712305025996535	Control	ENSG00000113504	0.4316662540232731	0.19259862971693664	FALSE	13	SLC12A7	SLC12A7
ENSG00000196376	2	2	0	-0.03048670472826269	0.18209952958653133	0.10497647932656598	0.07712305025996535	Control	ENSG00000196376	0.4316662540232731	-0.1009629369390943	FALSE	13	SLC35F1	SLC35F1
ENSG00000273007	2	2	0	-0.03048670472826269	0.18209952958653133	0.10497647932656598	0.07712305025996535	Control	ENSG00000273007	0.4316662540232731	0.12327332801122992	FALSE	13	NA	ENSG00000273007
ENSG00000165644	2	2	0	-0.03048670472826269	0.18209952958653133	0.10497647932656598	0.07712305025996535	Control	ENSG00000165644	0.4316662540232731	-0.15788884757262522	FALSE	13	COMTD1	COMTD1
ENSG00000122406	2	2	0	-0.03048670472826269	0.18209952958653133	0.10497647932656598	0.07712305025996535	Control	ENSG00000122406	0.4316662540232731	0.0245097681650499	FALSE	13	RPL5	RPL5
ENSG00000110074	2	2	0	-0.03048670472826269	0.18209952958653133	0.10497647932656598	0.07712305025996535	Control	ENSG00000110074	0.4316662540232731	-0.05575916529947733	FALSE	13	FOXRED1	FOXRED1
ENSG00000276045	2	2	0	-0.03048670472826269	0.18209952958653133	0.10497647932656598	0.07712305025996535	Control	ENSG00000276045	0.4316662540232731	0.02747282046246457	FALSE	13	ORAI1	ORAI1
ENSG00000030419	2	2	0	-0.03048670472826269	0.18209952958653133	0.10497647932656598	0.07712305025996535	Control	ENSG00000030419	0.4316662540232731	0.19714905967486465	FALSE	13	IKZF2	IKZF2
ENSG00000170049	2	2	0	-0.03048670472826269	0.18209952958653133	0.10497647932656598	0.07712305025996535	Control	ENSG00000170049	0.4316662540232731	-0.08486972125912651	FALSE	13	KCNAB3	KCNAB3
ENSG00000251429	2	2	0	-0.03048670472826269	0.18209952958653133	0.10497647932656598	0.07712305025996535	Control	ENSG00000251429	0.4316662540232731	0.40068519924961166	FALSE	13	AIDAP2	AIDAP2
ENSG00000034510	2	2	0	-0.03048670472826269	0.18209952958653133	0.10497647932656598	0.07712305025996535	Control	ENSG00000034510	0.4316662540232731	-0.100064059641797	FALSE	13	TMSB10	TMSB10
ENSG00000174705	2	2	0	-0.03048670472826269	0.18209952958653133	0.10497647932656598	0.07712305025996535	Control	ENSG00000174705	0.4316662540232731	0.23813219743679423	FALSE	13	SH3PXD2B	SH3PXD2B
ENSG00000115459	2	2	0	-0.03048670472826269	0.18209952958653133	0.10497647932656598	0.07712305025996535	Control	ENSG00000115459	0.4316662540232731	0.09634170911949448	FALSE	13	ELMOD3	ELMOD3
ENSG00000197712	2	2	0	-0.03048670472826269	0.18209952958653133	0.10497647932656598	0.07712305025996535	Control	ENSG00000197712	0.4316662540232731	0.1329825682737935	FALSE	13	FAM114A1	FAM114A1
ENSG00000146425	2	2	0	-0.03048670472826269	0.18209952958653133	0.10497647932656598	0.07712305025996535	Control	ENSG00000146425	0.4316662540232731	0.05258260487673461	FALSE	13	DYNLT1	DYNLT1
ENSG00000237720	2	2	0	-0.03048670472826269	0.18209952958653133	0.10497647932656598	0.07712305025996535	Control	ENSG00000237720	0.4316662540232731	-0.2436601840387755	FALSE	13	NA	ENSG00000237720
ENSG00000137802	2	2	0	-0.03048670472826269	0.18209952958653133	0.10497647932656598	0.07712305025996535	Control	ENSG00000137802	0.4316662540232731	0.10171104447803536	FALSE	13	MAPKBP1	MAPKBP1
ENSG00000170085	2	2	0	-0.03048670472826269	0.18209952958653133	0.10497647932656598	0.07712305025996535	Control	ENSG00000170085	0.4316662540232731	-0.04954339725280476	FALSE	13	SIMC1	SIMC1
ENSG00000071655	2	2	0	-0.03048670472826269	0.18209952958653133	0.10497647932656598	0.07712305025996535	Control	ENSG00000071655	0.4316662540232731	0.13905706137508744	FALSE	13	MBD3	MBD3
ENSG00000187068	2	2	0	-0.03048670472826269	0.18209952958653133	0.10497647932656598	0.07712305025996535	Control	ENSG00000187068	0.4316662540232731	-0.06696510637613606	FALSE	13	C3orf70	C3orf70
ENSG00000183166	2	2	0	-0.03048670472826269	0.18209952958653133	0.10497647932656598	0.07712305025996535	Control	ENSG00000183166	0.4316662540232731	-0.16977792005179815	FALSE	13	CALN1	CALN1
ENSG00000143546	2	2	0	-0.03048670472826269	0.18209952958653133	0.10497647932656598	0.07712305025996535	Control	ENSG00000143546	0.4316662540232731	0.0872967036759329	FALSE	13	S100A8	S100A8
ENSG00000262500	2	2	0	-0.03048670472826269	0.18209952958653133	0.10497647932656598	0.07712305025996535	Control	ENSG00000262500	0.4316662540232731	0.09909887540629292	FALSE	13	MAPK8IP1P1	MAPK8IP1P1
ENSG00000007392	2	2	0	-0.03048670472826269	0.18209952958653133	0.10497647932656598	0.07712305025996535	Control	ENSG00000007392	0.4316662540232731	-0.00531691677701751	FALSE	13	LUC7L	LUC7L
ENSG00000137070	2	2	0	-0.03048670472826269	0.18209952958653133	0.10497647932656598	0.07712305025996535	Control	ENSG00000137070	0.4316662540232731	0.08138212959570446	FALSE	13	IL11RA	IL11RA
ENSG00000074696	2	2	0	-0.03048670472826269	0.18209952958653133	0.10497647932656598	0.07712305025996535	Control	ENSG00000074696	0.4316662540232731	-0.16584242467560095	FALSE	13	HACD3	HACD3
ENSG00000135446	2	2	0	-0.03048670472826269	0.18209952958653133	0.10497647932656598	0.07712305025996535	Control	ENSG00000135446	0.4316662540232731	0.00713909223092557	FALSE	13	CDK4	CDK4
ENSG00000100243	2	2	0	-0.03048670472826269	0.18209952958653133	0.10497647932656598	0.07712305025996535	Control	ENSG00000100243	0.4316662540232731	-0.06573734317301927	FALSE	13	CYB5R3	CYB5R3
ENSG00000185825	2	2	0	-0.03048670472826269	0.18209952958653133	0.10497647932656598	0.07712305025996535	Control	ENSG00000185825	0.4316662540232731	-0.07100116223152497	FALSE	13	BCAP31	BCAP31
ENSG00000124198	21	47	-26	-0.38238061661370776	0.5432037633077494	0.620203020549641	-0.0769992572418916	Control	ENSG00000124198	0.4265907402822481	-0.07885360289246357	FALSE	13	ARFGEF2	ARFGEF2
ENSG00000115944	142	82	60	0.7815761688535336	0.7810101510274821	0.7043822728398118	0.07662787818767025	AD	ENSG00000115944	0.4262193612280267	-0.13605262426110087	FALSE	13	COX7A2L	COX7A2L
ENSG00000170989	24	53	-29	-0.4229837602927976	0.5630106461995543	0.6396385243872246	-0.07662787818767025	Control	ENSG00000170989	0.4262193612280267	0.07719249308162368	FALSE	13	S1PR1	S1PR1
ENSG00000107864	103	64	39	0.49735416309990493	0.7437484525872741	0.6673681604357514	0.07638029215152264	AD	ENSG00000107864	0.4258479821738054	-0.05913988074866161	FALSE	13	CPEB3	CPEB3
ENSG00000166342	370	198	172	2.2974268662062203	0.9017083436494182	0.8255756375340431	0.07613270611537515	AD	ENSG00000166342	0.4254766031195841	-0.18952330360775527	FALSE	13	NETO1	NETO1
ENSG00000163938	151	87	64	0.8357136937589867	0.7873235949492449	0.7111908888338697	0.07613270611537515	AD	ENSG00000163938	0.4254766031195841	-0.12388706962086538	FALSE	13	GNL3	GNL3
ENSG00000198752	9	24	-15	-0.23350242312371175	0.4207724684327804	0.4969051745481554	-0.07613270611537509	Control	ENSG00000198752	0.4251052240653627	-0.01915523497052795	FALSE	13	CDC42BPB	CDC42BPB
ENSG00000132669	100	63	37	0.4702854006471784	0.7416439712800198	0.6655112651646448	0.07613270611537504	AD	ENSG00000132669	0.42485763802921517	0.2057665061513294	FALSE	13	RIN2	RIN2
ENSG00000144355	4	12	-8	-0.1387617545391689	0.2896756622926467	0.365684575389948	-0.07600891309730134	Control	ENSG00000144355	0.4239910869026987	-0.28179813057620695	FALSE	13	DLX1	DLX1
ENSG00000129646	4	12	-8	-0.1387617545391689	0.2896756622926467	0.365684575389948	-0.07600891309730134	Control	ENSG00000129646	0.4239910869026987	0.13418467003481993	FALSE	13	QRICH2	QRICH2
ENSG00000143847	4	12	-8	-0.1387617545391689	0.2896756622926467	0.365684575389948	-0.07600891309730134	Control	ENSG00000143847	0.4239910869026987	-0.06388596068609154	FALSE	13	PPFIA4	PPFIA4
ENSG00000221978	4	12	-8	-0.1387617545391689	0.2896756622926467	0.365684575389948	-0.07600891309730134	Control	ENSG00000221978	0.4239910869026987	0.03884711140169372	FALSE	13	CCNL2	CCNL2
ENSG00000197977	4	12	-8	-0.1387617545391689	0.2896756622926467	0.365684575389948	-0.07600891309730134	Control	ENSG00000197977	0.4239910869026987	-0.0046214379342313	FALSE	13	ELOVL2	ELOVL2
ENSG00000235703	4	12	-8	-0.1387617545391689	0.2896756622926467	0.365684575389948	-0.07600891309730134	Control	ENSG00000235703	0.4239910869026987	0.2276083958546629	FALSE	13	EOLA2-DT	EOLA2-DT
ENSG00000156959	133	235	-102	-1.4109935898173165	0.7750680861599406	0.8509532062391681	-0.07588512007922754	Control	ENSG00000156959	0.4231245357761822	-0.08373942764338693	FALSE	13	LHFPL4	LHFPL4
ENSG00000117154	36	76	-40	-0.5718619537827936	0.6192126764050507	0.6947264174300569	-0.07551374102500619	Control	ENSG00000117154	0.42287694974003465	-0.10958259746603184	FALSE	13	IGSF21	IGSF21
ENSG00000174672	116	208	-92	-1.2756497775536837	0.7579846496657588	0.8333745976726913	-0.07538994800693244	Control	ENSG00000174672	0.4226293637038871	-0.03626232882905178	FALSE	13	BRSK2	BRSK2
ENSG00000196072	372	201	171	2.283892484979857	0.9033176528843774	0.8280514978955187	0.07526615498885869	AD	ENSG00000196072	0.42238177766773954	-0.1547703927431705	FALSE	13	BLOC1S2	BLOC1S2
ENSG00000132305	243	135	108	1.4312264677189708	0.8507056202030205	0.7755632582322357	0.07514236197078483	AD	ENSG00000132305	0.422134191631592	-0.22544770998483088	FALSE	13	IMMT	IMMT
ENSG00000133169	316	177	139	1.850792285736232	0.885986630354048	0.8109680614013369	0.07501856895271108	AD	ENSG00000133169	0.42188660559544444	-0.3478335240320778	FALSE	13	BEX1	BEX1
ENSG00000140854	225	347	-122	-1.6816812143445818	0.8383263183956425	0.9133448873483536	-0.07501856895271097	Control	ENSG00000140854	0.42163901955929683	-0.19004969196850752	FALSE	13	KATNB1	KATNB1
ENSG00000134490	239	133	106	1.4041577052662442	0.8482297598415449	0.7733349839069077	0.07489477593463723	AD	ENSG00000134490	0.4213914335231493	-0.16556447407690555	FALSE	13	TMEM241	TMEM241
ENSG00000197535	249	397	-148	-2.033575126230027	0.8534290666006438	0.9282000495172072	-0.07477098291656348	Control	ENSG00000197535	0.42114384748700173	-0.12534372400351934	FALSE	13	MYO5A	MYO5A
ENSG00000171798	154	255	-101	-1.3974592085909532	0.788932904184204	0.8635800940826938	-0.07464718989848973	Control	ENSG00000171798	0.4207724684327804	-0.12925330845906124	FALSE	13	KNDC1	KNDC1
ENSG00000152642	136	236	-100	-1.38392482736459	0.7775439465214162	0.852191136419906	-0.07464718989848973	Control	ENSG00000152642	0.4207724684327804	-0.09061958288183548	FALSE	13	GPD1L	GPD1L
ENSG00000162706	275	430	-155	-2.12831579481457	0.866798712552612	0.941322109433028	-0.07452339688041598	Control	ENSG00000162706	0.420401089378559	-0.12107148808281032	FALSE	13	CADM3	CADM3
ENSG00000153922	10	26	-16	-0.24703680435007505	0.437360732854667	0.5118841297350829	-0.07452339688041593	Control	ENSG00000153922	0.42015350334241147	0.2059882330556011	FALSE	13	CHD1	CHD1
ENSG00000138663	163	266	-103	-1.4245279710436798	0.7959891062144095	0.8705125030948254	-0.07452339688041587	Control	ENSG00000138663	0.4199059173062639	-0.2453806622031376	FALSE	13	COPS4	COPS4
ENSG00000075651	5	6	-1	-0.04402108595462597	0.3247090864075266	0.25043327556325823	0.07427581084426838	Control	ENSG00000075651	0.41916315919782127	0.20636347859934737	FALSE	13	PLD1	PLD1
ENSG00000187984	5	6	-1	-0.04402108595462597	0.3247090864075266	0.25043327556325823	0.07427581084426838	Control	ENSG00000187984	0.41916315919782127	-0.20057730579008748	FALSE	13	ANKRD19P	ANKRD19P
ENSG00000116922	5	6	-1	-0.04402108595462597	0.3247090864075266	0.25043327556325823	0.07427581084426838	Control	ENSG00000116922	0.41916315919782127	-0.11004507432936884	FALSE	13	AIRIM	AIRIM
ENSG00000005893	5	6	-1	-0.04402108595462597	0.3247090864075266	0.25043327556325823	0.07427581084426838	Control	ENSG00000005893	0.41916315919782127	0.15766855419113135	FALSE	13	LAMP2	LAMP2
ENSG00000179134	5	6	-1	-0.04402108595462597	0.3247090864075266	0.25043327556325823	0.07427581084426838	Control	ENSG00000179134	0.41916315919782127	-0.01677723010750753	FALSE	13	SAMD4B	SAMD4B
ENSG00000125354	22	22	0	-0.03048670472826269	0.5505075513741025	0.47623174052983414	0.07427581084426832	Control	ENSG00000125354	0.41842040108937856	-0.11073405810512682	FALSE	13	SEPTIN6	SEPTIN6
ENSG00000106105	495	263	232	3.109489739788017	0.9429314186679872	0.8687794008417925	0.07415201782619463	AD	ENSG00000106105	0.418172815053231	-0.20164494681285208	FALSE	13	GARS1	GARS1
ENSG00000091140	8	22	-14	-0.21996804189734853	0.4022035157217133	0.47623174052983414	-0.07402822480812082	Control	ENSG00000091140	0.41792522901708345	-0.15097563467466557	FALSE	13	DLD	DLD
ENSG00000105605	71	141	-70	-0.9778933905736916	0.7051250309482545	0.7789056697202278	-0.07378063877197327	Control	ENSG00000105605	0.4175538499628621	-0.04732213223365988	FALSE	13	CACNG7	CACNG7
ENSG00000151176	23	50	-27	-0.39591499784007106	0.5565734092597178	0.630354048031691	-0.07378063877197327	Control	ENSG00000151176	0.4175538499628621	-0.0882147084885112	FALSE	13	PLBD2	PLBD2
ENSG00000163634	147	87	60	0.7815761688535336	0.7848477345877692	0.7111908888338697	0.07365684575389952	AD	ENSG00000163634	0.41718247090864075	-0.2031847862228542	FALSE	13	THOC7	THOC7
ENSG00000095203	96	62	34	0.42968225696808854	0.7370636296112899	0.6634067838573905	0.07365684575389941	AD	ENSG00000095203	0.4168110918544194	-0.117178826467363	FALSE	13	EPB41L4B	EPB41L4B
ENSG00000175265	12	30	-18	-0.2741055668028016	0.46595692002971034	0.5396137657836098	-0.07365684575389941	Control	ENSG00000175265	0.4168110918544194	-0.07974287510318767	FALSE	13	GOLGA8A	GOLGA8A
ENSG00000120896	36	31	5	0.03718520140355366	0.6192126764050507	0.5456796236692251	0.07353305273582567	AD	ENSG00000120896	0.4164397128001981	0.08991766303937965	FALSE	13	SORBS3	SORBS3
ENSG00000198954	179	284	-105	-1.4515967334964062	0.8065115127506809	0.8799207724684328	-0.07340925971775192	Control	ENSG00000198954	0.41594454072790293	-0.24739197854297143	FALSE	13	KIFBP	KIFBP
ENSG00000103723	61	45	16	0.18606339489354964	0.6866798712552612	0.6132706115375093	0.07340925971775192	AD	ENSG00000103723	0.41594454072790293	-0.12356606585175456	FALSE	13	AP3B2	AP3B2
ENSG00000144619	113	70	43	0.5514916880053581	0.7546422381777668	0.6812329784600148	0.07340925971775192	AD	ENSG00000144619	0.41594454072790293	-0.12531978618353357	FALSE	13	CNTN4	CNTN4
ENSG00000212694	7	20	-13	-0.2064336606709853	0.3815300817033919	0.4548155484030701	-0.07328546669967817	Control	ENSG00000212694	0.41544936865560783	0.2552764595832375	FALSE	13	LINC01089	LINC01089
ENSG00000138069	121	212	-91	-1.2621153963273204	0.7633077494429314	0.8359742510522407	-0.07266650160930921	Control	ENSG00000138069	0.4152017826194603	-0.1402587622579432	FALSE	13	RAB1A	RAB1A
ENSG00000136738	183	289	-106	-1.4651311147227697	0.8105966823471156	0.8830155979202773	-0.07241891557316171	Control	ENSG00000136738	0.41495419658331273	-0.13780067029144227	FALSE	13	STAM	STAM
ENSG00000141564	41	87	-46	-0.6530682411409732	0.6387719732607081	0.7111908888338697	-0.0724189155731616	Control	ENSG00000141564	0.4147066105471651	-0.05358363737022742	FALSE	13	RPTOR	RPTOR
ENSG00000163295	43	90	-47	-0.6666026223673365	0.6438474870017331	0.716142609556821	-0.07229512255508785	Control	ENSG00000163295	0.4143352314929438	-0.05345264080006773	FALSE	13	ALPI	ALPI
ENSG00000067221	44	92	-48	-0.6801370035936998	0.6468185194355038	0.7191136419905917	-0.07229512255508785	Control	ENSG00000067221	0.4143352314929438	-0.1562185703025385	FALSE	13	STOML1	STOML1
ENSG00000162188	391	218	173	2.3109612474325836	0.912478336221837	0.8403070066848229	0.0721713295370141	AD	ENSG00000162188	0.41396385243872247	-0.32463596851711785	FALSE	13	GNG3	GNG3
ENSG00000006740	231	351	-120	-1.6546124518918552	0.8430304530824462	0.9150779896013864	-0.07204753651894036	Control	ENSG00000006740	0.4137162664025749	-0.08832216337976995	FALSE	13	ARHGAP44	ARHGAP44
ENSG00000175203	262	411	-149	-2.04710950745639	0.8618469918296608	0.9338945283486012	-0.07204753651894025	Control	ENSG00000175203	0.4134686803664273	-0.14607944596917122	FALSE	13	DCTN2	DCTN2
ENSG00000167123	3	9	-6	-0.11169299208644234	0.2442436246595692	0.3161673681604357	-0.07192374350086653	Control	ENSG00000167123	0.41272592225798466	0.18348581643707895	FALSE	13	CERCAM	CERCAM
ENSG00000175221	3	9	-6	-0.11169299208644234	0.2442436246595692	0.3161673681604357	-0.07192374350086653	Control	ENSG00000175221	0.41272592225798466	-0.04337330038730158	FALSE	13	MED16	MED16
ENSG00000139350	3	9	-6	-0.11169299208644234	0.2442436246595692	0.3161673681604357	-0.07192374350086653	Control	ENSG00000139350	0.41272592225798466	0.1248663706300608	FALSE	13	NEDD1	NEDD1
ENSG00000164062	3	9	-6	-0.11169299208644234	0.2442436246595692	0.3161673681604357	-0.07192374350086653	Control	ENSG00000164062	0.41272592225798466	-0.1081610690227901	FALSE	13	APEH	APEH
ENSG00000012124	3	9	-6	-0.11169299208644234	0.2442436246595692	0.3161673681604357	-0.07192374350086653	Control	ENSG00000012124	0.41272592225798466	0.30164103721208235	FALSE	13	CD22	CD22
ENSG00000089693	48	38	10	0.10485710753537002	0.6574647189898489	0.5855409754889824	0.0719237435008665	AD	ENSG00000089693	0.41198316414954195	-0.09580967504735229	FALSE	13	MLF2	MLF2
ENSG00000183117	89	60	29	0.3620103508362722	0.7298836345630106	0.6582074770982916	0.071676157464719	AD	ENSG00000183117	0.41099282000495174	-0.15164625901454798	FALSE	13	CSMD1	CSMD1
ENSG00000213445	6	17	-11	-0.1793648982182587	0.35528596187175043	0.42696211933646944	-0.071676157464719	Control	ENSG00000213445	0.41099282000495174	0.22532832654839297	FALSE	13	SIPA1	SIPA1
ENSG00000189212	6	17	-11	-0.1793648982182587	0.35528596187175043	0.42696211933646944	-0.071676157464719	Control	ENSG00000189212	0.41099282000495174	-0.1343186192672583	FALSE	13	DPY19L2P1	DPY19L2P1
ENSG00000134516	6	17	-11	-0.1793648982182587	0.35528596187175043	0.42696211933646944	-0.071676157464719	Control	ENSG00000134516	0.41099282000495174	0.14672338677274155	FALSE	13	DOCK2	DOCK2
ENSG00000108344	72	142	-70	-0.9778933905736916	0.7077246843278039	0.7794008417925229	-0.071676157464719	Control	ENSG00000108344	0.41099282000495174	-0.11465919550496297	FALSE	13	PSMD3	PSMD3
ENSG00000204628	6	17	-11	-0.1793648982182587	0.35528596187175043	0.42696211933646944	-0.071676157464719	Control	ENSG00000204628	0.41099282000495174	0.04274876920100112	FALSE	13	RACK1	RACK1
ENSG00000056972	6	17	-11	-0.1793648982182587	0.35528596187175043	0.42696211933646944	-0.071676157464719	Control	ENSG00000056972	0.41099282000495174	0.15084378226241846	FALSE	13	TRAF3IP2	TRAF3IP2
ENSG00000213672	123	213	-90	-1.248581015100957	0.7655360237682595	0.8370883882149047	-0.07155236444664526	Control	ENSG00000213672	0.4100024758603615	-0.11113688058368965	FALSE	13	NCKIPSD	NCKIPSD
ENSG00000151490	401	226	175	2.3380300098853097	0.915944540727903	0.8446397623174053	0.07130477841049765	AD	ENSG00000151490	0.4095073037880664	-0.25896197179708125	FALSE	13	PTPRO	PTPRO
ENSG00000147669	34	30	4	0.02365082017719039	0.6109185441941074	0.5396137657836098	0.07130477841049765	AD	ENSG00000147669	0.4095073037880664	-0.16102468007822246	FALSE	13	POLR2K	POLR2K
ENSG00000105642	19	42	-23	-0.34177747293461797	0.5283486011388958	0.5996533795493935	-0.07130477841049765	Control	ENSG00000105642	0.4095073037880664	-0.00114000488436083	FALSE	13	KCNN1	KCNN1
ENSG00000232434	49	100	-51	-0.7207401472727896	0.6600643723693984	0.7311215647437485	-0.07105719237435004	Control	ENSG00000232434	0.4090121317157712	-0.10906784842736704	FALSE	13	AJM1	AJM1
ENSG00000172375	277	422	-145	-1.992971982550937	0.8675414706610547	0.938474870017331	-0.0709333993562763	Control	ENSG00000172375	0.40864075266154987	-0.15607205135493096	FALSE	13	C2CD2L	C2CD2L
ENSG00000169258	122	211	-89	-1.2350466338745938	0.7641743005694479	0.8351076999257242	-0.0709333993562763	Control	ENSG00000169258	0.40864075266154987	-0.09666421310392435	FALSE	13	GPRIN1	GPRIN1
ENSG00000177570	312	179	133	1.7695859983780524	0.8838821490467937	0.8130725427085912	0.07080960633820255	AD	ENSG00000177570	0.40814558058925476	-0.1057825122826479	FALSE	13	SAMD12	SAMD12
ENSG00000132535	52	41	11	0.11839148876173328	0.6666254023273087	0.5958157959891062	0.07080960633820255	AD	ENSG00000132535	0.40814558058925476	-0.1138510479974002	FALSE	13	DLG4	DLG4
ENSG00000147465	440	248	192	2.5681144907334854	0.9301807378063878	0.859494924486259	0.0706858133201288	AD	ENSG00000147465	0.4077742015350334	-0.2974102454634293	FALSE	13	STAR	STAR
ENSG00000004897	218	333	-115	-1.586940545760039	0.835231492943798	0.9057935132458528	-0.07056202030205494	Control	ENSG00000004897	0.40752661549888586	-0.1120118998084756	FALSE	13	CDC27	CDC27
ENSG00000154277	644	338	306	4.111033950538898	0.9794503589997524	0.9090121317157712	0.07043822728398119	AD	ENSG00000154277	0.4072790294627383	-0.331234665376531	FALSE	13	UCHL1	UCHL1
ENSG00000187601	325	492	-167	-2.290728369530929	0.8884624907155236	0.9587769249814312	-0.07031443426590744	Control	ENSG00000187601	0.40703144342659076	-0.2541485102268588	FALSE	13	MAGEH1	MAGEH1
ENSG00000198604	99	66	33	0.4161478757417253	0.7406536271354296	0.6704629858875959	0.0701906412478337	AD	ENSG00000198604	0.4067838573904432	0.3438828645027936	FALSE	13	BAZ1A	BAZ1A
ENSG00000140941	57	44	13	0.14546025121445982	0.6794998762069819	0.6093092349591483	0.07019064124783359	AD	ENSG00000140941	0.40641247833622185	-0.14481213899324707	FALSE	13	MAP1LC3B	MAP1LC3B
ENSG00000204065	57	44	13	0.14546025121445982	0.6794998762069819	0.6093092349591483	0.07019064124783359	AD	ENSG00000204065	0.40641247833622185	-0.22561890890464653	FALSE	13	TCEAL5	TCEAL5
ENSG00000183090	9	11	-2	-0.057555467180989237	0.4207724684327804	0.35070562020302054	0.07006684822975984	Control	ENSG00000183090	0.4060410992820005	-0.6633857846506377	TRUE	14	FREM3	FREM3
ENSG00000188573	23	23	0	-0.03048670472826269	0.5565734092597178	0.4866303540480317	0.06994305521168609	Control	ENSG00000188573	0.40579351324585294	-0.2057239813432279	FALSE	14	FBLL1	FBLL1
ENSG00000124733	27	26	1	-0.01695232350189942	0.5817033919286952	0.5118841297350829	0.06981926219361234	AD	ENSG00000124733	0.4055459272097054	-0.1322421237357272	FALSE	14	MEA1	MEA1
ENSG00000163820	91	62	29	0.3620103508362722	0.7332260460510027	0.6634067838573905	0.06981926219361223	AD	ENSG00000163820	0.40517454815548404	0.20487008975759305	FALSE	14	FYCO1	FYCO1
ENSG00000140990	13	15	-2	-0.057555467180989237	0.47660311958405543	0.4067838573904432	0.06981926219361223	Control	ENSG00000140990	0.40517454815548404	-0.11046810535699692	FALSE	14	NDUFB10	NDUFB10
ENSG00000196305	212	122	90	1.1876076056444318	0.8313939093835108	0.7616984402079723	0.06969546917553848	AD	ENSG00000196305	0.4048031691012627	-0.26122280815057586	FALSE	14	IARS1	IARS1
ENSG00000186260	265	159	106	1.4041577052662442	0.8633325080465462	0.7937608318890814	0.06957167615746473	AD	ENSG00000186260	0.40443179004704133	-0.17098278134561085	FALSE	14	MRTFB	MRTFB
ENSG00000160695	47	95	-48	-0.6801370035936998	0.6548650656102996	0.7244367417677643	-0.06957167615746473	Control	ENSG00000160695	0.40443179004704133	-0.1298946760158355	FALSE	14	VPS11	VPS11
ENSG00000168502	127	215	-88	-1.2215122526482307	0.7692498143104729	0.8386976974498638	-0.06944788313939088	Control	ENSG00000168502	0.4039366179747462	-0.15568386564724612	FALSE	14	MTCL1	MTCL1
ENSG00000173320	82	158	-76	-1.059099677931871	0.722951225550879	0.7923991086902699	-0.06944788313939088	Control	ENSG00000173320	0.4039366179747462	-0.06878717779552801	FALSE	14	STOX2	STOX2
ENSG00000136267	199	307	-108	-1.492199877175496	0.8229759841544937	0.8921762812577371	-0.06920029710324338	Control	ENSG00000136267	0.4033176528843773	-0.26857910334490853	FALSE	14	DGKB	DGKB
ENSG00000180900	15	17	-2	-0.057555467180989237	0.4961624164397128	0.42696211933646944	0.06920029710324338	Control	ENSG00000180900	0.4033176528843773	0.03783902311102061	FALSE	14	SCRIB	SCRIB
ENSG00000163902	15	17	-2	-0.057555467180989237	0.4961624164397128	0.42696211933646944	0.06920029710324338	Control	ENSG00000163902	0.4033176528843773	-0.13097516424493882	FALSE	14	RPN1	RPN1
ENSG00000227706	18	39	-21	-0.3147087104818914	0.5199306759098787	0.589130973013122	-0.06920029710324327	Control	ENSG00000227706	0.4028224808120822	0.03789746727245302	FALSE	14	ERVH-3	ERVH-3
ENSG00000104067	35	31	4	0.02365082017719039	0.6147561277543947	0.5456796236692251	0.06907650408516963	AD	ENSG00000104067	0.40232730873978706	0.15748241773363425	FALSE	14	TJP1	TJP1
ENSG00000197586	180	278	-98	-1.3568560649118633	0.8076256499133448	0.8767021539985145	-0.06907650408516963	Control	ENSG00000197586	0.40232730873978706	-0.13745643803233598	FALSE	14	ENTPD6	ENTPD6
ENSG00000137269	13	31	-18	-0.2741055668028016	0.47660311958405543	0.5456796236692251	-0.06907650408516963	Control	ENSG00000137269	0.40232730873978706	0.3755446578260608	FALSE	14	LRRC1	LRRC1
ENSG00000138442	135	228	-93	-1.289184158780047	0.7769249814310473	0.8458776924981432	-0.06895271106709588	Control	ENSG00000138442	0.40183213666749196	-0.19941302436495967	FALSE	14	WDR12	WDR12
ENSG00000184524	62	119	-57	-0.8019464346309692	0.6887843525625155	0.7576132706115375	-0.06882891804902203	Control	ENSG00000184524	0.40108937855904925	-0.22708134322960483	FALSE	14	CEND1	CEND1
ENSG00000204655	14	16	-2	-0.057555467180989237	0.4860113889576628	0.41718247090864075	0.06882891804902203	Control	ENSG00000204655	0.40108937855904925	0.03583951189124867	FALSE	14	MOG	MOG
ENSG00000013275	174	103	71	0.9304543623435296	0.8040356523892053	0.7352067343401832	0.06882891804902203	AD	ENSG00000013275	0.40108937855904925	-0.13146037466771254	FALSE	14	PSMC4	PSMC4
ENSG00000147604	14	16	-2	-0.057555467180989237	0.4860113889576628	0.41718247090864075	0.06882891804902203	Control	ENSG00000147604	0.40108937855904925	0.01860762362429469	FALSE	14	RPL7	RPL7
ENSG00000106683	14	16	-2	-0.057555467180989237	0.4860113889576628	0.41718247090864075	0.06882891804902203	Control	ENSG00000106683	0.40108937855904925	-0.06318566162041606	FALSE	14	LIMK1	LIMK1
ENSG00000118276	411	235	176	2.351564391111673	0.9196583312701164	0.8509532062391681	0.06870512503094817	AD	ENSG00000118276	0.4003466204506066	-0.2655092473393026	FALSE	14	B4GALT6	B4GALT6
ENSG00000171316	227	130	97	1.282348274228975	0.8395642485763803	0.7709829165635058	0.06858133201287453	AD	ENSG00000171316	0.40009903441445904	0.28453857335276034	FALSE	14	CHD7	CHD7
ENSG00000186166	5	14	-9	-0.15229613576553216	0.3247090864075266	0.3932904184204011	-0.06858133201287447	Control	ENSG00000186166	0.39948006932409014	0.06776433159646089	FALSE	14	CENATAC	CENATAC
ENSG00000262655	5	14	-9	-0.15229613576553216	0.3247090864075266	0.3932904184204011	-0.06858133201287447	Control	ENSG00000262655	0.39948006932409014	-0.02075488691319016	FALSE	14	SPON1	SPON1
ENSG00000175073	5	14	-9	-0.15229613576553216	0.3247090864075266	0.3932904184204011	-0.06858133201287447	Control	ENSG00000175073	0.39948006932409014	-0.10262399916194198	FALSE	14	VCPIP1	VCPIP1
ENSG00000145592	5	14	-9	-0.15229613576553216	0.3247090864075266	0.3932904184204011	-0.06858133201287447	Control	ENSG00000145592	0.39948006932409014	0.0487343562902538	FALSE	14	RPL37	RPL37
ENSG00000212864	40	82	-42	-0.5989307162355201	0.6358009408269374	0.7043822728398118	-0.06858133201287442	Control	ENSG00000212864	0.3987373112156474	-0.12060912276896474	FALSE	14	RNF208	RNF208
ENSG00000105220	46	93	-47	-0.6666026223673365	0.6522654122307502	0.7208467442436246	-0.06858133201287442	Control	ENSG00000105220	0.3987373112156474	-0.11190303313680516	FALSE	14	GPI	GPI
ENSG00000224711	10	25	-15	-0.23350242312371175	0.437360732854667	0.505694478831394	-0.06833374597672698	Control	ENSG00000224711	0.3983659321614261	0.00334737054300737	FALSE	14	LINC01706	LINC01706
ENSG00000100095	260	157	103	1.3635545615871545	0.8596187175043327	0.7912849715276058	0.06833374597672692	AD	ENSG00000100095	0.39787076008913097	-0.15391570072483596	FALSE	14	SEZ6L	SEZ6L
ENSG00000008869	130	218	-88	-1.2215122526482307	0.771973260708096	0.8403070066848229	-0.06833374597672692	Control	ENSG00000008869	0.39787076008913097	-0.1616372505603838	FALSE	14	HEATR5B	HEATR5B
ENSG00000178385	63	121	-58	-0.8154808158573325	0.6912602129239911	0.759593958900718	-0.06833374597672692	Control	ENSG00000178385	0.39787076008913097	-0.07838899471938454	FALSE	14	PLEKHM3	PLEKHM3
ENSG00000169020	2	6	-4	-0.08462422963371578	0.18209952958653133	0.25043327556325823	-0.0683337459767269	Control	ENSG00000169020	0.39551869274572915	-0.01824857944010283	FALSE	14	ATP5ME	ATP5ME
ENSG00000181790	2	6	-4	-0.08462422963371578	0.18209952958653133	0.25043327556325823	-0.0683337459767269	Control	ENSG00000181790	0.39551869274572915	-0.04552603655851328	FALSE	14	ADGRB1	ADGRB1
ENSG00000127415	2	6	-4	-0.08462422963371578	0.18209952958653133	0.25043327556325823	-0.0683337459767269	Control	ENSG00000127415	0.39551869274572915	-0.0612218099626336	FALSE	14	IDUA	IDUA
ENSG00000130707	2	6	-4	-0.08462422963371578	0.18209952958653133	0.25043327556325823	-0.0683337459767269	Control	ENSG00000130707	0.39551869274572915	-0.25447477688292786	FALSE	14	ASS1	ASS1
ENSG00000125733	2	6	-4	-0.08462422963371578	0.18209952958653133	0.25043327556325823	-0.0683337459767269	Control	ENSG00000125733	0.39551869274572915	0.4456007119509682	FALSE	14	TRIP10	TRIP10
ENSG00000140983	2	6	-4	-0.08462422963371578	0.18209952958653133	0.25043327556325823	-0.0683337459767269	Control	ENSG00000140983	0.39551869274572915	-0.05226759471183406	FALSE	14	RHOT2	RHOT2
ENSG00000163554	2	6	-4	-0.08462422963371578	0.18209952958653133	0.25043327556325823	-0.0683337459767269	Control	ENSG00000163554	0.39551869274572915	0.14752980844317998	FALSE	14	SPTA1	SPTA1
ENSG00000186575	2	6	-4	-0.08462422963371578	0.18209952958653133	0.25043327556325823	-0.0683337459767269	Control	ENSG00000186575	0.39551869274572915	0.04993666536599761	FALSE	14	NF2	NF2
ENSG00000198959	2	6	-4	-0.08462422963371578	0.18209952958653133	0.25043327556325823	-0.0683337459767269	Control	ENSG00000198959	0.39551869274572915	0.0746488533025289	FALSE	14	TGM2	TGM2
ENSG00000126603	2	6	-4	-0.08462422963371578	0.18209952958653133	0.25043327556325823	-0.0683337459767269	Control	ENSG00000126603	0.39551869274572915	0.08117687108848592	FALSE	14	GLIS2	GLIS2
ENSG00000197256	2	6	-4	-0.08462422963371578	0.18209952958653133	0.25043327556325823	-0.0683337459767269	Control	ENSG00000197256	0.39551869274572915	0.3342396373045098	FALSE	14	KANK2	KANK2
ENSG00000092295	2	6	-4	-0.08462422963371578	0.18209952958653133	0.25043327556325823	-0.0683337459767269	Control	ENSG00000092295	0.39551869274572915	0.14871991366434756	FALSE	14	TGM1	TGM1
ENSG00000063177	2	6	-4	-0.08462422963371578	0.18209952958653133	0.25043327556325823	-0.0683337459767269	Control	ENSG00000063177	0.39551869274572915	0.00406199444181254	FALSE	14	RPL18	RPL18
ENSG00000127920	2	6	-4	-0.08462422963371578	0.18209952958653133	0.25043327556325823	-0.0683337459767269	Control	ENSG00000127920	0.39551869274572915	0.11191513453909518	FALSE	14	GNG11	GNG11
ENSG00000261329	2	6	-4	-0.08462422963371578	0.18209952958653133	0.25043327556325823	-0.0683337459767269	Control	ENSG00000261329	0.39551869274572915	0.2733679585003239	FALSE	14	NA	ENSG00000261329
ENSG00000182718	2	6	-4	-0.08462422963371578	0.18209952958653133	0.25043327556325823	-0.0683337459767269	Control	ENSG00000182718	0.39551869274572915	0.09061670178205183	FALSE	14	ANXA2	ANXA2
ENSG00000204789	200	116	84	1.1064013182862522	0.8235949492448625	0.7553849962862095	0.06820995295865306	AD	ENSG00000204789	0.3932904184204011	-0.18699005573364505	FALSE	14	ZNF204P	ZNF204P
ENSG00000131409	65	123	-58	-0.8154808158573325	0.6953453825204259	0.763555335479079	-0.06820995295865306	Control	ENSG00000131409	0.3932904184204011	-0.04660882395833887	FALSE	14	LRRC4B	LRRC4B
ENSG00000198478	286	429	-143	-1.9659032200982105	0.872988363456301	0.9410745233968804	-0.06808615994057943	Control	ENSG00000198478	0.3929190393661797	-0.1589107821773137	FALSE	14	SH3BGRL2	SH3BGRL2
ENSG00000103034	269	161	108	1.4312264677189708	0.8641990591730626	0.7961128992324833	0.06808615994057932	AD	ENSG00000103034	0.39267145333003217	-0.3330681319060833	FALSE	14	NDRG4	NDRG4
ENSG00000138134	83	59	24	0.2943384447044558	0.7238177766773954	0.6558554097548899	0.06796236692250557	AD	ENSG00000138134	0.3924238672938846	-0.19927630540692576	FALSE	14	STAMBPL1	STAMBPL1
ENSG00000164442	127	213	-86	-1.194443490195504	0.7692498143104729	0.8370883882149047	-0.06783857390443182	Control	ENSG00000164442	0.39217628125773707	-0.3738184939744187	FALSE	14	CITED2	CITED2
ENSG00000162951	214	321	-107	-1.4786654959491328	0.832384253528101	0.8999752413963853	-0.06759098786828432	Control	ENSG00000162951	0.3919286952215895	-0.29501670985904127	FALSE	14	LRRTM1	LRRTM1
ENSG00000109180	489	269	220	2.9470771650716574	0.9400841792522902	0.8724931913840059	0.06759098786828421	AD	ENSG00000109180	0.39155731616736816	-0.19849520913655283	FALSE	14	OCIAD1	OCIAD1
ENSG00000160963	86	159	-73	-1.0184965342527814	0.7261698440207972	0.7937608318890814	-0.06759098786828421	Control	ENSG00000160963	0.39155731616736816	-0.24272370605784663	FALSE	14	COL26A1	COL26A1
ENSG00000113387	274	165	109	1.444760848945334	0.8664273334983907	0.7989601386481803	0.06746719485021047	AD	ENSG00000113387	0.39093835107699926	-0.2523963920784045	FALSE	14	SUB1	SUB1
ENSG00000158715	8	10	-2	-0.057555467180989237	0.4022035157217133	0.33473632087150285	0.06746719485021047	Control	ENSG00000158715	0.39093835107699926	0.26085106834755134	FALSE	14	SLC45A3	SLC45A3
ENSG00000215769	8	10	-2	-0.057555467180989237	0.4022035157217133	0.33473632087150285	0.06746719485021047	Control	ENSG00000215769	0.39093835107699926	0.17028338922277442	FALSE	14	ARHGAP27P1-BPTFP1-KPNA2P3	ARHGAP27P1-BPTFP1-KPNA2P3
ENSG00000250020	31	64	-33	-0.47712128519825064	0.6000247586036147	0.6673681604357514	-0.06734340183213672	Control	ENSG00000250020	0.39044317900470416	0.00167760663599847	FALSE	14	SPICP4	SPICP4
ENSG00000099341	75	55	20	0.2402009197990027	0.7126764050507551	0.6454567962366923	0.06721960881406286	AD	ENSG00000099341	0.39019559296855655	-0.15947691963594224	FALSE	14	PSMD8	PSMD8
ENSG00000182636	101	68	33	0.4161478757417253	0.7423867293884625	0.6754147066105471	0.06697202277791536	AD	ENSG00000182636	0.38970042089626145	-0.23482476156194387	FALSE	14	NDN	NDN
ENSG00000204394	73	54	19	0.22666653857263944	0.709333993562763	0.6423619707848477	0.06697202277791536	AD	ENSG00000204394	0.38970042089626145	-0.1458719301767335	FALSE	14	VARS1	VARS1
ENSG00000120063	51	100	-49	-0.693671384820063	0.6641495419658331	0.7311215647437485	-0.06697202277791536	Control	ENSG00000120063	0.38970042089626145	0.17061280133830792	FALSE	14	GNA13	GNA13
ENSG00000106571	21	22	-1	-0.04402108595462597	0.5432037633077494	0.47623174052983414	0.06697202277791531	Control	ENSG00000106571	0.38920524882396634	0.1502485230886501	FALSE	14	GLI3	GLI3
ENSG00000117395	217	322	-105	-1.4515967334964062	0.8339935627630601	0.9008417925229018	-0.06684822975984162	Control	ENSG00000117395	0.3889576627878188	-0.21095543871085276	FALSE	14	EBNA1BP2	EBNA1BP2
ENSG00000177807	4	5	-1	-0.04402108595462597	0.2896756622926467	0.22295122555087893	0.06672443674176776	Control	ENSG00000177807	0.3874721465709334	0.2810474491865289	FALSE	14	KCNJ10	KCNJ10
ENSG00000115266	4	5	-1	-0.04402108595462597	0.2896756622926467	0.22295122555087893	0.06672443674176776	Control	ENSG00000115266	0.3874721465709334	-0.06983040056976364	FALSE	14	APC2	APC2
ENSG00000161981	4	5	-1	-0.04402108595462597	0.2896756622926467	0.22295122555087893	0.06672443674176776	Control	ENSG00000161981	0.3874721465709334	-0.0911899160870462	FALSE	14	SNRNP25	SNRNP25
ENSG00000182771	4	5	-1	-0.04402108595462597	0.2896756622926467	0.22295122555087893	0.06672443674176776	Control	ENSG00000182771	0.3874721465709334	-0.02166490115597241	FALSE	14	GRID1	GRID1
ENSG00000038427	4	5	-1	-0.04402108595462597	0.2896756622926467	0.22295122555087893	0.06672443674176776	Control	ENSG00000038427	0.3874721465709334	0.36069734919085583	FALSE	14	VCAN	VCAN
ENSG00000248508	4	5	-1	-0.04402108595462597	0.2896756622926467	0.22295122555087893	0.06672443674176776	Control	ENSG00000248508	0.3874721465709334	0.13701997759664408	FALSE	14	SRP14-DT	SRP14-DT
ENSG00000163884	4	5	-1	-0.04402108595462597	0.2896756622926467	0.22295122555087893	0.06672443674176776	Control	ENSG00000163884	0.3874721465709334	0.2378859319976705	FALSE	14	KLF15	KLF15
ENSG00000181163	4	5	-1	-0.04402108595462597	0.2896756622926467	0.22295122555087893	0.06672443674176776	Control	ENSG00000181163	0.3874721465709334	-0.13735478728142603	FALSE	14	NPM1	NPM1
ENSG00000133561	4	5	-1	-0.04402108595462597	0.2896756622926467	0.22295122555087893	0.06672443674176776	Control	ENSG00000133561	0.3874721465709334	0.1969907752279871	FALSE	14	GIMAP6	GIMAP6
ENSG00000198727	4	5	-1	-0.04402108595462597	0.2896756622926467	0.22295122555087893	0.06672443674176776	Control	ENSG00000198727	0.3874721465709334	0.19395902287373268	FALSE	14	MT-CYB	MT-CYB
ENSG00000147174	4	5	-1	-0.04402108595462597	0.2896756622926467	0.22295122555087893	0.06672443674176776	Control	ENSG00000147174	0.3874721465709334	0.1952465844008282	FALSE	14	GCNA	GCNA
ENSG00000163516	17	19	-2	-0.057555467180989237	0.5127506808615994	0.4461500371379054	0.06660064372369395	Control	ENSG00000163516	0.385986630354048	0.07022542069499593	FALSE	14	ANKZF1	ANKZF1
ENSG00000104870	24	24	0	-0.03048670472826269	0.5630106461995543	0.4969051745481554	0.06610547165139885	Control	ENSG00000104870	0.38573904431790046	0.1743225779230997	FALSE	14	FCGRT	FCGRT
ENSG00000124507	204	307	-103	-1.4245279710436798	0.8264421886605595	0.8921762812577371	-0.06573409259717755	Control	ENSG00000124507	0.3853676652636791	-0.2628500463627361	FALSE	14	PACSIN1	PACSIN1
ENSG00000143502	231	137	94	1.241745130549885	0.8430304530824462	0.7772963604852686	0.06573409259717755	AD	ENSG00000143502	0.3853676652636791	-0.20211662952639564	FALSE	14	SUSD4	SUSD4
ENSG00000152578	138	88	50	0.646232356589901	0.778781876702154	0.713295370141124	0.06548650656103006	AD	ENSG00000152578	0.3849962862094578	-0.18558699819743296	FALSE	14	GRIA4	GRIA4
ENSG00000163468	7	9	-2	-0.057555467180989237	0.3815300817033919	0.3161673681604357	0.0653627135429562	Control	ENSG00000163468	0.38388214904679374	-0.09270804479061924	FALSE	14	CCT3	CCT3
ENSG00000152990	7	9	-2	-0.057555467180989237	0.3815300817033919	0.3161673681604357	0.0653627135429562	Control	ENSG00000152990	0.38388214904679374	0.1668666482040706	FALSE	14	ADGRA3	ADGRA3
ENSG00000286728	7	9	-2	-0.057555467180989237	0.3815300817033919	0.3161673681604357	0.0653627135429562	Control	ENSG00000286728	0.38388214904679374	0.02088209686907527	FALSE	14	NA	ENSG00000286728
ENSG00000120279	7	9	-2	-0.057555467180989237	0.3815300817033919	0.3161673681604357	0.0653627135429562	Control	ENSG00000120279	0.38388214904679374	0.13774330440728022	FALSE	14	MYCT1	MYCT1
ENSG00000178038	7	9	-2	-0.057555467180989237	0.3815300817033919	0.3161673681604357	0.0653627135429562	Control	ENSG00000178038	0.38388214904679374	-0.09560724186146174	FALSE	14	ALS2CL	ALS2CL
ENSG00000227063	7	9	-2	-0.057555467180989237	0.3815300817033919	0.3161673681604357	0.0653627135429562	Control	ENSG00000227063	0.38388214904679374	-0.06932909102440377	FALSE	14	RPL41P1	RPL41P1
ENSG00000273899	7	9	-2	-0.057555467180989237	0.3815300817033919	0.3161673681604357	0.0653627135429562	Control	ENSG00000273899	0.38388214904679374	0.09326933905302948	FALSE	14	NOL12	NOL12
ENSG00000166265	7	9	-2	-0.057555467180989237	0.3815300817033919	0.3161673681604357	0.0653627135429562	Control	ENSG00000166265	0.38388214904679374	0.15712655784675356	FALSE	14	CYYR1	CYYR1
ENSG00000167615	18	20	-2	-0.057555467180989237	0.5199306759098787	0.4548155484030701	0.06511512750680865	Control	ENSG00000167615	0.38276801188412973	0.05945831927988543	FALSE	14	LENG8	LENG8
ENSG00000239513	64	120	-56	-0.7884120534046059	0.6934884872493191	0.758479821738054	-0.06499133448873484	Control	ENSG00000239513	0.3823966328299084	-0.00915209376011505	FALSE	14	LINC01210	LINC01210
ENSG00000160539	43	85	-42	-0.5989307162355201	0.6438474870017331	0.708838821490468	-0.06499133448873484	Control	ENSG00000160539	0.3823966328299084	-0.0525143256478966	FALSE	14	PLPP7	PLPP7
ENSG00000068912	353	506	-153	-2.1012470323618433	0.8976231740529834	0.9623669225055708	-0.06474374845258724	Control	ENSG00000068912	0.3819014607576133	-0.23200548267751664	FALSE	14	ERLEC1	ERLEC1
ENSG00000173418	59	111	-52	-0.7342745284991528	0.6835850458034167	0.748328794256004	-0.06474374845258724	Control	ENSG00000173418	0.3819014607576133	-0.23124291650825768	FALSE	14	NAA20	NAA20
ENSG00000143106	323	194	129	1.7154484734725994	0.8875959395890072	0.8229759841544937	0.06461995543451349	AD	ENSG00000143106	0.3810349096310968	-0.225040910778187	FALSE	14	PSMA5	PSMA5
ENSG00000118160	247	355	-108	-1.492199877175496	0.852191136419906	0.9168110918544194	-0.06461995543451349	Control	ENSG00000118160	0.3810349096310968	-0.21594575511258365	FALSE	14	SLC8A2	SLC8A2
ENSG00000198729	413	243	170	2.2703581037534937	0.9213914335231492	0.8567714780886359	0.06461995543451349	AD	ENSG00000198729	0.3810349096310968	-0.25656812724328937	FALSE	14	PPP1R14C	PPP1R14C
ENSG00000003756	7	19	-12	-0.192899279444622	0.3815300817033919	0.4461500371379054	-0.06461995543451349	Control	ENSG00000003756	0.3810349096310968	0.00983961944713485	FALSE	14	RBM5	RBM5
ENSG00000278259	7	19	-12	-0.192899279444622	0.3815300817033919	0.4461500371379054	-0.06461995543451349	Control	ENSG00000278259	0.3810349096310968	-0.02780889442534295	FALSE	14	MYO19	MYO19
ENSG00000112137	182	272	-90	-1.248581015100957	0.8096063382025254	0.8739787076008914	-0.06437236939836599	Control	ENSG00000112137	0.38016835850458036	-0.1213229071978521	FALSE	14	PHACTR1	PHACTR1
ENSG00000092051	66	122	-56	-0.7884120534046059	0.6973260708096063	0.7616984402079723	-0.06437236939836599	Control	ENSG00000092051	0.38016835850458036	-0.13567779545236647	FALSE	14	JPH4	JPH4
ENSG00000127824	612	341	271	3.637330607616183	0.9747462243129488	0.9106214409507304	0.06412478336221838	AD	ENSG00000127824	0.3796731864322852	-0.33204859079071625	FALSE	14	TUBA4A	TUBA4A
ENSG00000168490	157	97	60	0.7815761688535336	0.7910373854914583	0.7269126021292399	0.06412478336221838	AD	ENSG00000168490	0.3796731864322852	-0.2851981543669613	FALSE	14	PHYHIP	PHYHIP
ENSG00000136003	548	310	238	3.190696027146196	0.9577865808368408	0.8937855904926962	0.06400099034414453	AD	ENSG00000136003	0.3793018073780639	-0.19155163798823335	FALSE	14	ISCU	ISCU
ENSG00000164405	26	26	0	-0.03048670472826269	0.5757613270611538	0.5118841297350829	0.06387719732607089	Control	ENSG00000164405	0.3790542213419163	-0.1556318248990003	FALSE	14	UQCRQ	UQCRQ
ENSG00000175931	341	485	-144	-1.9794376013245736	0.8937855904926962	0.957662787818767	-0.06387719732607078	Control	ENSG00000175931	0.37880663530576875	-0.1541751492588883	FALSE	14	UBE2O	UBE2O
ENSG00000198612	209	125	84	1.1064013182862522	0.8290418420401089	0.7652884377321119	0.06375340430799703	AD	ENSG00000198612	0.37818767021539984	-0.24407765464537157	FALSE	14	COPS8	COPS8
ENSG00000077080	152	95	57	0.7409730251744439	0.7881901460757613	0.7244367417677643	0.06375340430799703	AD	ENSG00000077080	0.37818767021539984	-0.14293617307919249	FALSE	14	ACTL6B	ACTL6B
ENSG00000083857	19	40	-21	-0.3147087104818914	0.5283486011388958	0.5921020054468928	-0.06375340430799703	Control	ENSG00000083857	0.37818767021539984	0.12510621386656062	FALSE	14	FAT1	FAT1
ENSG00000116133	61	112	-51	-0.7207401472727896	0.6866798712552612	0.7504332755632582	-0.06375340430799703	Control	ENSG00000116133	0.37818767021539984	-0.221775526353575	FALSE	14	DHCR24	DHCR24
ENSG00000155324	76	57	19	0.22666653857263944	0.714409507303788	0.6509036890319386	0.06350581827184942	AD	ENSG00000155324	0.3774449121069572	0.2771445440604019	FALSE	14	GRAMD2B	GRAMD2B
ENSG00000188419	226	135	91	1.201141986870795	0.8390690765040851	0.7755632582322357	0.06350581827184942	AD	ENSG00000188419	0.3774449121069572	-0.13850212575973764	FALSE	14	CHM	CHM
ENSG00000152382	116	192	-76	-1.059099677931871	0.7579846496657588	0.8212428819014608	-0.06325823223570193	Control	ENSG00000152382	0.37707353305273583	-0.1373930647301611	FALSE	14	TADA1	TADA1
ENSG00000138071	114	188	-74	-1.0320309154791447	0.7560039613765783	0.8191384005942065	-0.06313443921762818	Control	ENSG00000138071	0.3763307749442931	-0.2056625673697692	FALSE	14	ACTR2	ACTR2
ENSG00000157470	525	295	230	3.08242097733529	0.9504827927704876	0.8873483535528596	0.06313443921762818	AD	ENSG00000157470	0.3763307749442931	-0.18970902284485547	FALSE	14	FAM81A	FAM81A
ENSG00000179388	19	21	-2	-0.057555467180989237	0.5283486011388958	0.4652141619212676	0.06313443921762818	Control	ENSG00000179388	0.3763307749442931	-0.3437423522413301	FALSE	14	EGR3	EGR3
ENSG00000237515	19	21	-2	-0.057555467180989237	0.5283486011388958	0.4652141619212676	0.06313443921762818	Control	ENSG00000237515	0.3763307749442931	-0.08895213101974342	FALSE	14	SHISA9	SHISA9
ENSG00000149289	19	21	-2	-0.057555467180989237	0.5283486011388958	0.4652141619212676	0.06313443921762818	Control	ENSG00000149289	0.3763307749442931	0.20469193295337895	FALSE	14	ZC3H12C	ZC3H12C
ENSG00000185008	279	171	108	1.4312264677189708	0.868531814805645	0.8055211686060906	0.06301064619955443	AD	ENSG00000185008	0.37558801683585047	-0.32028836601423727	FALSE	14	ROBO2	ROBO2
ENSG00000101438	95	165	-70	-0.9778933905736916	0.735949492448626	0.7989601386481803	-0.06301064619955432	Control	ENSG00000101438	0.3752166377816291	-0.5375715922760991	TRUE	15	SLC32A1	SLC32A1
ENSG00000131469	8	21	-13	-0.2064336606709853	0.4022035157217133	0.4652141619212676	-0.06301064619955432	Control	ENSG00000131469	0.3752166377816291	-0.03505449659441062	FALSE	15	RPL27	RPL27
ENSG00000241973	332	464	-132	-1.8170250266082144	0.8900717999504828	0.9529586531319634	-0.06288685318148057	Control	ENSG00000241973	0.37484525872740776	-0.17276258070377537	FALSE	15	PI4KA	PI4KA
ENSG00000114784	386	231	155	2.0673423853580446	0.910250061896509	0.8476107947511761	0.06263926714533297	AD	ENSG00000114784	0.3744738796731864	-0.2138988215062696	FALSE	15	EIF1B	EIF1B
ENSG00000073910	109	179	-70	-0.9778933905736916	0.7504332755632582	0.8130725427085912	-0.06263926714533297	Control	ENSG00000073910	0.3744738796731864	-0.07561161068558775	FALSE	15	FRY	FRY
ENSG00000023516	134	215	-81	-1.1267715840636876	0.7761822233226046	0.8386976974498638	-0.06251547412725922	Control	ENSG00000023516	0.3741025006189651	-0.17323009512396936	FALSE	15	AKAP11	AKAP11
ENSG00000228794	151	233	-82	-1.140305965290051	0.7873235949492449	0.8495914830403565	-0.06226788809111161	Control	ENSG00000228794	0.37385491458281755	-0.0852714714046332	FALSE	15	LINC01128	LINC01128
ENSG00000175426	431	257	174	2.324495628658947	0.9269621193364694	0.8648180242634316	0.06214409507303786	AD	ENSG00000175426	0.3734835355285962	-0.6466677856532854	TRUE	16	PCSK1	PCSK1
ENSG00000116544	80	145	-65	-0.9102214844418752	0.7202277791532558	0.7823718742262936	-0.06214409507303786	Control	ENSG00000116544	0.3734835355285962	-0.14067713765476597	FALSE	16	DLGAP3	DLGAP3
ENSG00000139725	6	16	-10	-0.16583051699189544	0.35528596187175043	0.41718247090864075	-0.06189650903689031	Control	ENSG00000139725	0.3728645704382273	-0.02438787643723827	FALSE	16	RHOF	RHOF
ENSG00000109684	6	16	-10	-0.16583051699189544	0.35528596187175043	0.41718247090864075	-0.06189650903689031	Control	ENSG00000109684	0.3728645704382273	-0.01751038830693052	FALSE	16	CLNK	CLNK
ENSG00000102158	6	16	-10	-0.16583051699189544	0.35528596187175043	0.41718247090864075	-0.06189650903689031	Control	ENSG00000102158	0.3728645704382273	0.00321088864221508	FALSE	16	MAGT1	MAGT1
ENSG00000079335	35	32	3	0.01011643895082711	0.6147561277543947	0.5529834117355781	0.06177271601881662	AD	ENSG00000079335	0.37236939836593214	0.18306683149006897	FALSE	16	CDC14A	CDC14A
ENSG00000156113	170	106	64	0.8357136937589867	0.8011884129735083	0.7395394899727655	0.06164892300074276	AD	ENSG00000156113	0.37187422629363703	-0.09768208913062182	FALSE	16	KCNMA1	KCNMA1
ENSG00000038274	204	298	-94	-1.3027185400064103	0.8264421886605595	0.8880911116613023	-0.06164892300074276	Control	ENSG00000038274	0.37187422629363703	-0.14650916126264768	FALSE	16	MAT2B	MAT2B
ENSG00000224531	48	41	7	0.06425396385628021	0.6574647189898489	0.5958157959891062	0.06164892300074276	AD	ENSG00000224531	0.37187422629363703	-0.07998143505809274	FALSE	16	SMIM13	SMIM13
ENSG00000165801	33	31	2	-0.00341794227553615	0.6070809606338202	0.5456796236692251	0.06140133696459515	AD	ENSG00000165801	0.37137905422134193	0.21129708506756373	FALSE	16	ARHGEF40	ARHGEF40
ENSG00000133878	272	170	102	1.3500201803607912	0.8653131963357267	0.8040356523892053	0.06127754394652141	AD	ENSG00000133878	0.3711314681851944	-0.1310543143888676	FALSE	16	DUSP26	DUSP26
ENSG00000115947	172	256	-84	-1.1673747277427775	0.803045308244615	0.8641990591730626	-0.06115375092844766	Control	ENSG00000115947	0.3708838821490468	-0.0873960577568802	FALSE	16	ORC4	ORC4
ENSG00000143164	279	400	-121	-1.6681468331182183	0.868531814805645	0.9296855657340926	-0.06115375092844755	Control	ENSG00000143164	0.3706362961128992	-0.0935569131726144	FALSE	16	DCAF6	DCAF6
ENSG00000137507	4	11	-7	-0.12522737331280562	0.2896756622926467	0.35070562020302054	-0.06102995791037385	Control	ENSG00000137507	0.36989353800445657	0.21584103807029287	FALSE	16	LRRC32	LRRC32
ENSG00000171863	4	11	-7	-0.12522737331280562	0.2896756622926467	0.35070562020302054	-0.06102995791037385	Control	ENSG00000171863	0.36989353800445657	-0.02869455783389618	FALSE	16	RPS7	RPS7
ENSG00000279348	4	11	-7	-0.12522737331280562	0.2896756622926467	0.35070562020302054	-0.06102995791037385	Control	ENSG00000279348	0.36989353800445657	-0.21022775475392577	FALSE	16	NA	ENSG00000279348
ENSG00000148841	4	11	-7	-0.12522737331280562	0.2896756622926467	0.35070562020302054	-0.06102995791037385	Control	ENSG00000148841	0.36989353800445657	0.2531011058888284	FALSE	16	ITPRIP	ITPRIP
ENSG00000172809	4	11	-7	-0.12522737331280562	0.2896756622926467	0.35070562020302054	-0.06102995791037385	Control	ENSG00000172809	0.36989353800445657	-0.01256322063483672	FALSE	16	RPL38	RPL38
ENSG00000185774	121	81	40	0.5108885443262682	0.7633077494429314	0.7025253775687051	0.0607823718742263	AD	ENSG00000185774	0.36915077989601386	-0.2050635307475144	FALSE	16	KCNIP4	KCNIP4
ENSG00000054793	374	520	-146	-2.0065063637773	0.9052983411735578	0.9659569200297105	-0.06065857885615255	Control	ENSG00000054793	0.3687794008417925	-0.16826418958979872	FALSE	16	ATP9A	ATP9A
ENSG00000134333	118	79	39	0.49735416309990493	0.7599653379549394	0.6993067590987868	0.06065857885615255	AD	ENSG00000134333	0.3687794008417925	-0.24740375698523387	FALSE	16	LDHA	LDHA
ENSG00000286190	81	145	-64	-0.896687103215512	0.7217132953701412	0.7823718742262936	-0.06065857885615244	Control	ENSG00000286190	0.3684080217875712	-0.3272096233915889	FALSE	16	NA	ENSG00000286190
ENSG00000041353	552	319	233	3.12302412101438	0.9591483040356524	0.8986135181975736	0.06053478583807881	AD	ENSG00000041353	0.3681604357514236	-0.4374565178415244	FALSE	16	RAB27B	RAB27B
ENSG00000198886	6	8	-2	-0.057555467180989237	0.35528596187175043	0.2948749690517455	0.06041099282000495	Control	ENSG00000198886	0.36679871255261204	0.120598863023055	FALSE	16	MT-ND4	MT-ND4
ENSG00000168159	262	374	-112	-1.546337402080949	0.8618469918296608	0.9222579846496658	-0.06041099282000495	Control	ENSG00000168159	0.36679871255261204	-0.1959502764752088	FALSE	16	RNF187	RNF187
ENSG00000144635	372	510	-138	-1.8982313139663944	0.9033176528843774	0.9637286457043824	-0.06041099282000495	Control	ENSG00000144635	0.36679871255261204	-0.193845001551356	FALSE	16	DYNC1LI1	DYNC1LI1
ENSG00000160877	31	30	1	-0.01695232350189942	0.6000247586036147	0.5396137657836098	0.06041099282000495	AD	ENSG00000160877	0.36679871255261204	-0.02187909385328623	FALSE	16	NACC1	NACC1
ENSG00000139722	6	8	-2	-0.057555467180989237	0.35528596187175043	0.2948749690517455	0.06041099282000495	Control	ENSG00000139722	0.36679871255261204	0.06392316902149275	FALSE	16	VPS37B	VPS37B
ENSG00000162378	6	8	-2	-0.057555467180989237	0.35528596187175043	0.2948749690517455	0.06041099282000495	Control	ENSG00000162378	0.36679871255261204	-0.08119359945919946	FALSE	16	ZYG11B	ZYG11B
ENSG00000111262	79	60	19	0.22666653857263944	0.7186184699182966	0.6582074770982916	0.06041099282000495	AD	ENSG00000111262	0.36679871255261204	-0.1178586761492788	FALSE	16	KCNA1	KCNA1
ENSG00000135164	6	8	-2	-0.057555467180989237	0.35528596187175043	0.2948749690517455	0.06041099282000495	Control	ENSG00000135164	0.36679871255261204	0.06382633734290799	FALSE	16	DMTF1	DMTF1
ENSG00000158806	6	8	-2	-0.057555467180989237	0.35528596187175043	0.2948749690517455	0.06041099282000495	Control	ENSG00000158806	0.36679871255261204	-0.08739286179523909	FALSE	16	NPM2	NPM2
ENSG00000134460	6	8	-2	-0.057555467180989237	0.35528596187175043	0.2948749690517455	0.06041099282000495	Control	ENSG00000134460	0.36679871255261204	-0.07770360918562114	FALSE	16	IL2RA	IL2RA
ENSG00000106123	139	92	47	0.6056292129108112	0.7792770487744491	0.7191136419905917	0.06016340678385745	AD	ENSG00000106123	0.3654369893538004	-0.07210532390980262	FALSE	16	EPHB6	EPHB6
ENSG00000114631	46	40	6	0.05071958262991694	0.6522654122307502	0.5921020054468928	0.06016340678385734	AD	ENSG00000114631	0.36518940331765287	-0.14596974721109568	FALSE	16	PODXL2	PODXL2
ENSG00000119865	237	334	-97	-1.3433216836855	0.8466204506065858	0.9066600643723692	-0.06003961376578359	Control	ENSG00000119865	0.3649418172815053	-0.17358160903509123	FALSE	16	CNRIP1	CNRIP1
ENSG00000013392	210	129	81	1.0657981746071623	0.8297846001485516	0.7698687794008418	0.05991582074770985	AD	ENSG00000013392	0.36457043822728397	-0.1260230697640896	FALSE	16	RWDD2A	RWDD2A
ENSG00000115828	313	197	116	1.539501517529877	0.8846249071552365	0.8247090864075266	0.05991582074770985	AD	ENSG00000115828	0.36457043822728397	-0.23424021901740755	FALSE	16	QPCT	QPCT
ENSG00000103316	682	386	296	3.9756901382752656	0.9856400099034416	0.9258479821738054	0.0597920277296361	AD	ENSG00000103316	0.36419905917306267	-0.4835625116385458	FALSE	16	CRYM	CRYM
ENSG00000147642	229	144	85	1.1199356995126155	0.8410497647932657	0.7812577370636297	0.05979202772963599	AD	ENSG00000147642	0.36395147313691506	-0.1260823908666886	FALSE	16	SYBU	SYBU
ENSG00000079313	42	80	-38	-0.544793191330067	0.6413716266402575	0.7010398613518197	-0.05966823471156224	Control	ENSG00000079313	0.3637038871007675	-0.07560568397057743	FALSE	16	REXO1	REXO1
ENSG00000107105	535	308	227	3.0418178336562	0.9524634810596684	0.8929190393661798	0.05954444169348849	AD	ENSG00000107105	0.3630849220103986	-0.20285004956153152	FALSE	16	ELAVL2	ELAVL2
ENSG00000082781	125	84	41	0.5244229255526315	0.7672691260212924	0.7077246843278039	0.05954444169348849	AD	ENSG00000082781	0.3630849220103986	0.25179484424062437	FALSE	16	ITGB5	ITGB5
ENSG00000228474	10	24	-14	-0.21996804189734853	0.437360732854667	0.4969051745481554	-0.05954444169348849	Control	ENSG00000228474	0.3630849220103986	-0.08991351809575576	FALSE	16	OST4	OST4
ENSG00000196453	30	59	-29	-0.4229837602927976	0.5963109680614014	0.6558554097548899	-0.05954444169348849	Control	ENSG00000196453	0.3630849220103986	-0.05780384992083753	FALSE	16	ZNF777	ZNF777
ENSG00000166681	239	153	86	1.1334700807389788	0.8482297598415449	0.788932904184204	0.05929685565734088	AD	ENSG00000166681	0.3624659569200297	-0.2734672924137591	FALSE	16	BEX3	BEX3
ENSG00000103056	173	252	-79	-1.0997028216109612	0.8035404803169102	0.8627135429561773	-0.05917306263926714	Control	ENSG00000103056	0.3618469918296608	-0.17359921098892883	FALSE	16	SMPD3	SMPD3
ENSG00000101421	133	209	-76	-1.059099677931871	0.7750680861599406	0.8342411487992077	-0.05917306263926714	Control	ENSG00000101421	0.3618469918296608	-0.17071430573932922	FALSE	16	CHMP4B	CHMP4B
ENSG00000108528	12	15	-3	-0.07108984840735251	0.46595692002971034	0.4067838573904432	0.05917306263926714	Control	ENSG00000108528	0.3618469918296608	-0.139741386415837	FALSE	16	SLC25A11	SLC25A11
ENSG00000152034	36	69	-33	-0.47712128519825064	0.6192126764050507	0.6783857390443179	-0.05917306263926714	Control	ENSG00000152034	0.3618469918296608	-0.4345251119807232	FALSE	16	MCHR2	MCHR2
ENSG00000164038	104	170	-66	-0.9237558656682386	0.7449863827680119	0.8040356523892053	-0.05904926962119339	Control	ENSG00000164038	0.3608566476850706	-0.191626345228622	FALSE	16	SLC9B2	SLC9B2
ENSG00000136802	11	14	-3	-0.07108984840735251	0.45233968804159447	0.3932904184204011	0.05904926962119339	Control	ENSG00000136802	0.3608566476850706	0.05173138039202385	FALSE	16	LRRC8A	LRRC8A
ENSG00000135404	11	14	-3	-0.07108984840735251	0.45233968804159447	0.3932904184204011	0.05904926962119339	Control	ENSG00000135404	0.3608566476850706	-0.01562636090642399	FALSE	16	CD63	CD63
ENSG00000171858	11	14	-3	-0.07108984840735251	0.45233968804159447	0.3932904184204011	0.05904926962119339	Control	ENSG00000171858	0.3608566476850706	9.421988851272544e-4	FALSE	16	RPS21	RPS21
ENSG00000134042	14	17	-3	-0.07108984840735251	0.4860113889576628	0.42696211933646944	0.05904926962119333	Control	ENSG00000134042	0.3602376825947017	-0.04458111317148372	FALSE	16	MRO	MRO
ENSG00000157796	16	19	-3	-0.07108984840735251	0.5049517207229512	0.4461500371379054	0.05880168358504584	Control	ENSG00000157796	0.3599900965585541	0.01222513305370043	FALSE	16	WDR19	WDR19
ENSG00000169231	10	13	-3	-0.07108984840735251	0.437360732854667	0.37880663530576875	0.05855409754889823	Control	ENSG00000169231	0.35949492448625897	-0.02237033596129833	FALSE	16	THBS3	THBS3
ENSG00000054690	10	13	-3	-0.07108984840735251	0.437360732854667	0.37880663530576875	0.05855409754889823	Control	ENSG00000054690	0.35949492448625897	0.09780024304083668	FALSE	16	PLEKHH1	PLEKHH1
ENSG00000165916	10	13	-3	-0.07108984840735251	0.437360732854667	0.37880663530576875	0.05855409754889823	Control	ENSG00000165916	0.35949492448625897	-0.06643947721103594	FALSE	16	PSMC3	PSMC3
ENSG00000113319	253	348	-95	-1.3162529212327736	0.855533547907898	0.9140876454567962	-0.05855409754889817	Control	ENSG00000113319	0.35899975241396387	-0.25242859470331247	FALSE	16	RASGRF2	RASGRF2
ENSG00000182247	195	122	73	0.9575231247962562	0.8201287447387967	0.7616984402079723	0.05843030453082443	AD	ENSG00000182247	0.3586283733597425	-0.1449577896645149	FALSE	16	UBE2E2	UBE2E2
ENSG00000129990	276	175	101	1.336485799134428	0.8670462985887596	0.8086159940579352	0.05843030453082443	AD	ENSG00000129990	0.3586283733597425	-0.3839970501862684	FALSE	16	SYT5	SYT5
ENSG00000182481	131	89	42	0.5379573067789948	0.7730873978707601	0.7147808863580094	0.05830651151275068	AD	ENSG00000182481	0.35825699430552116	-0.12456475513899434	FALSE	16	KPNA2	KPNA2
ENSG00000067842	538	313	225	3.0147490712034735	0.9535776182223322	0.8953948997276554	0.05818271849467682	AD	ENSG00000067842	0.3580094082693736	-0.24585620607024516	FALSE	16	ATP2B3	ATP2B3
ENSG00000168539	257	353	-96	-1.329787302459137	0.8581332012874474	0.9161921267640504	-0.05805892547660307	Control	ENSG00000168539	0.35763802921515225	-0.2173038861975929	FALSE	16	CHRM1	CHRM1
ENSG00000144597	118	186	-68	-0.9508246281209652	0.7599653379549394	0.8180242634315424	-0.05805892547660307	Control	ENSG00000144597	0.35763802921515225	-0.15541959046744047	FALSE	16	EAF1	EAF1
ENSG00000114686	114	180	-66	-0.9237558656682386	0.7560039613765783	0.8138153008170339	-0.05781133944045558	Control	ENSG00000114686	0.3572666501609309	-0.21180497366951023	FALSE	16	MRPL3	MRPL3
ENSG00000105223	261	359	-98	-1.3568560649118633	0.8604852686308492	0.918172815053231	-0.05768754642238183	Control	ENSG00000105223	0.35701906412478335	-0.21830573815471865	FALSE	16	PLD3	PLD3
ENSG00000113558	169	108	61	0.795110550079897	0.8001980688289181	0.74263431542461	0.05756375340430808	AD	ENSG00000113558	0.3567714780886358	-0.1622330189670098	FALSE	16	SKP1	SKP1
ENSG00000110931	423	259	164	2.189151816395314	0.9237435008665512	0.8661797474622431	0.05756375340430797	AD	ENSG00000110931	0.35652389205248824	-0.24960346527798905	FALSE	16	CAMKK2	CAMKK2
ENSG00000261115	192	272	-80	-1.1132372028373243	0.8165387472146571	0.8739787076008914	-0.05743996038623422	Control	ENSG00000261115	0.3561525129982669	-0.16396186149523473	FALSE	16	TMEM178B	TMEM178B
ENSG00000153233	26	27	-1	-0.04402108595462597	0.5757613270611538	0.5183213666749196	0.05743996038623422	Control	ENSG00000153233	0.3561525129982669	-0.1949823185589299	FALSE	16	PTPRR	PTPRR
ENSG00000181754	228	316	-88	-1.2215122526482307	0.8403070066848229	0.8976231740529834	-0.05731616736816047	Control	ENSG00000181754	0.355533547907898	-0.12678795897140205	FALSE	16	AMIGO1	AMIGO1
ENSG00000159069	46	86	-40	-0.5718619537827936	0.6522654122307502	0.7095815795989107	-0.05731616736816047	Control	ENSG00000159069	0.355533547907898	-0.06407517347947511	FALSE	16	FBXW5	FBXW5
ENSG00000148700	25	26	-1	-0.04402108595462597	0.5692002971032434	0.5118841297350829	0.05731616736816047	Control	ENSG00000148700	0.355533547907898	0.0938599173788326	FALSE	16	ADD3	ADD3
ENSG00000169783	155	230	-75	-1.045565296705508	0.7896756622926467	0.8468680366427334	-0.05719237435008662	Control	ENSG00000169783	0.3549145828175291	-0.20275593288113924	FALSE	16	LINGO1	LINGO1
ENSG00000046889	63	51	12	0.13192586998809655	0.6912602129239911	0.6340678385739045	0.05719237435008662	AD	ENSG00000046889	0.3549145828175291	-0.02584841525285952	FALSE	16	PREX2	PREX2
ENSG00000008710	15	32	-17	-0.2605711855764383	0.4961624164397128	0.5529834117355781	-0.05682099529586526	Control	ENSG00000008710	0.3545432037633077	-0.13367799488193022	FALSE	16	PKD1	PKD1
ENSG00000149926	65	113	-48	-0.6801370035936998	0.6953453825204259	0.7520425847982174	-0.05669720227779151	Control	ENSG00000149926	0.3542956177271602	-0.05807149639769449	FALSE	16	TLCD3B	TLCD3B
ENSG00000004660	386	238	148	1.9726017167735015	0.910250061896509	0.8536766526367913	0.05657340925971776	AD	ENSG00000004660	0.3540480316910126	-0.15706538639298273	FALSE	16	CAMKK1	CAMKK1
ENSG00000151229	402	249	153	2.040273622905318	0.916439712800198	0.8601138895766279	0.05632582322357016	AD	ENSG00000151229	0.35380044565486507	-0.22071196378816005	FALSE	16	SLC2A13	SLC2A13
ENSG00000111110	419	578	-159	-2.182453319720023	0.9228769497400346	0.9787076008913096	-0.05583065115127506	Control	ENSG00000111110	0.35330527358256997	-0.1917263458532208	FALSE	16	PPM1H	PPM1H
ENSG00000158467	17	35	-18	-0.2741055668028016	0.5127506808615994	0.5685813320128744	-0.05583065115127506	Control	ENSG00000158467	0.35330527358256997	0.05692273265528413	FALSE	16	AHCYL2	AHCYL2
ENSG00000006025	17	35	-18	-0.2741055668028016	0.5127506808615994	0.5685813320128744	-0.05583065115127506	Control	ENSG00000006025	0.35330527358256997	0.09036136720714084	FALSE	16	OSBPL7	OSBPL7
ENSG00000126016	65	53	12	0.13192586998809655	0.6953453825204259	0.6396385243872246	0.05570685813320131	AD	ENSG00000126016	0.3528101015102748	0.14486147065960076	FALSE	16	AMOT	AMOT
ENSG00000101977	297	193	104	1.3770889428135176	0.8776924981431047	0.8219856400099035	0.0557068581332012	AD	ENSG00000101977	0.35256251547412726	-0.1849577987766846	FALSE	16	MCF2	MCF2
ENSG00000133816	152	224	-72	-1.0049621530264183	0.7881901460757613	0.8437732111908889	-0.05558306511512756	Control	ENSG00000133816	0.3523149294379797	-0.1806943029083783	FALSE	16	MICAL2	MICAL2
ENSG00000148396	9	22	-13	-0.2064336606709853	0.4207724684327804	0.47623174052983414	-0.05545927209705376	Control	ENSG00000148396	0.35206734340183216	-0.04267440875534767	FALSE	16	SEC16A	SEC16A
ENSG00000160145	236	323	-87	-1.2079778714218674	0.8460014855162169	0.9013369645951969	-0.05533547907897995	Control	ENSG00000160145	0.3516959643476108	-0.19963034906409405	FALSE	16	KALRN	KALRN
ENSG00000095713	113	176	-63	-0.8831527219891488	0.7546422381777668	0.8099777172567467	-0.05533547907897995	Control	ENSG00000095713	0.3516959643476108	-0.1641384459989208	FALSE	16	CRTAC1	CRTAC1
ENSG00000166908	311	201	110	1.4582952301716972	0.883139390938351	0.8280514978955187	0.05508789304283235	AD	ENSG00000166908	0.35082941322109434	-0.15160072214630027	FALSE	16	PIP4K2C	PIP4K2C
ENSG00000111218	244	161	83	1.092866937059889	0.8512007922753156	0.7961128992324833	0.05508789304283235	AD	ENSG00000111218	0.35082941322109434	-0.31753556506516567	FALSE	16	PRMT8	PRMT8
ENSG00000141582	9	12	-3	-0.07108984840735251	0.4207724684327804	0.365684575389948	0.05508789304283235	Control	ENSG00000141582	0.35082941322109434	-0.2087143107187721	FALSE	16	CBX4	CBX4
ENSG00000255909	9	12	-3	-0.07108984840735251	0.4207724684327804	0.365684575389948	0.05508789304283235	Control	ENSG00000255909	0.35082941322109434	-0.01855666622298679	FALSE	16	PDCD5P1	PDCD5P1
ENSG00000155959	9	12	-3	-0.07108984840735251	0.4207724684327804	0.365684575389948	0.05508789304283235	Control	ENSG00000155959	0.35082941322109434	-0.1373593756299165	FALSE	16	VBP1	VBP1
ENSG00000135624	212	294	-82	-1.140305965290051	0.8313939093835108	0.8863580094082694	-0.0549641000247586	Control	ENSG00000135624	0.35008665511265163	-0.1332608136017992	FALSE	16	CCT7	CCT7
ENSG00000169567	262	173	89	1.1740732244180685	0.8618469918296608	0.8071304778410497	0.0547165139886111	AD	ENSG00000169567	0.3498390690765041	-0.21188758703148203	FALSE	16	HINT1	HINT1
ENSG00000204580	34	63	-29	-0.4229837602927976	0.6109185441941074	0.6655112651646448	-0.05459272097053735	Control	ENSG00000204580	0.34959148304035653	0.14730077880455106	FALSE	16	DDR1	DDR1
ENSG00000172336	274	370	-96	-1.329787302459137	0.8664273334983907	0.921020054468928	-0.05459272097053724	Control	ENSG00000172336	0.3492201039861352	-0.1965151763839117	FALSE	16	POP7	POP7
ENSG00000148730	30	57	-27	-0.39591499784007106	0.5963109680614014	0.6509036890319386	-0.05459272097053724	Control	ENSG00000148730	0.3492201039861352	0.04249081100394569	FALSE	16	EIF4EBP2	EIF4EBP2
ENSG00000154144	39	72	-33	-0.47712128519825064	0.632087150284724	0.6865560782371875	-0.0544689279524635	Control	ENSG00000154144	0.3488487249319138	-0.09085965416509544	FALSE	16	TBRG1	TBRG1
ENSG00000119771	33	32	1	-0.01695232350189942	0.6070809606338202	0.5529834117355781	0.05409754889824214	AD	ENSG00000119771	0.3482297598415449	-0.0715902861096751	FALSE	16	KLHL29	KLHL29
ENSG00000182732	33	32	1	-0.01695232350189942	0.6070809606338202	0.5529834117355781	0.05409754889824214	AD	ENSG00000182732	0.3482297598415449	-0.0815470699908154	FALSE	16	RGS6	RGS6
ENSG00000118496	5	13	-8	-0.1387617545391689	0.3247090864075266	0.37880663530576875	-0.05409754889824214	Control	ENSG00000118496	0.3482297598415449	0.091301240248729	FALSE	16	FBXO30	FBXO30
ENSG00000247077	5	13	-8	-0.1387617545391689	0.3247090864075266	0.37880663530576875	-0.05409754889824214	Control	ENSG00000247077	0.3482297598415449	-0.13929827865308653	FALSE	16	PGAM5	PGAM5
ENSG00000116747	29	55	-26	-0.38238061661370776	0.5914830403565239	0.6454567962366923	-0.05397375588016839	Control	ENSG00000116747	0.347610794751176	0.0698730079120331	FALSE	16	RO60	RO60
ENSG00000131437	399	250	149	1.9861360979998648	0.9147066105471652	0.8608566476850705	0.05384996286209465	AD	ENSG00000131437	0.3472394156969547	-0.18795485185932748	FALSE	16	KIF3A	KIF3A
ENSG00000147799	45	41	4	0.02365082017719039	0.6496657588512008	0.5958157959891062	0.05384996286209465	AD	ENSG00000147799	0.3472394156969547	-0.07645872583193558	FALSE	16	ARHGAP39	ARHGAP39
ENSG00000247556	76	61	15	0.17252901366718637	0.714409507303788	0.660807130477841	0.05360237682594704	AD	ENSG00000247556	0.34686803664273336	-0.20382542222006172	FALSE	16	OIP5-AS1	OIP5-AS1
ENSG00000115514	14	30	-16	-0.24703680435007505	0.4860113889576628	0.5396137657836098	-0.05360237682594698	Control	ENSG00000115514	0.3466204506065858	-0.16191631054540156	FALSE	16	TXNDC9	TXNDC9
ENSG00000198113	3	4	-1	-0.04402108595462597	0.2442436246595692	0.19076504085169596	0.05347858380787324	Control	ENSG00000198113	0.34426838326318393	0.14124963761505782	FALSE	16	TOR4A	TOR4A
ENSG00000122584	3	4	-1	-0.04402108595462597	0.2442436246595692	0.19076504085169596	0.05347858380787324	Control	ENSG00000122584	0.34426838326318393	-0.3296185522129713	FALSE	16	NXPH1	NXPH1
ENSG00000169641	3	4	-1	-0.04402108595462597	0.2442436246595692	0.19076504085169596	0.05347858380787324	Control	ENSG00000169641	0.34426838326318393	-0.02744022909561749	FALSE	16	LUZP1	LUZP1
ENSG00000103260	3	4	-1	-0.04402108595462597	0.2442436246595692	0.19076504085169596	0.05347858380787324	Control	ENSG00000103260	0.34426838326318393	0.06295819501853295	FALSE	16	METRN	METRN
ENSG00000172508	3	4	-1	-0.04402108595462597	0.2442436246595692	0.19076504085169596	0.05347858380787324	Control	ENSG00000172508	0.34426838326318393	-0.11493719224237076	FALSE	16	CARNS1	CARNS1
ENSG00000170775	3	4	-1	-0.04402108595462597	0.2442436246595692	0.19076504085169596	0.05347858380787324	Control	ENSG00000170775	0.34426838326318393	0.15835503468725065	FALSE	16	GPR37	GPR37
ENSG00000248487	3	4	-1	-0.04402108595462597	0.2442436246595692	0.19076504085169596	0.05347858380787324	Control	ENSG00000248487	0.34426838326318393	0.0394530555488668	FALSE	16	ABHD14A	ABHD14A
ENSG00000135047	3	4	-1	-0.04402108595462597	0.2442436246595692	0.19076504085169596	0.05347858380787324	Control	ENSG00000135047	0.34426838326318393	-0.1148884845901037	FALSE	16	CTSL	CTSL
ENSG00000167291	3	4	-1	-0.04402108595462597	0.2442436246595692	0.19076504085169596	0.05347858380787324	Control	ENSG00000167291	0.34426838326318393	0.01729380157646431	FALSE	16	TBC1D16	TBC1D16
ENSG00000188389	3	4	-1	-0.04402108595462597	0.2442436246595692	0.19076504085169596	0.05347858380787324	Control	ENSG00000188389	0.34426838326318393	-0.0236293388526434	FALSE	16	PDCD1	PDCD1
ENSG00000115657	3	4	-1	-0.04402108595462597	0.2442436246595692	0.19076504085169596	0.05347858380787324	Control	ENSG00000115657	0.34426838326318393	0.14111540228704467	FALSE	16	ABCB6	ABCB6
ENSG00000040633	3	4	-1	-0.04402108595462597	0.2442436246595692	0.19076504085169596	0.05347858380787324	Control	ENSG00000040633	0.34426838326318393	4.63368423602617e-4	FALSE	16	PHF23	PHF23
ENSG00000223865	3	4	-1	-0.04402108595462597	0.2442436246595692	0.19076504085169596	0.05347858380787324	Control	ENSG00000223865	0.34426838326318393	0.12159936606889232	FALSE	16	HLA-DPB1	HLA-DPB1
ENSG00000101361	3	4	-1	-0.04402108595462597	0.2442436246595692	0.19076504085169596	0.05347858380787324	Control	ENSG00000101361	0.34426838326318393	-0.00421404848503037	FALSE	16	NOP56	NOP56
ENSG00000064961	3	4	-1	-0.04402108595462597	0.2442436246595692	0.19076504085169596	0.05347858380787324	Control	ENSG00000064961	0.34426838326318393	0.17409766720776965	FALSE	16	HMG20B	HMG20B
ENSG00000131196	3	4	-1	-0.04402108595462597	0.2442436246595692	0.19076504085169596	0.05347858380787324	Control	ENSG00000131196	0.34426838326318393	0.1649919860640514	FALSE	16	NFATC1	NFATC1
ENSG00000101391	3	4	-1	-0.04402108595462597	0.2442436246595692	0.19076504085169596	0.05347858380787324	Control	ENSG00000101391	0.34426838326318393	0.04241164548947473	FALSE	16	CDK5RAP1	CDK5RAP1
ENSG00000171310	3	4	-1	-0.04402108595462597	0.2442436246595692	0.19076504085169596	0.05347858380787324	Control	ENSG00000171310	0.34426838326318393	0.11838330646021156	FALSE	16	CHST11	CHST11
ENSG00000184545	11	25	-14	-0.21996804189734853	0.45233968804159447	0.505694478831394	-0.05335479078979949	Control	ENSG00000184545	0.3419163159197821	-0.02445740038446153	FALSE	16	DUSP8	DUSP8
ENSG00000128285	373	235	138	1.837257904509869	0.9043079970289676	0.8509532062391681	0.05335479078979943	AD	ENSG00000128285	0.34154493686556076	-0.25618900027947866	FALSE	16	MCHR1	MCHR1
ENSG00000073150	42	76	-34	-0.4906556664246139	0.6413716266402575	0.6947264174300569	-0.05335479078979943	Control	ENSG00000073150	0.34154493686556076	-0.14821838604240334	FALSE	16	PANX2	PANX2
ENSG00000113763	125	190	-65	-0.9102214844418752	0.7672691260212924	0.8205001237930181	-0.05323099777172568	Control	ENSG00000113763	0.3408021787571181	-0.07995820266284603	FALSE	16	UNC5A	UNC5A
ENSG00000116141	247	165	82	1.0793325558335256	0.852191136419906	0.7989601386481803	0.05323099777172568	AD	ENSG00000116141	0.3408021787571181	-0.11709467583744804	FALSE	16	MARK1	MARK1
ENSG00000156050	41	38	3	0.01011643895082711	0.6387719732607081	0.5855409754889824	0.05323099777172568	AD	ENSG00000156050	0.3408021787571181	-0.17114014979732595	FALSE	16	FAM161B	FAM161B
ENSG00000111237	41	38	3	0.01011643895082711	0.6387719732607081	0.5855409754889824	0.05323099777172568	AD	ENSG00000111237	0.3408021787571181	-0.1227564597317894	FALSE	16	VPS29	VPS29
ENSG00000160469	63	109	-46	-0.6530682411409732	0.6912602129239911	0.7442436246595692	-0.05298341173557808	Control	ENSG00000160469	0.3400594206486754	-0.08561903258059367	FALSE	16	BRSK1	BRSK1
ENSG00000124243	203	282	-79	-1.0997028216109612	0.8253280514978956	0.8783114632334736	-0.05298341173557808	Control	ENSG00000124243	0.3400594206486754	-0.16709390711232786	FALSE	16	BCAS4	BCAS4
ENSG00000185274	205	284	-79	-1.0997028216109612	0.8270611537509285	0.8799207724684328	-0.05285961871750433	Control	ENSG00000185274	0.3395642485763803	-0.22508033678273695	FALSE	16	GALNT17	GALNT17
ENSG00000138311	492	300	192	2.5681144907334854	0.9414459024511016	0.8885862837335974	0.05285961871750433	AD	ENSG00000138311	0.3395642485763803	-0.21605626077165496	FALSE	16	ZNF365	ZNF365
ENSG00000156411	133	94	39	0.49735416309990493	0.7750680861599406	0.7224560534785838	0.05261203268135683	AD	ENSG00000156411	0.33919286952215894	-0.1908256722149062	FALSE	16	ATP5MJ	ATP5MJ
ENSG00000130147	8	20	-12	-0.192899279444622	0.4022035157217133	0.4548155484030701	-0.05261203268135678	Control	ENSG00000130147	0.33869769744986383	0.14007088024846936	FALSE	16	SH3BP4	SH3BP4
ENSG00000129932	8	20	-12	-0.192899279444622	0.4022035157217133	0.4548155484030701	-0.05261203268135678	Control	ENSG00000129932	0.33869769744986383	-0.15367351224503167	FALSE	16	DOHH	DOHH
ENSG00000228315	8	20	-12	-0.192899279444622	0.4022035157217133	0.4548155484030701	-0.05261203268135678	Control	ENSG00000228315	0.33869769744986383	1.1244048501257708e-4	FALSE	16	GUSBP11	GUSBP11
ENSG00000172824	21	41	-20	-0.3011743292555282	0.5432037633077494	0.5958157959891062	-0.05261203268135672	Control	ENSG00000172824	0.33820252537756873	-0.11094674012862173	FALSE	16	CES4A	CES4A
ENSG00000125827	180	249	-69	-0.9643590093473284	0.8076256499133448	0.8601138895766279	-0.05248823966328309	Control	ENSG00000125827	0.3379549393414211	-0.19939692434618728	FALSE	16	TMX4	TMX4
ENSG00000087470	598	369	229	3.0688865961089267	0.9727655360237684	0.9202772963604852	0.05248823966328297	AD	ENSG00000087470	0.3375835602871998	-0.22101115578993813	FALSE	16	DNM1L	DNM1L
ENSG00000177169	55	97	-42	-0.5989307162355201	0.6744243624659569	0.7269126021292399	-0.05248823966328297	Control	ENSG00000177169	0.3375835602871998	-0.04163745363660887	FALSE	16	ULK1	ULK1
ENSG00000006432	284	188	96	1.2688138930026114	0.8715028472394157	0.8191384005942065	0.05236444664520923	AD	ENSG00000006432	0.33708838821490467	-0.12918501804892557	FALSE	16	MAP3K9	MAP3K9
ENSG00000104852	12	27	-15	-0.23350242312371175	0.46595692002971034	0.5183213666749196	-0.05236444664520923	Control	ENSG00000104852	0.33708838821490467	0.04825977566706108	FALSE	16	SNRNP70	SNRNP70
ENSG00000123360	305	202	103	1.3635545615871545	0.8817776677395395	0.8295370141124041	0.05224065362713537	AD	ENSG00000123360	0.3367170091606833	-0.1476711606152623	FALSE	16	PDE1B	PDE1B
ENSG00000091640	19	22	-3	-0.07108984840735251	0.5283486011388958	0.47623174052983414	0.05211686060906168	Control	ENSG00000091640	0.33646942312453576	-0.1291722603148493	FALSE	16	SPAG7	SPAG7
ENSG00000166922	607	372	235	3.1500928834671065	0.9737558801683583	0.9217628125773706	0.05199306759098787	AD	ENSG00000166922	0.33609804407031446	-0.3335758258798336	FALSE	16	SCG5	SCG5
ENSG00000134996	155	105	50	0.646232356589901	0.7896756622926467	0.7376825947016589	0.05199306759098787	AD	ENSG00000134996	0.33609804407031446	-0.1758266955376353	FALSE	16	OSTF1	OSTF1
ENSG00000213983	29	30	-1	-0.04402108595462597	0.5914830403565239	0.5396137657836098	0.05186927457291412	Control	ENSG00000213983	0.3357266650160931	0.13394297554133594	FALSE	16	AP1G2	AP1G2
ENSG00000132341	359	458	-99	-1.3703904461382266	0.898984897251795	0.9507303788066354	-0.05174548155484038	Control	ENSG00000132341	0.33535528596187175	-0.18651688541184977	FALSE	16	RAN	RAN
ENSG00000075790	384	244	140	1.8643266669625955	0.9092597177519188	0.85751423619707845	0.05174548155484038	AD	ENSG00000075790	0.33535528596187175	-0.15692250659687623	FALSE	16	BCAP29	BCAP29
ENSG00000120727	188	258	-70	-0.9778933905736916	0.8138153008170339	0.8655607823718742	-0.05174548155484027	Control	ENSG00000120727	0.3349839069076504	-0.1934867934028244	FALSE	16	PAIP2	PAIP2
ENSG00000184203	37	68	-31	-0.4500525227455241	0.6239168110918544	0.6754147066105471	-0.05149789551869277	Control	ENSG00000184203	0.3343649418172815	-0.25297892641680875	FALSE	16	PPP1R2	PPP1R2
ENSG00000119927	8	11	-3	-0.07108984840735251	0.4022035157217133	0.35070562020302054	0.05149789551869277	Control	ENSG00000119927	0.3343649418172815	0.2018840513917226	FALSE	16	GPAM	GPAM
ENSG00000137494	8	11	-3	-0.07108984840735251	0.4022035157217133	0.35070562020302054	0.05149789551869277	Control	ENSG00000137494	0.3343649418172815	-0.2206195968811251	FALSE	16	ANKRD42	ANKRD42
ENSG00000101871	6	15	-9	-0.15229613576553216	0.35528596187175043	0.4067838573904432	-0.05149789551869277	Control	ENSG00000101871	0.3343649418172815	0.05158079272143112	FALSE	16	MID1	MID1
ENSG00000149657	87	141	-54	-0.7613432909518794	0.7275315672196088	0.7789056697202278	-0.05137410250061902	Control	ENSG00000149657	0.3337459767269126	-0.10931286248474592	FALSE	16	LSM14B	LSM14B
ENSG00000263874	259	174	85	1.1199356995126155	0.8591235454320376	0.8077494429314187	0.05137410250061891	AD	ENSG00000263874	0.33349839069076503	-0.14315851956909853	FALSE	16	LASP1NB	LASP1NB
ENSG00000145335	468	292	176	2.351564391111673	0.9359990096558554	0.8847487001733102	0.05125030948254516	AD	ENSG00000145335	0.3332508046546175	-0.24883966803091795	FALSE	16	SNCA	SNCA
ENSG00000144834	541	329	212	2.838802115260751	0.95481554840307	0.9036890319385986	0.05112651646447141	AD	ENSG00000144834	0.33300321861846993	-0.27399362368367974	FALSE	16	TAGLN3	TAGLN3
ENSG00000115966	71	117	-46	-0.6530682411409732	0.7051250309482545	0.7561277543946522	-0.05100272344639767	Control	ENSG00000115966	0.3327556325823224	-0.06695268775286323	FALSE	16	ATF2	ATF2
ENSG00000138018	527	321	206	2.757595827902571	0.9509779648427829	0.8999752413963853	0.05100272344639756	AD	ENSG00000138018	0.3325080465461748	-0.20920298608766252	FALSE	16	SELENOI	SELENOI
ENSG00000120805	339	435	-96	-1.329787302459137	0.8930428323842535	0.9439217628125772	-0.05087893042832381	Control	ENSG00000120805	0.3321366674919535	-0.18395102697854784	FALSE	16	ARL1	ARL1
ENSG00000196950	328	427	-99	-1.3703904461382266	0.8893290418420401	0.940207972270364	-0.05087893042832381	Control	ENSG00000196950	0.3321366674919535	-0.28092128764990143	FALSE	16	SLC39A10	SLC39A10
ENSG00000127220	62	106	-44	-0.6259994786882467	0.6887843525625155	0.7395394899727655	-0.05075513741025006	Control	ENSG00000127220	0.3317652884377321	-0.1287392690030131	FALSE	16	ABHD8	ABHD8
ENSG00000120645	123	184	-61	-0.8560839595364222	0.7655360237682595	0.8161673681604358	-0.05063134439217631	Control	ENSG00000120645	0.33139390938351077	-0.07952823885917759	FALSE	16	IQSEC3	IQSEC3
ENSG00000196498	26	28	-2	-0.057555467180989237	0.5757613270611538	0.5251299826689775	0.05063134439217631	Control	ENSG00000196498	0.33139390938351077	-0.01049115615279738	FALSE	16	NCOR2	NCOR2
ENSG00000198563	3	8	-5	-0.09815861086007906	0.2442436246595692	0.2948749690517455	-0.05063134439217628	Control	ENSG00000198563	0.3299083931666254	0.05972491801865232	FALSE	16	DDX39B	DDX39B
ENSG00000067066	3	8	-5	-0.09815861086007906	0.2442436246595692	0.2948749690517455	-0.05063134439217628	Control	ENSG00000067066	0.3299083931666254	0.33631500041986406	FALSE	16	SP100	SP100
ENSG00000114391	3	8	-5	-0.09815861086007906	0.2442436246595692	0.2948749690517455	-0.05063134439217628	Control	ENSG00000114391	0.3299083931666254	-0.02484987761124557	FALSE	16	RPL24	RPL24
ENSG00000120694	3	8	-5	-0.09815861086007906	0.2442436246595692	0.2948749690517455	-0.05063134439217628	Control	ENSG00000120694	0.3299083931666254	-0.1846734976398068	FALSE	16	HSPH1	HSPH1
ENSG00000213199	3	8	-5	-0.09815861086007906	0.2442436246595692	0.2948749690517455	-0.05063134439217628	Control	ENSG00000213199	0.3299083931666254	0.08079513980926656	FALSE	16	ASIC3	ASIC3
ENSG00000184574	3	8	-5	-0.09815861086007906	0.2442436246595692	0.2948749690517455	-0.05063134439217628	Control	ENSG00000184574	0.3299083931666254	0.01217883614956072	FALSE	16	LPAR5	LPAR5
ENSG00000214193	3	8	-5	-0.09815861086007906	0.2442436246595692	0.2948749690517455	-0.05063134439217628	Control	ENSG00000214193	0.3299083931666254	-0.1063597563765608	FALSE	16	SH3D21	SH3D21
ENSG00000240184	3	8	-5	-0.09815861086007906	0.2442436246595692	0.2948749690517455	-0.05063134439217628	Control	ENSG00000240184	0.3299083931666254	-0.08114751837081968	FALSE	16	PCDHGC3	PCDHGC3
ENSG00000109083	3	8	-5	-0.09815861086007906	0.2442436246595692	0.2948749690517455	-0.05063134439217628	Control	ENSG00000109083	0.3299083931666254	0.00109727123887282	FALSE	16	IFT20	IFT20
ENSG00000129151	3	8	-5	-0.09815861086007906	0.2442436246595692	0.2948749690517455	-0.05063134439217628	Control	ENSG00000129151	0.3299083931666254	0.10398509872184648	FALSE	16	BBOX1	BBOX1
ENSG00000279419	5	7	-2	-0.057555467180989237	0.3247090864075266	0.2742015350334241	0.05050755137410251	Control	ENSG00000279419	0.3281752909135925	0.2548343923348151	FALSE	16	NA	ENSG00000279419
ENSG00000176204	5	7	-2	-0.057555467180989237	0.3247090864075266	0.2742015350334241	0.05050755137410251	Control	ENSG00000176204	0.3281752909135925	-0.10314679359511024	FALSE	16	LRRTM4	LRRTM4
ENSG00000251623	5	7	-2	-0.057555467180989237	0.3247090864075266	0.2742015350334241	0.05050755137410251	Control	ENSG00000251623	0.3281752909135925	0.05292368738594799	FALSE	16	NA	ENSG00000251623
ENSG00000125352	5	7	-2	-0.057555467180989237	0.3247090864075266	0.2742015350334241	0.05050755137410251	Control	ENSG00000125352	0.3281752909135925	-0.07007372978118731	FALSE	16	RNF113A	RNF113A
ENSG00000085377	609	381	228	3.0553522148825634	0.9743748452587274	0.9239910869026988	0.05038375835602871	AD	ENSG00000085377	0.3275563258232236	-0.2071482570545999	FALSE	16	PREP	PREP
ENSG00000151320	373	239	134	1.7831203796044155	0.9043079970289676	0.8541718247090864	0.05013617231988121	AD	ENSG00000151320	0.3271849467690022	-0.22237168624376305	FALSE	16	AKAP6	AKAP6
ENSG00000166441	17	34	-17	-0.2605711855764383	0.5127506808615994	0.5628868531814806	-0.05013617231988121	Control	ENSG00000166441	0.3271849467690022	-0.02420052722943921	FALSE	16	RPL27A	RPL27A
ENSG00000112695	16	20	-4	-0.08462422963371578	0.5049517207229512	0.4548155484030701	0.05013617231988115	Control	ENSG00000112695	0.3268135677147809	-0.13452061930059145	FALSE	16	COX7A2	COX7A2
ENSG00000141668	248	169	79	1.038729412154436	0.8529338945283486	0.8027977222084675	0.0501361723198811	AD	ENSG00000141668	0.3265659816786333	-0.23543205933853703	FALSE	16	CBLN2	CBLN2
ENSG00000159164	436	283	153	2.040273622905318	0.92894280762565	0.8789304283238425	0.05001237930180746	AD	ENSG00000159164	0.32631839564248577	-0.21115553184991853	FALSE	16	SV2A	SV2A
ENSG00000129159	205	279	-74	-1.0320309154791447	0.8270611537509285	0.8770735330527358	-0.05001237930180735	Control	ENSG00000129159	0.3260708096063382	-0.08311605268650801	FALSE	16	KCNC1	KCNC1
ENSG00000136950	231	308	-77	-1.0726340591582346	0.8430304530824462	0.8929190393661798	-0.0498885862837336	Control	ENSG00000136950	0.32569943055211686	-0.19575888497552008	FALSE	16	ARPC5L	ARPC5L
ENSG00000104331	74	61	13	0.14546025121445982	0.7106957167615746	0.660807130477841	0.0498885862837336	AD	ENSG00000104331	0.32569943055211686	-0.13929884882417554	FALSE	16	BPNT2	BPNT2
ENSG00000144746	465	293	172	2.2974268662062203	0.9351324585293388	0.8854914582817529	0.049641000247586	AD	ENSG00000144746	0.32520425847982176	-0.1895912540375555	FALSE	16	ARL6IP5	ARL6IP5
ENSG00000007080	13	17	-4	-0.08462422963371578	0.47660311958405543	0.42696211933646944	0.049641000247586	Control	ENSG00000007080	0.32520425847982176	-0.15403508152470735	FALSE	16	CCDC124	CCDC124
ENSG00000168993	49	86	-37	-0.5312588101037037	0.6600643723693984	0.7095815795989107	-0.04951720722951225	Control	ENSG00000168993	0.3247090864075266	-0.3152908056668977	FALSE	16	CPLX1	CPLX1
ENSG00000146535	72	60	12	0.13192586998809655	0.7077246843278039	0.6582074770982916	0.04951720722951225	AD	ENSG00000146535	0.3247090864075266	0.16091430881080626	FALSE	16	GNA12	GNA12
ENSG00000057757	621	387	234	3.136558502240743	0.9756127754394652	0.9262193612280268	0.0493934142114385	AD	ENSG00000057757	0.3240901213171577	-0.20156186338084936	FALSE	16	PITHD1	PITHD1
ENSG00000055130	299	396	-97	-1.3433216836855	0.8785590492696211	0.9279524634810596	-0.0493934142114385	Control	ENSG00000055130	0.3240901213171577	-0.0725589620075695	FALSE	16	CUL1	CUL1
ENSG00000102385	20	23	-3	-0.07108984840735251	0.5360237682594702	0.4866303540480317	0.0493934142114385	Control	ENSG00000102385	0.3240901213171577	-0.1116101136692329	FALSE	16	DRP2	DRP2
ENSG00000154822	163	227	-64	-0.896687103215512	0.7959891062144095	0.8452587274077742	-0.04926962119336464	Control	ENSG00000154822	0.3235949492448626	-0.1863927544095283	FALSE	16	PLCL2	PLCL2
ENSG00000257732	51	88	-37	-0.5312588101037037	0.6641495419658331	0.713295370141124	-0.04914582817529089	Control	ENSG00000257732	0.32334736320871504	-0.05454897083554	FALSE	16	TXNRD1-AS1	TXNRD1-AS1
ENSG00000186288	363	235	128	1.701914092246236	0.8999752413963853	0.8509532062391681	0.04902203515721715	AD	ENSG00000186288	0.3230997771725675	-0.2888931595235418	FALSE	16	PABPC1L2A	PABPC1L2A
ENSG00000119812	14	18	-4	-0.08462422963371578	0.4860113889576628	0.4371131468185194	0.04889824213914334	Control	ENSG00000119812	0.3228521911364199	-0.08503042472063882	FALSE	16	FAM98A	FAM98A
ENSG00000152556	103	158	-55	-0.7748776721782427	0.7437484525872741	0.7923991086902699	-0.04865065610299579	Control	ENSG00000152556	0.322233226046051	-0.2056589817808021	FALSE	16	PFKM	PFKM
ENSG00000128609	197	132	65	0.84924807498535	0.821119088883387	0.7724684327803912	0.04865065610299579	AD	ENSG00000128609	0.322233226046051	-0.2535385786234734	FALSE	16	NDUFA5	NDUFA5
ENSG00000081803	191	126	65	0.84924807498535	0.8156721960881407	0.7670215399851449	0.04865065610299579	AD	ENSG00000081803	0.322233226046051	-0.13282236704457873	FALSE	16	CADPS2	CADPS2
ENSG00000075826	27	50	-23	-0.34177747293461797	0.5817033919286952	0.630354048031691	-0.04865065610299579	Control	ENSG00000075826	0.322233226046051	0.07703246310238576	FALSE	16	SEC31B	SEC31B
ENSG00000103512	119	176	-57	-0.8019464346309692	0.7614508541718247	0.8099777172567467	-0.04852686308492204	Control	ENSG00000103512	0.3216142609556821	-0.1301957294560907	FALSE	16	NOMO1	NOMO1
ENSG00000170786	374	243	131	1.742517235925326	0.9052983411735578	0.8567714780886359	0.04852686308492193	AD	ENSG00000170786	0.3213666749195345	-0.3993810695957984	FALSE	16	SDR16C5	SDR16C5
ENSG00000022355	564	349	215	2.879405258939841	0.9628620945778658	0.9144590245110176	0.04840307006684818	AD	ENSG00000022355	0.3209952958653132	-0.2819764105794711	FALSE	16	GABRA1	GABRA1
ENSG00000186907	40	71	-31	-0.4500525227455241	0.6358009408269374	0.6842040108937856	-0.04840307006684818	Control	ENSG00000186907	0.3209952958653132	-0.21397945338042668	FALSE	16	RTN4RL2	RTN4RL2
ENSG00000126583	290	200	90	1.1876076056444318	0.8750928447635553	0.8268135677147809	0.04827927704877444	AD	ENSG00000126583	0.3203763307749443	-0.3553701563716487	FALSE	16	PRKCG	PRKCG
ENSG00000182674	98	150	-52	-0.7342745284991528	0.7394156969546918	0.7876949740034662	-0.04827927704877444	Control	ENSG00000182674	0.3203763307749443	-0.2547324267735025	FALSE	16	KCNB2	KCNB2
ENSG00000143756	63	106	-43	-0.6124650974618834	0.6912602129239911	0.7395394899727655	-0.04827927704877444	Control	ENSG00000143756	0.3203763307749443	-0.1207346815499335	FALSE	16	FBXO28	FBXO28
ENSG00000214517	235	162	73	0.9575231247962562	0.8451349343897004	0.7971032433770735	0.04803169101262694	AD	ENSG00000214517	0.3197573656845754	-0.21549913423620737	FALSE	16	PPME1	PPME1
ENSG00000131473	89	138	-49	-0.693671384820063	0.7298836345630106	0.7779153255756376	-0.04803169101262694	Control	ENSG00000131473	0.3197573656845754	-0.19054693929725097	FALSE	16	ACLY	ACLY
ENSG00000072062	278	189	89	1.1740732244180685	0.8680366427333498	0.820004951720723	0.04803169101262683	AD	ENSG00000072062	0.31938598663035406	-0.14485776277381923	FALSE	16	PRKACA	PRKACA
ENSG00000163032	590	377	213	2.8523364964871143	0.9707848477345876	0.9228769497400346	0.04790789799455308	AD	ENSG00000163032	0.3190146075761327	-0.4096218642686989	FALSE	16	VSNL1	VSNL1
ENSG00000119862	228	158	70	0.9169199811171664	0.8403070066848229	0.7923991086902699	0.04790789799455308	AD	ENSG00000119862	0.3190146075761327	-0.12629564205092692	FALSE	16	LGALSL	LGALSL
ENSG00000089169	220	291	-71	-0.9914277718000548	0.836345630106462	0.8841297350829413	-0.04778410497647933	Control	ENSG00000089169	0.3185194355038376	-0.407541814083487	FALSE	16	RPH3A	RPH3A
ENSG00000018408	41	72	-31	-0.4500525227455241	0.6387719732607081	0.6865560782371875	-0.04778410497647933	Control	ENSG00000018408	0.3185194355038376	0.2927658492648675	FALSE	16	WWTR1	WWTR1
ENSG00000156486	439	288	151	2.0132048604525914	0.9299331517702402	0.8822728398118346	0.04766031195840559	AD	ENSG00000156486	0.31814805644961625	-0.24820262006056204	FALSE	16	KCNS2	KCNS2
ENSG00000133026	187	250	-63	-0.8831527219891488	0.813196335726665	0.8608566476850705	-0.04766031195840548	Control	ENSG00000133026	0.3177766773953949	-0.13679093076468973	FALSE	16	MYH10	MYH10
ENSG00000078114	26	48	-22	-0.3282430917082547	0.5757613270611538	0.6234216390195593	-0.04766031195840548	Control	ENSG00000078114	0.3177766773953949	0.13515415296081912	FALSE	16	NEBL	NEBL
ENSG00000170214	56	95	-39	-0.5583275725564303	0.6770240158455063	0.7244367417677643	-0.04741272592225798	Control	ENSG00000170214	0.31740529834117354	-0.26214824540466797	FALSE	16	ADRA1B	ADRA1B
ENSG00000164076	406	267	139	1.850792285736232	0.9185441941074524	0.8713790542213419	0.04716513988611048	AD	ENSG00000164076	0.317157712305026	-0.16350538044002505	FALSE	16	CAMKV	CAMKV
ENSG00000115840	526	329	197	2.635786396865302	0.9507303788066354	0.9036890319385986	0.04704134686803674	AD	ENSG00000115840	0.31691012626887843	-0.18244563882314505	FALSE	16	SLC25A12	SLC25A12
ENSG00000155876	312	402	-90	-1.248581015100957	0.8838821490467937	0.9306759098786828	-0.04679376083188913	Control	ENSG00000155876	0.3166625402327309	-0.17007462635553594	FALSE	16	RRAGA	RRAGA
ENSG00000182899	7	10	-3	-0.07108984840735251	0.3815300817033919	0.33473632087150285	0.04679376083188907	Control	ENSG00000182899	0.31641495419658333	-0.02917914790332432	FALSE	16	RPL35A	RPL35A
ENSG00000047315	227	294	-67	-0.937290246894602	0.8395642485763803	0.8863580094082694	-0.04679376083188902	Control	ENSG00000047315	0.316043575142362	-0.12782750879427063	FALSE	16	POLR2B	POLR2B
ENSG00000169018	208	275	-67	-0.937290246894602	0.8282990839316663	0.8750928447635553	-0.04679376083188902	Control	ENSG00000169018	0.316043575142362	-0.12737008672443828	FALSE	16	FEM1B	FEM1B
ENSG00000010256	297	204	93	1.2282107493235217	0.8776924981431047	0.8310225303292894	0.04666996781381527	AD	ENSG00000010256	0.3156721960881406	-0.13168695615060422	FALSE	16	UQCRC1	UQCRC1
ENSG00000170419	326	414	-88	-1.2215122526482307	0.888833869769745	0.9353800445654864	-0.04654617479574152	Control	ENSG00000170419	0.3151770240158455	-0.28104753650654857	FALSE	16	VSTM2A	VSTM2A
ENSG00000167881	93	144	-51	-0.7207401472727896	0.7347115622678881	0.7812577370636297	-0.04654617479574152	Control	ENSG00000167881	0.3151770240158455	-0.06825869792490202	FALSE	16	SRP68	SRP68
ENSG00000141252	37	66	-29	-0.4229837602927976	0.6239168110918544	0.6704629858875959	-0.04654617479574152	Control	ENSG00000141252	0.3151770240158455	-0.080861272075472	FALSE	16	VPS53	VPS53
ENSG00000168135	146	203	-57	-0.8019464346309692	0.7839811834612528	0.8304035652389206	-0.04642238177766777	Control	ENSG00000168135	0.31468185194355036	-0.17055864173021718	FALSE	16	KCNJ4	KCNJ4
ENSG00000143621	14	29	-15	-0.23350242312371175	0.4860113889576628	0.5324337707353305	-0.04642238177766772	Control	ENSG00000143621	0.31431047288932906	-0.08007067054997208	FALSE	16	ILF2	ILF2
ENSG00000131398	14	29	-15	-0.23350242312371175	0.4860113889576628	0.5324337707353305	-0.04642238177766772	Control	ENSG00000131398	0.31431047288932906	-0.10350694942860628	FALSE	16	KCNC3	KCNC3
ENSG00000198010	252	175	77	1.011660649701709	0.8550383758356028	0.8086159940579352	0.04642238177766766	AD	ENSG00000198010	0.3138153008170339	-0.1568570111432166	FALSE	16	DLGAP2	DLGAP2
ENSG00000143473	371	455	-84	-1.1673747277427775	0.9025748947759348	0.9489972765536024	-0.04642238177766766	Control	ENSG00000143473	0.3138153008170339	-0.23563761022280083	FALSE	16	KCNH1	KCNH1
ENSG00000102901	21	24	-3	-0.07108984840735251	0.5432037633077494	0.4969051745481554	0.04629858875959397	Control	ENSG00000102901	0.3133201287447388	0.04797290029322454	FALSE	16	CENPT	CENPT
ENSG00000129675	21	24	-3	-0.07108984840735251	0.5432037633077494	0.4969051745481554	0.04629858875959397	Control	ENSG00000129675	0.3133201287447388	0.13249956715632472	FALSE	16	ARHGEF6	ARHGEF6
ENSG00000083720	405	512	-107	-1.4786654959491328	0.918172815053231	0.9644714038128248	-0.04629858875959392	Control	ENSG00000083720	0.3128249566724437	-0.2854942598491128	FALSE	16	OXCT1	OXCT1
ENSG00000108797	381	251	130	1.7289828546989627	0.9081455805892548	0.8618469918296608	0.04629858875959392	AD	ENSG00000108797	0.3128249566724437	-0.14204018922750627	FALSE	16	CNTNAP1	CNTNAP1
ENSG00000171450	261	334	-73	-1.0184965342527814	0.8604852686308492	0.9066600643723692	-0.04617479574152017	Control	ENSG00000171450	0.31232978460014854	-0.28528336524628095	FALSE	16	CDK5R2	CDK5R2
ENSG00000108946	106	159	-53	-0.7478089097255161	0.7475860361475613	0.7937608318890814	-0.04617479574152017	Control	ENSG00000108946	0.31232978460014854	-0.1588019984957949	FALSE	16	PRKAR1A	PRKAR1A
ENSG00000179222	64	106	-42	-0.5989307162355201	0.6934884872493191	0.7395394899727655	-0.04605100272344642	Control	ENSG00000179222	0.3119584055459272	-0.2560174325482105	FALSE	16	MAGED1	MAGED1
ENSG00000177303	12	26	-14	-0.21996804189734853	0.46595692002971034	0.5118841297350829	-0.04592720970537256	Control	ENSG00000177303	0.31171081950977964	0.03069636364305239	FALSE	16	CASKIN2	CASKIN2
ENSG00000132386	535	334	201	2.689923921770755	0.9524634810596684	0.9066600643723692	0.04580341668729892	AD	ENSG00000132386	0.3113394404555583	-0.3157580758956975	FALSE	16	SERPINF1	SERPINF1
ENSG00000173660	124	93	31	0.38907911328899875	0.7666501609309235	0.7208467442436246	0.04580341668729892	AD	ENSG00000173660	0.3113394404555583	-0.14947326613449796	FALSE	16	UQCRH	UQCRH
ENSG00000069424	273	344	-71	-0.9914277718000548	0.8658083684080218	0.9114879920772468	-0.04567962366922507	Control	ENSG00000069424	0.310968061401337	-0.21184538740598313	FALSE	16	KCNAB2	KCNAB2
ENSG00000170921	168	226	-58	-0.8154808158573325	0.799083931666254	0.8446397623174053	-0.04555583065115132	Control	ENSG00000170921	0.31072047536518943	-0.08607037106025217	FALSE	16	TANC2	TANC2
ENSG00000180769	11	15	-4	-0.08462422963371578	0.45233968804159447	0.4067838573904432	0.04555583065115126	Control	ENSG00000180769	0.31022530329289427	0.05238368452400088	FALSE	16	WDFY3-AS2	WDFY3-AS2
ENSG00000104341	11	15	-4	-0.08462422963371578	0.45233968804159447	0.4067838573904432	0.04555583065115126	Control	ENSG00000104341	0.31022530329289427	-0.2098556853013935	FALSE	16	LAPTM4B	LAPTM4B
ENSG00000147403	11	15	-4	-0.08462422963371578	0.45233968804159447	0.4067838573904432	0.04555583065115126	Control	ENSG00000147403	0.31022530329289427	-0.02871834351357449	FALSE	16	RPL10	RPL10
ENSG00000165895	47	44	3	0.01011643895082711	0.6548650656102996	0.6093092349591483	0.04555583065115121	AD	ENSG00000165895	0.30973013122059917	0.2554391635540991	FALSE	16	ARHGAP42	ARHGAP42
ENSG00000010017	31	55	-24	-0.35531185416098127	0.6000247586036147	0.6454567962366923	-0.04543203763307757	Control	ENSG00000010017	0.3094825451844516	-0.08414295860206344	FALSE	16	RANBP9	RANBP9
ENSG00000196465	7	17	-10	-0.16583051699189544	0.3815300817033919	0.42696211933646944	-0.04543203763307751	Control	ENSG00000196465	0.309234959148304	-0.06183645833530171	FALSE	16	MYL6B	MYL6B
ENSG00000131779	353	236	117	1.5530358987562405	0.8976231740529834	0.852191136419906	0.04543203763307746	AD	ENSG00000131779	0.3088635800940827	-0.14518278724758815	FALSE	16	PEX11B	PEX11B
ENSG00000125966	40	70	-30	-0.4365181415191608	0.6358009408269374	0.6812329784600148	-0.04543203763307746	Control	ENSG00000125966	0.3088635800940827	-0.08926670563624128	FALSE	16	MMP24	MMP24
ENSG00000119801	456	295	161	2.148548672716224	0.9326565981678632	0.8873483535528596	0.04530824461500371	AD	ENSG00000119801	0.30836840802178755	-0.11578310165494088	FALSE	16	YPEL5	YPEL5
ENSG00000162783	45	43	2	-0.00341794227553615	0.6496657588512008	0.6043575142361971	0.04530824461500371	AD	ENSG00000162783	0.30836840802178755	-0.1812750262226608	FALSE	16	IER5	IER5
ENSG00000060709	341	232	109	1.444760848945334	0.8937855904926962	0.84872493191384	0.04506065857885621	AD	ENSG00000060709	0.30799702896756626	-0.24530265352625413	FALSE	16	RIMBP2	RIMBP2
ENSG00000172340	4	10	-6	-0.11169299208644234	0.2896756622926467	0.33473632087150285	-0.04506065857885616	Control	ENSG00000172340	0.3076256499133449	-0.02539570235945554	FALSE	16	SUCLG2	SUCLG2
ENSG00000185513	4	10	-6	-0.11169299208644234	0.2896756622926467	0.33473632087150285	-0.04506065857885616	Control	ENSG00000185513	0.3076256499133449	0.03157484278807665	FALSE	16	L3MBTL1	L3MBTL1
ENSG00000104738	170	117	53	0.6868355002689908	0.8011884129735083	0.7561277543946522	0.0450606585788561	AD	ENSG00000104738	0.30725427085912355	-0.23166418584680848	FALSE	16	MCM4	MCM4
ENSG00000148411	64	56	8	0.07778834508264348	0.6934884872493191	0.6485516216885368	0.04493686556078236	AD	ENSG00000148411	0.3068828918049022	0.15803887261698968	FALSE	16	NACC2	NACC2
ENSG00000281160	20	37	-17	-0.2605711855764383	0.5360237682594702	0.5809606338202525	-0.04493686556078236	Control	ENSG00000281160	0.3068828918049022	-0.363136270135013	FALSE	16	NA	ENSG00000281160
ENSG00000137996	108	82	26	0.32140720715718235	0.7491953453825204	0.7043822728398118	0.04481307254270861	AD	ENSG00000137996	0.30651151275068084	-0.18325962425766384	FALSE	16	RTCA	RTCA
ENSG00000129968	22	25	-3	-0.07108984840735251	0.5505075513741025	0.505694478831394	0.0448130725427085	Control	ENSG00000129968	0.3062639267145333	-0.04936905710864892	FALSE	16	ABHD17A	ABHD17A
ENSG00000185924	241	311	-70	-0.9778933905736916	0.8495914830403565	0.8942807625649913	-0.04468927952463486	Control	ENSG00000185924	0.30589254766031193	-0.23343226747106804	FALSE	16	RTN4RL1	RTN4RL1
ENSG00000132821	147	202	-55	-0.7748776721782427	0.7848477345877692	0.8295370141124041	-0.04468927952463486	Control	ENSG00000132821	0.30589254766031193	-0.2782003920426668	FALSE	16	VSTM2L	VSTM2L
ENSG00000237190	177	234	-57	-0.8019464346309692	0.8055211686060906	0.8500866551126517	-0.04456548650656111	Control	ENSG00000237190	0.30552116860609063	-0.17554455416889958	FALSE	16	CDKN2AIPNL	CDKN2AIPNL
ENSG00000124702	11	24	-13	-0.2064336606709853	0.45233968804159447	0.4969051745481554	-0.044565486506561	Control	ENSG00000124702	0.3049022035157217	-0.09184780924748104	FALSE	16	KLHDC3	KLHDC3
ENSG00000187486	11	24	-13	-0.2064336606709853	0.45233968804159447	0.4969051745481554	-0.044565486506561	Control	ENSG00000187486	0.3049022035157217	-0.05884033026292279	FALSE	16	KCNJ11	KCNJ11
ENSG00000127463	52	87	-35	-0.5041900476509772	0.6666254023273087	0.7111908888338697	-0.044565486506561	Control	ENSG00000127463	0.3049022035157217	-0.1528243745583442	FALSE	16	EMC1	EMC1
ENSG00000162733	11	24	-13	-0.2064336606709853	0.45233968804159447	0.4969051745481554	-0.044565486506561	Control	ENSG00000162733	0.3049022035157217	0.17927664864819448	FALSE	16	DDR2	DDR2
ENSG00000138138	166	221	-55	-0.7748776721782427	0.7978460014855162	0.8422876949740035	-0.04444169348848725	Control	ENSG00000138138	0.304159445407279	-0.18571423883837035	FALSE	16	ATAD1	ATAD1
ENSG00000259583	203	265	-62	-0.8696183407627855	0.8253280514978956	0.8697697449863828	-0.04444169348848725	Control	ENSG00000259583	0.304159445407279	-0.25188941117852615	FALSE	16	ALDH1A3-AS1	ALDH1A3-AS1
ENSG00000182901	584	383	201	2.689923921770755	0.9689279524634812	0.9246100519930676	0.04431790047041351	AD	ENSG00000182901	0.3036642733349839	-0.35323589573914305	FALSE	16	RGS7	RGS7
ENSG00000184156	382	256	126	1.6748453297935095	0.908516959643476	0.8641990591730626	0.04431790047041351	AD	ENSG00000184156	0.3036642733349839	-0.21047116418563405	FALSE	16	KCNQ3	KCNQ3
ENSG00000255112	32	33	-1	-0.04402108595462597	0.6033671700916068	0.5590492696211934	0.04431790047041339	Control	ENSG00000255112	0.30329289428076256	-0.11401677085517824	FALSE	16	CHMP1B	CHMP1B
ENSG00000116750	472	588	-116	-1.6004749269864025	0.9371131468185194	0.9811834612527852	-0.0440703144342659	Control	ENSG00000116750	0.3024263431542461	-0.18074813329040396	FALSE	16	UCHL5	UCHL5
ENSG00000151322	10	14	-4	-0.08462422963371578	0.437360732854667	0.3932904184204011	0.0440703144342659	Control	ENSG00000151322	0.3024263431542461	0.10358591544016528	FALSE	16	NPAS3	NPAS3
ENSG00000158008	25	45	-20	-0.3011743292555282	0.5692002971032434	0.6132706115375093	-0.0440703144342659	Control	ENSG00000158008	0.3024263431542461	-0.19364380508783796	FALSE	16	EXTL1	EXTL1
ENSG00000164091	10	14	-4	-0.08462422963371578	0.437360732854667	0.3932904184204011	0.0440703144342659	Control	ENSG00000164091	0.3024263431542461	-0.08438970509497601	FALSE	16	WDR82	WDR82
ENSG00000171533	10	14	-4	-0.08462422963371578	0.437360732854667	0.3932904184204011	0.0440703144342659	Control	ENSG00000171533	0.3024263431542461	-0.0275160427672283	FALSE	16	MAP6	MAP6
ENSG00000134532	10	14	-4	-0.08462422963371578	0.437360732854667	0.3932904184204011	0.0440703144342659	Control	ENSG00000134532	0.3024263431542461	0.10707849180193918	FALSE	16	SOX5	SOX5
ENSG00000106537	587	386	201	2.689923921770755	0.9696707105719238	0.9258479821738054	0.0438227283981184	AD	ENSG00000106537	0.30155979202772965	-0.27474375395106243	FALSE	16	TSPAN13	TSPAN13
ENSG00000079308	18	22	-4	-0.08462422963371578	0.5199306759098787	0.47623174052983414	0.0436989353800446	Control	ENSG00000079308	0.3013122059915821	0.30231874412142723	FALSE	16	TNS1	TNS1
ENSG00000136099	257	181	76	0.998126268475346	0.8581332012874474	0.8146818519435504	0.04345134934389705	AD	ENSG00000136099	0.3010646199554345	-0.639500579293852	TRUE	17	PCDH8	PCDH8
ENSG00000128915	130	98	32	0.402613494515362	0.771973260708096	0.7285219113641991	0.04345134934389694	AD	ENSG00000128915	0.30081703391928694	0.09232594143702856	FALSE	17	ICE2	ICE2
ENSG00000040608	61	99	-38	-0.544793191330067	0.6866798712552612	0.7298836345630106	-0.04320376330774944	Control	ENSG00000040608	0.3005694478831394	-0.2063759001917962	FALSE	17	RTN4R	RTN4R
ENSG00000065559	438	549	-111	-1.5328030208545858	0.9296855657340926	0.9727655360237684	-0.04307997028967569	Control	ENSG00000065559	0.2999504827927705	-0.13155678739596155	FALSE	17	MAP2K4	MAP2K4
ENSG00000078140	235	168	67	0.8763168374380765	0.8451349343897004	0.8020549641000247	0.04307997028967569	AD	ENSG00000078140	0.2999504827927705	-0.08779796690178543	FALSE	17	UBE2K	UBE2K
ENSG00000011677	560	360	200	2.676389540544392	0.9617479574152018	0.918667987125526	0.04307997028967569	AD	ENSG00000011677	0.2999504827927705	-0.21751394964771364	FALSE	17	GABRA3	GABRA3
ENSG00000204052	79	122	-43	-0.6124650974618834	0.7186184699182966	0.7616984402079723	-0.04307997028967569	Control	ENSG00000204052	0.2999504827927705	-0.330869379541312	FALSE	17	LRRC73	LRRC73
ENSG00000164742	132	185	-53	-0.7478089097255161	0.7740777420153503	0.8170339192869522	-0.04295617727160195	Control	ENSG00000164742	0.2992077246843278	-0.16394612684588772	FALSE	17	ADCY1	ADCY1
ENSG00000138081	39	39	0	-0.03048670472826269	0.632087150284724	0.589130973013122	0.04295617727160195	Control	ENSG00000138081	0.2992077246843278	-0.05237558926085839	FALSE	17	FBXO11	FBXO11
ENSG00000124688	201	261	-60	-0.8425495783100589	0.8240901213171578	0.8670462985887596	-0.04295617727160183	Control	ENSG00000124688	0.2983411735578113	-0.13119245110937072	FALSE	17	MAD2L1BP	MAD2L1BP
ENSG00000160716	323	226	97	1.282348274228975	0.8875959395890072	0.8446397623174053	0.04295617727160183	AD	ENSG00000160716	0.2983411735578113	-0.2758002158017625	FALSE	17	CHRNB2	CHRNB2
ENSG00000261678	18	34	-16	-0.24703680435007505	0.5199306759098787	0.5628868531814806	-0.04295617727160183	Control	ENSG00000261678	0.2983411735578113	-0.09720813926742976	FALSE	17	SCRT1	SCRT1
ENSG00000111058	37	37	0	-0.03048670472826269	0.6239168110918544	0.5809606338202525	0.04295617727160183	Control	ENSG00000111058	0.2983411735578113	0.11895631804131668	FALSE	17	ACSS3	ACSS3
ENSG00000166501	37	37	0	-0.03048670472826269	0.6239168110918544	0.5809606338202525	0.04295617727160183	Control	ENSG00000166501	0.2983411735578113	-0.07871463324422479	FALSE	17	PRKCB	PRKCB
ENSG00000115233	99	78	21	0.253735301025366	0.7406536271354296	0.6978212428819015	0.04283238425352809	AD	ENSG00000115233	0.29759841544936866	-0.1355769426409772	FALSE	17	PSMD14	PSMD14
ENSG00000157152	549	352	197	2.635786396865302	0.958281752909136	0.9156969546917554	0.04258479821738059	AD	ENSG00000157152	0.2972270363951473	-0.2708785966840086	FALSE	17	SYN2	SYN2
ENSG00000110148	182	236	-54	-0.7613432909518794	0.8096063382025254	0.852191136419906	-0.04258479821738059	Control	ENSG00000110148	0.2972270363951473	-0.3775705307864783	FALSE	17	CCKBR	CCKBR
ENSG00000130758	58	95	-37	-0.5312588101037037	0.6818519435503838	0.7244367417677643	-0.04258479821738048	Control	ENSG00000130758	0.29685565734092595	0.01532586507692634	FALSE	17	MAP3K10	MAP3K10
ENSG00000174938	133	101	32	0.402613494515362	0.7750680861599406	0.7327308739787076	0.04233721218123298	AD	ENSG00000174938	0.2966080713047784	-0.2616065155504259	FALSE	17	SEZ6L2	SEZ6L2
ENSG00000130368	493	321	172	2.2974268662062203	0.9421886605595444	0.8999752413963853	0.04221341916315913	AD	ENSG00000130368	0.29636048526863085	-0.4127953687311088	FALSE	17	MAS1	MAS1
ENSG00000167654	426	523	-97	-1.3433216836855	0.9249814310472888	0.9670710571923744	-0.04208962614508538	Control	ENSG00000167654	0.2961128992324833	-0.14398454837235342	FALSE	17	ATCAY	ATCAY
ENSG00000196419	223	283	-60	-0.8425495783100589	0.8369645951968309	0.8789304283238425	-0.04196583312701163	Control	ENSG00000196419	0.2956177271601882	-0.15072033846473865	FALSE	17	XRCC6	XRCC6
ENSG00000178741	53	87	-34	-0.4906556664246139	0.6692250557068581	0.7111908888338697	-0.04196583312701163	Control	ENSG00000178741	0.2956177271601882	-0.16025780139609047	FALSE	17	COX5A	COX5A
ENSG00000173786	9	13	-4	-0.08462422963371578	0.4207724684327804	0.37880663530576875	0.04196583312701163	Control	ENSG00000173786	0.2956177271601882	0.2080327366081871	FALSE	17	CNP	CNP
ENSG00000143727	301	373	-72	-1.0049621530264183	0.8801683585045803	0.9220103986135182	-0.04184204010893788	Control	ENSG00000143727	0.29512255508789303	-0.1816524321550279	FALSE	17	ACP1	ACP1
ENSG00000095059	13	27	-14	-0.21996804189734853	0.47660311958405543	0.5183213666749196	-0.04171824709086413	Control	ENSG00000095059	0.2947511760336717	0.2163754775846254	FALSE	17	DHPS	DHPS
ENSG00000068308	128	178	-50	-0.7072057660464263	0.7702401584550631	0.8119584055459272	-0.04171824709086413	Control	ENSG00000068308	0.2947511760336717	-0.13601425684224466	FALSE	17	OTUD5	OTUD5
ENSG00000088367	63	101	-38	-0.544793191330067	0.6912602129239911	0.7327308739787076	-0.04147066105471653	Control	ENSG00000088367	0.2943797969794504	-0.02119063102616714	FALSE	17	EPB41L1	EPB41L1
ENSG00000128590	15	20	-5	-0.09815861086007906	0.4961624164397128	0.4548155484030701	0.04134686803664272	Control	ENSG00000128590	0.294008417925229	-0.16873219238434525	FALSE	17	DNAJB9	DNAJB9
ENSG00000101460	15	20	-5	-0.09815861086007906	0.4961624164397128	0.4548155484030701	0.04134686803664272	Control	ENSG00000101460	0.294008417925229	-0.25212990748908837	FALSE	17	MAP1LC3A	MAP1LC3A
ENSG00000253719	236	295	-59	-0.8290151970836958	0.8460014855162169	0.8873483535528596	-0.04134686803664267	Control	ENSG00000253719	0.29363703887100767	-0.16635450880801272	FALSE	17	ATXN7L3B	ATXN7L3B
ENSG00000205562	158	208	-50	-0.7072057660464263	0.7921515226541223	0.8333745976726913	-0.04122307501856903	Control	ENSG00000205562	0.2933894528348601	-0.4139964285326237	FALSE	17	FLRT2-AS1	FLRT2-AS1
ENSG00000179841	378	259	119	1.5801046612089666	0.907402822480812	0.8661797474622431	0.04122307501856892	AD	ENSG00000179841	0.29314186679871257	-0.3290768735085905	FALSE	17	AKAP5	AKAP5
ENSG00000112290	573	381	192	2.5681144907334854	0.965090368903194	0.9239910869026988	0.04109928200049517	AD	ENSG00000112290	0.2927704877444912	-0.24328115427579175	FALSE	17	WASF1	WASF1
ENSG00000171914	346	417	-71	-0.9914277718000548	0.8956424857638029	0.936741767764298	-0.04109928200049517	Control	ENSG00000171914	0.2927704877444912	-0.20243446032797507	FALSE	17	TLN2	TLN2
ENSG00000133627	485	585	-100	-1.38392482736459	0.9392176281257736	0.9801931171081952	-0.04097548898242142	Control	ENSG00000133627	0.2921515226541223	-0.22550310090161396	FALSE	17	ACTR3B	ACTR3B
ENSG00000085465	5	12	-7	-0.12522737331280562	0.3247090864075266	0.365684575389948	-0.04097548898242142	Control	ENSG00000085465	0.2921515226541223	-0.0035567703567203	FALSE	17	OVGP1	OVGP1
ENSG00000059758	5	12	-7	-0.12522737331280562	0.3247090864075266	0.365684575389948	-0.04097548898242142	Control	ENSG00000059758	0.2921515226541223	-0.0940876306514742	FALSE	17	CDK17	CDK17
ENSG00000103591	96	138	-42	-0.5989307162355201	0.7370636296112899	0.7779153255756376	-0.04085169596434768	Control	ENSG00000103591	0.2916563505818272	-0.1396202692345501	FALSE	17	AAGAB	AAGAB
ENSG00000181481	2	5	-3	-0.07108984840735251	0.18209952958653133	0.22295122555087893	-0.04085169596434759	Control	ENSG00000181481	0.29017083436494184	0.17953603230553838	FALSE	17	RNF135	RNF135
ENSG00000083937	2	5	-3	-0.07108984840735251	0.18209952958653133	0.22295122555087893	-0.04085169596434759	Control	ENSG00000083937	0.29017083436494184	-0.07486223428223937	FALSE	17	CHMP2B	CHMP2B
ENSG00000139044	2	5	-3	-0.07108984840735251	0.18209952958653133	0.22295122555087893	-0.04085169596434759	Control	ENSG00000139044	0.29017083436494184	0.05893990153903949	FALSE	17	B4GALNT3	B4GALNT3
ENSG00000161912	2	5	-3	-0.07108984840735251	0.18209952958653133	0.22295122555087893	-0.04085169596434759	Control	ENSG00000161912	0.29017083436494184	0.2581057233164925	FALSE	17	ADCY10P1	ADCY10P1
ENSG00000154783	2	5	-3	-0.07108984840735251	0.18209952958653133	0.22295122555087893	-0.04085169596434759	Control	ENSG00000154783	0.29017083436494184	0.09215032067134564	FALSE	17	FGD5	FGD5
ENSG00000073614	2	5	-3	-0.07108984840735251	0.18209952958653133	0.22295122555087893	-0.04085169596434759	Control	ENSG00000073614	0.29017083436494184	0.1263562831822043	FALSE	17	KDM5A	KDM5A
ENSG00000169403	2	5	-3	-0.07108984840735251	0.18209952958653133	0.22295122555087893	-0.04085169596434759	Control	ENSG00000169403	0.29017083436494184	0.18013523846076396	FALSE	17	PTAFR	PTAFR
ENSG00000187514	2	5	-3	-0.07108984840735251	0.18209952958653133	0.22295122555087893	-0.04085169596434759	Control	ENSG00000187514	0.29017083436494184	0.1296770111922676	FALSE	17	PTMA	PTMA
ENSG00000066468	2	5	-3	-0.07108984840735251	0.18209952958653133	0.22295122555087893	-0.04085169596434759	Control	ENSG00000066468	0.29017083436494184	0.03409477759262458	FALSE	17	FGFR2	FGFR2
ENSG00000148672	2	5	-3	-0.07108984840735251	0.18209952958653133	0.22295122555087893	-0.04085169596434759	Control	ENSG00000148672	0.29017083436494184	-0.10915620289772576	FALSE	17	GLUD1	GLUD1
ENSG00000160211	2	5	-3	-0.07108984840735251	0.18209952958653133	0.22295122555087893	-0.04085169596434759	Control	ENSG00000160211	0.29017083436494184	-0.1289455128113115	FALSE	17	G6PD	G6PD
ENSG00000169933	489	587	-98	-1.3568560649118633	0.9400841792522902	0.980812082198564	-0.04072790294627382	Control	ENSG00000169933	0.2885615251299827	-0.2043520337696325	FALSE	17	FRMPD4	FRMPD4
ENSG00000137843	30	52	-22	-0.3282430917082547	0.5963109680614014	0.6370388710076752	-0.04072790294627382	Control	ENSG00000137843	0.2885615251299827	-0.16220414446130782	FALSE	17	PAK6	PAK6
ENSG00000158195	93	76	17	0.19959777611991292	0.7347115622678881	0.6947264174300569	0.03998514483783122	AD	ENSG00000158195	0.2880663530576876	0.16375074231254416	FALSE	17	WASF2	WASF2
ENSG00000111961	93	76	17	0.19959777611991292	0.7347115622678881	0.6947264174300569	0.03998514483783122	AD	ENSG00000111961	0.2880663530576876	0.3102540468801269	FALSE	17	SASH1	SASH1
ENSG00000152822	75	67	8	0.07778834508264348	0.7126764050507551	0.672691260212924	0.03998514483783111	AD	ENSG00000152822	0.2876949740034662	-0.11462225465792032	FALSE	17	GRM1	GRM1
ENSG00000164031	262	193	69	0.9033855998908032	0.8618469918296608	0.8219856400099035	0.03986135181975736	AD	ENSG00000164031	0.28719980193117106	-0.12947056271161017	FALSE	17	DNAJB14	DNAJB14
ENSG00000132932	291	212	79	1.038729412154436	0.875835602871998	0.8359742510522407	0.03986135181975736	AD	ENSG00000132932	0.28719980193117106	-0.16859682565046086	FALSE	17	ATP8A2	ATP8A2
ENSG00000070761	242	302	-60	-0.8425495783100589	0.8502104481307254	0.8900717999504828	-0.03986135181975736	Control	ENSG00000070761	0.28719980193117106	-0.16627926448861174	FALSE	17	CFAP20	CFAP20
ENSG00000176490	573	385	188	2.5139769658280327	0.965090368903194	0.9253528101015104	0.03973755880168361	AD	ENSG00000176490	0.2863332508046546	-0.25180934744470207	FALSE	17	DIRAS1	DIRAS1
ENSG00000066422	74	112	-38	-0.544793191330067	0.7106957167615746	0.7504332755632582	-0.03973755880168361	Control	ENSG00000066422	0.2863332508046546	-0.12018794641646656	FALSE	17	ZBTB11	ZBTB11
ENSG00000175182	250	309	-59	-0.8290151970836958	0.8536766526367913	0.8934142114384749	-0.03973755880168361	Control	ENSG00000175182	0.2863332508046546	-0.1443081403053359	FALSE	17	FAM131A	FAM131A
ENSG00000126934	16	21	-5	-0.09815861086007906	0.5049517207229512	0.4652141619212676	0.03973755880168361	Control	ENSG00000126934	0.2863332508046546	-0.05973520204875804	FALSE	17	MAP2K2	MAP2K2
ENSG00000181220	37	62	-25	-0.3688462353873445	0.6239168110918544	0.6634067838573905	-0.03948997276553612	Control	ENSG00000181220	0.2857142857142857	-0.03343882266799802	FALSE	17	ZNF746	ZNF746
ENSG00000150753	13	18	-5	-0.09815861086007906	0.47660311958405543	0.4371131468185194	0.03948997276553601	Control	ENSG00000150753	0.2853429066600644	-0.11752507163032357	FALSE	17	CCT5	CCT5
ENSG00000101298	13	18	-5	-0.09815861086007906	0.47660311958405543	0.4371131468185194	0.03948997276553601	Control	ENSG00000101298	0.2853429066600644	0.03526402205265633	FALSE	17	SNPH	SNPH
ENSG00000163482	20	36	-16	-0.24703680435007505	0.5360237682594702	0.5753899480069324	-0.03936617974746226	Control	ENSG00000163482	0.2846001485516217	0.13369710138845114	FALSE	17	STK36	STK36
ENSG00000157693	348	414	-66	-0.9237558656682386	0.8960138648180243	0.9353800445654864	-0.03936617974746226	Control	ENSG00000157693	0.2846001485516217	-0.10037311908269508	FALSE	17	TMEM268	TMEM268
ENSG00000035720	20	36	-16	-0.24703680435007505	0.5360237682594702	0.5753899480069324	-0.03936617974746226	Control	ENSG00000035720	0.2846001485516217	-0.04062344433826981	FALSE	17	STAP1	STAP1
ENSG00000150457	20	36	-16	-0.24703680435007505	0.5360237682594702	0.5753899480069324	-0.03936617974746226	Control	ENSG00000150457	0.2846001485516217	0.19791877205160624	FALSE	17	LATS2	LATS2
ENSG00000147655	345	242	103	1.3635545615871545	0.8951473136915078	0.8559049269621193	0.03924238672938851	AD	ENSG00000147655	0.2839811834612528	-0.28178021447965484	FALSE	17	RSPO2	RSPO2
ENSG00000183648	4	6	-2	-0.057555467180989237	0.2896756622926467	0.25043327556325823	0.03924238672938845	Control	ENSG00000183648	0.2820004951720723	-0.082831259975503	FALSE	17	NDUFB1	NDUFB1
ENSG00000119705	4	6	-2	-0.057555467180989237	0.2896756622926467	0.25043327556325823	0.03924238672938845	Control	ENSG00000119705	0.2820004951720723	-0.0600086764970289	FALSE	17	SLIRP	SLIRP
ENSG00000261786	4	6	-2	-0.057555467180989237	0.2896756622926467	0.25043327556325823	0.03924238672938845	Control	ENSG00000261786	0.2820004951720723	0.00277251180008342	FALSE	17	NA	ENSG00000261786
ENSG00000132329	4	6	-2	-0.057555467180989237	0.2896756622926467	0.25043327556325823	0.03924238672938845	Control	ENSG00000132329	0.2820004951720723	0.06523986507516355	FALSE	17	RAMP1	RAMP1
ENSG00000162076	4	6	-2	-0.057555467180989237	0.2896756622926467	0.25043327556325823	0.03924238672938845	Control	ENSG00000162076	0.2820004951720723	-0.18237137143263027	FALSE	17	FLYWCH2	FLYWCH2
ENSG00000135127	4	6	-2	-0.057555467180989237	0.2896756622926467	0.25043327556325823	0.03924238672938845	Control	ENSG00000135127	0.2820004951720723	-0.05388180486499649	FALSE	17	BICDL1	BICDL1
ENSG00000119599	4	6	-2	-0.057555467180989237	0.2896756622926467	0.25043327556325823	0.03924238672938845	Control	ENSG00000119599	0.2820004951720723	-0.15093166288517068	FALSE	17	DCAF4	DCAF4
ENSG00000087086	4	6	-2	-0.057555467180989237	0.2896756622926467	0.25043327556325823	0.03924238672938845	Control	ENSG00000087086	0.2820004951720723	0.38842770803196025	FALSE	17	FTL	FTL
ENSG00000184178	4	6	-2	-0.057555467180989237	0.2896756622926467	0.25043327556325823	0.03924238672938845	Control	ENSG00000184178	0.2820004951720723	-0.23275634331778683	FALSE	17	SCFD2	SCFD2
ENSG00000146592	4	6	-2	-0.057555467180989237	0.2896756622926467	0.25043327556325823	0.03924238672938845	Control	ENSG00000146592	0.2820004951720723	0.16797860660433628	FALSE	17	CREB5	CREB5
ENSG00000100591	4	6	-2	-0.057555467180989237	0.2896756622926467	0.25043327556325823	0.03924238672938845	Control	ENSG00000100591	0.2820004951720723	-0.05624352022594081	FALSE	17	AHSA1	AHSA1
ENSG00000123104	4	6	-2	-0.057555467180989237	0.2896756622926467	0.25043327556325823	0.03924238672938845	Control	ENSG00000123104	0.2820004951720723	0.02242429337396245	FALSE	17	ITPR2	ITPR2
ENSG00000138623	4	6	-2	-0.057555467180989237	0.2896756622926467	0.25043327556325823	0.03924238672938845	Control	ENSG00000138623	0.2820004951720723	-0.05962128113672271	FALSE	17	SEMA7A	SEMA7A
ENSG00000007372	4	6	-2	-0.057555467180989237	0.2896756622926467	0.25043327556325823	0.03924238672938845	Control	ENSG00000007372	0.2820004951720723	0.1504540796759457	FALSE	17	PAX6	PAX6
ENSG00000262223	4	6	-2	-0.057555467180989237	0.2896756622926467	0.25043327556325823	0.03924238672938845	Control	ENSG00000262223	0.2820004951720723	0.19886641381471115	FALSE	17	LINC03048	LINC03048
ENSG00000153130	210	156	54	0.7003698814953541	0.8297846001485516	0.7905422134191632	0.0392423867293884	AD	ENSG00000153130	0.2800198068828918	-0.2267475367587064	FALSE	17	SCOC	SCOC
ENSG00000119471	20	24	-4	-0.08462422963371578	0.5360237682594702	0.4969051745481554	0.03911859371131471	Control	ENSG00000119471	0.27915325575637534	-0.04723079986331058	FALSE	17	HSDL2	HSDL2
ENSG00000152284	6	9	-3	-0.07108984840735251	0.35528596187175043	0.3161673681604357	0.03911859371131471	Control	ENSG00000152284	0.27915325575637534	0.2587888779952685	FALSE	17	TCF7L1	TCF7L1
ENSG00000111775	6	9	-3	-0.07108984840735251	0.35528596187175043	0.3161673681604357	0.03911859371131471	Control	ENSG00000111775	0.27915325575637534	0.03175169661039767	FALSE	17	COX6A1	COX6A1
ENSG00000148303	6	9	-3	-0.07108984840735251	0.35528596187175043	0.3161673681604357	0.03911859371131471	Control	ENSG00000148303	0.27915325575637534	-0.02781286220628942	FALSE	17	RPL7A	RPL7A
ENSG00000125356	6	9	-3	-0.07108984840735251	0.35528596187175043	0.3161673681604357	0.03911859371131471	Control	ENSG00000125356	0.27915325575637534	-0.10588172213361348	FALSE	17	NDUFA1	NDUFA1
ENSG00000232406	6	9	-3	-0.07108984840735251	0.35528596187175043	0.3161673681604357	0.03911859371131471	Control	ENSG00000232406	0.27915325575637534	-0.06655525990985911	FALSE	17	EPB41L1-AS1	EPB41L1-AS1
ENSG00000131966	314	228	86	1.1334700807389788	0.8849962862094578	0.8458776924981432	0.03911859371131465	AD	ENSG00000131966	0.2782867046298589	-0.28701357644120584	FALSE	17	ACTR10	ACTR10
ENSG00000124920	12	17	-5	-0.09815861086007906	0.46595692002971034	0.42696211933646944	0.0389948006932409	Control	ENSG00000124920	0.27803911859371133	0.2036951257695012	FALSE	17	MYRF	MYRF
ENSG00000004534	10	22	-12	-0.192899279444622	0.437360732854667	0.47623174052983414	-0.03887100767516716	Control	ENSG00000004534	0.2777915325575638	0.2230432726400462	FALSE	17	RBM6	RBM6
ENSG00000051382	383	448	-65	-0.9102214844418752	0.9088883386976976	0.9476355533547908	-0.0387472146570933	Control	ENSG00000051382	0.2775439465214162	-0.09377536340299564	FALSE	17	PIK3CB	PIK3CB
ENSG00000085365	399	276	123	1.6342421861144198	0.9147066105471652	0.8760831889081456	0.03862342163901955	AD	ENSG00000085365	0.2771725674671949	-0.185830591010296	FALSE	17	SCAMP1	SCAMP1
ENSG00000073605	22	26	-4	-0.08462422963371578	0.5505075513741025	0.5118841297350829	0.03862342163901955	Control	ENSG00000073605	0.2771725674671949	0.10492317411888052	FALSE	17	GSDMB	GSDMB
ENSG00000159352	29	32	-3	-0.07108984840735251	0.5914830403565239	0.5529834117355781	0.0384996286209458	Control	ENSG00000159352	0.2766773953948997	-0.08750389319796703	FALSE	17	PSMD4	PSMD4
ENSG00000211456	72	110	-38	-0.544793191330067	0.7077246843278039	0.7462243129487497	-0.0384996286209458	Control	ENSG00000211456	0.2766773953948997	-0.1085537962441716	FALSE	17	SACM1L	SACM1L
ENSG00000112640	524	633	-109	-1.5057342584018594	0.9501114137162664	0.9884872493191385	-0.03837583560287205	Control	ENSG00000112640	0.27630601634067836	-0.12324426594278393	FALSE	17	PPP2R5D	PPP2R5D
ENSG00000134909	37	38	-1	-0.04402108595462597	0.6239168110918544	0.5855409754889824	0.03837583560287194	Control	ENSG00000134909	0.2760584303045308	-0.07926488639772522	FALSE	17	ARHGAP32	ARHGAP32
ENSG00000113595	437	304	133	1.7695859983780524	0.9293141866798712	0.891062144095073	0.03825204258479819	AD	ENSG00000113595	0.27581084426838326	-0.14585182422607446	FALSE	17	TRIM23	TRIM23
ENSG00000196872	242	299	-57	-0.8019464346309692	0.8502104481307254	0.8883386976974499	-0.03812824956672445	Control	ENSG00000196872	0.27519187917801435	-0.23277023068210312	FALSE	17	CRACDL	CRACDL
ENSG00000004779	230	284	-54	-0.7613432909518794	0.8417925229017084	0.8799207724684328	-0.03812824956672445	Control	ENSG00000004779	0.27519187917801435	-0.23587622205655737	FALSE	17	NDUFAB1	NDUFAB1
ENSG00000182916	244	179	65	0.84924807498535	0.8512007922753156	0.8130725427085912	0.03812824956672445	AD	ENSG00000182916	0.27519187917801435	-0.21222949019039208	FALSE	17	TCEAL7	TCEAL7
ENSG00000166159	300	219	81	1.0657981746071623	0.8794256003961377	0.8412973508294133	0.03812824956672445	AD	ENSG00000166159	0.27519187917801435	-0.2511965586485765	FALSE	17	LRTM2	LRTM2
ENSG00000164506	369	253	116	1.539501517529877	0.901213171577123	0.8630849220103987	0.03812824956672434	AD	ENSG00000164506	0.27457291408764545	-0.08822533865382098	FALSE	17	STXBP5	STXBP5
ENSG00000164124	6	14	-8	-0.1387617545391689	0.35528596187175043	0.3932904184204011	-0.03800445654865064	Control	ENSG00000164124	0.27395394899727654	0.05259571368641325	FALSE	17	TMEM144	TMEM144
ENSG00000116016	6	14	-8	-0.1387617545391689	0.35528596187175043	0.3932904184204011	-0.03800445654865064	Control	ENSG00000116016	0.27395394899727654	-0.02422751156237268	FALSE	17	EPAS1	EPAS1
ENSG00000040199	6	14	-8	-0.1387617545391689	0.35528596187175043	0.3932904184204011	-0.03800445654865064	Control	ENSG00000040199	0.27395394899727654	-0.08394869625496071	FALSE	17	PHLPP2	PHLPP2
ENSG00000275385	6	14	-8	-0.1387617545391689	0.35528596187175043	0.3932904184204011	-0.03800445654865064	Control	ENSG00000275385	0.27395394899727654	0.01151476558906661	FALSE	17	CCL18	CCL18
ENSG00000156515	333	399	-66	-0.9237558656682386	0.8908145580589255	0.928819014607576	-0.03800445654865059	Control	ENSG00000156515	0.2732111908888339	-0.1559157466383354	FALSE	17	HK1	HK1
ENSG00000033627	191	238	-47	-0.6666026223673365	0.8156721960881407	0.8536766526367913	-0.03800445654865059	Control	ENSG00000033627	0.2732111908888339	-0.12579814114160648	FALSE	17	ATP6V0A1	ATP6V0A1
ENSG00000162636	495	331	164	2.189151816395314	0.9429314186679872	0.9050507551374104	0.03788066353057684	AD	ENSG00000162636	0.2722208467442436	-0.23583380450777905	FALSE	17	EEIG2	EEIG2
ENSG00000188674	456	312	144	1.9184641918680485	0.9326565981678632	0.8947759346372864	0.03788066353057684	AD	ENSG00000188674	0.2722208467442436	-0.3868013527184538	FALSE	17	C2orf80	C2orf80
ENSG00000196090	195	245	-50	-0.7072057660464263	0.8201287447387967	0.8580094082693736	-0.03788066353057684	Control	ENSG00000196090	0.2722208467442436	-0.06596313793487774	FALSE	17	PTPRT	PTPRT
ENSG00000181191	217	161	56	0.7274386439480806	0.8339935627630601	0.7961128992324833	0.03788066353057684	AD	ENSG00000181191	0.2722208467442436	-0.19664338475240228	FALSE	17	PJA1	PJA1
ENSG00000067141	24	28	-4	-0.08462422963371578	0.5630106461995543	0.5251299826689775	0.03788066353057684	Control	ENSG00000067141	0.2722208467442436	0.11892689933827684	FALSE	17	NEO1	NEO1
ENSG00000164600	24	28	-4	-0.08462422963371578	0.5630106461995543	0.5251299826689775	0.03788066353057684	Control	ENSG00000164600	0.2722208467442436	-0.3597520089947057	FALSE	17	NEUROD6	NEUROD6
ENSG00000117152	683	450	233	3.12302412101438	0.9861351819757366	0.9483783114632336	0.03775687051250309	AD	ENSG00000117152	0.2711067095815796	-0.42029264152716195	FALSE	17	RGS4	RGS4
ENSG00000142168	303	223	80	1.052263793380799	0.880911116613023	0.8431542461005199	0.03775687051250309	AD	ENSG00000142168	0.2711067095815796	-0.19104966946922453	FALSE	17	SOD1	SOD1
ENSG00000115194	146	110	36	0.45675101942081514	0.7839811834612528	0.7462243129487497	0.03775687051250309	AD	ENSG00000115194	0.2711067095815796	-0.373366011908427	FALSE	17	SLC30A3	SLC30A3
ENSG00000143061	156	201	-45	-0.6395338599146099	0.7904184204010893	0.8280514978955187	-0.03763307749442934	Control	ENSG00000143061	0.2704877444912107	-0.24567333101767552	FALSE	17	IGSF3	IGSF3
ENSG00000171956	34	56	-22	-0.3282430917082547	0.6109185441941074	0.6485516216885368	-0.03763307749442934	Control	ENSG00000171956	0.2704877444912107	-0.00830881060485366	FALSE	17	FOXB1	FOXB1
ENSG00000055163	175	126	49	0.6326979753635377	0.8046546174795741	0.7670215399851449	0.03763307749442923	AD	ENSG00000055163	0.27011636543698936	-0.12946379747620895	FALSE	17	CYFIP2	CYFIP2
ENSG00000054356	338	400	-62	-0.8696183407627855	0.8923000742758108	0.9296855657340926	-0.03738549145828174	Control	ENSG00000054356	0.269744986382768	-0.23310884384847697	FALSE	17	PTPRN	PTPRN
ENSG00000184408	105	146	-41	-0.5853963350091568	0.7462243129487497	0.7836098044070314	-0.03738549145828174	Control	ENSG00000184408	0.269744986382768	-0.1822057395437948	FALSE	17	KCND2	KCND2
ENSG00000272031	194	242	-48	-0.6801370035936998	0.8186432285219114	0.8559049269621193	-0.03726169844020788	Control	ENSG00000272031	0.26937360732854665	-0.24985362626205188	FALSE	17	ANKRD34A	ANKRD34A
ENSG00000088538	288	342	-54	-0.7613432909518794	0.8738549145828175	0.9109928200049516	-0.03713790542213424	Control	ENSG00000088538	0.26900222827432535	-0.1394921405005416	FALSE	17	DOCK3	DOCK3
ENSG00000090020	144	188	-44	-0.6259994786882467	0.7820004951720723	0.8191384005942065	-0.03713790542213424	Control	ENSG00000090020	0.26900222827432535	-0.11192271147284494	FALSE	17	SLC9A1	SLC9A1
ENSG00000167535	31	34	-3	-0.07108984840735251	0.6000247586036147	0.5628868531814806	0.03713790542213413	Control	ENSG00000167535	0.268630849220104	-0.10474607298969651	FALSE	17	CACNB3	CACNB3
ENSG00000137100	219	270	-51	-0.7207401472727896	0.8359742510522407	0.872988363456301	-0.03701411240406038	Control	ENSG00000137100	0.26838326318395644	-0.17705123657734134	FALSE	17	DCTN3	DCTN3
ENSG00000197147	411	483	-72	-1.0049621530264183	0.9196583312701164	0.956548650656103	-0.03689031938598663	Control	ENSG00000197147	0.2678880911116613	-0.26693541637689755	FALSE	17	LRRC8B	LRRC8B
ENSG00000130638	73	110	-37	-0.5312588101037037	0.709333993562763	0.7462243129487497	-0.03689031938598663	Control	ENSG00000130638	0.2678880911116613	-0.17657970288335711	FALSE	17	ATXN10	ATXN10
ENSG00000103353	66	102	-36	-0.5177244288773405	0.6973260708096063	0.7342163901955929	-0.03689031938598663	Control	ENSG00000103353	0.2678880911116613	-0.10962843367477682	FALSE	17	UBFD1	UBFD1
ENSG00000079482	25	29	-4	-0.08462422963371578	0.5692002971032434	0.5324337707353305	0.03676652636791289	Control	ENSG00000079482	0.2673929190393662	0.06273700765136603	FALSE	17	OPHN1	OPHN1
ENSG00000176749	197	147	50	0.646232356589901	0.821119088883387	0.7846001485516216	0.03651894033176539	AD	ENSG00000176749	0.26714533300321863	-0.13873283739668985	FALSE	17	CDK5R1	CDK5R1
ENSG00000169851	72	109	-37	-0.5312588101037037	0.7077246843278039	0.7442436246595692	-0.03651894033176528	Control	ENSG00000169851	0.2666501609309235	-0.11235802033407084	FALSE	17	PCDH7	PCDH7
ENSG00000171159	8	12	-4	-0.08462422963371578	0.4022035157217133	0.365684575389948	0.03651894033176528	Control	ENSG00000171159	0.2666501609309235	-0.07107314132576903	FALSE	17	BBLN	BBLN
ENSG00000140323	8	12	-4	-0.08462422963371578	0.4022035157217133	0.365684575389948	0.03651894033176528	Control	ENSG00000140323	0.2666501609309235	-0.1050368376032864	FALSE	17	DISP2	DISP2
ENSG00000107738	17	22	-5	-0.09815861086007906	0.5127506808615994	0.47623174052983414	0.03651894033176522	Control	ENSG00000107738	0.2659074028224808	0.1522542880130242	FALSE	17	VSIR	VSIR
ENSG00000113758	17	22	-5	-0.09815861086007906	0.5127506808615994	0.47623174052983414	0.03651894033176522	Control	ENSG00000113758	0.2659074028224808	-0.02716240633806421	FALSE	17	DBN1	DBN1
ENSG00000253230	17	22	-5	-0.09815861086007906	0.5127506808615994	0.47623174052983414	0.03651894033176522	Control	ENSG00000253230	0.2659074028224808	0.08211667383909038	FALSE	17	MIR124-1HG	MIR124-1HG
ENSG00000165731	385	271	114	1.5124327550771504	0.909754889824214	0.8733597425105224	0.03639514731369153	AD	ENSG00000165731	0.26541223075018566	-0.23395342177678025	FALSE	17	RET	RET
ENSG00000155858	198	148	50	0.646232356589901	0.8219856400099035	0.7857142857142857	0.03627135429561778	AD	ENSG00000155858	0.26504085169596436	-0.13581600303720798	FALSE	17	LSM11	LSM11
ENSG00000108561	32	53	-21	-0.3147087104818914	0.6033671700916068	0.6396385243872246	-0.03627135429561778	Control	ENSG00000108561	0.26504085169596436	-0.20112217208227537	FALSE	17	C1QBP	C1QBP
ENSG00000187079	52	50	2	-0.00341794227553615	0.6666254023273087	0.630354048031691	0.03627135429561767	AD	ENSG00000187079	0.264669472641743	0.2267455505230913	FALSE	17	TEAD1	TEAD1
ENSG00000131323	26	30	-4	-0.08462422963371578	0.5757613270611538	0.5396137657836098	0.03614756127754404	Control	ENSG00000131323	0.26442188660559546	-0.03475413061871713	FALSE	17	TRAF3	TRAF3
ENSG00000133958	40	42	-2	-0.057555467180989237	0.6358009408269374	0.5996533795493935	0.03614756127754393	Control	ENSG00000133958	0.2641743005694479	-0.1446487034506223	FALSE	17	UNC79	UNC79
ENSG00000205937	186	232	-46	-0.6530682411409732	0.8127011636543698	0.84872493191384	-0.03602376825947018	Control	ENSG00000205937	0.2639267145333003	-0.0775602912710287	FALSE	17	RNPS1	RNPS1
ENSG00000138028	158	201	-43	-0.6124650974618834	0.7921515226541223	0.8280514978955187	-0.03589997524139643	Control	ENSG00000138028	0.26367912849715275	-0.20723901619443377	FALSE	17	CGREF1	CGREF1
ENSG00000141385	263	319	-56	-0.7884120534046059	0.862837335974251	0.8986135181975736	-0.03577618222332257	Control	ENSG00000141385	0.2634315424610052	-0.11601331359567268	FALSE	17	AFG3L2	AFG3L2
ENSG00000160753	362	414	-52	-0.7342745284991528	0.8997276553602377	0.9353800445654864	-0.03565238920524882	Control	ENSG00000160753	0.26256499133448874	-0.15550801415289506	FALSE	17	RUSC1	RUSC1
ENSG00000196187	7	16	-9	-0.15229613576553216	0.3815300817033919	0.41718247090864075	-0.03565238920524882	Control	ENSG00000196187	0.26256499133448874	0.17941214694704044	FALSE	17	TMEM63A	TMEM63A
ENSG00000167306	7	16	-9	-0.15229613576553216	0.3815300817033919	0.41718247090864075	-0.03565238920524882	Control	ENSG00000167306	0.26256499133448874	-0.23266771418245913	FALSE	17	MYO5B	MYO5B
ENSG00000053438	123	99	24	0.2943384447044558	0.7655360237682595	0.7298836345630106	0.03565238920524882	AD	ENSG00000053438	0.26256499133448874	-0.23410169245810764	FALSE	17	NNAT	NNAT
ENSG00000107223	7	16	-9	-0.15229613576553216	0.3815300817033919	0.41718247090864075	-0.03565238920524882	Control	ENSG00000107223	0.26256499133448874	-0.10651302146830056	FALSE	17	EDF1	EDF1
ENSG00000227242	7	16	-9	-0.15229613576553216	0.3815300817033919	0.41718247090864075	-0.03565238920524882	Control	ENSG00000227242	0.26256499133448874	0.00147182857535166	FALSE	17	NA	ENSG00000227242
ENSG00000177511	481	328	153	2.040273622905318	0.9385986630354048	0.9030700668482298	0.03552859618717508	AD	ENSG00000177511	0.2616984402079723	-0.1989914626537388	FALSE	17	ST8SIA3	ST8SIA3
ENSG00000002746	344	401	-57	-0.8019464346309692	0.8947759346372864	0.9301807378063878	-0.03540480316910133	Control	ENSG00000002746	0.26132706115375093	-0.1816865512354564	FALSE	17	HECW1	HECW1
ENSG00000139970	509	345	164	2.189151816395314	0.9473879673186432	0.911983164149542	0.03540480316910133	AD	ENSG00000139970	0.26132706115375093	-0.5405634973270139	TRUE	18	RTN1	RTN1
ENSG00000164951	646	441	205	2.7440614466762083	0.9804407031443426	0.9450358999752414	0.03540480316910122	AD	ENSG00000164951	0.2609556820995296	-0.2646522948116914	FALSE	18	PDP1	PDP1
ENSG00000126950	645	440	205	2.7440614466762083	0.9799455310720476	0.94466452092102	0.03528101015102747	AD	ENSG00000126950	0.26046051002723447	-0.22992433157036452	FALSE	18	TMEM35A	TMEM35A
ENSG00000183783	231	174	57	0.7409730251744439	0.8430304530824462	0.8077494429314187	0.03528101015102747	AD	ENSG00000183783	0.26046051002723447	-0.15507040207307998	FALSE	18	KCTD8	KCTD8
ENSG00000104369	39	64	-25	-0.3688462353873445	0.632087150284724	0.6673681604357514	-0.03528101015102747	Control	ENSG00000104369	0.26046051002723447	-0.13445249442944096	FALSE	18	JPH1	JPH1
ENSG00000116161	27	46	-19	-0.28763994802916487	0.5817033919286952	0.616860609061649	-0.03515721713295372	Control	ENSG00000116161	0.25971775191879176	-0.14685367671984118	FALSE	18	CACYBP	CACYBP
ENSG00000116138	11	16	-5	-0.09815861086007906	0.45233968804159447	0.41718247090864075	0.03515721713295372	Control	ENSG00000116138	0.25971775191879176	-0.10274379649879428	FALSE	18	DNAJC16	DNAJC16
ENSG00000102109	25	43	-18	-0.2741055668028016	0.5692002971032434	0.6043575142361971	-0.03515721713295372	Control	ENSG00000102109	0.25971775191879176	-0.4462122795218306	FALSE	18	PCSK1N	PCSK1N
ENSG00000174514	289	217	72	0.9439887435698928	0.8744738796731865	0.8394404555583065	0.03503342411487997	AD	ENSG00000174514	0.25909878682842286	-0.17797405254138354	FALSE	18	MFSD4A	MFSD4A
ENSG00000184900	22	38	-16	-0.24703680435007505	0.5505075513741025	0.5855409754889824	-0.03503342411487997	Control	ENSG00000184900	0.25909878682842286	-0.0784580767170091	FALSE	18	SUMO3	SUMO3
ENSG00000116752	307	231	76	0.998126268475346	0.8825204258479822	0.8476107947511761	0.03490963109680611	AD	ENSG00000116752	0.2583560287199802	-0.226050541851885	FALSE	18	BCAS2	BCAS2
ENSG00000138326	8	18	-10	-0.16583051699189544	0.4022035157217133	0.4371131468185194	-0.03490963109680611	Control	ENSG00000138326	0.2583560287199802	0.01495954929576726	FALSE	18	RPS24	RPS24
ENSG00000130202	8	18	-10	-0.16583051699189544	0.4022035157217133	0.4371131468185194	-0.03490963109680611	Control	ENSG00000130202	0.2583560287199802	-0.00351641778222955	FALSE	18	NECTIN2	NECTIN2
ENSG00000189221	8	18	-10	-0.16583051699189544	0.4022035157217133	0.4371131468185194	-0.03490963109680611	Control	ENSG00000189221	0.2583560287199802	-0.00480423985498568	FALSE	18	MAOA	MAOA
ENSG00000135540	32	35	-3	-0.07108984840735251	0.6033671700916068	0.5685813320128744	0.03478583807873237	Control	ENSG00000135540	0.2576132706115375	0.1782854319085061	FALSE	18	NHSL1	NHSL1
ENSG00000145730	235	284	-49	-0.693671384820063	0.8451349343897004	0.8799207724684328	-0.03478583807873237	Control	ENSG00000145730	0.2576132706115375	-0.24822380525862545	FALSE	18	PAM	PAM
ENSG00000183258	16	30	-14	-0.21996804189734853	0.5049517207229512	0.5396137657836098	-0.03466204506065851	Control	ENSG00000183258	0.2572418915573162	-0.09078662719135976	FALSE	18	DDX41	DDX41
ENSG00000110888	19	34	-15	-0.23350242312371175	0.5283486011388958	0.5628868531814806	-0.03453825204258476	Control	ENSG00000110888	0.2569943055211686	-0.10245173906957028	FALSE	18	CAPRIN2	CAPRIN2
ENSG00000125868	464	533	-69	-0.9643590093473284	0.9346372864570438	0.9690517454815548	-0.03441445902451101	Control	ENSG00000125868	0.2566229264669473	-0.17836355077678867	FALSE	18	DSTN	DSTN
ENSG00000112367	377	269	108	1.4312264677189708	0.906907650408517	0.8724931913840059	0.03441445902451101	AD	ENSG00000112367	0.2566229264669473	-0.18279552563650725	FALSE	18	FIG4	FIG4
ENSG00000185352	389	279	110	1.4582952301716972	0.9113641990591732	0.8770735330527358	0.03429066600643726	AD	ENSG00000185352	0.25625154741272593	-0.29809766590956244	FALSE	18	HS6ST3	HS6ST3
ENSG00000170579	500	576	-76	-1.059099677931871	0.9442931418667988	0.9784600148551622	-0.03416687298836352	Control	ENSG00000170579	0.2560039613765784	-0.27068009459942033	FALSE	18	DLGAP1	DLGAP1
ENSG00000162817	532	357	175	2.3380300098853097	0.9518445159692992	0.917677642980936	0.0341668729883634	AD	ENSG00000162817	0.255632582322357	-0.20403509963494493	FALSE	18	C1orf115	C1orf115
ENSG00000131263	434	311	123	1.6342421861144198	0.9284476355533549	0.8942807625649913	0.0341668729883634	AD	ENSG00000131263	0.255632582322357	-0.19949397119365744	FALSE	18	RLIM	RLIM
ENSG00000137267	215	165	50	0.646232356589901	0.8330032186184699	0.7989601386481803	0.03404307997028966	AD	ENSG00000137267	0.25513741025006187	-0.45024810322897224	FALSE	18	TUBB2A	TUBB2A
ENSG00000005022	57	55	2	-0.00341794227553615	0.6794998762069819	0.6454567962366923	0.03404307997028966	AD	ENSG00000005022	0.25513741025006187	-0.20044645185155652	FALSE	18	SLC25A5	SLC25A5
ENSG00000068971	96	130	-34	-0.4906556664246139	0.7370636296112899	0.7709829165635058	-0.03391928695221591	Control	ENSG00000068971	0.25476603119584057	-0.09773079078947156	FALSE	18	PPP2R5B	PPP2R5B
ENSG00000150093	35	37	-2	-0.057555467180989237	0.6147561277543947	0.5809606338202525	0.03379549393414216	Control	ENSG00000150093	0.254518445159693	0.22054688032617695	FALSE	18	ITGB1	ITGB1
ENSG00000087085	64	97	-33	-0.47712128519825064	0.6934884872493191	0.7269126021292399	-0.03342411487992081	Control	ENSG00000087085	0.2542708591235454	-0.19842988914283663	FALSE	18	ACHE	ACHE
ENSG00000067829	76	70	6	0.05071958262991694	0.714409507303788	0.6812329784600148	0.0331765288437732	AD	ENSG00000067829	0.25402327308739786	-0.1527943805299401	FALSE	18	IDH3G	IDH3G
ENSG00000167005	368	262	106	1.4041577052662442	0.9009655855409756	0.867912849715276	0.03305273582569945	AD	ENSG00000167005	0.2536518940331765	-0.21714692017201995	FALSE	18	NUDT21	NUDT21
ENSG00000105376	129	170	-41	-0.5853963350091568	0.7709829165635058	0.8040356523892053	-0.03305273582569945	Control	ENSG00000105376	0.2536518940331765	-0.42489154010350205	FALSE	18	ICAM5	ICAM5
ENSG00000132640	103	136	-33	-0.47712128519825064	0.7437484525872741	0.7766773953948998	-0.0329289428076257	Control	ENSG00000132640	0.2532805149789552	-0.10438459525338928	FALSE	18	BTBD3	BTBD3
ENSG00000220323	1	1	0	-0.03048670472826269	0.07279029462738301	0.03986135181975736	0.03292894280762565	Control	ENSG00000220323	0.2319881158702649	0.10259535591858526	FALSE	18	H2BC19P	H2BC19P
ENSG00000211459	1	1	0	-0.03048670472826269	0.07279029462738301	0.03986135181975736	0.03292894280762565	Control	ENSG00000211459	0.2319881158702649	0.2016214988476772	FALSE	18	MT-RNR1	MT-RNR1
ENSG00000168329	1	1	0	-0.03048670472826269	0.07279029462738301	0.03986135181975736	0.03292894280762565	Control	ENSG00000168329	0.2319881158702649	-0.2271178576764532	FALSE	18	CX3CR1	CX3CR1
ENSG00000085733	1	1	0	-0.03048670472826269	0.07279029462738301	0.03986135181975736	0.03292894280762565	Control	ENSG00000085733	0.2319881158702649	-0.00973197214931964	FALSE	18	CTTN	CTTN
ENSG00000167004	1	1	0	-0.03048670472826269	0.07279029462738301	0.03986135181975736	0.03292894280762565	Control	ENSG00000167004	0.2319881158702649	-0.17647823365943616	FALSE	18	PDIA3	PDIA3
ENSG00000189223	1	1	0	-0.03048670472826269	0.07279029462738301	0.03986135181975736	0.03292894280762565	Control	ENSG00000189223	0.2319881158702649	-0.09434615187249662	FALSE	18	PAX8-AS1	PAX8-AS1
ENSG00000187498	1	1	0	-0.03048670472826269	0.07279029462738301	0.03986135181975736	0.03292894280762565	Control	ENSG00000187498	0.2319881158702649	-0.22065556473034495	FALSE	18	COL4A1	COL4A1
ENSG00000143947	1	1	0	-0.03048670472826269	0.07279029462738301	0.03986135181975736	0.03292894280762565	Control	ENSG00000143947	0.2319881158702649	0.00433636295777439	FALSE	18	RPS27A	RPS27A
ENSG00000116786	1	1	0	-0.03048670472826269	0.07279029462738301	0.03986135181975736	0.03292894280762565	Control	ENSG00000116786	0.2319881158702649	0.07630571048931678	FALSE	18	PLEKHM2	PLEKHM2
ENSG00000225828	1	1	0	-0.03048670472826269	0.07279029462738301	0.03986135181975736	0.03292894280762565	Control	ENSG00000225828	0.2319881158702649	0.26596377189897336	FALSE	18	FAM229A	FAM229A
ENSG00000266714	1	1	0	-0.03048670472826269	0.07279029462738301	0.03986135181975736	0.03292894280762565	Control	ENSG00000266714	0.2319881158702649	0.10458215458812424	FALSE	18	MYO15B	MYO15B
ENSG00000181016	1	1	0	-0.03048670472826269	0.07279029462738301	0.03986135181975736	0.03292894280762565	Control	ENSG00000181016	0.2319881158702649	0.3306407198164045	FALSE	18	LSMEM1	LSMEM1
ENSG00000118873	1	1	0	-0.03048670472826269	0.07279029462738301	0.03986135181975736	0.03292894280762565	Control	ENSG00000118873	0.2319881158702649	-0.07262765808394889	FALSE	18	RAB3GAP2	RAB3GAP2
ENSG00000113649	1	1	0	-0.03048670472826269	0.07279029462738301	0.03986135181975736	0.03292894280762565	Control	ENSG00000113649	0.2319881158702649	-0.07114902696854664	FALSE	18	TCERG1	TCERG1
ENSG00000198019	1	1	0	-0.03048670472826269	0.07279029462738301	0.03986135181975736	0.03292894280762565	Control	ENSG00000198019	0.2319881158702649	-0.07455019833135701	FALSE	18	FCGR1BP	FCGR1BP
ENSG00000175756	1	1	0	-0.03048670472826269	0.07279029462738301	0.03986135181975736	0.03292894280762565	Control	ENSG00000175756	0.2319881158702649	-0.17062555169660065	FALSE	18	AURKAIP1	AURKAIP1
ENSG00000125844	1	1	0	-0.03048670472826269	0.07279029462738301	0.03986135181975736	0.03292894280762565	Control	ENSG00000125844	0.2319881158702649	0.0632610185830238	FALSE	18	RRBP1	RRBP1
ENSG00000182606	1	1	0	-0.03048670472826269	0.07279029462738301	0.03986135181975736	0.03292894280762565	Control	ENSG00000182606	0.2319881158702649	0.00496041532720781	FALSE	18	TRAK1	TRAK1
ENSG00000210194	1	1	0	-0.03048670472826269	0.07279029462738301	0.03986135181975736	0.03292894280762565	Control	ENSG00000210194	0.2319881158702649	0.16994479393388495	FALSE	18	MT-TE	MT-TE
ENSG00000137776	1	1	0	-0.03048670472826269	0.07279029462738301	0.03986135181975736	0.03292894280762565	Control	ENSG00000137776	0.2319881158702649	0.18606137462925432	FALSE	18	SLTM	SLTM
ENSG00000065600	1	1	0	-0.03048670472826269	0.07279029462738301	0.03986135181975736	0.03292894280762565	Control	ENSG00000065600	0.2319881158702649	0.00583657360441058	FALSE	18	PACC1	PACC1
ENSG00000172586	1	1	0	-0.03048670472826269	0.07279029462738301	0.03986135181975736	0.03292894280762565	Control	ENSG00000172586	0.2319881158702649	-0.10906081252787914	FALSE	18	CHCHD1	CHCHD1
ENSG00000165572	1	1	0	-0.03048670472826269	0.07279029462738301	0.03986135181975736	0.03292894280762565	Control	ENSG00000165572	0.2319881158702649	-0.05325405834666164	FALSE	18	KBTBD6	KBTBD6
ENSG00000124496	1	1	0	-0.03048670472826269	0.07279029462738301	0.03986135181975736	0.03292894280762565	Control	ENSG00000124496	0.2319881158702649	-0.03565731029712715	FALSE	18	TRERF1	TRERF1
ENSG00000204348	1	1	0	-0.03048670472826269	0.07279029462738301	0.03986135181975736	0.03292894280762565	Control	ENSG00000204348	0.2319881158702649	0.06377419547867191	FALSE	18	DXO	DXO
ENSG00000206503	1	1	0	-0.03048670472826269	0.07279029462738301	0.03986135181975736	0.03292894280762565	Control	ENSG00000206503	0.2319881158702649	-0.0708468569776528	FALSE	18	HLA-A	HLA-A
ENSG00000115602	1	1	0	-0.03048670472826269	0.07279029462738301	0.03986135181975736	0.03292894280762565	Control	ENSG00000115602	0.2319881158702649	-0.37938974636611533	FALSE	18	IL1RL1	IL1RL1
ENSG00000163221	1	1	0	-0.03048670472826269	0.07279029462738301	0.03986135181975736	0.03292894280762565	Control	ENSG00000163221	0.2319881158702649	0.20997481228245407	FALSE	18	S100A12	S100A12
ENSG00000175054	1	1	0	-0.03048670472826269	0.07279029462738301	0.03986135181975736	0.03292894280762565	Control	ENSG00000175054	0.2319881158702649	-0.13185426693170754	FALSE	18	ATR	ATR
ENSG00000149806	1	1	0	-0.03048670472826269	0.07279029462738301	0.03986135181975736	0.03292894280762565	Control	ENSG00000149806	0.2319881158702649	-0.00345688591309745	FALSE	18	FAU	FAU
ENSG00000179403	1	1	0	-0.03048670472826269	0.07279029462738301	0.03986135181975736	0.03292894280762565	Control	ENSG00000179403	0.2319881158702649	-0.08645589694491385	FALSE	18	VWA1	VWA1
ENSG00000230715	1	1	0	-0.03048670472826269	0.07279029462738301	0.03986135181975736	0.03292894280762565	Control	ENSG00000230715	0.2319881158702649	-0.01990967442546676	FALSE	18	NA	ENSG00000230715
ENSG00000174695	1	1	0	-0.03048670472826269	0.07279029462738301	0.03986135181975736	0.03292894280762565	Control	ENSG00000174695	0.2319881158702649	-0.00567156346153829	FALSE	18	TMEM167A	TMEM167A
ENSG00000204389	1	1	0	-0.03048670472826269	0.07279029462738301	0.03986135181975736	0.03292894280762565	Control	ENSG00000204389	0.2319881158702649	0.07130862256913595	FALSE	18	HSPA1A	HSPA1A
ENSG00000163793	1	1	0	-0.03048670472826269	0.07279029462738301	0.03986135181975736	0.03292894280762565	Control	ENSG00000163793	0.2319881158702649	-0.14968696347282062	FALSE	18	DNAJC5G	DNAJC5G
ENSG00000117528	1	1	0	-0.03048670472826269	0.07279029462738301	0.03986135181975736	0.03292894280762565	Control	ENSG00000117528	0.2319881158702649	0.04347424754340245	FALSE	18	ABCD3	ABCD3
ENSG00000151353	1	1	0	-0.03048670472826269	0.07279029462738301	0.03986135181975736	0.03292894280762565	Control	ENSG00000151353	0.2319881158702649	-0.07512751047975819	FALSE	18	TMEM18	TMEM18
ENSG00000120907	1	1	0	-0.03048670472826269	0.07279029462738301	0.03986135181975736	0.03292894280762565	Control	ENSG00000120907	0.2319881158702649	0.05332656889190002	FALSE	18	ADRA1A	ADRA1A
ENSG00000169598	1	1	0	-0.03048670472826269	0.07279029462738301	0.03986135181975736	0.03292894280762565	Control	ENSG00000169598	0.2319881158702649	0.03051466988062134	FALSE	18	DFFB	DFFB
ENSG00000119227	1	1	0	-0.03048670472826269	0.07279029462738301	0.03986135181975736	0.03292894280762565	Control	ENSG00000119227	0.2319881158702649	-0.12454358175629744	FALSE	18	PIGZ	PIGZ
ENSG00000237950	1	1	0	-0.03048670472826269	0.07279029462738301	0.03986135181975736	0.03292894280762565	Control	ENSG00000237950	0.2319881158702649	0.13702338698690575	FALSE	18	LINC02918	LINC02918
ENSG00000186642	1	1	0	-0.03048670472826269	0.07279029462738301	0.03986135181975736	0.03292894280762565	Control	ENSG00000186642	0.2319881158702649	-0.04725607742474125	FALSE	18	PDE2A	PDE2A
ENSG00000136045	1	1	0	-0.03048670472826269	0.07279029462738301	0.03986135181975736	0.03292894280762565	Control	ENSG00000136045	0.2319881158702649	-0.09708728913682484	FALSE	18	PWP1	PWP1
ENSG00000151247	1	1	0	-0.03048670472826269	0.07279029462738301	0.03986135181975736	0.03292894280762565	Control	ENSG00000151247	0.2319881158702649	-0.1349234335831042	FALSE	18	EIF4E	EIF4E
ENSG00000081052	1	1	0	-0.03048670472826269	0.07279029462738301	0.03986135181975736	0.03292894280762565	Control	ENSG00000081052	0.2319881158702649	0.01292862252352033	FALSE	18	COL4A4	COL4A4
ENSG00000247092	1	1	0	-0.03048670472826269	0.07279029462738301	0.03986135181975736	0.03292894280762565	Control	ENSG00000247092	0.2319881158702649	0.09909816298638496	FALSE	18	SNHG10	SNHG10
ENSG00000135250	1	1	0	-0.03048670472826269	0.07279029462738301	0.03986135181975736	0.03292894280762565	Control	ENSG00000135250	0.2319881158702649	-0.06388711842720696	FALSE	18	SRPK2	SRPK2
ENSG00000172932	1	1	0	-0.03048670472826269	0.07279029462738301	0.03986135181975736	0.03292894280762565	Control	ENSG00000172932	0.2319881158702649	0.05519942154278823	FALSE	18	ANKRD13D	ANKRD13D
ENSG00000124772	1	1	0	-0.03048670472826269	0.07279029462738301	0.03986135181975736	0.03292894280762565	Control	ENSG00000124772	0.2319881158702649	-0.1423735480931061	FALSE	18	CPNE5	CPNE5
ENSG00000111843	1	1	0	-0.03048670472826269	0.07279029462738301	0.03986135181975736	0.03292894280762565	Control	ENSG00000111843	0.2319881158702649	-0.02406807723390969	FALSE	18	TMEM14C	TMEM14C
ENSG00000002016	1	1	0	-0.03048670472826269	0.07279029462738301	0.03986135181975736	0.03292894280762565	Control	ENSG00000002016	0.2319881158702649	0.08375280105286009	FALSE	18	RAD52	RAD52
ENSG00000138735	1	1	0	-0.03048670472826269	0.07279029462738301	0.03986135181975736	0.03292894280762565	Control	ENSG00000138735	0.2319881158702649	0.2764580729698425	FALSE	18	PDE5A	PDE5A
ENSG00000149136	1	1	0	-0.03048670472826269	0.07279029462738301	0.03986135181975736	0.03292894280762565	Control	ENSG00000149136	0.2319881158702649	-0.0066651814215568	FALSE	18	SSRP1	SSRP1
ENSG00000164219	1	1	0	-0.03048670472826269	0.07279029462738301	0.03986135181975736	0.03292894280762565	Control	ENSG00000164219	0.2319881158702649	0.11675672839466776	FALSE	18	PGGT1B	PGGT1B
ENSG00000139800	1	1	0	-0.03048670472826269	0.07279029462738301	0.03986135181975736	0.03292894280762565	Control	ENSG00000139800	0.2319881158702649	0.22764364441059293	FALSE	18	ZIC5	ZIC5
ENSG00000272597	1	1	0	-0.03048670472826269	0.07279029462738301	0.03986135181975736	0.03292894280762565	Control	ENSG00000272597	0.2319881158702649	0.28350486170057465	FALSE	18	NA	ENSG00000272597
ENSG00000160752	1	1	0	-0.03048670472826269	0.07279029462738301	0.03986135181975736	0.03292894280762565	Control	ENSG00000160752	0.2319881158702649	-0.09207381245030533	FALSE	18	FDPS	FDPS
ENSG00000168830	1	1	0	-0.03048670472826269	0.07279029462738301	0.03986135181975736	0.03292894280762565	Control	ENSG00000168830	0.2319881158702649	-0.04425271031061761	FALSE	18	HTR1E	HTR1E
ENSG00000130997	1	1	0	-0.03048670472826269	0.07279029462738301	0.03986135181975736	0.03292894280762565	Control	ENSG00000130997	0.2319881158702649	0.16950271903486325	FALSE	18	POLN	POLN
ENSG00000162409	1	1	0	-0.03048670472826269	0.07279029462738301	0.03986135181975736	0.03292894280762565	Control	ENSG00000162409	0.2319881158702649	-0.06923631615333115	FALSE	18	PRKAA2	PRKAA2
ENSG00000164035	1	1	0	-0.03048670472826269	0.07279029462738301	0.03986135181975736	0.03292894280762565	Control	ENSG00000164035	0.2319881158702649	0.05503055112667709	FALSE	18	EMCN	EMCN
ENSG00000184005	1	1	0	-0.03048670472826269	0.07279029462738301	0.03986135181975736	0.03292894280762565	Control	ENSG00000184005	0.2319881158702649	0.1721328649953584	FALSE	18	ST6GALNAC3	ST6GALNAC3
ENSG00000179295	1	1	0	-0.03048670472826269	0.07279029462738301	0.03986135181975736	0.03292894280762565	Control	ENSG00000179295	0.2319881158702649	0.05002207357582122	FALSE	18	PTPN11	PTPN11
ENSG00000261326	1	1	0	-0.03048670472826269	0.07279029462738301	0.03986135181975736	0.03292894280762565	Control	ENSG00000261326	0.2319881158702649	0.0913831784038388	FALSE	18	LINC01355	LINC01355
ENSG00000134186	1	1	0	-0.03048670472826269	0.07279029462738301	0.03986135181975736	0.03292894280762565	Control	ENSG00000134186	0.2319881158702649	0.217863745394288	FALSE	18	PRPF38B	PRPF38B
ENSG00000139697	1	1	0	-0.03048670472826269	0.07279029462738301	0.03986135181975736	0.03292894280762565	Control	ENSG00000139697	0.2319881158702649	-0.0641060458418341	FALSE	18	SBNO1	SBNO1
ENSG00000233967	1	1	0	-0.03048670472826269	0.07279029462738301	0.03986135181975736	0.03292894280762565	Control	ENSG00000233967	0.2319881158702649	0.08299716008831393	FALSE	18	NA	ENSG00000233967
ENSG00000156140	1	1	0	-0.03048670472826269	0.07279029462738301	0.03986135181975736	0.03292894280762565	Control	ENSG00000156140	0.2319881158702649	-0.27901458758934083	FALSE	18	ADAMTS3	ADAMTS3
ENSG00000197430	1	1	0	-0.03048670472826269	0.07279029462738301	0.03986135181975736	0.03292894280762565	Control	ENSG00000197430	0.2319881158702649	-0.04915417228585106	FALSE	18	OPALIN	OPALIN
ENSG00000174453	1	1	0	-0.03048670472826269	0.07279029462738301	0.03986135181975736	0.03292894280762565	Control	ENSG00000174453	0.2319881158702649	-0.13261624895196888	FALSE	18	VWC2L	VWC2L
ENSG00000196104	1	1	0	-0.03048670472826269	0.07279029462738301	0.03986135181975736	0.03292894280762565	Control	ENSG00000196104	0.2319881158702649	0.07828509077482693	FALSE	18	SPOCK3	SPOCK3
ENSG00000288011	1	1	0	-0.03048670472826269	0.07279029462738301	0.03986135181975736	0.03292894280762565	Control	ENSG00000288011	0.2319881158702649	-0.12936180087219107	FALSE	18	NA	ENSG00000288011
ENSG00000127955	1	1	0	-0.03048670472826269	0.07279029462738301	0.03986135181975736	0.03292894280762565	Control	ENSG00000127955	0.2319881158702649	-0.10943262472978256	FALSE	18	GNAI1	GNAI1
ENSG00000157978	1	1	0	-0.03048670472826269	0.07279029462738301	0.03986135181975736	0.03292894280762565	Control	ENSG00000157978	0.2319881158702649	0.33243748775709303	FALSE	18	LDLRAP1	LDLRAP1
ENSG00000175634	1	1	0	-0.03048670472826269	0.07279029462738301	0.03986135181975736	0.03292894280762565	Control	ENSG00000175634	0.2319881158702649	0.07812969685427085	FALSE	18	RPS6KB2	RPS6KB2
ENSG00000014164	1	1	0	-0.03048670472826269	0.07279029462738301	0.03986135181975736	0.03292894280762565	Control	ENSG00000014164	0.2319881158702649	-0.07340204040498222	FALSE	18	ZC3H3	ZC3H3
ENSG00000224066	1	1	0	-0.03048670472826269	0.07279029462738301	0.03986135181975736	0.03292894280762565	Control	ENSG00000224066	0.2319881158702649	-0.1219343273343858	FALSE	18	IQCC-AS1	IQCC-AS1
ENSG00000122367	1	1	0	-0.03048670472826269	0.07279029462738301	0.03986135181975736	0.03292894280762565	Control	ENSG00000122367	0.2319881158702649	-0.08142284393105648	FALSE	18	LDB3	LDB3
ENSG00000137968	1	1	0	-0.03048670472826269	0.07279029462738301	0.03986135181975736	0.03292894280762565	Control	ENSG00000137968	0.2319881158702649	-0.12322591990714128	FALSE	18	SLC44A5	SLC44A5
ENSG00000146067	1	1	0	-0.03048670472826269	0.07279029462738301	0.03986135181975736	0.03292894280762565	Control	ENSG00000146067	0.2319881158702649	0.03462661292179625	FALSE	18	FAM193B	FAM193B
ENSG00000279789	1	1	0	-0.03048670472826269	0.07279029462738301	0.03986135181975736	0.03292894280762565	Control	ENSG00000279789	0.2319881158702649	0.27151420728073816	FALSE	18	NA	ENSG00000279789
ENSG00000105251	1	1	0	-0.03048670472826269	0.07279029462738301	0.03986135181975736	0.03292894280762565	Control	ENSG00000105251	0.2319881158702649	-0.256635083579134	FALSE	18	SHD	SHD
ENSG00000178028	1	1	0	-0.03048670472826269	0.07279029462738301	0.03986135181975736	0.03292894280762565	Control	ENSG00000178028	0.2319881158702649	-0.01100331465958426	FALSE	18	DMAP1	DMAP1
ENSG00000116288	1	1	0	-0.03048670472826269	0.07279029462738301	0.03986135181975736	0.03292894280762565	Control	ENSG00000116288	0.2319881158702649	-0.09793326278639114	FALSE	18	PARK7	PARK7
ENSG00000117385	1	1	0	-0.03048670472826269	0.07279029462738301	0.03986135181975736	0.03292894280762565	Control	ENSG00000117385	0.2319881158702649	0.07347847424438747	FALSE	18	P3H1	P3H1
ENSG00000163624	1	1	0	-0.03048670472826269	0.07279029462738301	0.03986135181975736	0.03292894280762565	Control	ENSG00000163624	0.2319881158702649	-0.1841925381765641	FALSE	18	CDS1	CDS1
ENSG00000261716	1	1	0	-0.03048670472826269	0.07279029462738301	0.03986135181975736	0.03292894280762565	Control	ENSG00000261716	0.2319881158702649	0.12065111228932146	FALSE	18	H2BC20P	H2BC20P
ENSG00000125144	1	1	0	-0.03048670472826269	0.07279029462738301	0.03986135181975736	0.03292894280762565	Control	ENSG00000125144	0.2319881158702649	0.27900277899217407	FALSE	18	MT1G	MT1G
ENSG00000179218	1	1	0	-0.03048670472826269	0.07279029462738301	0.03986135181975736	0.03292894280762565	Control	ENSG00000179218	0.2319881158702649	-0.22816634689946724	FALSE	18	CALR	CALR
ENSG00000125618	1	1	0	-0.03048670472826269	0.07279029462738301	0.03986135181975736	0.03292894280762565	Control	ENSG00000125618	0.2319881158702649	-0.17183950649319435	FALSE	18	PAX8	PAX8
ENSG00000173757	1	1	0	-0.03048670472826269	0.07279029462738301	0.03986135181975736	0.03292894280762565	Control	ENSG00000173757	0.2319881158702649	0.02895587191818194	FALSE	18	STAT5B	STAT5B
ENSG00000134871	1	1	0	-0.03048670472826269	0.07279029462738301	0.03986135181975736	0.03292894280762565	Control	ENSG00000134871	0.2319881158702649	-0.1259921433255471	FALSE	18	COL4A2	COL4A2
ENSG00000205364	1	1	0	-0.03048670472826269	0.07279029462738301	0.03986135181975736	0.03292894280762565	Control	ENSG00000205364	0.2319881158702649	0.2218120955210896	FALSE	18	MT1M	MT1M
ENSG00000177679	1	1	0	-0.03048670472826269	0.07279029462738301	0.03986135181975736	0.03292894280762565	Control	ENSG00000177679	0.2319881158702649	0.05549130582035033	FALSE	18	SRRM3	SRRM3
ENSG00000254377	1	1	0	-0.03048670472826269	0.07279029462738301	0.03986135181975736	0.03292894280762565	Control	ENSG00000254377	0.2319881158702649	-0.05866524791688832	FALSE	18	MIR124-2HG	MIR124-2HG
ENSG00000185640	1	1	0	-0.03048670472826269	0.07279029462738301	0.03986135181975736	0.03292894280762565	Control	ENSG00000185640	0.2319881158702649	-0.02887050963723747	FALSE	18	KRT79	KRT79
ENSG00000172216	1	1	0	-0.03048670472826269	0.07279029462738301	0.03986135181975736	0.03292894280762565	Control	ENSG00000172216	0.2319881158702649	-0.03737479571703517	FALSE	18	CEBPB	CEBPB
ENSG00000260337	1	1	0	-0.03048670472826269	0.07279029462738301	0.03986135181975736	0.03292894280762565	Control	ENSG00000260337	0.2319881158702649	0.20920255128276377	FALSE	18	NA	ENSG00000260337
ENSG00000078687	1	1	0	-0.03048670472826269	0.07279029462738301	0.03986135181975736	0.03292894280762565	Control	ENSG00000078687	0.2319881158702649	0.11789066008069328	FALSE	18	TNRC6C	TNRC6C
ENSG00000186472	1	1	0	-0.03048670472826269	0.07279029462738301	0.03986135181975736	0.03292894280762565	Control	ENSG00000186472	0.2319881158702649	0.00239742169626211	FALSE	18	PCLO	PCLO
ENSG00000210196	1	1	0	-0.03048670472826269	0.07279029462738301	0.03986135181975736	0.03292894280762565	Control	ENSG00000210196	0.2319881158702649	0.1803094649800805	FALSE	18	MT-TP	MT-TP
ENSG00000280660	1	1	0	-0.03048670472826269	0.07279029462738301	0.03986135181975736	0.03292894280762565	Control	ENSG00000280660	0.2319881158702649	0.3148235594559887	FALSE	18	NA	ENSG00000280660
ENSG00000175899	1	1	0	-0.03048670472826269	0.07279029462738301	0.03986135181975736	0.03292894280762565	Control	ENSG00000175899	0.2319881158702649	0.03035616422962306	FALSE	18	A2M	A2M
ENSG00000173926	1	1	0	-0.03048670472826269	0.07279029462738301	0.03986135181975736	0.03292894280762565	Control	ENSG00000173926	0.2319881158702649	0.23552552427994833	FALSE	18	MARCHF3	MARCHF3
ENSG00000198732	1	1	0	-0.03048670472826269	0.07279029462738301	0.03986135181975736	0.03292894280762565	Control	ENSG00000198732	0.2319881158702649	0.2211678307693905	FALSE	18	SMOC1	SMOC1
ENSG00000144724	1	1	0	-0.03048670472826269	0.07279029462738301	0.03986135181975736	0.03292894280762565	Control	ENSG00000144724	0.2319881158702649	-0.04081755319234226	FALSE	18	PTPRG	PTPRG
ENSG00000203616	1	1	0	-0.03048670472826269	0.07279029462738301	0.03986135181975736	0.03292894280762565	Control	ENSG00000203616	0.2319881158702649	0.03962668560725824	FALSE	18	RHOT1P2	RHOT1P2
ENSG00000109113	1	1	0	-0.03048670472826269	0.07279029462738301	0.03986135181975736	0.03292894280762565	Control	ENSG00000109113	0.2319881158702649	-0.00775520590744349	FALSE	18	RAB34	RAB34
ENSG00000161671	1	1	0	-0.03048670472826269	0.07279029462738301	0.03986135181975736	0.03292894280762565	Control	ENSG00000161671	0.2319881158702649	-0.00707930848643201	FALSE	18	EMC10	EMC10
ENSG00000122254	1	1	0	-0.03048670472826269	0.07279029462738301	0.03986135181975736	0.03292894280762565	Control	ENSG00000122254	0.2319881158702649	-0.0913953377600496	FALSE	18	HS3ST2	HS3ST2
ENSG00000124203	1	1	0	-0.03048670472826269	0.07279029462738301	0.03986135181975736	0.03292894280762565	Control	ENSG00000124203	0.2319881158702649	-0.04020365965394745	FALSE	18	ZNF831	ZNF831
ENSG00000104979	1	1	0	-0.03048670472826269	0.07279029462738301	0.03986135181975736	0.03292894280762565	Control	ENSG00000104979	0.2319881158702649	-0.09157440629271107	FALSE	18	C19orf53	C19orf53
ENSG00000234745	1	1	0	-0.03048670472826269	0.07279029462738301	0.03986135181975736	0.03292894280762565	Control	ENSG00000234745	0.2319881158702649	-0.00954075589340242	FALSE	18	HLA-B	HLA-B
ENSG00000115604	1	1	0	-0.03048670472826269	0.07279029462738301	0.03986135181975736	0.03292894280762565	Control	ENSG00000115604	0.2319881158702649	0.093436117642983	FALSE	18	IL18R1	IL18R1
ENSG00000204650	1	1	0	-0.03048670472826269	0.07279029462738301	0.03986135181975736	0.03292894280762565	Control	ENSG00000204650	0.2319881158702649	0.05236538015308945	FALSE	18	LINC02210	LINC02210
ENSG00000224812	1	1	0	-0.03048670472826269	0.07279029462738301	0.03986135181975736	0.03292894280762565	Control	ENSG00000224812	0.2319881158702649	-0.09149947863931109	FALSE	18	TMEM72-AS1	TMEM72-AS1
ENSG00000168092	1	1	0	-0.03048670472826269	0.07279029462738301	0.03986135181975736	0.03292894280762565	Control	ENSG00000168092	0.2319881158702649	-0.03969513174397754	FALSE	18	PAFAH1B2	PAFAH1B2
ENSG00000130749	1	1	0	-0.03048670472826269	0.07279029462738301	0.03986135181975736	0.03292894280762565	Control	ENSG00000130749	0.2319881158702649	0.01009895355739054	FALSE	18	ZC3H4	ZC3H4
ENSG00000204257	1	1	0	-0.03048670472826269	0.07279029462738301	0.03986135181975736	0.03292894280762565	Control	ENSG00000204257	0.2319881158702649	0.1280417649448653	FALSE	18	HLA-DMA	HLA-DMA
ENSG00000172890	1	1	0	-0.03048670472826269	0.07279029462738301	0.03986135181975736	0.03292894280762565	Control	ENSG00000172890	0.2319881158702649	0.1050561547910629	FALSE	18	NADSYN1	NADSYN1
ENSG00000243679	1	1	0	-0.03048670472826269	0.07279029462738301	0.03986135181975736	0.03292894280762565	Control	ENSG00000243679	0.2319881158702649	0.00857167635126821	FALSE	18	NA	ENSG00000243679
ENSG00000134153	1	1	0	-0.03048670472826269	0.07279029462738301	0.03986135181975736	0.03292894280762565	Control	ENSG00000134153	0.2319881158702649	-0.13920418003189994	FALSE	18	EMC7	EMC7
ENSG00000109927	1	1	0	-0.03048670472826269	0.07279029462738301	0.03986135181975736	0.03292894280762565	Control	ENSG00000109927	0.2319881158702649	-0.19348626507797917	FALSE	18	TECTA	TECTA
ENSG00000102317	1	1	0	-0.03048670472826269	0.07279029462738301	0.03986135181975736	0.03292894280762565	Control	ENSG00000102317	0.2319881158702649	-0.23918644490187368	FALSE	18	RBM3	RBM3
ENSG00000100442	1	1	0	-0.03048670472826269	0.07279029462738301	0.03986135181975736	0.03292894280762565	Control	ENSG00000100442	0.2319881158702649	-0.09581108905055837	FALSE	18	FKBP3	FKBP3
ENSG00000147684	1	1	0	-0.03048670472826269	0.07279029462738301	0.03986135181975736	0.03292894280762565	Control	ENSG00000147684	0.2319881158702649	-0.06920105962764111	FALSE	18	NDUFB9	NDUFB9
ENSG00000138100	1	1	0	-0.03048670472826269	0.07279029462738301	0.03986135181975736	0.03292894280762565	Control	ENSG00000138100	0.2319881158702649	-0.17799165095056857	FALSE	18	TRIM54	TRIM54
ENSG00000262691	1	1	0	-0.03048670472826269	0.07279029462738301	0.03986135181975736	0.03292894280762565	Control	ENSG00000262691	0.2319881158702649	0.1223926356531262	FALSE	18	NA	ENSG00000262691
ENSG00000100612	1	1	0	-0.03048670472826269	0.07279029462738301	0.03986135181975736	0.03292894280762565	Control	ENSG00000100612	0.2319881158702649	-0.19587922620146792	FALSE	18	DHRS7	DHRS7
ENSG00000105677	1	1	0	-0.03048670472826269	0.07279029462738301	0.03986135181975736	0.03292894280762565	Control	ENSG00000105677	0.2319881158702649	-0.05274679716719177	FALSE	18	TMEM147	TMEM147
ENSG00000169031	1	1	0	-0.03048670472826269	0.07279029462738301	0.03986135181975736	0.03292894280762565	Control	ENSG00000169031	0.2319881158702649	-0.01921941744612443	FALSE	18	COL4A3	COL4A3
ENSG00000172006	1	1	0	-0.03048670472826269	0.07279029462738301	0.03986135181975736	0.03292894280762565	Control	ENSG00000172006	0.2319881158702649	-0.15190313569422287	FALSE	18	ZNF554	ZNF554
ENSG00000077616	1	1	0	-0.03048670472826269	0.07279029462738301	0.03986135181975736	0.03292894280762565	Control	ENSG00000077616	0.2319881158702649	0.06638477510808549	FALSE	18	NAALAD2	NAALAD2
ENSG00000125755	1	1	0	-0.03048670472826269	0.07279029462738301	0.03986135181975736	0.03292894280762565	Control	ENSG00000125755	0.2319881158702649	-0.02604923102069811	FALSE	18	SYMPK	SYMPK
ENSG00000108424	1	1	0	-0.03048670472826269	0.07279029462738301	0.03986135181975736	0.03292894280762565	Control	ENSG00000108424	0.2319881158702649	-0.07329273097857225	FALSE	18	KPNB1	KPNB1
ENSG00000132256	1	1	0	-0.03048670472826269	0.07279029462738301	0.03986135181975736	0.03292894280762565	Control	ENSG00000132256	0.2319881158702649	0.27875994885464284	FALSE	18	TRIM5	TRIM5
ENSG00000230537	1	1	0	-0.03048670472826269	0.07279029462738301	0.03986135181975736	0.03292894280762565	Control	ENSG00000230537	0.2319881158702649	0.5176894904456946	TRUE	19	LINC02937	LINC02937
ENSG00000088340	1	1	0	-0.03048670472826269	0.07279029462738301	0.03986135181975736	0.03292894280762565	Control	ENSG00000088340	0.2319881158702649	0.07488441166214255	FALSE	19	FER1L4	FER1L4
ENSG00000085185	1	1	0	-0.03048670472826269	0.07279029462738301	0.03986135181975736	0.03292894280762565	Control	ENSG00000085185	0.2319881158702649	0.03487901280626637	FALSE	19	BCORL1	BCORL1
ENSG00000204070	1	1	0	-0.03048670472826269	0.07279029462738301	0.03986135181975736	0.03292894280762565	Control	ENSG00000204070	0.2319881158702649	0.08466799393383972	FALSE	19	SYS1	SYS1
ENSG00000185442	1	1	0	-0.03048670472826269	0.07279029462738301	0.03986135181975736	0.03292894280762565	Control	ENSG00000185442	0.2319881158702649	-0.05566622069582472	FALSE	19	FAM174B	FAM174B
ENSG00000141027	1	1	0	-0.03048670472826269	0.07279029462738301	0.03986135181975736	0.03292894280762565	Control	ENSG00000141027	0.2319881158702649	0.06469079248612708	FALSE	19	NCOR1	NCOR1
ENSG00000103671	1	1	0	-0.03048670472826269	0.07279029462738301	0.03986135181975736	0.03292894280762565	Control	ENSG00000103671	0.2319881158702649	0.0987120918082276	FALSE	19	TRIP4	TRIP4
ENSG00000111231	1	1	0	-0.03048670472826269	0.07279029462738301	0.03986135181975736	0.03292894280762565	Control	ENSG00000111231	0.2319881158702649	-0.137578403758857	FALSE	19	GPN3	GPN3
ENSG00000184845	1	1	0	-0.03048670472826269	0.07279029462738301	0.03986135181975736	0.03292894280762565	Control	ENSG00000184845	0.2319881158702649	0.03313312158889481	FALSE	19	DRD1	DRD1
ENSG00000100242	1	1	0	-0.03048670472826269	0.07279029462738301	0.03986135181975736	0.03292894280762565	Control	ENSG00000100242	0.2319881158702649	0.1896460486373499	FALSE	19	SUN2	SUN2
ENSG00000100354	1	1	0	-0.03048670472826269	0.07279029462738301	0.03986135181975736	0.03292894280762565	Control	ENSG00000100354	0.2319881158702649	0.09157036851486922	FALSE	19	TNRC6B	TNRC6B
ENSG00000171130	1	1	0	-0.03048670472826269	0.07279029462738301	0.03986135181975736	0.03292894280762565	Control	ENSG00000171130	0.2319881158702649	-0.195382507613175	FALSE	19	ATP6V0E2	ATP6V0E2
ENSG00000152782	1	1	0	-0.03048670472826269	0.07279029462738301	0.03986135181975736	0.03292894280762565	Control	ENSG00000152782	0.2319881158702649	-0.09758677883424038	FALSE	19	PANK1	PANK1
ENSG00000204442	1	1	0	-0.03048670472826269	0.07279029462738301	0.03986135181975736	0.03292894280762565	Control	ENSG00000204442	0.2319881158702649	-0.03696154375104399	FALSE	19	NALF1	NALF1
ENSG00000111077	1	1	0	-0.03048670472826269	0.07279029462738301	0.03986135181975736	0.03292894280762565	Control	ENSG00000111077	0.2319881158702649	0.18773667659169213	FALSE	19	TNS2	TNS2
ENSG00000198646	1	1	0	-0.03048670472826269	0.07279029462738301	0.03986135181975736	0.03292894280762565	Control	ENSG00000198646	0.2319881158702649	0.03424206411775366	FALSE	19	NCOA6	NCOA6
ENSG00000058262	1	1	0	-0.03048670472826269	0.07279029462738301	0.03986135181975736	0.03292894280762565	Control	ENSG00000058262	0.2319881158702649	0.0344283286253102	FALSE	19	SEC61A1	SEC61A1
ENSG00000163539	1	1	0	-0.03048670472826269	0.07279029462738301	0.03986135181975736	0.03292894280762565	Control	ENSG00000163539	0.2319881158702649	-0.08328003176713672	FALSE	19	CLASP2	CLASP2
ENSG00000260645	1	1	0	-0.03048670472826269	0.07279029462738301	0.03986135181975736	0.03292894280762565	Control	ENSG00000260645	0.2319881158702649	0.14917950340194783	FALSE	19	NA	ENSG00000260645
ENSG00000163637	1	1	0	-0.03048670472826269	0.07279029462738301	0.03986135181975736	0.03292894280762565	Control	ENSG00000163637	0.2319881158702649	-0.02260784624716905	FALSE	19	PRICKLE2	PRICKLE2
ENSG00000168404	1	1	0	-0.03048670472826269	0.07279029462738301	0.03986135181975736	0.03292894280762565	Control	ENSG00000168404	0.2319881158702649	0.24913379110512768	FALSE	19	MLKL	MLKL
ENSG00000137338	1	1	0	-0.03048670472826269	0.07279029462738301	0.03986135181975736	0.03292894280762565	Control	ENSG00000137338	0.2319881158702649	-0.04109227405568738	FALSE	19	PGBD1	PGBD1
ENSG00000130052	1	1	0	-0.03048670472826269	0.07279029462738301	0.03986135181975736	0.03292894280762565	Control	ENSG00000130052	0.2319881158702649	0.1356116295641705	FALSE	19	STARD8	STARD8
ENSG00000213424	1	1	0	-0.03048670472826269	0.07279029462738301	0.03986135181975736	0.03292894280762565	Control	ENSG00000213424	0.2319881158702649	-0.11637798365892048	FALSE	19	KRT222	KRT222
ENSG00000092094	1	1	0	-0.03048670472826269	0.07279029462738301	0.03986135181975736	0.03292894280762565	Control	ENSG00000092094	0.2319881158702649	-0.0178201197023835	FALSE	19	OSGEP	OSGEP
ENSG00000179406	1	1	0	-0.03048670472826269	0.07279029462738301	0.03986135181975736	0.03292894280762565	Control	ENSG00000179406	0.2319881158702649	0.07514237927461487	FALSE	19	LINC00174	LINC00174
ENSG00000071991	1	1	0	-0.03048670472826269	0.07279029462738301	0.03986135181975736	0.03292894280762565	Control	ENSG00000071991	0.2319881158702649	0.2648406837778374	FALSE	19	CDH19	CDH19
ENSG00000134825	1	1	0	-0.03048670472826269	0.07279029462738301	0.03986135181975736	0.03292894280762565	Control	ENSG00000134825	0.2319881158702649	0.03771927340372905	FALSE	19	TMEM258	TMEM258
ENSG00000059915	1	1	0	-0.03048670472826269	0.07279029462738301	0.03986135181975736	0.03292894280762565	Control	ENSG00000059915	0.2319881158702649	-0.09040065548897049	FALSE	19	PSD	PSD
ENSG00000160570	1	1	0	-0.03048670472826269	0.07279029462738301	0.03986135181975736	0.03292894280762565	Control	ENSG00000160570	0.2319881158702649	-0.07391286522004492	FALSE	19	DEDD2	DEDD2
ENSG00000189007	1	1	0	-0.03048670472826269	0.07279029462738301	0.03986135181975736	0.03292894280762565	Control	ENSG00000189007	0.2319881158702649	-0.1427576091485685	FALSE	19	ADAT2	ADAT2
ENSG00000167566	1	1	0	-0.03048670472826269	0.07279029462738301	0.03986135181975736	0.03292894280762565	Control	ENSG00000167566	0.2319881158702649	0.08186362478260989	FALSE	19	NCKAP5L	NCKAP5L
ENSG00000169105	1	1	0	-0.03048670472826269	0.07279029462738301	0.03986135181975736	0.03292894280762565	Control	ENSG00000169105	0.2319881158702649	0.19908312140427945	FALSE	19	CHST14	CHST14
ENSG00000100401	1	1	0	-0.03048670472826269	0.07279029462738301	0.03986135181975736	0.03292894280762565	Control	ENSG00000100401	0.2319881158702649	-0.06680612782876238	FALSE	19	RANGAP1	RANGAP1
ENSG00000106399	1	1	0	-0.03048670472826269	0.07279029462738301	0.03986135181975736	0.03292894280762565	Control	ENSG00000106399	0.2319881158702649	-0.2170975088554341	FALSE	19	RPA3	RPA3
ENSG00000142686	491	551	-60	-0.8425495783100589	0.9408269373607328	0.9736320871502848	-0.03280514978955184	Control	ENSG00000142686	0.2104481307254271	-0.1407205071922082	FALSE	19	C1orf216	C1orf216
ENSG00000189195	623	434	189	2.527511347054396	0.9761079475117604	0.9433027977222084	0.03280514978955184	AD	ENSG00000189195	0.2104481307254271	-0.2678031963609726	FALSE	19	BTBD8	BTBD8
ENSG00000112851	24	41	-17	-0.2605711855764383	0.5630106461995543	0.5958157959891062	-0.03280514978955184	Control	ENSG00000112851	0.2104481307254271	0.3676617603475716	FALSE	19	ERBIN	ERBIN
ENSG00000064763	410	294	116	1.539501517529877	0.9189155731616736	0.8863580094082694	0.03255756375340435	AD	ENSG00000064763	0.20982916563505818	-0.2712606048911761	FALSE	19	FAR2	FAR2
ENSG00000188021	467	328	139	1.850792285736232	0.935627630601634	0.9030700668482298	0.03255756375340435	AD	ENSG00000188021	0.20982916563505818	-0.17012594670257641	FALSE	19	UBQLN2	UBQLN2
ENSG00000168785	393	285	108	1.4312264677189708	0.9133448873483536	0.8807873235949493	0.03255756375340424	AD	ENSG00000168785	0.20921020054468928	-0.12223462712619516	FALSE	19	TSPAN5	TSPAN5
ENSG00000163818	288	219	69	0.9033855998908032	0.8738549145828175	0.8412973508294133	0.03255756375340424	AD	ENSG00000163818	0.20921020054468928	-0.21569164100095328	FALSE	19	LZTFL1	LZTFL1
ENSG00000163053	158	121	37	0.4702854006471784	0.7921515226541223	0.759593958900718	0.03255756375340424	AD	ENSG00000163053	0.20921020054468928	-0.3044557796414509	FALSE	19	SLC16A14	SLC16A14
ENSG00000215712	297	340	-43	-0.6124650974618834	0.8776924981431047	0.9101262688784352	-0.0324337707353306	Control	ENSG00000215712	0.20859123545432037	-0.17939801509248987	FALSE	19	TMEM242	TMEM242
ENSG00000152784	175	213	-38	-0.544793191330067	0.8046546174795741	0.8370883882149047	-0.0324337707353306	Control	ENSG00000152784	0.20859123545432037	-0.11534756562260284	FALSE	19	PRDM8	PRDM8
ENSG00000119042	136	176	-40	-0.5718619537827936	0.7775439465214162	0.8099777172567467	-0.03243377073533049	Control	ENSG00000119042	0.20809606338202524	-0.11355167748617312	FALSE	19	SATB2	SATB2
ENSG00000021645	190	145	45	0.5785604504580846	0.8148056449616241	0.7823718742262936	0.03243377073533049	AD	ENSG00000021645	0.20809606338202524	-0.23643143473700867	FALSE	19	NRXN3	NRXN3
ENSG00000171444	14	27	-13	-0.2064336606709853	0.4860113889576628	0.5183213666749196	-0.0323099777172568	Control	ENSG00000171444	0.20760089130973014	0.04993875048553953	FALSE	19	MCC	MCC
ENSG00000185615	14	27	-13	-0.2064336606709853	0.4860113889576628	0.5183213666749196	-0.0323099777172568	Control	ENSG00000185615	0.20760089130973014	-0.0564052056530393	FALSE	19	PDIA2	PDIA2
ENSG00000130540	626	436	190	2.541045728280759	0.9764793265659816	0.9442931418667988	0.03218618469918299	AD	ENSG00000130540	0.20722951225550879	-0.278191824324761	FALSE	19	SULT4A1	SULT4A1
ENSG00000163220	1	2	-1	-0.04402108595462597	0.07279029462738301	0.10497647932656598	-0.03218618469918297	Control	ENSG00000163220	0.19794503589997525	-0.04804635963433146	FALSE	19	S100A9	S100A9
ENSG00000114353	1	2	-1	-0.04402108595462597	0.07279029462738301	0.10497647932656598	-0.03218618469918297	Control	ENSG00000114353	0.19794503589997525	0.05717981205605582	FALSE	19	GNAI2	GNAI2
ENSG00000135940	1	2	-1	-0.04402108595462597	0.07279029462738301	0.10497647932656598	-0.03218618469918297	Control	ENSG00000135940	0.19794503589997525	-0.13076095331279447	FALSE	19	COX5B	COX5B
ENSG00000182326	1	2	-1	-0.04402108595462597	0.07279029462738301	0.10497647932656598	-0.03218618469918297	Control	ENSG00000182326	0.19794503589997525	-0.08622794725987504	FALSE	19	C1S	C1S
ENSG00000267056	1	2	-1	-0.04402108595462597	0.07279029462738301	0.10497647932656598	-0.03218618469918297	Control	ENSG00000267056	0.19794503589997525	-0.23183647899485216	FALSE	19	NA	ENSG00000267056
ENSG00000169714	1	2	-1	-0.04402108595462597	0.07279029462738301	0.10497647932656598	-0.03218618469918297	Control	ENSG00000169714	0.19794503589997525	-0.0776244879071637	FALSE	19	CNBP	CNBP
ENSG00000221869	1	2	-1	-0.04402108595462597	0.07279029462738301	0.10497647932656598	-0.03218618469918297	Control	ENSG00000221869	0.19794503589997525	-0.04131627216322364	FALSE	19	CEBPD	CEBPD
ENSG00000258647	1	2	-1	-0.04402108595462597	0.07279029462738301	0.10497647932656598	-0.03218618469918297	Control	ENSG00000258647	0.19794503589997525	0.43064788559306866	FALSE	19	LINC00930	LINC00930
ENSG00000116754	1	2	-1	-0.04402108595462597	0.07279029462738301	0.10497647932656598	-0.03218618469918297	Control	ENSG00000116754	0.19794503589997525	0.24621456367520975	FALSE	19	SRSF11	SRSF11
ENSG00000130770	1	2	-1	-0.04402108595462597	0.07279029462738301	0.10497647932656598	-0.03218618469918297	Control	ENSG00000130770	0.19794503589997525	-0.2198220430733162	FALSE	19	ATP5IF1	ATP5IF1
ENSG00000132405	1	2	-1	-0.04402108595462597	0.07279029462738301	0.10497647932656598	-0.03218618469918297	Control	ENSG00000132405	0.19794503589997525	0.04323089501643373	FALSE	19	TBC1D14	TBC1D14
ENSG00000171861	1	2	-1	-0.04402108595462597	0.07279029462738301	0.10497647932656598	-0.03218618469918297	Control	ENSG00000171861	0.19794503589997525	-0.08599701360508138	FALSE	19	MRM3	MRM3
ENSG00000215559	1	2	-1	-0.04402108595462597	0.07279029462738301	0.10497647932656598	-0.03218618469918297	Control	ENSG00000215559	0.19794503589997525	0.1135119443913002	FALSE	19	ANKRD20A11P	ANKRD20A11P
ENSG00000132424	1	2	-1	-0.04402108595462597	0.07279029462738301	0.10497647932656598	-0.03218618469918297	Control	ENSG00000132424	0.19794503589997525	0.5534095114808757	TRUE	20	PNISR	PNISR
ENSG00000137207	1	2	-1	-0.04402108595462597	0.07279029462738301	0.10497647932656598	-0.03218618469918297	Control	ENSG00000137207	0.19794503589997525	-0.11023363688144629	FALSE	20	YIPF3	YIPF3
ENSG00000242574	1	2	-1	-0.04402108595462597	0.07279029462738301	0.10497647932656598	-0.03218618469918297	Control	ENSG00000242574	0.19794503589997525	0.24328660423889836	FALSE	20	HLA-DMB	HLA-DMB
ENSG00000105953	1	2	-1	-0.04402108595462597	0.07279029462738301	0.10497647932656598	-0.03218618469918297	Control	ENSG00000105953	0.19794503589997525	-0.09477828211591977	FALSE	20	OGDH	OGDH
ENSG00000145725	1	2	-1	-0.04402108595462597	0.07279029462738301	0.10497647932656598	-0.03218618469918297	Control	ENSG00000145725	0.19794503589997525	-0.10611807964927245	FALSE	20	PPIP5K2	PPIP5K2
ENSG00000099622	1	2	-1	-0.04402108595462597	0.07279029462738301	0.10497647932656598	-0.03218618469918297	Control	ENSG00000099622	0.19794503589997525	-0.19258099805772488	FALSE	20	CIRBP	CIRBP
ENSG00000172164	1	2	-1	-0.04402108595462597	0.07279029462738301	0.10497647932656598	-0.03218618469918297	Control	ENSG00000172164	0.19794503589997525	0.152282967126526	FALSE	20	SNTB1	SNTB1
ENSG00000174059	1	2	-1	-0.04402108595462597	0.07279029462738301	0.10497647932656598	-0.03218618469918297	Control	ENSG00000174059	0.19794503589997525	0.20407588025246604	FALSE	20	CD34	CD34
ENSG00000112306	1	2	-1	-0.04402108595462597	0.07279029462738301	0.10497647932656598	-0.03218618469918297	Control	ENSG00000112306	0.19794503589997525	0.02169580318960662	FALSE	20	RPS12	RPS12
ENSG00000267002	1	2	-1	-0.04402108595462597	0.07279029462738301	0.10497647932656598	-0.03218618469918297	Control	ENSG00000267002	0.19794503589997525	0.04507606724055968	FALSE	20	NA	ENSG00000267002
ENSG00000164548	1	2	-1	-0.04402108595462597	0.07279029462738301	0.10497647932656598	-0.03218618469918297	Control	ENSG00000164548	0.19794503589997525	0.06424805967135683	FALSE	20	TRA2A	TRA2A
ENSG00000179178	1	2	-1	-0.04402108595462597	0.07279029462738301	0.10497647932656598	-0.03218618469918297	Control	ENSG00000179178	0.19794503589997525	-0.1706142346036632	FALSE	20	TMEM125	TMEM125
ENSG00000177105	1	2	-1	-0.04402108595462597	0.07279029462738301	0.10497647932656598	-0.03218618469918297	Control	ENSG00000177105	0.19794503589997525	0.1502397423107098	FALSE	20	RHOG	RHOG
ENSG00000179335	1	2	-1	-0.04402108595462597	0.07279029462738301	0.10497647932656598	-0.03218618469918297	Control	ENSG00000179335	0.19794503589997525	0.06236700061104905	FALSE	20	CLK3	CLK3
ENSG00000122390	1	2	-1	-0.04402108595462597	0.07279029462738301	0.10497647932656598	-0.03218618469918297	Control	ENSG00000122390	0.19794503589997525	0.05522918739911908	FALSE	20	NAA60	NAA60
ENSG00000001460	1	2	-1	-0.04402108595462597	0.07279029462738301	0.10497647932656598	-0.03218618469918297	Control	ENSG00000001460	0.19794503589997525	-0.1124959402176806	FALSE	20	STPG1	STPG1
ENSG00000241058	1	2	-1	-0.04402108595462597	0.07279029462738301	0.10497647932656598	-0.03218618469918297	Control	ENSG00000241058	0.19794503589997525	0.03183835260763779	FALSE	20	NSUN6	NSUN6
ENSG00000143379	1	2	-1	-0.04402108595462597	0.07279029462738301	0.10497647932656598	-0.03218618469918297	Control	ENSG00000143379	0.19794503589997525	0.06957234044248217	FALSE	20	SETDB1	SETDB1
ENSG00000205981	1	2	-1	-0.04402108595462597	0.07279029462738301	0.10497647932656598	-0.03218618469918297	Control	ENSG00000205981	0.19794503589997525	-0.156323121560904	FALSE	20	DNAJC19	DNAJC19
ENSG00000108604	1	2	-1	-0.04402108595462597	0.07279029462738301	0.10497647932656598	-0.03218618469918297	Control	ENSG00000108604	0.19794503589997525	0.14053489190690982	FALSE	20	SMARCD2	SMARCD2
ENSG00000213694	1	2	-1	-0.04402108595462597	0.07279029462738301	0.10497647932656598	-0.03218618469918297	Control	ENSG00000213694	0.19794503589997525	0.1409392459219312	FALSE	20	S1PR3	S1PR3
ENSG00000185345	1	2	-1	-0.04402108595462597	0.07279029462738301	0.10497647932656598	-0.03218618469918297	Control	ENSG00000185345	0.19794503589997525	-0.08373757849258645	FALSE	20	PRKN	PRKN
ENSG00000169427	1	2	-1	-0.04402108595462597	0.07279029462738301	0.10497647932656598	-0.03218618469918297	Control	ENSG00000169427	0.19794503589997525	-0.0340363318154715	FALSE	20	KCNK9	KCNK9
ENSG00000272645	1	2	-1	-0.04402108595462597	0.07279029462738301	0.10497647932656598	-0.03218618469918297	Control	ENSG00000272645	0.19794503589997525	0.13502839174021286	FALSE	20	GTF2IP20	GTF2IP20
ENSG00000123159	1	2	-1	-0.04402108595462597	0.07279029462738301	0.10497647932656598	-0.03218618469918297	Control	ENSG00000123159	0.19794503589997525	-0.09968525956619878	FALSE	20	GIPC1	GIPC1
ENSG00000074603	1	2	-1	-0.04402108595462597	0.07279029462738301	0.10497647932656598	-0.03218618469918297	Control	ENSG00000074603	0.19794503589997525	-0.11969975073964711	FALSE	20	DPP8	DPP8
ENSG00000134851	1	2	-1	-0.04402108595462597	0.07279029462738301	0.10497647932656598	-0.03218618469918297	Control	ENSG00000134851	0.19794503589997525	0.1319852970419806	FALSE	20	TMEM165	TMEM165
ENSG00000167325	1	2	-1	-0.04402108595462597	0.07279029462738301	0.10497647932656598	-0.03218618469918297	Control	ENSG00000167325	0.19794503589997525	-0.156211395986233	FALSE	20	RRM1	RRM1
ENSG00000255182	1	2	-1	-0.04402108595462597	0.07279029462738301	0.10497647932656598	-0.03218618469918297	Control	ENSG00000255182	0.19794503589997525	-0.01041651466629467	FALSE	20	NA	ENSG00000255182
ENSG00000215252	1	2	-1	-0.04402108595462597	0.07279029462738301	0.10497647932656598	-0.03218618469918297	Control	ENSG00000215252	0.19794503589997525	-0.1943856618056916	FALSE	20	GOLGA8B	GOLGA8B
ENSG00000090376	1	2	-1	-0.04402108595462597	0.07279029462738301	0.10497647932656598	-0.03218618469918297	Control	ENSG00000090376	0.19794503589997525	0.2237186499592525	FALSE	20	IRAK3	IRAK3
ENSG00000002933	1	2	-1	-0.04402108595462597	0.07279029462738301	0.10497647932656598	-0.03218618469918297	Control	ENSG00000002933	0.19794503589997525	0.02963083635275865	FALSE	20	TMEM176A	TMEM176A
ENSG00000169562	1	2	-1	-0.04402108595462597	0.07279029462738301	0.10497647932656598	-0.03218618469918297	Control	ENSG00000169562	0.19794503589997525	0.05104026820370677	FALSE	20	GJB1	GJB1
ENSG00000005513	1	2	-1	-0.04402108595462597	0.07279029462738301	0.10497647932656598	-0.03218618469918297	Control	ENSG00000005513	0.19794503589997525	0.16254097044656035	FALSE	20	SOX8	SOX8
ENSG00000232489	1	2	-1	-0.04402108595462597	0.07279029462738301	0.10497647932656598	-0.03218618469918297	Control	ENSG00000232489	0.19794503589997525	0.17145469618272724	FALSE	20	MFAP1P1	MFAP1P1
ENSG00000196227	1	2	-1	-0.04402108595462597	0.07279029462738301	0.10497647932656598	-0.03218618469918297	Control	ENSG00000196227	0.19794503589997525	-0.04251218650001043	FALSE	20	FAM217B	FAM217B
ENSG00000180879	1	2	-1	-0.04402108595462597	0.07279029462738301	0.10497647932656598	-0.03218618469918297	Control	ENSG00000180879	0.19794503589997525	-0.11581798951802467	FALSE	20	SSR4	SSR4
ENSG00000113851	1	2	-1	-0.04402108595462597	0.07279029462738301	0.10497647932656598	-0.03218618469918297	Control	ENSG00000113851	0.19794503589997525	-0.0832258335284255	FALSE	20	CRBN	CRBN
ENSG00000096384	1	2	-1	-0.04402108595462597	0.07279029462738301	0.10497647932656598	-0.03218618469918297	Control	ENSG00000096384	0.19794503589997525	-0.2734396553022087	FALSE	20	HSP90AB1	HSP90AB1
ENSG00000131873	1	2	-1	-0.04402108595462597	0.07279029462738301	0.10497647932656598	-0.03218618469918297	Control	ENSG00000131873	0.19794503589997525	0.09364143563002614	FALSE	20	CHSY1	CHSY1
ENSG00000103269	1	2	-1	-0.04402108595462597	0.07279029462738301	0.10497647932656598	-0.03218618469918297	Control	ENSG00000103269	0.19794503589997525	-0.13579366726273534	FALSE	20	RHBDL1	RHBDL1
ENSG00000198785	1	2	-1	-0.04402108595462597	0.07279029462738301	0.10497647932656598	-0.03218618469918297	Control	ENSG00000198785	0.19794503589997525	-0.19259745033633544	FALSE	20	GRIN3A	GRIN3A
ENSG00000070367	1	2	-1	-0.04402108595462597	0.07279029462738301	0.10497647932656598	-0.03218618469918297	Control	ENSG00000070367	0.19794503589997525	-0.01745210140373032	FALSE	20	EXOC5	EXOC5
ENSG00000197702	1	2	-1	-0.04402108595462597	0.07279029462738301	0.10497647932656598	-0.03218618469918297	Control	ENSG00000197702	0.19794503589997525	0.03132663325155072	FALSE	20	PARVA	PARVA
ENSG00000171659	1	2	-1	-0.04402108595462597	0.07279029462738301	0.10497647932656598	-0.03218618469918297	Control	ENSG00000171659	0.19794503589997525	0.13087016448611077	FALSE	20	GPR34	GPR34
ENSG00000061273	1	2	-1	-0.04402108595462597	0.07279029462738301	0.10497647932656598	-0.03218618469918297	Control	ENSG00000061273	0.19794503589997525	0.10165461840974643	FALSE	20	HDAC7	HDAC7
ENSG00000110799	1	2	-1	-0.04402108595462597	0.07279029462738301	0.10497647932656598	-0.03218618469918297	Control	ENSG00000110799	0.19794503589997525	0.00500647114492913	FALSE	20	VWF	VWF
ENSG00000112977	1	2	-1	-0.04402108595462597	0.07279029462738301	0.10497647932656598	-0.03218618469918297	Control	ENSG00000112977	0.19794503589997525	0.07307550451559486	FALSE	20	DAP	DAP
ENSG00000157554	1	2	-1	-0.04402108595462597	0.07279029462738301	0.10497647932656598	-0.03218618469918297	Control	ENSG00000157554	0.19794503589997525	0.15691360350625772	FALSE	20	ERG	ERG
ENSG00000112659	1	2	-1	-0.04402108595462597	0.07279029462738301	0.10497647932656598	-0.03218618469918297	Control	ENSG00000112659	0.19794503589997525	0.00595176337375136	FALSE	20	CUL9	CUL9
ENSG00000050820	1	2	-1	-0.04402108595462597	0.07279029462738301	0.10497647932656598	-0.03218618469918297	Control	ENSG00000050820	0.19794503589997525	0.00953038765071312	FALSE	20	BCAR1	BCAR1
ENSG00000108055	1	2	-1	-0.04402108595462597	0.07279029462738301	0.10497647932656598	-0.03218618469918297	Control	ENSG00000108055	0.19794503589997525	0.09709238555365296	FALSE	20	SMC3	SMC3
ENSG00000106009	1	2	-1	-0.04402108595462597	0.07279029462738301	0.10497647932656598	-0.03218618469918297	Control	ENSG00000106009	0.19794503589997525	0.01794622815179281	FALSE	20	BRAT1	BRAT1
ENSG00000134262	1	2	-1	-0.04402108595462597	0.07279029462738301	0.10497647932656598	-0.03218618469918297	Control	ENSG00000134262	0.19794503589997525	-0.11849988177611516	FALSE	20	AP4B1	AP4B1
ENSG00000166710	1	2	-1	-0.04402108595462597	0.07279029462738301	0.10497647932656598	-0.03218618469918297	Control	ENSG00000166710	0.19794503589997525	0.05479951912601955	FALSE	20	B2M	B2M
ENSG00000105711	1	2	-1	-0.04402108595462597	0.07279029462738301	0.10497647932656598	-0.03218618469918297	Control	ENSG00000105711	0.19794503589997525	-0.07825456237619122	FALSE	20	SCN1B	SCN1B
ENSG00000164089	1	2	-1	-0.04402108595462597	0.07279029462738301	0.10497647932656598	-0.03218618469918297	Control	ENSG00000164089	0.19794503589997525	-0.03686843006417462	FALSE	20	ETNPPL	ETNPPL
ENSG00000064932	1	2	-1	-0.04402108595462597	0.07279029462738301	0.10497647932656598	-0.03218618469918297	Control	ENSG00000064932	0.19794503589997525	-0.01056055997416649	FALSE	20	SBNO2	SBNO2
ENSG00000138036	1	2	-1	-0.04402108595462597	0.07279029462738301	0.10497647932656598	-0.03218618469918297	Control	ENSG00000138036	0.19794503589997525	-0.2441295335156557	FALSE	20	DYNC2LI1	DYNC2LI1
ENSG00000100416	1	2	-1	-0.04402108595462597	0.07279029462738301	0.10497647932656598	-0.03218618469918297	Control	ENSG00000100416	0.19794503589997525	0.0409084682045453	FALSE	20	TRMU	TRMU
ENSG00000100979	1	2	-1	-0.04402108595462597	0.07279029462738301	0.10497647932656598	-0.03218618469918297	Control	ENSG00000100979	0.19794503589997525	0.09302451732421702	FALSE	20	PLTP	PLTP
ENSG00000047249	627	440	187	2.5004425846016693	0.9767269126021292	0.94466452092102	0.03206239168110925	AD	ENSG00000047249	0.1886605595444417	-0.3242196379660758	FALSE	20	ATP6V1H	ATP6V1H
ENSG00000166848	185	143	42	0.5379573067789948	0.8122059915820747	0.7801435999009656	0.03206239168110914	AD	ENSG00000166848	0.18841297350829414	-0.1985704954554066	FALSE	20	TERF2IP	TERF2IP
ENSG00000069956	111	93	18	0.2131321573462762	0.7527853429066601	0.7208467442436246	0.0319385986630355	AD	ENSG00000069956	0.18816538747214656	-0.14126537873420375	FALSE	20	MAPK6	MAPK6
ENSG00000136143	425	481	-56	-0.7884120534046059	0.92436246595692	0.9561772716018816	-0.03181480564496164	Control	ENSG00000136143	0.18767021539985146	-0.2403746480387685	FALSE	20	SUCLA2	SUCLA2
ENSG00000204851	461	519	-58	-0.8154808158573325	0.9337707353305272	0.965585540975489	-0.03181480564496164	Control	ENSG00000204851	0.18767021539985146	-0.24118163598209288	FALSE	20	PNMA8B	PNMA8B
ENSG00000143013	151	188	-37	-0.5312588101037037	0.7873235949492449	0.8191384005942065	-0.03181480564496164	Control	ENSG00000143013	0.18767021539985146	-0.13029279672812244	FALSE	20	LMO4	LMO4
ENSG00000197322	37	40	-3	-0.07108984840735251	0.6239168110918544	0.5921020054468928	0.03181480564496153	Control	ENSG00000197322	0.18717504332755633	-0.6664743919499925	TRUE	21	TMEM132E-DT	TMEM132E-DT
ENSG00000089818	629	444	185	2.4733738221489427	0.977469670710572	0.945778658083684	0.03169101262688778	AD	ENSG00000089818	0.18680366427333497	-0.2634372295180736	FALSE	21	NECAP1	NECAP1
ENSG00000007168	375	420	-45	-0.6395338599146099	0.9059173062639267	0.9376083188908144	-0.03169101262688778	Control	ENSG00000007168	0.18680366427333497	-0.21642705246293129	FALSE	21	PAFAH1B1	PAFAH1B1
ENSG00000172757	56	55	1	-0.01695232350189942	0.6770240158455063	0.6454567962366923	0.03156721960881403	AD	ENSG00000172757	0.18630849220103987	-0.12885080004136462	FALSE	21	CFL1	CFL1
ENSG00000167549	27	45	-18	-0.2741055668028016	0.5817033919286952	0.6132706115375093	-0.03156721960881403	Control	ENSG00000167549	0.18630849220103987	-0.08328000477890818	FALSE	21	CORO6	CORO6
ENSG00000215788	19	24	-5	-0.09815861086007906	0.5283486011388958	0.4969051745481554	0.03144342659074034	Control	ENSG00000215788	0.18568952711067097	0.08818967299121638	FALSE	21	TNFRSF25	TNFRSF25
ENSG00000115977	19	24	-5	-0.09815861086007906	0.5283486011388958	0.4969051745481554	0.03144342659074034	Control	ENSG00000115977	0.18568952711067097	-0.08249688376581865	FALSE	21	AAK1	AAK1
ENSG00000065361	19	24	-5	-0.09815861086007906	0.5283486011388958	0.4969051745481554	0.03144342659074034	Control	ENSG00000065361	0.18568952711067097	0.20906058989902476	FALSE	21	ERBB3	ERBB3
ENSG00000164588	538	604	-66	-0.9237558656682386	0.9535776182223322	0.9848972517949988	-0.03131963357266654	Control	ENSG00000164588	0.18482297598415448	-0.2912106100340033	FALSE	21	HCN1	HCN1
ENSG00000066248	390	434	-44	-0.6259994786882467	0.911983164149542	0.9433027977222084	-0.03131963357266654	Control	ENSG00000066248	0.18482297598415448	-0.25041490869173977	FALSE	21	NGEF	NGEF
ENSG00000164292	42	67	-25	-0.3688462353873445	0.6413716266402575	0.672691260212924	-0.03131963357266654	Control	ENSG00000164292	0.18482297598415448	0.05020356290173211	FALSE	21	RHOBTB3	RHOBTB3
ENSG00000101144	21	26	-5	-0.09815861086007906	0.5432037633077494	0.5118841297350829	0.03131963357266654	Control	ENSG00000101144	0.18482297598415448	0.0402057354166363	FALSE	21	BMP7	BMP7
ENSG00000158301	591	427	164	2.189151816395314	0.9714038128249568	0.940207972270364	0.03119584055459279	AD	ENSG00000158301	0.1842040108937856	-0.3262751263577215	FALSE	21	GPRASP2	GPRASP2
ENSG00000144713	14	20	-6	-0.11169299208644234	0.4860113889576628	0.4548155484030701	0.03119584055459268	Control	ENSG00000144713	0.18383263183956425	0.01102089777904957	FALSE	21	RPL32	RPL32
ENSG00000100650	14	20	-6	-0.11169299208644234	0.4860113889576628	0.4548155484030701	0.03119584055459268	Control	ENSG00000100650	0.18383263183956425	-0.01509838778321359	FALSE	21	SRSF5	SRSF5
ENSG00000163590	373	414	-41	-0.5853963350091568	0.9043079970289676	0.9353800445654864	-0.03107204753651893	Control	ENSG00000163590	0.1834612527853429	-0.2353410358224135	FALSE	21	PPM1L	PPM1L
ENSG00000227825	15	21	-6	-0.11169299208644234	0.4961624164397128	0.4652141619212676	0.03094825451844518	Control	ENSG00000227825	0.18321366674919534	-0.2007233984844463	FALSE	21	SLC9A7P1	SLC9A7P1
ENSG00000145147	54	81	-27	-0.39591499784007106	0.6717009160683337	0.7025253775687051	-0.03082446150037143	Control	ENSG00000145147	0.1829660807130478	-0.16670189870746022	FALSE	21	SLIT2	SLIT2
ENSG00000141458	2	3	-1	-0.04402108595462597	0.18209952958653133	0.15139886110423373	0.0307006684822976	Control	ENSG00000141458	0.17937608318890816	0.1298318194661583	FALSE	21	NPC1	NPC1
ENSG00000004478	2	3	-1	-0.04402108595462597	0.18209952958653133	0.15139886110423373	0.0307006684822976	Control	ENSG00000004478	0.17937608318890816	-0.05519803043329219	FALSE	21	FKBP4	FKBP4
ENSG00000198618	2	3	-1	-0.04402108595462597	0.18209952958653133	0.15139886110423373	0.0307006684822976	Control	ENSG00000198618	0.17937608318890816	-0.1310226387755371	FALSE	21	PPIAP22	PPIAP22
ENSG00000285668	2	3	-1	-0.04402108595462597	0.18209952958653133	0.15139886110423373	0.0307006684822976	Control	ENSG00000285668	0.17937608318890816	0.04414194585365072	FALSE	21	NA	ENSG00000285668
ENSG00000253305	2	3	-1	-0.04402108595462597	0.18209952958653133	0.15139886110423373	0.0307006684822976	Control	ENSG00000253305	0.17937608318890816	-0.15647876608207323	FALSE	21	PCDHGB6	PCDHGB6
ENSG00000178381	2	3	-1	-0.04402108595462597	0.18209952958653133	0.15139886110423373	0.0307006684822976	Control	ENSG00000178381	0.17937608318890816	-0.12515736174613146	FALSE	21	ZFAND2A	ZFAND2A
ENSG00000214765	2	3	-1	-0.04402108595462597	0.18209952958653133	0.15139886110423373	0.0307006684822976	Control	ENSG00000214765	0.17937608318890816	-0.01258199744076193	FALSE	21	SEPTIN7P2	SEPTIN7P2
ENSG00000099822	2	3	-1	-0.04402108595462597	0.18209952958653133	0.15139886110423373	0.0307006684822976	Control	ENSG00000099822	0.17937608318890816	-0.01308923015135121	FALSE	21	HCN2	HCN2
ENSG00000115468	2	3	-1	-0.04402108595462597	0.18209952958653133	0.15139886110423373	0.0307006684822976	Control	ENSG00000115468	0.17937608318890816	0.16765262000246395	FALSE	21	EFHD1	EFHD1
ENSG00000129084	2	3	-1	-0.04402108595462597	0.18209952958653133	0.15139886110423373	0.0307006684822976	Control	ENSG00000129084	0.17937608318890816	0.01891164725400251	FALSE	21	PSMA1	PSMA1
ENSG00000173264	2	3	-1	-0.04402108595462597	0.18209952958653133	0.15139886110423373	0.0307006684822976	Control	ENSG00000173264	0.17937608318890816	0.00870882304958442	FALSE	21	GPR137	GPR137
ENSG00000162441	2	3	-1	-0.04402108595462597	0.18209952958653133	0.15139886110423373	0.0307006684822976	Control	ENSG00000162441	0.17937608318890816	0.06838182766513512	FALSE	21	LZIC	LZIC
ENSG00000169554	2	3	-1	-0.04402108595462597	0.18209952958653133	0.15139886110423373	0.0307006684822976	Control	ENSG00000169554	0.17937608318890816	0.17227485323916447	FALSE	21	ZEB2	ZEB2
ENSG00000127314	2	3	-1	-0.04402108595462597	0.18209952958653133	0.15139886110423373	0.0307006684822976	Control	ENSG00000127314	0.17937608318890816	-0.01946053582185669	FALSE	21	RAP1B	RAP1B
ENSG00000070495	2	3	-1	-0.04402108595462597	0.18209952958653133	0.15139886110423373	0.0307006684822976	Control	ENSG00000070495	0.17937608318890816	0.07984306571798783	FALSE	21	JMJD6	JMJD6
ENSG00000214595	2	3	-1	-0.04402108595462597	0.18209952958653133	0.15139886110423373	0.0307006684822976	Control	ENSG00000214595	0.17937608318890816	-0.12065090565845082	FALSE	21	EML6	EML6
ENSG00000171840	2	3	-1	-0.04402108595462597	0.18209952958653133	0.15139886110423373	0.0307006684822976	Control	ENSG00000171840	0.17937608318890816	0.13176213946030302	FALSE	21	NINJ2	NINJ2
ENSG00000160213	2	3	-1	-0.04402108595462597	0.18209952958653133	0.15139886110423373	0.0307006684822976	Control	ENSG00000160213	0.17937608318890816	-0.08780514193434996	FALSE	21	CSTB	CSTB
ENSG00000147162	2	3	-1	-0.04402108595462597	0.18209952958653133	0.15139886110423373	0.0307006684822976	Control	ENSG00000147162	0.17937608318890816	0.00859225505983829	FALSE	21	OGT	OGT
ENSG00000243279	2	3	-1	-0.04402108595462597	0.18209952958653133	0.15139886110423373	0.0307006684822976	Control	ENSG00000243279	0.17937608318890816	-0.04116203281787278	FALSE	21	PRAF2	PRAF2
ENSG00000173193	2	3	-1	-0.04402108595462597	0.18209952958653133	0.15139886110423373	0.0307006684822976	Control	ENSG00000173193	0.17937608318890816	0.14845340783226568	FALSE	21	PARP14	PARP14
ENSG00000182841	2	3	-1	-0.04402108595462597	0.18209952958653133	0.15139886110423373	0.0307006684822976	Control	ENSG00000182841	0.17937608318890816	0.0149173729275116	FALSE	21	RRP7BP	RRP7BP
ENSG00000165476	2	3	-1	-0.04402108595462597	0.18209952958653133	0.15139886110423373	0.0307006684822976	Control	ENSG00000165476	0.17937608318890816	0.145997496923723	FALSE	21	REEP3	REEP3
ENSG00000273820	2	3	-1	-0.04402108595462597	0.18209952958653133	0.15139886110423373	0.0307006684822976	Control	ENSG00000273820	0.17937608318890816	-0.05031820470114745	FALSE	21	USP27X	USP27X
ENSG00000085872	2	3	-1	-0.04402108595462597	0.18209952958653133	0.15139886110423373	0.0307006684822976	Control	ENSG00000085872	0.17937608318890816	-0.0470991649344139	FALSE	21	CHERP	CHERP
ENSG00000132002	2	3	-1	-0.04402108595462597	0.18209952958653133	0.15139886110423373	0.0307006684822976	Control	ENSG00000132002	0.17937608318890816	0.00643378175986164	FALSE	21	DNAJB1	DNAJB1
ENSG00000259234	2	3	-1	-0.04402108595462597	0.18209952958653133	0.15139886110423373	0.0307006684822976	Control	ENSG00000259234	0.17937608318890816	-0.13577236260066883	FALSE	21	ANKRD34C-AS1	ANKRD34C-AS1
ENSG00000183578	2	3	-1	-0.04402108595462597	0.18209952958653133	0.15139886110423373	0.0307006684822976	Control	ENSG00000183578	0.17937608318890816	-0.10164550454512522	FALSE	21	TNFAIP8L3	TNFAIP8L3
ENSG00000151690	349	394	-45	-0.6395338599146099	0.8963852438722456	0.9270859123545432	-0.03070066848229757	Control	ENSG00000151690	0.17541470661054717	-0.11003813027892129	FALSE	21	MFSD6	MFSD6
ENSG00000163412	305	346	-41	-0.5853963350091568	0.8817776677395395	0.912478336221837	-0.03070066848229757	Control	ENSG00000163412	0.17541470661054717	-0.07933963939081856	FALSE	21	EIF4E3	EIF4E3
ENSG00000057608	35	55	-20	-0.3011743292555282	0.6147561277543947	0.6454567962366923	-0.03070066848229757	Control	ENSG00000057608	0.17541470661054717	-0.15571354399133064	FALSE	21	GDI2	GDI2
ENSG00000063176	19	33	-14	-0.21996804189734853	0.5283486011388958	0.5590492696211934	-0.03070066848229757	Control	ENSG00000063176	0.17541470661054717	-0.00122933945976555	FALSE	21	SPHK2	SPHK2
ENSG00000175874	432	315	117	1.5530358987562405	0.9273334983906908	0.896756622926467	0.03057687546422383	AD	ENSG00000175874	0.1745481554840307	-0.25181985251077954	FALSE	21	CREG2	CREG2
ENSG00000206418	51	76	-25	-0.3688462353873445	0.6641495419658331	0.6947264174300569	-0.03057687546422383	Control	ENSG00000206418	0.1745481554840307	-0.0967104967629222	FALSE	21	RAB12	RAB12
ENSG00000183662	24	29	-5	-0.09815861086007906	0.5630106461995543	0.5324337707353305	0.03057687546422383	Control	ENSG00000183662	0.1745481554840307	-0.21127624920896615	FALSE	21	TAFA1	TAFA1
ENSG00000273611	10	15	-5	-0.09815861086007906	0.437360732854667	0.4067838573904432	0.03057687546422377	Control	ENSG00000273611	0.17405298341173558	-0.08442597823984954	FALSE	21	ZNHIT3	ZNHIT3
ENSG00000179010	13	19	-6	-0.11169299208644234	0.47660311958405543	0.4461500371379054	0.03045308244615002	Control	ENSG00000179010	0.17368160435751423	-0.19103665071888365	FALSE	21	MRFAP1	MRFAP1
ENSG00000100395	13	19	-6	-0.11169299208644234	0.47660311958405543	0.4461500371379054	0.03045308244615002	Control	ENSG00000100395	0.17368160435751423	-0.08072822274528235	FALSE	21	L3MBTL2	L3MBTL2
ENSG00000031698	413	304	109	1.444760848945334	0.9213914335231492	0.891062144095073	0.03032928942807633	AD	ENSG00000031698	0.1733102253032929	-0.21042354832272991	FALSE	21	SARS1	SARS1
ENSG00000165704	621	442	179	2.392167534790763	0.9756127754394652	0.945283486011389	0.03032928942807622	AD	ENSG00000165704	0.172691260212924	-0.35101728147137123	FALSE	21	HPRT1	HPRT1
ENSG00000179918	30	49	-19	-0.28763994802916487	0.5963109680614014	0.6266402574894776	-0.03032928942807622	Control	ENSG00000179918	0.172691260212924	-0.22144466321944023	FALSE	21	SEPHS2	SEPHS2
ENSG00000220875	20	25	-5	-0.09815861086007906	0.5360237682594702	0.505694478831394	0.03032928942807622	Control	ENSG00000220875	0.172691260212924	-0.04107771924183301	FALSE	21	H3C9P	H3C9P
ENSG00000065809	20	25	-5	-0.09815861086007906	0.5360237682594702	0.505694478831394	0.03032928942807622	Control	ENSG00000065809	0.172691260212924	0.32409010346308165	FALSE	21	FAM107B	FAM107B
ENSG00000109158	455	324	131	1.742517235925326	0.9320376330774944	0.901832136667492	0.03020549641000247	AD	ENSG00000109158	0.17194850210448132	-0.23066188534911447	FALSE	21	GABRA4	GABRA4
ENSG00000171603	322	356	-34	-0.4906556664246139	0.8871007675167121	0.9173062639267144	-0.03020549641000247	Control	ENSG00000171603	0.17194850210448132	-0.13239356322295137	FALSE	21	CLSTN1	CLSTN1
ENSG00000162373	36	39	-3	-0.07108984840735251	0.6192126764050507	0.589130973013122	0.03008170339192872	Control	ENSG00000162373	0.17145333003218619	-0.17684894250661642	FALSE	21	BEND5	BEND5
ENSG00000124191	70	101	-31	-0.4500525227455241	0.7026491705867789	0.7327308739787076	-0.03008170339192872	Control	ENSG00000124191	0.17145333003218619	-0.1981993300500111	FALSE	21	TOX2	TOX2
ENSG00000116675	490	537	-47	-0.6666026223673365	0.9405793513245851	0.9705372616984402	-0.02995791037385498	Control	ENSG00000116675	0.17108195097796483	-0.27650482192386505	FALSE	21	DNAJC6	DNAJC6
ENSG00000213186	3	7	-4	-0.08462422963371578	0.2442436246595692	0.2742015350334241	-0.02995791037385489	Control	ENSG00000213186	0.17021539985144837	0.1371409433599764	FALSE	21	TRIM59	TRIM59
ENSG00000253877	3	7	-4	-0.08462422963371578	0.2442436246595692	0.2742015350334241	-0.02995791037385489	Control	ENSG00000253877	0.17021539985144837	0.22729313319989153	FALSE	21	LINC01608	LINC01608
ENSG00000128923	3	7	-4	-0.08462422963371578	0.2442436246595692	0.2742015350334241	-0.02995791037385489	Control	ENSG00000128923	0.17021539985144837	0.1021195426483228	FALSE	21	MINDY2	MINDY2
ENSG00000102904	3	7	-4	-0.08462422963371578	0.2442436246595692	0.2742015350334241	-0.02995791037385489	Control	ENSG00000102904	0.17021539985144837	0.07065408883993829	FALSE	21	TSNAXIP1	TSNAXIP1
ENSG00000006744	3	7	-4	-0.08462422963371578	0.2442436246595692	0.2742015350334241	-0.02995791037385489	Control	ENSG00000006744	0.17021539985144837	-0.10429407380627964	FALSE	21	ELAC2	ELAC2
ENSG00000101888	3	7	-4	-0.08462422963371578	0.2442436246595692	0.2742015350334241	-0.02995791037385489	Control	ENSG00000101888	0.17021539985144837	0.12105914475456547	FALSE	21	NXT2	NXT2
ENSG00000070182	70	67	3	0.01011643895082711	0.7026491705867789	0.672691260212924	0.02995791037385486	AD	ENSG00000070182	0.16934884872493192	-0.110439588408628	FALSE	21	SPTB	SPTB
ENSG00000100934	494	548	-54	-0.7613432909518794	0.9425600396137658	0.9723941569695468	-0.02983411735578112	Control	ENSG00000100934	0.16835850458034166	-0.13613257533118528	FALSE	21	SEC23A	SEC23A
ENSG00000162889	50	75	-25	-0.3688462353873445	0.6622926466947264	0.6921267640505075	-0.02983411735578112	Control	ENSG00000162889	0.16835850458034166	0.2298052667963564	FALSE	21	MAPKAPK2	MAPKAPK2
ENSG00000181291	5	8	-3	-0.07108984840735251	0.3247090864075266	0.2948749690517455	0.02983411735578112	Control	ENSG00000181291	0.16835850458034166	-0.17230004084073425	FALSE	21	TMEM132E	TMEM132E
ENSG00000127184	5	8	-3	-0.07108984840735251	0.3247090864075266	0.2948749690517455	0.02983411735578112	Control	ENSG00000127184	0.16835850458034166	-0.06029648584760494	FALSE	21	COX7C	COX7C
ENSG00000162433	5	8	-3	-0.07108984840735251	0.3247090864075266	0.2948749690517455	0.02983411735578112	Control	ENSG00000162433	0.16835850458034166	0.2139279621550312	FALSE	21	AK4	AK4
ENSG00000120278	5	8	-3	-0.07108984840735251	0.3247090864075266	0.2948749690517455	0.02983411735578112	Control	ENSG00000120278	0.16835850458034166	0.10148392296078336	FALSE	21	PLEKHG1	PLEKHG1
ENSG00000131943	5	8	-3	-0.07108984840735251	0.3247090864075266	0.2948749690517455	0.02983411735578112	Control	ENSG00000131943	0.16835850458034166	-0.02834196706313641	FALSE	21	C19orf12	C19orf12
ENSG00000013293	631	449	182	2.432770678469853	0.9777172567467196	0.948006932409012	0.02971032433770737	AD	ENSG00000013293	0.16736816043575142	-0.25160325115207627	FALSE	21	SLC7A14	SLC7A14
ENSG00000138207	219	258	-39	-0.5583275725564303	0.8359742510522407	0.8655607823718742	-0.02958653131963351	Control	ENSG00000138207	0.16712057439960387	-0.4201762419027179	FALSE	21	RBP4	RBP4
ENSG00000169744	665	464	201	2.689923921770755	0.98242139143352325	0.9529586531319634	0.02946273830155976	AD	ENSG00000169744	0.1668729883634563	-0.24123713494710408	FALSE	21	LDB2	LDB2
ENSG00000162981	105	135	-30	-0.4365181415191608	0.7462243129487497	0.7755632582322357	-0.02933894528348601	Control	ENSG00000162981	0.16662540232730874	-0.23132990441908596	FALSE	21	LRATD1	LRATD1
ENSG00000106608	67	98	-31	-0.4500525227455241	0.6993067590987868	0.7285219113641991	-0.02921515226541227	Control	ENSG00000106608	0.1663778162911612	-0.06998653009962297	FALSE	21	URGCP	URGCP
ENSG00000143155	288	226	62	0.8086449313062603	0.8738549145828175	0.8446397623174053	0.02921515226541216	AD	ENSG00000143155	0.1661302302550136	-0.1975688449590134	FALSE	21	TIPRL	TIPRL
ENSG00000196290	280	218	62	0.8086449313062603	0.8693983659321615	0.8403070066848229	0.02909135924733852	AD	ENSG00000196290	0.16575885120079228	-0.15821451010217036	FALSE	21	NIF3L1	NIF3L1
ENSG00000146072	177	210	-33	-0.47712128519825064	0.8055211686060906	0.8346125278534291	-0.02909135924733852	Control	ENSG00000146072	0.16575885120079228	-0.1486467059417258	FALSE	21	TNFRSF21	TNFRSF21
ENSG00000100744	113	146	-33	-0.47712128519825064	0.7546422381777668	0.7836098044070314	-0.02896756622926466	Control	ENSG00000100744	0.16526367912849715	-0.19947437310995841	FALSE	21	GSKIP	GSKIP
ENSG00000139625	15	28	-13	-0.2064336606709853	0.4961624164397128	0.5251299826689775	-0.02896756622926466	Control	ENSG00000139625	0.16526367912849715	-0.1276143953105251	FALSE	21	MAP3K12	MAP3K12
ENSG00000215218	455	497	-42	-0.5989307162355201	0.9320376330774944	0.9608814062886852	-0.02884377321119091	Control	ENSG00000215218	0.16464471403812825	-0.16248638084381994	FALSE	21	UBE2QL1	UBE2QL1
ENSG00000122705	67	66	1	-0.01695232350189942	0.6993067590987868	0.6704629858875959	0.02884377321119091	AD	ENSG00000122705	0.16464471403812825	-0.1566014410995109	FALSE	21	CLTA	CLTA
ENSG00000138629	46	48	-2	-0.057555467180989237	0.6522654122307502	0.6234216390195593	0.02884377321119091	Control	ENSG00000138629	0.16464471403812825	-0.0883186848016475	FALSE	21	UBL7	UBL7
ENSG00000211900	27	32	-5	-0.09815861086007906	0.5817033919286952	0.5529834117355781	0.02871998019311716	Control	ENSG00000211900	0.16414954196583312	-0.01051537284953596	FALSE	21	IGHJ6	IGHJ6
ENSG00000187730	412	456	-44	-0.6259994786882467	0.9206486754147066	0.9493686556078236	-0.02871998019311705	Control	ENSG00000187730	0.16390195592968557	-0.2711779792002815	FALSE	21	GABRD	GABRD
ENSG00000008277	393	292	101	1.336485799134428	0.9133448873483536	0.8847487001733102	0.02859618717504331	AD	ENSG00000008277	0.16340678385739044	-0.17488708088181504	FALSE	21	ADAM22	ADAM22
ENSG00000176396	421	462	-41	-0.5853963350091568	0.9234959148304036	0.9520921020054468	-0.02859618717504331	Control	ENSG00000176396	0.16340678385739044	-0.22167700886479125	FALSE	21	EID2	EID2
ENSG00000165023	315	243	72	0.9439887435698928	0.8853676652636792	0.8567714780886359	0.02859618717504331	AD	ENSG00000165023	0.16340678385739044	-0.2809854026186187	FALSE	21	DIRAS2	DIRAS2
ENSG00000157680	316	244	72	0.9439887435698928	0.885986630354048	0.85751423619707845	0.02847239415696956	AD	ENSG00000157680	0.16291161178509533	-0.15701673472512745	FALSE	21	DGKI	DGKI
ENSG00000068366	389	289	100	1.3229514179080646	0.9113641990591732	0.8830155979202773	0.02834860113889581	AD	ENSG00000068366	0.16266402574894775	-0.23299393125694223	FALSE	21	ACSL4	ACSL4
ENSG00000169032	357	394	-37	-0.5312588101037037	0.8987373112156475	0.9270859123545432	-0.0283486011388957	Control	ENSG00000169032	0.1624164397128002	-0.24419166359702693	FALSE	21	MAP2K1	MAP2K1
ENSG00000103415	263	304	-41	-0.5853963350091568	0.862837335974251	0.891062144095073	-0.02822480812082195	Control	ENSG00000103415	0.16204506065857885	-0.145360858547523	FALSE	21	HMOX2	HMOX2
ENSG00000172037	38	42	-4	-0.08462422963371578	0.6278781876702154	0.5996533795493935	0.02822480812082195	Control	ENSG00000172037	0.16204506065857885	0.1836929913365708	FALSE	21	LAMB2	LAMB2
ENSG00000079785	470	513	-43	-0.6124650974618834	0.936741767764298	0.9648427828670464	-0.0281010151027482	Control	ENSG00000079785	0.16167368160435752	-0.1658065211849884	FALSE	21	DDX1	DDX1
ENSG00000128245	716	510	206	2.757595827902571	0.9915820747709828	0.9637286457043824	0.0278534290666006	AD	ENSG00000128245	0.16142609556820994	-0.22957757034506265	FALSE	21	YWHAH	YWHAH
ENSG00000062485	273	214	59	0.7680417876271703	0.8658083684080218	0.8380787323594949	0.02772963604852685	AD	ENSG00000062485	0.16105471651398862	-0.1298659457460012	FALSE	21	CS	CS
ENSG00000118680	39	43	-4	-0.08462422963371578	0.632087150284724	0.6043575142361971	0.02772963604852685	Control	ENSG00000118680	0.16105471651398862	-0.14505755933994102	FALSE	21	MYL12B	MYL12B
ENSG00000138002	27	44	-17	-0.2605711855764383	0.5817033919286952	0.6093092349591483	-0.0276058430304531	Control	ENSG00000138002	0.16068333745976726	0.02626507061928151	FALSE	21	IFT172	IFT172
ENSG00000014641	634	458	176	2.351564391111673	0.9783362218370883	0.9507303788066354	0.02760584303045299	AD	ENSG00000014641	0.16031195840554593	-0.466996345212765	FALSE	21	MDH1	MDH1
ENSG00000184384	59	87	-28	-0.4094493790664343	0.6835850458034167	0.7111908888338697	-0.02760584303045299	Control	ENSG00000184384	0.16031195840554593	0.24113177631635185	FALSE	21	MAML2	MAML2
ENSG00000233705	354	266	88	1.1605388431917052	0.8979945531072048	0.8705125030948254	0.02748205001237935	AD	ENSG00000233705	0.1598167863332508	-0.23520434025728676	FALSE	21	SLC26A4-AS1	SLC26A4-AS1
ENSG00000288062	53	77	-24	-0.35531185416098127	0.6692250557068581	0.6967071057192374	-0.02748205001237935	Control	ENSG00000288062	0.1598167863332508	-0.323335648814286	FALSE	21	NA	ENSG00000288062
ENSG00000118181	9	14	-5	-0.09815861086007906	0.4207724684327804	0.3932904184204011	0.0274820500123793	Control	ENSG00000118181	0.15932161426095567	0.01324876973369981	FALSE	21	RPS25	RPS25
ENSG00000239672	9	14	-5	-0.09815861086007906	0.4207724684327804	0.3932904184204011	0.0274820500123793	Control	ENSG00000239672	0.15932161426095567	-0.15144795742721762	FALSE	21	NME1	NME1
ENSG00000145087	500	355	145	1.931998573094412	0.9442931418667988	0.9168110918544194	0.02748205001237924	AD	ENSG00000145087	0.15882644218866057	-0.20630930113068935	FALSE	21	STXBP5L	STXBP5L
ENSG00000006530	211	245	-34	-0.4906556664246139	0.8305273582569943	0.8580094082693736	-0.02748205001237924	Control	ENSG00000006530	0.15882644218866057	-0.22444155505657193	FALSE	21	AGK	AGK
ENSG00000136928	66	95	-29	-0.4229837602927976	0.6973260708096063	0.7244367417677643	-0.027110670958158	Control	ENSG00000136928	0.15845506313443922	-0.10972073642592584	FALSE	21	GABBR2	GABBR2
ENSG00000151491	33	51	-18	-0.2741055668028016	0.6070809606338202	0.6340678385739045	-0.02698687794008425	Control	ENSG00000151491	0.15820747709829167	0.15183017922247366	FALSE	21	EPS8	EPS8
ENSG00000164830	581	682	-101	-1.3974592085909532	0.9675662292646696	0.9945531072047537	-0.02698687794008414	Control	ENSG00000164830	0.1578360980440703	-0.2776836285208937	FALSE	21	OXR1	OXR1
ENSG00000119446	43	46	-3	-0.07108984840735251	0.6438474870017331	0.616860609061649	0.02698687794008414	Control	ENSG00000119446	0.1578360980440703	-0.1053020417397832	FALSE	21	RBM18	RBM18
ENSG00000099365	546	400	146	1.945532954320775	0.956548650656103	0.9296855657340926	0.02686308492201039	AD	ENSG00000099365	0.1572171329537014	-0.20953921911818796	FALSE	21	STX1B	STX1B
ENSG00000259153	159	189	-30	-0.4365181415191608	0.7931418667987126	0.820004951720723	-0.02686308492201039	Control	ENSG00000259153	0.1572171329537014	-0.23822752526077107	FALSE	21	MAP3K9-DT	MAP3K9-DT
ENSG00000198242	17	30	-13	-0.2064336606709853	0.5127506808615994	0.5396137657836098	-0.02686308492201039	Control	ENSG00000198242	0.1572171329537014	0.05030632418886505	FALSE	21	RPL23A	RPL23A
ENSG00000197872	463	335	128	1.701914092246236	0.9341421143847488	0.907402822480812	0.02673929190393664	AD	ENSG00000197872	0.1567219608814063	-0.18739941834821391	FALSE	21	CYRIA	CYRIA
ENSG00000124194	371	276	95	1.255279511776248	0.9025748947759348	0.8760831889081456	0.02649170586778904	AD	ENSG00000124194	0.15560782371874227	-0.17023776617283204	FALSE	21	GDAP1L1	GDAP1L1
ENSG00000183775	78	74	4	0.02365082017719039	0.7166377816291161	0.690146075761327	0.02649170586778904	AD	ENSG00000183775	0.15560782371874227	-0.09470814835557916	FALSE	21	KCTD16	KCTD16
ENSG00000166136	4	9	-5	-0.09815861086007906	0.2896756622926467	0.3161673681604357	-0.02649170586778904	Control	ENSG00000166136	0.15560782371874227	0.06741785707486159	FALSE	21	NDUFB8	NDUFB8
ENSG00000197958	4	9	-5	-0.09815861086007906	0.2896756622926467	0.3161673681604357	-0.02649170586778904	Control	ENSG00000197958	0.15560782371874227	-0.0428226082567118	FALSE	21	RPL12	RPL12
ENSG00000148399	4	9	-5	-0.09815861086007906	0.2896756622926467	0.3161673681604357	-0.02649170586778904	Control	ENSG00000148399	0.15560782371874227	-0.01481471403788958	FALSE	21	DPH7	DPH7
ENSG00000132254	4	9	-5	-0.09815861086007906	0.2896756622926467	0.3161673681604357	-0.02649170586778904	Control	ENSG00000132254	0.15560782371874227	-0.06287319973551142	FALSE	21	ARFIP2	ARFIP2
ENSG00000149564	4	9	-5	-0.09815861086007906	0.2896756622926467	0.3161673681604357	-0.02649170586778904	Control	ENSG00000149564	0.15560782371874227	0.15324563516018408	FALSE	21	ESAM	ESAM
ENSG00000160460	4	9	-5	-0.09815861086007906	0.2896756622926467	0.3161673681604357	-0.02649170586778904	Control	ENSG00000160460	0.15560782371874227	-0.02144460460469055	FALSE	21	SPTBN4	SPTBN4
ENSG00000198932	355	268	87	1.147004461965342	0.8982421391433523	0.8719980193117108	0.02624411983164143	AD	ENSG00000198932	0.15449368655607823	-0.31050960262125216	FALSE	21	GPRASP1	GPRASP1
ENSG00000136854	564	634	-70	-0.9778933905736916	0.9628620945778658	0.9889824213914336	-0.02612032681356779	Control	ENSG00000136854	0.1541223075018569	-0.2424788585272939	FALSE	21	STXBP1	STXBP1
ENSG00000164100	54	78	-24	-0.35531185416098127	0.6717009160683337	0.6978212428819015	-0.02612032681356779	Control	ENSG00000164100	0.1541223075018569	-0.224803730069036	FALSE	21	NDST3	NDST3
ENSG00000186310	553	410	143	1.9049298106416852	0.9597672691260212	0.9336469423124536	0.02612032681356768	AD	ENSG00000186310	0.15362713542956177	-0.3076249289627935	FALSE	21	NAP1L3	NAP1L3
ENSG00000101972	33	37	-4	-0.08462422963371578	0.6070809606338202	0.5809606338202525	0.02612032681356768	Control	ENSG00000101972	0.15362713542956177	0.16501952893788996	FALSE	21	STAG2	STAG2
ENSG00000198888	5	11	-6	-0.11169299208644234	0.3247090864075266	0.35070562020302054	-0.02599653379549393	Control	ENSG00000198888	0.15263679128497154	0.17270921395866878	FALSE	21	MT-ND1	MT-ND1
ENSG00000186174	5	11	-6	-0.11169299208644234	0.3247090864075266	0.35070562020302054	-0.02599653379549393	Control	ENSG00000186174	0.15263679128497154	0.07400855865074973	FALSE	21	BCL9L	BCL9L
ENSG00000145990	5	11	-6	-0.11169299208644234	0.3247090864075266	0.35070562020302054	-0.02599653379549393	Control	ENSG00000145990	0.15263679128497154	-7.354761423048473e-4	FALSE	21	GFOD1	GFOD1
ENSG00000100429	5	11	-6	-0.11169299208644234	0.3247090864075266	0.35070562020302054	-0.02599653379549393	Control	ENSG00000100429	0.15263679128497154	0.21942556996782336	FALSE	21	HDAC10	HDAC10
ENSG00000166123	5	11	-6	-0.11169299208644234	0.3247090864075266	0.35070562020302054	-0.02599653379549393	Control	ENSG00000166123	0.15263679128497154	0.03491209861535793	FALSE	21	GPT2	GPT2
ENSG00000071564	5	11	-6	-0.11169299208644234	0.3247090864075266	0.35070562020302054	-0.02599653379549393	Control	ENSG00000071564	0.15263679128497154	0.10901939318560494	FALSE	21	TCF3	TCF3
ENSG00000140945	470	342	128	1.701914092246236	0.936741767764298	0.9109928200049516	0.02574894775934633	AD	ENSG00000140945	0.15164644714038128	-0.3096428437817895	FALSE	21	CDH13	CDH13
ENSG00000100030	63	63	0	-0.03048670472826269	0.6912602129239911	0.6655112651646448	0.02574894775934633	Control	ENSG00000100030	0.15164644714038128	-0.08297316605738558	FALSE	21	MAPK1	MAPK1
ENSG00000127561	541	586	-45	-0.6395338599146099	0.95481554840307	0.9804407031443426	-0.02562515474127258	Control	ENSG00000127561	0.15127506808615995	-0.23676143921765735	FALSE	21	SYNGR3	SYNGR3
ENSG00000165280	112	141	-29	-0.4229837602927976	0.753404307997029	0.7789056697202278	-0.02550136172319883	Control	ENSG00000165280	0.15102748205001237	-0.14130494119521053	FALSE	21	VCP	VCP
ENSG00000097021	554	612	-58	-0.8154808158573325	0.9603862342163902	0.985887595939589	-0.02550136172319872	Control	ENSG00000097021	0.15077989601386482	-0.31169728440693767	FALSE	21	ACOT7	ACOT7
ENSG00000165678	511	377	134	1.7831203796044155	0.9482545184451596	0.9228769497400346	0.02537756870512508	AD	ENSG00000165678	0.15053230997771724	-0.2867019254523253	FALSE	21	GHITM	GHITM
ENSG00000142676	9	19	-10	-0.16583051699189544	0.4207724684327804	0.4461500371379054	-0.02537756870512503	Control	ENSG00000142676	0.15003713790542214	0.04832666683441822	FALSE	21	RPL11	RPL11
ENSG00000114270	11	17	-6	-0.11169299208644234	0.45233968804159447	0.42696211933646944	0.02537756870512503	Control	ENSG00000114270	0.15003713790542214	-0.01662585962182916	FALSE	21	COL7A1	COL7A1
ENSG00000091317	9	19	-10	-0.16583051699189544	0.4207724684327804	0.4461500371379054	-0.02537756870512503	Control	ENSG00000091317	0.15003713790542214	0.21263216025566575	FALSE	21	CMTM6	CMTM6
ENSG00000124659	286	231	55	0.7139042627217173	0.872988363456301	0.8476107947511761	0.02537756870512497	AD	ENSG00000124659	0.149541965833127	-0.16754189984748535	FALSE	21	TBCC	TBCC
ENSG00000154217	7	15	-8	-0.1387617545391689	0.3815300817033919	0.4067838573904432	-0.02525377568705128	Control	ENSG00000154217	0.14929437979697946	-0.05692111756840568	FALSE	21	PITPNC1	PITPNC1
ENSG00000171004	492	353	139	1.850792285736232	0.9414459024511016	0.9161921267640504	0.02525377568705122	AD	ENSG00000171004	0.14904679376083188	-0.376133375697993	FALSE	21	HS6ST2	HS6ST2
ENSG00000185742	445	479	-34	-0.4906556664246139	0.9309234959148304	0.955929685565734	-0.02500618965090373	Control	ENSG00000185742	0.14855162168853678	-0.3367040580960854	FALSE	21	C11orf87	C11orf87
ENSG00000100320	212	172	40	0.5108885443262682	0.8313939093835108	0.806387719732607	0.02500618965090373	AD	ENSG00000100320	0.14855162168853678	-0.13554331059166635	FALSE	21	RBFOX2	RBFOX2
ENSG00000115825	75	105	-30	-0.4365181415191608	0.7126764050507551	0.7376825947016589	-0.02500618965090373	Control	ENSG00000115825	0.14855162168853678	0.25511990991935996	FALSE	21	PRKD3	PRKD3
ENSG00000007237	392	297	95	1.255279511776248	0.9128497152760584	0.8878435256251548	0.02500618965090362	AD	ENSG00000007237	0.14805644961624165	-0.19846361346858643	FALSE	21	GAS7	GAS7
ENSG00000144290	634	466	168	2.243289341300767	0.9783362218370883	0.9534538252042584	0.02488239663282987	AD	ENSG00000144290	0.1478088635800941	-0.23973938529247008	FALSE	21	SLC4A10	SLC4A10
ENSG00000152932	661	484	177	2.3650987723380363	0.981926219361228	0.957167615746472	0.02475860361475612	AD	ENSG00000152932	0.14731369150779897	-0.4729132195238428	FALSE	21	RAB3C	RAB3C
ENSG00000139973	668	490	178	2.3786331535643996	0.983040356523892	0.958281752909136	0.02475860361475612	AD	ENSG00000139973	0.14731369150779897	-0.26606415954922014	FALSE	21	SYT16	SYT16
ENSG00000186951	118	103	15	0.17252901366718637	0.7599653379549394	0.7352067343401832	0.02475860361475612	AD	ENSG00000186951	0.14731369150779897	0.18269629829656608	FALSE	21	PPARA	PPARA
ENSG00000196588	37	56	-19	-0.28763994802916487	0.6239168110918544	0.6485516216885368	-0.02463481059668237	Control	ENSG00000196588	0.14681851943550384	-0.00684470099885814	FALSE	21	MRTFA	MRTFA
ENSG00000146701	569	634	-65	-0.9102214844418752	0.9644714038128248	0.9889824213914336	-0.02451101757860863	Control	ENSG00000146701	0.1464471403812825	-0.2433545639122574	FALSE	21	MDH2	MDH2
ENSG00000198673	434	464	-30	-0.4365181415191608	0.9284476355533549	0.9529586531319634	-0.02451101757860863	Control	ENSG00000198673	0.1464471403812825	-0.144024192132429	FALSE	21	TAFA2	TAFA2
ENSG00000114166	58	83	-25	-0.3688462353873445	0.6818519435503838	0.7062391681109186	-0.02438722456053477	Control	ENSG00000114166	0.14607576132706115	0.17978915239320692	FALSE	21	KAT2B	KAT2B
ENSG00000169282	414	316	98	1.295882655455338	0.9218866055954444	0.8976231740529834	0.02426343154246102	AD	ENSG00000169282	0.1458281752909136	-0.2844892595310604	FALSE	21	KCNAB1	KCNAB1
ENSG00000197860	393	301	92	1.2146763680971584	0.9133448873483536	0.8890814558058926	0.02426343154246091	AD	ENSG00000197860	0.14545679623669225	-0.2970685863281979	FALSE	21	SGTB	SGTB
ENSG00000007264	37	42	-5	-0.09815861086007906	0.6239168110918544	0.5996533795493935	0.02426343154246091	Control	ENSG00000007264	0.14545679623669225	-0.09127218815472736	FALSE	21	MATK	MATK
ENSG00000164032	60	61	-1	-0.04402108595462597	0.6849467690022283	0.660807130477841	0.02413963852438727	Control	ENSG00000164032	0.14508541718247092	-0.10310531043403336	FALSE	21	H2AZ1	H2AZ1
ENSG00000163001	323	255	68	0.8898512186644398	0.8875959395890072	0.8635800940826938	0.02401584550631341	AD	ENSG00000163001	0.14483783114632334	-0.1612782609513257	FALSE	21	CFAP36	CFAP36
ENSG00000196972	11	22	-11	-0.1793648982182587	0.45233968804159447	0.47623174052983414	-0.02389205248823966	Control	ENSG00000196972	0.14409507303788066	-0.24393763469412377	FALSE	21	SMIM10L2B	SMIM10L2B
ENSG00000177954	11	22	-11	-0.1793648982182587	0.45233968804159447	0.47623174052983414	-0.02389205248823966	Control	ENSG00000177954	0.14409507303788066	0.02553593829932765	FALSE	21	RPS27	RPS27
ENSG00000163462	11	22	-11	-0.1793648982182587	0.45233968804159447	0.47623174052983414	-0.02389205248823966	Control	ENSG00000163462	0.14409507303788066	-0.1241942226770032	FALSE	21	TRIM46	TRIM46
ENSG00000173548	30	47	-17	-0.2605711855764383	0.5963109680614014	0.620203020549641	-0.02389205248823966	Control	ENSG00000173548	0.14409507303788066	0.18785681607824145	FALSE	21	SNX33	SNX33
ENSG00000090372	11	22	-11	-0.1793648982182587	0.45233968804159447	0.47623174052983414	-0.02389205248823966	Control	ENSG00000090372	0.14409507303788066	-6.114141567152842e-4	FALSE	21	STRN4	STRN4
ENSG00000087095	433	461	-28	-0.4094493790664343	0.927828670462986	0.9515969299331518	-0.02376825947016592	Control	ENSG00000087095	0.14310472889329043	-0.1901155231851792	FALSE	21	NLK	NLK
ENSG00000126602	194	160	34	0.42968225696808854	0.8186432285219114	0.7948749690517455	0.02376825947016592	AD	ENSG00000126602	0.14310472889329043	-0.2320553060374575	FALSE	21	TRAP1	TRAP1
ENSG00000126705	39	59	-20	-0.3011743292555282	0.632087150284724	0.6558554097548899	-0.02376825947016592	Control	ENSG00000126705	0.14310472889329043	-0.01716320925823922	FALSE	21	AHDC1	AHDC1
ENSG00000110107	403	428	-25	-0.3688462353873445	0.9170586778905668	0.9407031443426592	-0.02364446645209217	Control	ENSG00000110107	0.14236197078484775	-0.1997151937714552	FALSE	21	PRPF19	PRPF19
ENSG00000168959	428	325	103	1.3635545615871545	0.9259717751918792	0.9023273087397872	0.02364446645209217	AD	ENSG00000168959	0.14236197078484775	-0.15181103331380363	FALSE	21	GRM5	GRM5
ENSG00000175582	580	657	-77	-1.0726340591582346	0.9670710571923744	0.9907155236444664	-0.02364446645209217	Control	ENSG00000175582	0.14236197078484775	-0.22154088358713508	FALSE	21	RAB6A	RAB6A
ENSG00000177614	384	407	-23	-0.34177747293461797	0.9092597177519188	0.9329041842040108	-0.02364446645209206	Control	ENSG00000177614	0.14186679871255262	-0.0907427203030764	FALSE	21	PGBD5	PGBD5
ENSG00000114770	6	13	-7	-0.12522737331280562	0.35528596187175043	0.37880663530576875	-0.02352067343401831	Control	ENSG00000114770	0.14149541965833126	-0.03771664007579467	FALSE	21	ABCC5	ABCC5
ENSG00000197122	6	13	-7	-0.12522737331280562	0.35528596187175043	0.37880663530576875	-0.02352067343401831	Control	ENSG00000197122	0.14149541965833126	-0.0849857012498827	FALSE	21	SRC	SRC
ENSG00000204116	540	402	138	1.837257904509869	0.9540727902946274	0.9306759098786828	0.02339688041594456	AD	ENSG00000204116	0.14050507551374103	-0.1541995800746001	FALSE	21	CHIC1	CHIC1
ENSG00000125846	8	13	-5	-0.09815861086007906	0.4022035157217133	0.37880663530576875	0.02339688041594456	Control	ENSG00000125846	0.14050507551374103	0.0221108074569063	FALSE	21	ZNF133	ZNF133
ENSG00000113100	8	13	-5	-0.09815861086007906	0.4022035157217133	0.37880663530576875	0.02339688041594456	Control	ENSG00000113100	0.14050507551374103	-0.2442749920162264	FALSE	21	CDH9	CDH9
ENSG00000070047	8	13	-5	-0.09815861086007906	0.4022035157217133	0.37880663530576875	0.02339688041594456	Control	ENSG00000070047	0.14050507551374103	9.372996959662316e-4	FALSE	21	PHRF1	PHRF1
ENSG00000136960	8	13	-5	-0.09815861086007906	0.4022035157217133	0.37880663530576875	0.02339688041594456	Control	ENSG00000136960	0.14050507551374103	0.09473734083861628	FALSE	21	ENPP2	ENPP2
ENSG00000104904	8	13	-5	-0.09815861086007906	0.4022035157217133	0.37880663530576875	0.02339688041594456	Control	ENSG00000104904	0.14050507551374103	-0.09505968153789011	FALSE	21	OAZ1	OAZ1
ENSG00000198815	98	90	8	0.07778834508264348	0.7394156969546918	0.716142609556821	0.02327308739787081	AD	ENSG00000198815	0.13963852438722457	-0.11430093744923477	FALSE	21	FOXJ3	FOXJ3
ENSG00000142937	18	24	-6	-0.11169299208644234	0.5199306759098787	0.4969051745481554	0.02302550136172326	Control	ENSG00000142937	0.139390938351077	-0.01599908935246041	FALSE	21	RPS8	RPS8
ENSG00000075415	312	250	62	0.8086449313062603	0.8838821490467937	0.8608566476850705	0.02302550136172321	AD	ENSG00000075415	0.1388957662787819	-0.22018555679782104	FALSE	21	SLC25A3	SLC25A3
ENSG00000143772	38	57	-19	-0.28763994802916487	0.6278781876702154	0.6509036890319386	-0.02302550136172321	Control	ENSG00000143772	0.1388957662787819	0.37757821990155627	FALSE	21	ITPKB	ITPKB
ENSG00000163110	64	66	-2	-0.057555467180989237	0.6934884872493191	0.6704629858875959	0.02302550136172321	Control	ENSG00000163110	0.1388957662787819	0.15795058856889987	FALSE	21	PDLIM5	PDLIM5
ENSG00000282164	447	470	-23	-0.34177747293461797	0.9314186679871256	0.9544441693488488	-0.0230255013617231	Control	ENSG00000282164	0.13840059420648676	-0.16511486158108646	FALSE	21	PEG13	PEG13
ENSG00000110675	583	658	-75	-1.045565296705508	0.968308987373112	0.9910869026986878	-0.02277791532557571	Control	ENSG00000110675	0.13790542213419163	-0.30127619208041345	FALSE	21	ELMOD1	ELMOD1
ENSG00000131808	26	32	-6	-0.11169299208644234	0.5757613270611538	0.5529834117355781	0.02277791532557571	Control	ENSG00000131808	0.13790542213419163	-0.01681029559914004	FALSE	21	FSHB	FSHB
ENSG00000140400	26	32	-6	-0.11169299208644234	0.5757613270611538	0.5529834117355781	0.02277791532557571	Control	ENSG00000140400	0.13790542213419163	0.02281986609045283	FALSE	21	MAN2C1	MAN2C1
ENSG00000040933	535	557	-22	-0.3282430917082547	0.9524634810596684	0.975241396385244	-0.0227779153255756	Control	ENSG00000040933	0.13728645704382272	-0.1327332084204187	FALSE	21	INPP4A	INPP4A
ENSG00000214376	116	103	13	0.14546025121445982	0.7579846496657588	0.7352067343401832	0.0227779153255756	AD	ENSG00000214376	0.13728645704382272	-0.1277602230301662	FALSE	21	VSTM5	VSTM5
ENSG00000108883	131	112	19	0.22666653857263944	0.7730873978707601	0.7504332755632582	0.02265412230750185	AD	ENSG00000108883	0.1369150779896014	-0.08557278772645027	FALSE	21	EFTUD2	EFTUD2
ENSG00000023330	79	107	-28	-0.4094493790664343	0.7186184699182966	0.7411487992077247	-0.0225303292894281	Control	ENSG00000023330	0.13666749195345382	-0.15892761628914087	FALSE	21	ALAS1	ALAS1
ENSG00000005339	15	27	-12	-0.192899279444622	0.4961624164397128	0.5183213666749196	-0.02215895023520675	Control	ENSG00000005339	0.1362961128992325	0.06921412124696147	FALSE	21	CREBBP	CREBBP
ENSG00000163513	15	27	-12	-0.192899279444622	0.4961624164397128	0.5183213666749196	-0.02215895023520675	Control	ENSG00000163513	0.1362961128992325	0.16729596904935207	FALSE	21	TGFBR2	TGFBR2
ENSG00000031081	104	126	-22	-0.3282430917082547	0.7449863827680119	0.7670215399851449	-0.022035157217133	Control	ENSG00000031081	0.13592473384501114	0.19132266546486143	FALSE	21	ARHGAP31	ARHGAP31
ENSG00000078328	498	371	127	1.6883797110198728	0.943550383758356	0.9215152265412232	0.02203515721713289	AD	ENSG00000078328	0.1355533547907898	-0.22636122211741316	FALSE	21	RBFOX1	RBFOX1
ENSG00000150995	198	225	-27	-0.39591499784007106	0.8219856400099035	0.8440207972270364	-0.02203515721713289	Control	ENSG00000150995	0.1355533547907898	-0.16713998115088555	FALSE	21	ITPR1	ITPR1
ENSG00000071553	468	488	-20	-0.3011743292555282	0.9359990096558554	0.9579103738549146	-0.02191136419905925	Control	ENSG00000071553	0.13518197573656845	-0.21728052838396472	FALSE	21	ATP6AP1	ATP6AP1
ENSG00000149091	52	73	-21	-0.3147087104818914	0.6666254023273087	0.6884129735082941	-0.0217875711809854	Control	ENSG00000149091	0.1349343897004209	-0.07953191666267223	FALSE	21	DGKZ	DGKZ
ENSG00000001497	13	20	-7	-0.12522737331280562	0.47660311958405543	0.4548155484030701	0.02178757118098534	Control	ENSG00000001497	0.13468680366427332	-0.02497073029490693	FALSE	21	LAS1L	LAS1L
ENSG00000248905	115	103	12	0.13192586998809655	0.7568705125030948	0.7352067343401832	0.02166377816291154	AD	ENSG00000248905	0.13443921762812577	-0.1274651850485995	FALSE	21	FMN1	FMN1
ENSG00000175175	668	501	167	2.229754960074404	0.983040356523892	0.961624164397128	0.02141619212676404	AD	ENSG00000175175	0.13406783857390442	-0.36531907112088824	FALSE	21	PPM1E	PPM1E
ENSG00000144357	136	165	-29	-0.4229837602927976	0.7775439465214162	0.7989601386481803	-0.02141619212676404	Control	ENSG00000144357	0.13406783857390442	-0.10040020958527762	FALSE	21	UBR3	UBR3
ENSG00000126432	55	58	-3	-0.07108984840735251	0.6744243624659569	0.6531319633572666	0.02129239910869029	Control	ENSG00000126432	0.1336964595196831	-0.13790725148377625	FALSE	21	PRDX5	PRDX5
ENSG00000137221	3	5	-2	-0.057555467180989237	0.2442436246595692	0.22295122555087893	0.02129239910869027	Control	ENSG00000137221	0.13159197821242882	0.15439275675032604	FALSE	21	TJAP1	TJAP1
ENSG00000261934	3	5	-2	-0.057555467180989237	0.2442436246595692	0.22295122555087893	0.02129239910869027	Control	ENSG00000261934	0.13159197821242882	-0.1937581821760608	FALSE	21	PCDHGA9	PCDHGA9
ENSG00000127418	3	5	-2	-0.057555467180989237	0.2442436246595692	0.22295122555087893	0.02129239910869027	Control	ENSG00000127418	0.13159197821242882	0.06776998266463252	FALSE	21	FGFRL1	FGFRL1
ENSG00000239839	3	5	-2	-0.057555467180989237	0.2442436246595692	0.22295122555087893	0.02129239910869027	Control	ENSG00000239839	0.13159197821242882	-0.07774840742845779	FALSE	21	DEFA3	DEFA3
ENSG00000128585	3	5	-2	-0.057555467180989237	0.2442436246595692	0.22295122555087893	0.02129239910869027	Control	ENSG00000128585	0.13159197821242882	0.12445305622722992	FALSE	21	MKLN1	MKLN1
ENSG00000144589	3	5	-2	-0.057555467180989237	0.2442436246595692	0.22295122555087893	0.02129239910869027	Control	ENSG00000144589	0.13159197821242882	0.05478206086376147	FALSE	21	STK11IP	STK11IP
ENSG00000106852	3	5	-2	-0.057555467180989237	0.2442436246595692	0.22295122555087893	0.02129239910869027	Control	ENSG00000106852	0.13159197821242882	-0.17397520146294543	FALSE	21	LHX6	LHX6
ENSG00000159433	3	5	-2	-0.057555467180989237	0.2442436246595692	0.22295122555087893	0.02129239910869027	Control	ENSG00000159433	0.13159197821242882	0.14095091625235412	FALSE	21	STARD9	STARD9
ENSG00000125962	3	5	-2	-0.057555467180989237	0.2442436246595692	0.22295122555087893	0.02129239910869027	Control	ENSG00000125962	0.13159197821242882	-0.20274126275525983	FALSE	21	ARMCX5	ARMCX5
ENSG00000130024	3	5	-2	-0.057555467180989237	0.2442436246595692	0.22295122555087893	0.02129239910869027	Control	ENSG00000130024	0.13159197821242882	0.13646218458010395	FALSE	21	PHF10	PHF10
ENSG00000141522	3	5	-2	-0.057555467180989237	0.2442436246595692	0.22295122555087893	0.02129239910869027	Control	ENSG00000141522	0.13159197821242882	-0.18352533751752276	FALSE	21	ARHGDIA	ARHGDIA
ENSG00000165792	3	5	-2	-0.057555467180989237	0.2442436246595692	0.22295122555087893	0.02129239910869027	Control	ENSG00000165792	0.13159197821242882	0.09098282510803912	FALSE	21	METTL17	METTL17
ENSG00000198832	3	5	-2	-0.057555467180989237	0.2442436246595692	0.22295122555087893	0.02129239910869027	Control	ENSG00000198832	0.13159197821242882	-0.1543761120987206	FALSE	21	SELENOM	SELENOM
ENSG00000141934	3	5	-2	-0.057555467180989237	0.2442436246595692	0.22295122555087893	0.02129239910869027	Control	ENSG00000141934	0.13159197821242882	0.2162511824834397	FALSE	21	PLPP2	PLPP2
ENSG00000119688	3	5	-2	-0.057555467180989237	0.2442436246595692	0.22295122555087893	0.02129239910869027	Control	ENSG00000119688	0.13159197821242882	0.11027081154652764	FALSE	21	ABCD4	ABCD4
ENSG00000101974	3	5	-2	-0.057555467180989237	0.2442436246595692	0.22295122555087893	0.02129239910869027	Control	ENSG00000101974	0.13159197821242882	0.2634134583309091	FALSE	21	ATP11C	ATP11C
ENSG00000082397	547	574	-27	-0.39591499784007106	0.9572914087645455	0.9782124288190146	-0.02092102005446894	Control	ENSG00000082397	0.12948749690517455	-0.2436445745165372	FALSE	21	EPB41L3	EPB41L3
ENSG00000197324	87	111	-24	-0.35531185416098127	0.7275315672196088	0.748328794256004	-0.02079722703639519	Control	ENSG00000197324	0.12923991086902697	0.12688274889478812	FALSE	21	LRP10	LRP10
ENSG00000186462	755	561	194	2.595183253186212	0.9967813815300816	0.9761079475117604	0.02067343401832133	AD	ENSG00000186462	0.12874473879673187	-0.3658170535421821	FALSE	21	NAP1L2	NAP1L2
ENSG00000077585	12	23	-11	-0.1793648982182587	0.46595692002971034	0.4866303540480317	-0.02067343401832133	Control	ENSG00000077585	0.12874473879673187	-0.04392795782519521	FALSE	21	GPR137B	GPR137B
ENSG00000142961	38	56	-18	-0.2741055668028016	0.6278781876702154	0.6485516216885368	-0.02067343401832133	Control	ENSG00000142961	0.12874473879673187	0.2195055793871372	FALSE	21	MOB3C	MOB3C
ENSG00000114279	711	534	177	2.3650987723380363	0.9903441445902452	0.9697945035899976	0.02054964100024758	AD	ENSG00000114279	0.1271354295617727	-0.2904967210487772	FALSE	21	FGF12	FGF12
ENSG00000135119	312	330	-18	-0.2741055668028016	0.8838821490467937	0.9044317900470412	-0.02054964100024758	Control	ENSG00000135119	0.1271354295617727	-0.24447166370339524	FALSE	21	RNFT2	RNFT2
ENSG00000165832	388	404	-16	-0.24703680435007505	0.910745233968804	0.9312948749690516	-0.02054964100024758	Control	ENSG00000165832	0.1271354295617727	-0.19780437536818415	FALSE	21	TRUB1	TRUB1
ENSG00000130881	30	46	-16	-0.24703680435007505	0.5963109680614014	0.616860609061649	-0.02054964100024758	Control	ENSG00000130881	0.1271354295617727	0.0098323747776412	FALSE	21	LRP3	LRP3
ENSG00000254122	6	10	-4	-0.08462422963371578	0.35528596187175043	0.33473632087150285	0.02054964100024758	Control	ENSG00000254122	0.1271354295617727	-0.2377835108371249	FALSE	21	PCDHGB7	PCDHGB7
ENSG00000101557	238	262	-24	-0.35531185416098127	0.8473632087150285	0.867912849715276	-0.02054964100024758	Control	ENSG00000101557	0.1271354295617727	-0.11309315874109592	FALSE	21	USP14	USP14
ENSG00000127511	110	132	-22	-0.3282430917082547	0.7519187917801436	0.7724684327803912	-0.02054964100024758	Control	ENSG00000127511	0.1271354295617727	-0.09786616372440449	FALSE	21	SIN3B	SIN3B
ENSG00000153820	6	10	-4	-0.08462422963371578	0.35528596187175043	0.33473632087150285	0.02054964100024758	Control	ENSG00000153820	0.1271354295617727	-0.39580034779172024	FALSE	21	SPHKAP	SPHKAP
ENSG00000165424	30	46	-16	-0.24703680435007505	0.5963109680614014	0.616860609061649	-0.02054964100024758	Control	ENSG00000165424	0.1271354295617727	0.2095030706414942	FALSE	21	ZCCHC24	ZCCHC24
ENSG00000183579	6	10	-4	-0.08462422963371578	0.35528596187175043	0.33473632087150285	0.02054964100024758	Control	ENSG00000183579	0.1271354295617727	0.04723292265593137	FALSE	21	ZNRF3	ZNRF3
ENSG00000225359	13	24	-11	-0.1793648982182587	0.47660311958405543	0.4969051745481554	-0.02030205496410003	Control	ENSG00000225359	0.12577370636296112	-0.07792477152990207	FALSE	21	NA	ENSG00000225359
ENSG00000137693	124	149	-25	-0.3688462353873445	0.7666501609309235	0.7869522158950235	-0.02030205496409998	Control	ENSG00000137693	0.12527853429066602	0.2169911880698656	FALSE	21	YAP1	YAP1
ENSG00000169255	290	240	50	0.646232356589901	0.8750928447635553	0.8547907897994553	0.02030205496409998	AD	ENSG00000169255	0.12527853429066602	-0.2566759975077826	FALSE	21	B3GALNT1	B3GALNT1
ENSG00000165629	160	133	27	0.33494158838354565	0.7936370388710077	0.7733349839069077	0.02030205496409998	AD	ENSG00000165629	0.12527853429066602	-0.19331282925508475	FALSE	21	ATP5F1C	ATP5F1C
ENSG00000124574	16	28	-12	-0.192899279444622	0.5049517207229512	0.5251299826689775	-0.02017826194602623	Control	ENSG00000124574	0.12453577618222332	0.0624580276644604	FALSE	21	ABCC10	ABCC10
ENSG00000166170	16	28	-12	-0.192899279444622	0.5049517207229512	0.5251299826689775	-0.02017826194602623	Control	ENSG00000166170	0.12453577618222332	-0.06966992611264722	FALSE	21	BAG5	BAG5
ENSG00000105854	10	16	-6	-0.11169299208644234	0.437360732854667	0.41718247090864075	0.02017826194602623	Control	ENSG00000105854	0.12453577618222332	0.06959452089604135	FALSE	21	PON2	PON2
ENSG00000117069	252	275	-23	-0.34177747293461797	0.8550383758356028	0.8750928447635553	-0.02005446892795248	Control	ENSG00000117069	0.12391681109185441	-0.2883544211612161	FALSE	21	ST6GALNAC5	ST6GALNAC5
ENSG00000038382	32	48	-16	-0.24703680435007505	0.6033671700916068	0.6234216390195593	-0.02005446892795248	Control	ENSG00000038382	0.12391681109185441	-0.02005400460918949	FALSE	21	TRIO	TRIO
ENSG00000213760	674	512	162	2.1620830539425873	0.98427828670463	0.9644714038128248	0.01980688289180499	AD	ENSG00000213760	0.12354543203763307	-0.3558389298296678	FALSE	21	ATP6V1G2	ATP6V1G2
ENSG00000158864	12	19	-7	-0.12522737331280562	0.46595692002971034	0.4461500371379054	0.01980688289180493	Control	ENSG00000158864	0.12329784600148552	-0.10406573798956131	FALSE	21	NDUFS2	NDUFS2
ENSG00000108924	516	533	-17	-0.2605711855764383	0.94924486258975	0.9690517454815548	-0.01980688289180487	Control	ENSG00000108924	0.12292646694726417	-0.09146992083515038	FALSE	21	HLF	HLF
ENSG00000105402	257	281	-24	-0.35531185416098127	0.8581332012874474	0.8779400841792523	-0.01980688289180487	Control	ENSG00000105402	0.12292646694726417	-0.2569043622821212	FALSE	21	NAPA	NAPA
ENSG00000163947	587	457	130	1.7289828546989627	0.9696707105719238	0.9499876206981926	0.01968308987373113	AD	ENSG00000163947	0.12205991582074771	-0.19508200025344813	FALSE	21	ARHGEF3	ARHGEF3
ENSG00000089737	427	333	94	1.241745130549885	0.925476603119584	0.9057935132458528	0.01968308987373113	AD	ENSG00000089737	0.12205991582074771	-0.1226390194196103	FALSE	21	DDX24	DDX24
ENSG00000140022	21	34	-13	-0.2064336606709853	0.5432037633077494	0.5628868531814806	-0.01968308987373113	Control	ENSG00000140022	0.12205991582074771	0.1734028121746718	FALSE	21	STON2	STON2
ENSG00000121413	21	34	-13	-0.2064336606709853	0.5432037633077494	0.5628868531814806	-0.01968308987373113	Control	ENSG00000121413	0.12205991582074771	-0.20902655196849904	FALSE	21	ZSCAN18	ZSCAN18
ENSG00000149305	17	29	-12	-0.192899279444622	0.5127506808615994	0.5324337707353305	-0.01968308987373113	Control	ENSG00000149305	0.12205991582074771	-0.3181836609595434	FALSE	21	HTR3B	HTR3B
ENSG00000100519	18	30	-12	-0.192899279444622	0.5199306759098787	0.5396137657836098	-0.01968308987373102	Control	ENSG00000100519	0.12119336469423124	-0.12956654007243884	FALSE	21	PSMC6	PSMC6
ENSG00000105855	18	30	-12	-0.192899279444622	0.5199306759098787	0.5396137657836098	-0.01968308987373102	Control	ENSG00000105855	0.12119336469423124	0.2455259573110542	FALSE	21	ITGB8	ITGB8
ENSG00000171163	36	42	-6	-0.11169299208644234	0.6192126764050507	0.5996533795493935	0.01955929685565727	Control	ENSG00000171163	0.1208219856400099	0.1733750762968178	FALSE	21	ZNF692	ZNF692
ENSG00000084070	379	394	-15	-0.23350242312371175	0.9077742015350334	0.9270859123545432	-0.01931171081950977	Control	ENSG00000084070	0.12032681356771478	-0.1582286721381898	FALSE	21	SMAP2	SMAP2
ENSG00000129116	35	51	-16	-0.24703680435007505	0.6147561277543947	0.6340678385739045	-0.01931171081950977	Control	ENSG00000129116	0.12032681356771478	0.17860347936996843	FALSE	21	PALLD	PALLD
ENSG00000179958	35	51	-16	-0.24703680435007505	0.6147561277543947	0.6340678385739045	-0.01931171081950977	Control	ENSG00000179958	0.12032681356771478	-0.2511922026703477	FALSE	21	DCTPP1	DCTPP1
ENSG00000116106	548	566	-18	-0.2741055668028016	0.9577865808368408	0.976850705620203	-0.01906412478336228	Control	ENSG00000116106	0.11970784847734588	-0.1495220349084594	FALSE	21	EPHA4	EPHA4
ENSG00000151067	79	105	-26	-0.38238061661370776	0.7186184699182966	0.7376825947016589	-0.01906412478336228	Control	ENSG00000151067	0.11970784847734588	-0.04383488813650871	FALSE	21	CACNA1C	CACNA1C
ENSG00000174996	342	347	-5	-0.09815861086007906	0.8942807625649913	0.9133448873483536	-0.01906412478336217	Control	ENSG00000174996	0.11921267640505076	-0.13519073453354835	FALSE	21	KLC2	KLC2
ENSG00000136518	31	37	-6	-0.11169299208644234	0.6000247586036147	0.5809606338202525	0.01906412478336217	Control	ENSG00000136518	0.11921267640505076	0.20215507399717136	FALSE	21	ACTL6A	ACTL6A
ENSG00000165637	240	262	-22	-0.3282430917082547	0.8489725179499876	0.867912849715276	-0.01894033176528842	Control	ENSG00000165637	0.11859371131468185	-0.20291771952383544	FALSE	21	VDAC2	VDAC2
ENSG00000107643	332	338	-6	-0.11169299208644234	0.8900717999504828	0.9090121317157712	-0.01894033176528842	Control	ENSG00000107643	0.11859371131468185	-0.14221141865236753	FALSE	21	MAPK8	MAPK8
ENSG00000255302	140	165	-25	-0.3688462353873445	0.7800198068828919	0.7989601386481803	-0.01894033176528842	Control	ENSG00000255302	0.11859371131468185	-0.1642284191715735	FALSE	21	EID1	EID1
ENSG00000124207	159	178	-19	-0.28763994802916487	0.7931418667987126	0.8119584055459272	-0.01881653874721467	Control	ENSG00000124207	0.11809853924238672	-0.12160843628705996	FALSE	21	CSE1L	CSE1L
ENSG00000053108	266	288	-22	-0.3282430917082547	0.8635800940826938	0.8822728398118346	-0.01869274572914081	Control	ENSG00000053108	0.11772716018816538	-0.2573765950502551	FALSE	21	FSTL4	FSTL4
ENSG00000166226	85	83	2	-0.00341794227553615	0.7249319138400594	0.7062391681109186	0.01869274572914081	AD	ENSG00000166226	0.11772716018816538	-0.1605714268757907	FALSE	21	CCT2	CCT2
ENSG00000180044	415	329	86	1.1334700807389788	0.9222579846496658	0.9036890319385986	0.01856895271106717	AD	ENSG00000180044	0.11735578113394404	-0.43672451668333423	FALSE	21	C3orf80	C3orf80
ENSG00000104388	549	566	-17	-0.2605711855764383	0.958281752909136	0.976850705620203	-0.01856895271106706	Control	ENSG00000104388	0.11686060906164893	-0.22604226944177164	FALSE	21	RAB2A	RAB2A
ENSG00000165264	71	72	-1	-0.04402108595462597	0.7051250309482545	0.6865560782371875	0.01856895271106706	Control	ENSG00000165264	0.11686060906164893	-0.17038803961664328	FALSE	21	NDUFB6	NDUFB6
ENSG00000137040	331	337	-6	-0.11169299208644234	0.8895766278781877	0.9081455805892548	-0.01856895271106706	Control	ENSG00000137040	0.11686060906164893	-0.1499994423981068	FALSE	21	RANBP6	RANBP6
ENSG00000100600	54	74	-20	-0.3011743292555282	0.6717009160683337	0.690146075761327	-0.01844515969299331	Control	ENSG00000100600	0.1163654369893538	-0.2255814573756414	FALSE	21	LGMN	LGMN
ENSG00000138757	580	609	-29	-0.4229837602927976	0.9670710571923744	0.985392423867294	-0.01832136667491957	Control	ENSG00000138757	0.11599405793513246	-0.22792399385838105	FALSE	21	G3BP2	G3BP2
ENSG00000106367	208	176	32	0.402613494515362	0.8282990839316663	0.8099777172567467	0.01832136667491957	AD	ENSG00000106367	0.11599405793513246	-0.2541292560053954	FALSE	21	AP1S1	AP1S1
ENSG00000170500	503	511	-8	-0.1387617545391689	0.945778658083684	0.9641000247586036	-0.01832136667491946	Control	ENSG00000170500	0.11562267888091111	-0.2180800783180263	FALSE	21	LONRF2	LONRF2
ENSG00000110427	560	583	-23	-0.34177747293461797	0.9617479574152018	0.9799455310720476	-0.01819757365684571	Control	ENSG00000110427	0.11537509284476355	-0.22511453731461015	FALSE	21	KIAA1549L	KIAA1549L
ENSG00000154975	458	459	-1	-0.04402108595462597	0.9331517702401584	0.9512255508789303	-0.01807378063877196	Control	ENSG00000154975	0.11500371379054221	-0.31767629462417624	FALSE	21	CA10	CA10
ENSG00000141367	377	384	-7	-0.12522737331280562	0.906907650408517	0.9249814310472888	-0.01807378063877196	Control	ENSG00000141367	0.11500371379054221	-0.3818991300695487	FALSE	21	CLTC	CLTC
ENSG00000177971	75	76	-1	-0.04402108595462597	0.7126764050507551	0.6947264174300569	0.01794998762069821	Control	ENSG00000177971	0.11450854171824709	-0.1503309884282249	FALSE	21	IMP3	IMP3
ENSG00000075089	48	68	-20	-0.3011743292555282	0.6574647189898489	0.6754147066105471	-0.01794998762069821	Control	ENSG00000075089	0.11450854171824709	-0.20570731084179705	FALSE	21	ACTR6	ACTR6
ENSG00000135002	371	292	79	1.038729412154436	0.9025748947759348	0.8847487001733102	0.01782619460262446	AD	ENSG00000135002	0.11401336964595196	-0.22321132929163845	FALSE	21	RFK	RFK
ENSG00000171314	158	176	-18	-0.2741055668028016	0.7921515226541223	0.8099777172567467	-0.01782619460262446	Control	ENSG00000171314	0.11401336964595196	-0.27501886723458036	FALSE	21	PGAM1	PGAM1
ENSG00000183049	32	38	-6	-0.11169299208644234	0.6033671700916068	0.5855409754889824	0.01782619460262435	Control	ENSG00000183049	0.11364199059173062	-0.07862868240285437	FALSE	21	CAMK1D	CAMK1D
ENSG00000118898	254	272	-18	-0.2741055668028016	0.8562763060163406	0.8739787076008914	-0.01770240158455072	Control	ENSG00000118898	0.11339440455558307	-0.18894978795069584	FALSE	21	PPL	PPL
ENSG00000124140	585	617	-32	-0.46358690397188734	0.9692993315177024	0.987001733102253	-0.01770240158455061	Control	ENSG00000124140	0.11289923248328794	-0.278503221106579	FALSE	21	SLC12A5	SLC12A5
ENSG00000101856	404	321	83	1.092866937059889	0.917677642980936	0.8999752413963853	0.01770240158455061	AD	ENSG00000101856	0.11289923248328794	-0.2470349633052198	FALSE	21	PGRMC1	PGRMC1
ENSG00000166200	56	76	-20	-0.3011743292555282	0.6770240158455063	0.6947264174300569	-0.01770240158455061	Control	ENSG00000166200	0.11289923248328794	-0.1054727210451798	FALSE	21	COPS2	COPS2
ENSG00000142149	60	81	-21	-0.3147087104818914	0.6849467690022283	0.7025253775687051	-0.01757860856647686	Control	ENSG00000142149	0.11240406041099282	-0.293910615781515	FALSE	21	HUNK	HUNK
ENSG00000240764	225	191	34	0.42968225696808854	0.8383263183956425	0.8208715028472394	0.01745481554840311	AD	ENSG00000240764	0.11203268135677148	-0.558694030056321	TRUE	22	PCDHGC5	PCDHGC5
ENSG00000158815	10	20	-10	-0.16583051699189544	0.437360732854667	0.4548155484030701	-0.01745481554840311	Control	ENSG00000158815	0.11203268135677148	0.18290874420730852	FALSE	22	FGF17	FGF17
ENSG00000117600	502	507	-5	-0.09815861086007906	0.945283486011389	0.9626145085417184	-0.01733102253032925	Control	ENSG00000117600	0.11153750928447635	-0.3172438690764956	FALSE	22	PLPPR4	PLPPR4
ENSG00000277586	375	378	-3	-0.07108984840735251	0.9059173062639267	0.923248328794256	-0.01733102253032925	Control	ENSG00000277586	0.11153750928447635	-0.38655807813280063	FALSE	22	NEFL	NEFL
ENSG00000148798	713	551	162	2.1620830539425873	0.9907155236444664	0.9736320871502848	0.01708343649418176	AD	ENSG00000148798	0.11091854419410745	-0.36138863012133093	FALSE	22	INA	INA
ENSG00000154518	396	315	81	1.0657981746071623	0.9138400594206488	0.896756622926467	0.01708343649418176	AD	ENSG00000154518	0.11091854419410745	-0.22134758102127883	FALSE	22	ATP5MC3	ATP5MC3
ENSG00000054803	356	286	70	0.9169199811171664	0.8984897251794999	0.8814062886853181	0.01708343649418176	AD	ENSG00000054803	0.11091854419410745	-0.49803066063384094	FALSE	22	CBLN4	CBLN4
ENSG00000182095	23	30	-7	-0.12522737331280562	0.5565734092597178	0.5396137657836098	0.01695964347610801	Control	ENSG00000182095	0.11042337212181233	-0.04385803529910603	FALSE	22	TNRC18	TNRC18
ENSG00000109436	554	570	-16	-0.24703680435007505	0.9603862342163902	0.977345877692498	-0.0169596434761079	Control	ENSG00000109436	0.11017578608566476	-0.2933230654456853	FALSE	22	TBC1D9	TBC1D9
ENSG00000003987	401	320	81	1.0657981746071623	0.915944540727903	0.8991086902698687	0.01683585045803426	AD	ENSG00000003987	0.10992820004951721	-0.2549114992474184	FALSE	22	MTMR7	MTMR7
ENSG00000005486	90	111	-21	-0.3147087104818914	0.7316167368160436	0.748328794256004	-0.0167120574399604	Control	ENSG00000005486	0.10930923495914831	-0.17567079539320218	FALSE	22	RHBDD2	RHBDD2
ENSG00000055070	71	73	-2	-0.057555467180989237	0.7051250309482545	0.6884129735082941	0.0167120574399604	Control	ENSG00000055070	0.10930923495914831	0.16874576174840072	FALSE	22	SZRD1	SZRD1
ENSG00000139200	157	134	23	0.28080406347809256	0.7910373854914583	0.7743253280514979	0.0167120574399604	AD	ENSG00000139200	0.10930923495914831	-0.16048909210199902	FALSE	22	PIANP	PIANP
ENSG00000050438	87	109	-22	-0.3282430917082547	0.7275315672196088	0.7442436246595692	-0.0167120574399604	Control	ENSG00000050438	0.10930923495914831	-0.111569815787794	FALSE	22	SLC4A8	SLC4A8
ENSG00000251322	44	62	-18	-0.2741055668028016	0.6468185194355038	0.6634067838573905	-0.01658826442188665	Control	ENSG00000251322	0.1086902698687794	-0.02980745622617142	FALSE	22	SHANK3	SHANK3
ENSG00000078053	502	503	-1	-0.04402108595462597	0.945283486011389	0.9618717504332756	-0.01658826442188654	Control	ENSG00000078053	0.1080713047784105	-0.2422444693037651	FALSE	22	AMPH	AMPH
ENSG00000174684	559	573	-14	-0.21996804189734853	0.9613765783609804	0.977964842782867	-0.01658826442188654	Control	ENSG00000174684	0.1080713047784105	-0.26153702099077236	FALSE	22	B4GAT1	B4GAT1
ENSG00000125851	475	468	7	0.06425396385628021	0.937360732854667	0.9539489972765536	-0.01658826442188654	AD	ENSG00000125851	0.1080713047784105	-0.2402347631134738	FALSE	22	PCSK2	PCSK2
ENSG00000155961	399	404	-5	-0.09815861086007906	0.9147066105471652	0.9312948749690516	-0.01658826442188654	Control	ENSG00000155961	0.1080713047784105	-0.15673885029043788	FALSE	22	RAB39B	RAB39B
ENSG00000163285	19	26	-7	-0.12522737331280562	0.5283486011388958	0.5118841297350829	0.0164644714038129	Control	ENSG00000163285	0.10745233968804159	0.04249392683981412	FALSE	22	GABRG1	GABRG1
ENSG00000081189	665	520	145	1.931998573094412	0.98242139143352325	0.9659569200297105	0.01646447140381279	AD	ENSG00000081189	0.10670958157959891	-0.2545227153768632	FALSE	22	MEF2C	MEF2C
ENSG00000104723	446	448	-2	-0.057555467180989237	0.931171081950978	0.9476355533547908	-0.01646447140381279	Control	ENSG00000104723	0.10670958157959891	-0.267955910458312	FALSE	22	TUSC3	TUSC3
ENSG00000134717	290	305	-15	-0.23350242312371175	0.8750928447635553	0.8915573161673681	-0.01646447140381279	Control	ENSG00000134717	0.10670958157959891	-0.17360646226507548	FALSE	22	BTF3L4	BTF3L4
ENSG00000198689	726	572	154	2.0538080041316813	0.9941817281505324	0.9777172567467196	0.01646447140381279	AD	ENSG00000198689	0.10670958157959891	-0.18256453699600783	FALSE	22	SLC9A6	SLC9A6
ENSG00000075303	171	148	23	0.28080406347809256	0.8021787571180985	0.7857142857142857	0.01646447140381279	AD	ENSG00000075303	0.10670958157959891	-0.18760292370318865	FALSE	22	SLC25A40	SLC25A40
ENSG00000151729	660	734	-74	-1.0320309154791447	0.9816786333250804	0.9980193117108196	-0.01634067838573905	Control	ENSG00000151729	0.10547165139886111	-0.18071578646542363	FALSE	22	SLC25A4	SLC25A4
ENSG00000163995	341	340	1	-0.01695232350189942	0.8937855904926962	0.9101262688784352	-0.01634067838573905	AD	ENSG00000163995	0.10547165139886111	-0.11094537320182596	FALSE	22	ABLIM2	ABLIM2
ENSG00000161016	9	18	-9	-0.15229613576553216	0.4207724684327804	0.4371131468185194	-0.01634067838573905	Control	ENSG00000161016	0.10547165139886111	-0.02403660253959749	FALSE	22	RPL8	RPL8
ENSG00000242808	9	18	-9	-0.15229613576553216	0.4207724684327804	0.4371131468185194	-0.01634067838573905	Control	ENSG00000242808	0.10547165139886111	0.12013497877494572	FALSE	22	SOX2-OT	SOX2-OT
ENSG00000136404	9	18	-9	-0.15229613576553216	0.4207724684327804	0.4371131468185194	-0.01634067838573905	Control	ENSG00000136404	0.10547165139886111	-0.17544048855792305	FALSE	22	TM6SF1	TM6SF1
ENSG00000107404	56	61	-5	-0.09815861086007906	0.6770240158455063	0.660807130477841	0.0162168853676653	Control	ENSG00000107404	0.10460510027234464	-0.02213932234175075	FALSE	22	DVL1	DVL1
ENSG00000069966	271	232	39	0.49735416309990493	0.8649418172815053	0.84872493191384	0.0162168853676653	AD	ENSG00000069966	0.10460510027234464	-0.1430419835752268	FALSE	22	GNB5	GNB5
ENSG00000198934	609	490	119	1.5801046612089666	0.9743748452587274	0.958281752909136	0.01609309234959144	AD	ENSG00000198934	0.1042337212181233	-0.3477047560736679	FALSE	22	MAGEE1	MAGEE1
ENSG00000101849	122	111	11	0.11839148876173328	0.7641743005694479	0.748328794256004	0.01584550631344394	AD	ENSG00000101849	0.10373854914582818	0.13931688413640408	FALSE	22	TBL1X	TBL1X
ENSG00000140398	21	33	-12	-0.192899279444622	0.5432037633077494	0.5590492696211934	-0.01584550631344394	Control	ENSG00000140398	0.10373854914582818	0.13346972606443508	FALSE	22	NEIL1	NEIL1
ENSG00000223705	21	33	-12	-0.192899279444622	0.5432037633077494	0.5590492696211934	-0.01584550631344394	Control	ENSG00000223705	0.10373854914582818	0.06590822221833648	FALSE	22	NSUN5P1	NSUN5P1
ENSG00000061938	17	24	-7	-0.12522737331280562	0.5127506808615994	0.4969051745481554	0.01584550631344389	Control	ENSG00000061938	0.10287199801931171	0.02247855164622159	FALSE	22	TNK2	TNK2
ENSG00000167755	7	12	-5	-0.09815861086007906	0.3815300817033919	0.365684575389948	0.01584550631344389	Control	ENSG00000167755	0.10287199801931171	0.13613707368830497	FALSE	22	KLK6	KLK6
ENSG00000241837	7	12	-5	-0.09815861086007906	0.3815300817033919	0.365684575389948	0.01584550631344389	Control	ENSG00000241837	0.10287199801931171	-0.00968650163020967	FALSE	22	ATP5PO	ATP5PO
ENSG00000259425	7	12	-5	-0.09815861086007906	0.3815300817033919	0.365684575389948	0.01584550631344389	Control	ENSG00000259425	0.10287199801931171	-0.05500061813660673	FALSE	22	NA	ENSG00000259425
ENSG00000113658	65	87	-22	-0.3282430917082547	0.6953453825204259	0.7111908888338697	-0.01584550631344383	Control	ENSG00000113658	0.1022530329289428	0.13874160370557753	FALSE	22	SMAD5	SMAD5
ENSG00000139174	579	591	-12	-0.192899279444622	0.9664520921020054	0.9821738053973756	-0.0157217132953702	Control	ENSG00000139174	0.10200544689279524	-0.18507752267889188	FALSE	22	PRICKLE1	PRICKLE1
ENSG00000165169	443	351	92	1.2146763680971584	0.9306759098786828	0.9150779896013864	0.01559792027729634	AD	ENSG00000165169	0.10151027482050012	-0.3129671618183405	FALSE	22	DYNLT3	DYNLT3
ENSG00000198910	488	474	14	0.1589946324408231	0.939589007179995	0.9551869274572914	-0.01559792027729634	AD	ENSG00000198910	0.10151027482050012	-0.21821297589455568	FALSE	22	L1CAM	L1CAM
ENSG00000138696	35	50	-15	-0.23350242312371175	0.6147561277543947	0.630354048031691	-0.01559792027729634	Control	ENSG00000138696	0.10151027482050012	0.05475629752704414	FALSE	22	BMPR1B	BMPR1B
ENSG00000102003	698	544	154	2.0538080041316813	0.987496905174548	0.9720227779153257	0.01547412725922259	AD	ENSG00000102003	0.09965337954939342	-0.3403628447411151	FALSE	22	SYP	SYP
ENSG00000167770	541	424	117	1.5530358987562405	0.95481554840307	0.9393414211438474	0.01547412725922259	AD	ENSG00000167770	0.09965337954939342	-0.1700449380268445	FALSE	22	OTUB1	OTUB1
ENSG00000171867	179	193	-14	-0.21996804189734853	0.8065115127506809	0.8219856400099035	-0.01547412725922259	Control	ENSG00000171867	0.09965337954939342	-0.19946439686500383	FALSE	22	PRNP	PRNP
ENSG00000084754	4	7	-3	-0.07108984840735251	0.2896756622926467	0.2742015350334241	0.01547412725922259	Control	ENSG00000084754	0.09965337954939342	-0.04710629292289603	FALSE	22	HADHA	HADHA
ENSG00000249715	4	7	-3	-0.07108984840735251	0.2896756622926467	0.2742015350334241	0.01547412725922259	Control	ENSG00000249715	0.09965337954939342	-0.04136625911021951	FALSE	22	FER1L5	FER1L5
ENSG00000197756	4	7	-3	-0.07108984840735251	0.2896756622926467	0.2742015350334241	0.01547412725922259	Control	ENSG00000197756	0.09965337954939342	0.0251635779465662	FALSE	22	RPL37A	RPL37A
ENSG00000100764	4	7	-3	-0.07108984840735251	0.2896756622926467	0.2742015350334241	0.01547412725922259	Control	ENSG00000100764	0.09965337954939342	-0.09362819636879573	FALSE	22	PSMC1	PSMC1
ENSG00000179399	4	7	-3	-0.07108984840735251	0.2896756622926467	0.2742015350334241	0.01547412725922259	Control	ENSG00000179399	0.09965337954939342	-0.13461708609395728	FALSE	22	GPC5	GPC5
ENSG00000100146	4	7	-3	-0.07108984840735251	0.2896756622926467	0.2742015350334241	0.01547412725922259	Control	ENSG00000100146	0.09965337954939342	0.17664900523283222	FALSE	22	SOX10	SOX10
ENSG00000276241	4	7	-3	-0.07108984840735251	0.2896756622926467	0.2742015350334241	0.01547412725922259	Control	ENSG00000276241	0.09965337954939342	-0.0512194964675392	FALSE	22	NA	ENSG00000276241
ENSG00000142185	4	7	-3	-0.07108984840735251	0.2896756622926467	0.2742015350334241	0.01547412725922259	Control	ENSG00000142185	0.09965337954939342	-0.02926628151743671	FALSE	22	TRPM2	TRPM2
ENSG00000140403	4	7	-3	-0.07108984840735251	0.2896756622926467	0.2742015350334241	0.01547412725922259	Control	ENSG00000140403	0.09965337954939342	-0.15162659283165425	FALSE	22	DNAJA4	DNAJA4
ENSG00000177889	592	483	109	1.444760848945334	0.971775191879178	0.956548650656103	0.01522654122307509	AD	ENSG00000177889	0.09804407031443427	-0.22857419872599927	FALSE	22	UBE2N	UBE2N
ENSG00000099246	11	18	-7	-0.12522737331280562	0.45233968804159447	0.4371131468185194	0.01522654122307504	Control	ENSG00000099246	0.0977964842782867	-0.125174121104223	FALSE	22	RAB18	RAB18
ENSG00000111726	565	450	115	1.5259671363035137	0.9636048526863084	0.9483783114632336	0.01522654122307498	AD	ENSG00000111726	0.09754889824213914	-0.23071670081944265	FALSE	22	CMAS	CMAS
ENSG00000171992	56	75	-19	-0.28763994802916487	0.6770240158455063	0.6921267640505075	-0.01510274820500123	Control	ENSG00000171992	0.09730131220599159	-0.1283644598284166	FALSE	22	SYNPO	SYNPO
ENSG00000162729	162	143	19	0.22666653857263944	0.7951225550878931	0.7801435999009656	0.01497895518692749	AD	ENSG00000162729	0.09705372616984402	-0.1849325494124567	FALSE	22	IGSF8	IGSF8
ENSG00000084092	8	16	-8	-0.1387617545391689	0.4022035157217133	0.41718247090864075	-0.01497895518692743	Control	ENSG00000084092	0.09680614013369646	-0.15149218339482484	FALSE	22	NOA1	NOA1
ENSG00000102466	425	424	1	-0.01695232350189942	0.92436246595692	0.9393414211438474	-0.01497895518692737	AD	ENSG00000102466	0.0965585540975489	-0.1291146899658724	FALSE	22	FGF14	FGF14
ENSG00000169891	628	666	-38	-0.544793191330067	0.9770982916563504	0.9919534538252044	-0.01485516216885374	Control	ENSG00000169891	0.09618717504332755	-0.16576497799353618	FALSE	22	REPS2	REPS2
ENSG00000197217	364	351	13	0.14546025121445982	0.9002228274325328	0.9150779896013864	-0.01485516216885374	AD	ENSG00000197217	0.09618717504332755	-0.109419555308774	FALSE	22	ENTPD4	ENTPD4
ENSG00000105738	36	43	-7	-0.12522737331280562	0.6192126764050507	0.6043575142361971	0.01485516216885363	Control	ENSG00000105738	0.09581579598910621	-0.04789071564630909	FALSE	22	SIPA1L3	SIPA1L3
ENSG00000171617	693	548	145	1.931998573094412	0.987001733102253	0.9723941569695468	0.01460757613270613	AD	ENSG00000171617	0.09544441693488487	-0.25454518890325595	FALSE	22	ENC1	ENC1
ENSG00000106723	557	560	-3	-0.07108984840735251	0.9611289923248328	0.975736568457539	-0.01460757613270613	Control	ENSG00000106723	0.09544441693488487	-0.136947783379874	FALSE	22	SPIN1	SPIN1
ENSG00000187094	245	213	32	0.402613494515362	0.8516959643476107	0.8370883882149047	0.01460757613270602	AD	ENSG00000187094	0.09507303788066353	-0.3375396957852672	FALSE	22	CCK	CCK
ENSG00000166448	569	457	112	1.4853639926244238	0.9644714038128248	0.9499876206981926	0.01448378311463227	AD	ENSG00000166448	0.09482545184451598	-0.2670399660110121	FALSE	22	TMEM130	TMEM130
ENSG00000133083	708	557	151	2.0132048604525914	0.9896013864818024	0.975241396385244	0.01435999009655852	AD	ENSG00000133083	0.09420648675414707	-0.3264821180805093	FALSE	22	DCLK1	DCLK1
ENSG00000069345	513	508	5	0.03718520140355366	0.9486258974993812	0.9629858875959396	-0.01435999009655852	AD	ENSG00000069345	0.09420648675414707	-0.2002467572863704	FALSE	22	DNAJA2	DNAJA2
ENSG00000111667	280	290	-10	-0.16583051699189544	0.8693983659321615	0.88375835602872	-0.01435999009655852	Control	ENSG00000111667	0.09420648675414707	-0.1760775678356037	FALSE	22	USP5	USP5
ENSG00000105613	41	58	-17	-0.2605711855764383	0.6387719732607081	0.6531319633572666	-0.01435999009655852	Control	ENSG00000105613	0.09420648675414707	-0.0874059551973616	FALSE	22	MAST1	MAST1
ENSG00000164209	373	302	71	0.9304543623435296	0.9043079970289676	0.8900717999504828	0.01423619707848478	AD	ENSG00000164209	0.09346372864570439	-0.1634871048919475	FALSE	22	SLC25A46	SLC25A46
ENSG00000139505	285	294	-9	-0.15229613576553216	0.8721218123297846	0.8863580094082694	-0.01423619707848478	Control	ENSG00000139505	0.09346372864570439	-0.19210783276624177	FALSE	22	MTMR6	MTMR6
ENSG00000103769	411	332	79	1.038729412154436	0.9196583312701164	0.9054221341916316	0.01423619707848467	AD	ENSG00000103769	0.09309234959148303	-0.19378005172336368	FALSE	22	RAB11A	RAB11A
ENSG00000188191	209	223	-14	-0.21996804189734853	0.8290418420401089	0.8431542461005199	-0.01411240406041103	Control	ENSG00000188191	0.09284476355533548	-0.2166352549412416	FALSE	22	PRKAR1B	PRKAR1B
ENSG00000128463	210	183	27	0.33494158838354565	0.8297846001485516	0.8156721960881407	0.01411240406041092	AD	ENSG00000128463	0.09259717751918792	-0.19704656587424377	FALSE	22	EMC4	EMC4
ENSG00000185760	623	649	-26	-0.38238061661370776	0.9761079475117604	0.9900965585540976	-0.01398861104233717	Control	ENSG00000185760	0.0921020054468928	-0.27351816710560506	FALSE	22	KCNQ5	KCNQ5
ENSG00000103740	9	15	-6	-0.11169299208644234	0.4207724684327804	0.4067838573904432	0.01398861104233717	Control	ENSG00000103740	0.0921020054468928	0.03016711535516414	FALSE	22	ACSBG1	ACSBG1
ENSG00000083097	9	15	-6	-0.11169299208644234	0.4207724684327804	0.4067838573904432	0.01398861104233717	Control	ENSG00000083097	0.0921020054468928	-0.16576093851165297	FALSE	22	DOP1A	DOP1A
ENSG00000182220	556	556	0	-0.03048670472826269	0.9608814062886852	0.9747462243129488	-0.01386481802426342	Control	ENSG00000182220	0.0914830403565239	-0.2457867993938052	FALSE	22	ATP6AP2	ATP6AP2
ENSG00000198961	427	424	3	0.01011643895082711	0.925476603119584	0.9393414211438474	-0.01386481802426342	AD	ENSG00000198961	0.0914830403565239	-0.3417186902491096	FALSE	22	PJA2	PJA2
ENSG00000068615	724	581	143	1.9049298106416852	0.993191384005942	0.9795741520178262	0.01361723198811593	AD	ENSG00000068615	0.09098786828422877	-0.22992951720055463	FALSE	22	REEP1	REEP1
ENSG00000181789	537	522	15	0.17252901366718637	0.9532062391681108	0.9668234711562268	-0.01361723198811593	AD	ENSG00000181789	0.09098786828422877	-0.20876497670571048	FALSE	22	COPG1	COPG1
ENSG00000198836	343	337	6	0.05071958262991694	0.894528348601139	0.9081455805892548	-0.01361723198811581	AD	ENSG00000198836	0.09061648923000742	-0.23782797573100645	FALSE	22	OPA1	OPA1
ENSG00000151948	656	682	-26	-0.38238061661370776	0.9810596682347116	0.9945531072047537	-0.01349343897004207	Control	ENSG00000151948	0.09024511017578608	-0.19645469577840655	FALSE	22	GLT1D1	GLT1D1
ENSG00000131089	532	517	15	0.17252901366718637	0.9518445159692992	0.9653379549393414	-0.01349343897004207	AD	ENSG00000131089	0.09024511017578608	-0.21648112440068343	FALSE	22	ARHGEF9	ARHGEF9
ENSG00000157219	553	550	3	0.01011643895082711	0.9597672691260212	0.9731369150779896	-0.01336964595196832	AD	ENSG00000157219	0.08974993810349097	-0.41157563170571976	FALSE	22	HTR5A	HTR5A
ENSG00000136280	16	27	-11	-0.1793648982182587	0.5049517207229512	0.5183213666749196	-0.01336964595196832	Control	ENSG00000136280	0.08974993810349097	-0.04784018842640769	FALSE	22	CCM2	CCM2
ENSG00000072201	505	494	11	0.11839148876173328	0.9465214161921268	0.9597672691260212	-0.01324585293389446	AD	ENSG00000072201	0.08937855904926963	-0.15642019287198927	FALSE	22	LNX1	LNX1
ENSG00000168824	739	594	145	1.931998573094412	0.995543451349344	0.98242139143352325	0.01312205991582071	AD	ENSG00000168824	0.08900717999504829	-0.3913448771813002	FALSE	22	NSG1	NSG1
ENSG00000277531	589	484	105	1.3906233240398809	0.9702896756622926	0.957167615746472	0.01312205991582071	AD	ENSG00000277531	0.08900717999504829	-0.2824887492411321	FALSE	22	PNMA8C	PNMA8C
ENSG00000172500	86	88	-2	-0.057555467180989237	0.7261698440207972	0.713295370141124	0.01287447387967322	Control	ENSG00000172500	0.08863580094082693	-0.17308602480879465	FALSE	22	FIBP	FIBP
ENSG00000171224	485	393	92	1.2146763680971584	0.9392176281257736	0.9264669472641744	0.01275068086159936	AD	ENSG00000171224	0.08838821490467938	-0.2700008987303928	FALSE	22	FAM241B	FAM241B
ENSG00000107295	699	557	142	1.891395429415322	0.9878682842287696	0.975241396385244	0.01262688784352561	AD	ENSG00000107295	0.0876454567962367	-0.3137499678805522	FALSE	22	SH3GL2	SH3GL2
ENSG00000165943	590	598	-8	-0.1387617545391689	0.9707848477345876	0.9834117355781132	-0.01262688784352561	Control	ENSG00000165943	0.0876454567962367	-0.3046003623712128	FALSE	22	MOAP1	MOAP1
ENSG00000104381	573	463	110	1.4582952301716972	0.965090368903194	0.9524634810596684	0.01262688784352561	AD	ENSG00000104381	0.0876454567962367	-0.30222710688826204	FALSE	22	GDAP1	GDAP1
ENSG00000176788	403	330	73	0.9575231247962562	0.9170586778905668	0.9044317900470412	0.01262688784352561	AD	ENSG00000176788	0.0876454567962367	-0.2650930343230389	FALSE	22	BASP1	BASP1
ENSG00000135750	231	203	28	0.3484759696099089	0.8430304530824462	0.8304035652389206	0.01262688784352561	AD	ENSG00000135750	0.0876454567962367	-0.18282965333610868	FALSE	22	KCNK1	KCNK1
ENSG00000132872	726	590	136	1.8101891420571423	0.9941817281505324	0.9816786333250804	0.01250309482545186	AD	ENSG00000132872	0.08677890566972023	-0.3247188246757755	FALSE	22	SYT4	SYT4
ENSG00000157087	312	267	45	0.5785604504580846	0.8838821490467937	0.8713790542213419	0.01250309482545186	AD	ENSG00000157087	0.08677890566972023	-0.2103710089770097	FALSE	22	ATP2B2	ATP2B2
ENSG00000165061	156	138	18	0.2131321573462762	0.7904184204010893	0.7779153255756376	0.01250309482545175	AD	ENSG00000165061	0.08640752661549889	-0.16641604310363078	FALSE	22	ZMAT4	ZMAT4
ENSG00000154917	632	650	-18	-0.2741055668028016	0.977964842782867	0.9903441445902452	-0.01237930180737811	Control	ENSG00000154917	0.08591235454320377	-0.17250255272473858	FALSE	22	RAB6B	RAB6B
ENSG00000124782	17	28	-11	-0.1793648982182587	0.5127506808615994	0.5251299826689775	-0.01237930180737811	Control	ENSG00000124782	0.08591235454320377	0.15287085789812238	FALSE	22	RREB1	RREB1
ENSG00000100997	24	36	-12	-0.192899279444622	0.5630106461995543	0.5753899480069324	-0.01237930180737811	Control	ENSG00000100997	0.08591235454320377	-0.11643377848798409	FALSE	22	ABHD12	ABHD12
ENSG00000116478	173	157	16	0.18606339489354964	0.8035404803169102	0.7912849715276058	0.01225550878930437	AD	ENSG00000116478	0.08541718247090864	0.145023307678656	FALSE	22	HDAC1	HDAC1
ENSG00000161203	230	202	28	0.3484759696099089	0.8417925229017084	0.8295370141124041	0.01225550878930425	AD	ENSG00000161203	0.08516959643476107	-0.1724854051367739	FALSE	22	AP2M1	AP2M1
ENSG00000171132	510	495	15	0.17252901366718637	0.948006932409012	0.9601386481802426	-0.01213171577123051	AD	ENSG00000171132	0.08467442436246596	-0.19737680945505431	FALSE	22	PRKCE	PRKCE
ENSG00000182400	350	338	12	0.13192586998809655	0.8968804159445407	0.9090121317157712	-0.01213171577123051	AD	ENSG00000182400	0.08467442436246596	-0.1724911561667728	FALSE	22	TRAPPC6B	TRAPPC6B
ENSG00000126945	55	72	-17	-0.2605711855764383	0.6744243624659569	0.6865560782371875	-0.01213171577123051	Control	ENSG00000126945	0.08467442436246596	-0.16793064509950462	FALSE	22	HNRNPH2	HNRNPH2
ENSG00000159658	134	124	10	0.10485710753537002	0.7761822233226046	0.7641743005694479	0.01200792275315665	AD	ENSG00000159658	0.08405545927209705	0.09897703066396168	FALSE	22	EFCAB14	EFCAB14
ENSG00000135596	23	35	-12	-0.192899279444622	0.5565734092597178	0.5685813320128744	-0.01200792275315665	Control	ENSG00000135596	0.08405545927209705	0.01352197006788635	FALSE	22	MICAL1	MICAL1
ENSG00000040341	546	532	14	0.1589946324408231	0.956548650656103	0.968432780391186	-0.01188412973508301	AD	ENSG00000040341	0.08368408021787571	-0.20865941419479483	FALSE	22	STAU2	STAU2
ENSG00000158445	319	275	44	0.5650260692317213	0.8868531814805645	0.8750928447635553	0.01176033671700915	AD	ENSG00000158445	0.0830651151275068	-0.11346178577350764	FALSE	22	KCNB1	KCNB1
ENSG00000103449	25	37	-12	-0.192899279444622	0.5692002971032434	0.5809606338202525	-0.01176033671700915	Control	ENSG00000103449	0.0830651151275068	0.15371007751557464	FALSE	22	SALL1	SALL1
ENSG00000167515	7	14	-7	-0.12522737331280562	0.3815300817033919	0.3932904184204011	-0.01176033671700915	Control	ENSG00000167515	0.0830651151275068	-0.07593157141160312	FALSE	22	TRAPPC2L	TRAPPC2L
ENSG00000160445	7	14	-7	-0.12522737331280562	0.3815300817033919	0.3932904184204011	-0.01176033671700915	Control	ENSG00000160445	0.0830651151275068	-0.04971351088802045	FALSE	22	ZER1	ZER1
ENSG00000105696	481	394	87	1.147004461965342	0.9385986630354048	0.9270859123545432	0.011512750680861659	AD	ENSG00000105696	0.0824461500371379	-0.2523865264985634	FALSE	22	TMEM59L	TMEM59L
ENSG00000179091	50	57	-7	-0.12522737331280562	0.6622926466947264	0.6509036890319386	0.0113889576627878	Control	ENSG00000179091	0.08219856400099035	-0.14120232920536857	FALSE	22	CYC1	CYC1
ENSG00000175497	376	357	19	0.22666653857263944	0.9064124783362218	0.917677642980936	-0.01126516464471405	AD	ENSG00000175497	0.08195097796484278	-0.14565030140435375	FALSE	22	DPP10	DPP10
ENSG00000111669	32	40	-8	-0.1387617545391689	0.6033671700916068	0.5921020054468928	0.01126516464471394	Control	ENSG00000111669	0.08170339192869522	-0.20124529353708456	FALSE	22	TPI1	TPI1
ENSG00000198216	240	249	-9	-0.15229613576553216	0.8489725179499876	0.8601138895766279	-0.0111413716266403	Control	ENSG00000198216	0.08133201287447388	-0.13650024827824048	FALSE	22	CACNA1E	CACNA1E
ENSG00000126947	123	136	-13	-0.2064336606709853	0.7655360237682595	0.7766773953948998	-0.0111413716266403	Control	ENSG00000126947	0.08133201287447388	-0.1331263797421265	FALSE	22	ARMCX1	ARMCX1
ENSG00000119711	12	20	-8	-0.1387617545391689	0.46595692002971034	0.4548155484030701	0.01114137162664025	Control	ENSG00000119711	0.08096063382025254	-0.09102801059704824	FALSE	22	ALDH6A1	ALDH6A1
ENSG00000117118	125	117	8	0.07778834508264348	0.7672691260212924	0.7561277543946522	0.01114137162664019	AD	ENSG00000117118	0.08071304778410497	-0.18600265726098544	FALSE	22	SDHB	SDHB
ENSG00000113966	517	422	95	1.255279511776248	0.9494924486258975	0.938474870017331	0.01101757860856655	AD	ENSG00000113966	0.08034166872988363	-0.15923408959399943	FALSE	22	ARL6	ARL6
ENSG00000143158	221	231	-10	-0.16583051699189544	0.8365932161426095	0.8476107947511761	-0.01101757860856655	Control	ENSG00000143158	0.08034166872988363	-0.25687218438300796	FALSE	22	MPC2	MPC2
ENSG00000091972	725	595	130	1.7289828546989627	0.9936865560782372	0.9826689774696707	0.01101757860856644	AD	ENSG00000091972	0.07997028967566229	-0.3988988294265283	FALSE	22	CD200	CD200
ENSG00000165868	590	590	0	-0.03048670472826269	0.9707848477345876	0.9816786333250804	-0.0108937855904927	Control	ENSG00000165868	0.07959891062144095	-0.13394509626780504	FALSE	22	HSPA12A	HSPA12A
ENSG00000184792	23	31	-8	-0.1387617545391689	0.5565734092597178	0.5456796236692251	0.0108937855904927	Control	ENSG00000184792	0.07959891062144095	-0.06475788305835195	FALSE	22	OSBP2	OSBP2
ENSG00000119125	656	535	121	1.6071734236616932	0.9810596682347116	0.9702896756622926	0.01076999257241895	AD	ENSG00000119125	0.0786085664768507	-0.3657383980823212	FALSE	22	GDA	GDA
ENSG00000164112	466	383	83	1.092866937059889	0.9353800445654864	0.9246100519930676	0.01076999257241895	AD	ENSG00000164112	0.0786085664768507	-0.21639569917772403	FALSE	22	SMIM43	SMIM43
ENSG00000162105	139	127	12	0.13192586998809655	0.7792770487744491	0.7685070562020302	0.01076999257241895	AD	ENSG00000162105	0.0786085664768507	-0.18378211600805905	FALSE	22	SHANK2	SHANK2
ENSG00000162694	294	258	36	0.45675101942081514	0.8763307749442931	0.8655607823718742	0.01076999257241895	AD	ENSG00000162694	0.0786085664768507	-0.17655941792376062	FALSE	22	EXTL2	EXTL2
ENSG00000153443	21	29	-8	-0.1387617545391689	0.5432037633077494	0.5324337707353305	0.01076999257241895	Control	ENSG00000153443	0.0786085664768507	0.01622956320785107	FALSE	22	UBALD1	UBALD1
ENSG00000211947	21	29	-8	-0.1387617545391689	0.5432037633077494	0.5324337707353305	0.01076999257241895	Control	ENSG00000211947	0.0786085664768507	-0.00640837849052688	FALSE	22	IGHV3-21	IGHV3-21
ENSG00000006116	304	266	38	0.4838197818735417	0.8811587026491706	0.8705125030948254	0.0106461995543452	AD	ENSG00000006116	0.07774201535033425	-0.32671069284665144	FALSE	22	CACNG3	CACNG3
ENSG00000164332	140	156	-16	-0.24703680435007505	0.7800198068828919	0.7905422134191632	-0.01052240653627134	Control	ENSG00000164332	0.0773706362961129	-0.17554633095267214	FALSE	22	UBLCP1	UBLCP1
ENSG00000122824	283	286	-3	-0.07108984840735251	0.8708838821490468	0.8814062886853181	-0.01052240653627134	Control	ENSG00000122824	0.0773706362961129	-0.22256484179213487	FALSE	22	NUDT10	NUDT10
ENSG00000198825	777	620	157	2.094411147810771	0.997771725674672	0.9873731121564744	0.01039861351819759	AD	ENSG00000198825	0.07613270611537509	-0.2564693940837124	FALSE	22	INPP5F	INPP5F
ENSG00000178974	565	552	13	0.14546025121445982	0.9636048526863084	0.974003466204506	-0.01039861351819759	AD	ENSG00000178974	0.07613270611537509	-0.18340662465281632	FALSE	22	FBXO34	FBXO34
ENSG00000135519	113	109	4	0.02365082017719039	0.7546422381777668	0.7442436246595692	0.01039861351819759	AD	ENSG00000135519	0.07613270611537509	-0.15501371518354645	FALSE	22	KCNH3	KCNH3
ENSG00000065548	6	12	-6	-0.11169299208644234	0.35528596187175043	0.365684575389948	-0.01039861351819759	Control	ENSG00000065548	0.07613270611537509	-0.10502764035218703	FALSE	22	ZC3H15	ZC3H15
ENSG00000185324	6	12	-6	-0.11169299208644234	0.35528596187175043	0.365684575389948	-0.01039861351819759	Control	ENSG00000185324	0.07613270611537509	0.07192136213948963	FALSE	22	CDK10	CDK10
ENSG00000178982	6	12	-6	-0.11169299208644234	0.35528596187175043	0.365684575389948	-0.01039861351819759	Control	ENSG00000178982	0.07613270611537509	-0.09420196234790625	FALSE	22	EIF3K	EIF3K
ENSG00000013619	6	12	-6	-0.11169299208644234	0.35528596187175043	0.365684575389948	-0.01039861351819759	Control	ENSG00000013619	0.07613270611537509	-0.0322478791629095	FALSE	22	MAMLD1	MAMLD1
ENSG00000067840	6	12	-6	-0.11169299208644234	0.35528596187175043	0.365684575389948	-0.01039861351819759	Control	ENSG00000067840	0.07613270611537509	-0.11502763201179356	FALSE	22	PDZD4	PDZD4
ENSG00000112787	10	17	-7	-0.12522737331280562	0.437360732854667	0.42696211933646944	0.01039861351819754	Control	ENSG00000112787	0.07489477593463728	0.00953187960896073	FALSE	22	FBRSL1	FBRSL1
ENSG00000156482	10	17	-7	-0.12522737331280562	0.437360732854667	0.42696211933646944	0.01039861351819754	Control	ENSG00000156482	0.07489477593463728	0.04910119412670077	FALSE	22	RPL30	RPL30
ENSG00000104093	515	493	22	0.26726968225172926	0.9489972765536024	0.9592720970537262	-0.01027482050012384	AD	ENSG00000104093	0.07439960386234216	-0.27538581927367467	FALSE	22	DMXL2	DMXL2
ENSG00000118402	509	418	91	1.201141986870795	0.9473879673186432	0.9371131468185194	0.01027482050012384	AD	ENSG00000118402	0.07439960386234216	-0.19655668837558693	FALSE	22	ELOVL4	ELOVL4
ENSG00000143337	12	22	-10	-0.16583051699189544	0.46595692002971034	0.47623174052983414	-0.01027482050012379	Control	ENSG00000143337	0.07402822480812082	0.07289838127925385	FALSE	22	TOR1AIP1	TOR1AIP1
ENSG00000104490	618	514	104	1.3770889428135176	0.975241396385244	0.965090368903194	0.01015102748204999	AD	ENSG00000104490	0.07365684575389948	-0.40827595691266616	FALSE	22	NCALD	NCALD
ENSG00000137076	74	93	-19	-0.28763994802916487	0.7106957167615746	0.7208467442436246	-0.01015102748204999	Control	ENSG00000137076	0.07365684575389948	0.170808544373104	FALSE	22	TLN1	TLN1
ENSG00000069329	333	285	48	0.6191635941371744	0.8908145580589255	0.8807873235949493	0.01002723446397624	AD	ENSG00000069329	0.07279029462738301	-0.2043501983148257	FALSE	22	VPS35	VPS35
ENSG00000067606	231	237	-6	-0.11169299208644234	0.8430304530824462	0.8530576875464224	-0.01002723446397624	Control	ENSG00000067606	0.07279029462738301	-0.10551112008417007	FALSE	22	PRKCZ	PRKCZ
ENSG00000215580	13	23	-10	-0.16583051699189544	0.47660311958405543	0.4866303540480317	-0.01002723446397624	Control	ENSG00000215580	0.07279029462738301	-0.01916521655004133	FALSE	22	BCORP1	BCORP1
ENSG00000163428	5	10	-5	-0.09815861086007906	0.3247090864075266	0.33473632087150285	-0.01002723446397624	Control	ENSG00000163428	0.07279029462738301	0.08681348034948932	FALSE	22	LRRC58	LRRC58
ENSG00000145247	5	10	-5	-0.09815861086007906	0.3247090864075266	0.33473632087150285	-0.01002723446397624	Control	ENSG00000145247	0.07279029462738301	-0.1700267989705786	FALSE	22	OCIAD2	OCIAD2
ENSG00000149269	742	612	130	1.7289828546989627	0.9957910373854916	0.985887595939589	0.00990344144590249	AD	ENSG00000149269	0.07204753651894033	-0.4085035197151736	FALSE	22	PAK1	PAK1
ENSG00000196937	593	504	89	1.1740732244180685	0.9720227779153257	0.9621193364694232	0.00990344144590238	AD	ENSG00000196937	0.07155236444664521	-0.23486318902407	FALSE	22	FAM3C	FAM3C
ENSG00000134265	552	533	19	0.22666653857263944	0.9591483040356524	0.9690517454815548	-0.00990344144590238	AD	ENSG00000134265	0.07155236444664521	-0.17790143139011327	FALSE	22	NAPG	NAPG
ENSG00000134504	192	199	-7	-0.12522737331280562	0.8165387472146571	0.8264421886605595	-0.00990344144590238	Control	ENSG00000134504	0.07155236444664521	-0.1374354132662425	FALSE	22	KCTD1	KCTD1
ENSG00000147416	725	600	125	1.6613109485671465	0.9936865560782372	0.9839069076504086	0.00977964842782863	AD	ENSG00000147416	0.0703144342659074	-0.2850282074852455	FALSE	22	ATP6V1B2	ATP6V1B2
ENSG00000156687	433	420	13	0.14546025121445982	0.927828670462986	0.9376083188908144	-0.00977964842782863	AD	ENSG00000156687	0.0703144342659074	-0.22699460176889552	FALSE	22	UNC5D	UNC5D
ENSG00000165973	461	381	80	1.052263793380799	0.9337707353305272	0.9239910869026988	0.00977964842782863	AD	ENSG00000165973	0.0703144342659074	-0.3834721388096298	FALSE	22	NELL1	NELL1
ENSG00000138095	254	229	25	0.3078728259308191	0.8562763060163406	0.846496657588512	0.00977964842782863	AD	ENSG00000138095	0.0703144342659074	-0.214103666887814	FALSE	22	LRPPRC	LRPPRC
ENSG00000156475	164	149	15	0.17252901366718637	0.7967318643228521	0.7869522158950235	0.00977964842782863	AD	ENSG00000156475	0.0703144342659074	-0.1338228045009444	FALSE	22	PPP2R2B	PPP2R2B
ENSG00000117155	110	122	-12	-0.192899279444622	0.7519187917801436	0.7616984402079723	-0.00977964842782863	Control	ENSG00000117155	0.0703144342659074	-0.09564321648153928	FALSE	22	SSX2IP	SSX2IP
ENSG00000102125	14	22	-8	-0.1387617545391689	0.4860113889576628	0.47623174052983414	0.00977964842782863	Control	ENSG00000102125	0.0703144342659074	0.14471391881499684	FALSE	22	TAFAZZIN	TAFAZZIN
ENSG00000232040	82	88	-6	-0.11169299208644234	0.722951225550879	0.713295370141124	0.00965585540975499	Control	ENSG00000232040	0.06932409012131716	-0.16219277312987046	FALSE	22	SCAND3	SCAND3
ENSG00000139182	683	687	-4	-0.08462422963371578	0.9861351819757366	0.9957910373854916	-0.00965585540975488	Control	ENSG00000139182	0.06882891804902204	-0.30965399025895657	FALSE	22	CLSTN3	CLSTN3
ENSG00000169139	345	293	52	0.6733011190426275	0.8951473136915078	0.8854914582817529	0.00965585540975488	AD	ENSG00000169139	0.06882891804902204	-0.2156524777838413	FALSE	22	UBE2V2	UBE2V2
ENSG00000161057	101	101	0	-0.03048670472826269	0.7423867293884625	0.7327308739787076	0.00965585540975488	Control	ENSG00000161057	0.06882891804902204	-0.09435543276644688	FALSE	22	PSMC2	PSMC2
ENSG00000184613	736	612	124	1.6477765673407831	0.9952958653131964	0.985887595939589	0.00940826937360739	AD	ENSG00000184613	0.06833374597672691	-0.3018665087875121	FALSE	22	NELL2	NELL2
ENSG00000164924	642	534	108	1.4312264677189708	0.9792027729636048	0.9697945035899976	0.00940826937360728	AD	ENSG00000164924	0.06796236692250557	-0.31657291154051315	FALSE	22	YWHAZ	YWHAZ
ENSG00000165985	214	194	20	0.2402009197990027	0.832384253528101	0.8229759841544937	0.00940826937360728	AD	ENSG00000165985	0.06796236692250557	-0.4148116310998846	FALSE	22	C1QL3	C1QL3
ENSG00000004059	492	458	34	0.42968225696808854	0.9414459024511016	0.9507303788066354	-0.00928447635553364	AD	ENSG00000004059	0.06759098786828423	-0.25928459933402515	FALSE	22	ARF5	ARF5
ENSG00000120265	700	719	-19	-0.28763994802916487	0.9882396632829908	0.9975241396385244	-0.00928447635553353	Control	ENSG00000120265	0.06684822975984155	-0.27087855622142953	FALSE	22	PCMT1	PCMT1
ENSG00000146267	671	671	0	-0.03048670472826269	0.9837831146323348	0.9930675909878682	-0.00928447635553353	Control	ENSG00000146267	0.06684822975984155	-0.2113053423785196	FALSE	22	FAXC	FAXC
ENSG00000101210	540	509	31	0.38907911328899875	0.9540727902946274	0.963357266650161	-0.00928447635553353	AD	ENSG00000101210	0.06684822975984155	-0.2922541997687915	FALSE	22	EEF1A2	EEF1A2
ENSG00000092096	568	472	96	1.2688138930026114	0.9641000247586036	0.95481554840307	0.00928447635553353	AD	ENSG00000092096	0.06684822975984155	-0.24766071022017577	FALSE	22	SLC22A17	SLC22A17
ENSG00000089199	541	443	98	1.295882655455338	0.95481554840307	0.9455310720475364	0.00928447635553353	AD	ENSG00000089199	0.06684822975984155	-0.4586288304309516	FALSE	22	CHGB	CHGB
ENSG00000084444	679	681	-2	-0.057555467180989237	0.9848972517949988	0.9940579351324584	-0.00916068333745978	Control	ENSG00000084444	0.06598167863332507	-0.22428021956869593	FALSE	22	FAM234B	FAM234B
ENSG00000154146	53	69	-16	-0.24703680435007505	0.6692250557068581	0.6783857390443179	-0.00916068333745978	Control	ENSG00000154146	0.06598167863332507	-0.3236809424029996	FALSE	22	NRGN	NRGN
ENSG00000065154	456	379	77	1.011660649701709	0.9326565981678632	0.9234959148304036	0.00916068333745967	AD	ENSG00000065154	0.06561029957910373	-0.23349508826924037	FALSE	22	OAT	OAT
ENSG00000165152	459	433	26	0.32140720715718235	0.933399356276306	0.942436246595692	-0.00903689031938603	AD	ENSG00000165152	0.0652389205248824	-0.22314187447649303	FALSE	22	PGAP4	PGAP4
ENSG00000144959	478	399	79	1.038729412154436	0.937855904926962	0.928819014607576	0.00903689031938603	AD	ENSG00000144959	0.0652389205248824	-0.2100173859587926	FALSE	22	NCEH1	NCEH1
ENSG00000111647	66	83	-17	-0.2605711855764383	0.6973260708096063	0.7062391681109186	-0.00891309730131229	Control	ENSG00000111647	0.06486754147066105	-0.1301515836006626	FALSE	22	BLTP3B	BLTP3B
ENSG00000170653	8	14	-6	-0.11169299208644234	0.4022035157217133	0.3932904184204011	0.00891309730131223	Control	ENSG00000170653	0.06449616241643971	0.11151364160945398	FALSE	22	ATF7	ATF7
ENSG00000151366	8	14	-6	-0.11169299208644234	0.4022035157217133	0.3932904184204011	0.00891309730131223	Control	ENSG00000151366	0.06449616241643971	-0.16472637225972342	FALSE	22	NDUFC2	NDUFC2
ENSG00000145242	403	337	66	0.8627824562117133	0.9170586778905668	0.9081455805892548	0.00891309730131217	AD	ENSG00000145242	0.06412478336221837	-0.29495547159763014	FALSE	22	EPHA5	EPHA5
ENSG00000113732	10	19	-9	-0.15229613576553216	0.437360732854667	0.4461500371379054	-0.00878930428323843	Control	ENSG00000113732	0.0638771973260708	0.1180797484350986	FALSE	22	ATP6V0E1	ATP6V0E1
ENSG00000112972	2	4	-2	-0.057555467180989237	0.18209952958653133	0.19076504085169596	-0.00866551126516462	Control	ENSG00000112972	0.05979202772963605	-0.3914986380768273	FALSE	22	HMGCS1	HMGCS1
ENSG00000176340	2	4	-2	-0.057555467180989237	0.18209952958653133	0.19076504085169596	-0.00866551126516462	Control	ENSG00000176340	0.05979202772963605	-0.08775557978817261	FALSE	22	COX8A	COX8A
ENSG00000235194	2	4	-2	-0.057555467180989237	0.18209952958653133	0.19076504085169596	-0.00866551126516462	Control	ENSG00000235194	0.05979202772963605	-0.01563887150235388	FALSE	22	PPP1R3E	PPP1R3E
ENSG00000118200	2	4	-2	-0.057555467180989237	0.18209952958653133	0.19076504085169596	-0.00866551126516462	Control	ENSG00000118200	0.05979202772963605	-0.02399298324845489	FALSE	22	CAMSAP2	CAMSAP2
ENSG00000176444	2	4	-2	-0.057555467180989237	0.18209952958653133	0.19076504085169596	-0.00866551126516462	Control	ENSG00000176444	0.05979202772963605	0.0535139368780424	FALSE	22	CLK2	CLK2
ENSG00000225630	2	4	-2	-0.057555467180989237	0.18209952958653133	0.19076504085169596	-0.00866551126516462	Control	ENSG00000225630	0.05979202772963605	0.23327227863363653	FALSE	22	MTND2P28	MTND2P28
ENSG00000161267	2	4	-2	-0.057555467180989237	0.18209952958653133	0.19076504085169596	-0.00866551126516462	Control	ENSG00000161267	0.05979202772963605	-0.1808032188557327	FALSE	22	BDH1	BDH1
ENSG00000253636	2	4	-2	-0.057555467180989237	0.18209952958653133	0.19076504085169596	-0.00866551126516462	Control	ENSG00000253636	0.05979202772963605	0.1004351395832277	FALSE	22	NA	ENSG00000253636
ENSG00000180537	2	4	-2	-0.057555467180989237	0.18209952958653133	0.19076504085169596	-0.00866551126516462	Control	ENSG00000180537	0.05979202772963605	0.17346673405640267	FALSE	22	RNF182	RNF182
ENSG00000158773	2	4	-2	-0.057555467180989237	0.18209952958653133	0.19076504085169596	-0.00866551126516462	Control	ENSG00000158773	0.05979202772963605	-0.00915562471955944	FALSE	22	USF1	USF1
ENSG00000116005	2	4	-2	-0.057555467180989237	0.18209952958653133	0.19076504085169596	-0.00866551126516462	Control	ENSG00000116005	0.05979202772963605	-0.11074742382366588	FALSE	22	PCYOX1	PCYOX1
ENSG00000188747	2	4	-2	-0.057555467180989237	0.18209952958653133	0.19076504085169596	-0.00866551126516462	Control	ENSG00000188747	0.05979202772963605	-0.19733553178199512	FALSE	22	NOXA1	NOXA1
ENSG00000164904	2	4	-2	-0.057555467180989237	0.18209952958653133	0.19076504085169596	-0.00866551126516462	Control	ENSG00000164904	0.05979202772963605	-0.00864734745277928	FALSE	22	ALDH7A1	ALDH7A1
ENSG00000102755	2	4	-2	-0.057555467180989237	0.18209952958653133	0.19076504085169596	-0.00866551126516462	Control	ENSG00000102755	0.05979202772963605	0.07489037532460152	FALSE	22	FLT1	FLT1
ENSG00000188643	2	4	-2	-0.057555467180989237	0.18209952958653133	0.19076504085169596	-0.00866551126516462	Control	ENSG00000188643	0.05979202772963605	0.00279657590274062	FALSE	22	S100A16	S100A16
ENSG00000154319	2	4	-2	-0.057555467180989237	0.18209952958653133	0.19076504085169596	-0.00866551126516462	Control	ENSG00000154319	0.05979202772963605	0.0797617233256176	FALSE	22	FAM167A	FAM167A
ENSG00000112146	2	4	-2	-0.057555467180989237	0.18209952958653133	0.19076504085169596	-0.00866551126516462	Control	ENSG00000112146	0.05979202772963605	-0.137368753974334	FALSE	22	FBXO9	FBXO9
ENSG00000170835	2	4	-2	-0.057555467180989237	0.18209952958653133	0.19076504085169596	-0.00866551126516462	Control	ENSG00000170835	0.05979202772963605	0.21544621204107273	FALSE	22	CEL	CEL
ENSG00000160049	2	4	-2	-0.057555467180989237	0.18209952958653133	0.19076504085169596	-0.00866551126516462	Control	ENSG00000160049	0.05979202772963605	0.05060967509801983	FALSE	22	DFFA	DFFA
ENSG00000176485	2	4	-2	-0.057555467180989237	0.18209952958653133	0.19076504085169596	-0.00866551126516462	Control	ENSG00000176485	0.05979202772963605	0.10719380778473742	FALSE	22	PLAAT3	PLAAT3
ENSG00000164258	2	4	-2	-0.057555467180989237	0.18209952958653133	0.19076504085169596	-0.00866551126516462	Control	ENSG00000164258	0.05979202772963605	-0.1071404412112571	FALSE	22	NDUFS4	NDUFS4
ENSG00000171421	2	4	-2	-0.057555467180989237	0.18209952958653133	0.19076504085169596	-0.00866551126516462	Control	ENSG00000171421	0.05979202772963605	-0.1402869930270203	FALSE	22	MRPL36	MRPL36
ENSG00000158805	2	4	-2	-0.057555467180989237	0.18209952958653133	0.19076504085169596	-0.00866551126516462	Control	ENSG00000158805	0.05979202772963605	0.06684022367679177	FALSE	22	ZNF276	ZNF276
ENSG00000109911	2	4	-2	-0.057555467180989237	0.18209952958653133	0.19076504085169596	-0.00866551126516462	Control	ENSG00000109911	0.05979202772963605	0.02446809452242959	FALSE	22	ELP4	ELP4
ENSG00000196295	2	4	-2	-0.057555467180989237	0.18209952958653133	0.19076504085169596	-0.00866551126516462	Control	ENSG00000196295	0.05979202772963605	0.01943488781941838	FALSE	22	GARS1-DT	GARS1-DT
ENSG00000180008	2	4	-2	-0.057555467180989237	0.18209952958653133	0.19076504085169596	-0.00866551126516462	Control	ENSG00000180008	0.05979202772963605	0.2105297539739066	FALSE	22	SOCS4	SOCS4
ENSG00000092010	2	4	-2	-0.057555467180989237	0.18209952958653133	0.19076504085169596	-0.00866551126516462	Control	ENSG00000092010	0.05979202772963605	-0.04043404284579566	FALSE	22	PSME1	PSME1
ENSG00000172752	2	4	-2	-0.057555467180989237	0.18209952958653133	0.19076504085169596	-0.00866551126516462	Control	ENSG00000172752	0.05979202772963605	-0.03669102012318781	FALSE	22	COL6A5	COL6A5
ENSG00000125676	2	4	-2	-0.057555467180989237	0.18209952958653133	0.19076504085169596	-0.00866551126516462	Control	ENSG00000125676	0.05979202772963605	0.16808202318354404	FALSE	22	THOC2	THOC2
ENSG00000101558	2	4	-2	-0.057555467180989237	0.18209952958653133	0.19076504085169596	-0.00866551126516462	Control	ENSG00000101558	0.05979202772963605	-0.08381522054579094	FALSE	22	VAPA	VAPA
ENSG00000061337	2	4	-2	-0.057555467180989237	0.18209952958653133	0.19076504085169596	-0.00866551126516462	Control	ENSG00000061337	0.05979202772963605	-0.11652767264565787	FALSE	22	LZTS1	LZTS1
ENSG00000127663	2	4	-2	-0.057555467180989237	0.18209952958653133	0.19076504085169596	-0.00866551126516462	Control	ENSG00000127663	0.05979202772963605	-0.00128959287055785	FALSE	22	KDM4B	KDM4B
ENSG00000084764	254	257	-3	-0.07108984840735251	0.8562763060163406	0.8648180242634316	-0.00854171824709093	Control	ENSG00000084764	0.055583065115127506	-0.16516355034593388	FALSE	22	MAPRE3	MAPRE3
ENSG00000273079	191	173	18	0.2131321573462762	0.8156721960881407	0.8071304778410497	0.00854171824709093	AD	ENSG00000273079	0.055583065115127506	-0.1629711215440537	FALSE	22	GRIN2B	GRIN2B
ENSG00000164181	5	9	-4	-0.08462422963371578	0.3247090864075266	0.3161673681604357	0.00854171824709088	Control	ENSG00000164181	0.054840307006684824	0.03822570721360563	FALSE	22	ELOVL7	ELOVL7
ENSG00000100883	5	9	-4	-0.08462422963371578	0.3247090864075266	0.3161673681604357	0.00854171824709088	Control	ENSG00000100883	0.054840307006684824	-0.1684590107910111	FALSE	22	SRP54	SRP54
ENSG00000135473	5	9	-4	-0.08462422963371578	0.3247090864075266	0.3161673681604357	0.00854171824709088	Control	ENSG00000135473	0.054840307006684824	0.1097235620478898	FALSE	22	PAN2	PAN2
ENSG00000213930	5	9	-4	-0.08462422963371578	0.3247090864075266	0.3161673681604357	0.00854171824709088	Control	ENSG00000213930	0.054840307006684824	0.01676202708262586	FALSE	22	GALT	GALT
ENSG00000177432	678	561	117	1.5530358987562405	0.9846496657588512	0.9761079475117604	0.00854171824709082	AD	ENSG00000177432	0.054097548898242136	-0.4492765834612076	FALSE	22	NAP1L5	NAP1L5
ENSG00000166780	366	307	59	0.7680417876271703	0.9007179995048279	0.8921762812577371	0.00854171824709082	AD	ENSG00000166780	0.054097548898242136	-0.17576113190614073	FALSE	22	BMERB1	BMERB1
ENSG00000260804	193	198	-5	-0.09815861086007906	0.8174052983411736	0.8255756375340431	-0.00817033919286946	Control	ENSG00000260804	0.053726169844020795	-0.1394914138200818	FALSE	22	LINC01963	LINC01963
ENSG00000058335	480	445	35	0.44321663819445184	0.9381034909631096	0.9461500371379056	-0.00804654617479583	AD	ENSG00000058335	0.053354790789799454	-0.2992206450657555	FALSE	22	RASGRF1	RASGRF1
ENSG00000104142	48	63	-15	-0.23350242312371175	0.6574647189898489	0.6655112651646448	-0.00804654617479583	Control	ENSG00000104142	0.053354790789799454	-0.08845206774406478	FALSE	22	VPS18	VPS18
ENSG00000197043	554	532	22	0.26726968225172926	0.9603862342163902	0.968432780391186	-0.00804654617479572	AD	ENSG00000197043	0.05285961871750433	-0.23109040766699177	FALSE	22	ANXA6	ANXA6
ENSG00000067191	295	263	32	0.402613494515362	0.8768259470165882	0.8687794008417925	0.00804654617479572	AD	ENSG00000067191	0.05285961871750433	-0.15385098759167803	FALSE	22	CACNB1	CACNB1
ENSG00000085433	707	711	-4	-0.08462422963371578	0.9891062144095072	0.9970289675662292	-0.00792275315672197	Control	ENSG00000085433	0.05211686060906165	-0.2543157016380313	FALSE	22	WDR47	WDR47
ENSG00000156642	639	539	100	1.3229514179080646	0.9788313939093836	0.9709086407526616	0.00792275315672197	AD	ENSG00000156642	0.05211686060906165	-0.23400175855140937	FALSE	22	NPTN	NPTN
ENSG00000177181	174	178	-4	-0.08462422963371578	0.8040356523892053	0.8119584055459272	-0.00792275315672197	Control	ENSG00000177181	0.05211686060906165	-0.1114980392257614	FALSE	22	RIMKLA	RIMKLA
ENSG00000116030	88	93	-5	-0.09815861086007906	0.7287694974003466	0.7208467442436246	0.00792275315672197	Control	ENSG00000116030	0.05211686060906165	-0.08987565314973978	FALSE	22	SUMO1	SUMO1
ENSG00000187189	583	496	87	1.147004461965342	0.968308987373112	0.960510027234464	0.00779896013864811	AD	ENSG00000187189	0.05149789551869274	-0.24059472269166093	FALSE	22	TSPYL4	TSPYL4
ENSG00000072041	327	315	12	0.13192586998809655	0.8890814558058926	0.896756622926467	-0.00767516712057436	AD	ENSG00000072041	0.051250309482545185	-0.12545345110345707	FALSE	22	SLC6A15	SLC6A15
ENSG00000110171	227	206	21	0.253735301025366	0.8395642485763803	0.8320128744738797	0.00755137410250061	AD	ENSG00000110171	0.05100272344639762	-0.1013834973420451	FALSE	22	TRIM3	TRIM3
ENSG00000150394	385	325	60	0.7815761688535336	0.909754889824214	0.9023273087397872	0.00742758108442687	AD	ENSG00000150394	0.05038375835602872	-0.20097147717326713	FALSE	22	CDH8	CDH8
ENSG00000149582	261	262	-1	-0.04402108595462597	0.8604852686308492	0.867912849715276	-0.00742758108442687	Control	ENSG00000149582	0.05038375835602872	-0.11836578802515164	FALSE	22	TMEM25	TMEM25
ENSG00000134375	165	155	10	0.10485710753537002	0.7973508294132211	0.7899232483287942	0.00742758108442687	AD	ENSG00000134375	0.05038375835602872	-0.14948017611152586	FALSE	22	TIMM17A	TIMM17A
ENSG00000197457	36	49	-13	-0.2064336606709853	0.6192126764050507	0.6266402574894776	-0.00742758108442687	Control	ENSG00000197457	0.05038375835602872	-0.19897730114112733	FALSE	22	STMN3	STMN3
ENSG00000169116	628	602	26	0.32140720715718235	0.9770982916563504	0.9844020797227035	-0.00730378806635312	AD	ENSG00000169116	0.04964100024758604	-0.3644881590488591	FALSE	22	PARM1	PARM1
ENSG00000134108	561	472	89	1.1740732244180685	0.9621193364694232	0.95481554840307	0.00730378806635312	AD	ENSG00000134108	0.04964100024758604	-0.1961025296218484	FALSE	22	ARL8B	ARL8B
ENSG00000204071	85	91	-6	-0.11169299208644234	0.7249319138400594	0.7176281257737064	0.00730378806635301	Control	ENSG00000204071	0.04926962119336469	-0.21944748118026247	FALSE	22	TCEAL6	TCEAL6
ENSG00000019505	706	690	16	0.18606339489354964	0.9888586283733596	0.9960386234216392	-0.00717999504827937	AD	ENSG00000019505	0.049022035157217134	-0.2753071428034115	FALSE	22	SYT13	SYT13
ENSG00000134684	371	313	58	0.7545074064008072	0.9025748947759348	0.8953948997276554	0.00717999504827926	AD	ENSG00000134684	0.04865065610299579	-0.18244029802282036	FALSE	22	YARS1	YARS1
ENSG00000134250	44	53	-9	-0.15229613576553216	0.6468185194355038	0.6396385243872246	0.00717999504827926	Control	ENSG00000134250	0.04865065610299579	0.19122759917088672	FALSE	22	NOTCH2	NOTCH2
ENSG00000105329	17	25	-8	-0.1387617545391689	0.5127506808615994	0.505694478831394	0.0070562020302054	Control	ENSG00000105329	0.04827927704877445	0.24565876552358645	FALSE	22	TGFB1	TGFB1
ENSG00000172348	732	629	103	1.3635545615871545	0.9945531072047537	0.987620698192622	0.00693240901213176	AD	ENSG00000172348	0.047660311958405546	-0.339745525609942	FALSE	22	RCAN2	RCAN2
ENSG00000186212	497	416	81	1.0657981746071623	0.9433027977222084	0.9363703887100768	0.00693240901213176	AD	ENSG00000186212	0.047660311958405546	-0.548363885995423	TRUE	23	SOWAHB	SOWAHB
ENSG00000162989	144	153	-9	-0.15229613576553216	0.7820004951720723	0.788932904184204	-0.00693240901213176	Control	ENSG00000162989	0.047660311958405546	-0.12096701019636492	FALSE	23	KCNJ3	KCNJ3
ENSG00000155304	67	83	-16	-0.24703680435007505	0.6993067590987868	0.7062391681109186	-0.00693240901213176	Control	ENSG00000155304	0.047660311958405546	-0.131544665963359	FALSE	23	HSPA13	HSPA13
ENSG00000010322	16	26	-10	-0.16583051699189544	0.5049517207229512	0.5118841297350829	-0.00693240901213165	Control	ENSG00000010322	0.04704134686803664	-0.0938018796365334	FALSE	23	NISCH	NISCH
ENSG00000178828	57	67	-10	-0.16583051699189544	0.6794998762069819	0.672691260212924	0.0068086159940579	Control	ENSG00000178828	0.0466699678138153	-0.00901833531102824	FALSE	23	RNF186	RNF186
ENSG00000180543	333	316	17	0.19959777611991292	0.8908145580589255	0.8976231740529834	-0.0068086159940579	AD	ENSG00000180543	0.0466699678138153	-0.2146019385275526	FALSE	23	TSPYL5	TSPYL5
ENSG00000058091	658	632	26	0.32140720715718235	0.9814310472889328	0.9881158702649172	-0.00668482297598416	AD	ENSG00000058091	0.04629858875959396	-0.2147780276693041	FALSE	23	CDK14	CDK14
ENSG00000047597	683	581	102	1.3500201803607912	0.9861351819757366	0.9795741520178262	0.00656102995791041	AD	ENSG00000047597	0.0460510027234464	-0.3501975728497584	FALSE	23	XK	XK
ENSG00000102471	575	493	82	1.0793325558335256	0.9657093339935628	0.9592720970537262	0.00643723693983655	AD	ENSG00000102471	0.04567962366922505	-0.2293352553508683	FALSE	23	NDFIP2	NDFIP2
ENSG00000136040	239	220	19	0.22666653857263944	0.8482297598415449	0.8417925229017084	0.00643723693983655	AD	ENSG00000136040	0.04567962366922505	-0.23239882840488055	FALSE	23	PLXNC1	PLXNC1
ENSG00000174469	639	608	31	0.38907911328899875	0.9788313939093836	0.9851448378311464	-0.0063134439217628	AD	ENSG00000174469	0.045060658578856154	-0.30117710966026223	FALSE	23	CNTNAP2	CNTNAP2
ENSG00000168546	504	425	79	1.038729412154436	0.9461500371379056	0.9398365932161428	0.0063134439217628	AD	ENSG00000168546	0.045060658578856154	-0.3250984279966911	FALSE	23	GFRA2	GFRA2
ENSG00000130477	332	290	42	0.5379573067789948	0.8900717999504828	0.88375835602872	0.0063134439217628	AD	ENSG00000130477	0.045060658578856154	-0.2104064374701924	FALSE	23	UNC13A	UNC13A
ENSG00000122026	11	19	-8	-0.1387617545391689	0.45233968804159447	0.4461500371379054	0.00618965090368905	Control	ENSG00000122026	0.04407031443426591	0.07248612361763485	FALSE	23	RPL21	RPL21
ENSG00000101846	233	214	19	0.22666653857263944	0.844268383263184	0.8380787323594949	0.00618965090368905	AD	ENSG00000101846	0.04407031443426591	-0.25118288272518363	FALSE	23	STS	STS
ENSG00000146648	11	19	-8	-0.1387617545391689	0.45233968804159447	0.4461500371379054	0.00618965090368905	Control	ENSG00000146648	0.04407031443426591	0.10773338746727744	FALSE	23	EGFR	EGFR
ENSG00000183580	25	36	-11	-0.1793648982182587	0.5692002971032434	0.5753899480069324	-0.00618965090368905	Control	ENSG00000183580	0.04407031443426591	0.18789969090949832	FALSE	23	FBXL7	FBXL7
ENSG00000221890	9	17	-8	-0.1387617545391689	0.4207724684327804	0.42696211933646944	-0.00618965090368905	Control	ENSG00000221890	0.04407031443426591	-0.21552839683509184	FALSE	23	NPTXR	NPTXR
ENSG00000286220	3	6	-3	-0.07108984840735251	0.2442436246595692	0.25043327556325823	-0.00618965090368903	Control	ENSG00000286220	0.04196583312701164	0.3699450608585506	FALSE	23	NA	ENSG00000286220
ENSG00000109065	3	6	-3	-0.07108984840735251	0.2442436246595692	0.25043327556325823	-0.00618965090368903	Control	ENSG00000109065	0.04196583312701164	0.00466977769612775	FALSE	23	NAT9	NAT9
ENSG00000117308	3	6	-3	-0.07108984840735251	0.2442436246595692	0.25043327556325823	-0.00618965090368903	Control	ENSG00000117308	0.04196583312701164	-0.10386840951800558	FALSE	23	GALE	GALE
ENSG00000254245	3	6	-3	-0.07108984840735251	0.2442436246595692	0.25043327556325823	-0.00618965090368903	Control	ENSG00000254245	0.04196583312701164	-0.28239286165716493	FALSE	23	PCDHGA3	PCDHGA3
ENSG00000141905	3	6	-3	-0.07108984840735251	0.2442436246595692	0.25043327556325823	-0.00618965090368903	Control	ENSG00000141905	0.04196583312701164	0.1151861434938226	FALSE	23	NFIC	NFIC
ENSG00000116329	3	6	-3	-0.07108984840735251	0.2442436246595692	0.25043327556325823	-0.00618965090368903	Control	ENSG00000116329	0.04196583312701164	0.02990711743981045	FALSE	23	OPRD1	OPRD1
ENSG00000086061	3	6	-3	-0.07108984840735251	0.2442436246595692	0.25043327556325823	-0.00618965090368903	Control	ENSG00000086061	0.04196583312701164	-0.09738354393493331	FALSE	23	DNAJA1	DNAJA1
ENSG00000150867	3	6	-3	-0.07108984840735251	0.2442436246595692	0.25043327556325823	-0.00618965090368903	Control	ENSG00000150867	0.04196583312701164	0.16510137360602783	FALSE	23	PIP4K2A	PIP4K2A
ENSG00000103089	3	6	-3	-0.07108984840735251	0.2442436246595692	0.25043327556325823	-0.00618965090368903	Control	ENSG00000103089	0.04196583312701164	0.14257444691468457	FALSE	23	FA2H	FA2H
ENSG00000154832	3	6	-3	-0.07108984840735251	0.2442436246595692	0.25043327556325823	-0.00618965090368903	Control	ENSG00000154832	0.04196583312701164	0.13206626043466585	FALSE	23	CXXC1	CXXC1
ENSG00000129353	3	6	-3	-0.07108984840735251	0.2442436246595692	0.25043327556325823	-0.00618965090368903	Control	ENSG00000129353	0.04196583312701164	0.03733350722164097	FALSE	23	SLC44A2	SLC44A2
ENSG00000100983	3	6	-3	-0.07108984840735251	0.2442436246595692	0.25043327556325823	-0.00618965090368903	Control	ENSG00000100983	0.04196583312701164	-0.1906524331853117	FALSE	23	GSS	GSS
ENSG00000157764	184	171	13	0.14546025121445982	0.8114632334736321	0.8055211686060906	0.00594206486754156	AD	ENSG00000157764	0.040356523892052486	-0.0986295380981943	FALSE	23	BRAF	BRAF
ENSG00000134440	448	420	28	0.3484759696099089	0.9316662540232732	0.9376083188908144	-0.00594206486754145	AD	ENSG00000134440	0.039985144837831145	-0.2082858496717588	FALSE	23	NARS1	NARS1
ENSG00000178764	36	45	-9	-0.15229613576553216	0.6192126764050507	0.6132706115375093	0.00594206486754145	Control	ENSG00000178764	0.039985144837831145	0.14452151080114106	FALSE	23	ZHX2	ZHX2
ENSG00000070159	500	457	43	0.5514916880053581	0.9442931418667988	0.9499876206981926	-0.00569447883139395	AD	ENSG00000070159	0.03948997276553602	-0.323172733583025	FALSE	23	PTPN3	PTPN3
ENSG00000105778	182	182	0	-0.03048670472826269	0.8096063382025254	0.8153008170339193	-0.00569447883139395	Control	ENSG00000105778	0.03948997276553602	-0.1090640180800566	FALSE	23	AVL9	AVL9
ENSG00000183715	724	760	-36	-0.5177244288773405	0.993191384005942	0.998885862837336	-0.00569447883139384	Control	ENSG00000183715	0.03911859371131468	-0.22520097438241748	FALSE	23	OPCML	OPCML
ENSG00000070718	399	369	30	0.37554473206263544	0.9147066105471652	0.9202772963604852	-0.00557068581332009	AD	ENSG00000070718	0.03862342163901956	-0.1934603474534935	FALSE	23	AP3M2	AP3M2
ENSG00000164794	420	399	21	0.253735301025366	0.923248328794256	0.928819014607576	-0.00557068581332009	AD	ENSG00000164794	0.03862342163901956	-0.2912021284196271	FALSE	23	KCNV1	KCNV1
ENSG00000106524	24	35	-11	-0.1793648982182587	0.5630106461995543	0.5685813320128744	-0.00557068581332009	Control	ENSG00000106524	0.03862342163901956	-0.1947410819207356	FALSE	23	ANKMY2	ANKMY2
ENSG00000125814	786	668	118	1.5665702799826031	0.9980193117108196	0.9925724189155732	0.00544689279524635	AD	ENSG00000125814	0.03775687051250309	-0.33637167314333993	FALSE	23	NAPB	NAPB
ENSG00000075340	504	461	43	0.5514916880053581	0.9461500371379056	0.9515969299331518	-0.00544689279524635	AD	ENSG00000075340	0.03775687051250309	-0.15470620752771147	FALSE	23	ADD2	ADD2
ENSG00000118733	733	640	93	1.2282107493235217	0.9948006932409011	0.9893538004456548	0.00544689279524635	AD	ENSG00000118733	0.03775687051250309	-0.4250579543336954	FALSE	23	OLFM3	OLFM3
ENSG00000186416	543	500	43	0.5514916880053581	0.9558058925476604	0.9612527853429068	-0.00544689279524635	AD	ENSG00000186416	0.03775687051250309	-0.20403983909004175	FALSE	23	NKRF	NKRF
ENSG00000176903	169	160	9	0.09132272630900674	0.8001980688289181	0.7948749690517455	0.0053230997771726	AD	ENSG00000176903	0.037137905422134194	-0.25366891006824943	FALSE	23	PNMA1	PNMA1
ENSG00000185479	4	8	-4	-0.08462422963371578	0.2896756622926467	0.2948749690517455	-0.00519930675909879	Control	ENSG00000185479	0.036395147313691506	-0.01245775214815991	FALSE	23	KRT6B	KRT6B
ENSG00000168439	4	8	-4	-0.08462422963371578	0.2896756622926467	0.2948749690517455	-0.00519930675909879	Control	ENSG00000168439	0.036395147313691506	-0.06573586428940281	FALSE	23	STIP1	STIP1
ENSG00000182809	4	8	-4	-0.08462422963371578	0.2896756622926467	0.2948749690517455	-0.00519930675909879	Control	ENSG00000182809	0.036395147313691506	-0.13903747659642995	FALSE	23	CRIP2	CRIP2
ENSG00000187531	4	8	-4	-0.08462422963371578	0.2896756622926467	0.2948749690517455	-0.00519930675909879	Control	ENSG00000187531	0.036395147313691506	0.15673474188306002	FALSE	23	SIRT7	SIRT7
ENSG00000112335	4	8	-4	-0.08462422963371578	0.2896756622926467	0.2948749690517455	-0.00519930675909879	Control	ENSG00000112335	0.036395147313691506	-0.17601822758999577	FALSE	23	SNX3	SNX3
ENSG00000159082	708	602	106	1.4041577052662442	0.9896013864818024	0.9844020797227035	0.00519930675909874	AD	ENSG00000159082	0.03540480316910126	-0.3281762833748836	FALSE	23	SYNJ1	SYNJ1
ENSG00000173905	18	28	-10	-0.16583051699189544	0.5199306759098787	0.5251299826689775	-0.00519930675909874	Control	ENSG00000173905	0.03540480316910126	0.03592214412693373	FALSE	23	GOLIM4	GOLIM4
ENSG00000229847	18	28	-10	-0.16583051699189544	0.5199306759098787	0.5251299826689775	-0.00519930675909874	Control	ENSG00000229847	0.03540480316910126	0.08617406917175785	FALSE	23	EMX2OS	EMX2OS
ENSG00000182934	183	171	12	0.13192586998809655	0.8105966823471156	0.8055211686060906	0.00507551374102499	AD	ENSG00000182934	0.03490963109680614	-0.1662821687092393	FALSE	23	SRPRA	SRPRA
ENSG00000163875	552	469	83	1.092866937059889	0.9591483040356524	0.9541965833127012	0.00495172072295124	AD	ENSG00000163875	0.03429066600643724	-0.19630915748701305	FALSE	23	MEAF6	MEAF6
ENSG00000219073	39	52	-13	-0.2064336606709853	0.632087150284724	0.6370388710076752	-0.00495172072295124	Control	ENSG00000219073	0.03429066600643724	0.01713604617485309	FALSE	23	CELA3B	CELA3B
ENSG00000204856	434	408	26	0.32140720715718235	0.9284476355533549	0.933399356276306	-0.00495172072295124	AD	ENSG00000204856	0.03429066600643724	-0.19447292423953577	FALSE	23	FAM216A	FAM216A
ENSG00000198780	86	100	-14	-0.21996804189734853	0.7261698440207972	0.7311215647437485	-0.00495172072295124	Control	ENSG00000198780	0.03429066600643724	-0.12895763156379125	FALSE	23	FAM169A	FAM169A
ENSG00000113594	22	31	-9	-0.15229613576553216	0.5505075513741025	0.5456796236692251	0.00482792770487738	Control	ENSG00000113594	0.033547907897994556	0.13277618759960852	FALSE	23	LIFR	LIFR
ENSG00000108309	22	31	-9	-0.15229613576553216	0.5505075513741025	0.5456796236692251	0.00482792770487738	Control	ENSG00000108309	0.033547907897994556	-0.11693256926936613	FALSE	23	RUNDC3A	RUNDC3A
ENSG00000213585	671	633	38	0.4838197818735417	0.9837831146323348	0.9884872493191385	-0.00470413468680375	AD	ENSG00000213585	0.03317652884377321	-0.2760187266300562	FALSE	23	VDAC1	VDAC1
ENSG00000166206	594	527	67	0.8763168374380765	0.9722703639514731	0.9675662292646696	0.00470413468680364	AD	ENSG00000166206	0.03280514978955187	-0.1781941759997423	FALSE	23	GABRB3	GABRB3
ENSG00000158856	373	338	35	0.44321663819445184	0.9043079970289676	0.9090121317157712	-0.00470413468680364	AD	ENSG00000158856	0.03280514978955187	-0.13582089724027036	FALSE	23	DMTN	DMTN
ENSG00000123384	6	11	-5	-0.09815861086007906	0.35528596187175043	0.35070562020302054	0.00458034166872989	Control	ENSG00000123384	0.03181480564496163	0.00637041159126816	FALSE	23	LRP1	LRP1
ENSG00000136720	6	11	-5	-0.09815861086007906	0.35528596187175043	0.35070562020302054	0.00458034166872989	Control	ENSG00000136720	0.03181480564496163	0.01100056737780086	FALSE	23	HS6ST1	HS6ST1
ENSG00000163534	6	11	-5	-0.09815861086007906	0.35528596187175043	0.35070562020302054	0.00458034166872989	Control	ENSG00000163534	0.03181480564496163	0.00284465902151298	FALSE	23	FCRL1	FCRL1
ENSG00000120438	6	11	-5	-0.09815861086007906	0.35528596187175043	0.35070562020302054	0.00458034166872989	Control	ENSG00000120438	0.03181480564496163	-0.0997933081651272	FALSE	23	TCP1	TCP1
ENSG00000134769	6	11	-5	-0.09815861086007906	0.35528596187175043	0.35070562020302054	0.00458034166872989	Control	ENSG00000134769	0.03181480564496163	0.5002677778437938	TRUE	24	DTNA	DTNA
ENSG00000154723	6	11	-5	-0.09815861086007906	0.35528596187175043	0.35070562020302054	0.00458034166872989	Control	ENSG00000154723	0.03181480564496163	-0.15419410899155572	FALSE	24	ATP5PF	ATP5PF
ENSG00000152495	410	349	61	0.795110550079897	0.9189155731616736	0.9144590245110176	0.00445654865065614	AD	ENSG00000152495	0.03082446150037138	-0.28064250937744717	FALSE	24	CAMK4	CAMK4
ENSG00000155966	140	135	5	0.03718520140355366	0.7800198068828919	0.7755632582322357	0.00445654865065614	AD	ENSG00000155966	0.03082446150037138	-0.1776277525386467	FALSE	24	AFF2	AFF2
ENSG00000147676	680	587	93	1.2282107493235217	0.9851448378311464	0.980812082198564	0.00433275563258239	AD	ENSG00000147676	0.030329289428076257	-0.4480250645373989	FALSE	24	MAL2	MAL2
ENSG00000186106	469	428	41	0.5244229255526315	0.9363703887100768	0.9407031443426592	-0.00433275563258239	AD	ENSG00000186106	0.030329289428076257	-0.16753499979122743	FALSE	24	ANKRD46	ANKRD46
ENSG00000154027	530	447	83	1.092866937059889	0.9513493438970042	0.947016588264422	0.00433275563258228	AD	ENSG00000154027	0.029710324337707355	-0.2399261677734863	FALSE	24	AK5	AK5
ENSG00000148408	214	201	13	0.14546025121445982	0.832384253528101	0.8280514978955187	0.00433275563258228	AD	ENSG00000148408	0.029710324337707355	-0.16608772764427826	FALSE	24	CACNA1B	CACNA1B
ENSG00000082458	718	695	23	0.28080406347809256	0.9919534538252044	0.9962862094577866	-0.00433275563258228	AD	ENSG00000082458	0.029710324337707355	-0.2025399291202827	FALSE	24	DLG3	DLG3
ENSG00000197106	476	432	44	0.5650260692317213	0.9376083188908144	0.9418172815053232	-0.00420896261450853	AD	ENSG00000197106	0.02909135924733845	-0.3327304643941602	FALSE	24	SLC6A17	SLC6A17
ENSG00000101911	705	602	103	1.3635545615871545	0.9886110423372122	0.9844020797227035	0.00420896261450853	AD	ENSG00000101911	0.02909135924733845	-0.3035902103963011	FALSE	24	PRPS2	PRPS2
ENSG00000073969	793	682	111	1.4718296113980605	0.9986382768011884	0.9945531072047537	0.00408516959643479	AD	ENSG00000073969	0.02859618717504333	-0.41089490715150134	FALSE	24	NSF	NSF
ENSG00000153814	600	570	30	0.37554473206263544	0.9732607080960634	0.977345877692498	-0.00408516959643479	AD	ENSG00000153814	0.02859618717504333	-0.20388021770781073	FALSE	24	JAZF1	JAZF1
ENSG00000170091	698	663	35	0.44321663819445184	0.987496905174548	0.9914582817529092	-0.00396137657836104	AD	ENSG00000170091	0.028101015102748206	-0.31293819061217754	FALSE	24	NSG2	NSG2
ENSG00000170027	721	700	21	0.253735301025366	0.9925724189155732	0.9965337954939342	-0.00396137657836104	AD	ENSG00000170027	0.028101015102748206	-0.32784645507165955	FALSE	24	YWHAG	YWHAG
ENSG00000198513	805	686	119	1.5801046612089666	0.9992572418915572	0.99541965833127	0.00383758356028718	AD	ENSG00000198513	0.027605843030453082	-0.3270051027568268	FALSE	24	ATL1	ATL1
ENSG00000220575	412	355	57	0.7409730251744439	0.9206486754147066	0.9168110918544194	0.00383758356028718	AD	ENSG00000220575	0.027605843030453082	-0.33589556562043654	FALSE	24	HTR5A-AS1	HTR5A-AS1
ENSG00000205189	23	32	-9	-0.15229613576553216	0.5565734092597178	0.5529834117355781	0.00358999752413968	Control	ENSG00000205189	0.02723446397623174	0.08346820243592035	FALSE	24	ZBTB10	ZBTB10
ENSG00000076344	9	16	-7	-0.12522737331280562	0.4207724684327804	0.41718247090864075	0.00358999752413963	Control	ENSG00000076344	0.02673929190393662	-0.00203227383752135	FALSE	24	RGS11	RGS11
ENSG00000141540	9	16	-7	-0.12522737331280562	0.4207724684327804	0.41718247090864075	0.00358999752413963	Control	ENSG00000141540	0.02673929190393662	0.13465143576751792	FALSE	24	TTYH2	TTYH2
ENSG00000101265	9	16	-7	-0.12522737331280562	0.4207724684327804	0.41718247090864075	0.00358999752413963	Control	ENSG00000101265	0.02673929190393662	0.18307325713807288	FALSE	24	RASSF2	RASSF2
ENSG00000166006	613	540	73	0.9575231247962562	0.9749938103490964	0.9714038128249568	0.00358999752413957	AD	ENSG00000166006	0.026120326813567716	-0.2765654456390436	FALSE	24	KCNC2	KCNC2
ENSG00000097033	41	54	-13	-0.2064336606709853	0.6387719732607081	0.6423619707848477	-0.00358999752413957	Control	ENSG00000097033	0.026120326813567716	0.09397198603840629	FALSE	24	SH3GLB1	SH3GLB1
ENSG00000131100	715	631	84	1.1064013182862522	0.9913344887348352	0.9878682842287696	0.00346620450606582	AD	ENSG00000131100	0.025625154741272593	-0.3005519595738644	FALSE	24	ATP6V1E1	ATP6V1E1
ENSG00000180440	414	385	29	0.3620103508362722	0.9218866055954444	0.9253528101015104	-0.00346620450606582	AD	ENSG00000180440	0.025625154741272593	-0.5310213790990179	TRUE	25	SERTM1	SERTM1
ENSG00000185518	687	644	43	0.5514916880053581	0.9866303540480316	0.98984897251795	-0.00321861846991833	AD	ENSG00000185518	0.024882396632829908	-0.26869067318935613	FALSE	25	SV2B	SV2B
ENSG00000100138	419	368	51	0.6597667378162642	0.9228769497400346	0.9196583312701164	0.00321861846991833	AD	ENSG00000100138	0.024882396632829908	-0.18705409100850723	FALSE	25	SNU13	SNU13
ENSG00000178234	95	101	-6	-0.11169299208644234	0.735949492448626	0.7327308739787076	0.00321861846991833	Control	ENSG00000178234	0.024882396632829908	-0.1670192726558195	FALSE	25	GALNT11	GALNT11
ENSG00000147724	76	87	-11	-0.1793648982182587	0.714409507303788	0.7111908888338697	0.00321861846991833	Control	ENSG00000147724	0.024882396632829908	-0.10419073170854	FALSE	25	FAM135B	FAM135B
ENSG00000133019	218	206	12	0.13192586998809655	0.835231492943798	0.8320128744738797	0.00321861846991822	AD	ENSG00000133019	0.024263431542461005	-0.14341473593936804	FALSE	25	CHRM3	CHRM3
ENSG00000178171	286	276	10	0.10485710753537002	0.872988363456301	0.8760831889081456	-0.00309482545184458	AD	ENSG00000178171	0.024015845506313444	-0.13636588509198333	FALSE	25	AMER3	AMER3
ENSG00000105649	713	680	33	0.4161478757417253	0.9907155236444664	0.9938103490963108	-0.00309482545184447	AD	ENSG00000105649	0.023644466452092103	-0.3660851034844974	FALSE	25	RAB3A	RAB3A
ENSG00000134121	608	539	69	0.9033855998908032	0.974003466204506	0.9709086407526616	0.00309482545184447	AD	ENSG00000134121	0.023644466452092103	-0.252145250339483	FALSE	25	CHL1	CHL1
ENSG00000166111	437	406	31	0.38907911328899875	0.9293141866798712	0.932285219113642	-0.00297103243377083	AD	ENSG00000166111	0.02327308739787076	-0.41433293168090835	FALSE	25	SVOP	SVOP
ENSG00000075945	598	534	64	0.8357136937589867	0.9727655360237684	0.9697945035899976	0.00297103243377072	AD	ENSG00000075945	0.022654122307501856	-0.20916546300741423	FALSE	25	KIFAP3	KIFAP3
ENSG00000131507	721	641	80	1.052263793380799	0.9925724189155732	0.9896013864818024	0.00297103243377072	AD	ENSG00000131507	0.022654122307501856	-0.3533041765002771	FALSE	25	NDFIP1	NDFIP1
ENSG00000067369	74	84	-10	-0.16583051699189544	0.7106957167615746	0.7077246843278039	0.00297103243377072	Control	ENSG00000067369	0.022654122307501856	-0.1291088195060741	FALSE	25	TP53BP1	TP53BP1
ENSG00000134779	163	165	-2	-0.057555467180989237	0.7959891062144095	0.7989601386481803	-0.00297103243377072	Control	ENSG00000134779	0.022654122307501856	-0.1329356543478344	FALSE	25	TPGS2	TPGS2
ENSG00000197885	591	553	38	0.4838197818735417	0.9714038128249568	0.9742510522406536	-0.00284723941569697	AD	ENSG00000197885	0.021911364199059175	-0.26128599187267554	FALSE	25	NKIRAS1	NKIRAS1
ENSG00000183454	565	521	44	0.5650260692317213	0.9636048526863084	0.9664520921020054	-0.00284723941569697	AD	ENSG00000183454	0.021911364199059175	-0.24142032980725503	FALSE	25	GRIN2A	GRIN2A
ENSG00000032389	7	13	-6	-0.11169299208644234	0.3815300817033919	0.37880663530576875	0.00272344639762317	Control	ENSG00000032389	0.02116860609061649	-0.11282217984503262	FALSE	25	EIPR1	EIPR1
ENSG00000100599	7	13	-6	-0.11169299208644234	0.3815300817033919	0.37880663530576875	0.00272344639762317	Control	ENSG00000100599	0.02116860609061649	0.1973602869339226	FALSE	25	RIN3	RIN3
ENSG00000196123	7	13	-6	-0.11169299208644234	0.3815300817033919	0.37880663530576875	0.00272344639762317	Control	ENSG00000196123	0.02116860609061649	-0.12063837252514276	FALSE	25	MATCAP1	MATCAP1
ENSG00000137710	7	13	-6	-0.11169299208644234	0.3815300817033919	0.37880663530576875	0.00272344639762317	Control	ENSG00000137710	0.02116860609061649	0.1253450554072142	FALSE	25	RDX	RDX
ENSG00000101079	674	617	57	0.7409730251744439	0.98427828670463	0.987001733102253	-0.00272344639762311	AD	ENSG00000101079	0.020178261946026243	-0.1839198520010754	FALSE	25	NDRG3	NDRG3
ENSG00000175395	575	508	67	0.8763168374380765	0.9657093339935628	0.9629858875959396	0.00272344639762311	AD	ENSG00000175395	0.020178261946026243	-0.20752317457739267	FALSE	25	ZNF25	ZNF25
ENSG00000221866	270	251	19	0.22666653857263944	0.864570438227284	0.8618469918296608	0.00272344639762311	AD	ENSG00000221866	0.020178261946026243	-0.13088315061571798	FALSE	25	PLXNA4	PLXNA4
ENSG00000122126	277	257	20	0.2402009197990027	0.8675414706610547	0.8648180242634316	0.00272344639762311	AD	ENSG00000122126	0.020178261946026243	-0.0668554964606436	FALSE	25	OCRL	OCRL
ENSG00000074590	562	494	68	0.8898512186644398	0.9623669225055708	0.9597672691260212	0.00259965337954937	AD	ENSG00000074590	0.01955929685565734	-0.14976647887774774	FALSE	25	NUAK1	NUAK1
ENSG00000182013	700	657	43	0.5514916880053581	0.9882396632829908	0.9907155236444664	-0.00247586036147562	AD	ENSG00000182013	0.018816538747214655	-0.28190529350661286	FALSE	25	PNMA8A	PNMA8A
ENSG00000176105	65	78	-13	-0.2064336606709853	0.6953453825204259	0.6978212428819015	-0.00247586036147562	Control	ENSG00000176105	0.018816538747214655	0.27166812436875176	FALSE	25	YES1	YES1
ENSG00000203761	11	20	-9	-0.15229613576553216	0.45233968804159447	0.4548155484030701	-0.00247586036147562	Control	ENSG00000203761	0.018816538747214655	-0.02874410804679073	FALSE	25	MSTO2P	MSTO2P
ENSG00000130511	22	32	-10	-0.16583051699189544	0.5505075513741025	0.5529834117355781	-0.00247586036147562	Control	ENSG00000130511	0.018816538747214655	-0.0755545694738533	FALSE	25	SSBP4	SSBP4
ENSG00000099904	22	32	-10	-0.16583051699189544	0.5505075513741025	0.5529834117355781	-0.00247586036147562	Control	ENSG00000099904	0.018816538747214655	-0.00872093378133165	FALSE	25	ZDHHC8	ZDHHC8
ENSG00000119986	162	164	-2	-0.057555467180989237	0.7951225550878931	0.7975984154493686	-0.00247586036147551	Control	ENSG00000119986	0.018073780638771974	-0.12792717165675604	FALSE	25	AVPI1	AVPI1
ENSG00000124785	518	462	56	0.7274386439480806	0.949740034662045	0.9520921020054468	-0.00235206734340187	AD	ENSG00000124785	0.017826194602624412	-0.4100585940341137	FALSE	25	NRN1	NRN1
ENSG00000114573	749	760	-11	-0.1793648982182587	0.9965337954939342	0.998885862837336	-0.00235206734340176	Control	ENSG00000114573	0.01733102253032929	-0.3224442728756607	FALSE	25	ATP6V1A	ATP6V1A
ENSG00000141030	501	433	68	0.8898512186644398	0.9447883139390938	0.942436246595692	0.00235206734340176	AD	ENSG00000141030	0.01733102253032929	-0.1631458243770787	FALSE	25	COPS3	COPS3
ENSG00000153310	564	496	68	0.8898512186644398	0.9628620945778658	0.960510027234464	0.00235206734340176	AD	ENSG00000153310	0.01733102253032929	-0.18901862460235996	FALSE	25	CYRIB	CYRIB
ENSG00000151025	710	667	43	0.5514916880053581	0.9900965585540976	0.9923248328794256	-0.00222827432532812	AD	ENSG00000151025	0.016712057439960386	-0.327339837821901	FALSE	25	GPR158	GPR158
ENSG00000197959	546	492	54	0.7003698814953541	0.956548650656103	0.9587769249814312	-0.00222827432532812	AD	ENSG00000197959	0.016712057439960386	-0.245304763505942	FALSE	25	DNM3	DNM3
ENSG00000138430	649	596	53	0.6868355002689908	0.9806882891804902	0.9829165635058182	-0.00222827432532801	AD	ENSG00000138430	0.016340678385739046	-0.25380904825691886	FALSE	25	OLA1	OLA1
ENSG00000013016	603	540	63	0.8221793125326234	0.973508294132211	0.9714038128249568	0.00210448130725426	AD	ENSG00000013016	0.016093092349591484	-0.1992209443424464	FALSE	25	EHD3	EHD3
ENSG00000110955	502	434	68	0.8898512186644398	0.945283486011389	0.9433027977222084	0.00198068828918052	AD	ENSG00000110955	0.01547412725922258	-0.22955479210031624	FALSE	25	ATP5F1B	ATP5F1B
ENSG00000085415	576	530	46	0.5920948316844479	0.966080713047784	0.9680614013369646	-0.00198068828918052	AD	ENSG00000085415	0.01547412725922258	-0.18694212125759968	FALSE	25	SEH1L	SEH1L
ENSG00000146731	207	202	5	0.03718520140355366	0.8275563258232236	0.8295370141124041	-0.00198068828918052	AD	ENSG00000146731	0.01547412725922258	-0.1820353647388533	FALSE	25	CCT6A	CCT6A
ENSG00000129682	530	456	74	0.9710575060226194	0.9513493438970042	0.9493686556078236	0.00198068828918052	AD	ENSG00000129682	0.01547412725922258	-0.3457264368032664	FALSE	25	FGF13	FGF13
ENSG00000213190	827	720	107	1.4176920864926077	0.9997524139638524	0.997771725674672	0.00198068828918041	AD	ENSG00000213190	0.014855162168853677	-0.301025802147203	FALSE	25	MLLT11	MLLT11
ENSG00000061918	766	686	80	1.052263793380799	0.9972765536023768	0.99541965833127	0.00185689527110677	AD	ENSG00000061918	0.013988611042337212	-0.27279286522452395	FALSE	25	GUCY1B1	GUCY1B1
ENSG00000154174	708	663	45	0.5785604504580846	0.9896013864818024	0.9914582817529092	-0.00185689527110677	AD	ENSG00000154174	0.013988611042337212	-0.23980323869809972	FALSE	25	TOMM70	TOMM70
ENSG00000196876	481	417	64	0.8357136937589867	0.9385986630354048	0.936741767764298	0.00185689527110677	AD	ENSG00000196876	0.013988611042337212	-0.2012614172809144	FALSE	25	SCN8A	SCN8A
ENSG00000110786	382	334	48	0.6191635941371744	0.908516959643476	0.9066600643723692	0.00185689527110677	AD	ENSG00000110786	0.013988611042337212	-0.24633484500247427	FALSE	25	PTPN5	PTPN5
ENSG00000159720	335	309	26	0.32140720715718235	0.8915573161673681	0.8934142114384749	-0.00185689527110677	AD	ENSG00000159720	0.013988611042337212	-0.16117310964234477	FALSE	25	ATP6V0D1	ATP6V0D1
ENSG00000101474	425	375	50	0.646232356589901	0.92436246595692	0.9225055706858132	0.00185689527110677	AD	ENSG00000101474	0.013988611042337212	-0.1658307688858187	FALSE	25	APMAP	APMAP
ENSG00000100554	547	476	71	0.9304543623435296	0.9572914087645455	0.955434513493439	0.00185689527110666	AD	ENSG00000100554	0.012874473879673186	-0.2717111179622016	FALSE	25	ATP6V1D	ATP6V1D
ENSG00000163399	583	521	62	0.8086449313062603	0.968308987373112	0.9664520921020054	0.00185689527110666	AD	ENSG00000163399	0.012874473879673186	-0.24034362685335783	FALSE	25	ATP1A1	ATP1A1
ENSG00000135638	168	167	1	-0.01695232350189942	0.799083931666254	0.8009408269373607	-0.00185689527110666	AD	ENSG00000135638	0.012874473879673186	-0.07290466474444912	FALSE	25	EMX1	EMX1
ENSG00000173726	645	590	55	0.7139042627217173	0.9799455310720476	0.9816786333250804	-0.00173310225303291	AD	ENSG00000173726	0.012007922753156722	-0.21830736972263057	FALSE	25	TOMM20	TOMM20
ENSG00000129636	714	669	45	0.5785604504580846	0.9910869026986878	0.9928200049517208	-0.00173310225303291	AD	ENSG00000129636	0.012007922753156722	-0.3139784180208025	FALSE	25	ITFG1	ITFG1
ENSG00000149313	542	467	75	0.9845918872489828	0.955434513493439	0.953701411240406	0.00173310225303291	AD	ENSG00000149313	0.012007922753156722	-0.23390668869853035	FALSE	25	AASDHPPT	AASDHPPT
ENSG00000172292	598	554	44	0.5650260692317213	0.9727655360237684	0.9744986382768012	-0.00173310225303291	AD	ENSG00000172292	0.012007922753156722	-0.12856729190705707	FALSE	25	CERS6	CERS6
ENSG00000186487	34	44	-10	-0.16583051699189544	0.6109185441941074	0.6093092349591483	0.00160930923495905	Control	ENSG00000186487	0.01138895766278782	-0.05602764543708005	FALSE	25	MYT1L	MYT1L
ENSG00000152234	412	366	46	0.5920948316844479	0.9206486754147066	0.9191631591978212	0.00148551621688541	AD	ENSG00000152234	0.011141371626640258	-0.2027740691762947	FALSE	25	ATP5F1A	ATP5F1A
ENSG00000129625	734	679	55	0.7139042627217173	0.9950482792770488	0.9935627630601634	0.0014855162168853	AD	ENSG00000129625	0.010769992572418915	-0.21284582085322337	FALSE	25	REEP5	REEP5
ENSG00000177182	187	181	6	0.05071958262991694	0.813196335726665	0.8146818519435504	-0.0014855162168853	AD	ENSG00000177182	0.010769992572418915	-0.22283478256304257	FALSE	25	CLVS1	CLVS1
ENSG00000144583	83	94	-11	-0.1793648982182587	0.7238177766773954	0.7224560534785838	0.00136172319881167	Control	ENSG00000144583	0.010398613518197574	-0.22852597542392417	FALSE	25	MARCHF4	MARCHF4
ENSG00000163536	718	677	41	0.5244229255526315	0.9919534538252044	0.9933151770240158	-0.00136172319881155	AD	ENSG00000163536	0.009903441445902451	-0.42076629712153313	FALSE	25	SERPINI1	SERPINI1
ENSG00000115419	543	484	59	0.7680417876271703	0.9558058925476604	0.957167615746472	-0.00136172319881155	AD	ENSG00000115419	0.009903441445902451	-0.23960577700587748	FALSE	25	GLS	GLS
ENSG00000091157	509	454	55	0.7139042627217173	0.9473879673186432	0.9487496905174548	-0.00136172319881155	AD	ENSG00000091157	0.009903441445902451	-0.1507613117942057	FALSE	25	WDR7	WDR7
ENSG00000157064	792	782	10	0.10485710753537002	0.9982668977469672	0.9995048279277048	-0.00123793018073781	AD	ENSG00000157064	0.008913097301312206	-0.35678346968571084	FALSE	25	NMNAT2	NMNAT2
ENSG00000050748	761	747	14	0.1589946324408231	0.9970289675662292	0.9982668977469672	-0.00123793018073781	AD	ENSG00000050748	0.008913097301312206	-0.1890161413353102	FALSE	25	MAPK9	MAPK9
ENSG00000139112	748	683	65	0.84924807498535	0.9962862094577866	0.9950482792770488	0.00123793018073781	AD	ENSG00000139112	0.008913097301312206	-0.25858076927958074	FALSE	25	GABARAPL1	GABARAPL1
ENSG00000108395	744	718	26	0.32140720715718235	0.9960386234216392	0.9972765536023768	-0.00123793018073781	AD	ENSG00000108395	0.008913097301312206	-0.1855259972919665	FALSE	25	TRIM37	TRIM37
ENSG00000177542	104	110	-6	-0.11169299208644234	0.7449863827680119	0.7462243129487497	-0.00123793018073781	Control	ENSG00000177542	0.008913097301312206	-0.18102920958549973	FALSE	25	SLC25A22	SLC25A22
ENSG00000240694	584	529	55	0.7139042627217173	0.9689279524634812	0.967813815300817	0.00111413716266406	AD	ENSG00000240694	0.008046546174795742	-0.24920843153404348	FALSE	25	PNMA2	PNMA2
ENSG00000084093	63	74	-11	-0.1793648982182587	0.6912602129239911	0.690146075761327	0.00111413716266406	Control	ENSG00000084093	0.008046546174795742	0.21951361344506104	FALSE	25	REST	REST
ENSG00000134569	52	63	-11	-0.1793648982182587	0.6666254023273087	0.6655112651646448	0.00111413716266395	Control	ENSG00000134569	0.0076751671205743995	0.1452095961767128	FALSE	25	LRP4	LRP4
ENSG00000113327	824	758	66	0.8627824562117133	0.9995048279277048	0.9985144837831146	9.90344144590316e-4	AD	ENSG00000113327	0.007179995048279277	-0.3707079679020549	FALSE	25	GABRG2	GABRG2
ENSG00000109738	681	613	68	0.8898512186644398	0.985392423867294	0.9863827680118842	-9.90344144590316e-4	AD	ENSG00000109738	0.007179995048279277	-0.2708505209610781	FALSE	25	GLRB	GLRB
ENSG00000188730	54	67	-13	-0.2064336606709853	0.6717009160683337	0.672691260212924	-9.90344144590316e-4	Control	ENSG00000188730	0.007179995048279277	-0.345312472947481	FALSE	25	VWC2	VWC2
ENSG00000107758	800	799	1	-0.01695232350189942	0.9990096558554098	1	-9.90344144590205e-4	AD	ENSG00000107758	0.006189650903689032	-0.2753288847602722	FALSE	25	PPP3CB	PPP3CB
ENSG00000065609	645	579	66	0.8627824562117133	0.9799455310720476	0.9789551869274572	9.90344144590205e-4	AD	ENSG00000065609	0.006189650903689032	-0.2839473466057161	FALSE	25	SNAP91	SNAP91
ENSG00000156976	370	326	44	0.5650260692317213	0.9017083436494182	0.9026986877940084	-9.90344144590205e-4	AD	ENSG00000156976	0.006189650903689032	-0.22604097817305657	FALSE	25	EIF4A2	EIF4A2
ENSG00000132704	42	54	-12	-0.192899279444622	0.6413716266402575	0.6423619707848477	-9.90344144590205e-4	Control	ENSG00000132704	0.006189650903689032	-0.05550496243397851	FALSE	25	FCRL2	FCRL2
ENSG00000180720	130	130	0	-0.03048670472826269	0.771973260708096	0.7709829165635058	9.90344144590205e-4	Control	ENSG00000180720	0.006189650903689032	-0.45060758273325696	FALSE	25	CHRM4	CHRM4
ENSG00000095002	190	183	7	0.06425396385628021	0.8148056449616241	0.8156721960881407	-8.665511265165682e-4	AD	ENSG00000095002	0.005446892795246348	-0.1841718739361493	FALSE	25	MSH2	MSH2
ENSG00000167778	281	264	17	0.19959777611991292	0.8701411240406041	0.8692745729140876	8.665511265164572e-4	AD	ENSG00000167778	0.005075513741025006	-0.193106436425321	FALSE	25	SPRYD3	SPRYD3
ENSG00000165495	188	181	7	0.06425396385628021	0.8138153008170339	0.8146818519435504	-8.665511265164572e-4	AD	ENSG00000165495	0.005075513741025006	-0.13642547397241067	FALSE	25	PKNOX2	PKNOX2
ENSG00000120053	770	709	61	0.795110550079897	0.9975241396385244	0.9967813815300816	7.427581084427093e-4	AD	ENSG00000120053	0.004208962614508541	-0.31698387882262935	FALSE	25	GOT1	GOT1
ENSG00000125166	665	597	68	0.8898512186644398	0.98242139143352325	0.9831641495419658	-7.427581084427093e-4	AD	ENSG00000125166	0.004208962614508541	-0.17350799437890174	FALSE	25	GOT2	GOT2
ENSG00000197555	12	21	-9	-0.15229613576553216	0.46595692002971034	0.4652141619212676	7.427581084427093e-4	Control	ENSG00000197555	0.004208962614508541	-0.0511762739729189	FALSE	25	SIPA1L1	SIPA1L1
ENSG00000170265	12	21	-9	-0.15229613576553216	0.46595692002971034	0.4652141619212676	7.427581084427093e-4	Control	ENSG00000170265	0.004208962614508541	-0.01520563230957527	FALSE	25	ZNF282	ZNF282
ENSG00000105401	12	21	-9	-0.15229613576553216	0.46595692002971034	0.4652141619212676	7.427581084427093e-4	Control	ENSG00000105401	0.004208962614508541	-0.1299210916516493	FALSE	25	CDC37	CDC37
ENSG00000168291	58	70	-12	-0.192899279444622	0.6818519435503838	0.6812329784600148	6.189650903689614e-4	Control	ENSG00000168291	0.0033424114879920773	-0.14085930796644774	FALSE	25	PDHB	PDHB
ENSG00000168461	25	35	-10	-0.16583051699189544	0.5692002971032434	0.5685813320128744	6.189650903689614e-4	Control	ENSG00000168461	0.0033424114879920773	0.19175088926295736	FALSE	25	RAB31	RAB31
ENSG00000070087	793	767	26	0.32140720715718235	0.9986382768011884	0.9992572418915572	-6.189650903688504e-4	AD	ENSG00000070087	0.002723446397623174	-0.3168976264833603	FALSE	25	PFN2	PFN2
ENSG00000142875	721	666	55	0.7139042627217173	0.9925724189155732	0.9919534538252044	6.189650903688504e-4	AD	ENSG00000142875	0.002723446397623174	-0.20771089090077768	FALSE	25	PRKACB	PRKACB
ENSG00000072832	389	345	44	0.5650260692317213	0.9113641990591732	0.911983164149542	-6.189650903688504e-4	AD	ENSG00000072832	0.002723446397623174	-0.18157130660385867	FALSE	25	CRMP1	CRMP1
ENSG00000189241	582	526	56	0.7274386439480806	0.967813815300817	0.967318643228522	4.951720722951025e-4	AD	ENSG00000189241	0.0022282743253280515	-0.23935022226048375	FALSE	25	TSPYL1	TSPYL1
ENSG00000158560	693	615	78	1.0251950309280726	0.987001733102253	0.9866303540480316	3.7137905422135464e-4	AD	ENSG00000158560	0.0019806882891804903	-0.3592915122461946	FALSE	25	DYNC1I1	DYNC1I1
ENSG00000155097	828	795	33	0.4161478757417253	1	0.9997524139638524	2.4758603614760677e-4	AD	ENSG00000155097	0.0012379301807378064	-0.25456623097289643	FALSE	25	ATP6V1C1	ATP6V1C1
ENSG00000112186	669	599	70	0.9169199811171664	0.9834117355781132	0.983659321614261	-2.4758603614760677e-4	AD	ENSG00000112186	0.0012379301807378064	-0.3983275839046741	FALSE	25	CAP2	CAP2
ENSG00000008086	200	195	5	0.03718520140355366	0.8235949492448625	0.8238425352810101	-2.4758603614760677e-4	AD	ENSG00000008086	0.0012379301807378064	-0.11941272106964897	FALSE	25	CDKL5	CDKL5
ENSG00000104888	377	334	43	0.5514916880053581	0.906907650408517	0.9066600643723692	2.4758603614760677e-4	AD	ENSG00000104888	0.0012379301807378064	-0.2245839119589732	FALSE	25	SLC17A7	SLC17A7
ENSG00000008735	162	160	2	-0.00341794227553615	0.7951225550878931	0.7948749690517455	2.4758603614760677e-4	AD	ENSG00000008735	0.0012379301807378064	-0.13981369033850655	FALSE	25	MAPK8IP2	MAPK8IP2
ENSG00000102144	203	198	5	0.03718520140355366	0.8253280514978956	0.8255756375340431	-2.4758603614749575e-4	AD	ENSG00000102144	4.951720722951226e-4	-0.2635821483134322	FALSE	25	PGK1	PGK1
ENSG00000067992	464	413	51	0.6597667378162642	0.9346372864570438	0.93451349343897006	1.2379301807374787e-4	AD	ENSG00000067992	2.475860361475613e-4	-0.22142830770179245	FALSE	25	PDK3	PDK3
