gene	AD	CTL	delta	z_change	perc_AD	perc_CTL	delta_perc	HigherNetwork	gene_clean	delta_abs_percentil	logFC	is_dge	n_dge	hgnc_symbol	label
ENSG00000196353	362	1	361	2.5311627074446093	0.8102481985588471	0.02962369895916733	0.7806244995996798	AD	ENSG00000196353	1	-0.35720140773005227	FALSE	0	CPNE4	CPNE4
ENSG00000139970	442	2	440	3.101087301270238	0.8476781425140112	0.0788630904723779	0.7688150520416333	AD	ENSG00000139970	0.999599679743795	-0.4289087538197158	FALSE	0	RTN1	RTN1
ENSG00000164619	1	322	-321	-2.3889458114044895	0.072257806244996	0.8252602081665332	-0.7530024019215372	Control	ENSG00000164619	0.9991993594875901	-0.1144931705098866	FALSE	0	BMPER	BMPER
ENSG00000163412	472	3	469	3.3103001268517978	0.8642914331465172	0.11188951160928742	0.7524019215372298	AD	ENSG00000163412	0.9987990392313851	-0.13158915988852726	FALSE	0	EIF4E3	EIF4E3
ENSG00000138311	450	4	446	3.144372713459526	0.8526821457165733	0.13690952762209768	0.7157726180944757	AD	ENSG00000138311	0.9983987189751802	-0.32343311347917947	FALSE	0	ZNF365	ZNF365
ENSG00000167642	1	262	-261	-1.956091689511607	0.072257806244996	0.7858286629303443	-0.7135708566853483	Control	ENSG00000167642	0.9979983987189752	0.0246163389933951	FALSE	0	SPINT2	SPINT2
ENSG00000158195	2	365	-363	-2.691943696729507	0.1801441152922338	0.8548839071257006	-0.6747397918334668	Control	ENSG00000158195	0.9975980784627703	0.2911706080920329	FALSE	0	WASF2	WASF2
ENSG00000102053	183	1	182	1.2398145771308426	0.6949559647718174	0.02962369895916733	0.6653322658126501	AD	ENSG00000102053	0.9971977582065652	-0.10568091053499629	FALSE	0	ZC3H12B	ZC3H12B
ENSG00000174453	243	2	241	1.665454463658844	0.734187349879904	0.0788630904723779	0.655324259407526	AD	ENSG00000174453	0.9967974379503602	-0.17488465458134428	FALSE	0	VWC2L	VWC2L
ENSG00000154027	242	2	240	1.6582402282939626	0.7331865492393915	0.0788630904723779	0.6543234587670136	AD	ENSG00000154027	0.9963971176941553	-0.2872311041425757	FALSE	0	AK5	AK5
ENSG00000108094	2	324	-322	-2.3961600467693707	0.1801441152922338	0.8260608486789431	-0.6459167333867093	Control	ENSG00000108094	0.9959967974379503	-0.0682591909393846	FALSE	0	CUL2	CUL2
ENSG00000013297	1	180	-179	-1.3645243895913342	0.072257806244996	0.7151721377101682	-0.6429143314651722	Control	ENSG00000013297	0.9955964771817454	-9.357431741658928e-4	FALSE	0	CLDN11	CLDN11
ENSG00000131966	2	310	-308	-2.2951607516610317	0.1801441152922338	0.8196557245796637	-0.63951160928743	Control	ENSG00000131966	0.9951961569255404	-0.20160865152304552	FALSE	0	ACTR10	ACTR10
ENSG00000197562	141	1	140	0.9368166918058248	0.6681345076060848	0.02962369895916733	0.6385108086469176	AD	ENSG00000197562	0.9947958366693355	-0.1074281758904032	FALSE	0	RAB40C	RAB40C
ENSG00000103353	2	295	-293	-2.1869472211878107	0.1801441152922338	0.8102481985588471	-0.6301040832666134	Control	ENSG00000103353	0.9943955164131305	-0.0166992399163135	FALSE	0	UBFD1	UBFD1
ENSG00000137727	1	168	-167	-1.2779535652127576	0.072257806244996	0.7011609287429944	-0.6289031224979984	Control	ENSG00000137727	0.9939951961569256	-0.01379493710715529	FALSE	0	ARHGAP20	ARHGAP20
ENSG00000114383	3	384	-381	-2.821799933297372	0.24079263410728585	0.8656925540432346	-0.6248999199359488	Control	ENSG00000114383	0.9935948759007206	-0.04388736451203456	FALSE	0	TUSC2	TUSC2
ENSG00000169758	194	2	192	1.3119569307796566	0.7031625300240192	0.0788630904723779	0.6242994395516412	AD	ENSG00000169758	0.9931945556445156	-0.18329557662810103	FALSE	0	TMEM266	TMEM266
ENSG00000164466	108	1	107	0.6987469247647394	0.639911929543635	0.02962369895916733	0.6102882305844677	AD	ENSG00000164466	0.9925940752602082	-0.09611473541324855	FALSE	0	SFXN1	SFXN1
ENSG00000127152	108	1	107	0.6987469247647394	0.639911929543635	0.02962369895916733	0.6102882305844677	AD	ENSG00000127152	0.9925940752602082	-0.14784327930361307	FALSE	0	BCL11B	BCL11B
ENSG00000057663	2	266	-264	-1.977734395606251	0.1801441152922338	0.789031224979984	-0.6088871096877502	Control	ENSG00000057663	0.9919935948759008	-0.04825273784527617	FALSE	0	ATG5	ATG5
ENSG00000270170	1	151	-150	-1.1553115640097742	0.072257806244996	0.6751401120896717	-0.6028823058446757	Control	ENSG00000270170	0.9915932746196957	-0.1307986383991615	FALSE	0	NCBP2AS2	NCBP2AS2
ENSG00000256008	97	1	96	0.6193903357510443	0.6297037630104083	0.02962369895916733	0.6000800640512409	AD	ENSG00000256008	0.9911929543634908	-0.18313267303371727	FALSE	0	CABP1-DT	CABP1-DT
ENSG00000159753	145	2	143	0.9584593979004692	0.671537229783827	0.0788630904723779	0.5926741393114491	AD	ENSG00000159753	0.9907926341072858	-0.0978249765708128	FALSE	0	CARMIL2	CARMIL2
ENSG00000166086	1	141	-140	-1.0831692103609605	0.072257806244996	0.6591273018414732	-0.5868694955964772	Control	ENSG00000166086	0.9901921537229784	0.02776120987583574	FALSE	0	JAM3	JAM3
ENSG00000168781	1	141	-140	-1.0831692103609605	0.072257806244996	0.6591273018414732	-0.5868694955964772	Control	ENSG00000168781	0.9901921537229784	-0.06598936466622618	FALSE	0	PPIP5K1	PPIP5K1
ENSG00000122574	138	2	136	0.9079597503462994	0.6651321056845476	0.0788630904723779	0.5862690152121697	AD	ENSG00000122574	0.9895916733386709	-0.2227813481019396	FALSE	0	WIPF3	WIPF3
ENSG00000250584	1	138	-137	-1.0615265042663162	0.072257806244996	0.6539231385108086	-0.5816653322658126	Control	ENSG00000250584	0.989191353082466	-0.0938145113292288	FALSE	0	LINC01511	LINC01511
ENSG00000164985	77	1	76	0.4751056284534167	0.6092874299439551	0.02962369895916733	0.5796637309847879	AD	ENSG00000164985	0.988791032826261	-0.12472601182133758	FALSE	0	PSIP1	PSIP1
ENSG00000196187	1	136	-135	-1.0470980335365534	0.072257806244996	0.6505204163330665	-0.57826261008807045	Control	ENSG00000196187	0.9883907125700561	0.10346142222438104	FALSE	0	TMEM63A	TMEM63A
ENSG00000177182	296	7	289	2.01173776117315	0.7688150520416333	0.19315452361889512	0.5756605284227381	AD	ENSG00000177182	0.9879903923138511	-0.20522943131710217	FALSE	0	CLVS1	CLVS1
ENSG00000133985	7	516	-509	-3.7452220600021886	0.3592874299439552	0.9283426741393116	-0.5690552441953562	Control	ENSG00000133985	0.9875900720576462	-0.00101539658644433	FALSE	0	TTC9	TTC9
ENSG00000101349	152	3	149	1.0017448100897572	0.6761409127301842	0.11188951160928742	0.5642514011208968	AD	ENSG00000101349	0.9871897518014412	-0.199252979522905	FALSE	0	PAK5	PAK5
ENSG00000107282	412	14	398	2.79808941594522	0.8350680544435548	0.27241793434747796	0.5626501200960768	AD	ENSG00000107282	0.9867894315452362	-0.04582716951583521	FALSE	0	APBA1	APBA1
ENSG00000165914	372	12	360	2.5239484720797276	0.8144515612489992	0.25500400320256206	0.5594475580464371	AD	ENSG00000165914	0.9863891112890312	-0.0781849493232496	FALSE	0	TTC7B	TTC7B
ENSG00000177383	2	203	-201	-1.5232375676187244	0.1801441152922338	0.7375900720576462	-0.5574459567654124	Control	ENSG00000177383	0.9859887910328262	-0.06828037447617952	FALSE	0	MAGEF1	MAGEF1
ENSG00000162949	1	124	-123	-0.960527209157977	0.072257806244996	0.6289031224979984	-0.5566453162530024	Control	ENSG00000162949	0.9855884707766213	-0.06551534978659035	FALSE	0	CAPN13	CAPN13
ENSG00000170017	1	122	-121	-0.9460987384282142	0.072257806244996	0.6246997598078463	-0.5524419535628503	Control	ENSG00000170017	0.9851881505204163	0.17668079916468038	FALSE	0	ALCAM	ALCAM
ENSG00000038274	1	121	-120	-0.9388845030633328	0.072257806244996	0.622898318654924	-0.550640512409928	Control	ENSG00000038274	0.9847878302642114	-0.13995404044332993	FALSE	0	MAT2B	MAT2B
ENSG00000065989	321	10	311	2.17045093920054	0.7812249799839872	0.2321857485988791	0.5490392313851081	AD	ENSG00000065989	0.9843875100080064	-0.05006054900146317	FALSE	0	PDE4A	PDE4A
ENSG00000145934	309	10	299	2.0838801148219637	0.77662129703763	0.2321857485988791	0.544435548438751	AD	ENSG00000145934	0.9839871897518014	-0.01371512675950015	FALSE	0	TENM2	TENM2
ENSG00000108176	50	1	49	0.2803212736016197	0.5700560448358687	0.02962369895916733	0.5404323458767013	AD	ENSG00000108176	0.9835868694955965	-0.16938754740200146	FALSE	0	DNAJC12	DNAJC12
ENSG00000108352	46	1	45	0.2514643321420942	0.5640512409927942	0.02962369895916733	0.5344275420336269	AD	ENSG00000108352	0.9831865492393915	-0.06746150767067682	FALSE	0	RAPGEFL1	RAPGEFL1
ENSG00000172575	198	6	192	1.3119569307796566	0.7065652522017614	0.17694155324259409	0.5296236989591673	AD	ENSG00000172575	0.9827862289831866	-0.09718171019716948	FALSE	0	RASGRP1	RASGRP1
ENSG00000177098	1	109	-108	-0.8523136786847565	0.072257806244996	0.600080064051241	-0.527822257806245	Control	ENSG00000177098	0.9823859087269816	0.247883328082672	FALSE	0	SCN4B	SCN4B
ENSG00000162377	3	235	-232	-1.746878863930047	0.24079263410728585	0.7664131305044035	-0.5256204963971177	Control	ENSG00000162377	0.9819855884707767	-0.04611192356367155	FALSE	0	COA7	COA7
ENSG00000236279	41	1	40	0.21539315531768727	0.55484387510008	0.02962369895916733	0.5252201761409128	AD	ENSG00000236279	0.9813851080864692	-0.239970353393236	FALSE	0	CLEC2L	CLEC2L
ENSG00000136827	2	171	-169	-1.2923820359425202	0.1801441152922338	0.7053642914331465	-0.5252201761409128	Control	ENSG00000136827	0.9813851080864692	0.01884724489501188	FALSE	0	TOR1A	TOR1A
ENSG00000186081	1	107	-106	-0.8378852079549937	0.072257806244996	0.5968775020016013	-0.5246196957566053	Control	ENSG00000186081	0.9807846277021617	-0.999081419427645	TRUE	1	KRT5	KRT5
ENSG00000123091	472	23	449	3.1660154195541703	0.8642914331465172	0.3398718975180144	0.5244195356285029	AD	ENSG00000123091	0.9803843074459567	-0.1193892100197349	FALSE	1	RNF11	RNF11
ENSG00000129682	651	41	610	4.327507313300071	0.9437550040032026	0.41953562850280224	0.5242193755004003	AD	ENSG00000129682	0.9799839871897518	-0.36501169439292624	FALSE	1	FGF13	FGF13
ENSG00000107954	40	1	39	0.2081789199528059	0.5528422738190553	0.02962369895916733	0.5232185748598879	AD	ENSG00000107954	0.9795836669335468	-0.11160269871512796	FALSE	1	NEURL1	NEURL1
ENSG00000183783	253	9	244	1.687097169753488	0.7423939151321057	0.2207766212970376	0.521617293835068	AD	ENSG00000183783	0.9789831865492394	-0.2006438307093408	FALSE	1	KCTD8	KCTD8
ENSG00000023516	39	1	38	0.20096468458792452	0.5512409927942354	0.02962369895916733	0.521617293835068	AD	ENSG00000023516	0.9789831865492394	-0.07356689540621097	FALSE	1	AKAP11	AKAP11
ENSG00000078018	123	4	119	0.785317749143316	0.6549239391513211	0.13690952762209768	0.5180144115292233	AD	ENSG00000078018	0.978382706164932	-0.24889832597200723	FALSE	1	MAP2	MAP2
ENSG00000196950	8	432	-424	-3.132012053987271	0.3781024819855885	0.8951160928742994	-0.5170136108887109	Control	ENSG00000196950	0.977982385908727	-0.2303906610131765	FALSE	1	SLC39A10	SLC39A10
ENSG00000166801	37	1	36	0.18653621385816177	0.5458366693354684	0.02962369895916733	0.516212970376301	AD	ENSG00000166801	0.977582065652522	0.21916305717220472	FALSE	1	FAM111A	FAM111A
ENSG00000135525	1	102	-101	-0.8018140311305868	0.072257806244996	0.5878702962369896	-0.5156124899919936	Control	ENSG00000135525	0.9769815852682145	0.00610952485435056	FALSE	1	MAP7	MAP7
ENSG00000028116	1	102	-101	-0.8018140311305868	0.072257806244996	0.5878702962369896	-0.5156124899919936	Control	ENSG00000028116	0.9769815852682145	-0.02172690791563436	FALSE	1	VRK2	VRK2
ENSG00000068366	243	9	234	1.6149548161046745	0.734187349879904	0.2207766212970376	0.5134107285828664	AD	ENSG00000068366	0.9763811048839072	-0.17339651776652332	FALSE	1	ACSL4	ACSL4
ENSG00000128203	4	272	-268	-2.0065913370657764	0.2822257806244996	0.7930344275420337	-0.5108086469175341	Control	ENSG00000128203	0.9759807846277022	-0.00169614093997516	FALSE	1	ASPHD2	ASPHD2
ENSG00000072858	62	2	60	0.3596778626153148	0.588871096877502	0.0788630904723779	0.5100080064051241	AD	ENSG00000072858	0.9753803042433947	-0.39755237137536525	FALSE	1	SIDT1	SIDT1
ENSG00000058335	62	2	60	0.3596778626153148	0.588871096877502	0.0788630904723779	0.5100080064051241	AD	ENSG00000058335	0.9753803042433947	-0.3189503515425631	FALSE	1	RASGRF1	RASGRF1
ENSG00000248905	212	8	204	1.398527755158233	0.717173738991193	0.2075660528422738	0.5096076861489192	AD	ENSG00000248905	0.9747798238590872	-0.04017418518311011	FALSE	1	FMN1	FMN1
ENSG00000148082	404	21	383	2.6898758854719995	0.8308646917534027	0.3238590872698158	0.5070056044835869	AD	ENSG00000148082	0.9743795036028823	-0.08591163900922183	FALSE	1	SHC3	SHC3
ENSG00000171509	85	3	82	0.518391040642705	0.6176941553242594	0.11188951160928742	0.505804643714972	AD	ENSG00000171509	0.9739791833466773	-0.3915449889886098	FALSE	1	RXFP1	RXFP1
ENSG00000185634	1	97	-96	-0.7657428543061799	0.072257806244996	0.5774619695756605	-0.5052041633306645	Control	ENSG00000185634	0.97337870296237	-0.0822054719549854	FALSE	1	SHC4	SHC4
ENSG00000245248	1	97	-96	-0.7657428543061799	0.072257806244996	0.5774619695756605	-0.5052041633306645	Control	ENSG00000245248	0.97337870296237	-0.22246475136555333	FALSE	1	USP2-AS1	USP2-AS1
ENSG00000138443	32	1	31	0.15046503703375488	0.532826261008807	0.02962369895916733	0.5032025620496396	AD	ENSG00000138443	0.9727782225780625	-0.07269253266956355	FALSE	1	ABI2	ABI2
ENSG00000140015	82	3	79	0.4967483345480609	0.6132906325060048	0.11188951160928742	0.5014011208967174	AD	ENSG00000140015	0.9723779023218575	-0.03530532946929377	FALSE	1	KCNH5	KCNH5
ENSG00000171914	331	16	315	2.199307880660066	0.7880304243394716	0.2868294635708567	0.5012009607686149	AD	ENSG00000171914	0.9719775820656525	-0.10174941410393146	FALSE	1	TLN2	TLN2
ENSG00000147724	2	154	-152	-1.1697400347395368	0.1801441152922338	0.6795436349079264	-0.49939951961569257	Control	ENSG00000147724	0.9715772618094476	0.07509445022830441	FALSE	1	FAM135B	FAM135B
ENSG00000141873	1	94	-93	-0.7441001482115358	0.072257806244996	0.5712570056044836	-0.4989991993594875	Control	ENSG00000141873	0.9711769415532426	-0.15852303522920863	FALSE	1	SLC39A3	SLC39A3
ENSG00000182836	343	18	325	2.2714502343088796	0.7986389111289032	0.30164131305044034	0.4969975980784628	AD	ENSG00000182836	0.9707766212970377	-0.29747851785766066	FALSE	1	PLCXD3	PLCXD3
ENSG00000097033	1	92	-91	-0.7296716774817731	0.072257806244996	0.5674539631705364	-0.4951961569255404	Control	ENSG00000097033	0.9701761409127302	0.19304364989126024	FALSE	1	SH3GLB1	SH3GLB1
ENSG00000127588	1	92	-91	-0.7296716774817731	0.072257806244996	0.5674539631705364	-0.4951961569255404	Control	ENSG00000127588	0.9701761409127302	-0.3173688036893152	FALSE	1	GNG13	GNG13
ENSG00000113319	30	1	29	0.1360365663039921	0.5246196957566053	0.02962369895916733	0.49499599679743794	AD	ENSG00000113319	0.9695756605284227	-0.2218508298456161	FALSE	1	RASGRF2	RASGRF2
ENSG00000119866	409	23	386	2.7115185915666435	0.8340672538030425	0.3398718975180144	0.4941953562850281	AD	ENSG00000119866	0.9691753402722177	-0.22493680505117197	FALSE	1	BCL11A	BCL11A
ENSG00000148948	73	3	70	0.4318202162641286	0.605884707766213	0.11188951160928742	0.4939951961569255	AD	ENSG00000148948	0.9687750200160128	-0.09110012004956047	FALSE	1	LRRC4C	LRRC4C
ENSG00000101474	118	5	113	0.7420323369540277	0.649919935948759	0.15792634107285827	0.49199359487590066	AD	ENSG00000101474	0.9683746997598078	-0.11446643978016624	FALSE	1	APMAP	APMAP
ENSG00000165716	95	4	91	0.5833191589266374	0.6277021617293835	0.13690952762209768	0.49079263410728585	AD	ENSG00000165716	0.9679743795036029	-0.07477141589434133	FALSE	1	DIPK1B	DIPK1B
ENSG00000132938	29	1	28	0.12882233093911075	0.5200160128102482	0.02962369895916733	0.4903923138510809	AD	ENSG00000132938	0.9673738991192954	0.02474107117193647	FALSE	1	MTUS2	MTUS2
ENSG00000050426	29	1	28	0.12882233093911075	0.5200160128102482	0.02962369895916733	0.4903923138510809	AD	ENSG00000050426	0.9673738991192954	-0.17693557236207624	FALSE	1	LETMD1	LETMD1
ENSG00000083168	2	148	-146	-1.1264546225502483	0.1801441152922338	0.6695356285028022	-0.4893915132105685	Control	ENSG00000083168	0.966773418734988	0.26614306157792633	FALSE	1	KAT6A	KAT6A
ENSG00000120899	348	20	328	2.2930929404035236	0.8034427542033626	0.3146517213771017	0.48879103282626096	AD	ENSG00000120899	0.966373098478783	-0.2156177201518652	FALSE	1	PTK2B	PTK2B
ENSG00000204147	93	4	89	0.5688906881968746	0.6251000800640513	0.13690952762209768	0.4881905524419536	AD	ENSG00000204147	0.9659727782225781	-0.369373924540044	FALSE	1	ASAH2B	ASAH2B
ENSG00000108061	112	5	107	0.6987469247647394	0.6451160928742994	0.15792634107285827	0.4871897518014411	AD	ENSG00000108061	0.9655724579663731	-0.04324109899582851	FALSE	1	SHOC2	SHOC2
ENSG00000137218	28	1	27	0.1216080955742294	0.5164131305044035	0.02962369895916733	0.4867894315452362	AD	ENSG00000137218	0.9651721377101682	-0.17974062874697871	FALSE	1	FRS3	FRS3
ENSG00000178951	46	2	44	0.2442500967772128	0.5640512409927942	0.0788630904723779	0.4851881505204163	AD	ENSG00000178951	0.9647718174539631	0.05285707401145601	FALSE	1	ZBTB7A	ZBTB7A
ENSG00000175785	2	143	-141	-1.0903834457258417	0.1801441152922338	0.6641313050440353	-0.4839871897518015	Control	ENSG00000175785	0.9643714971977582	0.16917301315628386	FALSE	1	PRIMA1	PRIMA1
ENSG00000177570	570	44	526	3.721511542650035	0.9145316253002402	0.4323458767013611	0.48218574859887914	AD	ENSG00000177570	0.9639711769415532	-0.24802244543968224	FALSE	1	SAMD12	SAMD12
ENSG00000183258	44	2	42	0.22982162604745	0.5606485188150521	0.0788630904723779	0.4817854283426742	AD	ENSG00000183258	0.9635708566853483	-0.02331833804952232	FALSE	1	DDX41	DDX41
ENSG00000049245	1	87	-86	-0.6936005006573661	0.072257806244996	0.5540432345876701	-0.4817854283426741	Control	ENSG00000049245	0.9631705364291433	0.16566104556415162	FALSE	1	VAMP3	VAMP3
ENSG00000150051	63	3	60	0.3596778626153148	0.5910728582866293	0.11188951160928742	0.47918334667734186	AD	ENSG00000150051	0.9627702161729383	-0.03461159895596566	FALSE	1	MKX	MKX
ENSG00000119950	2	141	-139	-1.075954974996079	0.1801441152922338	0.6591273018414732	-0.4789831865492394	Control	ENSG00000119950	0.9623698959167334	0.08832839160010231	FALSE	1	MXI1	MXI1
ENSG00000159784	25	1	24	0.09996538947958523	0.505804643714972	0.02962369895916733	0.4761809447558047	AD	ENSG00000159784	0.9619695756605284	-0.02897535316746946	FALSE	1	FAM131B	FAM131B
ENSG00000184867	3	180	-177	-1.350095918861571	0.24079263410728585	0.7151721377101682	-0.4743795036028824	Control	ENSG00000184867	0.9615692554043235	-0.01059707453038072	FALSE	1	ARMCX2	ARMCX2
ENSG00000081479	1	84	-83	-0.6719577945627221	0.072257806244996	0.5466373098478783	-0.4743795036028823	Control	ENSG00000081479	0.960968775020016	0.3531700337853767	FALSE	1	LRP2	LRP2
ENSG00000100485	1	84	-83	-0.6719577945627221	0.072257806244996	0.5466373098478783	-0.4743795036028823	Control	ENSG00000100485	0.960968775020016	0.09699201856961004	FALSE	1	SOS2	SOS2
ENSG00000130830	39	2	37	0.19375044922304316	0.5512409927942354	0.0788630904723779	0.4723779023218576	AD	ENSG00000130830	0.9603682946357086	-0.09788753296391484	FALSE	1	MPP1	MPP1
ENSG00000128283	4	220	-216	-1.631451098091945	0.2822257806244996	0.7538030424339471	-0.47157726180944753	Control	ENSG00000128283	0.9599679743795037	0.0041286104590732	FALSE	1	CDC42EP1	CDC42EP1
ENSG00000173020	58	3	55	0.3236066857909079	0.5824659727782225	0.11188951160928742	0.47057646116893515	AD	ENSG00000173020	0.9595676541232986	0.02618664408500493	FALSE	1	GRK2	GRK2
ENSG00000153130	57	3	54	0.31639245042602654	0.5810648518815053	0.11188951160928742	0.46917534027221786	AD	ENSG00000153130	0.9591673338670936	-0.23800362613148351	FALSE	1	SCOC	SCOC
ENSG00000240891	405	28	377	2.646590473282711	0.8318654923939152	0.36289031224979984	0.4689751801441153	AD	ENSG00000240891	0.9587670136108887	0.01181688209805109	FALSE	1	PLCXD2	PLCXD2
ENSG00000285517	23	1	22	0.0855369187498225	0.4981985588470776	0.02962369895916733	0.4685748598879103	AD	ENSG00000285517	0.9583666933546837	-0.00765962534509157	FALSE	1	LINC00941	LINC00941
ENSG00000136100	1	78	-77	-0.6286723823734338	0.072257806244996	0.5364291433146517	-0.46417133706965574	Control	ENSG00000136100	0.9579663730984788	-0.14162986067765537	FALSE	1	VPS36	VPS36
ENSG00000179603	267	16	251	1.7375968173076577	0.750400320256205	0.2868294635708567	0.46357085668534825	AD	ENSG00000179603	0.9575660528422738	-0.1511734852241542	FALSE	1	GRM8	GRM8
ENSG00000255366	35	2	33	0.16489350776351763	0.5396317053642914	0.0788630904723779	0.4607686148919135	AD	ENSG00000255366	0.9571657325860689	-0.05086072058607094	FALSE	1	NA	ENSG00000255366
ENSG00000168785	86	5	81	0.5111768052778236	0.6184947958366693	0.15792634107285827	0.46056845476381103	AD	ENSG00000168785	0.9565652522017614	-0.14782567175247685	FALSE	1	TSPAN5	TSPAN5
ENSG00000127585	51	3	48	0.27310703823673826	0.5724579663730984	0.11188951160928742	0.46056845476381103	AD	ENSG00000127585	0.9565652522017614	-0.07062065273072804	FALSE	1	FBXL16	FBXL16
ENSG00000087095	397	29	368	2.5816623549987785	0.8286629303442754	0.3686949559647718	0.4599679743795036	AD	ENSG00000087095	0.955964771817454	-0.2522720214584382	FALSE	1	NLK	NLK
ENSG00000132535	66	4	62	0.37410633334507754	0.5966773418734987	0.13690952762209768	0.45976781425140106	AD	ENSG00000132535	0.955564451561249	-0.2136292551254666	FALSE	1	DLG4	DLG4
ENSG00000163393	1	76	-75	-0.614243911643671	0.072257806244996	0.5306244995996797	-0.4583666933546837	Control	ENSG00000163393	0.9551641313050441	0.03868000811471894	FALSE	1	SLC22A15	SLC22A15
ENSG00000228624	1	75	-74	-0.6070296762787897	0.072257806244996	0.52822257806245	-0.455964771817454	Control	ENSG00000228624	0.9547638110488391	0.0052095618278285	FALSE	1	HDAC2-AS2	HDAC2-AS2
ENSG00000176903	4	203	-199	-1.5088090968889616	0.2822257806244996	0.7375900720576462	-0.45536429143314655	Control	ENSG00000176903	0.9543634907926342	0.03556464875794596	FALSE	1	PNMA1	PNMA1
ENSG00000168993	32	2	30	0.14325080166887352	0.532826261008807	0.0788630904723779	0.4539631705364291	AD	ENSG00000168993	0.9537630104083267	-0.31188366553709734	FALSE	1	CPLX1	CPLX1
ENSG00000152784	32	2	30	0.14325080166887352	0.532826261008807	0.0788630904723779	0.4539631705364291	AD	ENSG00000152784	0.9537630104083267	-0.0055926947937106	FALSE	1	PRDM8	PRDM8
ENSG00000006740	308	21	287	1.9973092904433871	0.7760208166533227	0.3238590872698158	0.4521617293835069	AD	ENSG00000006740	0.9531625300240192	-0.09650172275990344	FALSE	1	ARHGAP44	ARHGAP44
ENSG00000269553	1	73	-72	-0.592601205549027	0.072257806244996	0.5232185748598879	-0.4509607686148918	Control	ENSG00000269553	0.9527622097678142	0.1934955766818076	FALSE	1	NA	ENSG00000269553
ENSG00000176884	144	9	135	0.900745514981418	0.6707365892714171	0.2207766212970376	0.4499599679743795	AD	ENSG00000176884	0.9523618895116093	0.01676360833015344	FALSE	1	GRIN1	GRIN1
ENSG00000067715	266	18	248	1.7159541112130137	0.749599679743795	0.30164131305044034	0.4479583666933547	AD	ENSG00000067715	0.9519615692554043	-0.6120839328152723	FALSE	1	SYT1	SYT1
ENSG00000188352	57	4	53	0.3091782150611452	0.5810648518815053	0.13690952762209768	0.4441553242594076	AD	ENSG00000188352	0.9515612489991994	-0.07110837667782732	FALSE	1	FOCAD	FOCAD
ENSG00000117266	1	70	-69	-0.5709584994543828	0.072257806244996	0.515812650120096	-0.4435548438751	Control	ENSG00000117266	0.9509607686148919	0.05518004360461504	FALSE	1	CDK18	CDK18
ENSG00000196814	1	70	-69	-0.5709584994543828	0.072257806244996	0.515812650120096	-0.4435548438751	Control	ENSG00000196814	0.9509607686148919	-0.00695260225640304	FALSE	1	MVB12B	MVB12B
ENSG00000183654	41	3	38	0.20096468458792452	0.55484387510008	0.11188951160928742	0.44295436349079265	AD	ENSG00000183654	0.9503602882305845	-0.30348915641584373	FALSE	1	MARCHF11	MARCHF11
ENSG00000084070	291	21	270	1.874667289240404	0.7660128102481986	0.3238590872698158	0.44215372297838273	AD	ENSG00000084070	0.9499599679743795	-0.1847906657675935	FALSE	1	SMAP2	SMAP2
ENSG00000259891	1	69	-68	-0.5637442640895014	0.072257806244996	0.5134107285828663	-0.4411529223378703	Control	ENSG00000259891	0.9495596477181746	-0.18427455404072823	FALSE	1	NA	ENSG00000259891
ENSG00000197457	40	3	37	0.19375044922304316	0.5528422738190553	0.11188951160928742	0.4409527622097678	AD	ENSG00000197457	0.9489591673338671	-0.15395877074871755	FALSE	1	STMN3	STMN3
ENSG00000112561	2	120	-118	-0.92445603233357	0.1801441152922338	0.6210968775020016	-0.4409527622097678	Control	ENSG00000112561	0.9489591673338671	0.05207468029428774	FALSE	1	TFEB	TFEB
ENSG00000117598	476	43	433	3.050587653716068	0.8676941553242594	0.4289431545236189	0.4387510008006405	AD	ENSG00000117598	0.9481585268214572	-0.25324103285974076	FALSE	1	PLPPR5	PLPPR5
ENSG00000138434	2	119	-117	-0.9172417969686888	0.1801441152922338	0.6188951160928743	-0.4387510008006405	Control	ENSG00000138434	0.9481585268214572	0.1375117651579103	FALSE	1	ITPRID2	ITPRID2
ENSG00000138101	38	3	35	0.1793219784932804	0.5488390712570056	0.11188951160928742	0.4369495596477182	AD	ENSG00000138101	0.9475580464371497	-0.2582963719060736	FALSE	1	DTNB	DTNB
ENSG00000108387	1	67	-66	-0.5493157933597387	0.072257806244996	0.5086068855084067	-0.4363490792634107	Control	ENSG00000108387	0.9471577261809447	-0.7973494742155545	TRUE	2	SEPTIN4	SEPTIN4
ENSG00000205356	64	5	59	0.3524636272504334	0.5934747798238591	0.15792634107285827	0.4355484387510008	AD	ENSG00000205356	0.9467574059247398	-0.06284637896188627	FALSE	2	TECPR1	TECPR1
ENSG00000176658	2	117	-115	-0.902813326238926	0.1801441152922338	0.6140912730184147	-0.4339471577261809	Control	ENSG00000176658	0.9463570856685348	0.21998913295491285	FALSE	2	MYO1D	MYO1D
ENSG00000138629	16	1	15	0.03503727119565286	0.4629703763010408	0.02962369895916733	0.4333466773418735	AD	ENSG00000138629	0.9459567654123299	-0.114776139905846	FALSE	2	UBL7	UBL7
ENSG00000004897	6	239	-233	-1.7540930992949284	0.33767013610888713	0.7706164931945556	-0.4329463570856685	Control	ENSG00000004897	0.9455564451561249	-0.07810963760902112	FALSE	2	CDC27	CDC27
ENSG00000135439	108	8	100	0.6482472772105697	0.639911929543635	0.2075660528422738	0.4323458767013611	AD	ENSG00000135439	0.94515612489992	-0.11582559385218616	FALSE	2	AGAP2	AGAP2
ENSG00000008311	1	66	-65	-0.5421015579948573	0.072257806244996	0.5042033626901521	-0.4319455564451561	Control	ENSG00000008311	0.9441553242594075	0.13133070958073922	FALSE	2	AASS	AASS
ENSG00000135929	1	66	-65	-0.5421015579948573	0.072257806244996	0.5042033626901521	-0.4319455564451561	Control	ENSG00000135929	0.9441553242594075	0.06786086966330629	FALSE	2	CYP27A1	CYP27A1
ENSG00000262223	1	66	-65	-0.5421015579948573	0.072257806244996	0.5042033626901521	-0.4319455564451561	Control	ENSG00000262223	0.9441553242594075	-0.17943591920757385	FALSE	2	LINC03048	LINC03048
ENSG00000108528	1	66	-65	-0.5421015579948573	0.072257806244996	0.5042033626901521	-0.4319455564451561	Control	ENSG00000108528	0.9441553242594075	-0.10370449923297542	FALSE	2	SLC25A11	SLC25A11
ENSG00000131711	288	22	266	1.8458103477808785	0.7640112089671738	0.3324659727782226	0.4315452361889512	AD	ENSG00000131711	0.9431545236188951	-0.2285711454691306	FALSE	2	MAP1B	MAP1B
ENSG00000079435	2	116	-114	-0.8955990908740447	0.1801441152922338	0.6110888710968775	-0.4309447558046437	Control	ENSG00000079435	0.9427542033626901	-0.1275601817974792	FALSE	2	LIPE	LIPE
ENSG00000112851	3	149	-146	-1.1264546225502483	0.24079263410728585	0.671537229783827	-0.4307445956765412	Control	ENSG00000112851	0.9421537229783827	0.21211134724759617	FALSE	2	ERBIN	ERBIN
ENSG00000139292	3	149	-146	-1.1264546225502483	0.24079263410728585	0.671537229783827	-0.4307445956765412	Control	ENSG00000139292	0.9421537229783827	0.0999729679435344	FALSE	2	LGR5	LGR5
ENSG00000124217	7	264	-257	-1.9272347480520813	0.3592874299439552	0.7864291433146517	-0.42714171337069656	Control	ENSG00000124217	0.9415532425940752	-0.02758248530950879	FALSE	2	MOCS3	MOCS3
ENSG00000221866	1	65	-64	-0.5348873226299758	0.072257806244996	0.49879903923138513	-0.42654123298638913	Control	ENSG00000221866	0.9407526020816653	0.17228232833734047	FALSE	2	PLXNA4	PLXNA4
ENSG00000164620	1	65	-64	-0.5348873226299758	0.072257806244996	0.49879903923138513	-0.42654123298638913	Control	ENSG00000164620	0.9407526020816653	0.09521356356149369	FALSE	2	RELL2	RELL2
ENSG00000119537	1	65	-64	-0.5348873226299758	0.072257806244996	0.49879903923138513	-0.42654123298638913	Control	ENSG00000119537	0.9407526020816653	0.07156616564555485	FALSE	2	KDSR	KDSR
ENSG00000125827	27	538	-511	-3.759650530731951	0.5128102481985588	0.938951160928743	-0.4261409127301842	Control	ENSG00000125827	0.9399519615692554	-0.07594776659184177	FALSE	2	TMX4	TMX4
ENSG00000244274	4	173	-169	-1.2923820359425202	0.2822257806244996	0.7083666933546837	-0.4261409127301841	Control	ENSG00000244274	0.9395516413130505	-0.16764064511731114	FALSE	2	DBNDD2	DBNDD2
ENSG00000196542	98	8	90	0.576104923561756	0.6311048839071257	0.2075660528422738	0.4235388310648519	AD	ENSG00000196542	0.9391513210568455	-0.4495787352408041	FALSE	2	SPTSSB	SPTSSB
ENSG00000101290	2	111	-109	-0.8595279140496378	0.1801441152922338	0.6034827862289832	-0.42333867093674943	Control	ENSG00000101290	0.9387510008006406	0.04419471351900306	FALSE	2	CDS2	CDS2
ENSG00000221823	97	8	89	0.5688906881968746	0.6297037630104083	0.2075660528422738	0.4221377101681345	AD	ENSG00000221823	0.9383506805444356	-0.4166784560971344	FALSE	2	PPP3R1	PPP3R1
ENSG00000025772	43	4	39	0.2081789199528059	0.5588470776621297	0.13690952762209768	0.42193755004003197	AD	ENSG00000025772	0.9377502001601281	-0.07470227012080066	FALSE	2	TOMM34	TOMM34
ENSG00000097007	1	64	-63	-0.5276730872650945	0.072257806244996	0.494195356285028	-0.42193755004003197	Control	ENSG00000097007	0.9377502001601281	0.13422292469618569	FALSE	2	ABL1	ABL1
ENSG00000116254	14	1	13	0.0206088004658901	0.4499599679743795	0.02962369895916733	0.42033626901521215	AD	ENSG00000116254	0.9369495596477182	-0.02925206231029697	FALSE	2	CHD5	CHD5
ENSG00000166689	14	1	13	0.0206088004658901	0.4499599679743795	0.02962369895916733	0.42033626901521215	AD	ENSG00000166689	0.9369495596477182	0.31792388955300943	FALSE	2	PLEKHA7	PLEKHA7
ENSG00000065978	2	109	-107	-0.8450994433198751	0.1801441152922338	0.600080064051241	-0.4199359487590073	Control	ENSG00000065978	0.9363490792634107	0.08824954235845084	FALSE	2	YBX1	YBX1
ENSG00000079785	8	279	-271	-2.0282340431604204	0.3781024819855885	0.7974379503602882	-0.4193354683746997	Control	ENSG00000079785	0.9359487590072058	-0.05963291445840291	FALSE	2	DDX1	DDX1
ENSG00000033627	241	20	221	1.5211697563612163	0.732586068855084	0.3146517213771017	0.4179343474779824	AD	ENSG00000033627	0.9355484387510008	-0.16992506319313527	FALSE	2	ATP6V0A1	ATP6V0A1
ENSG00000168487	1	63	-62	-0.5204588519002131	0.072257806244996	0.4897918334667734	-0.4175340272217774	Control	ENSG00000168487	0.9351481184947958	0.15300406823351054	FALSE	2	BMP1	BMP1
ENSG00000169213	40	4	36	0.18653621385816177	0.5528422738190553	0.13690952762209768	0.4159327461969576	AD	ENSG00000169213	0.9347477982385909	-0.3405831674066846	FALSE	2	RAB3B	RAB3B
ENSG00000101746	131	11	120	0.7925319845081973	0.6601281024819856	0.2443955164131305	0.4157325860688551	AD	ENSG00000101746	0.9343474779823859	-0.17538253059131215	FALSE	2	NOL4	NOL4
ENSG00000188419	20	445	-425	-3.1392262893521528	0.4859887910328263	0.9013210568454764	-0.4153322658126501	Control	ENSG00000188419	0.933947157726181	0.02463971933094733	FALSE	2	CHM	CHM
ENSG00000179222	1	62	-61	-0.5132446165353317	0.072257806244996	0.4861889511609287	-0.41393114491593275	Control	ENSG00000179222	0.9333466773418735	-0.12351504839242013	FALSE	2	MAGED1	MAGED1
ENSG00000033327	1	62	-61	-0.5132446165353317	0.072257806244996	0.4861889511609287	-0.41393114491593275	Control	ENSG00000033327	0.9333466773418735	-0.19317605674571503	FALSE	2	GAB2	GAB2
ENSG00000173327	2	105	-103	-0.8162425018603495	0.1801441152922338	0.59387510008006406	-0.4137309847878302	Control	ENSG00000173327	0.932746196957566	0.03662318174793455	FALSE	2	MAP3K11	MAP3K11
ENSG00000167281	218	19	199	1.362456578333826	0.7197758206565252	0.3074459567654123	0.4123298638911129	AD	ENSG00000167281	0.932345876701361	0.01477080691797816	FALSE	2	RBFOX3	RBFOX3
ENSG00000178685	13	1	12	0.01339456510100873	0.4415532425940753	0.02962369895916733	0.4119295436349079	AD	ENSG00000178685	0.9319455564451561	0.18694694378712917	FALSE	2	PARP10	PARP10
ENSG00000139438	4	163	-159	-1.2202396822937065	0.2822257806244996	0.6937550040032026	-0.41152922337870296	Control	ENSG00000139438	0.9315452361889511	0.07449109214718952	FALSE	2	FAM222A	FAM222A
ENSG00000168234	9	291	-282	-2.107590632174116	0.3955164131305044	0.8066453162530024	-0.411128903122498	Control	ENSG00000168234	0.9311449159327462	-0.09314370220848468	FALSE	2	TTC39C	TTC39C
ENSG00000142230	1	61	-60	-0.5060303811704504	0.072257806244996	0.4831865492393915	-0.4109287429943955	Control	ENSG00000142230	0.9307445956765412	-0.01231000380411728	FALSE	2	SAE1	SAE1
ENSG00000124772	122	11	111	0.727603866224265	0.6535228182546037	0.2443955164131305	0.4091273018414732	AD	ENSG00000124772	0.9303442754203363	-0.1634655116220891	FALSE	2	CPNE5	CPNE5
ENSG00000164542	2	102	-100	-0.7945997957657054	0.1801441152922338	0.5878702962369896	-0.4077261809447558	Control	ENSG00000164542	0.9299439551641313	-0.03229834628185024	FALSE	2	MATCAP2	MATCAP2
ENSG00000126803	3	134	-131	-1.018241092077028	0.24079263410728585	0.6481184947958367	-0.4073258606885509	Control	ENSG00000126803	0.9293434747798238	0.17315805648872562	FALSE	2	HSPA2	HSPA2
ENSG00000005513	3	134	-131	-1.018241092077028	0.24079263410728585	0.6481184947958367	-0.4073258606885509	Control	ENSG00000005513	0.9293434747798238	-0.0979474119732764	FALSE	2	SOX8	SOX8
ENSG00000123416	182	16	166	1.1243868112927409	0.6939551641313051	0.2868294635708567	0.4071257005604484	AD	ENSG00000123416	0.9287429943955164	0.00750328489081297	FALSE	2	TUBA1B	TUBA1B
ENSG00000102312	1	59	-58	-0.4916019104406876	0.072257806244996	0.4785828662930344	-0.4063250600480384	Control	ENSG00000102312	0.9283426741393115	-0.10541736855078376	FALSE	2	PORCN	PORCN
ENSG00000114544	36	4	32	0.15767927239863627	0.5430344275420337	0.13690952762209768	0.406124899919936	AD	ENSG00000114544	0.9279423538831065	-0.08246893266962019	FALSE	2	SLC41A3	SLC41A3
ENSG00000285051	2	101	-99	-0.7873855604008241	0.1801441152922338	0.5854683746997598	-0.405324259407526	Control	ENSG00000285051	0.927341873498799	-0.2489141963676067	FALSE	2	SLC7A14-AS1	SLC7A14-AS1
ENSG00000092529	2	101	-99	-0.7873855604008241	0.1801441152922338	0.5854683746997598	-0.405324259407526	Control	ENSG00000092529	0.927341873498799	0.0210222081886755	FALSE	2	CAPN3	CAPN3
ENSG00000136535	541	65	476	3.360799774405967	0.9029223378702962	0.49879903923138513	0.40412329863891105	AD	ENSG00000136535	0.9267413931144916	-0.0636395931608984	FALSE	2	TBR1	TBR1
ENSG00000100934	12	338	-326	-2.4250169882288963	0.43274619695756605	0.8362690152121698	-0.40352281825460373	Control	ENSG00000100934	0.9263410728582866	0.04949308075852876	FALSE	2	SEC23A	SEC23A
ENSG00000170271	1	58	-57	-0.48438767507580627	0.072257806244996	0.4757806244995997	-0.4035228182546037	Control	ENSG00000170271	0.9257405924739792	0.05560902739084206	FALSE	2	FAXDC2	FAXDC2
ENSG00000109099	1	58	-57	-0.48438767507580627	0.072257806244996	0.4757806244995997	-0.4035228182546037	Control	ENSG00000109099	0.9257405924739792	0.106156902052561	FALSE	2	PMP22	PMP22
ENSG00000196935	12	1	11	0.00618032973612735	0.43274619695756605	0.02962369895916733	0.4031224979983987	AD	ENSG00000196935	0.9251401120896717	0.304778622322484	FALSE	2	SRGAP1	SRGAP1
ENSG00000124313	210	20	190	1.2975284600498938	0.716373098478783	0.3146517213771017	0.4017213771016814	AD	ENSG00000124313	0.9247397918334668	-0.00311468602658138	FALSE	2	IQSEC2	IQSEC2
ENSG00000157168	112	11	101	0.6554615125754512	0.6451160928742994	0.2443955164131305	0.4007205764611689	AD	ENSG00000157168	0.9243394715772618	-0.08785339504724554	FALSE	2	NRG1	NRG1
ENSG00000146122	1	57	-56	-0.4771734397109249	0.072257806244996	0.47277822257806246	-0.40052041633306645	Control	ENSG00000146122	0.9239391513210569	-0.04603012200417566	FALSE	2	DAAM2	DAAM2
ENSG00000236064	147	14	133	0.8863170442516553	0.672738190552442	0.27241793434747796	0.400320256204964	AD	ENSG00000236064	0.9235388310648519	-0.3230485878112379	FALSE	2	NA	ENSG00000236064
ENSG00000010818	34	4	30	0.14325080166887352	0.5368294635708567	0.13690952762209768	0.399919935948759	AD	ENSG00000010818	0.923138510808647	-0.04424658063146936	FALSE	2	HIVEP2	HIVEP2
ENSG00000171724	257	24	233	1.6077405807397929	0.7457966373098479	0.34627702161729385	0.39951961569255406	AD	ENSG00000171724	0.922738190552442	-0.10295527009539462	FALSE	2	VAT1L	VAT1L
ENSG00000184524	87	9	78	0.4895340991831795	0.6196957566052842	0.2207766212970376	0.3989191353082466	AD	ENSG00000184524	0.922337870296237	-0.23482511354996305	FALSE	2	CEND1	CEND1
ENSG00000157542	73	8	65	0.3957490394397217	0.605884707766213	0.2075660528422738	0.39831865492393914	AD	ENSG00000157542	0.921937550040032	-0.16770276502520964	FALSE	2	KCNJ6	KCNJ6
ENSG00000160932	26	3	23	0.09275115411470387	0.5092073658927142	0.11188951160928742	0.3973178542834268	AD	ENSG00000160932	0.921537229783827	-0.09077645895247244	FALSE	2	LY6E	LY6E
ENSG00000154864	1	56	-55	-0.4699592043460435	0.072257806244996	0.4695756605284227	-0.3973178542834267	Control	ENSG00000154864	0.9211369095276221	0.19808368204332183	FALSE	2	PIEZO2	PIEZO2
ENSG00000116221	9	270	-261	-1.956091689511607	0.3955164131305044	0.7924339471577262	-0.3969175340272218	Control	ENSG00000116221	0.9207365892714171	-0.05540490482122884	FALSE	2	MRPL37	MRPL37
ENSG00000087460	18	2	16	0.04225150656053424	0.4753803042433947	0.0788630904723779	0.3965172137710168	AD	ENSG00000087460	0.9203362690152121	-0.10139088875930646	FALSE	2	GNAS	GNAS
ENSG00000101132	40	5	35	0.1793219784932804	0.5528422738190553	0.15792634107285827	0.39491593274619696	AD	ENSG00000101132	0.9199359487590072	-0.258949538169178	FALSE	2	PFDN4	PFDN4
ENSG00000049759	94	10	84	0.5328195113724677	0.6267013610888711	0.2321857485988791	0.394515612489992	AD	ENSG00000049759	0.9195356285028022	-0.16505709983768568	FALSE	2	NEDD4L	NEDD4L
ENSG00000176438	1	55	-54	-0.4627449689811622	0.072257806244996	0.466373098478783	-0.394115292233787	Control	ENSG00000176438	0.9191353082465973	0.22477465775607897	FALSE	2	SYNE3	SYNE3
ENSG00000287581	147	15	132	0.8791028088867738	0.672738190552442	0.2792233787029624	0.3935148118494796	AD	ENSG00000287581	0.9187349879903923	0.06540424713535042	FALSE	2	NA	ENSG00000287581
ENSG00000151247	340	36	304	2.1199512916463705	0.7960368294635709	0.40292233787029624	0.39311449159327466	AD	ENSG00000151247	0.9183346677341874	-0.24906218516382772	FALSE	2	EIF4E	EIF4E
ENSG00000179915	506	64	442	3.1155157720000006	0.8867093674939952	0.494195356285028	0.3925140112089672	AD	ENSG00000179915	0.9179343474779824	-0.07116812649740645	FALSE	2	NRXN1	NRXN1
ENSG00000022567	11	1	10	-0.00103390562875401	0.4213370696557246	0.02962369895916733	0.39171337069655726	AD	ENSG00000022567	0.9171337069655725	0.11865606535754658	FALSE	2	SLC45A4	SLC45A4
ENSG00000160445	11	1	10	-0.00103390562875401	0.4213370696557246	0.02962369895916733	0.39171337069655726	AD	ENSG00000160445	0.9171337069655725	-0.08997922522495472	FALSE	2	ZER1	ZER1
ENSG00000091164	11	1	10	-0.00103390562875401	0.4213370696557246	0.02962369895916733	0.39171337069655726	AD	ENSG00000091164	0.9171337069655725	-0.23245513060103917	FALSE	2	TXNL1	TXNL1
ENSG00000132821	288	30	258	1.7880964648618274	0.7640112089671738	0.37369895916733387	0.3903122497998399	AD	ENSG00000132821	0.9163330664531625	-0.19101900892065335	FALSE	2	VSTM2L	VSTM2L
ENSG00000189067	1	53	-52	-0.44831649825139935	0.072257806244996	0.461369095276221	-0.389111289031225	Control	ENSG00000189067	0.9159327461969575	0.0969946534712598	FALSE	2	LITAF	LITAF
ENSG00000143164	20	400	-380	-2.8145856979324906	0.4859887910328263	0.8746997598078463	-0.38871096877502	Control	ENSG00000143164	0.9155324259407526	-0.13451629102133644	FALSE	2	DCAF6	DCAF6
ENSG00000012171	2	93	-91	-0.7296716774817731	0.1801441152922338	0.5686549239391513	-0.3885108086469175	Control	ENSG00000012171	0.9151321056845476	-0.08577781034018983	FALSE	2	SEMA3B	SEMA3B
ENSG00000074803	30	4	26	0.114393860209348	0.5246196957566053	0.13690952762209768	0.3877101681345076	AD	ENSG00000074803	0.9147317854283427	-0.08393070007323633	FALSE	2	SLC12A1	SLC12A1
ENSG00000143740	13	327	-314	-2.33844616385032	0.4415532425940753	0.8290632506004804	-0.3875100080064051	Control	ENSG00000143740	0.9143314651721377	0.0431608267852468	FALSE	2	SNAP47	SNAP47
ENSG00000154001	7	211	-204	-1.5448802737133684	0.3592874299439552	0.7461969575660529	-0.3869095276220977	Control	ENSG00000154001	0.9139311449159327	0.0436281699294323	FALSE	2	PPP2R5E	PPP2R5E
ENSG00000164190	8	233	-225	-1.6963792163758773	0.3781024819855885	0.7650120096076861	-0.3869095276220976	Control	ENSG00000164190	0.9135308246597278	0.15069159823396028	FALSE	2	NIPBL	NIPBL
ENSG00000132305	1	52	-51	-0.44110226288651794	0.072257806244996	0.45856685348278625	-0.38630904723779025	Control	ENSG00000132305	0.9129303442754203	-0.0410038964304178	FALSE	2	IMMT	IMMT
ENSG00000183230	1	52	-51	-0.44110226288651794	0.072257806244996	0.45856685348278625	-0.38630904723779025	Control	ENSG00000183230	0.9129303442754203	-0.3710925347425604	FALSE	2	CTNNA3	CTNNA3
ENSG00000065923	546	72	474	3.3463713036762046	0.905724579663731	0.5202161729383507	0.38550840672538034	AD	ENSG00000065923	0.9123298638911129	-0.0911647141543881	FALSE	2	SLC9A7	SLC9A7
ENSG00000164209	2	91	-89	-0.7152432067520103	0.1801441152922338	0.5652522017614091	-0.3851080864691753	Control	ENSG00000164209	0.911929543634908	-0.05696253410293117	FALSE	2	SLC25A46	SLC25A46
ENSG00000135070	34	499	-465	-3.4277957039474076	0.5368294635708567	0.921537229783827	-0.3847077662129703	Control	ENSG00000135070	0.911529223378703	-0.08603851159185005	FALSE	2	ISCA1	ISCA1
ENSG00000047644	9	254	-245	-1.840663923673505	0.3955164131305044	0.7800240192153723	-0.3845076060848679	Control	ENSG00000047644	0.911128903122498	0.09642174970287344	FALSE	2	WWC3	WWC3
ENSG00000089169	16	2	14	0.02782303583077148	0.4629703763010408	0.0788630904723779	0.38410728582866294	AD	ENSG00000089169	0.910728582866293	-0.6701240193331444	TRUE	3	RPH3A	RPH3A
ENSG00000101638	22	3	19	0.06389421265517836	0.49499599679743794	0.11188951160928742	0.3831064851881505	AD	ENSG00000101638	0.910328262610088	-0.01517385975781415	FALSE	3	ST8SIA5	ST8SIA5
ENSG00000104327	1	51	-50	-0.4338880275216366	0.072257806244996	0.455164131305044	-0.382906325060048	Control	ENSG00000104327	0.9097277822257807	-0.37756357194250345	FALSE	3	CALB1	CALB1
ENSG00000185133	1	51	-50	-0.4338880275216366	0.072257806244996	0.455164131305044	-0.382906325060048	Control	ENSG00000185133	0.9097277822257807	0.03248229326442597	FALSE	3	INPP5J	INPP5J
ENSG00000169247	3	121	-118	-0.92445603233357	0.24079263410728585	0.622898318654924	-0.38210568454763816	Control	ENSG00000169247	0.9091273018414732	0.08849549072144036	FALSE	3	SH3TC2	SH3TC2
ENSG00000105270	163	18	145	0.9728878686302318	0.6833466773418735	0.30164131305044034	0.38170536429143315	AD	ENSG00000105270	0.9083266613290633	-0.2681413487887898	FALSE	3	CLIP3	CLIP3
ENSG00000179455	2	90	-88	-0.708028971387129	0.1801441152922338	0.5618494795836669	-0.38170536429143315	Control	ENSG00000179455	0.9083266613290633	0.05299606908823584	FALSE	3	MKRN3	MKRN3
ENSG00000152689	2	90	-88	-0.708028971387129	0.1801441152922338	0.5618494795836669	-0.38170536429143315	Control	ENSG00000152689	0.9083266613290633	-0.03807120849501189	FALSE	3	RASGRP3	RASGRP3
ENSG00000278291	6	183	-177	-1.350095918861571	0.33767013610888713	0.7183746997598078	-0.3807045636509207	Control	ENSG00000278291	0.9075260208166533	-0.1821215231135218	FALSE	3	NA	ENSG00000278291
ENSG00000115561	3	120	-117	-0.9172417969686888	0.24079263410728585	0.6210968775020016	-0.3803042433947158	Control	ENSG00000115561	0.9071257005604484	0.02372989559721716	FALSE	3	CHMP3	CHMP3
ENSG00000173825	10	266	-256	-1.9200205126872	0.4091273018414732	0.789031224979984	-0.3799039231385109	Control	ENSG00000173825	0.9067253803042434	-0.17777607470594514	FALSE	3	TIGD3	TIGD3
ENSG00000152061	474	62	412	2.899088711053559	0.8658927141713371	0.4861889511609287	0.3797037630104083	AD	ENSG00000152061	0.9063250600480385	-0.16422591554490218	FALSE	3	RABGAP1L	RABGAP1L
ENSG00000149679	28	4	24	0.09996538947958523	0.5164131305044035	0.13690952762209768	0.37950360288230583	AD	ENSG00000149679	0.9055244195356285	0.00115125648392933	FALSE	3	CABLES2	CABLES2
ENSG00000196865	10	1	9	-0.00824814099363539	0.4091273018414732	0.02962369895916733	0.37950360288230583	AD	ENSG00000196865	0.9055244195356285	0.15762295246437574	FALSE	3	NHLRC2	NHLRC2
ENSG00000159871	10	1	9	-0.00824814099363539	0.4091273018414732	0.02962369895916733	0.37950360288230583	AD	ENSG00000159871	0.9055244195356285	-0.06995694466770352	FALSE	3	LYPD5	LYPD5
ENSG00000211584	1	50	-49	-0.4266737921567552	0.072257806244996	0.4513610888710969	-0.3791032826261009	Control	ENSG00000211584	0.9047237790232185	-0.00734231374683425	FALSE	3	SLC48A1	SLC48A1
ENSG00000137494	34	5	29	0.1360365663039921	0.5368294635708567	0.15792634107285827	0.3789031224979984	AD	ENSG00000137494	0.9041232986389112	-0.2054810350361329	FALSE	3	ANKRD42	ANKRD42
ENSG00000251621	5	162	-157	-1.2058112115639437	0.3122497998398719	0.6911529223378703	-0.3789031224979984	Control	ENSG00000251621	0.9041232986389112	0.1262947685332243	FALSE	3	NA	ENSG00000251621
ENSG00000158258	361	44	317	2.2137363513898287	0.8096477181745396	0.4323458767013611	0.3773018414731785	AD	ENSG00000158258	0.9035228182546037	0.13466149650952808	FALSE	3	CLSTN2	CLSTN2
ENSG00000105220	375	46	329	2.300307175768405	0.816052842273819	0.43935148118494793	0.3767013610888711	AD	ENSG00000105220	0.9031224979983987	-0.1816289432737559	FALSE	3	GPI	GPI
ENSG00000127838	27	4	23	0.09275115411470387	0.5128102481985588	0.13690952762209768	0.3759007205764611	AD	ENSG00000127838	0.9027221777421938	-0.13619570434340034	FALSE	3	PNKD	PNKD
ENSG00000119004	87	11	76	0.4751056284534167	0.6196957566052842	0.2443955164131305	0.3753002401921537	AD	ENSG00000119004	0.9023218574859888	0.035179663168174	FALSE	3	CYP20A1	CYP20A1
ENSG00000163013	272	31	241	1.665454463658844	0.7530024019215372	0.3781024819855885	0.37489991993594873	AD	ENSG00000163013	0.9019215372297839	0.03936142608487358	FALSE	3	FBXO41	FBXO41
ENSG00000206052	313	36	277	1.9251669367945736	0.7770216172938351	0.40292233787029624	0.3740992794235389	AD	ENSG00000206052	0.9015212169735789	-0.11996956710461504	FALSE	3	DOK6	DOK6
ENSG00000092096	7	201	-194	-1.4727379200645547	0.3592874299439552	0.732986389111289	-0.3736989591673338	Control	ENSG00000092096	0.9011208967173739	-0.1197629863725158	FALSE	3	SLC22A17	SLC22A17
ENSG00000157895	37	493	-456	-3.362867585663475	0.5458366693354684	0.9193354683746996	-0.37349879903923133	Control	ENSG00000157895	0.9005204163330665	-0.05972892151800479	FALSE	3	C12orf43	C12orf43
ENSG00000261675	246	28	218	1.4995270502665723	0.7363891112890312	0.36289031224979984	0.37349879903923133	AD	ENSG00000261675	0.9005204163330665	-0.19436312890557697	FALSE	3	NA	ENSG00000261675
ENSG00000156384	1	48	-47	-0.4122453214269925	0.072257806244996	0.44515612489992	-0.3728983186549239	Control	ENSG00000156384	0.899519615692554	-0.14240692179145586	FALSE	3	SFR1	SFR1
ENSG00000236859	1	48	-47	-0.4122453214269925	0.072257806244996	0.44515612489992	-0.3728983186549239	Control	ENSG00000236859	0.899519615692554	-0.3007754632753663	FALSE	3	NIFK-AS1	NIFK-AS1
ENSG00000186417	1	48	-47	-0.4122453214269925	0.072257806244996	0.44515612489992	-0.3728983186549239	Control	ENSG00000186417	0.899519615692554	-0.23708526499060056	FALSE	3	GLDN	GLDN
ENSG00000011114	26	4	22	0.0855369187498225	0.5092073658927142	0.13690952762209768	0.3722978382706165	AD	ENSG00000011114	0.8987189751801441	0.16613461955483189	FALSE	3	BTBD7	BTBD7
ENSG00000233932	38	6	32	0.15767927239863627	0.5488390712570056	0.17694155324259409	0.3718975180144115	AD	ENSG00000233932	0.8979183346677342	-0.04588137682365545	FALSE	3	CTXN2	CTXN2
ENSG00000133703	25	404	-379	-2.8073714625676094	0.505804643714972	0.8777021617293835	-0.3718975180144115	Control	ENSG00000133703	0.8979183346677342	-0.01417478790771475	FALSE	3	KRAS	KRAS
ENSG00000113966	18	355	-337	-2.5043735772425917	0.4753803042433947	0.8472778222578062	-0.3718975180144115	Control	ENSG00000113966	0.8979183346677342	-0.11417454229769496	FALSE	3	ARL6	ARL6
ENSG00000150510	5	157	-152	-1.1697400347395368	0.3122497998398719	0.683947157726181	-0.3716973578863091	Control	ENSG00000150510	0.8967173738991193	-0.00869554064098743	FALSE	3	FAM124A	FAM124A
ENSG00000176454	31	5	26	0.114393860209348	0.5296236989591674	0.15792634107285827	0.3716973578863091	AD	ENSG00000176454	0.8967173738991193	-0.09877713896964302	FALSE	3	LPCAT4	LPCAT4
ENSG00000188153	5	157	-152	-1.1697400347395368	0.3122497998398719	0.683947157726181	-0.3716973578863091	Control	ENSG00000188153	0.8967173738991193	-0.01643193211191374	FALSE	3	COL4A5	COL4A5
ENSG00000186377	4	138	-134	-1.0398837981716722	0.2822257806244996	0.6539231385108086	-0.37169735788630903	Control	ENSG00000186377	0.8959167333867094	-0.30073669242006673	FALSE	3	CYP4X1	CYP4X1
ENSG00000165300	127	16	111	0.727603866224265	0.6577261809447558	0.2868294635708567	0.37089671737389907	AD	ENSG00000165300	0.8955164131305045	-0.10916317861452818	FALSE	3	SLITRK5	SLITRK5
ENSG00000144407	83	11	72	0.4462486869938913	0.6150920736589272	0.2443955164131305	0.37069655724579664	AD	ENSG00000144407	0.8951160928742994	-0.15566996315456816	FALSE	3	PTH2R	PTH2R
ENSG00000174173	2	85	-83	-0.6719577945627221	0.1801441152922338	0.5504403522818254	-0.3702962369895916	Control	ENSG00000174173	0.8943154523618895	-0.02516588995222157	FALSE	3	TRMT10C	TRMT10C
ENSG00000081760	25	402	-377	-2.7929429918378466	0.505804643714972	0.8761008807045636	-0.3702962369895916	Control	ENSG00000081760	0.8943154523618895	0.02285039761204288	FALSE	3	AACS	AACS
ENSG00000006042	2	85	-83	-0.6719577945627221	0.1801441152922338	0.5504403522818254	-0.3702962369895916	Control	ENSG00000006042	0.8943154523618895	0.03467132492058056	FALSE	3	TMEM98	TMEM98
ENSG00000128482	28	414	-386	-2.857871110121779	0.5164131305044035	0.8861088871096877	-0.3696957566052842	Control	ENSG00000128482	0.8935148118494796	-0.11133022629251066	FALSE	3	RNF112	RNF112
ENSG00000177542	470	64	406	2.855803298864271	0.8630904723779024	0.494195356285028	0.36889511609287434	AD	ENSG00000177542	0.8931144915932746	-0.0944274673655734	FALSE	3	SLC25A22	SLC25A22
ENSG00000116885	30	427	-397	-2.937227699135474	0.5246196957566053	0.8929143314651722	-0.3682946357085669	Control	ENSG00000116885	0.8927141713370697	-0.05107450727747853	FALSE	3	OSCP1	OSCP1
ENSG00000075790	8	211	-203	-1.537666038348487	0.3781024819855885	0.7461969575660529	-0.3680944755804644	Control	ENSG00000075790	0.8923138510808647	-0.10816257275923036	FALSE	3	BCAP29	BCAP29
ENSG00000180929	5	154	-149	-1.1480973286448928	0.3122497998398719	0.6795436349079264	-0.36729383506805446	Control	ENSG00000180929	0.8919135308246597	0.07549606827792843	FALSE	3	GPR62	GPR62
ENSG00000166189	1	46	-45	-0.3978168506972297	0.072257806244996	0.43935148118494793	-0.36709367493995193	Control	ENSG00000166189	0.8913130504403523	0.12276333835780662	FALSE	3	HPS6	HPS6
ENSG00000108861	1	46	-45	-0.3978168506972297	0.072257806244996	0.43935148118494793	-0.36709367493995193	Control	ENSG00000108861	0.8913130504403523	0.06979424226856246	FALSE	3	DUSP3	DUSP3
ENSG00000104643	35	454	-419	-3.0959408771628643	0.5396317053642914	0.90612489991993606	-0.36649319455564455	Control	ENSG00000104643	0.8907125700560449	-0.12116909783883044	FALSE	3	MTMR9	MTMR9
ENSG00000117020	11	265	-254	-1.9055920419574373	0.4213370696557246	0.7874299439551641	-0.3660928742994395	Control	ENSG00000117020	0.8903122497998399	0.01831910261625502	FALSE	3	AKT3	AKT3
ENSG00000134779	9	1	8	-0.01546237635851677	0.3955164131305044	0.02962369895916733	0.36589271417133706	AD	ENSG00000134779	0.8897117694155324	-0.1884158268322782	FALSE	3	TPGS2	TPGS2
ENSG00000225110	9	1	8	-0.01546237635851677	0.3955164131305044	0.02962369895916733	0.36589271417133706	AD	ENSG00000225110	0.8897117694155324	-0.19516945171004352	FALSE	3	PNMA6F	PNMA6F
ENSG00000138944	140	18	122	0.8069604552379601	0.6673338670936749	0.30164131305044034	0.3656925540432346	AD	ENSG00000138944	0.8891112890312249	-0.02511483618973997	FALSE	3	SHISAL1	SHISAL1
ENSG00000130150	3	112	-109	-0.8595279140496378	0.24079263410728585	0.6052842273819056	-0.3644915932746198	Control	ENSG00000130150	0.88871096877502	0.18933215290243768	FALSE	3	MOSPD2	MOSPD2
ENSG00000143786	416	57	359	2.5167342367148464	0.8368694955964772	0.47277822257806246	0.3640912730184147	AD	ENSG00000143786	0.888310648518815	-0.2909821453452892	FALSE	3	CNIH3	CNIH3
ENSG00000183117	42	7	35	0.1793219784932804	0.5568454763811049	0.19315452361889512	0.3636909527622098	AD	ENSG00000183117	0.8877101681345076	-0.11394301787459148	FALSE	3	CSMD1	CSMD1
ENSG00000112367	9	224	-215	-1.6242368627270636	0.3955164131305044	0.7592073658927142	-0.3636909527622098	Control	ENSG00000112367	0.8877101681345076	-0.05207829638717243	FALSE	3	FIG4	FIG4
ENSG00000105778	68	600	-532	-3.91114947339446	0.5990792634107286	0.962570056044836	-0.3634907926341074	Control	ENSG00000105778	0.8871096877502002	-0.03709889834993341	FALSE	3	AVL9	AVL9
ENSG00000158715	6	168	-162	-1.2418823883883507	0.33767013610888713	0.7011609287429944	-0.3634907926341073	Control	ENSG00000158715	0.8867093674939952	0.1817495771719546	FALSE	3	SLC45A3	SLC45A3
ENSG00000095397	2	83	-81	-0.6575293238329593	0.1801441152922338	0.5434347477982386	-0.3632906325060049	Control	ENSG00000095397	0.8863090472377902	0.15863117387714532	FALSE	3	WHRN	WHRN
ENSG00000146701	28	407	-379	-2.8073714625676094	0.5164131305044035	0.8797037630104083	-0.3632906325060048	Control	ENSG00000146701	0.8859087269815853	-0.0873892790867874	FALSE	3	MDH2	MDH2
ENSG00000286285	13	2	11	0.00618032973612735	0.4415532425940753	0.0788630904723779	0.36269015212169736	AD	ENSG00000286285	0.8855084067253803	0.04451335182619775	FALSE	3	NA	ENSG00000286285
ENSG00000138814	500	72	428	3.0145164768916612	0.8823058446757406	0.5202161729383507	0.36208967173738993	AD	ENSG00000138814	0.8851080864691754	-0.3703957432178946	FALSE	3	PPP3CA	PPP3CA
ENSG00000155111	2	82	-80	-0.650315088468078	0.1801441152922338	0.5420336269015212	-0.36188951160928745	Control	ENSG00000155111	0.8847077662129704	-0.09404831087754673	FALSE	3	CDK19	CDK19
ENSG00000112812	341	45	296	2.0622374087273196	0.7974379503602882	0.4355484387510008	0.3618895116092874	AD	ENSG00000112812	0.8843074459567654	-0.3292771671668957	FALSE	3	PRSS16	PRSS16
ENSG00000139737	3	110	-107	-0.8450994433198751	0.24079263410728585	0.6020816653322658	-0.36128903122498	Control	ENSG00000139737	0.8839071257005604	-0.05197402790394534	FALSE	3	SLAIN1	SLAIN1
ENSG00000180370	1	44	-43	-0.38338837996746694	0.072257806244996	0.4323458767013611	-0.3600880704563651	Control	ENSG00000180370	0.8835068054443554	0.15877738602208424	FALSE	3	PAK2	PAK2
ENSG00000132341	5	149	-144	-1.112026151820486	0.3122497998398719	0.671537229783827	-0.35928742994395513	Control	ENSG00000132341	0.8831064851881505	-0.05933281657650546	FALSE	3	RAN	RAN
ENSG00000081138	24	376	-352	-2.6125871077158123	0.5022017614091273	0.86128903122498	-0.3590872698158527	Control	ENSG00000081138	0.8827061649319455	-0.03077570275285701	FALSE	3	CDH7	CDH7
ENSG00000177105	4	129	-125	-0.9749556798877396	0.2822257806244996	0.6403122497998399	-0.3580864691753403	Control	ENSG00000177105	0.8823058446757406	0.02534825563662934	FALSE	3	RHOG	RHOG
ENSG00000187672	484	70	414	2.913517181783322	0.8734987990392313	0.515812650120096	0.3576861489191353	AD	ENSG00000187672	0.8819055244195356	-0.32471704005714486	FALSE	3	ERC2	ERC2
ENSG00000143507	1	43	-42	-0.3761741446025856	0.072257806244996	0.4289431545236189	-0.3566853482786229	Control	ENSG00000143507	0.8813050440352281	0.01639456773813918	FALSE	3	DUSP10	DUSP10
ENSG00000101265	1	43	-42	-0.3761741446025856	0.072257806244996	0.4289431545236189	-0.3566853482786229	Control	ENSG00000101265	0.8813050440352281	-0.05798670568895403	FALSE	3	RASSF2	RASSF2
ENSG00000182674	287	37	250	1.7303825819427765	0.7626100880704564	0.40612489991993594	0.35648518815052044	AD	ENSG00000182674	0.8807045636509208	-0.2500223563562045	FALSE	3	KCNB2	KCNB2
ENSG00000134108	17	322	-305	-2.2735180455663873	0.46897518014411527	0.8252602081665332	-0.35628502802241796	Control	ENSG00000134108	0.8803042433947158	-0.12329710481197333	FALSE	3	ARL8B	ARL8B
ENSG00000166848	342	47	295	2.0550231733624384	0.7982385908726981	0.44275420336269017	0.35548438751000794	AD	ENSG00000166848	0.8799039231385108	-0.23705031880998817	FALSE	3	TERF2IP	TERF2IP
ENSG00000108669	3	106	-103	-0.8162425018603495	0.24079263410728585	0.5956765412329864	-0.3548839071257006	Control	ENSG00000108669	0.8795036028823059	-0.01416137992551647	FALSE	3	CYTH1	CYTH1
ENSG00000068308	27	5	22	0.0855369187498225	0.5128102481985588	0.15792634107285827	0.3548839071257005	AD	ENSG00000068308	0.8791032826261009	-0.09663455361775952	FALSE	3	OTUD5	OTUD5
ENSG00000100095	462	66	396	2.7836609452154573	0.8584867894315452	0.5042033626901521	0.3542834267413931	AD	ENSG00000100095	0.8787029623698959	-0.14649986180922348	FALSE	3	SEZ6L	SEZ6L
ENSG00000155324	12	2	10	-0.00103390562875401	0.43274619695756605	0.0788630904723779	0.35388310648518817	AD	ENSG00000155324	0.8783026421136909	0.39937855642055986	FALSE	3	GRAMD2B	GRAMD2B
ENSG00000125868	18	327	-309	-2.302374987025913	0.4753803042433947	0.8290632506004804	-0.35368294635708564	Control	ENSG00000125868	0.877902321857486	-0.11560969486996876	FALSE	3	DSTN	DSTN
ENSG00000115073	3	105	-102	-0.8090282664954682	0.24079263410728585	0.59387510008006406	-0.35308246597277826	Control	ENSG00000115073	0.877502001601281	-0.02641687653240687	FALSE	3	ACTR1B	ACTR1B
ENSG00000134748	31	6	25	0.10717962484446662	0.5296236989591674	0.17694155324259409	0.3526821457165733	AD	ENSG00000134748	0.877101681345076	0.04146731354380684	FALSE	3	PRPF38A	PRPF38A
ENSG00000084764	177	23	154	1.037815986914164	0.6917534027221778	0.3398718975180144	0.3518815052041634	AD	ENSG00000084764	0.8767013610888711	-0.23754352029731507	FALSE	3	MAPRE3	MAPRE3
ENSG00000171385	6	161	-155	-1.191382740834181	0.33767013610888713	0.6895516413130505	-0.35188150520416334	Control	ENSG00000171385	0.8763010408326661	0.14349428124187646	FALSE	3	KCND3	KCND3
ENSG00000286502	1	42	-41	-0.36895990923770416	0.072257806244996	0.42393915132105686	-0.35168134507606086	Control	ENSG00000286502	0.8755004003202562	-0.19526544621246875	FALSE	3	NA	ENSG00000286502
ENSG00000150768	1	42	-41	-0.36895990923770416	0.072257806244996	0.42393915132105686	-0.35168134507606086	Control	ENSG00000150768	0.8755004003202562	0.01769091982331261	FALSE	3	DLAT	DLAT
ENSG00000224924	1	42	-41	-0.36895990923770416	0.072257806244996	0.42393915132105686	-0.35168134507606086	Control	ENSG00000224924	0.8755004003202562	-0.17292378807806583	FALSE	3	LINC00320	LINC00320
ENSG00000130226	521	83	438	3.086658830540475	0.8939151321056845	0.5434347477982386	0.3504803843074459	AD	ENSG00000130226	0.8746997598078463	-0.2999302664876584	FALSE	3	DPP6	DPP6
ENSG00000132359	405	61	344	2.408520706241626	0.8318654923939152	0.4831865492393915	0.34867894315452364	AD	ENSG00000132359	0.8742994395516414	-0.02307602295810973	FALSE	3	RAP1GAP2	RAP1GAP2
ENSG00000113595	8	1	7	-0.02267661172339814	0.3781024819855885	0.02962369895916733	0.34847878302642116	AD	ENSG00000113595	0.8736989591673339	-0.1222268523184944	FALSE	3	TRIM23	TRIM23
ENSG00000127995	8	1	7	-0.02267661172339814	0.3781024819855885	0.02962369895916733	0.34847878302642116	AD	ENSG00000127995	0.8736989591673339	-0.1985767592504626	FALSE	3	CASD1	CASD1
ENSG00000184307	2	75	-73	-0.5998154409139083	0.1801441152922338	0.52822257806245	-0.3480784627702162	Control	ENSG00000184307	0.872898318654924	-0.21900150287190456	FALSE	3	ZDHHC23	ZDHHC23
ENSG00000138593	2	75	-73	-0.5998154409139083	0.1801441152922338	0.52822257806245	-0.3480784627702162	Control	ENSG00000138593	0.872898318654924	-0.0823338271278562	FALSE	3	SECISBP2L	SECISBP2L
ENSG00000103160	17	305	-288	-2.150876044363404	0.46897518014411527	0.8162530024019216	-0.3472778222578063	Control	ENSG00000103160	0.8722978382706165	-0.00128152353370403	FALSE	3	HSDL1	HSDL1
ENSG00000115896	1	41	-40	-0.3617456738728228	0.072257806244996	0.41953562850280224	-0.34727782225780623	Control	ENSG00000115896	0.8716973578863091	-0.03194932773103076	FALSE	3	PLCL1	PLCL1
ENSG00000064393	1	41	-40	-0.3617456738728228	0.072257806244996	0.41953562850280224	-0.34727782225780623	Control	ENSG00000064393	0.8716973578863091	-0.09625158863730476	FALSE	3	HIPK2	HIPK2
ENSG00000279419	4	124	-120	-0.9388845030633328	0.2822257806244996	0.6289031224979984	-0.3466773418734988	Control	ENSG00000279419	0.8710968775020016	-0.17714723863149828	FALSE	3	NA	ENSG00000279419
ENSG00000164465	116	18	98	0.633818806480807	0.6481184947958367	0.30164131305044034	0.3464771817453964	AD	ENSG00000164465	0.8706965572457966	-0.15915909191455668	FALSE	3	DCBLD1	DCBLD1
ENSG00000174446	2	74	-72	-0.592601205549027	0.1801441152922338	0.5258206565252201	-0.34567654123298636	Control	ENSG00000174446	0.8702962369895917	-0.20016868377309296	FALSE	3	SNAPC5	SNAPC5
ENSG00000110076	15	3	12	0.01339456510100873	0.4571657325860689	0.11188951160928742	0.34527622097678146	AD	ENSG00000110076	0.8698959167333867	-0.10790016215417177	FALSE	3	NRXN2	NRXN2
ENSG00000123636	48	468	-420	-3.103155112527746	0.5668534827862289	0.911128903122498	-0.344275420336269	Control	ENSG00000123636	0.8694955964771818	0.14814590681918638	FALSE	3	BAZ2B	BAZ2B
ENSG00000100302	19	4	15	0.03503727119565286	0.48078462770216174	0.13690952762209768	0.34387510008006406	AD	ENSG00000100302	0.8684947958366693	0.02819925676537771	FALSE	3	RASD2	RASD2
ENSG00000163697	1	40	-39	-0.35453143850794144	0.072257806244996	0.41613290632506006	-0.34387510008006406	Control	ENSG00000163697	0.8684947958366693	0.08498159720540599	FALSE	3	APBB2	APBB2
ENSG00000105372	1	40	-39	-0.35453143850794144	0.072257806244996	0.41613290632506006	-0.34387510008006406	Control	ENSG00000105372	0.8684947958366693	-0.14262233417882086	FALSE	3	RPS19	RPS19
ENSG00000198753	1	40	-39	-0.35453143850794144	0.072257806244996	0.41613290632506006	-0.34387510008006406	Control	ENSG00000198753	0.8684947958366693	0.16490326146526613	FALSE	3	PLXNB3	PLXNB3
ENSG00000164270	29	6	23	0.09275115411470387	0.5200160128102482	0.17694155324259409	0.34307445956765414	AD	ENSG00000164270	0.8674939951961569	-0.06896785385520321	FALSE	3	HTR4	HTR4
ENSG00000136521	11	2	9	-0.00824814099363539	0.4213370696557246	0.0788630904723779	0.3424739791833467	AD	ENSG00000136521	0.8668935148118495	-0.1868600034668919	FALSE	3	NDUFB5	NDUFB5
ENSG00000103415	11	2	9	-0.00824814099363539	0.4213370696557246	0.0788630904723779	0.3424739791833467	AD	ENSG00000103415	0.8668935148118495	-0.16696691367492278	FALSE	3	HMOX2	HMOX2
ENSG00000166763	72	13	59	0.3524636272504334	0.6040832666132906	0.26381104883907125	0.34027221777421934	AD	ENSG00000166763	0.866293034427542	-0.06356382812119588	FALSE	3	STRCP1	STRCP1
ENSG00000075539	5	137	-132	-1.0254553274419094	0.3122497998398719	0.6521216973578863	-0.3398718975180144	Control	ENSG00000075539	0.8658927141713371	0.2619432571530087	FALSE	3	FRYL	FRYL
ENSG00000218336	156	23	133	0.8863170442516553	0.6795436349079264	0.3398718975180144	0.33967173738991197	AD	ENSG00000218336	0.8654923939151321	-0.088802108595603	FALSE	3	TENM3	TENM3
ENSG00000144712	18	4	14	0.02782303583077148	0.4753803042433947	0.13690952762209768	0.33847077662129704	AD	ENSG00000144712	0.8650920736589272	0.02625212265863474	FALSE	3	CAND2	CAND2
ENSG00000171316	2	71	-69	-0.5709584994543828	0.1801441152922338	0.5182145716573259	-0.3380704563650921	Control	ENSG00000171316	0.8646917534027222	0.12383480604863983	FALSE	3	CHD7	CHD7
ENSG00000065243	238	34	204	1.398527755158233	0.7311849479583667	0.3939151321056846	0.3372698158526822	AD	ENSG00000065243	0.8642914331465172	0.22193750076494112	FALSE	3	PKN2	PKN2
ENSG00000141385	1	38	-37	-0.34010296777817867	0.072257806244996	0.4093274619695757	-0.33706965572457964	Control	ENSG00000141385	0.8638911128903123	0.14007121565839498	FALSE	3	AFG3L2	AFG3L2
ENSG00000090020	70	13	57	0.3380351565206707	0.600480384307446	0.26381104883907125	0.33666933546837474	AD	ENSG00000090020	0.8632906325060048	-0.02342561580019797	FALSE	3	SLC9A1	SLC9A1
ENSG00000117155	3	97	-94	-0.7513143835764172	0.24079263410728585	0.5774619695756605	-0.33666933546837474	Control	ENSG00000117155	0.8632906325060048	-0.03681997196872544	FALSE	3	SSX2IP	SSX2IP
ENSG00000151502	31	383	-352	-2.6125871077158123	0.5296236989591674	0.8644915932746197	-0.3348678943154523	Control	ENSG00000151502	0.8626901521216973	0.05794426253057594	FALSE	3	VPS26B	VPS26B
ENSG00000158352	3	96	-93	-0.7441001482115358	0.24079263410728585	0.5754603682946358	-0.33466773418734996	Control	ENSG00000158352	0.8622898318654924	0.42715569421270416	FALSE	3	SHROOM4	SHROOM4
ENSG00000133318	188	28	160	1.0811013991034524	0.6973578863090473	0.36289031224979984	0.33446757405924743	AD	ENSG00000133318	0.8618895116092874	-0.4006532538434655	FALSE	3	RTN3	RTN3
ENSG00000172005	5	133	-128	-0.9965983859823838	0.3122497998398719	0.6463170536429144	-0.3340672538030425	Control	ENSG00000172005	0.8614891913530824	-0.3426568299186954	FALSE	3	MAL	MAL
ENSG00000185896	1	37	-36	-0.3328887324132973	0.072257806244996	0.40612489991993594	-0.33386709367493994	Control	ENSG00000185896	0.8610888710968775	0.0675910210439632	FALSE	3	LAMP1	LAMP1
ENSG00000138378	496	84	412	2.899088711053559	0.8803042433947158	0.5466373098478783	0.3336669335468375	AD	ENSG00000138378	0.8606885508406725	-0.4156109323418695	FALSE	3	STAT4	STAT4
ENSG00000186868	26	6	20	0.07110844802005974	0.5092073658927142	0.17694155324259409	0.3322658126501201	AD	ENSG00000186868	0.8602882305844676	-0.04653706409247071	FALSE	3	MAPT	MAPT
ENSG00000171681	35	8	27	0.1216080955742294	0.5396317053642914	0.2075660528422738	0.3320656525220176	AD	ENSG00000171681	0.8598879103282626	0.08920387814396769	FALSE	3	ATF7IP	ATF7IP
ENSG00000169750	4	117	-113	-0.8883848555091634	0.2822257806244996	0.6140912730184147	-0.3318654923939151	Control	ENSG00000169750	0.8594875900720577	-0.10239595939248504	FALSE	3	RAC3	RAC3
ENSG00000119946	123	21	102	0.6626757479403326	0.6549239391513211	0.3238590872698158	0.33106485188150525	AD	ENSG00000119946	0.8590872698158527	-0.02834752955427788	FALSE	3	CNNM1	CNNM1
ENSG00000010278	2	68	-66	-0.5493157933597387	0.1801441152922338	0.511208967173739	-0.3310648518815052	Control	ENSG00000010278	0.8584867894315452	0.1993905861314147	FALSE	3	CD9	CD9
ENSG00000005893	2	68	-66	-0.5493157933597387	0.1801441152922338	0.511208967173739	-0.3310648518815052	Control	ENSG00000005893	0.8584867894315452	0.32355621033830495	FALSE	3	LAMP2	LAMP2
ENSG00000143815	1	36	-35	-0.32567449704841595	0.072257806244996	0.40292233787029624	-0.33066453162530024	Control	ENSG00000143815	0.8576861489191353	0.21935473405777017	FALSE	3	LBR	LBR
ENSG00000133056	1	36	-35	-0.32567449704841595	0.072257806244996	0.40292233787029624	-0.33066453162530024	Control	ENSG00000133056	0.8576861489191353	0.17807104590320222	FALSE	3	PIK3C2B	PIK3C2B
ENSG00000157978	3	94	-91	-0.7296716774817731	0.24079263410728585	0.5712570056044836	-0.33046437149719776	Control	ENSG00000157978	0.8568855084067254	0.06408375125177201	FALSE	3	LDLRAP1	LDLRAP1
ENSG00000108381	3	94	-91	-0.7296716774817731	0.24079263410728585	0.5712570056044836	-0.33046437149719776	Control	ENSG00000108381	0.8568855084067254	-0.12398947985323616	FALSE	3	ASPA	ASPA
ENSG00000105397	10	2	8	-0.01546237635851677	0.4091273018414732	0.0788630904723779	0.3302642113690953	AD	ENSG00000105397	0.8562850280224179	0.12348711999324458	FALSE	3	TYK2	TYK2
ENSG00000139726	31	373	-342	-2.5404447540669985	0.5296236989591674	0.8596877502001601	-0.3300640512409927	Control	ENSG00000139726	0.855884707766213	-0.11535735338708974	FALSE	3	DENR	DENR
ENSG00000158941	7	1	6	-0.02989084708827952	0.3592874299439552	0.02962369895916733	0.32966373098478785	AD	ENSG00000158941	0.8552842273819056	-0.0628852973790206	FALSE	3	CCAR2	CCAR2
ENSG00000102265	7	1	6	-0.02989084708827952	0.3592874299439552	0.02962369895916733	0.32966373098478785	AD	ENSG00000102265	0.8552842273819056	0.16752606327411534	FALSE	3	TIMP1	TIMP1
ENSG00000100294	40	409	-369	-2.7352291089187957	0.5528422738190553	0.8819055244195356	-0.32906325060048036	Control	ENSG00000100294	0.8546837469975981	-0.12190230405325408	FALSE	3	MCAT	MCAT
ENSG00000088367	485	84	401	2.819732122039864	0.8746997598078463	0.5466373098478783	0.32806244995996803	AD	ENSG00000088367	0.8542834267413931	-0.02644853776926581	FALSE	3	EPB41L1	EPB41L1
ENSG00000034053	323	51	272	1.8890957599701663	0.7830264211369096	0.455164131305044	0.32786228983186555	AD	ENSG00000034053	0.8538831064851882	-0.1321864062564817	FALSE	3	APBA2	APBA2
ENSG00000107829	1	35	-34	-0.31846026168353453	0.072257806244996	0.3989191353082466	-0.32666132906325057	Control	ENSG00000107829	0.8532826261008807	-0.1913271281508777	FALSE	3	FBXW4	FBXW4
ENSG00000108091	1	35	-34	-0.31846026168353453	0.072257806244996	0.3989191353082466	-0.32666132906325057	Control	ENSG00000108091	0.8532826261008807	0.06642912228149811	FALSE	3	CCDC6	CCDC6
ENSG00000139767	326	52	274	1.9035242306999296	0.7848278622898318	0.45856685348278625	0.32626100880704556	AD	ENSG00000139767	0.8526821457165733	-0.08582034848932807	FALSE	3	SRRM4	SRRM4
ENSG00000091664	89	17	72	0.4462486869938913	0.6210968775020016	0.29523618895116094	0.32586068855084066	AD	ENSG00000091664	0.8522818254603683	-0.16439250717144915	FALSE	3	SLC17A6	SLC17A6
ENSG00000140280	24	6	18	0.05667997729029699	0.5022017614091273	0.17694155324259409	0.3252602081665332	AD	ENSG00000140280	0.8518815052041633	-0.12663667337932516	FALSE	3	LYSMD2	LYSMD2
ENSG00000223572	72	15	57	0.3380351565206707	0.6040832666132906	0.2792233787029624	0.3248598879103282	AD	ENSG00000223572	0.8514811849479583	-0.27229264045812407	FALSE	3	CKMT1A	CKMT1A
ENSG00000153132	9	185	-176	-1.34288168349669	0.3955164131305044	0.7201761409127302	-0.3246597277822258	Control	ENSG00000153132	0.8510808646917534	-0.08337822163590491	FALSE	3	CLGN	CLGN
ENSG00000153815	414	68	346	2.422949176971388	0.8356685348278623	0.511208967173739	0.3244595676541233	AD	ENSG00000153815	0.850480384307446	-0.05149964793642248	FALSE	3	CMIP	CMIP
ENSG00000108018	80	16	64	0.3885348040748403	0.61128903122498	0.2868294635708567	0.3244595676541233	AD	ENSG00000108018	0.850480384307446	-0.1894187751186731	FALSE	3	SORCS1	SORCS1
ENSG00000100399	2	66	-64	-0.5348873226299758	0.1801441152922338	0.5042033626901521	-0.3240592473979183	Control	ENSG00000100399	0.8498799039231385	-0.05442833930650792	FALSE	3	CHADL	CHADL
ENSG00000172548	5	127	-122	-0.9533129737930957	0.3122497998398719	0.6345076060848679	-0.322257806244996	Control	ENSG00000172548	0.8494795836669335	-0.13833657217363893	FALSE	3	NIPAL4	NIPAL4
ENSG00000166167	43	408	-365	-2.70637216745927	0.5588470776621297	0.8809047237790232	-0.32205764611689347	Control	ENSG00000166167	0.8490792634107286	-0.03137381339588785	FALSE	3	BTRC	BTRC
ENSG00000081377	1	34	-33	-0.31124602631865317	0.072257806244996	0.3939151321056846	-0.32165732586068857	Control	ENSG00000081377	0.8484787830264211	0.08956084784402485	FALSE	3	CDC14B	CDC14B
ENSG00000166912	1	34	-33	-0.31124602631865317	0.072257806244996	0.3939151321056846	-0.32165732586068857	Control	ENSG00000166912	0.8484787830264211	0.17811020851716286	FALSE	3	MTMR10	MTMR10
ENSG00000120162	3	90	-87	-0.7008147360222475	0.24079263410728585	0.5618494795836669	-0.32105684547638114	Control	ENSG00000120162	0.8474779823859088	0.22771270825873913	FALSE	3	MOB3B	MOB3B
ENSG00000124126	3	90	-87	-0.7008147360222475	0.24079263410728585	0.5618494795836669	-0.32105684547638114	Control	ENSG00000124126	0.8474779823859088	0.20631008705049855	FALSE	3	PREX1	PREX1
ENSG00000140750	3	90	-87	-0.7008147360222475	0.24079263410728585	0.5618494795836669	-0.32105684547638114	Control	ENSG00000140750	0.8474779823859088	0.11282039826154032	FALSE	3	ARHGAP17	ARHGAP17
ENSG00000176381	2	65	-63	-0.5276730872650945	0.1801441152922338	0.49879903923138513	-0.31865492393915135	Control	ENSG00000176381	0.8466773418734987	-0.00242783346859809	FALSE	3	PRR18	PRR18
ENSG00000067191	445	77	368	2.5816623549987785	0.8512810248198559	0.5334267413931145	0.3178542834267414	AD	ENSG00000067191	0.8462770216172938	-0.12000049560391446	FALSE	3	CACNB1	CACNB1
ENSG00000128654	18	5	13	0.0206088004658901	0.4753803042433947	0.15792634107285827	0.3174539631705364	AD	ENSG00000128654	0.8458767013610888	-0.24905839513273695	FALSE	3	MTX2	MTX2
ENSG00000067900	42	399	-357	-2.648658284540219	0.5568454763811049	0.8740992794235388	-0.3172538030424339	Control	ENSG00000067900	0.8454763811048839	0.22869388655461265	FALSE	3	ROCK1	ROCK1
ENSG00000120805	10	194	-184	-1.400595566415741	0.4091273018414732	0.7261809447558046	-0.31705364291433147	Control	ENSG00000120805	0.8450760608486789	-0.02310195371087964	FALSE	3	ARL1	ARL1
ENSG00000082781	9	2	7	-0.02267661172339814	0.3955164131305044	0.0788630904723779	0.3166533226581265	AD	ENSG00000082781	0.8444755804643715	0.29354049787178305	FALSE	3	ITGB5	ITGB5
ENSG00000250056	9	2	7	-0.02267661172339814	0.3955164131305044	0.0788630904723779	0.3166533226581265	AD	ENSG00000250056	0.8444755804643715	0.07365608740636631	FALSE	3	LINC01018	LINC01018
ENSG00000090097	1	33	-32	-0.3040317909537718	0.072257806244996	0.3877101681345076	-0.3154523618895116	Control	ENSG00000090097	0.8428742994395516	-0.11685493496150734	FALSE	3	PCBP4	PCBP4
ENSG00000104863	1	33	-32	-0.3040317909537718	0.072257806244996	0.3877101681345076	-0.3154523618895116	Control	ENSG00000104863	0.8428742994395516	-0.20581688244053353	FALSE	3	LIN7B	LIN7B
ENSG00000035928	1	33	-32	-0.3040317909537718	0.072257806244996	0.3877101681345076	-0.3154523618895116	Control	ENSG00000035928	0.8428742994395516	0.19196205550532497	FALSE	3	RFC1	RFC1
ENSG00000113758	1	33	-32	-0.3040317909537718	0.072257806244996	0.3877101681345076	-0.3154523618895116	Control	ENSG00000113758	0.8428742994395516	0.1346671893952358	FALSE	3	DBN1	DBN1
ENSG00000102158	1	33	-32	-0.3040317909537718	0.072257806244996	0.3877101681345076	-0.3154523618895116	Control	ENSG00000102158	0.8428742994395516	0.24846934758505412	FALSE	3	MAGT1	MAGT1
ENSG00000008282	1	33	-32	-0.3040317909537718	0.072257806244996	0.3877101681345076	-0.3154523618895116	Control	ENSG00000008282	0.8428742994395516	0.2768587673971936	FALSE	3	SYPL1	SYPL1
ENSG00000132563	123	23	100	0.6482472772105697	0.6549239391513211	0.3398718975180144	0.3150520416333067	AD	ENSG00000132563	0.8414731785428343	-0.086337255841892	FALSE	3	REEP2	REEP2
ENSG00000065154	114	22	92	0.5905333942915187	0.6473178542834267	0.3324659727782226	0.3148518815052041	AD	ENSG00000065154	0.8410728582866293	-0.07804498951163197	FALSE	3	OAT	OAT
ENSG00000158008	220	37	183	1.247028812495724	0.7207766212970377	0.40612489991993594	0.31465172137710173	AD	ENSG00000158008	0.8406725380304243	-0.15459250047536166	FALSE	3	EXTL1	EXTL1
ENSG00000162951	456	82	374	2.624947767188067	0.855884707766213	0.5420336269015212	0.3138510808646917	AD	ENSG00000162951	0.8400720576461169	-0.18698732851369293	FALSE	3	LRRTM1	LRRTM1
ENSG00000182568	138	25	113	0.7420323369540277	0.6651321056845476	0.3512810248198559	0.3138510808646917	AD	ENSG00000182568	0.8400720576461169	-0.1005936553808766	FALSE	3	SATB1	SATB1
ENSG00000197147	14	4	10	-0.00103390562875401	0.4499599679743795	0.13690952762209768	0.3130504403522818	AD	ENSG00000197147	0.8394715772618094	-0.33330859100320254	FALSE	3	LRRC8B	LRRC8B
ENSG00000143409	6	136	-130	-1.0110268567121463	0.33767013610888713	0.6505204163330665	-0.3128502802241793	Control	ENSG00000143409	0.8390712570056045	0.1820995691995293	FALSE	3	MINDY1	MINDY1
ENSG00000135426	204	35	169	1.146029517387385	0.7115692554043235	0.3989191353082466	0.3126501200960769	AD	ENSG00000135426	0.8386709367493995	-0.22418179187634912	FALSE	3	TESPA1	TESPA1
ENSG00000106367	176	31	145	0.9728878686302318	0.6905524419535628	0.3781024819855885	0.3124499599679743	AD	ENSG00000106367	0.8382706164931946	-0.30846423887814467	FALSE	3	AP1S1	AP1S1
ENSG00000172336	17	255	-238	-1.7901642761193353	0.46897518014411527	0.7812249799839872	-0.31224979983987194	Control	ENSG00000172336	0.8378702962369896	-0.12971428058861356	FALSE	3	POP7	POP7
ENSG00000066322	5	121	-116	-0.9100275616038076	0.3122497998398719	0.622898318654924	-0.31064851881505207	Control	ENSG00000066322	0.8374699759807847	0.11057935013041308	FALSE	3	ELOVL1	ELOVL1
ENSG00000136153	382	67	315	2.199307880660066	0.8190552441953562	0.5086068855084067	0.31044835868694953	AD	ENSG00000136153	0.8368694955964772	-0.21288913633355833	FALSE	3	LMO7	LMO7
ENSG00000101098	52	13	39	0.2081789199528059	0.5742594075260208	0.26381104883907125	0.31044835868694953	AD	ENSG00000101098	0.8368694955964772	0.18183206769640137	FALSE	3	RIMS4	RIMS4
ENSG00000008056	318	56	262	1.8169534063213528	0.7796236989591674	0.4695756605284227	0.31004803843074463	AD	ENSG00000008056	0.8362690152121698	-0.2685787951379943	FALSE	3	SYN1	SYN1
ENSG00000165752	1	32	-31	-0.29681755558889045	0.072257806244996	0.3823058446757406	-0.3100480384307446	Control	ENSG00000165752	0.8354683746997598	-0.186548036155898	FALSE	3	STK32C	STK32C
ENSG00000198356	1	32	-31	-0.29681755558889045	0.072257806244996	0.3823058446757406	-0.3100480384307446	Control	ENSG00000198356	0.8354683746997598	-0.03145543058611011	FALSE	3	GET3	GET3
ENSG00000229672	1	32	-31	-0.29681755558889045	0.072257806244996	0.3823058446757406	-0.3100480384307446	Control	ENSG00000229672	0.8354683746997598	0.1125370984888141	FALSE	3	NA	ENSG00000229672
ENSG00000108239	8	160	-152	-1.1697400347395368	0.3781024819855885	0.6879503602882305	-0.30984787830264204	Control	ENSG00000108239	0.8346677341873499	0.09522163877108623	FALSE	3	TBC1D12	TBC1D12
ENSG00000196220	188	33	155	1.0450302222790455	0.6973578863090473	0.3877101681345076	0.3096477181745397	AD	ENSG00000196220	0.8340672538030425	-0.01657820362712314	FALSE	3	SRGAP3	SRGAP3
ENSG00000063015	188	33	155	1.0450302222790455	0.6973578863090473	0.3877101681345076	0.3096477181745397	AD	ENSG00000063015	0.8340672538030425	-0.27562442293356604	FALSE	3	SEZ6	SEZ6
ENSG00000033170	2	63	-61	-0.5132446165353317	0.1801441152922338	0.4897918334667734	-0.3096477181745396	Control	ENSG00000033170	0.833466773418735	-0.03111861549092687	FALSE	3	FUT8	FUT8
ENSG00000136830	6	1	5	-0.0371050824531609	0.33767013610888713	0.02962369895916733	0.3080464371497198	AD	ENSG00000136830	0.8324659727782225	0.2612431263488979	FALSE	3	NIBAN2	NIBAN2
ENSG00000170396	6	1	5	-0.0371050824531609	0.33767013610888713	0.02962369895916733	0.3080464371497198	AD	ENSG00000170396	0.8324659727782225	-0.1129317396371068	FALSE	3	ZNF804A	ZNF804A
ENSG00000029153	6	1	5	-0.0371050824531609	0.33767013610888713	0.02962369895916733	0.3080464371497198	AD	ENSG00000029153	0.8324659727782225	-0.065078070707834	FALSE	3	BMAL2	BMAL2
ENSG00000101608	6	1	5	-0.0371050824531609	0.33767013610888713	0.02962369895916733	0.3080464371497198	AD	ENSG00000101608	0.8324659727782225	0.332452294498534	FALSE	3	MYL12A	MYL12A
ENSG00000163950	6	132	-126	-0.9821699152526212	0.33767013610888713	0.6453162530024019	-0.3076461168935148	Control	ENSG00000163950	0.8314651721377102	-0.09981666173380076	FALSE	3	SLBP	SLBP
ENSG00000039560	6	131	-125	-0.9749556798877396	0.33767013610888713	0.6437149719775821	-0.30604483586869496	Control	ENSG00000039560	0.8308646917534027	0.0746399133557265	FALSE	3	RAI14	RAI14
ENSG00000104140	2	62	-60	-0.5060303811704504	0.1801441152922338	0.4861889511609287	-0.30604483586869496	Control	ENSG00000104140	0.8308646917534027	-0.23285064154074053	FALSE	3	RHOV	RHOV
ENSG00000084453	3	84	-81	-0.6575293238329593	0.24079263410728585	0.5466373098478783	-0.3058446757405925	Control	ENSG00000084453	0.8302642113690952	-0.4308369146554458	FALSE	3	SLCO1A2	SLCO1A2
ENSG00000152503	656	129	527	3.728725778014917	0.9453562850280224	0.6403122497998399	0.30504403522818246	AD	ENSG00000152503	0.8298638911128903	-0.3947886717939042	FALSE	3	TRIM36	TRIM36
ENSG00000101846	7	143	-136	-1.0543122689014348	0.3592874299439552	0.6641313050440353	-0.3048438751000801	Control	ENSG00000101846	0.8294635708566853	-0.2296212616875728	FALSE	3	STS	STS
ENSG00000246363	23	286	-263	-1.9705201602413696	0.4981985588470776	0.8030424339471577	-0.30484387510008004	Control	ENSG00000246363	0.8290632506004804	-0.579430783572648	TRUE	4	LINC02458	LINC02458
ENSG00000175471	337	63	274	1.9035242306999296	0.7942353883106485	0.4897918334667734	0.30444355484387514	AD	ENSG00000175471	0.8286629303442754	-0.0802023852192928	FALSE	4	MCTP1	MCTP1
ENSG00000176720	6	130	-124	-0.9677414445228584	0.33767013610888713	0.6421136909527622	-0.30444355484387503	Control	ENSG00000176720	0.82826261008807045	0.00615383656498025	FALSE	4	BOK	BOK
ENSG00000171435	123	25	98	0.633818806480807	0.6549239391513211	0.3512810248198559	0.3036429143314652	AD	ENSG00000171435	0.8278622898318655	0.0926119237679348	FALSE	4	KSR2	KSR2
ENSG00000134440	3	83	-80	-0.650315088468078	0.24079263410728585	0.5434347477982386	-0.30264211369095284	Control	ENSG00000134440	0.8274619695756605	-0.02665033860328414	FALSE	4	NARS1	NARS1
ENSG00000196277	221	41	180	1.22538610640108	0.7215772618094476	0.41953562850280224	0.30204163330664535	AD	ENSG00000196277	0.8270616493194556	-0.3131665434377542	FALSE	4	GRM7	GRM7
ENSG00000073536	42	12	30	0.14325080166887352	0.5568454763811049	0.25500400320256206	0.3018414731785429	AD	ENSG00000073536	0.8266613290632506	-0.04531721999336646	FALSE	4	NLE1	NLE1
ENSG00000005249	507	101	406	2.855803298864271	0.8871096877502002	0.5854683746997598	0.3016413130504404	AD	ENSG00000005249	0.8260608486789431	-0.12328243739245436	FALSE	4	PRKAR2B	PRKAR2B
ENSG00000124203	26	8	18	0.05667997729029699	0.5092073658927142	0.2075660528422738	0.3016413130504404	AD	ENSG00000124203	0.8260608486789431	0.05154157121705616	FALSE	4	ZNF831	ZNF831
ENSG00000102678	126	26	100	0.6482472772105697	0.6573258606885508	0.35568454763811047	0.30164131305044034	AD	ENSG00000102678	0.8254603682946358	-0.2142611301720061	FALSE	4	FGF9	FGF9
ENSG00000144152	10	175	-165	-1.2635250944829948	0.4091273018414732	0.710568454763811	-0.30144115292233786	Control	ENSG00000144152	0.8248598879103283	-0.2865809381969395	FALSE	4	FBLN7	FBLN7
ENSG00000141524	1	30	-29	-0.28238908485912767	0.072257806244996	0.37369895916733387	-0.30144115292233786	Control	ENSG00000141524	0.8248598879103283	0.2609222430318976	FALSE	4	TMC6	TMC6
ENSG00000233123	31	328	-297	-2.2158041626473364	0.5296236989591674	0.8306645316253003	-0.3010408326661329	Control	ENSG00000233123	0.8242594075260208	-0.6509230117301064	FALSE	4	LINC01007	LINC01007
ENSG00000153310	250	46	204	1.398527755158233	0.7395916733386709	0.43935148118494793	0.300240192153723	AD	ENSG00000153310	0.8238590872698158	-0.16747938524938277	FALSE	4	CYRIB	CYRIB
ENSG00000068354	11	186	-175	-1.3356674481318085	0.4213370696557246	0.7213771016813451	-0.30004003202562046	Control	ENSG00000068354	0.8234587670136109	6.634345247142903e-4	FALSE	4	TBC1D25	TBC1D25
ENSG00000136861	3	80	-77	-0.6286723823734338	0.24079263410728585	0.5398318654923939	-0.29903923138510813	Control	ENSG00000136861	0.8230584467574059	0.16735566213846376	FALSE	4	CDK5RAP2	CDK5RAP2
ENSG00000162105	357	67	290	2.018951996538031	0.8074459567654123	0.5086068855084067	0.2988390712570056	AD	ENSG00000162105	0.8224579663730984	-0.04196495477476247	FALSE	4	SHANK2	SHANK2
ENSG00000173473	5	116	-111	-0.8739563847794005	0.3122497998398719	0.6110888710968775	-0.2988390712570056	Control	ENSG00000173473	0.8224579663730984	-0.00221341651106143	FALSE	4	SMARCC1	SMARCC1
ENSG00000132026	222	42	180	1.22538610640108	0.7225780624499599	0.42393915132105686	0.29863891112890306	AD	ENSG00000132026	0.821857485988791	-0.25358861882023565	FALSE	4	RTBDN	RTBDN
ENSG00000111696	60	16	44	0.2442500967772128	0.5844675740592474	0.2868294635708567	0.29763811048839073	AD	ENSG00000111696	0.8214571657325861	-0.1815795966987821	FALSE	4	NT5DC3	NT5DC3
ENSG00000122012	10	3	7	-0.02267661172339814	0.4091273018414732	0.11188951160928742	0.2972377902321858	AD	ENSG00000122012	0.8210568454763811	-0.20438095064771833	FALSE	4	SV2C	SV2C
ENSG00000132702	1	29	-28	-0.2751748494942463	0.072257806244996	0.3686949559647718	-0.2964371497197758	Control	ENSG00000132702	0.8202562049639712	-0.03540803661555181	FALSE	4	HAPLN2	HAPLN2
ENSG00000130147	1	29	-28	-0.2751748494942463	0.072257806244996	0.3686949559647718	-0.2964371497197758	Control	ENSG00000130147	0.8202562049639712	0.2900043371690533	FALSE	4	SH3BP4	SH3BP4
ENSG00000184743	1	29	-28	-0.2751748494942463	0.072257806244996	0.3686949559647718	-0.2964371497197758	Control	ENSG00000184743	0.8202562049639712	0.20874004591521533	FALSE	4	ATL3	ATL3
ENSG00000162378	63	416	-353	-2.6198013430806935	0.5910728582866293	0.8871096877502002	-0.2960368294635709	Control	ENSG00000162378	0.8194555644515612	-0.01946557814537541	FALSE	4	ZYG11B	ZYG11B
ENSG00000171840	7	139	-132	-1.0254553274419094	0.3592874299439552	0.6551240992794235	-0.2958366693354683	Control	ENSG00000171840	0.8190552441953562	-0.02890661048098763	FALSE	4	NINJ2	NINJ2
ENSG00000185716	35	11	24	0.09996538947958523	0.5396317053642914	0.2443955164131305	0.2952361889511609	AD	ENSG00000185716	0.8186549239391513	0.03238502661120535	FALSE	4	MOSMO	MOSMO
ENSG00000160014	86	21	65	0.3957490394397217	0.6184947958366693	0.3238590872698158	0.2946357085668535	AD	ENSG00000160014	0.8182546036829463	-0.2008244291536556	FALSE	4	CALM3	CALM3
ENSG00000100596	4	96	-92	-0.7368859128466544	0.2822257806244996	0.5754603682946358	-0.29323458767013616	Control	ENSG00000100596	0.8178542834267414	0.16526523004371896	FALSE	4	SPTLC2	SPTLC2
ENSG00000166822	20	7	13	0.0206088004658901	0.4859887910328263	0.19315452361889512	0.29283426741393115	AD	ENSG00000166822	0.8174539631705364	0.09414503029979748	FALSE	4	TMEM170A	TMEM170A
ENSG00000151490	588	125	463	3.2670147146625093	0.922337870296237	0.6305044035228182	0.2918334667734188	AD	ENSG00000151490	0.8170536429143315	-0.20544895470163205	FALSE	4	PTPRO	PTPRO
ENSG00000179195	1	28	-27	-0.26796061412936495	0.072257806244996	0.36289031224979984	-0.29063250600480384	Control	ENSG00000179195	0.816453162530024	-0.03789326879049781	FALSE	4	ZNF664	ZNF664
ENSG00000124226	1	28	-27	-0.26796061412936495	0.072257806244996	0.36289031224979984	-0.29063250600480384	Control	ENSG00000124226	0.816453162530024	0.06091024363785102	FALSE	4	RNF114	RNF114
ENSG00000144331	455	91	364	2.5528054135392533	0.8548839071257006	0.5652522017614091	0.2896317053642915	AD	ENSG00000144331	0.8158526821457166	-0.087715605169101707	FALSE	4	ZNF385B	ZNF385B
ENSG00000091844	172	35	137	0.9151739857111808	0.6877502001601281	0.3989191353082466	0.28883106485188154	AD	ENSG00000091844	0.8154523618895116	-0.10960005818174778	FALSE	4	RGS17	RGS17
ENSG00000182247	188	38	150	1.0089590454546389	0.6973578863090473	0.4093274619695757	0.2880304243394716	AD	ENSG00000182247	0.8150520416333067	-0.3066218313114799	FALSE	4	UBE2E2	UBE2E2
ENSG00000146151	37	335	-298	-2.223018398012218	0.5458366693354684	0.8338670936749399	-0.28803042433947157	Control	ENSG00000146151	0.8146517213771017	-0.12186459631467804	FALSE	4	HMGCLL1	HMGCLL1
ENSG00000091622	335	66	269	1.8674530538755223	0.7918334667734187	0.5042033626901521	0.2876301040832666	AD	ENSG00000091622	0.8142514011208967	0.05376386903095742	FALSE	4	PITPNM3	PITPNM3
ENSG00000196581	48	15	33	0.16489350776351763	0.5668534827862289	0.2792233787029624	0.28763010408326656	AD	ENSG00000196581	0.8138510808646917	0.03555142914827769	FALSE	4	AJAP1	AJAP1
ENSG00000288062	160	34	126	0.8358173966974856	0.6813450760608487	0.3939151321056846	0.28742994395516414	AD	ENSG00000288062	0.8134507606084868	-0.291231066702208	FALSE	4	NA	ENSG00000288062
ENSG00000187122	143	32	111	0.727603866224265	0.6695356285028022	0.3823058446757406	0.28722978382706166	AD	ENSG00000187122	0.8130504403522818	-0.12350230976062804	FALSE	4	SLIT1	SLIT1
ENSG00000119042	422	87	335	2.3435925879576933	0.8408726981585268	0.5540432345876701	0.2868294635708567	AD	ENSG00000119042	0.8122497998398719	-0.14990953278582886	FALSE	4	SATB2	SATB2
ENSG00000197712	1	27	-26	-0.26074637876448353	0.072257806244996	0.3590872698158527	-0.2868294635708567	Control	ENSG00000197712	0.8122497998398719	0.07850152909246866	FALSE	4	FAM114A1	FAM114A1
ENSG00000109475	1	27	-26	-0.26074637876448353	0.072257806244996	0.3590872698158527	-0.2868294635708567	Control	ENSG00000109475	0.8122497998398719	-0.1674409716585039	FALSE	4	RPL34	RPL34
ENSG00000166224	39	338	-299	-2.230232633377099	0.5512409927942354	0.8362690152121698	-0.28502802241793435	Control	ENSG00000166224	0.8112489991993594	0.10451290563800164	FALSE	4	SGPL1	SGPL1
ENSG00000249550	3	74	-71	-0.5853869701841455	0.24079263410728585	0.5258206565252201	-0.28502802241793435	Control	ENSG00000249550	0.8112489991993594	-0.12339903188041834	FALSE	4	LINC01234	LINC01234
ENSG00000162639	381	77	304	2.1199512916463705	0.8182546036829463	0.5334267413931145	0.2848278622898318	AD	ENSG00000162639	0.8106485188150521	-0.15831967484271203	FALSE	4	HENMT1	HENMT1
ENSG00000111218	83	441	-358	-2.6558725199051003	0.6150920736589272	0.8989191353082466	-0.2838270616493195	Control	ENSG00000111218	0.8102481985588471	-0.3744995815999079	FALSE	4	PRMT8	PRMT8
ENSG00000171004	145	33	112	0.7348181015891463	0.671537229783827	0.3877101681345076	0.2838270616493194	AD	ENSG00000171004	0.8098478783026422	-0.12619813261243884	FALSE	4	HS6ST2	HS6ST2
ENSG00000031698	2	54	-52	-0.44831649825139935	0.1801441152922338	0.4637710168134508	-0.283626901521217	Control	ENSG00000031698	0.8094475580464372	-0.0355071225282515	FALSE	4	SARS1	SARS1
ENSG00000148498	9	3	6	-0.02989084708827952	0.3955164131305044	0.11188951160928742	0.28362690152121695	AD	ENSG00000148498	0.8082465972778222	0.5027409067275013	TRUE	5	PARD3	PARD3
ENSG00000144460	13	5	8	-0.01546237635851677	0.4415532425940753	0.15792634107285827	0.28362690152121695	AD	ENSG00000144460	0.8082465972778222	0.06829534312050001	FALSE	5	NYAP2	NYAP2
ENSG00000118496	9	3	6	-0.02989084708827952	0.3955164131305044	0.11188951160928742	0.28362690152121695	AD	ENSG00000118496	0.8082465972778222	0.17616354307241622	FALSE	5	FBXO30	FBXO30
ENSG00000188517	13	5	8	-0.01546237635851677	0.4415532425940753	0.15792634107285827	0.28362690152121695	AD	ENSG00000188517	0.8082465972778222	-0.26553640667969436	FALSE	5	COL25A1	COL25A1
ENSG00000230133	9	3	6	-0.02989084708827952	0.3955164131305044	0.11188951160928742	0.28362690152121695	AD	ENSG00000230133	0.8082465972778222	-0.21675517889188137	FALSE	5	LINC01721	LINC01721
ENSG00000142186	1	26	-25	-0.25353214339960217	0.072257806244996	0.35568454763811047	-0.28342674139311447	Control	ENSG00000142186	0.8064451561248999	0.01706587096656697	FALSE	5	SCYL1	SCYL1
ENSG00000091129	1	26	-25	-0.25353214339960217	0.072257806244996	0.35568454763811047	-0.28342674139311447	Control	ENSG00000091129	0.8064451561248999	0.05457809693826476	FALSE	5	NRCAM	NRCAM
ENSG00000174442	1	26	-25	-0.25353214339960217	0.072257806244996	0.35568454763811047	-0.28342674139311447	Control	ENSG00000174442	0.8064451561248999	-0.11926132437395244	FALSE	5	ZWILCH	ZWILCH
ENSG00000046651	1	26	-25	-0.25353214339960217	0.072257806244996	0.35568454763811047	-0.28342674139311447	Control	ENSG00000046651	0.8064451561248999	-0.0914635649681319	FALSE	5	OFD1	OFD1
ENSG00000168824	97	471	-374	-2.7713002857432025	0.6297037630104083	0.912730184147318	-0.28302642113690957	Control	ENSG00000168824	0.8054443554843875	0.01237314826355096	FALSE	5	NSG1	NSG1
ENSG00000170802	4	91	-87	-0.7008147360222475	0.2822257806244996	0.5652522017614091	-0.2830264211369095	Control	ENSG00000170802	0.8050440352281826	0.20478915335971237	FALSE	5	FOXN2	FOXN2
ENSG00000172725	5	1	4	-0.04431931781804228	0.3122497998398719	0.02962369895916733	0.28262610088070456	AD	ENSG00000172725	0.8040432345876701	0.15454469401167792	FALSE	5	CORO1B	CORO1B
ENSG00000163634	5	1	4	-0.04431931781804228	0.3122497998398719	0.02962369895916733	0.28262610088070456	AD	ENSG00000163634	0.8040432345876701	-0.23050201289699856	FALSE	5	THOC7	THOC7
ENSG00000181090	5	1	4	-0.04431931781804228	0.3122497998398719	0.02962369895916733	0.28262610088070456	AD	ENSG00000181090	0.8040432345876701	0.1116438716211814	FALSE	5	EHMT1	EHMT1
ENSG00000285883	5	1	4	-0.04431931781804228	0.3122497998398719	0.02962369895916733	0.28262610088070456	AD	ENSG00000285883	0.8040432345876701	-0.05148940171114624	FALSE	5	NA	ENSG00000285883
ENSG00000165185	2	53	-51	-0.44110226288651794	0.1801441152922338	0.461369095276221	-0.2812249799839872	Control	ENSG00000165185	0.8030424339471577	0.3215854590436251	FALSE	5	KIAA1958	KIAA1958
ENSG00000072133	150	34	116	0.7636750430486718	0.6751401120896717	0.3939151321056846	0.28122497998398716	AD	ENSG00000072133	0.8026421136909527	-0.20814013651726349	FALSE	5	RPS6KA6	RPS6KA6
ENSG00000143367	27	273	-246	-1.847878159038386	0.5128102481985588	0.7938350680544436	-0.2810248198558848	Control	ENSG00000143367	0.8022417934347478	0.01900010182833078	FALSE	5	TUFT1	TUFT1
ENSG00000080815	14	200	-186	-1.4150240371455036	0.4499599679743795	0.7309847878302642	-0.28102481985588473	Control	ENSG00000080815	0.8018414731785428	0.06884660520599795	FALSE	5	PSEN1	PSEN1
ENSG00000086504	7	2	5	-0.0371050824531609	0.3592874299439552	0.0788630904723779	0.2804243394715773	AD	ENSG00000086504	0.8012409927942354	-0.18307866358279945	FALSE	5	MRPL28	MRPL28
ENSG00000253457	7	2	5	-0.0371050824531609	0.3592874299439552	0.0788630904723779	0.2804243394715773	AD	ENSG00000253457	0.8012409927942354	-0.4034552140101022	FALSE	5	SMIM18	SMIM18
ENSG00000204442	385	81	304	2.1199512916463705	0.8212570056044836	0.5410328262610088	0.28022417934347477	AD	ENSG00000204442	0.800640512409928	-0.1382606980819734	FALSE	5	NALF1	NALF1
ENSG00000092871	4	90	-86	-0.6936005006573661	0.2822257806244996	0.5618494795836669	-0.27962369895916733	Control	ENSG00000092871	0.800240192153723	0.251484421431746	FALSE	5	RFFL	RFFL
ENSG00000213064	1	25	-24	-0.2463179080347208	0.072257806244996	0.3512810248198559	-0.2790232185748599	Control	ENSG00000213064	0.7996397117694155	0.26250562869077854	FALSE	5	SFT2D2	SFT2D2
ENSG00000101695	1	25	-24	-0.2463179080347208	0.072257806244996	0.3512810248198559	-0.2790232185748599	Control	ENSG00000101695	0.7996397117694155	-0.00157004165995822	FALSE	5	RNF125	RNF125
ENSG00000064787	2	52	-50	-0.4338880275216366	0.1801441152922338	0.45856685348278625	-0.27842273819055247	Control	ENSG00000064787	0.7990392313851081	-0.6737521901805934	TRUE	6	BCAS1	BCAS1
ENSG00000137177	7	128	-121	-0.9460987384282142	0.3592874299439552	0.6375100080064051	-0.27822257806244993	Control	ENSG00000137177	0.7986389111289032	0.06295391500566083	FALSE	6	KIF13A	KIF13A
ENSG00000134709	332	68	264	1.8313818770511157	0.7892313851080864	0.511208967173739	0.27802241793434745	AD	ENSG00000134709	0.7982385908726981	-0.20217038668038967	FALSE	6	HOOK1	HOOK1
ENSG00000196876	520	118	402	2.8269463574047453	0.8935148118494796	0.616693354683747	0.2768214571657326	AD	ENSG00000196876	0.7978382706164932	-0.17729175157550792	FALSE	6	SCN8A	SCN8A
ENSG00000067606	442	94	348	2.437377647701151	0.8476781425140112	0.5712570056044836	0.27642113690952763	AD	ENSG00000067606	0.7974379503602882	-0.14525003813620962	FALSE	6	PRKCZ	PRKCZ
ENSG00000162511	17	7	10	-0.00103390562875401	0.46897518014411527	0.19315452361889512	0.27582065652522014	AD	ENSG00000162511	0.7970376301040832	0.27203516007866035	FALSE	6	LAPTM5	LAPTM5
ENSG00000049769	12	5	7	-0.02267661172339814	0.43274619695756605	0.15792634107285827	0.2748198558847078	AD	ENSG00000049769	0.7966373098478783	-0.11136882031360427	FALSE	6	PPP1R3F	PPP1R3F
ENSG00000100478	111	29	82	0.518391040642705	0.6429143314651722	0.3686949559647718	0.2742193755004004	AD	ENSG00000100478	0.7962369895916733	-0.2081596499288061	FALSE	6	AP4S1	AP4S1
ENSG00000145545	90	436	-346	-2.569301695526524	0.6222978382706165	0.8965172137710168	-0.2742193755004003	Control	ENSG00000145545	0.7956365092073658	-0.03957268935445235	FALSE	6	SRD5A1	SRD5A1
ENSG00000198001	46	341	-295	-2.2013756919175735	0.5640512409927942	0.8382706164931946	-0.2742193755004003	Control	ENSG00000198001	0.7956365092073658	0.13333605733844145	FALSE	6	IRAK4	IRAK4
ENSG00000134684	4	88	-84	-0.6791720299276034	0.2822257806244996	0.5564451561248999	-0.27421937550040026	Control	ENSG00000134684	0.7950360288230585	-0.02124984518320083	FALSE	6	YARS1	YARS1
ENSG00000198625	1	24	-23	-0.23910367266983945	0.072257806244996	0.34627702161729385	-0.27401921537229784	Control	ENSG00000198625	0.7942353883106485	-0.0369210849185233	FALSE	6	MDM4	MDM4
ENSG00000132254	1	24	-23	-0.23910367266983945	0.072257806244996	0.34627702161729385	-0.27401921537229784	Control	ENSG00000132254	0.7942353883106485	-0.03202810081074503	FALSE	6	ARFIP2	ARFIP2
ENSG00000137818	1	24	-23	-0.23910367266983945	0.072257806244996	0.34627702161729385	-0.27401921537229784	Control	ENSG00000137818	0.7942353883106485	-0.12338308544413046	FALSE	6	RPLP1	RPLP1
ENSG00000167755	6	116	-110	-0.8667421494145192	0.33767013610888713	0.6110888710968775	-0.27341873498799035	Control	ENSG00000167755	0.7934347477982386	0.02755145111142276	FALSE	6	KLK6	KLK6
ENSG00000275832	8	136	-128	-0.9965983859823838	0.3781024819855885	0.6505204163330665	-0.27241793434747796	Control	ENSG00000275832	0.7930344275420337	0.08595298313410815	FALSE	6	ARHGAP23	ARHGAP23
ENSG00000236052	10	4	6	-0.02989084708827952	0.4091273018414732	0.13690952762209768	0.2722177742193755	AD	ENSG00000236052	0.7926341072858286	-0.21150640980188085	FALSE	6	LINC01643	LINC01643
ENSG00000142149	61	20	41	0.22260739068256863	0.5864691753402722	0.3146517213771017	0.27181745396317053	AD	ENSG00000142149	0.7922337870296237	-0.23448677598719492	FALSE	6	HUNK	HUNK
ENSG00000152642	20	223	-203	-1.537666038348487	0.4859887910328263	0.7576060848678943	-0.271617293835068	Control	ENSG00000152642	0.7918334667734187	-0.05674338733095396	FALSE	6	GPD1L	GPD1L
ENSG00000176058	2	50	-48	-0.4194595567918738	0.1801441152922338	0.4513610888710969	-0.2712169735788631	Control	ENSG00000176058	0.7914331465172137	-0.02775503993243155	FALSE	6	TPRN	TPRN
ENSG00000096092	194	44	150	1.0089590454546389	0.7031625300240192	0.4323458767013611	0.2708166533226581	AD	ENSG00000096092	0.7910328262610088	-0.168234931735336	FALSE	6	TMEM14A	TMEM14A
ENSG00000129566	38	15	23	0.09275115411470387	0.5488390712570056	0.2792233787029624	0.2696156925540432	AD	ENSG00000129566	0.7906325060048038	0.27897777224238673	FALSE	6	TEP1	TEP1
ENSG00000106683	93	26	67	0.4101775101694845	0.6251000800640513	0.35568454763811047	0.2694155324259408	AD	ENSG00000106683	0.7902321857485989	-0.09693712439379	FALSE	6	LIMK1	LIMK1
ENSG00000072864	8	133	-125	-0.9749556798877396	0.3781024819855885	0.6463170536429144	-0.2682145716573259	Control	ENSG00000072864	0.7898318654923939	0.13881742752677617	FALSE	6	NDE1	NDE1
ENSG00000169641	18	8	10	-0.00103390562875401	0.4753803042433947	0.2075660528422738	0.2678142514011209	AD	ENSG00000169641	0.7892313851080864	0.1776627227583525	FALSE	6	LUZP1	LUZP1
ENSG00000137710	3	67	-64	-0.5348873226299758	0.24079263410728585	0.5086068855084067	-0.2678142514011209	Control	ENSG00000137710	0.7892313851080864	0.1704366986644672	FALSE	6	RDX	RDX
ENSG00000253877	6	112	-106	-0.8378852079549937	0.33767013610888713	0.6052842273819056	-0.26761409127301844	Control	ENSG00000253877	0.7884307445956765	-0.08694023645218962	FALSE	6	LINC01608	LINC01608
ENSG00000196104	6	112	-106	-0.8378852079549937	0.33767013610888713	0.6052842273819056	-0.26761409127301844	Control	ENSG00000196104	0.7884307445956765	7.38910616464139e-4	FALSE	6	SPOCK3	SPOCK3
ENSG00000155363	1	23	-22	-0.23188943730495803	0.072257806244996	0.3398718975180144	-0.2676140912730184	Control	ENSG00000155363	0.7872297838270617	0.13922468407286992	FALSE	6	MOV10	MOV10
ENSG00000107798	1	23	-22	-0.23188943730495803	0.072257806244996	0.3398718975180144	-0.2676140912730184	Control	ENSG00000107798	0.7872297838270617	0.15740223048901036	FALSE	6	LIPA	LIPA
ENSG00000150201	1	23	-22	-0.23188943730495803	0.072257806244996	0.3398718975180144	-0.2676140912730184	Control	ENSG00000150201	0.7872297838270617	-0.7605822807168825	TRUE	7	FXYD4	FXYD4
ENSG00000055118	1	23	-22	-0.23188943730495803	0.072257806244996	0.3398718975180144	-0.2676140912730184	Control	ENSG00000055118	0.7872297838270617	0.136122477096432	FALSE	7	KCNH2	KCNH2
ENSG00000184117	14	182	-168	-1.2851678005776388	0.4499599679743795	0.7173738991192954	-0.2674139311449159	Control	ENSG00000184117	0.7860288230584468	-0.07787618278619313	FALSE	7	NIPSNAP1	NIPSNAP1
ENSG00000106105	7	123	-116	-0.9100275616038076	0.3592874299439552	0.6267013610888711	-0.2674139311449159	Control	ENSG00000106105	0.7860288230584468	-0.15496814964935446	FALSE	7	GARS1	GARS1
ENSG00000151414	9	142	-133	-1.0326695628067908	0.3955164131305044	0.6623298638911129	-0.26681345076060853	Control	ENSG00000151414	0.7854283426741393	-0.05332994272142244	FALSE	7	NEK7	NEK7
ENSG00000125675	444	100	344	2.408520706241626	0.8498799039231385	0.58306645316253	0.2668134507606085	AD	ENSG00000125675	0.7850280224179343	-0.3331967387248511	FALSE	7	GRIA3	GRIA3
ENSG00000164742	290	65	225	1.550026697820742	0.7654123298638911	0.49879903923138513	0.26661329063250594	AD	ENSG00000164742	0.7846277021617294	0.03980627189371333	FALSE	7	ADCY1	ADCY1
ENSG00000144218	102	29	73	0.4534629223587726	0.6345076060848679	0.3686949559647718	0.2658126501200961	AD	ENSG00000144218	0.7842273819055244	-0.03692500890032235	FALSE	7	AFF3	AFF3
ENSG00000101868	8	131	-123	-0.960527209157977	0.3781024819855885	0.6437149719775821	-0.2656124899919936	Control	ENSG00000101868	0.7838270616493195	0.26240468894055446	FALSE	7	POLA1	POLA1
ENSG00000006831	2	48	-46	-0.4050310860621111	0.1801441152922338	0.44515612489992	-0.26501200960768617	Control	ENSG00000006831	0.7834267413931145	0.1667272112075615	FALSE	7	ADIPOR2	ADIPOR2
ENSG00000169783	253	59	194	1.3263854015094192	0.7423939151321057	0.4785828662930344	0.2638110488390713	AD	ENSG00000169783	0.7830264211369096	-0.15261427871040922	FALSE	7	LINGO1	LINGO1
ENSG00000165959	3	66	-63	-0.5276730872650945	0.24079263410728585	0.5042033626901521	-0.2634107285828663	Control	ENSG00000165959	0.7822257806244995	0.27424359323623904	FALSE	7	CLMN	CLMN
ENSG00000112234	11	5	6	-0.02989084708827952	0.4213370696557246	0.15792634107285827	0.2634107285828663	AD	ENSG00000112234	0.7822257806244995	0.1766564428376327	FALSE	7	FBXL4	FBXL4
ENSG00000168314	3	66	-63	-0.5276730872650945	0.24079263410728585	0.5042033626901521	-0.2634107285828663	Control	ENSG00000168314	0.7822257806244995	-0.8180278686250784	TRUE	8	MOBP	MOBP
ENSG00000114923	466	108	358	2.509520001349965	0.8606885508406725	0.5980784627702161	0.2626100880704564	AD	ENSG00000114923	0.7814251401120896	0.00531822241717527	FALSE	8	SLC4A3	SLC4A3
ENSG00000137221	8	129	-121	-0.9460987384282142	0.3781024819855885	0.6403122497998399	-0.2622097678142514	Control	ENSG00000137221	0.7808246597277823	3.692583043726216e-4	FALSE	8	TJAP1	TJAP1
ENSG00000126947	8	129	-121	-0.9460987384282142	0.3781024819855885	0.6403122497998399	-0.2622097678142514	Control	ENSG00000126947	0.7808246597277823	-0.00195953864891329	FALSE	8	ARMCX1	ARMCX1
ENSG00000165121	5	95	-90	-0.7224574421168917	0.3122497998398719	0.5740592473979184	-0.26180944755804647	Control	ENSG00000165121	0.7800240192153723	0.03646884327818256	FALSE	8	NA	ENSG00000165121
ENSG00000121957	5	95	-90	-0.7224574421168917	0.3122497998398719	0.5740592473979184	-0.26180944755804647	Control	ENSG00000121957	0.7800240192153723	0.10113328051612314	FALSE	8	GPSM2	GPSM2
ENSG00000164236	28	12	16	0.04225150656053424	0.5164131305044035	0.25500400320256206	0.26140912730184146	AD	ENSG00000164236	0.7788230584467574	0.11473028237827698	FALSE	8	ANKRD33B	ANKRD33B
ENSG00000180155	17	8	9	-0.00824814099363539	0.46897518014411527	0.2075660528422738	0.26140912730184146	AD	ENSG00000180155	0.7788230584467574	0.01904220049925342	FALSE	8	LYNX1	LYNX1
ENSG00000159658	16	192	-176	-1.34288168349669	0.4629703763010408	0.7243795036028823	-0.26140912730184146	Control	ENSG00000159658	0.7788230584467574	0.17668006905595846	FALSE	8	EFCAB14	EFCAB14
ENSG00000088325	17	8	9	-0.00824814099363539	0.46897518014411527	0.2075660528422738	0.26140912730184146	AD	ENSG00000088325	0.7788230584467574	-0.10437452531763824	FALSE	8	TPX2	TPX2
ENSG00000198597	9	140	-131	-1.018241092077028	0.3955164131305044	0.6563250600480385	-0.2608086469175341	Control	ENSG00000198597	0.7776220976781425	-0.04678920297681444	FALSE	8	ZNF536	ZNF536
ENSG00000164176	9	140	-131	-1.018241092077028	0.3955164131305044	0.6563250600480385	-0.2608086469175341	Control	ENSG00000164176	0.7776220976781425	0.15081628172583983	FALSE	8	EDIL3	EDIL3
ENSG00000095203	485	117	368	2.5816623549987785	0.8746997598078463	0.6140912730184147	0.2606084867894316	AD	ENSG00000095203	0.7770216172938351	-0.1063606245153963	FALSE	8	EPB41L4B	EPB41L4B
ENSG00000113456	65	366	-301	-2.244661104106862	0.5952762209767815	0.855884707766213	-0.2606084867894315	Control	ENSG00000113456	0.77662129703763	-0.01957245584280009	FALSE	8	RAD1	RAD1
ENSG00000175203	1	22	-21	-0.22467520194007667	0.072257806244996	0.3324659727782226	-0.2602081665332266	Control	ENSG00000175203	0.7754203362690152	-0.06910615158286149	FALSE	8	DCTN2	DCTN2
ENSG00000008988	1	22	-21	-0.22467520194007667	0.072257806244996	0.3324659727782226	-0.2602081665332266	Control	ENSG00000008988	0.7754203362690152	-0.15287716866390255	FALSE	8	RPS20	RPS20
ENSG00000185414	1	22	-21	-0.22467520194007667	0.072257806244996	0.3324659727782226	-0.2602081665332266	Control	ENSG00000185414	0.7754203362690152	-0.2150936135930248	FALSE	8	MRPL30	MRPL30
ENSG00000164815	1	22	-21	-0.22467520194007667	0.072257806244996	0.3324659727782226	-0.2602081665332266	Control	ENSG00000164815	0.7754203362690152	-0.11907310169206298	FALSE	8	ORC5	ORC5
ENSG00000091651	1	22	-21	-0.22467520194007667	0.072257806244996	0.3324659727782226	-0.2602081665332266	Control	ENSG00000091651	0.7754203362690152	-0.3497310799017219	FALSE	8	ORC6	ORC6
ENSG00000143847	21	10	11	0.00618032973612735	0.4913931144915933	0.2321857485988791	0.2592073658927142	AD	ENSG00000143847	0.7742193755004003	0.05586272181570706	FALSE	8	PPFIA4	PPFIA4
ENSG00000182158	2	46	-44	-0.3906026153323483	0.1801441152922338	0.43935148118494793	-0.25920736589271415	Control	ENSG00000182158	0.7738190552441954	0.3125507994749519	FALSE	8	CREB3L2	CREB3L2
ENSG00000184156	423	100	323	2.2570217635791168	0.8418734987990393	0.58306645316253	0.25880704563650925	AD	ENSG00000184156	0.772417934347478	-0.05644339904553241	FALSE	8	KCNQ3	KCNQ3
ENSG00000197283	6	2	4	-0.04431931781804228	0.33767013610888713	0.0788630904723779	0.25880704563650925	AD	ENSG00000197283	0.772417934347478	0.02463223390307156	FALSE	8	SYNGAP1	SYNGAP1
ENSG00000197430	6	2	4	-0.04431931781804228	0.33767013610888713	0.0788630904723779	0.25880704563650925	AD	ENSG00000197430	0.772417934347478	-0.400888083058323	FALSE	8	OPALIN	OPALIN
ENSG00000165801	6	2	4	-0.04431931781804228	0.33767013610888713	0.0788630904723779	0.25880704563650925	AD	ENSG00000165801	0.772417934347478	0.3509866413640683	FALSE	8	ARHGEF40	ARHGEF40
ENSG00000196465	6	2	4	-0.04431931781804228	0.33767013610888713	0.0788630904723779	0.25880704563650925	AD	ENSG00000196465	0.772417934347478	-0.11971090464970756	FALSE	8	MYL6B	MYL6B
ENSG00000099385	6	2	4	-0.04431931781804228	0.33767013610888713	0.0788630904723779	0.25880704563650925	AD	ENSG00000099385	0.772417934347478	-0.0493942486543002	FALSE	8	BCL7C	BCL7C
ENSG00000075651	9	138	-129	-1.0038126213472651	0.3955164131305044	0.6539231385108086	-0.25840672538030424	Control	ENSG00000075651	0.7710168134507606	0.22430814759323603	FALSE	8	PLD1	PLD1
ENSG00000008118	252	61	191	1.3047426954147752	0.7411929543634908	0.4831865492393915	0.2580064051240992	AD	ENSG00000008118	0.7706164931945556	-0.14545966674134014	FALSE	8	CAMK1G	CAMK1G
ENSG00000170921	24	11	13	0.0206088004658901	0.5022017614091273	0.2443955164131305	0.2578062449959968	AD	ENSG00000170921	0.7702161729383507	0.023022659204738002	FALSE	8	TANC2	TANC2
ENSG00000189108	72	24	48	0.27310703823673826	0.6040832666132906	0.34627702161729385	0.25780624499599675	AD	ENSG00000189108	0.7698158526821457	-0.218018957535826	FALSE	8	IL1RAPL2	IL1RAPL2
ENSG00000181852	113	452	-339	-2.518802047972354	0.6467173738991193	0.9043234587670136	-0.25760608486789427	Control	ENSG00000181852	0.7694155324259407	-0.03523486857488223	FALSE	8	RNF41	RNF41
ENSG00000111262	200	50	150	1.0089590454546389	0.7077662129703763	0.4513610888710969	0.25640512409927946	AD	ENSG00000111262	0.7690152121697358	-0.09624149931139137	FALSE	8	KCNA1	KCNA1
ENSG00000154548	102	31	71	0.43903445162900995	0.6345076060848679	0.3781024819855885	0.2564051240992794	AD	ENSG00000154548	0.7686148919135308	-0.2218469342772753	FALSE	8	SRSF12	SRSF12
ENSG00000154118	29	13	16	0.04225150656053424	0.5200160128102482	0.26381104883907125	0.256204963971177	AD	ENSG00000154118	0.7682145716573259	-0.02629468648073185	FALSE	8	JPH3	JPH3
ENSG00000151789	12	6	6	-0.02989084708827952	0.43274619695756605	0.17694155324259409	0.25580464371497197	AD	ENSG00000151789	0.7676140912730184	-0.3532073133447131	FALSE	8	ZNF385D	ZNF385D
ENSG00000116675	12	6	6	-0.02989084708827952	0.43274619695756605	0.17694155324259409	0.25580464371497197	AD	ENSG00000116675	0.7676140912730184	-0.0906935530478492	FALSE	8	DNAJC6	DNAJC6
ENSG00000112893	8	126	-118	-0.92445603233357	0.3781024819855885	0.6319055244195356	-0.25380304243394713	Control	ENSG00000112893	0.7668134507606085	0.32848391598275306	FALSE	8	MAN2A1	MAN2A1
ENSG00000237720	23	11	12	0.01339456510100873	0.4981985588470776	0.2443955164131305	0.25380304243394713	AD	ENSG00000237720	0.7668134507606085	-0.06569833670707048	FALSE	8	NA	ENSG00000237720
ENSG00000204396	10	142	-132	-1.0254553274419094	0.4091273018414732	0.6623298638911129	-0.25320256204963976	Control	ENSG00000204396	0.7662129703763011	0.02276996033055933	FALSE	8	VWA7	VWA7
ENSG00000156976	12	158	-146	-1.1264546225502483	0.43274619695756605	0.6857485988791033	-0.2530024019215373	Control	ENSG00000156976	0.765812650120096	-0.1665923819934214	FALSE	8	EIF4A2	EIF4A2
ENSG00000203879	35	16	19	0.06389421265517836	0.5396317053642914	0.2868294635708567	0.2528022417934347	AD	ENSG00000203879	0.7654123298638911	-0.23053222505660287	FALSE	8	GDI1	GDI1
ENSG00000086061	4	1	3	-0.05153355318292365	0.2822257806244996	0.02962369895916733	0.25260208166533227	AD	ENSG00000086061	0.7632105684547638	0.10829896737897649	FALSE	8	DNAJA1	DNAJA1
ENSG00000113749	146	41	105	0.6843184540349767	0.6721377101681345	0.41953562850280224	0.25260208166533227	AD	ENSG00000113749	0.7632105684547638	-0.05641252653105866	FALSE	8	HRH2	HRH2
ENSG00000184545	4	1	3	-0.05153355318292365	0.2822257806244996	0.02962369895916733	0.25260208166533227	AD	ENSG00000184545	0.7632105684547638	0.03750957348209205	FALSE	8	DUSP8	DUSP8
ENSG00000149926	4	1	3	-0.05153355318292365	0.2822257806244996	0.02962369895916733	0.25260208166533227	AD	ENSG00000149926	0.7632105684547638	0.02237536982632271	FALSE	8	TLCD3B	TLCD3B
ENSG00000130558	4	1	3	-0.05153355318292365	0.2822257806244996	0.02962369895916733	0.25260208166533227	AD	ENSG00000130558	0.7632105684547638	-0.2511332198774081	FALSE	8	OLFM1	OLFM1
ENSG00000158710	4	1	3	-0.05153355318292365	0.2822257806244996	0.02962369895916733	0.25260208166533227	AD	ENSG00000158710	0.7632105684547638	0.33357651127742116	FALSE	8	TAGLN2	TAGLN2
ENSG00000180769	4	1	3	-0.05153355318292365	0.2822257806244996	0.02962369895916733	0.25260208166533227	AD	ENSG00000180769	0.7632105684547638	0.11535296367478588	FALSE	8	WDFY3-AS2	WDFY3-AS2
ENSG00000279090	4	1	3	-0.05153355318292365	0.2822257806244996	0.02962369895916733	0.25260208166533227	AD	ENSG00000279090	0.7632105684547638	-0.34272650082978995	FALSE	8	NA	ENSG00000279090
ENSG00000180008	4	1	3	-0.05153355318292365	0.2822257806244996	0.02962369895916733	0.25260208166533227	AD	ENSG00000180008	0.7632105684547638	0.15106619146525446	FALSE	8	SOCS4	SOCS4
ENSG00000086717	4	1	3	-0.05153355318292365	0.2822257806244996	0.02962369895916733	0.25260208166533227	AD	ENSG00000086717	0.7632105684547638	-0.6603022091928201	TRUE	9	PPEF1	PPEF1
ENSG00000204655	17	186	-169	-1.2923820359425202	0.46897518014411527	0.7213771016813451	-0.2524019215372298	Control	ENSG00000204655	0.7610088070456366	-0.1940442892999812	FALSE	9	MOG	MOG
ENSG00000109881	60	22	38	0.20096468458792452	0.5844675740592474	0.3324659727782226	0.25200160128102483	AD	ENSG00000109881	0.7606084867894315	-0.21428454460617097	FALSE	9	CCDC34	CCDC34
ENSG00000141750	53	21	32	0.15767927239863627	0.5756605284227382	0.3238590872698158	0.25180144115292236	AD	ENSG00000141750	0.7602081665332265	-0.01050965638151524	FALSE	9	STAC2	STAC2
ENSG00000142541	1	21	-20	-0.21746096657519529	0.072257806244996	0.3238590872698158	-0.2516012810248198	Control	ENSG00000142541	0.7588070456365092	-0.09189002365408604	FALSE	9	RPL13A	RPL13A
ENSG00000230852	1	21	-20	-0.21746096657519529	0.072257806244996	0.3238590872698158	-0.2516012810248198	Control	ENSG00000230852	0.7588070456365092	-0.3737894563799147	FALSE	9	LINC02857	LINC02857
ENSG00000215158	1	21	-20	-0.21746096657519529	0.072257806244996	0.3238590872698158	-0.2516012810248198	Control	ENSG00000215158	0.7588070456365092	0.03798734013961358	FALSE	9	GUSBP18	GUSBP18
ENSG00000044115	1	21	-20	-0.21746096657519529	0.072257806244996	0.3238590872698158	-0.2516012810248198	Control	ENSG00000044115	0.7588070456365092	0.15923603918794704	FALSE	9	CTNNA1	CTNNA1
ENSG00000131626	1	21	-20	-0.21746096657519529	0.072257806244996	0.3238590872698158	-0.2516012810248198	Control	ENSG00000131626	0.7588070456365092	0.1502910663693129	FALSE	9	PPFIA1	PPFIA1
ENSG00000180035	1	21	-20	-0.21746096657519529	0.072257806244996	0.3238590872698158	-0.2516012810248198	Control	ENSG00000180035	0.7588070456365092	-0.09890782930616204	FALSE	9	ZNF48	ZNF48
ENSG00000066084	12	157	-145	-1.1192403871853671	0.43274619695756605	0.683947157726181	-0.2512009607686149	Control	ENSG00000066084	0.7572057646116893	0.12969526158842903	FALSE	9	DIP2B	DIP2B
ENSG00000261594	4	77	-73	-0.5998154409139083	0.2822257806244996	0.5334267413931145	-0.2512009607686149	Control	ENSG00000261594	0.7572057646116893	-0.3731933480377138	FALSE	9	TPBGL	TPBGL
ENSG00000182870	52	21	31	0.15046503703375488	0.5742594075260208	0.3238590872698158	0.25040032025620496	AD	ENSG00000182870	0.7566052842273819	-0.02196138613215836	FALSE	9	GALNT9	GALNT9
ENSG00000142408	333	80	253	1.7520252880374203	0.7900320256204963	0.5398318654923939	0.2502001601281024	AD	ENSG00000142408	0.756204963971177	-0.1788616060819379	FALSE	9	CACNG8	CACNG8
ENSG00000163704	49	306	-257	-1.9272347480520813	0.5680544435548439	0.8170536429143315	-0.24899919935948756	Control	ENSG00000163704	0.755804643714972	-0.13732994675512522	FALSE	9	PRRT3	PRRT3
ENSG00000153982	50	309	-259	-1.941663218781844	0.5700560448358687	0.8188550840672538	-0.24879903923138513	Control	ENSG00000153982	0.7552041633306645	-0.07696311208814421	FALSE	9	GDPD1	GDPD1
ENSG00000197694	2	43	-41	-0.36895990923770416	0.1801441152922338	0.4289431545236189	-0.24879903923138513	Control	ENSG00000197694	0.7552041633306645	0.08401518331850077	FALSE	9	SPTAN1	SPTAN1
ENSG00000167550	108	419	-311	-2.316803457755676	0.639911929543635	0.888310648518815	-0.24839871897518007	Control	ENSG00000167550	0.754603682946357	-0.23607338374670572	FALSE	9	RHEBL1	RHEBL1
ENSG00000162409	161	523	-362	-2.684729461364626	0.6821457165732586	0.9303442754203364	-0.24819855884707764	Control	ENSG00000162409	0.7542033626901521	-0.09627157997238812	FALSE	9	PRKAA2	PRKAA2
ENSG00000135298	29	14	15	0.03503727119565286	0.5200160128102482	0.27241793434747796	0.2475980784627703	AD	ENSG00000135298	0.7538030424339471	0.03373944436721388	FALSE	9	ADGRB3	ADGRB3
ENSG00000135362	16	175	-159	-1.2202396822937065	0.4629703763010408	0.710568454763811	-0.2475980784627702	Control	ENSG00000135362	0.7532025620496398	0.06114323796370691	FALSE	9	PRR5L	PRR5L
ENSG00000126860	17	181	-164	-1.2563108591181134	0.46897518014411527	0.7165732586068855	-0.2475980784627702	Control	ENSG00000126860	0.7532025620496398	-0.1771800728016668	FALSE	9	EVI2A	EVI2A
ENSG00000115459	7	3	4	-0.04431931781804228	0.3592874299439552	0.11188951160928742	0.24739791833466776	AD	ENSG00000115459	0.7526020816653323	0.08045744979730429	FALSE	9	ELMOD3	ELMOD3
ENSG00000167699	29	236	-207	-1.5665229798080125	0.5200160128102482	0.767413931144916	-0.24739791833466773	Control	ENSG00000167699	0.7522017614091273	-0.09320779093036435	FALSE	9	GLOD4	GLOD4
ENSG00000180739	5	89	-84	-0.6791720299276034	0.3122497998398719	0.5588470776621297	-0.24659727782225785	Control	ENSG00000180739	0.7518014411529224	-0.10999307341534248	FALSE	9	S1PR5	S1PR5
ENSG00000165983	395	99	296	2.0622374087273196	0.827261809447558	0.5806645316253003	0.2465972778222577	AD	ENSG00000165983	0.7514011208967174	-0.3667406699048658	FALSE	9	PTER	PTER
ENSG00000115252	209	56	153	1.030601751549283	0.7155724579663731	0.4695756605284227	0.2459967974379504	AD	ENSG00000115252	0.7510008006405124	-0.3055963198826639	FALSE	9	PDE1A	PDE1A
ENSG00000221890	225	59	166	1.1243868112927409	0.7243795036028823	0.4785828662930344	0.24579663730984783	AD	ENSG00000221890	0.7506004803843075	-0.305963716490087	FALSE	9	NPTXR	NPTXR
ENSG00000166006	394	99	295	2.0550231733624384	0.8264611689351481	0.5806645316253003	0.2457966373098478	AD	ENSG00000166006	0.7502001601281025	-0.42437243187189466	FALSE	9	KCNC2	KCNC2
ENSG00000111052	30	15	15	0.03503727119565286	0.5246196957566053	0.2792233787029624	0.2453963170536429	AD	ENSG00000111052	0.7497998398718975	-0.03836878132630517	FALSE	9	LIN7A	LIN7A
ENSG00000214517	172	47	125	0.8286031613326041	0.6877502001601281	0.44275420336269017	0.24499599679743791	AD	ENSG00000214517	0.7493995196156925	-0.32919104703732316	FALSE	9	PPME1	PPME1
ENSG00000136436	11	6	5	-0.0371050824531609	0.4213370696557246	0.17694155324259409	0.2443955164131305	AD	ENSG00000136436	0.7487990392313851	0.22683092190383647	FALSE	9	CALCOCO2	CALCOCO2
ENSG00000125962	11	6	5	-0.0371050824531609	0.4213370696557246	0.17694155324259409	0.2443955164131305	AD	ENSG00000125962	0.7487990392313851	-0.18062835714382608	FALSE	9	ARMCX5	ARMCX5
ENSG00000156471	81	29	52	0.3019639796962638	0.6122898318654924	0.3686949559647718	0.24359487590072057	AD	ENSG00000156471	0.7481985588470776	0.04049056438644705	FALSE	9	PTDSS1	PTDSS1
ENSG00000141367	7	110	-103	-0.8162425018603495	0.3592874299439552	0.6020816653322658	-0.24279423538831063	Control	ENSG00000141367	0.7477982385908727	-0.02520489878186005	FALSE	9	CLTC	CLTC
ENSG00000125170	1	20	-19	-0.21024673121031393	0.072257806244996	0.3146517213771017	-0.24239391513210568	Control	ENSG00000125170	0.7473979183346677	-0.00892273108727081	FALSE	9	DOK4	DOK4
ENSG00000180543	57	317	-260	-1.9488774541467255	0.5810648518815053	0.8232586068855084	-0.2421937550040032	Control	ENSG00000180543	0.7469975980784628	-0.12045146444963528	FALSE	9	TSPYL5	TSPYL5
ENSG00000196872	725	193	532	3.764796954839324	0.967574059247398	0.7255804643714971	0.24199359487590075	AD	ENSG00000196872	0.7465972778222578	-0.1566459899532564	FALSE	9	CRACDL	CRACDL
ENSG00000137843	79	29	50	0.28753550896650104	0.6104883907125701	0.3686949559647718	0.2417934347477983	AD	ENSG00000137843	0.7461969575660529	-0.00957543565560392	FALSE	9	PAK6	PAK6
ENSG00000160326	5	87	-82	-0.6647435591978407	0.3122497998398719	0.5540432345876701	-0.24179343474779824	Control	ENSG00000160326	0.7457966373098479	-0.03688992566977056	FALSE	9	SLC2A6	SLC2A6
ENSG00000111348	8	4	4	-0.04431931781804228	0.3781024819855885	0.13690952762209768	0.2411929543634908	AD	ENSG00000111348	0.745396317053643	0.13699754427678457	FALSE	9	ARHGDIB	ARHGDIB
ENSG00000168490	286	72	214	1.4706701088070468	0.761208967173739	0.5202161729383507	0.24099279423538833	AD	ENSG00000168490	0.7447958366693355	-0.1698674920571559	FALSE	9	PHYHIP	PHYHIP
ENSG00000109458	11	142	-131	-1.018241092077028	0.4213370696557246	0.6623298638911129	-0.24099279423538833	Control	ENSG00000109458	0.7447958366693355	0.2964139041730558	FALSE	9	GAB1	GAB1
ENSG00000161203	150	480	-330	-2.453873929688422	0.6751401120896717	0.9155324259407526	-0.24039231385108084	Control	ENSG00000161203	0.7439951961569256	-0.10029995604647012	FALSE	9	AP2M1	AP2M1
ENSG00000176463	10	135	-125	-0.9749556798877396	0.4091273018414732	0.649519615692554	-0.24039231385108084	Control	ENSG00000176463	0.7439951961569256	0.137489239068465	FALSE	9	SLCO3A1	SLCO3A1
ENSG00000154822	5	86	-81	-0.6575293238329593	0.3122497998398719	0.5524419535628503	-0.2401921537229784	Control	ENSG00000154822	0.7433947157726181	-0.01142729320864077	FALSE	9	PLCL2	PLCL2
ENSG00000140612	6	97	-91	-0.7296716774817731	0.33767013610888713	0.5774619695756605	-0.2397918334667734	Control	ENSG00000140612	0.7429943955164131	0.05058204009374023	FALSE	9	SEC11A	SEC11A
ENSG00000154975	255	66	189	1.2903142246850123	0.7435948759007206	0.5042033626901521	0.2393915132105685	AD	ENSG00000154975	0.7425940752602082	-0.2828926169991881	FALSE	9	CA10	CA10
ENSG00000114405	161	47	114	0.749246572318909	0.6821457165732586	0.44275420336269017	0.23939151321056845	AD	ENSG00000114405	0.7419935948759008	-0.1871943644364471	FALSE	9	CEP15	CEP15
ENSG00000183580	2	41	-39	-0.35453143850794144	0.1801441152922338	0.41953562850280224	-0.23939151321056845	Control	ENSG00000183580	0.7419935948759008	0.26887399167394577	FALSE	9	FBXL7	FBXL7
ENSG00000164031	94	384	-290	-2.1653045150931667	0.6267013610888711	0.8656925540432346	-0.23899119295436355	Control	ENSG00000164031	0.7413931144915933	-0.04802497368770275	FALSE	9	DNAJB14	DNAJB14
ENSG00000232044	9	127	-118	-0.92445603233357	0.3955164131305044	0.6345076060848679	-0.2389911929543635	Control	ENSG00000232044	0.7409927942353883	0.0678948684446965	FALSE	9	SILC1	SILC1
ENSG00000173253	5	85	-80	-0.650315088468078	0.3122497998398719	0.5504403522818254	-0.23819055244195353	Control	ENSG00000173253	0.7405924739791834	0.01541586513328496	FALSE	9	DMRT2	DMRT2
ENSG00000135905	13	154	-141	-1.0903834457258417	0.4415532425940753	0.6795436349079264	-0.2379903923138511	Control	ENSG00000135905	0.7401921537229784	0.02840440801908528	FALSE	9	DOCK10	DOCK10
ENSG00000003147	30	16	14	0.02782303583077148	0.5246196957566053	0.2868294635708567	0.23779023218574857	AD	ENSG00000003147	0.7397918334667735	-0.38051341106543646	FALSE	9	ICA1	ICA1
ENSG00000185345	143	455	-312	-2.324017693120557	0.6695356285028022	0.9071257005604484	-0.23759007205764615	Control	ENSG00000185345	0.7393915132105685	-0.12708891421693205	FALSE	9	PRKN	PRKN
ENSG00000106327	9	5	4	-0.04431931781804228	0.3955164131305044	0.15792634107285827	0.23759007205764612	AD	ENSG00000106327	0.738791032826261	0.07898753939124603	FALSE	9	TFR2	TFR2
ENSG00000167889	9	5	4	-0.04431931781804228	0.3955164131305044	0.15792634107285827	0.23759007205764612	AD	ENSG00000167889	0.738791032826261	0.1692158688127119	FALSE	9	MGAT5B	MGAT5B
ENSG00000184672	645	170	475	3.353585539041086	0.9411529223378704	0.7041633306645316	0.23698959167333863	AD	ENSG00000184672	0.7381905524419535	-0.32625294236860825	FALSE	9	RALYL	RALYL
ENSG00000146223	12	148	-136	-1.0543122689014348	0.43274619695756605	0.6695356285028022	-0.23678943154523616	Control	ENSG00000146223	0.7377902321857486	-0.05958638853580389	FALSE	9	RPL7L1	RPL7L1
ENSG00000130962	15	163	-148	-1.1408830932800114	0.4571657325860689	0.6937550040032026	-0.2365892714171337	Control	ENSG00000130962	0.7373899119295436	0.20641643410519883	FALSE	9	PRRG1	PRRG1
ENSG00000120251	591	159	432	3.043373418351187	0.923138510808647	0.6869495596477182	0.23618895116092875	AD	ENSG00000120251	0.7369895916733387	-0.12826142682673414	FALSE	9	GRIA2	GRIA2
ENSG00000187098	2	40	-38	-0.3473172031430601	0.1801441152922338	0.41613290632506006	-0.23598879103282627	Control	ENSG00000187098	0.7365892714171337	0.12930018318598613	FALSE	9	MITF	MITF
ENSG00000064763	28	218	-190	-1.4438809786050293	0.5164131305044035	0.7522017614091273	-0.2357886309047238	Control	ENSG00000064763	0.7361889511609288	-0.02351594860029138	FALSE	9	FAR2	FAR2
ENSG00000148334	25	208	-183	-1.3933813310508596	0.505804643714972	0.7415932746196957	-0.23578863090472368	Control	ENSG00000148334	0.7357886309047238	-0.11964793301118704	FALSE	9	PTGES2	PTGES2
ENSG00000144567	1	19	-18	-0.20303249584543256	0.072257806244996	0.3074459567654123	-0.2351881505204163	Control	ENSG00000144567	0.7349879903923139	-0.04014215345967464	FALSE	9	RETREG2	RETREG2
ENSG00000108107	1	19	-18	-0.20303249584543256	0.072257806244996	0.3074459567654123	-0.2351881505204163	Control	ENSG00000108107	0.7349879903923139	-0.2356578671952896	FALSE	9	RPL28	RPL28
ENSG00000152404	1	19	-18	-0.20303249584543256	0.072257806244996	0.3074459567654123	-0.2351881505204163	Control	ENSG00000152404	0.7349879903923139	0.12605680467436464	FALSE	9	CWF19L2	CWF19L2
ENSG00000189241	511	140	371	2.603305061093423	0.889911929543635	0.6563250600480385	0.23358686949559648	AD	ENSG00000189241	0.734187349879904	-0.2469411979141007	FALSE	9	TSPYL1	TSPYL1
ENSG00000198865	5	2	3	-0.05153355318292365	0.3122497998398719	0.0788630904723779	0.233386709367494	AD	ENSG00000198865	0.733386709367494	0.1303430524488638	FALSE	9	CCDC152	CCDC152
ENSG00000163346	5	2	3	-0.05153355318292365	0.3122497998398719	0.0788630904723779	0.233386709367494	AD	ENSG00000163346	0.733386709367494	0.3890298225679878	FALSE	9	PBXIP1	PBXIP1
ENSG00000143420	5	2	3	-0.05153355318292365	0.3122497998398719	0.0788630904723779	0.233386709367494	AD	ENSG00000143420	0.733386709367494	-0.21632413066137168	FALSE	9	ENSA	ENSA
ENSG00000109180	172	51	121	0.7997462198730787	0.6877502001601281	0.455164131305044	0.2325860688550841	AD	ENSG00000109180	0.732586068855084	-0.19671638819524517	FALSE	9	OCIAD1	OCIAD1
ENSG00000154678	14	156	-142	-1.097597681090723	0.4499599679743795	0.682345876701361	-0.23238590872698156	Control	ENSG00000154678	0.7321857485988791	0.15541837368612477	FALSE	9	PDE1C	PDE1C
ENSG00000065361	27	210	-183	-1.3933813310508596	0.5128102481985588	0.7447958366693355	-0.23198558847077663	Control	ENSG00000065361	0.7315852682145717	-0.04337393336970763	FALSE	9	ERBB3	ERBB3
ENSG00000124374	3	57	-54	-0.4627449689811622	0.24079263410728585	0.47277822257806246	-0.23198558847077663	Control	ENSG00000124374	0.7315852682145717	-0.5126269051064725	TRUE	10	PAIP2B	PAIP2B
ENSG00000179388	207	61	146	0.9801021039951132	0.7145716573258607	0.4831865492393915	0.23138510808646917	AD	ENSG00000179388	0.7309847878302642	-0.08290996958531771	FALSE	10	EGR3	EGR3
ENSG00000171492	7	103	-96	-0.7657428543061799	0.3592874299439552	0.5900720576461169	-0.23078462770216177	Control	ENSG00000171492	0.7305844675740593	-0.06615550723637398	FALSE	10	LRRC8D	LRRC8D
ENSG00000204899	328	88	240	1.6582402282939626	0.7866293034427542	0.5564451561248999	0.2301841473178543	AD	ENSG00000204899	0.7301841473178543	-0.20568152242598536	FALSE	10	MZT1	MZT1
ENSG00000106299	135	44	91	0.5833191589266374	0.6623298638911129	0.4323458767013611	0.22998398718975183	AD	ENSG00000106299	0.7297838270616493	-0.1284106463120036	FALSE	10	WASL	WASL
ENSG00000106123	154	49	105	0.6843184540349767	0.677742193755004	0.4477582065652522	0.22998398718975177	AD	ENSG00000106123	0.7293835068054444	0.0393158330384793	FALSE	10	EPHB6	EPHB6
ENSG00000076513	8	114	-106	-0.8378852079549937	0.3781024819855885	0.6076861489191353	-0.2295836669335468	Control	ENSG00000076513	0.728382706164932	0.02867737335834874	FALSE	10	ANKRD13A	ANKRD13A
ENSG00000141622	138	45	93	0.5977476296564002	0.6651321056845476	0.4355484387510008	0.2295836669335468	AD	ENSG00000141622	0.728382706164932	-0.17785887846228654	FALSE	10	ARK2C	ARK2C
ENSG00000099282	8	114	-106	-0.8378852079549937	0.3781024819855885	0.6076861489191353	-0.2295836669335468	Control	ENSG00000099282	0.728382706164932	-0.1657093837096113	FALSE	10	TSPAN15	TSPAN15
ENSG00000196937	216	563	-347	-2.5765159308914054	0.7191753402722177	0.9487590072057646	-0.2295836669335468	Control	ENSG00000196937	0.728382706164932	-0.1921935112758799	FALSE	10	FAM3C	FAM3C
ENSG00000119403	1	18	-17	-0.19581826048055115	0.072257806244996	0.30164131305044034	-0.2293835068054443	Control	ENSG00000119403	0.7265812650120096	0.20226150077713356	FALSE	10	PHF19	PHF19
ENSG00000178502	1	18	-17	-0.19581826048055115	0.072257806244996	0.30164131305044034	-0.2293835068054443	Control	ENSG00000178502	0.7265812650120096	0.389666020050079	FALSE	10	KLHL11	KLHL11
ENSG00000231584	1	18	-17	-0.19581826048055115	0.072257806244996	0.30164131305044034	-0.2293835068054443	Control	ENSG00000231584	0.7265812650120096	-0.11873666885426104	FALSE	10	FAHD2CP	FAHD2CP
ENSG00000155961	1	18	-17	-0.19581826048055115	0.072257806244996	0.30164131305044034	-0.2293835068054443	Control	ENSG00000155961	0.7265812650120096	-0.09612769113530996	FALSE	10	RAB39B	RAB39B
ENSG00000167526	1	18	-17	-0.19581826048055115	0.072257806244996	0.30164131305044034	-0.2293835068054443	Control	ENSG00000167526	0.7265812650120096	-0.23074035843638896	FALSE	10	RPL13	RPL13
ENSG00000140848	9	122	-113	-0.8883848555091634	0.3955164131305044	0.6246997598078463	-0.22918334667734191	Control	ENSG00000140848	0.7253803042433947	0.01057464027172194	FALSE	10	CPNE2	CPNE2
ENSG00000278195	229	65	164	1.109958340562978	0.7273819055244195	0.49879903923138513	0.22858286629303437	AD	ENSG00000278195	0.7249799839871898	0.05445767255235623	FALSE	10	SSTR3	SSTR3
ENSG00000005486	102	37	65	0.3957490394397217	0.6345076060848679	0.40612489991993594	0.22838270616493195	AD	ENSG00000005486	0.7241793434747799	-0.21114448338826364	FALSE	10	RHBDD2	RHBDD2
ENSG00000103769	61	303	-242	-1.8190212175788607	0.5864691753402722	0.8148518815052042	-0.22838270616493195	Control	ENSG00000103769	0.7241793434747799	-0.13365365307376642	FALSE	10	RAB11A	RAB11A
ENSG00000186675	71	30	41	0.22260739068256863	0.6020816653322658	0.37369895916733387	0.22838270616493195	AD	ENSG00000186675	0.7241793434747799	0.12138105961911272	FALSE	10	MAGEE2	MAGEE2
ENSG00000265354	11	7	4	-0.04431931781804228	0.4213370696557246	0.19315452361889512	0.22818254603682947	AD	ENSG00000265354	0.7231785428342674	-0.13012325588386098	FALSE	10	TIMM23	TIMM23
ENSG00000183255	11	7	4	-0.04431931781804228	0.4213370696557246	0.19315452361889512	0.22818254603682947	AD	ENSG00000183255	0.7231785428342674	0.3958649192499806	FALSE	10	PTTG1IP	PTTG1IP
ENSG00000069345	383	104	279	1.939595407524336	0.8198558847077662	0.5918734987990393	0.22798238590872688	AD	ENSG00000069345	0.7225780624499599	-0.14332673164245335	FALSE	10	DNAJA2	DNAJA2
ENSG00000176182	73	31	42	0.22982162604745	0.605884707766213	0.3781024819855885	0.2277822257806245	AD	ENSG00000176182	0.722177742193755	-0.11646032499745652	FALSE	10	MYPOP	MYPOP
ENSG00000068903	14	153	-139	-1.075954974996079	0.4499599679743795	0.6775420336269016	-0.2275820656525221	Control	ENSG00000068903	0.72177742193755	-0.0373719156205432	FALSE	10	SIRT2	SIRT2
ENSG00000183780	108	39	69	0.4246059808992472	0.639911929543635	0.41253002401921535	0.2273819055244196	AD	ENSG00000183780	0.7213771016813451	-0.0944773737595508	FALSE	10	SLC35F3	SLC35F3
ENSG00000109339	9	121	-112	-0.8811706201442819	0.3955164131305044	0.622898318654924	-0.22738190552441956	Control	ENSG00000109339	0.7209767814251401	0.00210613666353332	FALSE	10	MAPK10	MAPK10
ENSG00000139433	18	169	-151	-1.1625257993746556	0.4753803042433947	0.7027622097678142	-0.2273819055244195	Control	ENSG00000139433	0.7205764611689351	-0.04440496921438353	FALSE	10	GLTP	GLTP
ENSG00000167778	197	528	-331	-2.461088165053303	0.7053642914331465	0.9325460368294636	-0.22718174539631708	Control	ENSG00000167778	0.7201761409127302	-0.04706466835024692	FALSE	10	SPRYD3	SPRYD3
ENSG00000048740	284	77	207	1.4201704612528772	0.7602081665332265	0.5334267413931145	0.226781425140112	AD	ENSG00000048740	0.7197758206565252	0.0452515112684182	FALSE	10	CELF2	CELF2
ENSG00000128242	13	146	-133	-1.0326695628067908	0.4415532425940753	0.6671337069655725	-0.22558046437149729	Control	ENSG00000128242	0.7193755004003203	-0.20638998011009943	FALSE	10	GAL3ST1	GAL3ST1
ENSG00000117245	177	55	122	0.8069604552379601	0.6917534027221778	0.466373098478783	0.2253803042433948	AD	ENSG00000117245	0.7189751801441153	-0.24056231592566135	FALSE	10	KIF17	KIF17
ENSG00000134717	32	19	13	0.0206088004658901	0.532826261008807	0.3074459567654123	0.22538030424339472	AD	ENSG00000134717	0.7185748598879104	-0.10746051149770608	FALSE	10	BTF3L4	BTF3L4
ENSG00000124134	117	42	75	0.4678913930885354	0.6489191353082466	0.42393915132105686	0.22497998398718977	AD	ENSG00000124134	0.7179743795036029	0.06161575120417595	FALSE	10	KCNS1	KCNS1
ENSG00000165566	11	133	-122	-0.9533129737930957	0.4213370696557246	0.6463170536429144	-0.22497998398718977	Control	ENSG00000165566	0.7179743795036029	0.15406278352055658	FALSE	10	AMER2	AMER2
ENSG00000181191	64	308	-244	-1.8334496883086235	0.5934747798238591	0.8182546036829463	-0.22477982385908724	Control	ENSG00000181191	0.7173738991192954	-0.02240156396667458	FALSE	10	PJA1	PJA1
ENSG00000146386	5	78	-73	-0.5998154409139083	0.3122497998398719	0.5364291433146517	-0.22417934347477983	Control	ENSG00000146386	0.7169735788630904	-0.2287584527407436	FALSE	10	ABRACL	ABRACL
ENSG00000164332	6	90	-84	-0.6791720299276034	0.33767013610888713	0.5618494795836669	-0.2241793434747798	Control	ENSG00000164332	0.7165732586068855	-0.18901642391223028	FALSE	10	UBLCP1	UBLCP1
ENSG00000204052	226	565	-339	-2.518802047972354	0.7257806244995997	0.9495596477181746	-0.2237790232185749	Control	ENSG00000204052	0.7161729383506805	-0.1699316591430371	FALSE	10	LRRC73	LRRC73
ENSG00000162989	417	117	300	2.0910943501868453	0.8374699759807847	0.6140912730184147	0.22337870296236997	AD	ENSG00000162989	0.7157726180944756	-0.2945024934360738	FALSE	10	KCNJ3	KCNJ3
ENSG00000196227	22	183	-161	-1.234668153023469	0.49499599679743794	0.7183746997598078	-0.2233787029623699	Control	ENSG00000196227	0.7153722978382706	-0.11880070871053584	FALSE	10	FAM217B	FAM217B
ENSG00000165637	1	17	-16	-0.1886040251156698	0.072257806244996	0.29523618895116094	-0.2229783827061649	Control	ENSG00000165637	0.7145716573258607	-0.05263310889997719	FALSE	10	VDAC2	VDAC2
ENSG00000273032	1	17	-16	-0.1886040251156698	0.072257806244996	0.29523618895116094	-0.2229783827061649	Control	ENSG00000273032	0.7145716573258607	-0.01665893774038807	FALSE	10	DGCR5	DGCR5
ENSG00000161980	1	17	-16	-0.1886040251156698	0.072257806244996	0.29523618895116094	-0.2229783827061649	Control	ENSG00000161980	0.7145716573258607	-0.15617384167589954	FALSE	10	POLR3K	POLR3K
ENSG00000178233	257	73	184	1.2542430478606057	0.7457966373098479	0.5232185748598879	0.22257806244996003	AD	ENSG00000178233	0.7137710168134508	-0.03246364261409518	FALSE	10	TMEM151B	TMEM151B
ENSG00000205116	11	131	-120	-0.9388845030633328	0.4213370696557246	0.6437149719775821	-0.2223779023218575	Control	ENSG00000205116	0.7125700560448359	-0.24195824984271577	FALSE	10	TMEM88B	TMEM88B
ENSG00000060749	7	4	3	-0.05153355318292365	0.3592874299439552	0.13690952762209768	0.2223779023218575	AD	ENSG00000060749	0.7125700560448359	0.1910484063199558	FALSE	10	QSER1	QSER1
ENSG00000205090	11	131	-120	-0.9388845030633328	0.4213370696557246	0.6437149719775821	-0.2223779023218575	Control	ENSG00000205090	0.7125700560448359	-0.09755889654238992	FALSE	10	TMEM240	TMEM240
ENSG00000168502	7	4	3	-0.05153355318292365	0.3592874299439552	0.13690952762209768	0.2223779023218575	AD	ENSG00000168502	0.7125700560448359	0.01181692703363523	FALSE	10	MTCL1	MTCL1
ENSG00000163449	7	4	3	-0.05153355318292365	0.3592874299439552	0.13690952762209768	0.2223779023218575	AD	ENSG00000163449	0.7125700560448359	-0.24264111462733864	FALSE	10	TMEM169	TMEM169
ENSG00000067992	138	416	-278	-2.07873369071459	0.6651321056845476	0.8871096877502002	-0.22197758206565257	Control	ENSG00000067992	0.7113690952762209	-0.08448175485066933	FALSE	10	PDK3	PDK3
ENSG00000187164	4	66	-62	-0.5204588519002131	0.2822257806244996	0.5042033626901521	-0.2219775820656525	Control	ENSG00000187164	0.710968775020016	-0.6463627072368254	TRUE	11	SHTN1	SHTN1
ENSG00000111726	244	69	175	1.1893149295766732	0.7351881505204163	0.5134107285828663	0.22177742193755	AD	ENSG00000111726	0.710568454763811	-0.3489644249421371	FALSE	11	CMAS	CMAS
ENSG00000047056	63	299	-236	-1.7757358053895724	0.5910728582866293	0.8126501200960768	-0.2215772618094476	Control	ENSG00000047056	0.7101681345076061	0.01339296799609535	FALSE	11	WDR37	WDR37
ENSG00000075415	366	103	263	1.8241676416862345	0.811449159327462	0.5900720576461169	0.22137710168134503	AD	ENSG00000075415	0.7097678142514011	-0.055826262684743	FALSE	11	SLC25A3	SLC25A3
ENSG00000265313	5	77	-72	-0.592601205549027	0.3122497998398719	0.5334267413931145	-0.22117694155324263	Control	ENSG00000265313	0.7093674939951962	-0.4482065629531169	FALSE	11	LINC01476	LINC01476
ENSG00000102466	626	176	450	3.1732296549190515	0.932746196957566	0.7115692554043235	0.22117694155324252	AD	ENSG00000102466	0.7089671737389912	-0.1956182776167452	FALSE	11	FGF14	FGF14
ENSG00000175215	13	9	4	-0.04431931781804228	0.4415532425940753	0.2207766212970376	0.2207766212970376	AD	ENSG00000175215	0.7085668534827863	0.33110417732026143	FALSE	11	CTDSP2	CTDSP2
ENSG00000054277	26	199	-173	-1.321238977402046	0.5092073658927142	0.7297838270616493	-0.22057646116893517	Control	ENSG00000054277	0.7079663730984788	0.00856420381662648	FALSE	11	OPN3	OPN3
ENSG00000091656	3	53	-50	-0.4338880275216366	0.24079263410728585	0.461369095276221	-0.22057646116893517	Control	ENSG00000091656	0.7079663730984788	0.1771139478305539	FALSE	11	ZFHX4	ZFHX4
ENSG00000101557	48	24	24	0.09996538947958523	0.5668534827862289	0.34627702161729385	0.2205764611689351	AD	ENSG00000101557	0.7073658927141714	-0.1474212291985424	FALSE	11	USP14	USP14
ENSG00000139505	18	12	6	-0.02989084708827952	0.4753803042433947	0.25500400320256206	0.22037630104083267	AD	ENSG00000139505	0.7067654123298639	-0.19573849988038816	FALSE	11	MTMR6	MTMR6
ENSG00000242419	18	12	6	-0.02989084708827952	0.4753803042433947	0.25500400320256206	0.22037630104083267	AD	ENSG00000242419	0.7067654123298639	0.19620611821978873	FALSE	11	PCDHGC4	PCDHGC4
ENSG00000145882	8	5	3	-0.05153355318292365	0.3781024819855885	0.15792634107285827	0.22017614091273024	AD	ENSG00000145882	0.7061649319455564	-0.3013034453759502	FALSE	11	PCYOX1L	PCYOX1L
ENSG00000188706	10	124	-114	-0.8955990908740447	0.4091273018414732	0.6289031224979984	-0.21977582065652523	Control	ENSG00000188706	0.7057646116893515	-0.04890252020400432	FALSE	11	ZDHHC9	ZDHHC9
ENSG00000275004	339	96	243	1.6798829343886066	0.7950360288230585	0.5754603682946358	0.2195756605284227	AD	ENSG00000275004	0.7053642914331465	-0.07619889301923877	FALSE	11	ZNF280B	ZNF280B
ENSG00000142875	223	66	157	1.0594586930088083	0.7235788630904724	0.5042033626901521	0.21937550040032028	AD	ENSG00000142875	0.7049639711769415	-0.2676554060281173	FALSE	11	PRKACB	PRKACB
ENSG00000186297	21	14	7	-0.02267661172339814	0.4913931144915933	0.27241793434747796	0.21897518014411532	AD	ENSG00000186297	0.7045636509207366	-0.3060081262509602	FALSE	11	GABRA5	GABRA5
ENSG00000112038	50	25	25	0.10717962484446662	0.5700560448358687	0.3512810248198559	0.2187750200160128	AD	ENSG00000112038	0.7039631705364291	-0.04740243735520089	FALSE	11	OPRM1	OPRM1
ENSG00000154945	2	35	-33	-0.31124602631865317	0.1801441152922338	0.3989191353082466	-0.2187750200160128	Control	ENSG00000154945	0.7039631705364291	-0.05125233263627749	FALSE	11	ANKRD40	ANKRD40
ENSG00000231312	9	6	3	-0.05153355318292365	0.3955164131305044	0.17694155324259409	0.2185748598879103	AD	ENSG00000231312	0.7033626901521217	-0.2674419920717934	FALSE	11	MAP4K3-DT	MAP4K3-DT
ENSG00000111652	36	226	-190	-1.4438809786050293	0.5430344275420337	0.7616092874299439	-0.21857485988791023	Control	ENSG00000111652	0.7029623698959168	-0.20064917960944584	FALSE	11	COPS7A	COPS7A
ENSG00000174145	153	52	101	0.6554615125754512	0.6767413931144916	0.45856685348278625	0.2181745396317053	AD	ENSG00000174145	0.7025620496397118	-0.11349039988575704	FALSE	11	NWD2	NWD2
ENSG00000119801	190	485	-295	-2.2013756919175735	0.700160128102482	0.9179343474779824	-0.21777421937550048	Control	ENSG00000119801	0.7021617293835068	-0.06185183080690493	FALSE	11	YPEL5	YPEL5
ENSG00000169891	509	149	360	2.5239484720797276	0.888310648518815	0.671537229783827	0.216773418734988	AD	ENSG00000169891	0.7017614091273019	-0.17777982645738355	FALSE	11	REPS2	REPS2
ENSG00000112293	53	27	26	0.114393860209348	0.5756605284227382	0.3590872698158527	0.21657325860688548	AD	ENSG00000112293	0.7013610888710968	0.10811637591422853	FALSE	11	GPLD1	GPLD1
ENSG00000157152	544	160	384	2.6970901208368807	0.9043234587670136	0.6879503602882305	0.21637309847878303	AD	ENSG00000157152	0.7007606084867894	-0.33249636896135115	FALSE	11	SYN2	SYN2
ENSG00000126822	15	150	-135	-1.0470980335365534	0.4571657325860689	0.6735388310648519	-0.21637309847878303	Control	ENSG00000126822	0.7007606084867894	0.1464494229085851	FALSE	11	PLEKHG3	PLEKHG3
ENSG00000122367	6	87	-81	-0.6575293238329593	0.33767013610888713	0.5540432345876701	-0.216373098478783	Control	ENSG00000122367	0.700160128102482	-0.4945467098832861	FALSE	11	LDB3	LDB3
ENSG00000169562	7	96	-89	-0.7152432067520103	0.3592874299439552	0.5754603682946358	-0.21617293835068055	Control	ENSG00000169562	0.699759807846277	-0.10948831147239702	FALSE	11	GJB1	GJB1
ENSG00000133878	100	40	60	0.3596778626153148	0.6321056845476382	0.41613290632506006	0.2159727782225781	AD	ENSG00000133878	0.699359487590072	-0.19722951444333425	FALSE	11	DUSP26	DUSP26
ENSG00000135631	19	165	-146	-1.1264546225502483	0.48078462770216174	0.6965572457966374	-0.2157726180944756	Control	ENSG00000135631	0.6989591673338671	0.13616351426000506	FALSE	11	RAB11FIP5	RAB11FIP5
ENSG00000178394	35	21	14	0.02782303583077148	0.5396317053642914	0.3238590872698158	0.21577261809447557	AD	ENSG00000178394	0.6985588470776621	0.3344146650695876	FALSE	11	HTR1A	HTR1A
ENSG00000136274	1	16	-15	-0.1813897897507884	0.072257806244996	0.2868294635708567	-0.2145716573258607	Control	ENSG00000136274	0.6973578863090473	-0.01332381344552757	FALSE	11	NACAD	NACAD
ENSG00000174130	1	16	-15	-0.1813897897507884	0.072257806244996	0.2868294635708567	-0.2145716573258607	Control	ENSG00000174130	0.6973578863090473	0.5197698101814412	TRUE	12	TLR6	TLR6
ENSG00000114391	1	16	-15	-0.1813897897507884	0.072257806244996	0.2868294635708567	-0.2145716573258607	Control	ENSG00000114391	0.6973578863090473	-0.17888207270440049	FALSE	12	RPL24	RPL24
ENSG00000163285	1	16	-15	-0.1813897897507884	0.072257806244996	0.2868294635708567	-0.2145716573258607	Control	ENSG00000163285	0.6973578863090473	0.404852282700416	FALSE	12	GABRG1	GABRG1
ENSG00000137261	1	16	-15	-0.1813897897507884	0.072257806244996	0.2868294635708567	-0.2145716573258607	Control	ENSG00000137261	0.6973578863090473	0.05768862322427104	FALSE	12	KIAA0319	KIAA0319
ENSG00000075043	76	34	42	0.22982162604745	0.6082866293034428	0.3939151321056846	0.21437149719775825	AD	ENSG00000075043	0.6961569255404323	0.03519324442885718	FALSE	12	KCNQ2	KCNQ2
ENSG00000154642	24	181	-157	-1.2058112115639437	0.5022017614091273	0.7165732586068855	-0.21437149719775817	Control	ENSG00000154642	0.6957566052842273	0.0236984761404333	FALSE	12	C21orf91	C21orf91
ENSG00000145990	205	65	140	0.9368166918058248	0.7129703763010409	0.49879903923138513	0.21417133706965577	AD	ENSG00000145990	0.6953562850280224	0.08092095830041046	FALSE	12	GFOD1	GFOD1
ENSG00000197322	8	104	-96	-0.7657428543061799	0.3781024819855885	0.5918734987990393	-0.2137710168134508	Control	ENSG00000197322	0.6945556445156125	-0.39562363430623915	FALSE	12	TMEM132E-DT	TMEM132E-DT
ENSG00000150867	8	104	-96	-0.7657428543061799	0.3781024819855885	0.5918734987990393	-0.2137710168134508	Control	ENSG00000150867	0.6945556445156125	0.0554105931792872	FALSE	12	PIP4K2A	PIP4K2A
ENSG00000156050	2	34	-32	-0.3040317909537718	0.1801441152922338	0.3939151321056846	-0.2137710168134508	Control	ENSG00000156050	0.6945556445156125	0.03724230503659775	FALSE	12	FAM161B	FAM161B
ENSG00000003987	15	11	4	-0.04431931781804228	0.4571657325860689	0.2443955164131305	0.21277021617293831	AD	ENSG00000003987	0.6937550040032026	-0.07232931022666023	FALSE	12	MTMR7	MTMR7
ENSG00000168438	6	85	-79	-0.6431008531031965	0.33767013610888713	0.5504403522818254	-0.2127702161729383	Control	ENSG00000168438	0.6933546837469976	0.0428905183129924	FALSE	12	CDC40	CDC40
ENSG00000149972	57	29	28	0.12882233093911075	0.5810648518815053	0.3686949559647718	0.21236989591673344	AD	ENSG00000149972	0.6929543634907926	-0.22391466631613177	FALSE	12	CNTN5	CNTN5
ENSG00000215712	171	441	-270	-2.0210198077955392	0.6867493995196157	0.8989191353082466	-0.21216973578863096	Control	ENSG00000215712	0.6925540432345877	-0.08406548689161042	FALSE	12	TMEM242	TMEM242
ENSG00000100146	34	214	-180	-1.3717386249562151	0.5368294635708567	0.7489991993594876	-0.21216973578863085	Control	ENSG00000100146	0.6921537229783827	0.09930955840058964	FALSE	12	SOX10	SOX10
ENSG00000073417	8	103	-95	-0.7585286189412985	0.3781024819855885	0.5900720576461169	-0.21196957566052843	Control	ENSG00000073417	0.6917534027221778	-0.07380849293496716	FALSE	12	PDE8A	PDE8A
ENSG00000242808	7	94	-87	-0.7008147360222475	0.3592874299439552	0.5712570056044836	-0.2119695756605284	Control	ENSG00000242808	0.6913530824659728	-0.1143430273072088	FALSE	12	SOX2-OT	SOX2-OT
ENSG00000122122	18	13	5	-0.0371050824531609	0.4753803042433947	0.26381104883907125	0.21156925540432348	AD	ENSG00000122122	0.6909527622097679	0.5884030099390118	TRUE	13	SASH3	SASH3
ENSG00000184347	274	83	191	1.3047426954147752	0.7548038430744596	0.5434347477982386	0.21136909527622097	AD	ENSG00000184347	0.6905524419535628	-0.01326597340899127	FALSE	13	SLIT3	SLIT3
ENSG00000204389	3	1	2	-0.05874778854780502	0.24079263410728585	0.02962369895916733	0.2111689351481185	AD	ENSG00000204389	0.688550840672538	0.10152042699349197	FALSE	13	HSPA1A	HSPA1A
ENSG00000150873	3	1	2	-0.05874778854780502	0.24079263410728585	0.02962369895916733	0.2111689351481185	AD	ENSG00000150873	0.688550840672538	-0.04995489894490745	FALSE	13	CIMIP5	CIMIP5
ENSG00000148175	3	1	2	-0.05874778854780502	0.24079263410728585	0.02962369895916733	0.2111689351481185	AD	ENSG00000148175	0.688550840672538	0.49812814848822207	FALSE	13	STOM	STOM
ENSG00000169756	3	1	2	-0.05874778854780502	0.24079263410728585	0.02962369895916733	0.2111689351481185	AD	ENSG00000169756	0.688550840672538	0.31411625875691485	FALSE	13	LIMS1	LIMS1
ENSG00000172795	3	1	2	-0.05874778854780502	0.24079263410728585	0.02962369895916733	0.2111689351481185	AD	ENSG00000172795	0.688550840672538	-0.06441113929001752	FALSE	13	DCP2	DCP2
ENSG00000149489	3	1	2	-0.05874778854780502	0.24079263410728585	0.02962369895916733	0.2111689351481185	AD	ENSG00000149489	0.688550840672538	0.1830107352906598	FALSE	13	ROM1	ROM1
ENSG00000006283	3	1	2	-0.05874778854780502	0.24079263410728585	0.02962369895916733	0.2111689351481185	AD	ENSG00000006283	0.688550840672538	0.05386383452242249	FALSE	13	CACNA1G	CACNA1G
ENSG00000122203	3	1	2	-0.05874778854780502	0.24079263410728585	0.02962369895916733	0.2111689351481185	AD	ENSG00000122203	0.688550840672538	-0.02170244380897479	FALSE	13	KIAA1191	KIAA1191
ENSG00000133958	3	1	2	-0.05874778854780502	0.24079263410728585	0.02962369895916733	0.2111689351481185	AD	ENSG00000133958	0.688550840672538	-0.13424717990560886	FALSE	13	UNC79	UNC79
ENSG00000198932	149	413	-264	-1.977734395606251	0.6739391513210569	0.8849079263410728	-0.21096877502001599	Control	ENSG00000198932	0.6861489191353083	-0.14549576779909756	FALSE	13	GPRASP1	GPRASP1
ENSG00000129538	5	73	-68	-0.5637442640895014	0.3122497998398719	0.5232185748598879	-0.21096877502001599	Control	ENSG00000129538	0.6861489191353083	-0.15430390232643276	FALSE	13	RNASE1	RNASE1
ENSG00000213062	5	73	-68	-0.5637442640895014	0.3122497998398719	0.5232185748598879	-0.21096877502001599	Control	ENSG00000213062	0.6861489191353083	-0.16395649572179227	FALSE	13	NA	ENSG00000213062
ENSG00000070214	30	202	-172	-1.3140247420371645	0.5246196957566053	0.7351881505204163	-0.21056845476381103	Control	ENSG00000070214	0.6849479583666933	0.1917543128502075	FALSE	13	SLC44A1	SLC44A1
ENSG00000147488	30	202	-172	-1.3140247420371645	0.5246196957566053	0.7351881505204163	-0.21056845476381103	Control	ENSG00000147488	0.6849479583666933	0.03545714204717321	FALSE	13	ST18	ST18
ENSG00000157827	3	50	-47	-0.4122453214269925	0.24079263410728585	0.4513610888710969	-0.21056845476381103	Control	ENSG00000157827	0.6849479583666933	0.24211506826362417	FALSE	13	FMNL2	FMNL2
ENSG00000114541	38	224	-186	-1.4150240371455036	0.5488390712570056	0.7592073658927142	-0.2103682946357086	Control	ENSG00000114541	0.6841473178542834	0.06185695341841679	FALSE	13	FRMD4B	FRMD4B
ENSG00000160396	31	206	-175	-1.3356674481318085	0.5296236989591674	0.7399919935948759	-0.2103682946357085	Control	ENSG00000160396	0.6837469975980784	-0.09504303813964832	FALSE	13	HIPK4	HIPK4
ENSG00000182389	543	163	380	2.668233179377355	0.9037229783827062	0.6937550040032026	0.20996797437950365	AD	ENSG00000182389	0.6833466773418735	-0.2566014743446168	FALSE	13	CACNB4	CACNB4
ENSG00000154146	121	47	74	0.4606771577236541	0.6527221777421938	0.44275420336269017	0.2099679743795036	AD	ENSG00000154146	0.6829463570856685	-0.3395192938501186	FALSE	13	NRGN	NRGN
ENSG00000157764	111	361	-250	-1.876735100497912	0.6429143314651722	0.8526821457165733	-0.20976781425140112	Control	ENSG00000157764	0.6825460368294636	-0.05851067261323806	FALSE	13	BRAF	BRAF
ENSG00000048991	61	31	30	0.14325080166887352	0.5864691753402722	0.3781024819855885	0.20836669335468372	AD	ENSG00000048991	0.6821457165732586	-0.2628544550757379	FALSE	13	R3HDM1	R3HDM1
ENSG00000116141	164	58	106	0.691532689399858	0.683947157726181	0.4757806244995997	0.2081665332265813	AD	ENSG00000116141	0.6813450760608487	-0.2249150876620067	FALSE	13	MARK1	MARK1
ENSG00000157483	21	167	-146	-1.1264546225502483	0.4913931144915933	0.6995596477181746	-0.2081665332265813	Control	ENSG00000157483	0.6813450760608487	0.2235451736953085	FALSE	13	MYO1E	MYO1E
ENSG00000122824	186	452	-266	-1.9921628663360136	0.6961569255404323	0.9043234587670136	-0.2081665332265813	Control	ENSG00000122824	0.6813450760608487	-0.11595621410468304	FALSE	13	NUDT10	NUDT10
ENSG00000103089	20	163	-143	-1.1048119164556045	0.4859887910328263	0.6937550040032026	-0.20776621297037628	Control	ENSG00000103089	0.6805444355484388	-0.12213347841317912	FALSE	13	FA2H	FA2H
ENSG00000272031	120	373	-253	-1.898377806592556	0.6519215372297839	0.8596877502001601	-0.20776621297037623	Control	ENSG00000272031	0.6801441152922338	-0.20553512335451352	FALSE	13	ANKRD34A	ANKRD34A
ENSG00000011426	4	63	-59	-0.498816145805569	0.2822257806244996	0.4897918334667734	-0.2075660528422738	Control	ENSG00000011426	0.6795436349079264	0.304735793885504	FALSE	13	ANLN	ANLN
ENSG00000198835	4	63	-59	-0.498816145805569	0.2822257806244996	0.4897918334667734	-0.2075660528422738	Control	ENSG00000198835	0.6795436349079264	-0.09955964576803744	FALSE	13	GJC2	GJC2
ENSG00000184481	3	49	-46	-0.4050310860621111	0.24079263410728585	0.4477582065652522	-0.2069655724579664	Control	ENSG00000184481	0.6787429943955164	-0.1217858577168851	FALSE	13	FOXO4	FOXO4
ENSG00000120690	3	49	-46	-0.4050310860621111	0.24079263410728585	0.4477582065652522	-0.2069655724579664	Control	ENSG00000120690	0.6787429943955164	0.5245351800619833	TRUE	14	ELF1	ELF1
ENSG00000101336	1	15	-14	-0.17417555438590704	0.072257806244996	0.2792233787029624	-0.20696557245796637	Control	ENSG00000101336	0.677742193755004	0.4561113385646358	FALSE	14	HCK	HCK
ENSG00000051523	1	15	-14	-0.17417555438590704	0.072257806244996	0.2792233787029624	-0.20696557245796637	Control	ENSG00000051523	0.677742193755004	0.26519686065724457	FALSE	14	CYBA	CYBA
ENSG00000102125	1	15	-14	-0.17417555438590704	0.072257806244996	0.2792233787029624	-0.20696557245796637	Control	ENSG00000102125	0.677742193755004	-0.01382485077409789	FALSE	14	TAFAZZIN	TAFAZZIN
ENSG00000186106	134	390	-256	-1.9200205126872	0.6617293835068054	0.8682946357085669	-0.20656525220176147	Control	ENSG00000186106	0.6769415532425941	-0.12153862337817324	FALSE	14	ANKRD46	ANKRD46
ENSG00000143412	5	71	-66	-0.5493157933597387	0.3122497998398719	0.5182145716573259	-0.205964771817454	Control	ENSG00000143412	0.6763410728582866	0.04570320250540227	FALSE	14	ANXA9	ANXA9
ENSG00000228203	73	298	-225	-1.6963792163758773	0.605884707766213	0.8118494795836669	-0.205964771817454	Control	ENSG00000228203	0.6763410728582866	-0.09798619694378095	FALSE	14	GRASLND	GRASLND
ENSG00000144285	125	50	75	0.4678913930885354	0.6569255404323459	0.4513610888710969	0.20556445156124897	AD	ENSG00000144285	0.6757405924739792	-0.08991221223329227	FALSE	14	SCN1A	SCN1A
ENSG00000286282	8	100	-92	-0.7368859128466544	0.3781024819855885	0.58306645316253	-0.2049639711769415	Control	ENSG00000286282	0.6753402722177743	-0.34013871994115874	FALSE	14	NA	ENSG00000286282
ENSG00000175497	111	355	-244	-1.8334496883086235	0.6429143314651722	0.8472778222578062	-0.20436349079263405	Control	ENSG00000175497	0.6749399519615693	-0.05651552688847694	FALSE	14	DPP10	DPP10
ENSG00000166619	235	74	161	1.0883156344683338	0.7299839871897518	0.5258206565252201	0.20416333066453163	AD	ENSG00000166619	0.6745396317053642	-0.17111775440209875	FALSE	14	BLCAP	BLCAP
ENSG00000164796	51	29	22	0.0855369187498225	0.5724579663730984	0.3686949559647718	0.20376301040832664	AD	ENSG00000164796	0.6741393114491593	-0.0232710755112393	FALSE	14	CSMD3	CSMD3
ENSG00000019582	4	2	2	-0.05874778854780502	0.2822257806244996	0.0788630904723779	0.20336269015212172	AD	ENSG00000019582	0.673138510808647	0.8438991406288778	TRUE	15	CD74	CD74
ENSG00000181072	4	2	2	-0.05874778854780502	0.2822257806244996	0.0788630904723779	0.20336269015212172	AD	ENSG00000181072	0.673138510808647	-0.06805714987043743	FALSE	15	CHRM2	CHRM2
ENSG00000112651	4	2	2	-0.05874778854780502	0.2822257806244996	0.0788630904723779	0.20336269015212172	AD	ENSG00000112651	0.673138510808647	-0.11796904029735522	FALSE	15	MRPL2	MRPL2
ENSG00000085719	4	2	2	-0.05874778854780502	0.2822257806244996	0.0788630904723779	0.20336269015212172	AD	ENSG00000085719	0.673138510808647	0.30318987728250413	FALSE	15	CPNE3	CPNE3
ENSG00000173898	71	35	36	0.18653621385816177	0.6020816653322658	0.3989191353082466	0.20316253002401924	AD	ENSG00000173898	0.6721377101681345	0.06232186664576567	FALSE	15	SPTBN2	SPTBN2
ENSG00000165061	119	49	70	0.4318202162641286	0.6509207365892714	0.4477582065652522	0.2031625300240192	AD	ENSG00000165061	0.67173738991192955	-0.2959936026933505	FALSE	15	ZMAT4	ZMAT4
ENSG00000272321	226	73	153	1.030601751549283	0.7257806244995997	0.5232185748598879	0.2025620496397118	AD	ENSG00000272321	0.6711369095276221	0.03628105248194835	FALSE	15	NA	ENSG00000272321
ENSG00000104369	226	73	153	1.030601751549283	0.7257806244995997	0.5232185748598879	0.2025620496397118	AD	ENSG00000104369	0.6711369095276221	-0.14508511479526298	FALSE	15	JPH1	JPH1
ENSG00000127946	7	90	-83	-0.6719577945627221	0.3592874299439552	0.5618494795836669	-0.20256204963971175	Control	ENSG00000127946	0.6703362690152121	0.2166811067470853	FALSE	15	HIP1	HIP1
ENSG00000165194	9	108	-99	-0.7873855604008241	0.3955164131305044	0.5980784627702161	-0.20256204963971175	Control	ENSG00000165194	0.6703362690152121	-0.18440793481907747	FALSE	15	PCDH19	PCDH19
ENSG00000159248	21	163	-142	-1.097597681090723	0.4913931144915933	0.6937550040032026	-0.20236188951160927	Control	ENSG00000159248	0.6697357886309048	-0.6582921854335959	TRUE	16	GJD2	GJD2
ENSG00000164112	600	189	411	2.891874475688678	0.9247397918334668	0.7225780624499599	0.20216172938350685	AD	ENSG00000164112	0.6693354683746997	-0.17563981239815973	FALSE	16	SMIM43	SMIM43
ENSG00000184905	142	55	87	0.5544622174671119	0.6685348278622898	0.466373098478783	0.2021617293835068	AD	ENSG00000184905	0.6689351481184947	-0.3164322049073416	FALSE	16	TCEAL2	TCEAL2
ENSG00000166579	200	466	-266	-1.9921628663360136	0.7077662129703763	0.9099279423538832	-0.2021617293835067	Control	ENSG00000166579	0.6685348278622898	-0.04898300229653962	FALSE	16	NDEL1	NDEL1
ENSG00000171208	10	116	-106	-0.8378852079549937	0.4091273018414732	0.6110888710968775	-0.20196156925540432	Control	ENSG00000171208	0.6679343474779824	-0.20633621742932817	FALSE	16	NETO2	NETO2
ENSG00000125817	3	47	-44	-0.3906026153323483	0.24079263410728585	0.44275420336269017	-0.20196156925540432	Control	ENSG00000125817	0.6679343474779824	-0.13829621130617653	FALSE	16	CENPB	CENPB
ENSG00000158109	302	639	-337	-2.5043735772425917	0.7734187349879904	0.9749799839871898	-0.20156124899919936	Control	ENSG00000158109	0.6661329063250601	-0.04627165954476098	FALSE	16	TPRG1L	TPRG1L
ENSG00000125966	273	86	187	1.2758857539552495	0.7540032025620497	0.5524419535628503	0.20156124899919936	AD	ENSG00000125966	0.6661329063250601	0.07172323783931844	FALSE	16	MMP24	MMP24
ENSG00000178385	10	8	2	-0.05874778854780502	0.4091273018414732	0.2075660528422738	0.20156124899919936	AD	ENSG00000178385	0.6661329063250601	0.01597598119751708	FALSE	16	PLEKHM3	PLEKHM3
ENSG00000112079	10	8	2	-0.05874778854780502	0.4091273018414732	0.2075660528422738	0.20156124899919936	AD	ENSG00000112079	0.6661329063250601	0.13586951951123716	FALSE	16	STK38	STK38
ENSG00000165028	44	27	17	0.04946574192541561	0.5606485188150521	0.3590872698158527	0.20156124899919936	AD	ENSG00000165028	0.6661329063250601	-0.18301623097072373	FALSE	16	NIPSNAP3B	NIPSNAP3B
ENSG00000189369	64	275	-211	-1.595379921267538	0.5934747798238591	0.7950360288230585	-0.20156124899919936	Control	ENSG00000189369	0.6661329063250601	-0.02245117926751128	FALSE	16	GSPT2	GSPT2
ENSG00000177169	10	8	2	-0.05874778854780502	0.4091273018414732	0.2075660528422738	0.20156124899919936	AD	ENSG00000177169	0.6661329063250601	0.06420823793659558	FALSE	16	ULK1	ULK1
ENSG00000163131	7	5	2	-0.05874778854780502	0.3592874299439552	0.15792634107285827	0.2013610888710969	AD	ENSG00000163131	0.6643314651721377	0.5729020179659674	TRUE	17	CTSS	CTSS
ENSG00000162910	7	5	2	-0.05874778854780502	0.3592874299439552	0.15792634107285827	0.2013610888710969	AD	ENSG00000162910	0.6643314651721377	-0.2693834704542635	FALSE	17	MRPL55	MRPL55
ENSG00000136099	29	186	-157	-1.2058112115639437	0.5200160128102482	0.7213771016813451	-0.20136108887109683	Control	ENSG00000136099	0.6637309847878302	-0.42496263936005185	FALSE	17	PCDH8	PCDH8
ENSG00000181924	8	6	2	-0.05874778854780502	0.3781024819855885	0.17694155324259409	0.2011609287429944	AD	ENSG00000181924	0.6633306645316253	-0.02040607636466163	FALSE	17	COA4	COA4
ENSG00000177108	4	61	-57	-0.48438767507580627	0.2822257806244996	0.4831865492393915	-0.20096076861489193	Control	ENSG00000177108	0.6629303442754203	0.08895839889383339	FALSE	17	ZDHHC22	ZDHHC22
ENSG00000247556	393	122	271	1.8818815246052851	0.8256605284227382	0.6246997598078463	0.20096076861489187	AD	ENSG00000247556	0.6625300240192153	-0.21589069094284777	FALSE	17	OIP5-AS1	OIP5-AS1
ENSG00000166924	642	205	437	3.0794445951755938	0.9399519615692554	0.739191353082466	0.20076060848678945	AD	ENSG00000166924	0.6617293835068054	-0.04350861800336148	FALSE	17	NYAP1	NYAP1
ENSG00000132965	6	4	2	-0.05874778854780502	0.33767013610888713	0.13690952762209768	0.20076060848678945	AD	ENSG00000132965	0.6617293835068054	0.5967773556340354	TRUE	18	ALOX5AP	ALOX5AP
ENSG00000168610	6	4	2	-0.05874778854780502	0.33767013610888713	0.13690952762209768	0.20076060848678945	AD	ENSG00000168610	0.6617293835068054	0.3841900582930027	FALSE	18	STAT3	STAT3
ENSG00000166508	6	79	-73	-0.5998154409139083	0.33767013610888713	0.5382305844675741	-0.20056044835868697	Control	ENSG00000166508	0.6609287429943955	-0.0882953150332142	FALSE	18	MCM7	MCM7
ENSG00000124920	24	169	-145	-1.1192403871853671	0.5022017614091273	0.7027622097678142	-0.20056044835868692	Control	ENSG00000124920	0.6605284227381906	0.13703120195066454	FALSE	18	MYRF	MYRF
ENSG00000137996	5	3	2	-0.05874778854780502	0.3122497998398719	0.11188951160928742	0.2003602882305845	AD	ENSG00000137996	0.6591273018414732	-0.1614396372059339	FALSE	18	RTCA	RTCA
ENSG00000180901	5	3	2	-0.05874778854780502	0.3122497998398719	0.11188951160928742	0.2003602882305845	AD	ENSG00000180901	0.6591273018414732	-0.02558887182184222	FALSE	18	KCTD2	KCTD2
ENSG00000128602	5	3	2	-0.05874778854780502	0.3122497998398719	0.11188951160928742	0.2003602882305845	AD	ENSG00000128602	0.6591273018414732	0.33519202217195243	FALSE	18	SMO	SMO
ENSG00000204271	5	3	2	-0.05874778854780502	0.3122497998398719	0.11188951160928742	0.2003602882305845	AD	ENSG00000204271	0.6591273018414732	-0.09668714611508378	FALSE	18	SPIN3	SPIN3
ENSG00000105887	5	3	2	-0.05874778854780502	0.3122497998398719	0.11188951160928742	0.2003602882305845	AD	ENSG00000105887	0.6591273018414732	-0.14196071966153845	FALSE	18	MTPN	MTPN
ENSG00000167315	5	3	2	-0.05874778854780502	0.3122497998398719	0.11188951160928742	0.2003602882305845	AD	ENSG00000167315	0.6591273018414732	0.01537119039450374	FALSE	18	ACAA2	ACAA2
ENSG00000177674	1	14	-13	-0.16696131902102565	0.072257806244996	0.27241793434747796	-0.20016012810248196	Control	ENSG00000177674	0.6573258606885508	0.03570089396441034	FALSE	18	AGTRAP	AGTRAP
ENSG00000170153	1	14	-13	-0.16696131902102565	0.072257806244996	0.27241793434747796	-0.20016012810248196	Control	ENSG00000170153	0.6573258606885508	-0.06192889637264898	FALSE	18	RNF150	RNF150
ENSG00000130479	1	14	-13	-0.16696131902102565	0.072257806244996	0.27241793434747796	-0.20016012810248196	Control	ENSG00000130479	0.6573258606885508	0.026284448070097	FALSE	18	MAP1S	MAP1S
ENSG00000141934	20	158	-138	-1.0687407396311976	0.4859887910328263	0.6857485988791033	-0.19975980784627703	Control	ENSG00000141934	0.6565252201761409	0.05070366882136312	FALSE	18	PLPP2	PLPP2
ENSG00000042753	250	80	170	1.1532437527522663	0.7395916733386709	0.5398318654923939	0.199759807846277	AD	ENSG00000042753	0.65612489991993594	-0.2299210408954142	FALSE	18	AP2S1	AP2S1
ENSG00000176396	280	585	-305	-2.2735180455663873	0.7580064051240992	0.9571657325860689	-0.19915932746196963	Control	ENSG00000176396	0.655724579663731	-0.16641837484671562	FALSE	18	EID2	EID2
ENSG00000081913	5	68	-63	-0.5276730872650945	0.3122497998398719	0.511208967173739	-0.1989591673338671	Control	ENSG00000081913	0.655324259407526	0.16677926707894208	FALSE	18	PHLPP1	PHLPP1
ENSG00000152954	181	64	117	0.7708892784135531	0.6931545236188951	0.494195356285028	0.19895916733386704	AD	ENSG00000152954	0.6549239391513211	-0.4485310298225613	FALSE	18	NRSN1	NRSN1
ENSG00000198121	4	60	-56	-0.4771734397109249	0.2822257806244996	0.48078462770216174	-0.19855884707766217	Control	ENSG00000198121	0.6545236188951161	-0.6048199314524823	TRUE	19	LPAR1	LPAR1
ENSG00000109787	3	46	-43	-0.38338837996746694	0.24079263410728585	0.43935148118494793	-0.1985588470776621	Control	ENSG00000109787	0.6541232986389112	0.24999671685448277	FALSE	19	KLF3	KLF3
ENSG00000104888	480	149	331	2.3147356464981677	0.8694955964771818	0.671537229783827	0.19795836669335476	AD	ENSG00000104888	0.6537229783827062	-0.34282875317519057	FALSE	19	SLC17A7	SLC17A7
ENSG00000105193	2	31	-29	-0.28238908485912767	0.1801441152922338	0.3781024819855885	-0.1979583666933547	Control	ENSG00000105193	0.6531224979983987	-0.07792592299090195	FALSE	19	RPS16	RPS16
ENSG00000074657	2	31	-29	-0.28238908485912767	0.1801441152922338	0.3781024819855885	-0.1979583666933547	Control	ENSG00000074657	0.6531224979983987	0.1078787590528414	FALSE	19	ZNF532	ZNF532
ENSG00000167535	444	137	307	2.1415939977410146	0.8498799039231385	0.6521216973578863	0.19775820656525225	AD	ENSG00000167535	0.6525220176140912	-0.05237909464370638	FALSE	19	CACNB3	CACNB3
ENSG00000171160	120	51	69	0.4246059808992472	0.6519215372297839	0.455164131305044	0.19675740592473984	AD	ENSG00000171160	0.6521216973578863	-0.11192772689309828	FALSE	19	MORN4	MORN4
ENSG00000138134	353	115	238	1.6438117575641995	0.8058446757405925	0.6090872698158527	0.19675740592473975	AD	ENSG00000138134	0.6517213771016813	-0.0902495559641352	FALSE	19	STAMBPL1	STAMBPL1
ENSG00000080822	4	59	-55	-0.4699592043460435	0.2822257806244996	0.4785828662930344	-0.19635708566853485	Control	ENSG00000080822	0.6513210568454764	-0.35526220660828045	FALSE	19	CLDND1	CLDND1
ENSG00000184144	16	141	-125	-0.9749556798877396	0.4629703763010408	0.6591273018414732	-0.19615692554043235	Control	ENSG00000184144	0.6509207365892714	0.25151217400532566	FALSE	19	CNTN2	CNTN2
ENSG00000172888	113	349	-236	-1.7757358053895724	0.6467173738991193	0.8428742994395516	-0.1961569255404323	Control	ENSG00000172888	0.6505204163330665	0.09932864170790268	FALSE	19	ZNF621	ZNF621
ENSG00000172031	480	150	330	2.3075214111332865	0.8694955964771818	0.6735388310648519	0.19595676541232987	AD	ENSG00000172031	0.6497197758206565	-0.09608006166505768	FALSE	19	EPHX4	EPHX4
ENSG00000118432	43	28	15	0.03503727119565286	0.5588470776621297	0.36289031224979984	0.19595676541232987	AD	ENSG00000118432	0.6497197758206565	-0.4837072806550254	FALSE	19	CNR1	CNR1
ENSG00000172466	8	95	-87	-0.7008147360222475	0.3781024819855885	0.5740592473979184	-0.19595676541232987	Control	ENSG00000172466	0.6497197758206565	0.18878920034229377	FALSE	19	ZNF24	ZNF24
ENSG00000091513	11	118	-107	-0.8450994433198751	0.4213370696557246	0.616693354683747	-0.1953562850280224	Control	ENSG00000091513	0.6489191353082466	-0.07065017688646691	FALSE	19	TF	TF
ENSG00000280776	14	12	2	-0.05874778854780502	0.4499599679743795	0.25500400320256206	0.19495596477181745	AD	ENSG00000280776	0.6485188150520417	-0.5372525338532332	FALSE	19	LINC01202	LINC01202
ENSG00000196961	54	32	22	0.0855369187498225	0.5770616493194556	0.3823058446757406	0.194755804643715	AD	ENSG00000196961	0.6481184947958367	0.03506066638151495	FALSE	19	AP2A1	AP2A1
ENSG00000065675	3	45	-42	-0.3761741446025856	0.24079263410728585	0.4355484387510008	-0.19475580464371495	Control	ENSG00000065675	0.6477181745396317	-0.13999282461885976	FALSE	19	PRKCQ	PRKCQ
ENSG00000184185	9	103	-94	-0.7513143835764172	0.3955164131305044	0.5900720576461169	-0.19455564451561252	Control	ENSG00000184185	0.6473178542834267	0.05420694469762743	FALSE	19	KCNJ12	KCNJ12
ENSG00000153956	578	192	386	2.7115185915666435	0.9187349879903924	0.7243795036028823	0.19435548438751005	AD	ENSG00000153956	0.6469175340272217	-0.2548543178179479	FALSE	19	CACNA2D1	CACNA2D1
ENSG00000154493	30	183	-153	-1.1769542701044182	0.5246196957566053	0.7183746997598078	-0.19375500400320256	Control	ENSG00000154493	0.6465172137710168	0.11677894392157916	FALSE	19	C10orf90	C10orf90
ENSG00000164889	2	30	-28	-0.2751748494942463	0.1801441152922338	0.37369895916733387	-0.19355484387510008	Control	ENSG00000164889	0.6459167333867094	0.3137251166808692	FALSE	19	SLC4A2	SLC4A2
ENSG00000179918	2	30	-28	-0.2751748494942463	0.1801441152922338	0.37369895916733387	-0.19355484387510008	Control	ENSG00000179918	0.6459167333867094	0.07371130182679408	FALSE	19	SEPHS2	SEPHS2
ENSG00000254585	208	459	-251	-1.8839493358627932	0.7149719775820657	0.9083266613290631	-0.1933546837469976	Control	ENSG00000254585	0.6451160928742994	-0.14559970381046838	FALSE	19	MAGEL2	MAGEL2
ENSG00000102181	53	32	21	0.07832268338494112	0.5756605284227382	0.3823058446757406	0.1933546837469976	AD	ENSG00000102181	0.6451160928742994	-0.163581572400048	FALSE	19	CD99L2	CD99L2
ENSG00000172671	244	82	162	1.0955298698332152	0.7351881505204163	0.5420336269015212	0.19315452361889507	AD	ENSG00000172671	0.644515612489992	0.18583627062768215	FALSE	19	ZFAND4	ZFAND4
ENSG00000151090	513	166	347	2.43016341233627	0.8909127301841473	0.6979583666933546	0.19295436349079265	AD	ENSG00000151090	0.6439151321056845	-0.1844022517411279	FALSE	19	THRB	THRB
ENSG00000064961	13	127	-114	-0.8955990908740447	0.4415532425940753	0.6345076060848679	-0.19295436349079265	Control	ENSG00000064961	0.6439151321056845	0.0820176314019605	FALSE	19	HMG20B	HMG20B
ENSG00000198689	867	290	577	4.089437546258986	0.9981985588470776	0.80564451561249	0.1925540432345877	AD	ENSG00000198689	0.6431144915932746	-0.209443626839235	FALSE	19	SLC9A6	SLC9A6
ENSG00000004059	176	411	-235	-1.768521570024691	0.6905524419535628	0.8831064851881505	-0.1925540432345877	Control	ENSG00000004059	0.6431144915932746	-0.1812783967108178	FALSE	19	ARF5	ARF5
ENSG00000270607	33	195	-162	-1.2418823883883507	0.5348278622898318	0.7267814251401121	-0.1919535628502803	Control	ENSG00000270607	0.6425140112089672	-0.2741088685889075	FALSE	19	LEISA1	LEISA1
ENSG00000066336	1	13	-12	-0.1597470836561443	0.072257806244996	0.26381104883907125	-0.19155324259407525	Control	ENSG00000066336	0.6419135308246597	0.21549091402561693	FALSE	19	SPI1	SPI1
ENSG00000198300	1	13	-12	-0.1597470836561443	0.072257806244996	0.26381104883907125	-0.19155324259407525	Control	ENSG00000198300	0.6419135308246597	0.2892488236581503	FALSE	19	PEG3	PEG3
ENSG00000100604	25	20	5	-0.0371050824531609	0.505804643714972	0.3146517213771017	0.19115292233787037	AD	ENSG00000100604	0.6413130504403523	-0.01858945716421267	FALSE	19	CHGA	CHGA
ENSG00000144583	55	33	22	0.0855369187498225	0.5786629303442754	0.3877101681345076	0.1909527622097678	AD	ENSG00000144583	0.6409127301841473	-0.4416711690083748	FALSE	19	MARCHF4	MARCHF4
ENSG00000140945	6	75	-69	-0.5709584994543828	0.33767013610888713	0.52822257806245	-0.19055244195356288	Control	ENSG00000140945	0.6403122497998399	0.00756828789574282	FALSE	19	CDH13	CDH13
ENSG00000075303	4	57	-53	-0.4555307336162807	0.2822257806244996	0.47277822257806246	-0.19055244195356288	Control	ENSG00000075303	0.6403122497998399	-0.07232332818036369	FALSE	19	SLC25A40	SLC25A40
ENSG00000185774	251	85	166	1.1243868112927409	0.7403923138510808	0.5504403522818254	0.18995196156925545	AD	ENSG00000185774	0.6397117694155324	-0.03400294455923092	FALSE	19	KCNIP4	KCNIP4
ENSG00000071553	31	23	8	-0.01546237635851677	0.5296236989591674	0.3398718975180144	0.189751801441153	AD	ENSG00000071553	0.6393114491593275	-0.1288617564907728	FALSE	19	ATP6AP1	ATP6AP1
ENSG00000105143	59	34	25	0.10717962484446662	0.583466773418735	0.3939151321056846	0.1895516413130504	AD	ENSG00000105143	0.6389111289031225	-0.30278180812596567	FALSE	19	SLC1A6	SLC1A6
ENSG00000041515	11	10	1	-0.06596202391268641	0.4213370696557246	0.2321857485988791	0.18915132105684548	AD	ENSG00000041515	0.6385108086469176	-0.18999346035847609	FALSE	19	MYO16	MYO16
ENSG00000054690	24	162	-138	-1.0687407396311976	0.5022017614091273	0.6911529223378703	-0.18895116092874295	Control	ENSG00000054690	0.6381104883907126	0.09775817812402644	FALSE	19	PLEKHH1	PLEKHH1
ENSG00000116120	33	24	9	-0.00824814099363539	0.5348278622898318	0.34627702161729385	0.18855084067253797	AD	ENSG00000116120	0.6377101681345076	-0.2840069534483547	FALSE	19	FARSB	FARSB
ENSG00000162981	95	46	49	0.2803212736016197	0.6277021617293835	0.43935148118494793	0.1883506805444356	AD	ENSG00000162981	0.6373098478783027	-0.1257177657614239	FALSE	19	LRATD1	LRATD1
ENSG00000105221	3	43	-40	-0.3617456738728228	0.24079263410728585	0.4289431545236189	-0.1881505204163331	Control	ENSG00000105221	0.6369095276220976	0.02334244744781521	FALSE	19	AKT2	AKT2
ENSG00000106537	579	200	379	2.661018944012474	0.9191353082465972	0.7309847878302642	0.18815052041633307	AD	ENSG00000106537	0.6365092073658927	-0.27628735096431534	FALSE	19	TSPAN13	TSPAN13
ENSG00000135931	9	8	1	-0.06596202391268641	0.3955164131305044	0.2075660528422738	0.1879503602882306	AD	ENSG00000135931	0.6361088871096877	0.03992841138948222	FALSE	19	ARMC9	ARMC9
ENSG00000149657	36	200	-164	-1.2563108591181134	0.5430344275420337	0.7309847878302642	-0.18795036028823053	Control	ENSG00000149657	0.6357085668534828	-0.05134978197151874	FALSE	19	LSM14B	LSM14B
ENSG00000086205	14	128	-114	-0.8955990908740447	0.4499599679743795	0.6375100080064051	-0.18755004003202563	Control	ENSG00000086205	0.6353082465972778	-0.24653223416330228	FALSE	19	FOLH1	FOLH1
ENSG00000198863	336	667	-331	-2.461088165053303	0.7928342674139311	0.9803843074459568	-0.1875500400320256	Control	ENSG00000198863	0.6349079263410728	-0.04216838611925588	FALSE	19	RUNDC1	RUNDC1
ENSG00000214050	201	436	-235	-1.768521570024691	0.7091673338670936	0.8965172137710168	-0.18734987990392316	Control	ENSG00000214050	0.6343074459567654	-0.3002591698371253	FALSE	19	FBXO16	FBXO16
ENSG00000071054	4	56	-52	-0.44831649825139935	0.2822257806244996	0.4695756605284227	-0.18734987990392316	Control	ENSG00000071054	0.6343074459567654	-0.3151339195257954	FALSE	19	MAP4K4	MAP4K4
ENSG00000004779	89	293	-204	-1.5448802737133684	0.6210968775020016	0.8082465972778222	-0.18714971977582065	Control	ENSG00000004779	0.633706965572458	-0.14318755086652857	FALSE	19	NDUFAB1	NDUFAB1
ENSG00000272944	66	258	-192	-1.458309449334792	0.5966773418734987	0.783626901521217	-0.1869495596477182	Control	ENSG00000272944	0.633306645316253	-0.3946263548293869	FALSE	19	NA	ENSG00000272944
ENSG00000085831	52	33	19	0.06389421265517836	0.5742594075260208	0.3877101681345076	0.1865492393915132	AD	ENSG00000085831	0.6329063250600481	-0.00830429552410549	FALSE	19	TTC39A	TTC39A
ENSG00000172260	751	265	486	3.432942128054781	0.9735788630904724	0.7874299439551641	0.1861489191353083	AD	ENSG00000172260	0.6323058446757406	-0.3204076535335112	FALSE	19	NEGR1	NEGR1
ENSG00000081985	336	113	223	1.5355982270909792	0.7928342674139311	0.6066853482786229	0.1861489191353083	AD	ENSG00000081985	0.6323058446757406	-0.18341679128532995	FALSE	19	IL12RB2	IL12RB2
ENSG00000070182	14	13	1	-0.06596202391268641	0.4499599679743795	0.26381104883907125	0.18614891913530823	AD	ENSG00000070182	0.6317053642914331	0.11516593775495744	FALSE	19	SPTB	SPTB
ENSG00000060709	585	202	383	2.6898758854719995	0.921136909527622	0.7351881505204163	0.18594875900720576	AD	ENSG00000060709	0.6311048839071257	-0.17666465825532462	FALSE	19	RIMBP2	RIMBP2
ENSG00000204856	279	94	185	1.261457283225487	0.7572057646116893	0.5712570056044836	0.18594875900720576	AD	ENSG00000204856	0.6311048839071257	-0.17280051162536658	FALSE	19	FAM216A	FAM216A
ENSG00000163577	299	101	198	1.3552423429689449	0.7712169735788631	0.5854683746997598	0.18574859887910333	AD	ENSG00000163577	0.6305044035228182	-0.1574140426151995	FALSE	19	EIF5A2	EIF5A2
ENSG00000115353	19	17	2	-0.05874778854780502	0.48078462770216174	0.29523618895116094	0.1855484387510008	AD	ENSG00000115353	0.6301040832666133	-0.39434428449767456	FALSE	19	TACR1	TACR1
ENSG00000130638	64	253	-189	-1.436666743240148	0.5934747798238591	0.7788230584467574	-0.1853482786228983	Control	ENSG00000130638	0.6297037630104083	-0.11648061683980336	FALSE	19	ATXN10	ATXN10
ENSG00000104067	51	223	-172	-1.3140247420371645	0.5724579663730984	0.7576060848678943	-0.18514811849479584	Control	ENSG00000104067	0.6293034427542034	0.14928057832955233	FALSE	19	TJP1	TJP1
ENSG00000059377	8	7	1	-0.06596202391268641	0.3781024819855885	0.19315452361889512	0.18494795836669337	AD	ENSG00000059377	0.6289031224979984	0.2713571138704758	FALSE	19	TBXAS1	TBXAS1
ENSG00000111667	30	23	7	-0.02267661172339814	0.5246196957566053	0.3398718975180144	0.1847477982385909	AD	ENSG00000111667	0.6281024819855885	-0.07774401753723126	FALSE	19	USP5	USP5
ENSG00000156475	15	14	1	-0.06596202391268641	0.4571657325860689	0.27241793434747796	0.1847477982385909	AD	ENSG00000156475	0.6281024819855885	-0.13254897431583323	FALSE	19	PPP2R2B	PPP2R2B
ENSG00000132382	15	14	1	-0.06596202391268641	0.4571657325860689	0.27241793434747796	0.1847477982385909	AD	ENSG00000132382	0.6281024819855885	0.05634496832672475	FALSE	19	MYBBP1A	MYBBP1A
ENSG00000121753	70	40	30	0.14325080166887352	0.600480384307446	0.41613290632506006	0.18434747798238593	AD	ENSG00000121753	0.6267013610888711	-0.03494830436593155	FALSE	19	ADGRB2	ADGRB2
ENSG00000167702	20	18	2	-0.05874778854780502	0.4859887910328263	0.30164131305044034	0.18434747798238593	AD	ENSG00000167702	0.6267013610888711	0.03916108519520733	FALSE	19	KIFC2	KIFC2
ENSG00000129493	43	209	-166	-1.2707393298478762	0.5588470776621297	0.7431945556445156	-0.18434747798238593	Control	ENSG00000129493	0.6267013610888711	0.23408585470819965	FALSE	19	HEATR5A	HEATR5A
ENSG00000007171	20	18	2	-0.05874778854780502	0.4859887910328263	0.30164131305044034	0.18434747798238593	AD	ENSG00000007171	0.6267013610888711	0.01774446248048722	FALSE	19	NOS2	NOS2
ENSG00000114812	87	45	42	0.22982162604745	0.6196957566052842	0.4355484387510008	0.1841473178542834	AD	ENSG00000114812	0.6257005604483586	-0.17830478888692625	FALSE	19	VIPR1	VIPR1
ENSG00000163818	181	403	-222	-1.6747365102812333	0.6931545236188951	0.877101681345076	-0.18394715772618095	Control	ENSG00000163818	0.6253002401921537	-0.01052068021494534	FALSE	19	LZTFL1	LZTFL1
ENSG00000235961	286	97	189	1.2903142246850123	0.761208967173739	0.5774619695756605	0.18374699759807844	AD	ENSG00000235961	0.6248999199359487	-0.21183269029335428	FALSE	19	PNMA6A	PNMA6A
ENSG00000134490	548	191	357	2.5023057659850836	0.9067253803042434	0.7231785428342674	0.183546837469976	AD	ENSG00000134490	0.6244995996797438	-0.1547551704754646	FALSE	19	TMEM241	TMEM241
ENSG00000179104	15	129	-114	-0.8955990908740447	0.4571657325860689	0.6403122497998399	-0.1831465172137711	Control	ENSG00000179104	0.6240992794235388	0.15301192759089588	FALSE	19	TMTC2	TMTC2
ENSG00000155506	1	12	-11	-0.1525328482912629	0.072257806244996	0.25500400320256206	-0.18274619695756605	Control	ENSG00000155506	0.622497998398719	0.01544540780588477	FALSE	19	LARP1	LARP1
ENSG00000151491	1	12	-11	-0.1525328482912629	0.072257806244996	0.25500400320256206	-0.18274619695756605	Control	ENSG00000151491	0.622497998398719	0.3627262264850746	FALSE	19	EPS8	EPS8
ENSG00000011304	1	12	-11	-0.1525328482912629	0.072257806244996	0.25500400320256206	-0.18274619695756605	Control	ENSG00000011304	0.622497998398719	0.2464475707592353	FALSE	19	PTBP1	PTBP1
ENSG00000164690	1	12	-11	-0.1525328482912629	0.072257806244996	0.25500400320256206	-0.18274619695756605	Control	ENSG00000164690	0.622497998398719	-0.34813488776442103	FALSE	19	SHH	SHH
ENSG00000171877	1	12	-11	-0.1525328482912629	0.072257806244996	0.25500400320256206	-0.18274619695756605	Control	ENSG00000171877	0.622497998398719	-0.03004207829978966	FALSE	19	FRMD5	FRMD5
ENSG00000146425	1	12	-11	-0.1525328482912629	0.072257806244996	0.25500400320256206	-0.18274619695756605	Control	ENSG00000146425	0.622497998398719	0.05639640575028082	FALSE	19	DYNLT1	DYNLT1
ENSG00000138326	1	12	-11	-0.1525328482912629	0.072257806244996	0.25500400320256206	-0.18274619695756605	Control	ENSG00000138326	0.622497998398719	-0.09434530611918036	FALSE	19	RPS24	RPS24
ENSG00000134504	316	106	210	1.4418131673475212	0.77822257806245	0.5956765412329864	0.1825460368294636	AD	ENSG00000134504	0.6206965572457966	-0.09256515096744522	FALSE	19	KCTD1	KCTD1
ENSG00000261115	44	209	-165	-1.2635250944829948	0.5606485188150521	0.7431945556445156	-0.1825460368294636	Control	ENSG00000261115	0.6206965572457966	0.09737052613475684	FALSE	19	TMEM178B	TMEM178B
ENSG00000147459	6	72	-66	-0.5493157933597387	0.33767013610888713	0.5202161729383507	-0.18254603682946352	Control	ENSG00000147459	0.6200960768614892	0.16556622621322423	FALSE	19	DOCK5	DOCK5
ENSG00000215012	7	6	1	-0.06596202391268641	0.3592874299439552	0.17694155324259409	0.1823458767013611	AD	ENSG00000215012	0.6196957566052842	0.07809947803860062	FALSE	19	RTL10	RTL10
ENSG00000101972	5	64	-59	-0.498816145805569	0.3122497998398719	0.494195356285028	-0.18194555644515617	Control	ENSG00000101972	0.6192954363490792	0.1844413183540876	FALSE	19	STAG2	STAG2
ENSG00000128915	77	268	-191	-1.4510952139699105	0.6092874299439551	0.7910328262610088	-0.1817453963170537	Control	ENSG00000128915	0.6188951160928743	0.1628336605925238	FALSE	19	ICE2	ICE2
ENSG00000011677	619	216	403	2.834160592769627	0.932345876701361	0.7506004803843075	0.18174539631705355	AD	ENSG00000011677	0.6184947958366693	-0.305545015099991	FALSE	19	GABRA3	GABRA3
ENSG00000100077	248	88	160	1.0811013991034524	0.7377902321857486	0.5564451561248999	0.1813450760608487	AD	ENSG00000100077	0.6178943154523618	-0.08651658520216543	FALSE	19	GRK3	GRK3
ENSG00000065809	23	154	-131	-1.018241092077028	0.4981985588470776	0.6795436349079264	-0.1813450760608487	Control	ENSG00000065809	0.6178943154523618	0.02960614335982825	FALSE	19	FAM107B	FAM107B
ENSG00000164061	168	66	102	0.6626757479403326	0.6853482786228983	0.5042033626901521	0.18114491593274615	AD	ENSG00000164061	0.6168935148118495	0.0477676367675155	FALSE	19	BSN	BSN
ENSG00000116299	369	126	243	1.6798829343886066	0.8130504403522818	0.6319055244195356	0.18114491593274615	AD	ENSG00000116299	0.6168935148118495	-0.16757116963909624	FALSE	19	ELAPOR1	ELAPOR1
ENSG00000123562	305	105	200	1.3696708136987077	0.7750200160128102	0.59387510008006406	0.18114491593274615	AD	ENSG00000123562	0.6168935148118495	-0.17251735944043745	FALSE	19	MORF4L2	MORF4L2
ENSG00000180044	347	674	-327	-2.4322312235937775	0.8022417934347478	0.9831865492393916	-0.18094475580464375	Control	ENSG00000180044	0.6158927141713371	-0.471137902811833	FALSE	19	C3orf80	C3orf80
ENSG00000092421	27	163	-136	-1.0543122689014348	0.5128102481985588	0.6937550040032026	-0.18094475580464375	Control	ENSG00000092421	0.6158927141713371	0.04417217670532203	FALSE	19	SEMA6A	SEMA6A
ENSG00000181610	26	161	-135	-1.0470980335365534	0.5092073658927142	0.6895516413130505	-0.18034427542033624	Control	ENSG00000181610	0.6152922337870296	-0.12844751270236188	FALSE	19	MRPS23	MRPS23
ENSG00000128609	36	28	8	-0.01546237635851677	0.5430344275420337	0.36289031224979984	0.18014411529223384	AD	ENSG00000128609	0.6148919135308246	-0.28518441553570106	FALSE	19	NDUFA5	NDUFA5
ENSG00000197771	18	17	1	-0.06596202391268641	0.4753803042433947	0.29523618895116094	0.1801441152922338	AD	ENSG00000197771	0.6144915932746197	0.18295964614283555	FALSE	19	MCMBP	MCMBP
ENSG00000134453	21	149	-128	-0.9965983859823838	0.4913931144915933	0.671537229783827	-0.18014411529223373	Control	ENSG00000134453	0.6140912730184147	0.08347069964594311	FALSE	19	RBM17	RBM17
ENSG00000118473	275	533	-258	-1.9344489834169627	0.7556044835868695	0.9355484387510008	-0.1799439551641313	Control	ENSG00000118473	0.6136909527622098	-0.18026864617084823	FALSE	19	SGIP1	SGIP1
ENSG00000153933	6	5	1	-0.06596202391268641	0.33767013610888713	0.15792634107285827	0.17974379503602886	AD	ENSG00000153933	0.6132906325060048	-0.17115939445833384	FALSE	19	DGKE	DGKE
ENSG00000114439	4	53	-49	-0.4266737921567552	0.2822257806244996	0.461369095276221	-0.1791433146517214	Control	ENSG00000114439	0.6128903122497998	0.2782425200104388	FALSE	19	BBX	BBX
ENSG00000164100	205	426	-221	-1.667522274916352	0.7129703763010409	0.8919135308246597	-0.17894315452361886	Control	ENSG00000164100	0.6122898318654924	-0.261381178150633	FALSE	19	NDST3	NDST3
ENSG00000198420	107	306	-199	-1.5088090968889616	0.6381104883907126	0.8170536429143315	-0.17894315452361886	Control	ENSG00000198420	0.6122898318654924	-0.12551745280532067	FALSE	19	TCAF1	TCAF1
ENSG00000171224	289	553	-264	-1.977734395606251	0.7650120096076861	0.9435548438751	-0.17854283426741402	Control	ENSG00000171224	0.611689351481185	-0.23412882391768797	FALSE	19	FAM241B	FAM241B
ENSG00000174607	21	148	-127	-0.9893841506175024	0.4913931144915933	0.6695356285028022	-0.17814251401120895	Control	ENSG00000174607	0.6110888710968775	0.28471098522118155	FALSE	19	UGT8	UGT8
ENSG00000169427	71	42	29	0.1360365663039921	0.6020816653322658	0.42393915132105686	0.17814251401120895	AD	ENSG00000169427	0.6110888710968775	0.02382113394890872	FALSE	19	KCNK9	KCNK9
ENSG00000197177	491	167	324	2.264235998943998	0.877502001601281	0.6995596477181746	0.17794235388310642	AD	ENSG00000197177	0.6104883907125701	-0.12262632587268918	FALSE	19	ADGRA1	ADGRA1
ENSG00000137726	566	202	364	2.5528054135392533	0.9129303442754204	0.7351881505204163	0.177742193755004	AD	ENSG00000137726	0.6098879103282626	-0.22523931666610864	FALSE	19	FXYD6	FXYD6
ENSG00000197324	13	13	0	-0.07317625927756778	0.4415532425940753	0.26381104883907125	0.177742193755004	Control	ENSG00000197324	0.6098879103282626	0.4506815065662817	FALSE	19	LRP10	LRP10
ENSG00000103978	5	63	-58	-0.4916019104406876	0.3122497998398719	0.4897918334667734	-0.17754203362690152	Control	ENSG00000103978	0.6092874299439551	0.20484017941454624	FALSE	19	TMEM87A	TMEM87A
ENSG00000114993	13	119	-106	-0.8378852079549937	0.4415532425940753	0.6188951160928743	-0.17734187349879904	Control	ENSG00000114993	0.6086869495596477	0.06445495368074461	FALSE	19	RTKN	RTKN
ENSG00000136518	64	40	24	0.09996538947958523	0.5934747798238591	0.41613290632506006	0.17734187349879904	AD	ENSG00000136518	0.6086869495596477	0.2845339917082601	FALSE	19	ACTL6A	ACTL6A
ENSG00000162599	26	158	-132	-1.0254553274419094	0.5092073658927142	0.6857485988791033	-0.17654123298638913	Control	ENSG00000162599	0.6080864691753403	0.13779173709598602	FALSE	19	NFIA	NFIA
ENSG00000248485	66	243	-177	-1.350095918861571	0.5966773418734987	0.7730184147317855	-0.1763410728582867	Control	ENSG00000248485	0.6076861489191353	-0.34266429998097614	FALSE	19	PCP4L1	PCP4L1
ENSG00000184831	16	16	0	-0.07317625927756778	0.4629703763010408	0.2868294635708567	0.17614091273018412	Control	ENSG00000184831	0.6072858286629303	-0.14064133237892662	FALSE	19	APOO	APOO
ENSG00000165209	31	171	-140	-1.0831692103609605	0.5296236989591674	0.7053642914331465	-0.1757405924739791	Control	ENSG00000165209	0.6068855084067254	-0.06203433665607782	FALSE	19	STRBP	STRBP
ENSG00000058668	2	26	-24	-0.2463179080347208	0.1801441152922338	0.35568454763811047	-0.17554043234587668	Control	ENSG00000058668	0.6064851881505204	0.20480541997044632	FALSE	19	ATP2B4	ATP2B4
ENSG00000166164	3	40	-37	-0.34010296777817867	0.24079263410728585	0.41613290632506006	-0.17534027221777423	Control	ENSG00000166164	0.6060848678943155	3.2048010188034937e-4	FALSE	19	BRD7	BRD7
ENSG00000196972	251	476	-225	-1.6963792163758773	0.7403923138510808	0.9151321056845476	-0.17473979183346677	Control	ENSG00000196972	0.605484387510008	-0.25326536425426127	FALSE	19	SMIM10L2B	SMIM10L2B
ENSG00000142327	118	321	-203	-1.537666038348487	0.649919935948759	0.8246597277822257	-0.17473979183346677	Control	ENSG00000142327	0.605484387510008	0.03259630759569632	FALSE	19	RNPEPL1	RNPEPL1
ENSG00000125703	10	100	-90	-0.7224574421168917	0.4091273018414732	0.58306645316253	-0.17393915132105686	Control	ENSG00000125703	0.6048839071257006	0.03705489720595167	FALSE	19	ATG4C	ATG4C
ENSG00000134909	18	18	0	-0.07317625927756778	0.4753803042433947	0.30164131305044034	0.17373899119295438	Control	ENSG00000134909	0.6044835868694955	0.07834576797238846	FALSE	19	ARHGAP32	ARHGAP32
ENSG00000069329	314	573	-259	-1.941663218781844	0.7774219375500401	0.950960768614892	-0.1735388310648518	Control	ENSG00000069329	0.6040832666132906	-0.04716227670750683	FALSE	19	VPS35	VPS35
ENSG00000087085	30	166	-136	-1.0543122689014348	0.5246196957566053	0.6979583666933546	-0.17333867093674937	Control	ENSG00000087085	0.6036829463570856	-0.07369081365612473	FALSE	19	ACHE	ACHE
ENSG00000175893	43	200	-157	-1.2058112115639437	0.5588470776621297	0.7309847878302642	-0.1721377101681345	Control	ENSG00000175893	0.6016813450760609	-0.0567259732144656	FALSE	19	ZDHHC21	ZDHHC21
ENSG00000145592	1	11	-10	-0.14531861292638154	0.072257806244996	0.2443955164131305	-0.1721377101681345	Control	ENSG00000145592	0.6016813450760609	-0.23393796592810645	FALSE	19	RPL37	RPL37
ENSG00000146828	1	11	-10	-0.14531861292638154	0.072257806244996	0.2443955164131305	-0.1721377101681345	Control	ENSG00000146828	0.6016813450760609	0.04792240902707512	FALSE	19	SLC12A9	SLC12A9
ENSG00000147421	1	11	-10	-0.14531861292638154	0.072257806244996	0.2443955164131305	-0.1721377101681345	Control	ENSG00000147421	0.6016813450760609	0.2588678498070891	FALSE	19	HMBOX1	HMBOX1
ENSG00000172809	1	11	-10	-0.14531861292638154	0.072257806244996	0.2443955164131305	-0.1721377101681345	Control	ENSG00000172809	0.6016813450760609	-0.12810448355728887	FALSE	19	RPL38	RPL38
ENSG00000114698	1	11	-10	-0.14531861292638154	0.072257806244996	0.2443955164131305	-0.1721377101681345	Control	ENSG00000114698	0.6016813450760609	0.54100075981499	TRUE	20	PLSCR4	PLSCR4
ENSG00000122778	1	11	-10	-0.14531861292638154	0.072257806244996	0.2443955164131305	-0.1721377101681345	Control	ENSG00000122778	0.6016813450760609	0.10600033779058472	FALSE	20	KIAA1549	KIAA1549
ENSG00000186812	1	11	-10	-0.14531861292638154	0.072257806244996	0.2443955164131305	-0.1721377101681345	Control	ENSG00000186812	0.6016813450760609	0.05525271233701012	FALSE	20	ZNF397	ZNF397
ENSG00000198918	1	11	-10	-0.14531861292638154	0.072257806244996	0.2443955164131305	-0.1721377101681345	Control	ENSG00000198918	0.6016813450760609	-0.11032491115286192	FALSE	20	RPL39	RPL39
ENSG00000139874	84	48	36	0.18653621385816177	0.6168935148118495	0.44515612489992	0.17173738991192955	AD	ENSG00000139874	0.5996797437950361	-0.12264954592962418	FALSE	20	SSTR1	SSTR1
ENSG00000115468	3	39	-36	-0.3328887324132973	0.24079263410728585	0.41253002401921535	-0.17173738991192952	Control	ENSG00000115468	0.599279423538831	0.10436384937544751	FALSE	20	EFHD1	EFHD1
ENSG00000132122	2	25	-23	-0.23910367266983945	0.1801441152922338	0.3512810248198559	-0.17113690952762212	Control	ENSG00000132122	0.5988791032826261	0.0778368009887469	FALSE	20	SPATA6	SPATA6
ENSG00000085982	6	67	-61	-0.5132446165353317	0.33767013610888713	0.5086068855084067	-0.17093674939951958	Control	ENSG00000085982	0.5984787830264211	0.03198146952644087	FALSE	20	USP40	USP40
ENSG00000172037	8	8	0	-0.07317625927756778	0.3781024819855885	0.2075660528422738	0.17053642914331468	Control	ENSG00000172037	0.5976781425140112	0.4866936891234239	FALSE	20	LAMB2	LAMB2
ENSG00000188582	8	8	0	-0.07317625927756778	0.3781024819855885	0.2075660528422738	0.17053642914331468	Control	ENSG00000188582	0.5976781425140112	-0.24524037275238889	FALSE	20	PAQR9	PAQR9
ENSG00000100802	8	8	0	-0.07317625927756778	0.3781024819855885	0.2075660528422738	0.17053642914331468	Control	ENSG00000100802	0.5976781425140112	0.03127747112257317	FALSE	20	C14orf93	C14orf93
ENSG00000183578	4	3	1	-0.06596202391268641	0.2822257806244996	0.11188951160928742	0.17033626901521218	AD	ENSG00000183578	0.5966773418734987	-0.12707018834833406	FALSE	20	TNFAIP8L3	TNFAIP8L3
ENSG00000165548	4	3	1	-0.06596202391268641	0.2822257806244996	0.11188951160928742	0.17033626901521218	AD	ENSG00000165548	0.5966773418734987	0.04974688318902487	FALSE	20	TMEM63C	TMEM63C
ENSG00000078668	531	197	334	2.336378352592812	0.8979183346677342	0.727582065652522	0.17033626901521215	AD	ENSG00000078668	0.5960768614891914	-0.1967310474552395	FALSE	20	VDAC3	VDAC3
ENSG00000013293	111	57	54	0.31639245042602654	0.6429143314651722	0.47277822257806246	0.17013610888710973	AD	ENSG00000013293	0.5956765412329864	-0.2670289774288719	FALSE	20	SLC7A14	SLC7A14
ENSG00000187094	36	177	-141	-1.0903834457258417	0.5430344275420337	0.7125700560448359	-0.16953562850280224	Control	ENSG00000187094	0.5952762209767815	-0.32599698305965497	FALSE	20	CCK	CCK
ENSG00000217236	13	14	-1	-0.08039049464244916	0.4415532425940753	0.27241793434747796	0.16913530824659728	Control	ENSG00000217236	0.594675740592474	-0.3577962558244785	FALSE	20	SP9	SP9
ENSG00000169554	4	50	-46	-0.4050310860621111	0.2822257806244996	0.4513610888710969	-0.16913530824659728	Control	ENSG00000169554	0.594675740592474	-0.31865793736469783	FALSE	20	ZEB2	ZEB2
ENSG00000168348	46	201	-155	-1.191382740834181	0.5640512409927942	0.732986389111289	-0.16893514811849475	Control	ENSG00000168348	0.5940752602081665	-0.3263137328668062	FALSE	20	INSM2	INSM2
ENSG00000169282	296	109	187	1.2758857539552495	0.7688150520416333	0.600080064051241	0.16873498799039222	AD	ENSG00000169282	0.5936749399519615	-0.3641250848820032	FALSE	20	KCNAB1	KCNAB1
ENSG00000135503	128	63	65	0.3957490394397217	0.6583266613290633	0.4897918334667734	0.16853482786228985	AD	ENSG00000135503	0.5932746196957566	-0.04958904860089142	FALSE	20	ACVR1B	ACVR1B
ENSG00000126777	3	38	-35	-0.32567449704841595	0.24079263410728585	0.4093274619695757	-0.16853482786228982	Control	ENSG00000126777	0.5926741393114492	0.10103689452127897	FALSE	20	KTN1	KTN1
ENSG00000183527	3	38	-35	-0.32567449704841595	0.24079263410728585	0.4093274619695757	-0.16853482786228982	Control	ENSG00000183527	0.5926741393114492	-0.24378338302108205	FALSE	20	PSMG1	PSMG1
ENSG00000115944	92	51	41	0.22260739068256863	0.6234987990392313	0.455164131305044	0.16833466773418732	AD	ENSG00000115944	0.5920736589271417	-0.26107148429941063	FALSE	20	COX7A2L	COX7A2L
ENSG00000136143	35	172	-137	-1.0615265042663162	0.5396317053642914	0.7067654123298639	-0.1671337069655725	Control	ENSG00000136143	0.5916733386709367	-0.03564995900690881	FALSE	20	SUCLA2	SUCLA2
ENSG00000166681	45	198	-153	-1.1769542701044182	0.5620496397117695	0.7287830264211369	-0.16673338670936744	Control	ENSG00000166681	0.5912730184147318	-0.2619068120486947	FALSE	20	BEX3	BEX3
ENSG00000075073	6	66	-60	-0.5060303811704504	0.33767013610888713	0.5042033626901521	-0.16653322658126496	Control	ENSG00000075073	0.5908726981585268	-0.12393713218517276	FALSE	20	TACR2	TACR2
ENSG00000278727	253	460	-207	-1.5665229798080125	0.7423939151321057	0.9087269815852682	-0.16633306645316248	Control	ENSG00000278727	0.5904723779023219	-0.32270245074381965	FALSE	20	NA	ENSG00000278727
ENSG00000155970	639	241	398	2.79808941594522	0.9373498799039232	0.7712169735788631	0.16613290632506006	AD	ENSG00000155970	0.589671737389912	-0.21253992122336385	FALSE	20	MICU3	MICU3
ENSG00000087448	7	7	0	-0.07317625927756778	0.3592874299439552	0.19315452361889512	0.16613290632506006	Control	ENSG00000087448	0.589671737389912	-0.0099243077634572	FALSE	20	KLHL42	KLHL42
ENSG00000166925	2	24	-22	-0.23188943730495803	0.1801441152922338	0.34627702161729385	-0.16613290632506006	Control	ENSG00000166925	0.589671737389912	0.08609009450350236	FALSE	20	TSC22D4	TSC22D4
ENSG00000135324	23	22	1	-0.06596202391268641	0.4981985588470776	0.3324659727782226	0.16573258606885505	AD	ENSG00000135324	0.588871096877502	-0.23653902287507655	FALSE	20	MRAP2	MRAP2
ENSG00000145911	4	49	-45	-0.3978168506972297	0.2822257806244996	0.4477582065652522	-0.16553242594075265	Control	ENSG00000145911	0.588470776621297	0.09798958517581724	FALSE	20	N4BP3	N4BP3
ENSG00000168754	3	37	-34	-0.31846026168353453	0.24079263410728585	0.40612489991993594	-0.16533226581265012	Control	ENSG00000168754	0.5878702962369896	-0.3211736476486946	FALSE	20	FAM178B	FAM178B
ENSG00000176871	3	37	-34	-0.31846026168353453	0.24079263410728585	0.40612489991993594	-0.16533226581265012	Control	ENSG00000176871	0.5878702962369896	-0.15436706315152904	FALSE	20	WSB2	WSB2
ENSG00000213585	258	468	-210	-1.5881656859026567	0.7465972778222578	0.911128903122498	-0.16453162530024013	Control	ENSG00000213585	0.5872698158526821	-0.15087547043706273	FALSE	20	VDAC1	VDAC1
ENSG00000161682	12	107	-95	-0.7585286189412985	0.43274619695756605	0.5968775020016013	-0.16413130504403525	Control	ENSG00000161682	0.5868694955964772	0.04669093827176063	FALSE	20	FAM171A2	FAM171A2
ENSG00000175395	227	424	-197	-1.4943806261591988	0.7269815852682145	0.8909127301841473	-0.16393114491593275	Control	ENSG00000175395	0.5864691753402722	-0.11914529352609549	FALSE	20	ZNF25	ZNF25
ENSG00000135750	7	73	-66	-0.5493157933597387	0.3592874299439552	0.5232185748598879	-0.1639311449159327	Control	ENSG00000135750	0.5860688550840673	-0.15108214281594634	FALSE	20	KCNK1	KCNK1
ENSG00000129691	9	10	-1	-0.08039049464244916	0.3955164131305044	0.2321857485988791	0.16333066453162529	Control	ENSG00000129691	0.5856685348278623	-0.05466377353891616	FALSE	20	ASH2L	ASH2L
ENSG00000125354	268	102	166	1.1243868112927409	0.7512009607686149	0.5878702962369896	0.16333066453162526	AD	ENSG00000125354	0.5850680544435548	-0.09566025067112705	FALSE	20	SEPTIN6	SEPTIN6
ENSG00000101438	61	215	-154	-1.1841685054692996	0.5864691753402722	0.7497998398718975	-0.16333066453162526	Control	ENSG00000101438	0.5850680544435548	-0.43062632367119136	FALSE	20	SLC32A1	SLC32A1
ENSG00000089737	189	377	-188	-1.4294525078752665	0.6989591673338671	0.8620896717373899	-0.16313050440352284	Control	ENSG00000089737	0.5844675740592474	-0.04191486208424244	FALSE	20	DDX24	DDX24
ENSG00000130032	368	135	233	1.6077405807397929	0.8120496397117695	0.649519615692554	0.16253002401921546	AD	ENSG00000130032	0.5840672538030425	-0.08529123077682854	FALSE	20	PRRG3	PRRG3
ENSG00000189319	3	36	-33	-0.31124602631865317	0.24079263410728585	0.40292233787029624	-0.16212970376301042	Control	ENSG00000189319	0.5836669335468375	-0.04539767285160501	FALSE	20	FAM53B	FAM53B
ENSG00000143858	3	2	1	-0.06596202391268641	0.24079263410728585	0.0788630904723779	0.1619295436349079	AD	ENSG00000143858	0.5814651721377102	0.42627213481102544	FALSE	20	SYT2	SYT2
ENSG00000147669	3	2	1	-0.06596202391268641	0.24079263410728585	0.0788630904723779	0.1619295436349079	AD	ENSG00000147669	0.5814651721377102	-0.17248215408867829	FALSE	20	POLR2K	POLR2K
ENSG00000155252	3	2	1	-0.06596202391268641	0.24079263410728585	0.0788630904723779	0.1619295436349079	AD	ENSG00000155252	0.5814651721377102	-0.06815717788662035	FALSE	20	PI4K2A	PI4K2A
ENSG00000231389	3	2	1	-0.06596202391268641	0.24079263410728585	0.0788630904723779	0.1619295436349079	AD	ENSG00000231389	0.5814651721377102	0.6341781584530466	TRUE	21	HLA-DPA1	HLA-DPA1
ENSG00000159692	3	2	1	-0.06596202391268641	0.24079263410728585	0.0788630904723779	0.1619295436349079	AD	ENSG00000159692	0.5814651721377102	-0.05953950571609212	FALSE	21	CTBP1	CTBP1
ENSG00000147027	3	2	1	-0.06596202391268641	0.24079263410728585	0.0788630904723779	0.1619295436349079	AD	ENSG00000147027	0.5814651721377102	0.4141526985245605	FALSE	21	TMEM47	TMEM47
ENSG00000184305	3	2	1	-0.06596202391268641	0.24079263410728585	0.0788630904723779	0.1619295436349079	AD	ENSG00000184305	0.5814651721377102	-0.11280727648219102	FALSE	21	CCSER1	CCSER1
ENSG00000225978	3	2	1	-0.06596202391268641	0.24079263410728585	0.0788630904723779	0.1619295436349079	AD	ENSG00000225978	0.5814651721377102	-0.27018921225214676	FALSE	21	HAR1A	HAR1A
ENSG00000087903	3	2	1	-0.06596202391268641	0.24079263410728585	0.0788630904723779	0.1619295436349079	AD	ENSG00000087903	0.5814651721377102	0.2886189509028565	FALSE	21	RFX2	RFX2
ENSG00000101019	3	2	1	-0.06596202391268641	0.24079263410728585	0.0788630904723779	0.1619295436349079	AD	ENSG00000101019	0.5814651721377102	-0.0197497639341897	FALSE	21	UQCC1	UQCC1
ENSG00000112232	112	291	-179	-1.3645243895913342	0.6451160928742994	0.8066453162530024	-0.161529223378703	Control	ENSG00000112232	0.5792634107285829	-0.16054245562100888	FALSE	21	KHDRBS2	KHDRBS2
ENSG00000074317	93	54	39	0.2081789199528059	0.6251000800640513	0.4637710168134508	0.16132906325060048	AD	ENSG00000074317	0.5788630904723779	-0.29507919063136256	FALSE	21	SNCB	SNCB
ENSG00000163491	64	44	20	0.07110844802005974	0.5934747798238591	0.4323458767013611	0.161128903122498	AD	ENSG00000163491	0.578462770216173	-0.2003785610090869	FALSE	21	NEK10	NEK10
ENSG00000169871	36	170	-134	-1.0398837981716722	0.5430344275420337	0.7041633306645316	-0.16112890312249795	Control	ENSG00000169871	0.578062449959968	0.2549124283376063	FALSE	21	TRIM56	TRIM56
ENSG00000149313	594	228	366	2.567233884269016	0.923538831064852	0.7628102481985588	0.1607285828662931	AD	ENSG00000149313	0.577662129703763	-0.19082922505772437	FALSE	21	AASDHPPT	AASDHPPT
ENSG00000253553	6	6	0	-0.07317625927756778	0.33767013610888713	0.17694155324259409	0.16072858286629305	Control	ENSG00000253553	0.576861489191353	-0.0951974399864426	FALSE	21	NA	ENSG00000253553
ENSG00000277182	18	20	-2	-0.08760473000733053	0.4753803042433947	0.3146517213771017	0.16072858286629305	Control	ENSG00000277182	0.576861489191353	-0.17690520715768887	FALSE	21	NA	ENSG00000277182
ENSG00000173418	6	6	0	-0.07317625927756778	0.33767013610888713	0.17694155324259409	0.16072858286629305	Control	ENSG00000173418	0.576861489191353	-0.17279353592837943	FALSE	21	NAA20	NAA20
ENSG00000168135	158	72	86	0.5472479821022306	0.6801441152922338	0.5202161729383507	0.1599279423538832	AD	ENSG00000168135	0.5760608486789431	-0.17328082448546134	FALSE	21	KCNJ4	KCNJ4
ENSG00000060138	1	10	-9	-0.13810437756150015	0.072257806244996	0.2321857485988791	-0.1599279423538831	Control	ENSG00000060138	0.5744595676541233	0.7957100973338846	TRUE	22	YBX3	YBX3
ENSG00000150457	1	10	-9	-0.13810437756150015	0.072257806244996	0.2321857485988791	-0.1599279423538831	Control	ENSG00000150457	0.5744595676541233	0.4281834116771819	FALSE	22	LATS2	LATS2
ENSG00000128524	1	10	-9	-0.13810437756150015	0.072257806244996	0.2321857485988791	-0.1599279423538831	Control	ENSG00000128524	0.5744595676541233	-0.19010120357646265	FALSE	22	ATP6V1F	ATP6V1F
ENSG00000226519	1	10	-9	-0.13810437756150015	0.072257806244996	0.2321857485988791	-0.1599279423538831	Control	ENSG00000226519	0.5744595676541233	-0.4611088101326821	FALSE	22	LINC00390	LINC00390
ENSG00000184574	1	10	-9	-0.13810437756150015	0.072257806244996	0.2321857485988791	-0.1599279423538831	Control	ENSG00000184574	0.5744595676541233	0.31965056873361597	FALSE	22	LPAR5	LPAR5
ENSG00000158470	1	10	-9	-0.13810437756150015	0.072257806244996	0.2321857485988791	-0.1599279423538831	Control	ENSG00000158470	0.5744595676541233	0.02566723715998975	FALSE	22	B4GALT5	B4GALT5
ENSG00000129675	1	10	-9	-0.13810437756150015	0.072257806244996	0.2321857485988791	-0.1599279423538831	Control	ENSG00000129675	0.5744595676541233	0.4123953350910874	FALSE	22	ARHGEF6	ARHGEF6
ENSG00000142686	383	663	-280	-2.093162161444353	0.8198558847077662	0.9793835068054444	-0.15952762209767823	Control	ENSG00000142686	0.5728582866293035	-0.15586639051265472	FALSE	22	C1orf216	C1orf216
ENSG00000130822	11	99	-88	-0.708028971387129	0.4213370696557246	0.5806645316253003	-0.1593274619695757	Control	ENSG00000130822	0.5724579663730984	-0.15072090124113835	FALSE	22	PNCK	PNCK
ENSG00000140323	607	236	371	2.603305061093423	0.9263410728582866	0.767413931144916	0.15892714171337063	AD	ENSG00000140323	0.5720576461168935	-0.01072875187529476	FALSE	22	DISP2	DISP2
ENSG00000113558	67	46	21	0.07832268338494112	0.5978783026421137	0.43935148118494793	0.1585268214571658	AD	ENSG00000113558	0.5714571657325861	-0.1960176140714669	FALSE	22	SKP1	SKP1
ENSG00000164591	67	46	21	0.07832268338494112	0.5978783026421137	0.43935148118494793	0.1585268214571658	AD	ENSG00000164591	0.5714571657325861	-0.30844117124929316	FALSE	22	MYOZ3	MYOZ3
ENSG00000153233	384	142	242	1.6726686990237254	0.8206565252201762	0.6623298638911129	0.15832666132906326	AD	ENSG00000153233	0.5708566853482786	-0.3499904785029466	FALSE	22	PTPRR	PTPRR
ENSG00000237190	3	35	-32	-0.3040317909537718	0.24079263410728585	0.3989191353082466	-0.15812650120096075	Control	ENSG00000237190	0.5704563650920736	-0.23434472398722228	FALSE	22	CDKN2AIPNL	CDKN2AIPNL
ENSG00000240771	185	364	-179	-1.3645243895913342	0.6957566052842273	0.8536829463570856	-0.1579263410728583	Control	ENSG00000240771	0.5700560448358687	0.024994681796068	FALSE	22	ARHGEF25	ARHGEF25
ENSG00000196990	548	214	334	2.336378352592812	0.9067253803042434	0.7489991993594876	0.15772618094475588	AD	ENSG00000196990	0.5696557245796637	-0.08586542569360489	FALSE	22	FAM163B	FAM163B
ENSG00000147676	292	506	-214	-1.6170226273621822	0.7668134507606085	0.9241393114491592	-0.1573258606885508	Control	ENSG00000147676	0.5690552441953562	-0.38340925938943826	FALSE	22	MAL2	MAL2
ENSG00000133131	80	237	-157	-1.2058112115639437	0.61128903122498	0.7686148919135308	-0.1573258606885508	Control	ENSG00000133131	0.5690552441953562	0.19409667156469368	FALSE	22	MORC4	MORC4
ENSG00000113575	97	57	40	0.21539315531768727	0.6297037630104083	0.47277822257806246	0.15692554043234586	AD	ENSG00000113575	0.5682546036829463	-0.24681066948347485	FALSE	22	PPP2CA	PPP2CA
ENSG00000152402	15	117	-102	-0.8090282664954682	0.4571657325860689	0.6140912730184147	-0.15692554043234586	Control	ENSG00000152402	0.5682546036829463	0.12851547781120054	FALSE	22	GUCY1A2	GUCY1A2
ENSG00000069424	631	252	379	2.661018944012474	0.9341473178542834	0.7776220976781425	0.1565252201761409	AD	ENSG00000069424	0.5670536429143315	-0.00602996750269824	FALSE	22	KCNAB2	KCNAB2
ENSG00000157214	281	110	171	1.1604579881171475	0.7586068855084067	0.6020816653322658	0.1565252201761409	AD	ENSG00000157214	0.5670536429143315	-0.0784839781339759	FALSE	22	STEAP2	STEAP2
ENSG00000148606	225	408	-183	-1.3933813310508596	0.7243795036028823	0.8809047237790232	-0.1565252201761409	Control	ENSG00000148606	0.5670536429143315	-0.03356538338986326	FALSE	22	POLR3A	POLR3A
ENSG00000166263	38	171	-133	-1.0326695628067908	0.5488390712570056	0.7053642914331465	-0.1565252201761409	Control	ENSG00000166263	0.5670536429143315	0.20310231473323803	FALSE	22	STXBP4	STXBP4
ENSG00000227115	7	70	-63	-0.5276730872650945	0.3592874299439552	0.515812650120096	-0.15652522017614084	Control	ENSG00000227115	0.566052842273819	-0.2222980848874654	FALSE	22	LINC01630	LINC01630
ENSG00000143499	164	75	89	0.5688906881968746	0.683947157726181	0.52822257806245	0.155724579663731	AD	ENSG00000143499	0.5656525220176141	-0.1854359996670354	FALSE	22	SMYD2	SMYD2
ENSG00000074706	616	246	370	2.5960908257285413	0.9305444355484388	0.7750200160128102	0.15552441953562857	AD	ENSG00000074706	0.5652522017614091	-0.4033256272482504	FALSE	22	IPCEF1	IPCEF1
ENSG00000165023	519	203	316	2.206522116024947	0.8929143314651722	0.7375900720576462	0.15532425940752603	AD	ENSG00000165023	0.5648518815052042	-0.1874957050867696	FALSE	22	DIRAS2	DIRAS2
ENSG00000117408	12	102	-90	-0.7224574421168917	0.43274619695756605	0.5878702962369896	-0.15512409927942356	Control	ENSG00000117408	0.5644515612489992	0.03731457636259705	FALSE	22	IPO13	IPO13
ENSG00000157470	540	212	328	2.2930929404035236	0.901921537229784	0.7471977582065652	0.15472377902321863	AD	ENSG00000157470	0.5640512409927942	-0.2691454620335829	FALSE	22	FAM81A	FAM81A
ENSG00000172380	5	5	0	-0.07317625927756778	0.3122497998398719	0.15792634107285827	0.15432345876701362	Control	ENSG00000172380	0.5634507606084868	0.5091344604394017	TRUE	23	GNG12	GNG12
ENSG00000163328	5	5	0	-0.07317625927756778	0.3122497998398719	0.15792634107285827	0.15432345876701362	Control	ENSG00000163328	0.5634507606084868	-0.04206758543719502	FALSE	23	GPR155	GPR155
ENSG00000078902	302	515	-213	-1.6098083919973007	0.7734187349879904	0.927742193755004	-0.1543234587670136	Control	ENSG00000078902	0.5628502802241794	-0.08117347678746611	FALSE	23	TOLLIP	TOLLIP
ENSG00000082213	205	89	116	0.7636750430486718	0.7129703763010409	0.5588470776621297	0.15412329863891117	AD	ENSG00000082213	0.5624499599679744	-0.21771609976519635	FALSE	23	C5orf22	C5orf22
ENSG00000114013	10	12	-2	-0.08760473000733053	0.4091273018414732	0.25500400320256206	0.1541232986389111	Control	ENSG00000114013	0.5620496397117695	0.36871362125117546	FALSE	23	CD86	CD86
ENSG00000146592	19	127	-108	-0.8523136786847565	0.48078462770216174	0.6345076060848679	-0.15372297838270615	Control	ENSG00000146592	0.5616493194555644	0.10903230309640576	FALSE	23	CREB5	CREB5
ENSG00000155729	4	45	-41	-0.36895990923770416	0.2822257806244996	0.4355484387510008	-0.1533226581265012	Control	ENSG00000155729	0.5612489991993594	0.03376528779648957	FALSE	23	KCTD18	KCTD18
ENSG00000182013	393	661	-268	-2.0065913370657764	0.8256605284227382	0.9787830264211368	-0.15312249799839872	Control	ENSG00000182013	0.5608486789431545	-0.1320786180762923	FALSE	23	PNMA8A	PNMA8A
ENSG00000088899	245	420	-175	-1.3356674481318085	0.7357886309047238	0.88871096877502	-0.1529223378702962	Control	ENSG00000088899	0.5604483586869495	0.10122989638434454	FALSE	23	LZTS3	LZTS3
ENSG00000183020	194	85	109	0.7131753954945022	0.7031625300240192	0.5504403522818254	0.15272217774219377	AD	ENSG00000183020	0.5600480384307446	-0.1110471727201272	FALSE	23	AP2A2	AP2A2
ENSG00000131469	2	22	-20	-0.21746096657519529	0.1801441152922338	0.3324659727782226	-0.1523218574859888	Control	ENSG00000131469	0.5592473979183347	-0.13452003506072252	FALSE	23	RPL27	RPL27
ENSG00000235217	2	22	-20	-0.21746096657519529	0.1801441152922338	0.3324659727782226	-0.1523218574859888	Control	ENSG00000235217	0.5592473979183347	0.04053378999169155	FALSE	23	NA	ENSG00000235217
ENSG00000108298	2	22	-20	-0.21746096657519529	0.1801441152922338	0.3324659727782226	-0.1523218574859888	Control	ENSG00000108298	0.5592473979183347	-0.15203755328831825	FALSE	23	RPL19	RPL19
ENSG00000121871	176	79	97	0.6266045711159257	0.6905524419535628	0.5382305844675741	0.1523218574859887	AD	ENSG00000121871	0.5584467574059248	-0.00421499935877101	FALSE	23	SLITRK3	SLITRK3
ENSG00000069966	725	304	421	2.9640168293374916	0.967574059247398	0.8156525220176141	0.15192153722978383	AD	ENSG00000069966	0.5578462770216173	-0.14616805950225142	FALSE	23	GNB5	GNB5
ENSG00000082996	15	115	-100	-0.7945997957657054	0.4571657325860689	0.6090872698158527	-0.15192153722978383	Control	ENSG00000082996	0.5578462770216173	0.03616594661710159	FALSE	23	RNF13	RNF13
ENSG00000152214	23	24	-1	-0.08039049464244916	0.4981985588470776	0.34627702161729385	0.1519215372297838	Control	ENSG00000152214	0.5572457966373099	-0.0543821906180888	FALSE	23	RIT2	RIT2
ENSG00000120063	7	8	-1	-0.08039049464244916	0.3592874299439552	0.2075660528422738	0.15172137710168138	Control	ENSG00000120063	0.5564451561248999	0.31891501187459426	FALSE	23	GNA13	GNA13
ENSG00000179456	7	8	-1	-0.08039049464244916	0.3592874299439552	0.2075660528422738	0.15172137710168138	Control	ENSG00000179456	0.5564451561248999	-0.1356472255581984	FALSE	23	ZBTB18	ZBTB18
ENSG00000166441	7	8	-1	-0.08039049464244916	0.3592874299439552	0.2075660528422738	0.15172137710168138	Control	ENSG00000166441	0.5564451561248999	-0.12091472132375536	FALSE	23	RPL27A	RPL27A
ENSG00000177511	811	341	470	3.317514362216679	0.989991993594876	0.8382706164931946	0.15172137710168132	AD	ENSG00000177511	0.55564451561249	-0.23885469652923064	FALSE	23	ST8SIA3	ST8SIA3
ENSG00000160255	18	21	-3	-0.0948189653722119	0.4753803042433947	0.3238590872698158	0.1515212169735789	Control	ENSG00000160255	0.5550440352281826	0.444252665695636	FALSE	23	ITGB2	ITGB2
ENSG00000179673	31	31	0	-0.07317625927756778	0.5296236989591674	0.3781024819855885	0.1515212169735789	Control	ENSG00000179673	0.5550440352281826	-0.2434158977813752	FALSE	23	RPRML	RPRML
ENSG00000105695	16	117	-101	-0.8018140311305868	0.4629703763010408	0.6140912730184147	-0.1511208967173739	Control	ENSG00000105695	0.5544435548438751	-0.0477472354378623	FALSE	23	MAG	MAG
ENSG00000185090	28	146	-118	-0.92445603233357	0.5164131305044035	0.6671337069655725	-0.150720576461169	Control	ENSG00000185090	0.5540432345876701	-0.02242024598046121	FALSE	23	MANEAL	MANEAL
ENSG00000170606	2	1	1	-0.06596202391268641	0.1801441152922338	0.02962369895916733	0.15052041633306645	AD	ENSG00000170606	0.5490392313851081	0.10158785168892416	FALSE	23	HSPA4	HSPA4
ENSG00000204388	2	1	1	-0.06596202391268641	0.1801441152922338	0.02962369895916733	0.15052041633306645	AD	ENSG00000204388	0.5490392313851081	0.16259116017442032	FALSE	23	HSPA1B	HSPA1B
ENSG00000168884	2	1	1	-0.06596202391268641	0.1801441152922338	0.02962369895916733	0.15052041633306645	AD	ENSG00000168884	0.5490392313851081	0.19835136200656223	FALSE	23	TNIP2	TNIP2
ENSG00000177679	2	1	1	-0.06596202391268641	0.1801441152922338	0.02962369895916733	0.15052041633306645	AD	ENSG00000177679	0.5490392313851081	0.03959415731606519	FALSE	23	SRRM3	SRRM3
ENSG00000100852	2	1	1	-0.06596202391268641	0.1801441152922338	0.02962369895916733	0.15052041633306645	AD	ENSG00000100852	0.5490392313851081	0.3490982852944935	FALSE	23	ARHGAP5	ARHGAP5
ENSG00000104524	2	1	1	-0.06596202391268641	0.1801441152922338	0.02962369895916733	0.15052041633306645	AD	ENSG00000104524	0.5490392313851081	-0.2299870065910525	FALSE	23	PYCR3	PYCR3
ENSG00000163430	2	1	1	-0.06596202391268641	0.1801441152922338	0.02962369895916733	0.15052041633306645	AD	ENSG00000163430	0.5490392313851081	0.4339594075047106	FALSE	23	FSTL1	FSTL1
ENSG00000168890	2	1	1	-0.06596202391268641	0.1801441152922338	0.02962369895916733	0.15052041633306645	AD	ENSG00000168890	0.5490392313851081	0.1655496550518869	FALSE	23	TMEM150A	TMEM150A
ENSG00000187079	2	1	1	-0.06596202391268641	0.1801441152922338	0.02962369895916733	0.15052041633306645	AD	ENSG00000187079	0.5490392313851081	0.26602194828977943	FALSE	23	TEAD1	TEAD1
ENSG00000172115	2	1	1	-0.06596202391268641	0.1801441152922338	0.02962369895916733	0.15052041633306645	AD	ENSG00000172115	0.5490392313851081	-0.15601485815171223	FALSE	23	CYCS	CYCS
ENSG00000099901	2	1	1	-0.06596202391268641	0.1801441152922338	0.02962369895916733	0.15052041633306645	AD	ENSG00000099901	0.5490392313851081	-0.1240061402796293	FALSE	23	RANBP1	RANBP1
ENSG00000029534	2	1	1	-0.06596202391268641	0.1801441152922338	0.02962369895916733	0.15052041633306645	AD	ENSG00000029534	0.5490392313851081	0.00457795541193739	FALSE	23	ANK1	ANK1
ENSG00000164418	2	1	1	-0.06596202391268641	0.1801441152922338	0.02962369895916733	0.15052041633306645	AD	ENSG00000164418	0.5490392313851081	-0.22321776618317735	FALSE	23	GRIK2	GRIK2
ENSG00000028839	2	1	1	-0.06596202391268641	0.1801441152922338	0.02962369895916733	0.15052041633306645	AD	ENSG00000028839	0.5490392313851081	-0.1788308925918276	FALSE	23	TBPL1	TBPL1
ENSG00000145375	2	1	1	-0.06596202391268641	0.1801441152922338	0.02962369895916733	0.15052041633306645	AD	ENSG00000145375	0.5490392313851081	0.17680908772460135	FALSE	23	AFG2A	AFG2A
ENSG00000121989	2	1	1	-0.06596202391268641	0.1801441152922338	0.02962369895916733	0.15052041633306645	AD	ENSG00000121989	0.5490392313851081	0.00410321130643787	FALSE	23	ACVR2A	ACVR2A
ENSG00000079102	2	1	1	-0.06596202391268641	0.1801441152922338	0.02962369895916733	0.15052041633306645	AD	ENSG00000079102	0.5490392313851081	-0.0810940552538586	FALSE	23	RUNX1T1	RUNX1T1
ENSG00000168994	2	1	1	-0.06596202391268641	0.1801441152922338	0.02962369895916733	0.15052041633306645	AD	ENSG00000168994	0.5490392313851081	0.2841964935075314	FALSE	23	PXDC1	PXDC1
ENSG00000225783	2	1	1	-0.06596202391268641	0.1801441152922338	0.02962369895916733	0.15052041633306645	AD	ENSG00000225783	0.5490392313851081	0.0101094764970071	FALSE	23	MIAT	MIAT
ENSG00000073150	2	1	1	-0.06596202391268641	0.1801441152922338	0.02962369895916733	0.15052041633306645	AD	ENSG00000073150	0.5490392313851081	0.06762228651316704	FALSE	23	PANX2	PANX2
ENSG00000139921	2	1	1	-0.06596202391268641	0.1801441152922338	0.02962369895916733	0.15052041633306645	AD	ENSG00000139921	0.5490392313851081	0.3347557087192161	FALSE	23	TMX1	TMX1
ENSG00000127526	2	1	1	-0.06596202391268641	0.1801441152922338	0.02962369895916733	0.15052041633306645	AD	ENSG00000127526	0.5490392313851081	0.06715867402945541	FALSE	23	SLC35E1	SLC35E1
ENSG00000100362	2	1	1	-0.06596202391268641	0.1801441152922338	0.02962369895916733	0.15052041633306645	AD	ENSG00000100362	0.5490392313851081	-0.34600986242046794	FALSE	23	PVALB	PVALB
ENSG00000166535	2	1	1	-0.06596202391268641	0.1801441152922338	0.02962369895916733	0.15052041633306645	AD	ENSG00000166535	0.5490392313851081	0.6296153015054049	TRUE	24	A2ML1	A2ML1
ENSG00000258636	8	75	-67	-0.55653002872462	0.3781024819855885	0.52822257806245	-0.1501200960768615	Control	ENSG00000258636	0.544035228182546	-0.04093626667519068	FALSE	24	LRFN5-DT	LRFN5-DT
ENSG00000176485	17	119	-102	-0.8090282664954682	0.46897518014411527	0.6188951160928743	-0.14991993594875902	Control	ENSG00000176485	0.5436349079263411	-0.13119642764961448	FALSE	24	PLAAT3	PLAAT3
ENSG00000185924	651	273	378	2.6538047086475927	0.9437550040032026	0.7938350680544436	0.14991993594875896	AD	ENSG00000185924	0.5428342674139311	-0.05535765061664044	FALSE	24	RTN4RL1	RTN4RL1
ENSG00000286190	37	164	-127	-0.9893841506175024	0.5458366693354684	0.6957566052842273	-0.14991993594875896	Control	ENSG00000286190	0.5428342674139311	0.03647643625922292	FALSE	24	NA	ENSG00000286190
ENSG00000179774	27	28	-1	-0.08039049464244916	0.5128102481985588	0.36289031224979984	0.14991993594875896	Control	ENSG00000179774	0.5428342674139311	-0.5831027633154289	TRUE	25	ATOH7	ATOH7
ENSG00000136960	29	148	-119	-0.9316702676984516	0.5200160128102482	0.6695356285028022	-0.149519615692554	Control	ENSG00000136960	0.5420336269015212	0.2718912644307476	FALSE	25	ENPP2	ENPP2
ENSG00000163875	431	163	268	1.860238818510641	0.8430744595676541	0.6937550040032026	0.1493194555644516	AD	ENSG00000163875	0.5416333066453163	-0.2281016220796648	FALSE	25	MEAF6	MEAF6
ENSG00000131095	11	14	-3	-0.0948189653722119	0.4213370696557246	0.27241793434747796	0.14891913530824663	Control	ENSG00000131095	0.5410328262610088	-0.12203158411417192	FALSE	25	GFAP	GFAP
ENSG00000204138	197	88	109	0.7131753954945022	0.7053642914331465	0.5564451561248999	0.14891913530824663	AD	ENSG00000204138	0.5410328262610088	0.1104401385304694	FALSE	25	PHACTR4	PHACTR4
ENSG00000099960	209	383	-174	-1.328453212766927	0.7155724579663731	0.8644915932746197	-0.14891913530824652	Control	ENSG00000099960	0.5404323458767014	-0.13495039335782977	FALSE	25	SLC7A4	SLC7A4
ENSG00000276293	22	24	-2	-0.08760473000733053	0.49499599679743794	0.34627702161729385	0.1487189751801441	Control	ENSG00000276293	0.5400320256204963	-0.01208263711623125	FALSE	25	PIP4K2B	PIP4K2B
ENSG00000077152	287	117	170	1.1532437527522663	0.7626100880704564	0.6140912730184147	0.14851881505204167	AD	ENSG00000077152	0.5396317053642914	-0.1865632710611944	FALSE	25	UBE2T	UBE2T
ENSG00000187601	1	9	-8	-0.13089014219661876	0.072257806244996	0.2207766212970376	-0.14851881505204162	Control	ENSG00000187601	0.5378302642113691	-0.09004634657468102	FALSE	25	MAGEH1	MAGEH1
ENSG00000023330	1	9	-8	-0.13089014219661876	0.072257806244996	0.2207766212970376	-0.14851881505204162	Control	ENSG00000023330	0.5378302642113691	0.07739797154800598	FALSE	25	ALAS1	ALAS1
ENSG00000157181	1	9	-8	-0.13089014219661876	0.072257806244996	0.2207766212970376	-0.14851881505204162	Control	ENSG00000157181	0.5378302642113691	0.03089107278238678	FALSE	25	ODR4	ODR4
ENSG00000185811	1	9	-8	-0.13089014219661876	0.072257806244996	0.2207766212970376	-0.14851881505204162	Control	ENSG00000185811	0.5378302642113691	0.5640869336246022	TRUE	26	IKZF1	IKZF1
ENSG00000012124	6	62	-56	-0.4771734397109249	0.33767013610888713	0.4861889511609287	-0.14851881505204162	Control	ENSG00000012124	0.5378302642113691	-0.06475732351660746	FALSE	26	CD22	CD22
ENSG00000162073	1	9	-8	-0.13089014219661876	0.072257806244996	0.2207766212970376	-0.14851881505204162	Control	ENSG00000162073	0.5378302642113691	0.05716754075518793	FALSE	26	PAQR4	PAQR4
ENSG00000064102	1	9	-8	-0.13089014219661876	0.072257806244996	0.2207766212970376	-0.14851881505204162	Control	ENSG00000064102	0.5378302642113691	0.09545795266218704	FALSE	26	INTS13	INTS13
ENSG00000145945	1	9	-8	-0.13089014219661876	0.072257806244996	0.2207766212970376	-0.14851881505204162	Control	ENSG00000145945	0.5378302642113691	0.12960931239779505	FALSE	26	FAM50B	FAM50B
ENSG00000088888	198	365	-167	-1.2779535652127576	0.7065652522017614	0.8548839071257006	-0.14831865492393925	Control	ENSG00000088888	0.5360288230584468	0.09650301097952152	FALSE	26	MAVS	MAVS
ENSG00000165985	527	213	314	2.192093645295184	0.8961168935148118	0.7479983987189752	0.1481184947958366	AD	ENSG00000165985	0.5356285028022418	0.08528479630599506	FALSE	26	C1QL3	C1QL3
ENSG00000071991	12	99	-87	-0.7008147360222475	0.43274619695756605	0.5806645316253003	-0.14791833466773424	Control	ENSG00000071991	0.5352281825460369	0.23209593847067825	FALSE	26	CDH19	CDH19
ENSG00000149582	351	577	-226	-1.7035934517407587	0.8044435548438751	0.9523618895116092	-0.1479183346677342	Control	ENSG00000149582	0.5348278622898318	-0.05354607043025439	FALSE	26	TMEM25	TMEM25
ENSG00000165995	259	109	150	1.0089590454546389	0.7469975980784628	0.600080064051241	0.14691753402722174	AD	ENSG00000165995	0.5344275420336269	-0.14567613092599174	FALSE	26	CACNB2	CACNB2
ENSG00000030066	20	23	-3	-0.0948189653722119	0.4859887910328263	0.3398718975180144	0.14611689351481189	Control	ENSG00000030066	0.5338270616493195	0.23369811444925048	FALSE	26	NUP160	NUP160
ENSG00000115966	20	23	-3	-0.0948189653722119	0.4859887910328263	0.3398718975180144	0.14611689351481189	Control	ENSG00000115966	0.5338270616493195	-0.06584901553184963	FALSE	26	ATF2	ATF2
ENSG00000150394	465	178	287	1.9973092904433871	0.8594875900720577	0.7135708566853483	0.1459167333867094	AD	ENSG00000150394	0.533226581265012	-0.41619526023333187	FALSE	26	CDH8	CDH8
ENSG00000175606	8	10	-2	-0.08760473000733053	0.3781024819855885	0.2321857485988791	0.14591673338670938	Control	ENSG00000175606	0.5322257806244995	-0.08460550415481549	FALSE	26	TMEM70	TMEM70
ENSG00000018408	8	10	-2	-0.08760473000733053	0.3781024819855885	0.2321857485988791	0.14591673338670938	Control	ENSG00000018408	0.5322257806244995	0.5161799950742711	TRUE	27	WWTR1	WWTR1
ENSG00000101367	8	10	-2	-0.08760473000733053	0.3781024819855885	0.2321857485988791	0.14591673338670938	Control	ENSG00000101367	0.5322257806244995	0.17838654953631483	FALSE	27	MAPRE1	MAPRE1
ENSG00000078061	8	10	-2	-0.08760473000733053	0.3781024819855885	0.2321857485988791	0.14591673338670938	Control	ENSG00000078061	0.5322257806244995	0.1465399448723872	FALSE	27	ARAF	ARAF
ENSG00000213186	20	126	-106	-0.8378852079549937	0.4859887910328263	0.6319055244195356	-0.14591673338670935	Control	ENSG00000213186	0.5312249799839872	-0.1649374508184014	FALSE	27	TRIM59	TRIM59
ENSG00000130643	416	162	254	1.7592395234023015	0.8368694955964772	0.6911529223378703	0.14571657325860687	AD	ENSG00000130643	0.5308246597277823	-0.3404453493757895	FALSE	27	CALY	CALY
ENSG00000134343	205	92	113	0.7420323369540277	0.7129703763010409	0.5674539631705364	0.14551641313050445	AD	ENSG00000134343	0.5304243394715773	-0.5051345712903661	FALSE	27	ANO3	ANO3
ENSG00000164091	46	174	-128	-0.9965983859823838	0.5640512409927942	0.7095676541232986	-0.14551641313050434	Control	ENSG00000164091	0.5300240192153723	-0.04245489620573473	FALSE	27	WDR82	WDR82
ENSG00000214376	337	539	-202	-1.5304518029836056	0.7942353883106485	0.9395516413130504	-0.14531625300240192	Control	ENSG00000214376	0.5284227381905524	-0.08025496555688072	FALSE	27	VSTM5	VSTM5
ENSG00000111679	4	4	0	-0.07317625927756778	0.2822257806244996	0.13690952762209768	0.14531625300240192	Control	ENSG00000111679	0.5284227381905524	0.2792251298277968	FALSE	27	PTPN6	PTPN6
ENSG00000142235	4	4	0	-0.07317625927756778	0.2822257806244996	0.13690952762209768	0.14531625300240192	Control	ENSG00000142235	0.5284227381905524	0.02754453844536719	FALSE	27	LMTK3	LMTK3
ENSG00000117114	4	4	0	-0.07317625927756778	0.2822257806244996	0.13690952762209768	0.14531625300240192	Control	ENSG00000117114	0.5284227381905524	0.20271587058519455	FALSE	27	ADGRL2	ADGRL2
ENSG00000267372	4	4	0	-0.07317625927756778	0.2822257806244996	0.13690952762209768	0.14531625300240192	Control	ENSG00000267372	0.5284227381905524	-0.25278388416131214	FALSE	27	NA	ENSG00000267372
ENSG00000085563	4	4	0	-0.07317625927756778	0.2822257806244996	0.13690952762209768	0.14531625300240192	Control	ENSG00000085563	0.5284227381905524	0.5772902072412425	TRUE	28	ABCB1	ABCB1
ENSG00000229847	4	4	0	-0.07317625927756778	0.2822257806244996	0.13690952762209768	0.14531625300240192	Control	ENSG00000229847	0.5284227381905524	0.33344978176159223	FALSE	28	EMX2OS	EMX2OS
ENSG00000133101	395	156	239	1.6510259929290811	0.827261809447558	0.682345876701361	0.14491593274619696	AD	ENSG00000133101	0.5268214571657326	-0.2546687745205123	FALSE	28	CCNA1	CCNA1
ENSG00000179115	143	302	-159	-1.2202396822937065	0.6695356285028022	0.8138510808646917	-0.14431545236188947	Control	ENSG00000179115	0.5264211369095276	-0.16212572706486306	FALSE	28	FARSA	FARSA
ENSG00000197756	2	21	-19	-0.21024673121031393	0.1801441152922338	0.3238590872698158	-0.14371497197758204	Control	ENSG00000197756	0.5258206565252201	-0.17548527867901953	FALSE	28	RPL37A	RPL37A
ENSG00000132780	2	21	-19	-0.21024673121031393	0.1801441152922338	0.3238590872698158	-0.14371497197758204	Control	ENSG00000132780	0.5258206565252201	-0.1258532553109184	FALSE	28	NASP	NASP
ENSG00000163001	74	54	20	0.07110844802005974	0.6072858286629303	0.4637710168134508	0.14351481184947956	AD	ENSG00000163001	0.5252201761409128	-0.14692309785164603	FALSE	28	CFAP36	CFAP36
ENSG00000129159	153	77	76	0.4751056284534167	0.6767413931144916	0.5334267413931145	0.14331465172137703	AD	ENSG00000129159	0.5248198558847078	0.03728224061461382	FALSE	28	KCNC1	KCNC1
ENSG00000131943	124	69	55	0.3236066857909079	0.6563250600480385	0.5134107285828663	0.14291433146517218	AD	ENSG00000131943	0.5244195356285029	-0.0961545085333757	FALSE	28	C19orf12	C19orf12
ENSG00000188229	97	242	-145	-1.1192403871853671	0.6297037630104083	0.7722177742193755	-0.14251401120896723	Control	ENSG00000188229	0.5240192153722978	-0.03345630921897324	FALSE	28	TUBB4B	TUBB4B
ENSG00000105568	15	20	-5	-0.10924743610197464	0.4571657325860689	0.3146517213771017	0.14251401120896717	Control	ENSG00000105568	0.5236188951160928	-0.1675252622790513	FALSE	28	PPP2R1A	PPP2R1A
ENSG00000112531	11	15	-4	-0.10203320073709328	0.4213370696557246	0.2792233787029624	0.14211369095276222	Control	ENSG00000112531	0.5232185748598879	0.37130303869861336	FALSE	28	QKI	QKI
ENSG00000136938	4	42	-38	-0.3473172031430601	0.2822257806244996	0.42393915132105686	-0.14171337069655726	Control	ENSG00000136938	0.5226180944755805	-0.1484070786912568	FALSE	28	ANP32B	ANP32B
ENSG00000104324	4	42	-38	-0.3473172031430601	0.2822257806244996	0.42393915132105686	-0.14171337069655726	Control	ENSG00000104324	0.5226180944755805	0.3048870682439908	FALSE	28	CPQ	CPQ
ENSG00000057757	54	45	9	-0.00824814099363539	0.5770616493194556	0.4355484387510008	0.14151321056845478	AD	ENSG00000057757	0.522017614091273	-0.25909312754387237	FALSE	28	PITHD1	PITHD1
ENSG00000116353	11	90	-79	-0.6431008531031965	0.4213370696557246	0.5618494795836669	-0.14051240992794234	Control	ENSG00000116353	0.5210168134507606	-0.17501814158451445	FALSE	28	MECR	MECR
ENSG00000140577	11	90	-79	-0.6431008531031965	0.4213370696557246	0.5618494795836669	-0.14051240992794234	Control	ENSG00000140577	0.5210168134507606	0.13943395497741662	FALSE	28	CRTC3	CRTC3
ENSG00000155367	9	12	-3	-0.0948189653722119	0.3955164131305044	0.25500400320256206	0.14051240992794234	Control	ENSG00000155367	0.5210168134507606	-0.10016501354337848	FALSE	28	PPM1J	PPM1J
ENSG00000138152	9	12	-3	-0.0948189653722119	0.3955164131305044	0.25500400320256206	0.14051240992794234	Control	ENSG00000138152	0.5210168134507606	-0.5899268038519443	FALSE	28	BTBD16	BTBD16
ENSG00000286662	19	120	-101	-0.8018140311305868	0.48078462770216174	0.6210968775020016	-0.14031224979983986	Control	ENSG00000286662	0.5200160128102482	-0.2222012522857559	FALSE	28	NA	ENSG00000286662
ENSG00000065609	832	362	470	3.317514362216679	0.9927942353883108	0.8530824659727783	0.13971176941553243	AD	ENSG00000065609	0.5196156925540433	-0.26599468948264793	FALSE	28	SNAP91	SNAP91
ENSG00000260412	106	65	41	0.22260739068256863	0.6377101681345076	0.49879903923138513	0.13891112890312252	AD	ENSG00000260412	0.5192153722978383	-0.1560276497012394	FALSE	28	NA	ENSG00000260412
ENSG00000147065	7	9	-2	-0.08760473000733053	0.3592874299439552	0.2207766212970376	0.13851080864691756	Control	ENSG00000147065	0.5188150520416333	0.4062128805749765	FALSE	28	MSN	MSN
ENSG00000164124	12	94	-82	-0.6647435591978407	0.43274619695756605	0.5712570056044836	-0.1385108086469175	Control	ENSG00000164124	0.5184147317854283	-0.09845851210946144	FALSE	28	TMEM144	TMEM144
ENSG00000102409	84	59	25	0.10717962484446662	0.6168935148118495	0.4785828662930344	0.13831064851881508	AD	ENSG00000102409	0.5180144115292233	-0.285787779402801	FALSE	28	BEX4	BEX4
ENSG00000183023	515	220	295	2.0550231733624384	0.8919135308246597	0.7538030424339471	0.1381104883907126	AD	ENSG00000183023	0.5176140912730184	-0.16185089483165882	FALSE	28	SLC8A1	SLC8A1
ENSG00000173369	12	17	-5	-0.10924743610197464	0.43274619695756605	0.29523618895116094	0.13751000800640512	Control	ENSG00000173369	0.5168134507606085	0.46517734254952536	FALSE	28	C1QB	C1QB
ENSG00000170537	10	84	-74	-0.6070296762787897	0.4091273018414732	0.5466373098478783	-0.13751000800640512	Control	ENSG00000170537	0.5168134507606085	0.10836936151858367	FALSE	28	TMC7	TMC7
ENSG00000101049	10	84	-74	-0.6070296762787897	0.4091273018414732	0.5466373098478783	-0.13751000800640512	Control	ENSG00000101049	0.5168134507606085	-0.1671509630050796	FALSE	28	SGK2	SGK2
ENSG00000174684	359	558	-199	-1.5088090968889616	0.8086469175340272	0.94595676541233	-0.1373098478783027	Control	ENSG00000174684	0.515812650120096	-0.11503998302874052	FALSE	28	B4GAT1	B4GAT1
ENSG00000198954	3	31	-28	-0.2751748494942463	0.24079263410728585	0.3781024819855885	-0.1373098478783027	Control	ENSG00000198954	0.515812650120096	0.02218889392495526	FALSE	28	KIFBP	KIFBP
ENSG00000006116	565	247	318	2.22095058675471	0.9123298638911128	0.7754203362690152	0.13690952762209774	AD	ENSG00000006116	0.5150120096076861	-0.3315807817400813	FALSE	28	CACNG3	CACNG3
ENSG00000112149	294	125	169	1.146029517387385	0.767413931144916	0.6305044035228182	0.13690952762209774	AD	ENSG00000112149	0.5150120096076861	-0.11487024374526378	FALSE	28	CD83	CD83
ENSG00000173452	30	33	-3	-0.0948189653722119	0.5246196957566053	0.3877101681345076	0.13690952762209768	Control	ENSG00000173452	0.5144115292233787	-0.114910664399396	FALSE	28	TMEM196	TMEM196
ENSG00000135638	347	145	202	1.3840992844284703	0.8022417934347478	0.6657325860688551	0.13650920736589267	AD	ENSG00000135638	0.5140112089671738	0.02497627475080222	FALSE	28	EMX1	EMX1
ENSG00000154174	351	544	-193	-1.465523684699673	0.8044435548438751	0.9407526020816652	-0.13630904723779025	Control	ENSG00000154174	0.5136108887109688	-0.14135642415445737	FALSE	28	TOMM70	TOMM70
ENSG00000181215	21	26	-5	-0.10924743610197464	0.4913931144915933	0.35568454763811047	0.1357085668534828	Control	ENSG00000181215	0.5130104083266613	0.09272083754616034	FALSE	28	C4orf50	C4orf50
ENSG00000164600	21	26	-5	-0.10924743610197464	0.4913931144915933	0.35568454763811047	0.1357085668534828	Control	ENSG00000164600	0.5130104083266613	-0.7950782787586679	TRUE	29	NEUROD6	NEUROD6
ENSG00000198887	5	49	-44	-0.3906026153323483	0.3122497998398719	0.4477582065652522	-0.13550840672538034	Control	ENSG00000198887	0.5124099279423538	0.1628181310636556	FALSE	29	SMC5	SMC5
ENSG00000196368	692	317	375	2.632162002552948	0.9587670136108888	0.8232586068855084	0.13550840672538025	AD	ENSG00000196368	0.5120096076861489	-0.3325292593061917	FALSE	29	NUDT11	NUDT11
ENSG00000157388	5	6	-1	-0.08039049464244916	0.3122497998398719	0.17694155324259409	0.1353082465972778	Control	ENSG00000157388	0.5096076861489192	0.05437244086274973	FALSE	29	CACNA1D	CACNA1D
ENSG00000130449	1	8	-7	-0.1236759068317374	0.072257806244996	0.2075660528422738	-0.1353082465972778	Control	ENSG00000130449	0.5096076861489192	0.20469626407899355	FALSE	29	ZSWIM6	ZSWIM6
ENSG00000053372	1	8	-7	-0.1236759068317374	0.072257806244996	0.2075660528422738	-0.1353082465972778	Control	ENSG00000053372	0.5096076861489192	-0.23933122942570684	FALSE	29	MRTO4	MRTO4
ENSG00000125744	5	6	-1	-0.08039049464244916	0.3122497998398719	0.17694155324259409	0.1353082465972778	Control	ENSG00000125744	0.5096076861489192	0.02265799758176889	FALSE	29	RTN2	RTN2
ENSG00000161912	1	8	-7	-0.1236759068317374	0.072257806244996	0.2075660528422738	-0.1353082465972778	Control	ENSG00000161912	0.5096076861489192	0.106402124223818	FALSE	29	ADCY10P1	ADCY10P1
ENSG00000149564	1	8	-7	-0.1236759068317374	0.072257806244996	0.2075660528422738	-0.1353082465972778	Control	ENSG00000149564	0.5096076861489192	0.4372543230194381	FALSE	29	ESAM	ESAM
ENSG00000131174	5	6	-1	-0.08039049464244916	0.3122497998398719	0.17694155324259409	0.1353082465972778	Control	ENSG00000131174	0.5096076861489192	-0.2230640780915074	FALSE	29	COX7B	COX7B
ENSG00000277954	1	8	-7	-0.1236759068317374	0.072257806244996	0.2075660528422738	-0.1353082465972778	Control	ENSG00000277954	0.5096076861489192	-0.16292618799675918	FALSE	29	NA	ENSG00000277954
ENSG00000221817	1	8	-7	-0.1236759068317374	0.072257806244996	0.2075660528422738	-0.1353082465972778	Control	ENSG00000221817	0.5096076861489192	0.21225602010717637	FALSE	29	PPP3CB-AS1	PPP3CB-AS1
ENSG00000139537	1	8	-7	-0.1236759068317374	0.072257806244996	0.2075660528422738	-0.1353082465972778	Control	ENSG00000139537	0.5096076861489192	-0.01180083535157194	FALSE	29	CCDC65	CCDC65
ENSG00000161551	1	8	-7	-0.1236759068317374	0.072257806244996	0.2075660528422738	-0.1353082465972778	Control	ENSG00000161551	0.5096076861489192	-0.0197833486621608	FALSE	29	ZNF577	ZNF577
ENSG00000227825	16	108	-92	-0.7368859128466544	0.4629703763010408	0.5980784627702161	-0.13510808646917533	Control	ENSG00000227825	0.5072057646116893	0.2495350981940767	FALSE	29	SLC9A7P1	SLC9A7P1
ENSG00000197885	346	533	-187	-1.422238272510385	0.800640512409928	0.9355484387510008	-0.13490792634107285	Control	ENSG00000197885	0.5064051240992794	-0.17837793315642614	FALSE	29	NKIRAS1	NKIRAS1
ENSG00000263874	283	122	161	1.0883156344683338	0.7596076861489192	0.6246997598078463	0.13490792634107285	AD	ENSG00000263874	0.5064051240992794	-0.3549277357045302	FALSE	29	LASP1NB	LASP1NB
ENSG00000116266	7	64	-57	-0.48438767507580627	0.3592874299439552	0.494195356285028	-0.13490792634107285	Control	ENSG00000116266	0.5064051240992794	0.02759542832811234	FALSE	29	STXBP3	STXBP3
ENSG00000126945	19	24	-5	-0.10924743610197464	0.48078462770216174	0.34627702161729385	0.1345076060848679	Control	ENSG00000126945	0.504603682946357	-0.14558924259719852	FALSE	29	HNRNPH2	HNRNPH2
ENSG00000149311	2	20	-18	-0.20303249584543256	0.1801441152922338	0.3146517213771017	-0.1345076060848679	Control	ENSG00000149311	0.504603682946357	0.2633731206169809	FALSE	29	ATM	ATM
ENSG00000186854	2	20	-18	-0.20303249584543256	0.1801441152922338	0.3146517213771017	-0.1345076060848679	Control	ENSG00000186854	0.504603682946357	-0.16839419577156178	FALSE	29	TRABD2A	TRABD2A
ENSG00000115694	2	20	-18	-0.20303249584543256	0.1801441152922338	0.3146517213771017	-0.1345076060848679	Control	ENSG00000115694	0.504603682946357	-0.03031344079990461	FALSE	29	STK25	STK25
ENSG00000123349	2	20	-18	-0.20303249584543256	0.1801441152922338	0.3146517213771017	-0.1345076060848679	Control	ENSG00000123349	0.504603682946357	-0.222002771004993	FALSE	29	PFDN5	PFDN5
ENSG00000177971	2	20	-18	-0.20303249584543256	0.1801441152922338	0.3146517213771017	-0.1345076060848679	Control	ENSG00000177971	0.504603682946357	-0.1231331770662365	FALSE	29	IMP3	IMP3
ENSG00000171314	4	40	-36	-0.3328887324132973	0.2822257806244996	0.41613290632506006	-0.13390712570056046	Control	ENSG00000171314	0.5032025620496398	-0.00545100891301331	FALSE	29	PGAM1	PGAM1
ENSG00000160963	140	77	63	0.38132056870995895	0.6673338670936749	0.5334267413931145	0.1339071257005604	AD	ENSG00000160963	0.5028022417934348	-0.24353792854858192	FALSE	29	COL26A1	COL26A1
ENSG00000176383	299	128	171	1.1604579881171475	0.7712169735788631	0.6375100080064051	0.13370696557245798	AD	ENSG00000176383	0.5024019215372297	-0.0347852977448273	FALSE	29	B3GNT4	B3GNT4
ENSG00000101654	92	63	29	0.1360365663039921	0.6234987990392313	0.4897918334667734	0.13370696557245793	AD	ENSG00000101654	0.5020016012810248	-0.16836582203104378	FALSE	29	RNMT	RNMT
ENSG00000152822	252	114	138	0.922388221076062	0.7411929543634908	0.6076861489191353	0.13350680544435545	AD	ENSG00000152822	0.5014011208967174	-0.02016663253345463	FALSE	29	GRM1	GRM1
ENSG00000206579	148	80	68	0.4173917455343658	0.6733386709367494	0.5398318654923939	0.13350680544435545	AD	ENSG00000206579	0.5014011208967174	-0.24757331339478128	FALSE	29	XKR4	XKR4
ENSG00000100697	3	30	-27	-0.26796061412936495	0.24079263410728585	0.37369895916733387	-0.13290632506004804	Control	ENSG00000100697	0.5008006405124099	0.17479835011639544	FALSE	29	DICER1	DICER1
ENSG00000102934	16	106	-90	-0.7224574421168917	0.4629703763010408	0.5956765412329864	-0.1327061649319456	Control	ENSG00000102934	0.500400320256205	-0.301786709250484	FALSE	29	PLLP	PLLP
ENSG00000187189	419	633	-214	-1.6170226273621822	0.838470776621297	0.9707766212970376	-0.1323058446757407	Control	ENSG00000187189	0.5	-0.18605228408060448	FALSE	29	TSPYL4	TSPYL4
ENSG00000172602	288	126	162	1.0955298698332152	0.7640112089671738	0.6319055244195356	0.13210568454763816	AD	ENSG00000172602	0.49959967974379504	-0.1626973775538083	FALSE	29	RND1	RND1
ENSG00000236901	59	50	9	-0.00824814099363539	0.583466773418735	0.4513610888710969	0.1321056845476381	AD	ENSG00000236901	0.4991993594875901	0.09385173783192435	FALSE	29	MIR600HG	MIR600HG
ENSG00000141380	235	376	-141	-1.0903834457258417	0.7299839871897518	0.86128903122498	-0.13130504403522825	Control	ENSG00000141380	0.49879903923138513	0.08553314512339583	FALSE	29	SS18	SS18
ENSG00000141252	206	100	106	0.691532689399858	0.7141713370696557	0.58306645316253	0.1311048839071257	AD	ENSG00000141252	0.4983987189751801	-0.07694497856778248	FALSE	29	VPS53	VPS53
ENSG00000068912	31	35	-4	-0.10203320073709328	0.5296236989591674	0.3989191353082466	0.1307045636509208	Control	ENSG00000068912	0.49799839871897517	-0.16584204426247773	FALSE	29	ERLEC1	ERLEC1
ENSG00000183248	16	22	-6	-0.11646167146685604	0.4629703763010408	0.3324659727782226	0.13050440352281822	Control	ENSG00000183248	0.4975980784627702	-0.20319862146882173	FALSE	29	PRR36	PRR36
ENSG00000119771	66	55	11	0.00618032973612735	0.5966773418734987	0.466373098478783	0.13030424339471575	AD	ENSG00000119771	0.49719775820656525	0.13577792787200949	FALSE	29	KLHL29	KLHL29
ENSG00000204564	6	8	-2	-0.08760473000733053	0.33767013610888713	0.2075660528422738	0.13010408326661332	Control	ENSG00000204564	0.4965972778222578	-0.15778283395372128	FALSE	29	C6orf136	C6orf136
ENSG00000155659	6	8	-2	-0.08760473000733053	0.33767013610888713	0.2075660528422738	0.13010408326661332	Control	ENSG00000155659	0.4965972778222578	0.7129643902202449	TRUE	30	VSIG4	VSIG4
ENSG00000165832	274	413	-139	-1.075954974996079	0.7548038430744596	0.8849079263410728	-0.13010408326661327	Control	ENSG00000165832	0.4959967974379504	-0.17344470912376586	FALSE	30	TRUB1	TRUB1
ENSG00000178741	19	25	-6	-0.11646167146685604	0.48078462770216174	0.3512810248198559	0.12950360288230583	Control	ENSG00000178741	0.4955964771817454	-0.1797887592462608	FALSE	30	COX5A	COX5A
ENSG00000159363	226	365	-139	-1.075954974996079	0.7257806244995997	0.8548839071257006	-0.1291032826261009	Control	ENSG00000159363	0.4951961569255404	-0.01855864936321083	FALSE	30	ATP13A2	ATP13A2
ENSG00000124659	65	55	10	-0.00103390562875401	0.5952762209767815	0.466373098478783	0.12890312249799846	AD	ENSG00000124659	0.49479583666933546	-0.15542896069303502	FALSE	30	TBCC	TBCC
ENSG00000164111	3	3	0	-0.07317625927756778	0.24079263410728585	0.11188951160928742	0.1289031224979984	Control	ENSG00000164111	0.49279423538831063	0.12463570412304392	FALSE	30	ANXA5	ANXA5
ENSG00000084754	3	3	0	-0.07317625927756778	0.24079263410728585	0.11188951160928742	0.1289031224979984	Control	ENSG00000084754	0.49279423538831063	0.10423025665817852	FALSE	30	HADHA	HADHA
ENSG00000180573	3	3	0	-0.07317625927756778	0.24079263410728585	0.11188951160928742	0.1289031224979984	Control	ENSG00000180573	0.49279423538831063	0.17459106548369796	FALSE	30	H2AC6	H2AC6
ENSG00000145246	3	3	0	-0.07317625927756778	0.24079263410728585	0.11188951160928742	0.1289031224979984	Control	ENSG00000145246	0.49279423538831063	0.44968558943426373	FALSE	30	ATP10D	ATP10D
ENSG00000155366	3	3	0	-0.07317625927756778	0.24079263410728585	0.11188951160928742	0.1289031224979984	Control	ENSG00000155366	0.49279423538831063	0.16232304354579163	FALSE	30	RHOC	RHOC
ENSG00000126804	3	3	0	-0.07317625927756778	0.24079263410728585	0.11188951160928742	0.1289031224979984	Control	ENSG00000126804	0.49279423538831063	0.14042305985062598	FALSE	30	ZBTB1	ZBTB1
ENSG00000185432	3	3	0	-0.07317625927756778	0.24079263410728585	0.11188951160928742	0.1289031224979984	Control	ENSG00000185432	0.49279423538831063	0.27263689068374575	FALSE	30	TMT1A	TMT1A
ENSG00000278456	3	3	0	-0.07317625927756778	0.24079263410728585	0.11188951160928742	0.1289031224979984	Control	ENSG00000278456	0.49279423538831063	-0.07274299431107867	FALSE	30	NA	ENSG00000278456
ENSG00000181481	3	3	0	-0.07317625927756778	0.24079263410728585	0.11188951160928742	0.1289031224979984	Control	ENSG00000181481	0.49279423538831063	0.15576685549414648	FALSE	30	RNF135	RNF135
ENSG00000184007	6	55	-49	-0.4266737921567552	0.33767013610888713	0.466373098478783	-0.12870296236989587	Control	ENSG00000184007	0.49079263410728585	-0.24846943417021805	FALSE	30	PTP4A2	PTP4A2
ENSG00000186094	468	725	-257	-1.9272347480520813	0.8618895116092874	0.9903923138510808	-0.12850280224179345	Control	ENSG00000186094	0.4899919935948759	-0.21671048513111213	FALSE	30	AGBL4	AGBL4
ENSG00000169676	21	28	-7	-0.1236759068317374	0.4913931144915933	0.36289031224979984	0.12850280224179345	Control	ENSG00000169676	0.4899919935948759	-0.2234964729273674	FALSE	30	DRD5	DRD5
ENSG00000125651	23	123	-100	-0.7945997957657054	0.4981985588470776	0.6267013610888711	-0.12850280224179345	Control	ENSG00000125651	0.4899919935948759	-0.03828980321812381	FALSE	30	GTF2F1	GTF2F1
ENSG00000181754	336	498	-162	-1.2418823883883507	0.7928342674139311	0.9209367493995196	-0.1281024819855885	Control	ENSG00000181754	0.489191353082466	0.01260319500130435	FALSE	30	AMIGO1	AMIGO1
ENSG00000182220	327	473	-146	-1.1264546225502483	0.7856285028022418	0.9137309847878302	-0.12810248198558838	Control	ENSG00000182220	0.488791032826261	-0.09746822176411209	FALSE	30	ATP6AP2	ATP6AP2
ENSG00000132386	68	195	-127	-0.9893841506175024	0.5990792634107286	0.7267814251401121	-0.1277021617293835	Control	ENSG00000132386	0.48839071257005606	-0.111356119443915	FALSE	30	SERPINF1	SERPINF1
ENSG00000112306	2	19	-17	-0.19581826048055115	0.1801441152922338	0.3074459567654123	-0.12730184147317852	Control	ENSG00000112306	0.4873899119295436	-0.06464198518548869	FALSE	30	RPS12	RPS12
ENSG00000117298	2	19	-17	-0.19581826048055115	0.1801441152922338	0.3074459567654123	-0.12730184147317852	Control	ENSG00000117298	0.4873899119295436	0.23064838958790543	FALSE	30	ECE1	ECE1
ENSG00000196419	2	19	-17	-0.19581826048055115	0.1801441152922338	0.3074459567654123	-0.12730184147317852	Control	ENSG00000196419	0.4873899119295436	0.03624272309670928	FALSE	30	XRCC6	XRCC6
ENSG00000244627	2	19	-17	-0.19581826048055115	0.1801441152922338	0.3074459567654123	-0.12730184147317852	Control	ENSG00000244627	0.4873899119295436	-0.05125777389550734	FALSE	30	TPTEP2	TPTEP2
ENSG00000092051	369	158	211	1.4490274027124026	0.8130504403522818	0.6857485988791033	0.12730184147317847	AD	ENSG00000092051	0.48638911128903123	0.01889901856097253	FALSE	30	JPH4	JPH4
ENSG00000079335	7	10	-3	-0.0948189653722119	0.3592874299439552	0.2321857485988791	0.12710168134507607	Control	ENSG00000079335	0.4859887910328263	0.4492772559161473	FALSE	30	CDC14A	CDC14A
ENSG00000138078	766	359	407	2.863017534229152	0.978382706164932	0.8512810248198559	0.12710168134507605	AD	ENSG00000138078	0.48538831064851884	-0.3877695332249438	FALSE	30	PREPL	PREPL
ENSG00000116478	381	557	-176	-1.34288168349669	0.8182546036829463	0.9453562850280224	-0.12710168134507605	Control	ENSG00000116478	0.48538831064851884	0.12139027838603944	FALSE	30	HDAC1	HDAC1
ENSG00000136950	269	406	-137	-1.0615265042663162	0.7520016012810248	0.8789031224979984	-0.12690152121697362	Control	ENSG00000136950	0.48478783026421135	-0.21766981844442235	FALSE	30	ARPC5L	ARPC5L
ENSG00000139200	657	310	347	2.43016341233627	0.9463570856685348	0.8196557245796637	0.1267013610888711	AD	ENSG00000139200	0.4843875100080064	-0.19035330417787044	FALSE	30	PIANP	PIANP
ENSG00000153558	634	294	340	2.3796637647821	0.9357485988791032	0.8092473979183347	0.12650120096076867	AD	ENSG00000153558	0.48398718975180144	-0.3051415920496847	FALSE	30	FBXL2	FBXL2
ENSG00000186212	359	532	-173	-1.321238977402046	0.8086469175340272	0.9345476381104884	-0.12590072057646118	Control	ENSG00000186212	0.4835868694955965	-0.21416458872406177	FALSE	30	SOWAHB	SOWAHB
ENSG00000057935	54	50	4	-0.04431931781804228	0.5770616493194556	0.4513610888710969	0.1257005604483587	AD	ENSG00000057935	0.4831865492393915	-0.04258830600304897	FALSE	30	MTA3	MTA3
ENSG00000070718	318	453	-135	-1.0470980335365534	0.7796236989591674	0.905324259407526	-0.12570056044835864	Control	ENSG00000070718	0.4825860688550841	-0.14334279213537648	FALSE	30	AP3M2	AP3M2
ENSG00000149654	256	119	137	0.9151739857111808	0.7445956765412329	0.6188951160928743	0.12570056044835864	AD	ENSG00000149654	0.4825860688550841	-0.09291308376940144	FALSE	30	CDH22	CDH22
ENSG00000131507	352	524	-172	-1.3140247420371645	0.8054443554843875	0.9309447558046438	-0.12550040032025622	Control	ENSG00000131507	0.4819855884707766	-0.2944000906925286	FALSE	30	NDFIP1	NDFIP1
ENSG00000113732	27	33	-6	-0.11646167146685604	0.5128102481985588	0.3877101681345076	0.1251000800640512	Control	ENSG00000113732	0.48138510808646917	0.14908786385650252	FALSE	30	ATP6V0E1	ATP6V0E1
ENSG00000168959	27	33	-6	-0.11646167146685604	0.5128102481985588	0.3877101681345076	0.1251000800640512	Control	ENSG00000168959	0.48138510808646917	0.2520616353389027	FALSE	30	GRM5	GRM5
ENSG00000114948	661	318	343	2.401306470876744	0.9487590072057646	0.8238590872698158	0.12489991993594872	AD	ENSG00000114948	0.4803843074459568	-0.24167566701421528	FALSE	30	ADAM23	ADAM23
ENSG00000273820	226	358	-132	-1.0254553274419094	0.7257806244995997	0.8506805444355484	-0.12489991993594872	Control	ENSG00000273820	0.4803843074459568	-0.08325672711108112	FALSE	30	USP27X	USP27X
ENSG00000104164	90	212	-122	-0.9533129737930957	0.6222978382706165	0.7471977582065652	-0.12489991993594872	Control	ENSG00000104164	0.4803843074459568	-0.0956262656069118	FALSE	30	BLOC1S6	BLOC1S6
ENSG00000205562	76	201	-125	-0.9749556798877396	0.6082866293034428	0.732986389111289	-0.1246997598078462	Control	ENSG00000205562	0.4795836669335468	-0.2276881513623552	FALSE	30	FLRT2-AS1	FLRT2-AS1
ENSG00000128683	36	146	-110	-0.8667421494145192	0.5430344275420337	0.6671337069655725	-0.12409927942353882	Control	ENSG00000128683	0.4789831865492394	-0.5689418202741638	TRUE	31	GAD1	GAD1
ENSG00000164751	24	31	-7	-0.1236759068317374	0.5022017614091273	0.3781024819855885	0.12409927942353882	Control	ENSG00000164751	0.4789831865492394	0.1079130190837816	FALSE	31	PEX2	PEX2
ENSG00000136942	4	37	-33	-0.31124602631865317	0.2822257806244996	0.40612489991993594	-0.12389911929543634	Control	ENSG00000136942	0.47838270616493195	-0.16390636051576557	FALSE	31	RPL35	RPL35
ENSG00000148826	13	91	-78	-0.6358866177383151	0.4415532425940753	0.5652522017614091	-0.12369895916733388	Control	ENSG00000148826	0.4777822257806245	-0.06713329141737923	FALSE	31	NKX6-2	NKX6-2
ENSG00000140479	6	53	-47	-0.4122453214269925	0.33767013610888713	0.461369095276221	-0.12369895916733388	Control	ENSG00000140479	0.4777822257806245	0.3389758480452212	FALSE	31	PCSK6	PCSK6
ENSG00000196482	8	12	-4	-0.10203320073709328	0.3781024819855885	0.25500400320256206	0.12309847878302645	Control	ENSG00000196482	0.47698158526821455	0.1306877847288348	FALSE	31	ESRRG	ESRRG
ENSG00000102001	20	28	-8	-0.13089014219661876	0.4859887910328263	0.36289031224979984	0.12309847878302645	Control	ENSG00000102001	0.47698158526821455	-0.25099985287664595	FALSE	31	CACNA1F	CACNA1F
ENSG00000104388	243	368	-125	-0.9749556798877396	0.734187349879904	0.8570856685348278	-0.12289831865492384	Control	ENSG00000104388	0.4763811048839071	-0.1853786118329115	FALSE	31	RAB2A	RAB2A
ENSG00000198668	55	168	-113	-0.8883848555091634	0.5786629303442754	0.7011609287429944	-0.122497998398719	Control	ENSG00000198668	0.47598078462770216	-0.08533400599936947	FALSE	31	CALM1	CALM1
ENSG00000186111	10	16	-6	-0.11646167146685604	0.4091273018414732	0.2868294635708567	0.12229783827061648	Control	ENSG00000186111	0.4755804643714972	0.08458989488593005	FALSE	31	PIP5K1C	PIP5K1C
ENSG00000144713	3	28	-25	-0.25353214339960217	0.24079263410728585	0.36289031224979984	-0.12209767814251402	Control	ENSG00000144713	0.47518014411529225	-0.1649704240140153	FALSE	31	RPL32	RPL32
ENSG00000187730	332	146	186	1.2686715185903683	0.7892313851080864	0.6671337069655725	0.12209767814251392	AD	ENSG00000187730	0.4747798238590873	-0.2593528670288734	FALSE	31	GABRD	GABRD
ENSG00000166257	465	203	262	1.8169534063213528	0.8594875900720577	0.7375900720576462	0.12189751801441152	AD	ENSG00000166257	0.4741793434747798	-0.19440555663203085	FALSE	31	SCN3B	SCN3B
ENSG00000167037	391	169	222	1.5283839917260975	0.8246597277822257	0.7027622097678142	0.12189751801441152	AD	ENSG00000167037	0.4741793434747798	-0.1184768523796027	FALSE	31	SGSM1	SGSM1
ENSG00000186288	390	557	-167	-1.2779535652127576	0.8240592473979184	0.9453562850280224	-0.12129703763010402	Control	ENSG00000186288	0.47357886309047237	-0.1868037946154244	FALSE	31	PABPC1L2A	PABPC1L2A
ENSG00000165238	29	35	-6	-0.11646167146685604	0.5200160128102482	0.3989191353082466	0.12109687750200164	Control	ENSG00000165238	0.4731785428342674	0.09187575187770668	FALSE	31	WNK2	WNK2
ENSG00000163191	1	7	-6	-0.11646167146685604	0.072257806244996	0.19315452361889512	-0.12089671737389912	Control	ENSG00000163191	0.47137710168134506	0.38391235351165065	FALSE	31	S100A11	S100A11
ENSG00000109320	1	7	-6	-0.11646167146685604	0.072257806244996	0.19315452361889512	-0.12089671737389912	Control	ENSG00000109320	0.47137710168134506	0.35048418975301665	FALSE	31	NFKB1	NFKB1
ENSG00000164188	1	7	-6	-0.11646167146685604	0.072257806244996	0.19315452361889512	-0.12089671737389912	Control	ENSG00000164188	0.47137710168134506	0.6884633812293259	TRUE	32	RANBP3L	RANBP3L
ENSG00000183624	1	7	-6	-0.11646167146685604	0.072257806244996	0.19315452361889512	-0.12089671737389912	Control	ENSG00000183624	0.47137710168134506	-0.0729880745096061	FALSE	32	HMCES	HMCES
ENSG00000241837	1	7	-6	-0.11646167146685604	0.072257806244996	0.19315452361889512	-0.12089671737389912	Control	ENSG00000241837	0.47137710168134506	-0.23463837404369417	FALSE	32	ATP5PO	ATP5PO
ENSG00000146242	1	7	-6	-0.11646167146685604	0.072257806244996	0.19315452361889512	-0.12089671737389912	Control	ENSG00000146242	0.47137710168134506	0.05088763978249311	FALSE	32	TPBG	TPBG
ENSG00000204580	1	7	-6	-0.11646167146685604	0.072257806244996	0.19315452361889512	-0.12089671737389912	Control	ENSG00000204580	0.47137710168134506	0.42312390066294014	FALSE	32	DDR1	DDR1
ENSG00000139266	1	7	-6	-0.11646167146685604	0.072257806244996	0.19315452361889512	-0.12089671737389912	Control	ENSG00000139266	0.47137710168134506	-0.03127677860371669	FALSE	32	MARCHF9	MARCHF9
ENSG00000145335	531	252	279	1.939595407524336	0.8979183346677342	0.7776220976781425	0.12029623698959167	AD	ENSG00000145335	0.4693755004003203	-0.3693633001797654	FALSE	32	SNCA	SNCA
ENSG00000131263	144	268	-124	-0.9677414445228584	0.6707365892714171	0.7910328262610088	-0.12029623698959167	Control	ENSG00000131263	0.4693755004003203	-0.05186073392097334	FALSE	32	RLIM	RLIM
ENSG00000189159	443	198	245	1.6943114051183694	0.8486789431545236	0.7287830264211369	0.11989591673338672	AD	ENSG00000189159	0.4687750200160128	-0.25011057491573574	FALSE	32	JPT1	JPT1
ENSG00000188042	35	141	-106	-0.8378852079549937	0.5396317053642914	0.6591273018414732	-0.11949559647718178	Control	ENSG00000188042	0.46837469975980783	-0.1643694780870355	FALSE	32	ARL4C	ARL4C
ENSG00000172465	10	75	-65	-0.5421015579948573	0.4091273018414732	0.52822257806245	-0.11909527622097682	Control	ENSG00000172465	0.4679743795036029	-0.03641895026304986	FALSE	32	TCEAL1	TCEAL1
ENSG00000186635	5	7	-2	-0.08760473000733053	0.3122497998398719	0.19315452361889512	0.11909527622097676	Control	ENSG00000186635	0.46717373899119297	0.259035610788219	FALSE	32	ARAP1	ARAP1
ENSG00000027075	5	7	-2	-0.08760473000733053	0.3122497998398719	0.19315452361889512	0.11909527622097676	Control	ENSG00000027075	0.46717373899119297	0.4320475354576878	FALSE	32	PRKCH	PRKCH
ENSG00000185666	5	7	-2	-0.08760473000733053	0.3122497998398719	0.19315452361889512	0.11909527622097676	Control	ENSG00000185666	0.46717373899119297	0.11240850141129144	FALSE	32	SYN3	SYN3
ENSG00000009709	272	127	145	0.9728878686302318	0.7530024019215372	0.6345076060848679	0.11849479583666932	AD	ENSG00000009709	0.4661729383506805	-0.23086883134570343	FALSE	32	PAX7	PAX7
ENSG00000185420	63	174	-111	-0.8739563847794005	0.5910728582866293	0.7095676541232986	-0.11849479583666932	Control	ENSG00000185420	0.4661729383506805	-0.15582387677003773	FALSE	32	SMYD3	SMYD3
ENSG00000101079	407	573	-166	-1.2707393298478762	0.8326661329063251	0.950960768614892	-0.1182946357085668	Control	ENSG00000101079	0.4653722978382706	-0.17170378924448215	FALSE	32	NDRG3	NDRG3
ENSG00000106789	419	185	234	1.6149548161046745	0.838470776621297	0.7201761409127302	0.1182946357085668	AD	ENSG00000106789	0.4653722978382706	-0.02316236915340219	FALSE	32	CORO2A	CORO2A
ENSG00000011600	12	20	-8	-0.13089014219661876	0.43274619695756605	0.3146517213771017	0.11809447558046438	Control	ENSG00000011600	0.4645716573258607	0.25223433212703306	FALSE	32	TYROBP	TYROBP
ENSG00000105483	12	20	-8	-0.13089014219661876	0.43274619695756605	0.3146517213771017	0.11809447558046438	Control	ENSG00000105483	0.4645716573258607	0.2173783539694192	FALSE	32	CARD8	CARD8
ENSG00000113387	83	201	-118	-0.92445603233357	0.6150920736589272	0.732986389111289	-0.11789431545236184	Control	ENSG00000113387	0.4637710168134508	-0.2569868800161217	FALSE	32	SUB1	SUB1
ENSG00000072832	50	160	-110	-0.8667421494145192	0.5700560448358687	0.6879503602882305	-0.11789431545236184	Control	ENSG00000072832	0.4637710168134508	-0.09557462195972556	FALSE	32	CRMP1	CRMP1
ENSG00000141655	6	51	-45	-0.3978168506972297	0.33767013610888713	0.455164131305044	-0.11749399519615689	Control	ENSG00000141655	0.4631705364291433	-0.14789755667952953	FALSE	32	TNFRSF11A	TNFRSF11A
ENSG00000151067	20	29	-9	-0.13810437756150015	0.4859887910328263	0.3686949559647718	0.11729383506805446	Control	ENSG00000151067	0.46257005604483586	0.07499611817950935	FALSE	32	CACNA1C	CACNA1C
ENSG00000072954	71	184	-113	-0.8883848555091634	0.6020816653322658	0.7193755004003203	-0.11729383506805446	Control	ENSG00000072954	0.46257005604483586	-0.10172480190384547	FALSE	32	TMEM38A	TMEM38A
ENSG00000101849	6	9	-3	-0.0948189653722119	0.33767013610888713	0.2207766212970376	0.11689351481184952	Control	ENSG00000101849	0.46196957566052843	0.2685544827147037	FALSE	32	TBL1X	TBL1X
ENSG00000113763	398	177	221	1.5211697563612163	0.8294635708566853	0.7125700560448359	0.1168935148118494	AD	ENSG00000113763	0.461369095276221	0.06479972473704088	FALSE	32	UNC5A	UNC5A
ENSG00000198729	169	286	-117	-0.9172417969686888	0.6861489191353083	0.8030424339471577	-0.1168935148118494	Control	ENSG00000198729	0.461369095276221	-0.3366879485244709	FALSE	32	PPP1R14C	PPP1R14C
ENSG00000157445	426	193	233	1.6077405807397929	0.8422738190552442	0.7255804643714971	0.11669335468374709	AD	ENSG00000157445	0.4607686148919135	-0.15664385890524635	FALSE	32	CACNA2D3	CACNA2D3
ENSG00000122482	5	43	-38	-0.3473172031430601	0.3122497998398719	0.4289431545236189	-0.11669335468374704	Control	ENSG00000122482	0.46036829463570855	0.15483774520480154	FALSE	32	ZNF644	ZNF644
ENSG00000116747	4	35	-31	-0.29681755558889045	0.2822257806244996	0.3989191353082466	-0.11669335468374696	Control	ENSG00000116747	0.4599679743795036	0.3480844572393291	FALSE	32	RO60	RO60
ENSG00000126583	202	105	97	0.6266045711159257	0.7103682946357086	0.59387510008006406	0.11649319455564457	AD	ENSG00000126583	0.45956765412329864	-0.3752815755093674	FALSE	32	PRKCG	PRKCG
ENSG00000108055	7	58	-51	-0.44110226288651794	0.3592874299439552	0.4757806244995997	-0.1164931945556445	Control	ENSG00000108055	0.4589671737389912	0.13998948190925375	FALSE	32	SMC3	SMC3
ENSG00000057704	17	101	-84	-0.6791720299276034	0.46897518014411527	0.5854683746997598	-0.1164931945556445	Control	ENSG00000057704	0.4589671737389912	0.14510770218063485	FALSE	32	TMCC3	TMCC3
ENSG00000163798	155	275	-120	-0.9388845030633328	0.6787429943955164	0.7950360288230585	-0.11629303442754202	Control	ENSG00000163798	0.45796637309847876	-0.1429461473270326	FALSE	32	SLC4A1AP	SLC4A1AP
ENSG00000008277	325	444	-119	-0.9316702676984516	0.7842273819055244	0.9005204163330665	-0.11629303442754202	Control	ENSG00000008277	0.45796637309847876	-0.0520178178901336	FALSE	32	ADAM22	ADAM22
ENSG00000180720	472	213	259	1.7953107002267088	0.8642914331465172	0.7479983987189752	0.11629303442754202	AD	ENSG00000180720	0.45796637309847876	-0.01121020399533456	FALSE	32	CHRM4	CHRM4
ENSG00000105223	212	334	-122	-0.9533129737930957	0.717173738991193	0.8332666132906325	-0.11609287429943949	Control	ENSG00000105223	0.45716573258606885	-0.19164635365466687	FALSE	32	PLD3	PLD3
ENSG00000143013	266	127	139	0.9296024564409436	0.749599679743795	0.6345076060848679	0.11509207365892717	AD	ENSG00000143013	0.45616493194555646	-0.2049006428337048	FALSE	32	LMO4	LMO4
ENSG00000179091	2	17	-15	-0.1813897897507884	0.1801441152922338	0.29523618895116094	-0.11509207365892717	Control	ENSG00000179091	0.45616493194555646	0.02325398398819089	FALSE	32	CYC1	CYC1
ENSG00000116005	2	17	-15	-0.1813897897507884	0.1801441152922338	0.29523618895116094	-0.11509207365892717	Control	ENSG00000116005	0.45616493194555646	0.1739651165497289	FALSE	32	PCYOX1	PCYOX1
ENSG00000110700	2	17	-15	-0.1813897897507884	0.1801441152922338	0.29523618895116094	-0.11509207365892717	Control	ENSG00000110700	0.45616493194555646	-0.09334472732210664	FALSE	32	RPS13	RPS13
ENSG00000086300	525	254	271	1.8818815246052851	0.8951160928742994	0.7800240192153723	0.11509207365892704	AD	ENSG00000086300	0.455164131305044	-0.3868419771270428	FALSE	32	SNX10	SNX10
ENSG00000198695	7	11	-4	-0.10203320073709328	0.3592874299439552	0.2443955164131305	0.11489191353082467	Control	ENSG00000198695	0.45476381104883906	-0.19431337887204947	FALSE	32	MT-ND6	MT-ND6
ENSG00000155858	466	642	-176	-1.34288168349669	0.8606885508406725	0.9755804643714971	-0.11489191353082462	Control	ENSG00000155858	0.4543634907926341	-0.10247252070848668	FALSE	32	LSM11	LSM11
ENSG00000152495	545	267	278	1.9323811721594548	0.9049239391513212	0.7902321857485989	0.1146917534027222	AD	ENSG00000152495	0.45396317053642915	-0.2778447566854396	FALSE	32	CAMK4	CAMK4
ENSG00000132975	524	254	270	1.874667289240404	0.894515612489992	0.7800240192153723	0.11449159327461966	AD	ENSG00000132975	0.45316253002401924	-0.23874377923917933	FALSE	32	GPR12	GPR12
ENSG00000135454	136	252	-116	-0.9100275616038076	0.6631305044035228	0.7776220976781425	-0.11449159327461966	Control	ENSG00000135454	0.45316253002401924	0.01199819014215108	FALSE	32	B4GALNT1	B4GALNT1
ENSG00000181789	44	151	-107	-0.8450994433198751	0.5606485188150521	0.6751401120896717	-0.11449159327461966	Control	ENSG00000181789	0.45316253002401924	-0.07714185527951223	FALSE	32	COPG1	COPG1
ENSG00000198840	8	13	-5	-0.10924743610197464	0.3781024819855885	0.26381104883907125	0.11429143314651724	Control	ENSG00000198840	0.45236188951160927	-0.32258354267703027	FALSE	32	MT-ND3	MT-ND3
ENSG00000163590	232	349	-117	-0.9172417969686888	0.7285828662930345	0.8428742994395516	-0.11429143314651712	Control	ENSG00000163590	0.4519615692554043	0.0728779890284148	FALSE	32	PPM1L	PPM1L
ENSG00000117016	502	238	264	1.8313818770511157	0.8839071257005604	0.7698158526821457	0.11409127301841472	AD	ENSG00000117016	0.45156124899919936	0.10025748178970773	FALSE	32	RIMS3	RIMS3
ENSG00000210082	11	19	-8	-0.13089014219661876	0.4213370696557246	0.3074459567654123	0.11389111289031228	Control	ENSG00000210082	0.45076060848678945	-0.25622870213379656	FALSE	32	MT-RNR2	MT-RNR2
ENSG00000134516	11	19	-8	-0.13089014219661876	0.4213370696557246	0.3074459567654123	0.11389111289031228	Control	ENSG00000134516	0.45076060848678945	0.4556268255163145	FALSE	32	DOCK2	DOCK2
ENSG00000165025	11	19	-8	-0.13089014219661876	0.4213370696557246	0.3074459567654123	0.11389111289031228	Control	ENSG00000165025	0.45076060848678945	0.3343850109216895	FALSE	32	SYK	SYK
ENSG00000144355	10	17	-7	-0.1236759068317374	0.4091273018414732	0.29523618895116094	0.11389111289031224	Control	ENSG00000144355	0.4499599679743795	-0.47293670826519296	FALSE	32	DLX1	DLX1
ENSG00000112137	556	276	280	1.9468096428892177	0.9097277822257808	0.7960368294635709	0.11369095276220977	AD	ENSG00000112137	0.4495596477181745	0.02764898628116618	FALSE	32	PHACTR1	PHACTR1
ENSG00000184408	37	141	-104	-0.8234567372252309	0.5458366693354684	0.6591273018414732	-0.1132906325060048	Control	ENSG00000184408	0.44915932746196957	-0.1378161161475191	FALSE	32	KCND2	KCND2
ENSG00000172915	492	233	259	1.7953107002267088	0.8781024819855885	0.7650120096076861	0.11309047237790236	AD	ENSG00000172915	0.44835868694955966	-0.00599272382862992	FALSE	32	NBEA	NBEA
ENSG00000139112	499	761	-262	-1.9633059248764884	0.8817053642914331	0.9947958366693356	-0.11309047237790236	Control	ENSG00000139112	0.44835868694955966	-0.1520977552767615	FALSE	32	GABARAPL1	GABARAPL1
ENSG00000125166	61	167	-106	-0.8378852079549937	0.5864691753402722	0.6995596477181746	-0.11309047237790236	Control	ENSG00000125166	0.44835868694955966	-0.0639921676922679	FALSE	32	GOT2	GOT2
ENSG00000185933	303	416	-113	-0.8883848555091634	0.7744195356285029	0.8871096877502002	-0.1126901521216973	Control	ENSG00000185933	0.4475580464371497	-0.27416900487591267	FALSE	32	CALHM1	CALHM1
ENSG00000147416	658	337	321	2.242593292849354	0.9473578863090472	0.8350680544435548	0.11228983186549246	AD	ENSG00000147416	0.44715772618094474	-0.24765751874553563	FALSE	32	ATP6V1B2	ATP6V1B2
ENSG00000185274	582	292	290	2.018951996538031	0.9199359487590072	0.8076461168935148	0.11228983186549236	AD	ENSG00000185274	0.4467574059247398	-0.2992799052324777	FALSE	32	GALNT17	GALNT17
ENSG00000159259	337	156	181	1.2326003417659614	0.7942353883106485	0.682345876701361	0.1118895116092875	AD	ENSG00000159259	0.4463570856685348	-0.14105335953878395	FALSE	32	CHAF1B	CHAF1B
ENSG00000004660	364	504	-140	-1.0831692103609605	0.811048839071257	0.922738190552442	-0.11168935148118496	Control	ENSG00000004660	0.44515612489991996	0.01890879090593245	FALSE	32	CAMKK1	CAMKK1
ENSG00000063177	4	34	-30	-0.28960332022400903	0.2822257806244996	0.3939151321056846	-0.11168935148118496	Control	ENSG00000063177	0.44515612489991996	-0.1428351933265013	FALSE	32	RPL18	RPL18
ENSG00000104472	5	42	-37	-0.34010296777817867	0.3122497998398719	0.42393915132105686	-0.11168935148118496	Control	ENSG00000104472	0.44515612489991996	0.04497306103858101	FALSE	32	CHRAC1	CHRAC1
ENSG00000099341	5	42	-37	-0.34010296777817867	0.3122497998398719	0.42393915132105686	-0.11168935148118496	Control	ENSG00000099341	0.44515612489991996	-0.06429444823288577	FALSE	32	PSMD8	PSMD8
ENSG00000166091	5	42	-37	-0.34010296777817867	0.3122497998398719	0.42393915132105686	-0.11168935148118496	Control	ENSG00000166091	0.44515612489991996	-0.4013446404208736	FALSE	32	CMTM5	CMTM5
ENSG00000172020	612	307	305	2.127165527011252	0.9291433146517214	0.8178542834267414	0.11128903122498002	AD	ENSG00000172020	0.44395516413130504	-0.48434571759578127	FALSE	32	GAP43	GAP43
ENSG00000166922	661	340	321	2.242593292849354	0.9487590072057646	0.8374699759807847	0.1112890312249799	AD	ENSG00000166922	0.4435548438751001	-0.3509688321590083	FALSE	32	SCG5	SCG5
ENSG00000272163	283	392	-109	-0.8595279140496378	0.7596076861489192	0.8706965572457966	-0.11108887109687748	Control	ENSG00000272163	0.4425540432345877	-0.1207295744611745	FALSE	32	NA	ENSG00000272163
ENSG00000165495	346	161	185	1.261457283225487	0.800640512409928	0.6895516413130505	0.11108887109687748	AD	ENSG00000165495	0.4425540432345877	-0.12838301877694036	FALSE	32	PKNOX2	PKNOX2
ENSG00000003402	82	192	-110	-0.8667421494145192	0.6132906325060048	0.7243795036028823	-0.11108887109687748	Control	ENSG00000003402	0.4425540432345877	0.20943484358265785	FALSE	32	CFLAR	CFLAR
ENSG00000110955	46	151	-105	-0.8306709725901124	0.5640512409927942	0.6751401120896717	-0.11108887109687748	Control	ENSG00000110955	0.4425540432345877	2.3764994312891472e-4	FALSE	32	ATP5F1B	ATP5F1B
ENSG00000157191	108	216	-108	-0.8523136786847565	0.639911929543635	0.7506004803843075	-0.11068855084067251	Control	ENSG00000157191	0.44155324259407525	0.10550585894278797	FALSE	32	NECAP2	NECAP2
ENSG00000119655	3	25	-22	-0.23188943730495803	0.24079263410728585	0.3512810248198559	-0.11048839071257008	Control	ENSG00000119655	0.4409527622097678	0.1322077568959248	FALSE	32	NPC2	NPC2
ENSG00000040608	3	25	-22	-0.23188943730495803	0.24079263410728585	0.3512810248198559	-0.11048839071257008	Control	ENSG00000040608	0.4409527622097678	-0.10820211974632345	FALSE	32	RTN4R	RTN4R
ENSG00000185278	7	56	-49	-0.4266737921567552	0.3592874299439552	0.4695756605284227	-0.11028823058446756	Control	ENSG00000185278	0.4403522818254604	0.21929010595321863	FALSE	32	ZBTB37	ZBTB37
ENSG00000135709	532	266	266	1.8458103477808785	0.8987189751801441	0.789031224979984	0.10968775020016008	AD	ENSG00000135709	0.4399519615692554	-0.01775446891070586	FALSE	32	KIAA0513	KIAA0513
ENSG00000112290	475	223	252	1.744811052672539	0.8668935148118495	0.7576060848678943	0.10928742994395524	AD	ENSG00000112290	0.43955164131305047	-0.2776964774224293	FALSE	32	WASF1	WASF1
ENSG00000162636	691	356	335	2.3435925879576933	0.9583666933546836	0.8490792634107286	0.10928742994395511	AD	ENSG00000162636	0.43915132105684546	-0.20651698153180575	FALSE	32	EEIG2	EEIG2
ENSG00000154518	12	21	-9	-0.13810437756150015	0.43274619695756605	0.3238590872698158	0.10888710968775024	Control	ENSG00000154518	0.43835068054443554	-0.1886352349485332	FALSE	32	ATP5MC3	ATP5MC3
ENSG00000123338	12	21	-9	-0.13810437756150015	0.43274619695756605	0.3238590872698158	0.10888710968775024	Control	ENSG00000123338	0.43835068054443554	0.26787259814850195	FALSE	32	NCKAP1L	NCKAP1L
ENSG00000166348	14	89	-75	-0.614243911643671	0.4499599679743795	0.5588470776621297	-0.10888710968775024	Control	ENSG00000166348	0.43835068054443554	0.2521917050042468	FALSE	32	USP54	USP54
ENSG00000084444	388	526	-138	-1.0687407396311976	0.8230584467574059	0.9317453963170536	-0.10868694955964776	Control	ENSG00000084444	0.43734987990392316	-0.05428625601839165	FALSE	32	FAM234B	FAM234B
ENSG00000198739	138	244	-106	-0.8378852079549937	0.6651321056845476	0.7738190552441954	-0.10868694955964776	Control	ENSG00000198739	0.43734987990392316	-0.13677572544746752	FALSE	32	LRRTM3	LRRTM3
ENSG00000212907	9	16	-7	-0.1236759068317374	0.3955164131305044	0.2868294635708567	0.1086869495596477	Control	ENSG00000212907	0.4363490792634107	-0.2597649115417582	FALSE	32	MT-ND4L	MT-ND4L
ENSG00000136167	9	16	-7	-0.1236759068317374	0.3955164131305044	0.2868294635708567	0.1086869495596477	Control	ENSG00000136167	0.4363490792634107	0.5510184699097156	TRUE	33	LCP1	LCP1
ENSG00000117395	9	66	-57	-0.48438767507580627	0.3955164131305044	0.5042033626901521	-0.1086869495596477	Control	ENSG00000117395	0.4363490792634107	-0.12672810083822306	FALSE	33	EBNA1BP2	EBNA1BP2
ENSG00000158445	640	328	312	2.1776651745654214	0.9387510008006406	0.8306645316253003	0.10808646917534026	AD	ENSG00000158445	0.4353482786228983	-0.10976742847012132	FALSE	33	KCNB1	KCNB1
ENSG00000168546	530	266	264	1.8313818770511157	0.8971176941553243	0.789031224979984	0.10808646917534026	AD	ENSG00000168546	0.4353482786228983	-0.22508372405522617	FALSE	33	GFRA2	GFRA2
ENSG00000107643	31	128	-97	-0.7729570896710612	0.5296236989591674	0.6375100080064051	-0.10788630904723771	Control	ENSG00000107643	0.4347477982385909	-0.13950116355662878	FALSE	33	MAPK8	MAPK8
ENSG00000197043	442	582	-140	-1.0831692103609605	0.8476781425140112	0.9549639711769417	-0.10728582866293036	Control	ENSG00000197043	0.43434747798238593	-0.09839341260508404	FALSE	33	ANXA6	ANXA6
ENSG00000077264	719	372	347	2.43016341233627	0.965972778222578	0.8588871096877502	0.10708566853482793	AD	ENSG00000077264	0.43374699759807844	-0.38957419023866535	FALSE	33	PAK3	PAK3
ENSG00000204789	138	242	-104	-0.8234567372252309	0.6651321056845476	0.7722177742193755	-0.10708566853482793	Control	ENSG00000204789	0.43374699759807844	-0.26170683315407395	FALSE	33	ZNF204P	ZNF204P
ENSG00000129250	7	55	-48	-0.4194595567918738	0.3592874299439552	0.466373098478783	-0.10708566853482782	Control	ENSG00000129250	0.433146517213771	-0.31412619621338145	FALSE	33	KIF1C	KIF1C
ENSG00000198804	11	20	-9	-0.13810437756150015	0.4213370696557246	0.3146517213771017	0.10668534827862292	Control	ENSG00000198804	0.4315452361889512	-0.24429783980017208	FALSE	33	MT-CO1	MT-CO1
ENSG00000203668	2	16	-14	-0.17417555438590704	0.1801441152922338	0.2868294635708567	-0.10668534827862292	Control	ENSG00000203668	0.4315452361889512	-0.2558929866953168	FALSE	33	CHML	CHML
ENSG00000112242	2	16	-14	-0.17417555438590704	0.1801441152922338	0.2868294635708567	-0.10668534827862292	Control	ENSG00000112242	0.4315452361889512	-0.07758825716923923	FALSE	33	E2F3	E2F3
ENSG00000198899	2	16	-14	-0.17417555438590704	0.1801441152922338	0.2868294635708567	-0.10668534827862292	Control	ENSG00000198899	0.4315452361889512	-0.2938464684937614	FALSE	33	MT-ATP6	MT-ATP6
ENSG00000184178	2	16	-14	-0.17417555438590704	0.1801441152922338	0.2868294635708567	-0.10668534827862292	Control	ENSG00000184178	0.4315452361889512	-0.08422766512736679	FALSE	33	SCFD2	SCFD2
ENSG00000176769	2	16	-14	-0.17417555438590704	0.1801441152922338	0.2868294635708567	-0.10668534827862292	Control	ENSG00000176769	0.4315452361889512	-0.16693303359821954	FALSE	33	TCERG1L	TCERG1L
ENSG00000169896	2	16	-14	-0.17417555438590704	0.1801441152922338	0.2868294635708567	-0.10668534827862292	Control	ENSG00000169896	0.4315452361889512	0.2808565086980206	FALSE	33	ITGAM	ITGAM
ENSG00000175426	100	74	26	0.114393860209348	0.6321056845476382	0.5258206565252201	0.10628502802241802	AD	ENSG00000175426	0.4299439551641313	-0.7062162661111664	FALSE	33	PCSK1	PCSK1
ENSG00000170500	658	348	310	2.163236703835659	0.9473578863090472	0.8416733386709367	0.10568454763811053	AD	ENSG00000170500	0.4293434747798239	-0.06595922333596604	FALSE	33	LONRF2	LONRF2
ENSG00000169884	84	68	16	0.04225150656053424	0.6168935148118495	0.511208967173739	0.10568454763811053	AD	ENSG00000169884	0.4293434747798239	-0.333142482792816	FALSE	33	WNT10B	WNT10B
ENSG00000151136	6	10	-4	-0.10203320073709328	0.33767013610888713	0.2321857485988791	0.10548438751000802	Control	ENSG00000151136	0.4285428342674139	-0.16922283813933703	FALSE	33	ABTB3	ABTB3
ENSG00000107816	3	24	-21	-0.22467520194007667	0.24079263410728585	0.34627702161729385	-0.10548438751000802	Control	ENSG00000107816	0.4285428342674139	0.11251236382423536	FALSE	33	LZTS2	LZTS2
ENSG00000135720	4	33	-29	-0.28238908485912767	0.2822257806244996	0.3877101681345076	-0.10548438751000799	Control	ENSG00000135720	0.4279423538831065	-0.09081445758739017	FALSE	33	DYNC1LI2	DYNC1LI2
ENSG00000204287	4	6	-2	-0.08760473000733053	0.2822257806244996	0.17694155324259409	0.10528422738190552	Control	ENSG00000204287	0.4269415532425941	0.6148998058434483	TRUE	34	HLA-DRA	HLA-DRA
ENSG00000058404	4	6	-2	-0.08760473000733053	0.2822257806244996	0.17694155324259409	0.10528422738190552	Control	ENSG00000058404	0.4269415532425941	-0.03235719503776124	FALSE	34	CAMK2B	CAMK2B
ENSG00000144120	4	6	-2	-0.08760473000733053	0.2822257806244996	0.17694155324259409	0.10528422738190552	Control	ENSG00000144120	0.4269415532425941	-0.14837390363259573	FALSE	34	TMEM177	TMEM177
ENSG00000103091	4	6	-2	-0.08760473000733053	0.2822257806244996	0.17694155324259409	0.10528422738190552	Control	ENSG00000103091	0.4269415532425941	0.06062546430955429	FALSE	34	WDR59	WDR59
ENSG00000153922	1	6	-5	-0.10924743610197464	0.072257806244996	0.17694155324259409	-0.10468374699759808	Control	ENSG00000153922	0.42273819055244194	0.184047842711335	FALSE	34	CHD1	CHD1
ENSG00000279013	5	8	-3	-0.0948189653722119	0.3122497998398719	0.2075660528422738	0.10468374699759808	Control	ENSG00000279013	0.42273819055244194	-0.12129858693401108	FALSE	34	NA	ENSG00000279013
ENSG00000129559	1	6	-5	-0.10924743610197464	0.072257806244996	0.17694155324259409	-0.10468374699759808	Control	ENSG00000129559	0.42273819055244194	-0.27258715714857296	FALSE	34	NEDD8	NEDD8
ENSG00000154723	1	6	-5	-0.10924743610197464	0.072257806244996	0.17694155324259409	-0.10468374699759808	Control	ENSG00000154723	0.42273819055244194	-0.2432383479670044	FALSE	34	ATP5PF	ATP5PF
ENSG00000114423	1	6	-5	-0.10924743610197464	0.072257806244996	0.17694155324259409	-0.10468374699759808	Control	ENSG00000114423	0.42273819055244194	0.15794134801723023	FALSE	34	CBLB	CBLB
ENSG00000213949	1	6	-5	-0.10924743610197464	0.072257806244996	0.17694155324259409	-0.10468374699759808	Control	ENSG00000213949	0.42273819055244194	0.5594581825105962	TRUE	35	ITGA1	ITGA1
ENSG00000167074	5	8	-3	-0.0948189653722119	0.3122497998398719	0.2075660528422738	0.10468374699759808	Control	ENSG00000167074	0.42273819055244194	0.0761890920845687	FALSE	35	TEF	TEF
ENSG00000162755	1	6	-5	-0.10924743610197464	0.072257806244996	0.17694155324259409	-0.10468374699759808	Control	ENSG00000162755	0.42273819055244194	-0.1578897417107381	FALSE	35	KLHDC9	KLHDC9
ENSG00000188647	1	6	-5	-0.10924743610197464	0.072257806244996	0.17694155324259409	-0.10468374699759808	Control	ENSG00000188647	0.42273819055244194	0.4185628975944198	FALSE	35	PTAR1	PTAR1
ENSG00000135547	1	6	-5	-0.10924743610197464	0.072257806244996	0.17694155324259409	-0.10468374699759808	Control	ENSG00000135547	0.42273819055244194	0.03259780205665663	FALSE	35	HEY2	HEY2
ENSG00000186951	5	8	-3	-0.0948189653722119	0.3122497998398719	0.2075660528422738	0.10468374699759808	Control	ENSG00000186951	0.42273819055244194	0.2918353403677916	FALSE	35	PPARA	PPARA
ENSG00000267365	1	6	-5	-0.10924743610197464	0.072257806244996	0.17694155324259409	-0.10468374699759808	Control	ENSG00000267365	0.42273819055244194	-0.03732150451012739	FALSE	35	KCNJ2-AS1	KCNJ2-AS1
ENSG00000010671	1	6	-5	-0.10924743610197464	0.072257806244996	0.17694155324259409	-0.10468374699759808	Control	ENSG00000010671	0.42273819055244194	0.20819726239970127	FALSE	35	BTK	BTK
ENSG00000179604	1	6	-5	-0.10924743610197464	0.072257806244996	0.17694155324259409	-0.10468374699759808	Control	ENSG00000179604	0.42273819055244194	0.3853793227141829	FALSE	35	CDC42EP4	CDC42EP4
ENSG00000155034	1	6	-5	-0.10924743610197464	0.072257806244996	0.17694155324259409	-0.10468374699759808	Control	ENSG00000155034	0.42273819055244194	0.16201950585316638	FALSE	35	FBXL18	FBXL18
ENSG00000177469	1	6	-5	-0.10924743610197464	0.072257806244996	0.17694155324259409	-0.10468374699759808	Control	ENSG00000177469	0.42273819055244194	0.26376443772267066	FALSE	35	CAVIN1	CAVIN1
ENSG00000128791	1	6	-5	-0.10924743610197464	0.072257806244996	0.17694155324259409	-0.10468374699759808	Control	ENSG00000128791	0.42273819055244194	0.2407972237794791	FALSE	35	TWSG1	TWSG1
ENSG00000185658	7	54	-47	-0.4122453214269925	0.3592874299439552	0.4637710168134508	-0.1044835868694956	Control	ENSG00000185658	0.4191353082465973	-0.1413910309207278	FALSE	35	BRWD1	BRWD1
ENSG00000184207	368	482	-114	-0.8955990908740447	0.8120496397117695	0.9163330664531624	-0.104283426741393	Control	ENSG00000184207	0.4187349879903923	-0.03513188540396683	FALSE	35	PGP	PGP
ENSG00000104435	762	396	366	2.567233884269016	0.9763811048839072	0.8722978382706165	0.1040832666132907	AD	ENSG00000104435	0.4181345076060849	-0.5046803244631857	FALSE	35	STMN2	STMN2
ENSG00000188573	190	288	-98	-0.7801713250359427	0.700160128102482	0.8042433947157727	-0.1040832666132907	Control	ENSG00000188573	0.4181345076060849	-0.1537571066838073	FALSE	35	FBLL1	FBLL1
ENSG00000144635	210	311	-101	-0.8018140311305868	0.716373098478783	0.8202562049639712	-0.10388310648518816	Control	ENSG00000144635	0.4175340272217774	-0.11769247328855847	FALSE	35	DYNC1LI1	DYNC1LI1
ENSG00000152332	3	4	-1	-0.08039049464244916	0.24079263410728585	0.13690952762209768	0.10388310648518814	Control	ENSG00000152332	0.4159327461969576	0.00371953171751293	FALSE	35	UHMK1	UHMK1
ENSG00000189043	3	4	-1	-0.08039049464244916	0.24079263410728585	0.13690952762209768	0.10388310648518814	Control	ENSG00000189043	0.4159327461969576	-0.2369348555709525	FALSE	35	NDUFA4	NDUFA4
ENSG00000105880	3	4	-1	-0.08039049464244916	0.24079263410728585	0.13690952762209768	0.10388310648518814	Control	ENSG00000105880	0.4159327461969576	-0.3381431467216318	FALSE	35	DLX5	DLX5
ENSG00000151239	3	4	-1	-0.08039049464244916	0.24079263410728585	0.13690952762209768	0.10388310648518814	Control	ENSG00000151239	0.4159327461969576	0.08367040261956404	FALSE	35	TWF1	TWF1
ENSG00000151500	3	4	-1	-0.08039049464244916	0.24079263410728585	0.13690952762209768	0.10388310648518814	Control	ENSG00000151500	0.4159327461969576	-0.14405657710352493	FALSE	35	THYN1	THYN1
ENSG00000112695	3	4	-1	-0.08039049464244916	0.24079263410728585	0.13690952762209768	0.10388310648518814	Control	ENSG00000112695	0.4159327461969576	-0.209408544952538	FALSE	35	COX7A2	COX7A2
ENSG00000148700	3	4	-1	-0.08039049464244916	0.24079263410728585	0.13690952762209768	0.10388310648518814	Control	ENSG00000148700	0.4159327461969576	0.32296535557719963	FALSE	35	ADD3	ADD3
ENSG00000172508	12	78	-66	-0.5493157933597387	0.43274619695756605	0.5364291433146517	-0.10368294635708568	Control	ENSG00000172508	0.4143314651721377	-0.3908821811087506	FALSE	35	CARNS1	CARNS1
ENSG00000183837	477	233	244	1.687097169753488	0.8682946357085669	0.7650120096076861	0.1032826261008808	AD	ENSG00000183837	0.41393114491593275	-0.18070436731089323	FALSE	35	PNMA3	PNMA3
ENSG00000103034	478	234	244	1.687097169753488	0.8686949559647719	0.765812650120096	0.10288230584467584	AD	ENSG00000103034	0.4135308246597278	-0.21653349002599143	FALSE	35	NDRG4	NDRG4
ENSG00000273238	55	58	-3	-0.0948189653722119	0.5786629303442754	0.4757806244995997	0.10288230584467573	Control	ENSG00000273238	0.41313050440352284	-0.22928886099291823	FALSE	35	TMEM271	TMEM271
ENSG00000224223	124	87	37	0.19375044922304316	0.6563250600480385	0.5540432345876701	0.10228182546036836	AD	ENSG00000224223	0.4127301841473179	0.02564419933309292	FALSE	35	VSTM2A-OT1	VSTM2A-OT1
ENSG00000088179	17	94	-77	-0.6286723823734338	0.46897518014411527	0.5712570056044836	-0.10228182546036828	Control	ENSG00000088179	0.41232986389111287	0.05799626659375079	FALSE	35	PTPN4	PTPN4
ENSG00000139218	128	225	-97	-0.7729570896710612	0.6583266613290633	0.7604083266613291	-0.1020816653322658	Control	ENSG00000139218	0.4119295436349079	0.1422605230265113	FALSE	35	SCAF11	SCAF11
ENSG00000065559	257	355	-98	-0.7801713250359427	0.7457966373098479	0.8472778222578062	-0.10148118494795833	Control	ENSG00000065559	0.41152922337870296	-0.14683961232519138	FALSE	35	MAP2K4	MAP2K4
ENSG00000116752	54	58	-4	-0.10203320073709328	0.5770616493194556	0.4757806244995997	0.1012810248198559	Control	ENSG00000116752	0.411128903122498	-0.2403161164800185	FALSE	35	BCAS2	BCAS2
ENSG00000105711	2	2	0	-0.07317625927756778	0.1801441152922338	0.0788630904723779	0.10128102481985587	Control	ENSG00000105711	0.40832666132906326	0.05506272312138627	FALSE	35	SCN1B	SCN1B
ENSG00000123609	2	2	0	-0.07317625927756778	0.1801441152922338	0.0788630904723779	0.10128102481985587	Control	ENSG00000123609	0.40832666132906326	0.3087079555746204	FALSE	35	NMI	NMI
ENSG00000100439	2	2	0	-0.07317625927756778	0.1801441152922338	0.0788630904723779	0.10128102481985587	Control	ENSG00000100439	0.40832666132906326	0.26106637201081284	FALSE	35	ABHD4	ABHD4
ENSG00000142168	2	2	0	-0.07317625927756778	0.1801441152922338	0.0788630904723779	0.10128102481985587	Control	ENSG00000142168	0.40832666132906326	-0.12520606814859825	FALSE	35	SOD1	SOD1
ENSG00000143545	2	2	0	-0.07317625927756778	0.1801441152922338	0.0788630904723779	0.10128102481985587	Control	ENSG00000143545	0.40832666132906326	0.17166040818728767	FALSE	35	RAB13	RAB13
ENSG00000127220	2	2	0	-0.07317625927756778	0.1801441152922338	0.0788630904723779	0.10128102481985587	Control	ENSG00000127220	0.40832666132906326	0.02408051037533631	FALSE	35	ABHD8	ABHD8
ENSG00000036530	2	2	0	-0.07317625927756778	0.1801441152922338	0.0788630904723779	0.10128102481985587	Control	ENSG00000036530	0.40832666132906326	-0.12520052445503538	FALSE	35	CYP46A1	CYP46A1
ENSG00000165113	2	2	0	-0.07317625927756778	0.1801441152922338	0.0788630904723779	0.10128102481985587	Control	ENSG00000165113	0.40832666132906326	-0.02814032602673499	FALSE	35	GKAP1	GKAP1
ENSG00000215397	2	2	0	-0.07317625927756778	0.1801441152922338	0.0788630904723779	0.10128102481985587	Control	ENSG00000215397	0.40832666132906326	0.02079305497061856	FALSE	35	SCRT2	SCRT2
ENSG00000167851	2	2	0	-0.07317625927756778	0.1801441152922338	0.0788630904723779	0.10128102481985587	Control	ENSG00000167851	0.40832666132906326	0.29673033761561207	FALSE	35	CD300A	CD300A
ENSG00000166123	2	2	0	-0.07317625927756778	0.1801441152922338	0.0788630904723779	0.10128102481985587	Control	ENSG00000166123	0.40832666132906326	0.2137433128635653	FALSE	35	GPT2	GPT2
ENSG00000125505	2	2	0	-0.07317625927756778	0.1801441152922338	0.0788630904723779	0.10128102481985587	Control	ENSG00000125505	0.40832666132906326	0.00753205854204708	FALSE	35	MBOAT7	MBOAT7
ENSG00000166265	2	2	0	-0.07317625927756778	0.1801441152922338	0.0788630904723779	0.10128102481985587	Control	ENSG00000166265	0.40832666132906326	0.3735544564550519	FALSE	35	CYYR1	CYYR1
ENSG00000259234	370	177	193	1.3191711661445378	0.8138510808646917	0.7125700560448359	0.1012810248198558	AD	ENSG00000259234	0.4055244195356285	-0.0238437371798561	FALSE	35	ANKRD34C-AS1	ANKRD34C-AS1
ENSG00000186472	434	209	225	1.550026697820742	0.8440752602081665	0.7431945556445156	0.10088070456365084	AD	ENSG00000186472	0.40512409927942356	-0.1664237704554843	FALSE	35	PCLO	PCLO
ENSG00000152034	201	294	-93	-0.7441001482115358	0.7091673338670936	0.8092473979183347	-0.10008006405124104	Control	ENSG00000152034	0.4047237790232186	-0.05531291298472496	FALSE	35	MCHR2	MCHR2
ENSG00000156411	16	28	-12	-0.1597470836561443	0.4629703763010408	0.36289031224979984	0.10008006405124098	Control	ENSG00000156411	0.4043234587670136	-0.23459612714838585	FALSE	35	ATP5MJ	ATP5MJ
ENSG00000146670	195	287	-92	-0.7368859128466544	0.7043634907926342	0.8038430744595677	-0.09947958366693356	Control	ENSG00000146670	0.40372297838270615	-0.1763958723063919	FALSE	35	CDCA5	CDCA5
ENSG00000178947	95	75	20	0.07110844802005974	0.6277021617293835	0.52822257806245	0.09947958366693356	AD	ENSG00000178947	0.40372297838270615	-0.27414034666166387	FALSE	35	SMIM10L2A	SMIM10L2A
ENSG00000085377	192	284	-92	-0.7368859128466544	0.7019615692554043	0.8012409927942354	-0.09927942353883112	Control	ENSG00000085377	0.4031224979983987	-0.16106293021748463	FALSE	35	PREP	PREP
ENSG00000170456	7	52	-45	-0.3978168506972297	0.3592874299439552	0.45856685348278625	-0.09927942353883108	Control	ENSG00000170456	0.40272217774219377	0.11630651446648876	FALSE	35	DENND5B	DENND5B
ENSG00000154096	419	205	214	1.4706701088070468	0.838470776621297	0.739191353082466	0.099279423538831	AD	ENSG00000154096	0.4023218574859888	-0.3055605364734948	FALSE	35	THY1	THY1
ENSG00000185361	306	152	154	1.037815986914164	0.7754203362690152	0.6763410728582866	0.0990792634107286	AD	ENSG00000185361	0.40192153722978385	-0.06433880177422324	FALSE	35	TNFAIP8L1	TNFAIP8L1
ENSG00000198604	3	23	-20	-0.21746096657519529	0.24079263410728585	0.3398718975180144	-0.09907926341072856	Control	ENSG00000198604	0.40152121697357884	0.28547646128713744	FALSE	35	BAZ1A	BAZ1A
ENSG00000075945	647	349	298	2.0766658794570825	0.9417534027221778	0.8428742994395516	0.09887910328262615	AD	ENSG00000075945	0.4011208967173739	-0.19102559918705353	FALSE	35	KIFAP3	KIFAP3
ENSG00000198786	8	15	-7	-0.1236759068317374	0.3781024819855885	0.2792233787029624	0.09887910328262613	Control	ENSG00000198786	0.40072057646116893	-0.14039387488026023	FALSE	35	MT-ND5	MT-ND5
ENSG00000186469	200	115	85	0.5400337467373492	0.7077662129703763	0.6090872698158527	0.09867894315452364	AD	ENSG00000186469	0.400320256204964	-0.2405911592156027	FALSE	35	GNG2	GNG2
ENSG00000171703	14	25	-11	-0.1525328482912629	0.4499599679743795	0.3512810248198559	0.09867894315452358	Control	ENSG00000171703	0.399919935948759	-0.16337653118007722	FALSE	35	TCEA2	TCEA2
ENSG00000105856	12	76	-64	-0.5348873226299758	0.43274619695756605	0.5306244995996797	-0.09787830264211368	Control	ENSG00000105856	0.39951961569255406	0.30953060008322275	FALSE	35	HBP1	HBP1
ENSG00000182256	496	257	239	1.6510259929290811	0.8803042433947158	0.7826261008807046	0.0976781425140112	AD	ENSG00000182256	0.39911929543634905	-0.09456929684442184	FALSE	35	GABRG3	GABRG3
ENSG00000198886	11	21	-10	-0.14531861292638154	0.4213370696557246	0.3238590872698158	0.09747798238590875	Control	ENSG00000198886	0.3987189751801441	-0.2760990745135281	FALSE	35	MT-ND4	MT-ND4
ENSG00000041353	537	286	251	1.7375968173076577	0.9001200960768615	0.8030424339471577	0.0970776621297038	AD	ENSG00000041353	0.39831865492393914	-0.3574431689618134	FALSE	35	RAB27B	RAB27B
ENSG00000141384	376	472	-96	-0.7657428543061799	0.8168534827862289	0.9131305044035228	-0.0962770216172939	Control	ENSG00000141384	0.3979183346677342	-0.13810938831855424	FALSE	35	TAF4B	TAF4B
ENSG00000140743	17	91	-74	-0.6070296762787897	0.46897518014411527	0.5652522017614091	-0.09627702161729385	Control	ENSG00000140743	0.39751801441152923	-0.05959314079614408	FALSE	35	CDR2	CDR2
ENSG00000023171	58	62	-4	-0.10203320073709328	0.5824659727782225	0.4861889511609287	0.0962770216172938	Control	ENSG00000023171	0.3971176941553243	0.04092001512178811	FALSE	35	GRAMD1B	GRAMD1B
ENSG00000075035	183	268	-85	-0.6863862652924848	0.6949559647718174	0.7910328262610088	-0.09607686148919135	Control	ENSG00000075035	0.3963170536429143	0.06681620876481453	FALSE	35	WSCD2	WSCD2
ENSG00000164109	154	244	-90	-0.7224574421168917	0.677742193755004	0.7738190552441954	-0.09607686148919135	Control	ENSG00000164109	0.3963170536429143	-0.1994689948371988	FALSE	35	MAD2L1	MAD2L1
ENSG00000166073	123	89	34	0.17210774312839902	0.6549239391513211	0.5588470776621297	0.09607686148919135	AD	ENSG00000166073	0.3963170536429143	-0.07871561318669151	FALSE	35	GPR176	GPR176
ENSG00000170445	4	31	-27	-0.26796061412936495	0.2822257806244996	0.3781024819855885	-0.09587670136108888	Control	ENSG00000170445	0.3953162530024019	-0.13994901281817285	FALSE	35	HARS1	HARS1
ENSG00000142534	4	31	-27	-0.26796061412936495	0.2822257806244996	0.3781024819855885	-0.09587670136108888	Control	ENSG00000142534	0.3953162530024019	-0.11605263623725648	FALSE	35	RPS11	RPS11
ENSG00000165434	660	360	300	2.0910943501868453	0.9479583666933546	0.8520816653322658	0.09587670136108883	AD	ENSG00000165434	0.3947157726180945	-0.3735756452360608	FALSE	35	PGM2L1	PGM2L1
ENSG00000154727	100	78	22	0.0855369187498225	0.6321056845476382	0.5364291433146517	0.0956765412329864	AD	ENSG00000154727	0.39431545236188953	0.18614474412332171	FALSE	35	GABPA	GABPA
ENSG00000184845	30	43	-13	-0.16696131902102565	0.5246196957566053	0.4289431545236189	0.09567654123298636	Control	ENSG00000184845	0.3939151321056846	0.06332141889481235	FALSE	35	DRD1	DRD1
ENSG00000115685	55	61	-6	-0.11646167146685604	0.5786629303442754	0.4831865492393915	0.09547638110488388	Control	ENSG00000115685	0.39351481184947956	-0.11127920218264896	FALSE	35	PPP1R7	PPP1R7
ENSG00000085433	501	652	-151	-1.1625257993746556	0.8831064851881505	0.977982385908727	-0.0948759007205765	Control	ENSG00000085433	0.39271417133706965	-0.12474436324503556	FALSE	35	WDR47	WDR47
ENSG00000140299	482	251	231	1.5933121100100305	0.8714971977582066	0.77662129703763	0.0948759007205765	AD	ENSG00000140299	0.39271417133706965	0.184173731561021	FALSE	35	BNIP2	BNIP2
ENSG00000213424	267	352	-85	-0.6863862652924848	0.750400320256205	0.8452762209767815	-0.0948759007205765	Control	ENSG00000213424	0.39271417133706965	-0.15898751618602525	FALSE	35	KRT222	KRT222
ENSG00000145428	300	153	147	0.9873163393599944	0.772417934347478	0.6775420336269016	0.0948759007205764	AD	ENSG00000145428	0.39171337069655726	-0.3430662498485404	FALSE	35	RNF175	RNF175
ENSG00000165731	249	131	118	0.7781035137784346	0.7385908726981585	0.6437149719775821	0.0948759007205764	AD	ENSG00000165731	0.39171337069655726	-0.0828179864891565	FALSE	35	RET	RET
ENSG00000064651	6	44	-38	-0.3473172031430601	0.33767013610888713	0.4323458767013611	-0.09467574059247395	Control	ENSG00000064651	0.3911128903122498	0.22499005336027444	FALSE	35	SLC12A2	SLC12A2
ENSG00000159189	10	20	-10	-0.14531861292638154	0.4091273018414732	0.3146517213771017	0.09447558046437148	Control	ENSG00000159189	0.39051240992794234	0.5063523321276975	TRUE	36	C1QC	C1QC
ENSG00000269958	10	20	-10	-0.14531861292638154	0.4091273018414732	0.3146517213771017	0.09447558046437148	Control	ENSG00000269958	0.39051240992794234	-0.02527467467998434	FALSE	36	NA	ENSG00000269958
ENSG00000226762	239	324	-85	-0.6863862652924848	0.7317854283426741	0.8260608486789431	-0.094275420336269	Control	ENSG00000226762	0.3897117694155324	-0.17095674199752242	FALSE	36	LINC02668	LINC02668
ENSG00000137100	316	157	159	1.0738871637385712	0.77822257806245	0.683947157726181	0.094275420336269	AD	ENSG00000137100	0.3897117694155324	-0.07941141692449705	FALSE	36	DCTN3	DCTN3
ENSG00000240764	414	208	206	1.4129562258879955	0.8356685348278623	0.7415932746196957	0.0940752602081666	AD	ENSG00000240764	0.389111289031225	0.12573960552677477	FALSE	36	PCDHGC5	PCDHGC5
ENSG00000171860	9	18	-9	-0.13810437756150015	0.3955164131305044	0.30164131305044034	0.09387510008006406	Control	ENSG00000171860	0.388310648518815	0.6773488339155209	TRUE	37	C3AR1	C3AR1
ENSG00000113100	72	166	-94	-0.7513143835764172	0.6040832666132906	0.6979583666933546	-0.09387510008006406	Control	ENSG00000113100	0.388310648518815	-0.1632343282793558	FALSE	37	CDH9	CDH9
ENSG00000101958	9	18	-9	-0.13810437756150015	0.3955164131305044	0.30164131305044034	0.09387510008006406	Control	ENSG00000101958	0.388310648518815	-0.27841593720760205	FALSE	37	GLRA2	GLRA2
ENSG00000117600	189	112	77	0.48231986381829817	0.6989591673338671	0.6052842273819056	0.09367493995196152	AD	ENSG00000117600	0.3875100080064051	-0.24360788294634084	FALSE	37	PLPPR4	PLPPR4
ENSG00000123360	603	330	273	1.896309995335048	0.9253402722177744	0.8318654923939152	0.0934747798238591	AD	ENSG00000123360	0.38710968775020016	-0.13592091743126566	FALSE	37	PDE1B	PDE1B
ENSG00000115825	6	11	-5	-0.10924743610197464	0.33767013610888713	0.2443955164131305	0.09327461969575662	Control	ENSG00000115825	0.38610888710968777	0.3665993911775854	FALSE	37	PRKD3	PRKD3
ENSG00000077420	6	11	-5	-0.10924743610197464	0.33767013610888713	0.2443955164131305	0.09327461969575662	Control	ENSG00000077420	0.38610888710968777	0.2578631271073517	FALSE	37	APBB1IP	APBB1IP
ENSG00000104447	6	11	-5	-0.10924743610197464	0.33767013610888713	0.2443955164131305	0.09327461969575662	Control	ENSG00000104447	0.38610888710968777	0.4267946827929663	FALSE	37	TRPS1	TRPS1
ENSG00000134575	6	11	-5	-0.10924743610197464	0.33767013610888713	0.2443955164131305	0.09327461969575662	Control	ENSG00000134575	0.38610888710968777	-0.18755159809974664	FALSE	37	ACP2	ACP2
ENSG00000198478	159	102	57	0.3380351565206707	0.6807445956765412	0.5878702962369896	0.0928742994395516	AD	ENSG00000198478	0.3851080864691753	-0.10469187367254308	FALSE	37	SH3BGRL2	SH3BGRL2
ENSG00000130477	511	279	232	1.6005263453749117	0.889911929543635	0.7974379503602882	0.09247397918334677	AD	ENSG00000130477	0.38470776621297037	-0.03896157539806388	FALSE	37	UNC13A	UNC13A
ENSG00000243232	45	56	-11	-0.1525328482912629	0.5620496397117695	0.4695756605284227	0.09247397918334672	Control	ENSG00000243232	0.3843074459567654	0.26973635256504114	FALSE	37	PCDHAC2	PCDHAC2
ENSG00000147642	137	94	43	0.2370358614123314	0.6637309847878302	0.5712570056044836	0.09247397918334666	AD	ENSG00000147642	0.383706965572458	-0.0524254770583088	FALSE	37	SYBU	SYBU
ENSG00000225953	201	118	83	0.5256052760075864	0.7091673338670936	0.616693354683747	0.09247397918334666	AD	ENSG00000225953	0.383706965572458	-0.25003381888014076	FALSE	37	SATB2-AS1	SATB2-AS1
ENSG00000175182	487	623	-136	-1.0543122689014348	0.8761008807045636	0.9683746997598078	-0.09227381905524425	Control	ENSG00000175182	0.382906325060048	-0.11727522311995033	FALSE	37	FAM131A	FAM131A
ENSG00000146147	133	93	40	0.21539315531768727	0.6609287429943955	0.5686549239391513	0.09227381905524425	AD	ENSG00000146147	0.382906325060048	-0.3641263237627293	FALSE	37	MLIP	MLIP
ENSG00000182899	2	14	-12	-0.1597470836561443	0.1801441152922338	0.27241793434747796	-0.09227381905524418	Control	ENSG00000182899	0.3819055244195356	-0.1226547178329742	FALSE	37	RPL35A	RPL35A
ENSG00000131473	2	14	-12	-0.1597470836561443	0.1801441152922338	0.27241793434747796	-0.09227381905524418	Control	ENSG00000131473	0.3819055244195356	0.09197016293201088	FALSE	37	ACLY	ACLY
ENSG00000165606	2	14	-12	-0.1597470836561443	0.1801441152922338	0.27241793434747796	-0.09227381905524418	Control	ENSG00000165606	0.3819055244195356	-0.34343115251779643	FALSE	37	DRGX	DRGX
ENSG00000283462	7	50	-43	-0.38338837996746694	0.3592874299439552	0.4513610888710969	-0.0920736589271417	Control	ENSG00000283462	0.3811048839071257	-0.46824564148100745	FALSE	37	NA	ENSG00000283462
ENSG00000133816	394	486	-92	-0.7368859128466544	0.8264611689351481	0.9183346677341874	-0.09187349879903928	Control	ENSG00000133816	0.38070456365092076	-0.10021285423403724	FALSE	37	MICAL2	MICAL2
ENSG00000139714	3	22	-19	-0.21024673121031393	0.24079263410728585	0.3324659727782226	-0.09167333867093676	Control	ENSG00000139714	0.38010408326661327	-0.3069374456646363	FALSE	37	MORN3	MORN3
ENSG00000116030	3	22	-19	-0.21024673121031393	0.24079263410728585	0.3324659727782226	-0.09167333867093676	Control	ENSG00000116030	0.38010408326661327	-0.1658494147342573	FALSE	37	SUMO1	SUMO1
ENSG00000164794	536	736	-200	-1.516023332253843	0.899519615692554	0.9911929543634908	-0.09167333867093674	Control	ENSG00000164794	0.37950360288230583	-0.4267012813283379	FALSE	37	KCNV1	KCNV1
ENSG00000105723	5	9	-4	-0.10203320073709328	0.3122497998398719	0.2207766212970376	0.09147317854283428	Control	ENSG00000105723	0.37850280224179345	-0.12635656700300757	FALSE	37	GSK3A	GSK3A
ENSG00000111249	5	9	-4	-0.10203320073709328	0.3122497998398719	0.2207766212970376	0.09147317854283428	Control	ENSG00000111249	0.37850280224179345	0.04025755652170737	FALSE	37	CUX2	CUX2
ENSG00000133104	5	9	-4	-0.10203320073709328	0.3122497998398719	0.2207766212970376	0.09147317854283428	Control	ENSG00000133104	0.37850280224179345	0.17161018776572412	FALSE	37	SPART	SPART
ENSG00000082074	4	30	-26	-0.26074637876448353	0.2822257806244996	0.37369895916733387	-0.09147317854283428	Control	ENSG00000082074	0.37850280224179345	0.5111909020596688	TRUE	38	FYB1	FYB1
ENSG00000196072	36	127	-91	-0.7296716774817731	0.5430344275420337	0.6345076060848679	-0.0914731785428342	Control	ENSG00000196072	0.377502001601281	-0.1508002290194934	FALSE	38	BLOC1S2	BLOC1S2
ENSG00000100744	8	16	-8	-0.13089014219661876	0.3781024819855885	0.2868294635708567	0.0912730184147318	Control	ENSG00000100744	0.37710168134507605	-0.3211870987846357	FALSE	38	GSKIP	GSKIP
ENSG00000143952	220	298	-78	-0.6358866177383151	0.7207766212970377	0.8118494795836669	-0.09107285828662924	Control	ENSG00000143952	0.3767013610888711	0.06562098151291984	FALSE	38	VPS54	VPS54
ENSG00000188191	505	275	230	1.5860978746451488	0.8859087269815853	0.7950360288230585	0.09087269815852685	AD	ENSG00000188191	0.37630104083266613	-0.2710948630888339	FALSE	38	PRKAR1B	PRKAR1B
ENSG00000138018	14	27	-13	-0.16696131902102565	0.4499599679743795	0.3590872698158527	0.09087269815852678	Control	ENSG00000138018	0.3759007205764612	-0.06760941650889407	FALSE	38	SELENOI	SELENOI
ENSG00000188211	9	62	-53	-0.4555307336162807	0.3955164131305044	0.4861889511609287	-0.09067253803042435	Control	ENSG00000188211	0.37530024019215374	0.07936040751614648	FALSE	38	NCR3LG1	NCR3LG1
ENSG00000074695	5	36	-31	-0.29681755558889045	0.3122497998398719	0.40292233787029624	-0.09067253803042435	Control	ENSG00000074695	0.37530024019215374	0.22450949281499	FALSE	38	LMAN1	LMAN1
ENSG00000067221	249	134	115	0.7564608076837904	0.7385908726981585	0.6481184947958367	0.09047237790232177	AD	ENSG00000067221	0.37469975980784626	-0.21750641787103575	FALSE	38	STOML1	STOML1
ENSG00000108797	247	326	-79	-0.6431008531031965	0.7371897518014412	0.8274619695756605	-0.09027221777421934	Control	ENSG00000108797	0.3742994395516413	0.04432782440075655	FALSE	38	CNTNAP1	CNTNAP1
ENSG00000015676	93	180	-87	-0.7008147360222475	0.6251000800640513	0.7151721377101682	-0.09007205764611692	Control	ENSG00000015676	0.37389911929543634	-0.08201228345066092	FALSE	38	NUDCD3	NUDCD3
ENSG00000197381	136	219	-83	-0.6719577945627221	0.6631305044035228	0.7528022417934348	-0.08967173738991197	Control	ENSG00000197381	0.3734987990392314	0.05588408470636707	FALSE	38	ADARB1	ADARB1
ENSG00000197872	631	351	280	1.9468096428892177	0.9341473178542834	0.8444755804643715	0.08967173738991185	AD	ENSG00000197872	0.37309847878302643	-0.1827138054811623	FALSE	38	CYRIA	CYRIA
ENSG00000198513	340	172	168	1.1388152820225037	0.7960368294635709	0.7067654123298639	0.08927141713370701	AD	ENSG00000198513	0.372497998398719	-0.05934668999330306	FALSE	38	ATL1	ATL1
ENSG00000162852	74	165	-91	-0.7296716774817731	0.6072858286629303	0.6965572457966374	-0.08927141713370701	Control	ENSG00000162852	0.372497998398719	0.04741182344335648	FALSE	38	CNST	CNST
ENSG00000150995	561	315	246	1.7015256404832508	0.911529223378703	0.8224579663730984	0.08907125700560459	AD	ENSG00000150995	0.3718975180144115	0.04639185798484568	FALSE	38	ITPR1	ITPR1
ENSG00000220575	214	292	-78	-0.6358866177383151	0.7185748598879104	0.8076461168935148	-0.08907125700560448	Control	ENSG00000220575	0.3702962369895917	-0.09153895715425442	FALSE	38	HTR5A-AS1	HTR5A-AS1
ENSG00000267272	287	150	137	0.9151739857111808	0.7626100880704564	0.6735388310648519	0.08907125700560448	AD	ENSG00000267272	0.3702962369895917	-0.2542830032601717	FALSE	38	LINC01140	LINC01140
ENSG00000162244	4	7	-3	-0.0948189653722119	0.2822257806244996	0.19315452361889512	0.08907125700560448	Control	ENSG00000162244	0.3702962369895917	-0.12428007169444656	FALSE	38	RPL29	RPL29
ENSG00000188760	4	7	-3	-0.0948189653722119	0.2822257806244996	0.19315452361889512	0.08907125700560448	Control	ENSG00000188760	0.3702962369895917	-0.13927556280870768	FALSE	38	TMEM198	TMEM198
ENSG00000154582	4	7	-3	-0.0948189653722119	0.2822257806244996	0.19315452361889512	0.08907125700560448	Control	ENSG00000154582	0.3702962369895917	-0.1400838737774457	FALSE	38	ELOC	ELOC
ENSG00000112183	4	7	-3	-0.0948189653722119	0.2822257806244996	0.19315452361889512	0.08907125700560448	Control	ENSG00000112183	0.3702962369895917	-0.23401520115703975	FALSE	38	RBM24	RBM24
ENSG00000071564	4	7	-3	-0.0948189653722119	0.2822257806244996	0.19315452361889512	0.08907125700560448	Control	ENSG00000071564	0.3702962369895917	0.1277657925609983	FALSE	38	TCF3	TCF3
ENSG00000228824	112	88	24	0.09996538947958523	0.6451160928742994	0.5564451561248999	0.08867093674939952	AD	ENSG00000228824	0.36849479583666933	-0.22859685207709823	FALSE	38	MIR4500HG	MIR4500HG
ENSG00000125841	62	153	-91	-0.7296716774817731	0.588871096877502	0.6775420336269016	-0.08867093674939952	Control	ENSG00000125841	0.36849479583666933	-0.17864503136724785	FALSE	38	NRSN2	NRSN2
ENSG00000178662	792	436	356	2.4950915306202024	0.984987990392314	0.8965172137710168	0.0884707766212971	AD	ENSG00000178662	0.3676941553242594	-0.2600552319423777	FALSE	38	CSRNP3	CSRNP3
ENSG00000189410	490	611	-121	-0.9460987384282142	0.877101681345076	0.9655724579663733	-0.0884707766212971	Control	ENSG00000189410	0.3676941553242594	-0.10565478146281392	FALSE	38	SH2D5	SH2D5
ENSG00000161544	15	29	-14	-0.17417555438590704	0.4571657325860689	0.3686949559647718	0.08847077662129704	Control	ENSG00000161544	0.367093674939952	-0.06634413166009345	FALSE	38	CYGB	CYGB
ENSG00000135002	440	531	-91	-0.7296716774817731	0.8454763811048839	0.9337469975980784	-0.08827061649319456	Control	ENSG00000135002	0.366293034427542	-0.19060982332532816	FALSE	38	RFK	RFK
ENSG00000163947	261	338	-77	-0.6286723823734338	0.7479983987189752	0.8362690152121698	-0.08827061649319456	Control	ENSG00000163947	0.366293034427542	-0.07569618864947003	FALSE	38	ARHGEF3	ARHGEF3
ENSG00000115828	232	129	103	0.6698899833052139	0.7285828662930345	0.6403122497998399	0.08827061649319456	AD	ENSG00000115828	0.366293034427542	-0.08517014632148623	FALSE	38	QPCT	QPCT
ENSG00000072062	83	169	-86	-0.6936005006573661	0.6150920736589272	0.7027622097678142	-0.08767013610888708	Control	ENSG00000072062	0.3654923939151321	-0.18502102115965613	FALSE	38	PRKACA	PRKACA
ENSG00000185518	837	455	382	2.682661650107118	0.9943955164131304	0.9071257005604484	0.08726981585268212	AD	ENSG00000185518	0.3646917534027222	-0.26370214652997426	FALSE	38	SV2B	SV2B
ENSG00000087470	357	185	172	1.167672223482029	0.8074459567654123	0.7201761409127302	0.08726981585268212	AD	ENSG00000087470	0.3646917534027222	-0.229057959176318	FALSE	38	DNM1L	DNM1L
ENSG00000145349	37	52	-15	-0.1813897897507884	0.5458366693354684	0.45856685348278625	0.08726981585268212	Control	ENSG00000145349	0.3646917534027222	-0.2608856728323463	FALSE	38	CAMK2D	CAMK2D
ENSG00000210196	7	14	-7	-0.1236759068317374	0.3592874299439552	0.27241793434747796	0.08686949559647722	Control	ENSG00000210196	0.36389111289031223	-0.4139656764364599	FALSE	38	MT-TP	MT-TP
ENSG00000232040	213	289	-76	-0.6214581470085524	0.7179743795036029	0.80484387510008	-0.08686949559647716	Control	ENSG00000232040	0.3634907926341073	0.02946807541815843	FALSE	38	SCAND3	SCAND3
ENSG00000111490	629	355	274	1.9035242306999296	0.933546837469976	0.8472778222578062	0.08626901521216979	AD	ENSG00000111490	0.3630904723779023	-0.15816209571721274	FALSE	38	TBC1D30	TBC1D30
ENSG00000164187	6	42	-36	-0.3328887324132973	0.33767013610888713	0.42393915132105686	-0.08626901521216973	Control	ENSG00000164187	0.36269015212169736	-0.06435030481488191	FALSE	38	LMBRD2	LMBRD2
ENSG00000174938	456	238	218	1.4995270502665723	0.855884707766213	0.7698158526821457	0.08606885508406725	AD	ENSG00000174938	0.3622898318654924	-0.2995944311619283	FALSE	38	SEZ6L2	SEZ6L2
ENSG00000285844	112	200	-88	-0.708028971387129	0.6451160928742994	0.7309847878302642	-0.08586869495596483	Control	ENSG00000285844	0.36188951160928745	-0.123861215105304	FALSE	38	KCNQ5-DT	KCNQ5-DT
ENSG00000136750	65	155	-90	-0.7224574421168917	0.5952762209767815	0.6811449159327462	-0.08586869495596472	Control	ENSG00000136750	0.36128903122497996	-0.750727796989711	TRUE	39	GAD2	GAD2
ENSG00000180611	105	191	-86	-0.6936005006573661	0.6373098478783027	0.7231785428342674	-0.08586869495596472	Control	ENSG00000180611	0.36128903122497996	-0.01264647088625725	FALSE	39	MB21D2	MB21D2
ENSG00000084731	129	210	-81	-0.6575293238329593	0.6591273018414732	0.7447958366693355	-0.0856685348278623	Control	ENSG00000084731	0.36068855084067253	0.0514357931487126	FALSE	39	KIF3C	KIF3C
ENSG00000225972	1	5	-4	-0.10203320073709328	0.072257806244996	0.15792634107285827	-0.08566853482786227	Control	ENSG00000225972	0.3574859887910328	-0.3876874438615801	FALSE	39	MTND1P23	MTND1P23
ENSG00000248923	1	5	-4	-0.10203320073709328	0.072257806244996	0.15792634107285827	-0.08566853482786227	Control	ENSG00000248923	0.3574859887910328	-0.1869127944552833	FALSE	39	MTND5P11	MTND5P11
ENSG00000204628	1	5	-4	-0.10203320073709328	0.072257806244996	0.15792634107285827	-0.08566853482786227	Control	ENSG00000204628	0.3574859887910328	-0.03954167210690684	FALSE	39	RACK1	RACK1
ENSG00000187735	1	5	-4	-0.10203320073709328	0.072257806244996	0.15792634107285827	-0.08566853482786227	Control	ENSG00000187735	0.3574859887910328	0.09151410255802084	FALSE	39	TCEA1	TCEA1
ENSG00000171051	1	5	-4	-0.10203320073709328	0.072257806244996	0.15792634107285827	-0.08566853482786227	Control	ENSG00000171051	0.3574859887910328	1.0487949434821855	TRUE	40	FPR1	FPR1
ENSG00000158711	1	5	-4	-0.10203320073709328	0.072257806244996	0.15792634107285827	-0.08566853482786227	Control	ENSG00000158711	0.3574859887910328	0.19355398268947077	FALSE	40	ELK4	ELK4
ENSG00000286015	1	5	-4	-0.10203320073709328	0.072257806244996	0.15792634107285827	-0.08566853482786227	Control	ENSG00000286015	0.3574859887910328	0.01732928556708657	FALSE	40	NA	ENSG00000286015
ENSG00000230876	1	5	-4	-0.10203320073709328	0.072257806244996	0.15792634107285827	-0.08566853482786227	Control	ENSG00000230876	0.3574859887910328	-0.691785858550185	TRUE	41	LINC00486	LINC00486
ENSG00000129116	1	5	-4	-0.10203320073709328	0.072257806244996	0.15792634107285827	-0.08566853482786227	Control	ENSG00000129116	0.3574859887910328	0.3929710956024657	FALSE	41	PALLD	PALLD
ENSG00000229344	1	5	-4	-0.10203320073709328	0.072257806244996	0.15792634107285827	-0.08566853482786227	Control	ENSG00000229344	0.3574859887910328	-0.4216403968422746	FALSE	41	MTCO2P12	MTCO2P12
ENSG00000140575	1	5	-4	-0.10203320073709328	0.072257806244996	0.15792634107285827	-0.08566853482786227	Control	ENSG00000140575	0.3574859887910328	0.3864893705392962	FALSE	41	IQGAP1	IQGAP1
ENSG00000128849	1	5	-4	-0.10203320073709328	0.072257806244996	0.15792634107285827	-0.08566853482786227	Control	ENSG00000128849	0.3574859887910328	0.3567520875573926	FALSE	41	CGNL1	CGNL1
ENSG00000073712	1	5	-4	-0.10203320073709328	0.072257806244996	0.15792634107285827	-0.08566853482786227	Control	ENSG00000073712	0.3574859887910328	0.3525827365304668	FALSE	41	FERMT2	FERMT2
ENSG00000102978	1	5	-4	-0.10203320073709328	0.072257806244996	0.15792634107285827	-0.08566853482786227	Control	ENSG00000102978	0.3574859887910328	0.01766792390299265	FALSE	41	POLR2C	POLR2C
ENSG00000105383	1	5	-4	-0.10203320073709328	0.072257806244996	0.15792634107285827	-0.08566853482786227	Control	ENSG00000105383	0.3574859887910328	0.23482176593195447	FALSE	41	CD33	CD33
ENSG00000133134	322	388	-66	-0.5493157933597387	0.7822257806244995	0.8676941553242594	-0.08546837469975987	Control	ENSG00000133134	0.3542834267413931	-0.28554845793489925	FALSE	41	BEX2	BEX2
ENSG00000198216	110	88	22	0.0855369187498225	0.6417133706965572	0.5564451561248999	0.08526821457165734	AD	ENSG00000198216	0.3536829463570857	-0.02048395393585522	FALSE	41	CACNA1E	CACNA1E
ENSG00000172264	9	60	-51	-0.44110226288651794	0.3955164131305044	0.48078462770216174	-0.08526821457165734	Control	ENSG00000172264	0.3536829463570857	-0.2028774193621832	FALSE	41	MACROD2	MACROD2
ENSG00000138757	247	315	-68	-0.5637442640895014	0.7371897518014412	0.8224579663730984	-0.08526821457165723	Control	ENSG00000138757	0.3528823058446757	-0.06824171313776439	FALSE	41	G3BP2	G3BP2
ENSG00000082701	261	334	-73	-0.5998154409139083	0.7479983987189752	0.8332666132906325	-0.08526821457165723	Control	ENSG00000082701	0.3528823058446757	-0.04836144306367629	FALSE	41	GSK3B	GSK3B
ENSG00000177889	331	397	-66	-0.5493157933597387	0.7880304243394716	0.8730984787830264	-0.08506805444355481	Control	ENSG00000177889	0.3520816653322658	-0.20878985810101724	FALSE	41	UBE2N	UBE2N
ENSG00000188730	38	54	-16	-0.1886040251156698	0.5488390712570056	0.4637710168134508	0.08506805444355481	Control	ENSG00000188730	0.3520816653322658	-0.4194538508814212	FALSE	41	VWC2	VWC2
ENSG00000144406	441	226	215	1.477884344171928	0.8464771817453963	0.7616092874299439	0.08486789431545239	AD	ENSG00000144406	0.3512810248198559	-0.11188386917635285	FALSE	41	UNC80	UNC80
ENSG00000164144	23	100	-77	-0.6286723823734338	0.4981985588470776	0.58306645316253	-0.08486789431545239	Control	ENSG00000164144	0.3512810248198559	0.06488213565476286	FALSE	41	ARFIP1	ARFIP1
ENSG00000198010	356	187	169	1.146029517387385	0.8066453162530024	0.722177742193755	0.08446757405924743	AD	ENSG00000198010	0.35048038430744594	-0.10857337813385826	FALSE	41	DLGAP2	DLGAP2
ENSG00000116199	77	163	-86	-0.6936005006573661	0.6092874299439551	0.6937550040032026	-0.08446757405924743	Control	ENSG00000116199	0.35048038430744594	0.01243178744052109	FALSE	41	FAM20B	FAM20B
ENSG00000165868	328	392	-64	-0.5348873226299758	0.7866293034427542	0.8706965572457966	-0.08406725380304247	Control	ENSG00000165868	0.349679743795036	-0.06731985727607537	FALSE	41	HSPA12A	HSPA12A
ENSG00000216863	191	261	-70	-0.5781727348192641	0.7011609287429944	0.7852281825460369	-0.08406725380304247	Control	ENSG00000216863	0.349679743795036	-0.32336277336482855	FALSE	41	LY86-AS1	LY86-AS1
ENSG00000171126	49	137	-88	-0.708028971387129	0.5680544435548439	0.6521216973578863	-0.08406725380304236	Control	ENSG00000171126	0.3490792634107286	-0.12102371914087762	FALSE	41	KCNG3	KCNG3
ENSG00000133059	2	13	-11	-0.1525328482912629	0.1801441152922338	0.26381104883907125	-0.08366693354683746	Control	ENSG00000133059	0.34787830264211367	0.0683802781438203	FALSE	41	DSTYK	DSTYK
ENSG00000145012	2	13	-11	-0.1525328482912629	0.1801441152922338	0.26381104883907125	-0.08366693354683746	Control	ENSG00000145012	0.34787830264211367	0.47599960109661055	FALSE	41	LPP	LPP
ENSG00000101974	2	13	-11	-0.1525328482912629	0.1801441152922338	0.26381104883907125	-0.08366693354683746	Control	ENSG00000101974	0.34787830264211367	0.4803655786991321	FALSE	41	ATP11C	ATP11C
ENSG00000105176	2	13	-11	-0.1525328482912629	0.1801441152922338	0.26381104883907125	-0.08366693354683746	Control	ENSG00000105176	0.34787830264211367	-0.04005432381200258	FALSE	41	URI1	URI1
ENSG00000224404	2	13	-11	-0.1525328482912629	0.1801441152922338	0.26381104883907125	-0.08366693354683746	Control	ENSG00000224404	0.34787830264211367	-0.43423342404295706	FALSE	41	NA	ENSG00000224404
ENSG00000151366	14	77	-63	-0.5276730872650945	0.4499599679743795	0.5334267413931145	-0.08346677341873504	Control	ENSG00000151366	0.3466773418734988	-0.2230897422245679	FALSE	41	NDUFC2	NDUFC2
ENSG00000164715	341	408	-67	-0.55653002872462	0.7974379503602882	0.8809047237790232	-0.08346677341873499	Control	ENSG00000164715	0.34627702161729385	0.01986571544224702	FALSE	41	LMTK2	LMTK2
ENSG00000125848	296	360	-64	-0.5348873226299758	0.7688150520416333	0.8520816653322658	-0.08326661329063256	Control	ENSG00000125848	0.3458767013610889	-7.798760757715684e-4	FALSE	41	FLRT3	FLRT3
ENSG00000174514	471	559	-88	-0.708028971387129	0.8634907926341073	0.9465572457966374	-0.08306645316253003	Control	ENSG00000174514	0.34547638110488393	-0.04310075171682293	FALSE	41	MFSD4A	MFSD4A
ENSG00000182578	8	17	-9	-0.13810437756150015	0.3781024819855885	0.29523618895116094	0.08286629303442755	Control	ENSG00000182578	0.344275420336269	0.31493565617591557	FALSE	41	CSF1R	CSF1R
ENSG00000137821	3	5	-2	-0.08760473000733053	0.24079263410728585	0.15792634107285827	0.08286629303442755	Control	ENSG00000137821	0.344275420336269	-0.1523094522846833	FALSE	41	LRRC49	LRRC49
ENSG00000261678	3	5	-2	-0.08760473000733053	0.24079263410728585	0.15792634107285827	0.08286629303442755	Control	ENSG00000261678	0.344275420336269	0.04720225423279523	FALSE	41	SCRT1	SCRT1
ENSG00000174132	3	5	-2	-0.08760473000733053	0.24079263410728585	0.15792634107285827	0.08286629303442755	Control	ENSG00000174132	0.344275420336269	-0.2870704757411193	FALSE	41	FAM174A	FAM174A
ENSG00000173915	3	5	-2	-0.08760473000733053	0.24079263410728585	0.15792634107285827	0.08286629303442755	Control	ENSG00000173915	0.344275420336269	-0.2371910415717391	FALSE	41	ATP5MK	ATP5MK
ENSG00000171798	175	113	62	0.37410633334507754	0.6893514811849479	0.6066853482786229	0.08266613290632507	AD	ENSG00000171798	0.34307445956765414	0.07488317522776633	FALSE	41	KNDC1	KNDC1
ENSG00000166913	650	374	276	1.917952701429692	0.9431545236188952	0.8604883907125701	0.08266613290632496	AD	ENSG00000166913	0.34267413931144913	-0.15382525938139935	FALSE	41	YWHAB	YWHAB
ENSG00000104722	299	364	-65	-0.5421015579948573	0.7712169735788631	0.8536829463570856	-0.08246597277822254	Control	ENSG00000104722	0.3422738190552442	-0.04654400035516559	FALSE	41	NEFM	NEFM
ENSG00000119865	340	179	161	1.0883156344683338	0.7960368294635709	0.7141713370696557	0.08186549239391516	AD	ENSG00000119865	0.3418734987990392	-0.14245221145828246	FALSE	41	CNRIP1	CNRIP1
ENSG00000102699	5	34	-29	-0.28238908485912767	0.3122497998398719	0.3939151321056846	-0.08166533226581268	Control	ENSG00000102699	0.34147317854283427	0.4839061591824602	FALSE	41	PARP4	PARP4
ENSG00000054793	13	73	-60	-0.5060303811704504	0.4415532425940753	0.5232185748598879	-0.08166533226581263	Control	ENSG00000054793	0.34087269815852683	0.00207089650940695	FALSE	41	ATP9A	ATP9A
ENSG00000144227	45	131	-86	-0.6936005006573661	0.5620496397117695	0.6437149719775821	-0.08166533226581263	Control	ENSG00000144227	0.34087269815852683	-0.5433505758840029	TRUE	42	NXPH2	NXPH2
ENSG00000156959	445	238	207	1.4201704612528772	0.8512810248198559	0.7698158526821457	0.0814651721377102	AD	ENSG00000156959	0.3400720576461169	-0.10342444187215705	FALSE	42	LHFPL4	LHFPL4
ENSG00000067167	11	23	-12	-0.1597470836561443	0.4213370696557246	0.3398718975180144	0.0814651721377102	Control	ENSG00000067167	0.3400720576461169	0.24249536500934177	FALSE	42	TRAM1	TRAM1
ENSG00000145242	401	214	187	1.2758857539552495	0.8302642113690952	0.7489991993594876	0.08126501200960767	AD	ENSG00000145242	0.33947157726180943	-0.3084480515385284	FALSE	42	EPHA5	EPHA5
ENSG00000124570	347	411	-64	-0.5348873226299758	0.8022417934347478	0.8831064851881505	-0.08086469175340272	Control	ENSG00000124570	0.338871096877502	0.08762365837520036	FALSE	42	SERPINB6	SERPINB6
ENSG00000123570	509	626	-117	-0.9172417969686888	0.888310648518815	0.9691753402722176	-0.08086469175340272	Control	ENSG00000123570	0.338871096877502	-0.2580472691018514	FALSE	42	RAB9B	RAB9B
ENSG00000144645	260	146	114	0.749246572318909	0.7473979183346677	0.6671337069655725	0.08026421136909523	AD	ENSG00000144645	0.3380704563650921	-0.12683476314232678	FALSE	42	OSBPL10	OSBPL10
ENSG00000141668	175	115	60	0.3596778626153148	0.6893514811849479	0.6090872698158527	0.08026421136909523	AD	ENSG00000141668	0.3380704563650921	-0.08396176085944873	FALSE	42	CBLN2	CBLN2
ENSG00000021645	374	202	172	1.167672223482029	0.8152522017614091	0.7351881505204163	0.0800640512409928	AD	ENSG00000021645	0.33746997598078465	-0.40139972063585816	FALSE	42	NRXN3	NRXN3
ENSG00000133424	498	284	214	1.4706701088070468	0.8811048839071257	0.8012409927942354	0.07986389111289027	AD	ENSG00000133424	0.33706965572457964	-0.00480720800550926	FALSE	42	LARGE1	LARGE1
ENSG00000124785	219	283	-64	-0.5348873226299758	0.7201761409127302	0.799839871897518	-0.07966373098478785	Control	ENSG00000124785	0.3366693354683747	-0.44208145318336634	FALSE	42	NRN1	NRN1
ENSG00000101152	459	534	-75	-0.614243911643671	0.8574859887910328	0.9365492393915132	-0.07906325060048047	Control	ENSG00000101152	0.33626901521216973	-0.06943584776329992	FALSE	42	DNAJC5	DNAJC5
ENSG00000144619	150	220	-70	-0.5781727348192641	0.6751401120896717	0.7538030424339471	-0.0786629303442754	Control	ENSG00000144619	0.3356685348278623	-0.04969044171539316	FALSE	42	CNTN4	CNTN4
ENSG00000162889	13	28	-15	-0.1813897897507884	0.4415532425940753	0.36289031224979984	0.0786629303442754	Control	ENSG00000162889	0.3356685348278623	0.184723228256928	FALSE	42	MAPKAPK2	MAPKAPK2
ENSG00000240694	572	756	-184	-1.400595566415741	0.9155324259407526	0.9939951961569256	-0.07846277021617298	Control	ENSG00000240694	0.3348678943154524	-0.1732240897570101	FALSE	42	PNMA2	PNMA2
ENSG00000136451	24	99	-75	-0.614243911643671	0.5022017614091273	0.5806645316253003	-0.07846277021617298	Control	ENSG00000136451	0.3348678943154524	0.23771913477938256	FALSE	42	VEZF1	VEZF1
ENSG00000165406	12	68	-56	-0.4771734397109249	0.43274619695756605	0.511208967173739	-0.07846277021617293	Control	ENSG00000165406	0.3342674139311449	0.16253736362392956	FALSE	42	MARCHF8	MARCHF8
ENSG00000175352	195	257	-62	-0.5204588519002131	0.7043634907926342	0.7826261008807046	-0.07826261008807045	Control	ENSG00000175352	0.33386709367493994	-0.26501534697647955	FALSE	42	NRIP3	NRIP3
ENSG00000158301	540	663	-123	-0.960527209157977	0.901921537229784	0.9793835068054444	-0.07746196957566054	Control	ENSG00000158301	0.333466773418735	-0.16761069129069206	FALSE	42	GPRASP2	GPRASP2
ENSG00000237515	446	245	201	1.3768850490635889	0.8518815052041633	0.7746196957566053	0.077261809447558	AD	ENSG00000237515	0.33286629303442755	-0.10429172807459786	FALSE	42	SHISA9	SHISA9
ENSG00000166685	103	89	14	0.02782303583077148	0.6361088871096877	0.5588470776621297	0.077261809447558	AD	ENSG00000166685	0.33286629303442755	0.01773317100649407	FALSE	42	COG1	COG1
ENSG00000163032	664	397	267	1.8530245831457597	0.950160128102482	0.8730984787830264	0.07706164931945558	AD	ENSG00000163032	0.33206565252201764	-0.4255160708379151	FALSE	42	VSNL1	VSNL1
ENSG00000156097	221	280	-59	-0.498816145805569	0.7215772618094476	0.7986389111289032	-0.07706164931945558	Control	ENSG00000156097	0.33206565252201764	-0.11159459035578756	FALSE	42	GPR61	GPR61
ENSG00000156711	159	223	-64	-0.5348873226299758	0.6807445956765412	0.7576060848678943	-0.07686148919135305	Control	ENSG00000156711	0.33146517213771015	0.00728087008487143	FALSE	42	MAPK13	MAPK13
ENSG00000141540	13	71	-58	-0.4916019104406876	0.4415532425940753	0.5182145716573259	-0.07666132906325063	Control	ENSG00000141540	0.3310648518815052	0.40586668288016625	FALSE	42	TTYH2	TTYH2
ENSG00000261340	10	22	-12	-0.1597470836561443	0.4091273018414732	0.3324659727782226	0.07666132906325057	Control	ENSG00000261340	0.33066453162530024	-0.21163419594754984	FALSE	42	LINC01616	LINC01616
ENSG00000176788	779	454	325	2.2714502343088796	0.9823859087269816	0.90612489991993606	0.07626100880704567	AD	ENSG00000176788	0.3302642113690953	-0.25228896779363374	FALSE	42	BASP1	BASP1
ENSG00000213672	7	45	-38	-0.3473172031430601	0.3592874299439552	0.4355484387510008	-0.07626100880704562	Control	ENSG00000213672	0.32986389111289033	-0.03526628885556882	FALSE	42	NCKIPSD	NCKIPSD
ENSG00000102226	190	250	-60	-0.5060303811704504	0.700160128102482	0.7760208166533227	-0.07586068855084072	Control	ENSG00000102226	0.32926341072858284	-0.18273946095771976	FALSE	42	USP11	USP11
ENSG00000062282	166	225	-59	-0.498816145805569	0.6845476381104884	0.7604083266613291	-0.07586068855084072	Control	ENSG00000062282	0.32926341072858284	-0.14541543879794183	FALSE	42	DGAT2	DGAT2
ENSG00000102471	300	165	135	0.900745514981418	0.772417934347478	0.6965572457966374	0.0758606885508406	AD	ENSG00000102471	0.3286629303442754	-0.2584850023155987	FALSE	42	NDFIP2	NDFIP2
ENSG00000162188	501	592	-91	-0.7296716774817731	0.8831064851881505	0.9585668534827864	-0.07546036829463576	Control	ENSG00000162188	0.32826261008807045	-0.22509232016861525	FALSE	42	GNG3	GNG3
ENSG00000164161	24	97	-73	-0.5998154409139083	0.5022017614091273	0.5774619695756605	-0.07526020816653323	Control	ENSG00000164161	0.3278622898318655	0.06677863979353482	FALSE	42	HHIP	HHIP
ENSG00000108946	150	109	41	0.22260739068256863	0.6751401120896717	0.600080064051241	0.0750600480384307	AD	ENSG00000108946	0.32746196957566054	-0.10330214843303408	FALSE	42	PRKAR1A	PRKAR1A
ENSG00000171735	291	162	129	0.8574601027921297	0.7660128102481986	0.6911529223378703	0.07485988791032827	AD	ENSG00000171735	0.3266613290632506	-0.1219315910675114	FALSE	42	CAMTA1	CAMTA1
ENSG00000134371	2	12	-10	-0.14531861292638154	0.1801441152922338	0.25500400320256206	-0.07485988791032827	Control	ENSG00000134371	0.3266613290632506	0.17904698825324594	FALSE	42	CDC73	CDC73
ENSG00000167863	2	12	-10	-0.14531861292638154	0.1801441152922338	0.25500400320256206	-0.07485988791032827	Control	ENSG00000167863	0.3266613290632506	-0.23734169882988887	FALSE	42	ATP5PD	ATP5PD
ENSG00000168653	4	8	-4	-0.10203320073709328	0.2822257806244996	0.2075660528422738	0.0746597277822258	Control	ENSG00000168653	0.32586068855084066	-0.322290854188342	FALSE	42	NDUFS5	NDUFS5
ENSG00000099814	204	128	76	0.4751056284534167	0.7115692554043235	0.6375100080064051	0.07405924739791836	AD	ENSG00000099814	0.3254603682946357	0.01771890864778669	FALSE	42	CEP170B	CEP170B
ENSG00000164117	6	13	-7	-0.1236759068317374	0.33767013610888713	0.26381104883907125	0.07385908726981588	Control	ENSG00000164117	0.32506004803843075	0.15469470926601403	FALSE	42	FBXO8	FBXO8
ENSG00000164244	3	20	-17	-0.19581826048055115	0.24079263410728585	0.3146517213771017	-0.07385908726981585	Control	ENSG00000164244	0.3246597277822258	0.16282953943485978	FALSE	42	PRRC1	PRRC1
ENSG00000153560	20	39	-19	-0.21024673121031393	0.4859887910328263	0.41253002401921535	0.07345876701361093	Control	ENSG00000153560	0.32425940752602084	-0.004079389749986	FALSE	42	UBP1	UBP1
ENSG00000129636	534	636	-102	-0.8090282664954682	0.899119295436349	0.97257806244996	-0.07345876701361087	Control	ENSG00000129636	0.3232586068855084	-0.23187191547227393	FALSE	42	ITFG1	ITFG1
ENSG00000273079	333	181	152	1.0233875161844015	0.7900320256204963	0.7165732586068855	0.07345876701361087	AD	ENSG00000273079	0.3232586068855084	-0.12063141399795184	FALSE	42	GRIN2B	GRIN2B
ENSG00000129990	272	154	118	0.7781035137784346	0.7530024019215372	0.6795436349079264	0.07345876701361087	AD	ENSG00000129990	0.3232586068855084	-0.26574859901573333	FALSE	42	SYT5	SYT5
ENSG00000103540	4	26	-22	-0.23188943730495803	0.2822257806244996	0.35568454763811047	-0.07345876701361087	Control	ENSG00000103540	0.3232586068855084	0.03629494019914148	FALSE	42	CCP110	CCP110
ENSG00000233705	644	388	256	1.7736679941320646	0.9407526020816652	0.8676941553242594	0.07305844675740591	AD	ENSG00000233705	0.322257806244996	-0.222062492351224	FALSE	42	SLC26A4-AS1	SLC26A4-AS1
ENSG00000119125	686	411	275	1.9107384660648108	0.955964771817454	0.8831064851881505	0.07285828662930349	AD	ENSG00000119125	0.32185748598879105	-0.43626126970302614	FALSE	42	GDA	GDA
ENSG00000140798	11	64	-53	-0.4555307336162807	0.4213370696557246	0.494195356285028	-0.07285828662930344	Control	ENSG00000140798	0.3212570056044836	-0.4525751254681936	FALSE	42	ABCC12	ABCC12
ENSG00000128011	13	29	-16	-0.1886040251156698	0.4415532425940753	0.3686949559647718	0.07285828662930344	Control	ENSG00000128011	0.3212570056044836	-0.11443560881611958	FALSE	42	LRFN1	LRFN1
ENSG00000106723	386	431	-45	-0.3978168506972297	0.8220576461168935	0.894515612489992	-0.07245796637309854	Control	ENSG00000106723	0.32045636509207365	-0.14246101514101284	FALSE	42	SPIN1	SPIN1
ENSG00000182255	91	85	6	-0.02989084708827952	0.622898318654924	0.5504403522818254	0.07245796637309854	AD	ENSG00000182255	0.32045636509207365	-0.07138515424726322	FALSE	42	KCNA4	KCNA4
ENSG00000087152	492	569	-77	-0.6286723823734338	0.8781024819855885	0.9503602882305844	-0.072257806244996	Control	ENSG00000087152	0.3198558847077662	-0.04780758971436327	FALSE	42	ATXN7L3	ATXN7L3
ENSG00000138430	408	453	-45	-0.3978168506972297	0.8332666132906325	0.905324259407526	-0.07205764611689358	Control	ENSG00000138430	0.3192554043234588	-0.22547061655905587	FALSE	42	OLA1	OLA1
ENSG00000164924	320	173	147	0.9873163393599944	0.7804243394715773	0.7083666933546837	0.07205764611689358	AD	ENSG00000164924	0.3192554043234588	-0.2735762647361053	FALSE	42	YWHAZ	YWHAZ
ENSG00000172731	143	208	-65	-0.5421015579948573	0.6695356285028022	0.7415932746196957	-0.07205764611689347	Control	ENSG00000172731	0.3184547638110488	-0.10069597138872588	FALSE	42	LRRC20	LRRC20
ENSG00000150054	42	124	-82	-0.6647435591978407	0.5568454763811049	0.6289031224979984	-0.07205764611689347	Control	ENSG00000150054	0.3184547638110488	0.02142968119971478	FALSE	42	MPP7	MPP7
ENSG00000174996	538	327	211	1.4490274027124026	0.9009207365892714	0.8290632506004804	0.07185748598879105	AD	ENSG00000174996	0.3176541232986389	0.02799544330802383	FALSE	42	KLC2	KLC2
ENSG00000186416	341	391	-50	-0.4338880275216366	0.7974379503602882	0.8692954363490792	-0.07185748598879105	Control	ENSG00000186416	0.3176541232986389	-0.11887826392993972	FALSE	42	NKRF	NKRF
ENSG00000118276	708	426	282	1.9612381136189805	0.9635708566853484	0.8919135308246597	0.07165732586068851	AD	ENSG00000118276	0.31705364291433147	-0.32530241416871064	FALSE	42	B4GALT6	B4GALT6
ENSG00000104093	316	172	144	0.9656736332653504	0.77822257806245	0.7067654123298639	0.07145716573258609	AD	ENSG00000104093	0.3160528422738191	-0.11159422830561638	FALSE	42	DMXL2	DMXL2
ENSG00000133083	295	343	-48	-0.4194595567918738	0.7678142514011209	0.839271417133707	-0.07145716573258609	Control	ENSG00000133083	0.3160528422738191	-0.1842494711628699	FALSE	42	DCLK1	DCLK1
ENSG00000257522	71	76	-5	-0.10924743610197464	0.6020816653322658	0.5306244995996797	0.07145716573258609	Control	ENSG00000257522	0.3160528422738191	-0.3445988424201607	FALSE	42	NA	ENSG00000257522
ENSG00000140632	19	38	-19	-0.21024673121031393	0.48078462770216174	0.4093274619695757	0.07145716573258609	Control	ENSG00000140632	0.3160528422738191	-0.06539048618672538	FALSE	42	GLYR1	GLYR1
ENSG00000156345	422	469	-47	-0.4122453214269925	0.8408726981585268	0.9121297037630104	-0.07125700560448356	Control	ENSG00000156345	0.31485188150520416	-0.01116554720594109	FALSE	42	CDK20	CDK20
ENSG00000171303	50	65	-15	-0.1813897897507884	0.5700560448358687	0.49879903923138513	0.07125700560448356	Control	ENSG00000171303	0.31485188150520416	-0.17034029954553276	FALSE	42	KCNK3	KCNK3
ENSG00000169744	639	386	253	1.7520252880374203	0.9373498799039232	0.866293034427542	0.07105684547638114	AD	ENSG00000169744	0.3142514011208967	-0.2826590423415496	FALSE	42	LDB2	LDB2
ENSG00000182621	419	236	183	1.247028812495724	0.838470776621297	0.767413931144916	0.07105684547638103	AD	ENSG00000182621	0.31385108086469177	-0.28904310342701933	FALSE	42	PLCB1	PLCB1
ENSG00000157693	700	423	277	1.9251669367945736	0.9607686148919136	0.889911929543635	0.0708566853482786	AD	ENSG00000157693	0.31325060048038433	-0.05256383515613727	FALSE	42	TMEM268	TMEM268
ENSG00000286214	345	198	147	0.9873163393599944	0.7996397117694155	0.7287830264211369	0.0708566853482786	AD	ENSG00000286214	0.31325060048038433	-0.20182146747507268	FALSE	42	COPG2IT1	COPG2IT1
ENSG00000204314	194	244	-50	-0.4338880275216366	0.7031625300240192	0.7738190552441954	-0.07065652522017618	Control	ENSG00000204314	0.31265012009607684	-0.07547189247145347	FALSE	42	PRRT1	PRRT1
ENSG00000104427	33	112	-79	-0.6431008531031965	0.5348278622898318	0.6052842273819056	-0.07045636509207376	Control	ENSG00000104427	0.3122497998398719	-0.11975694171770712	FALSE	42	ZC2HC1A	ZC2HC1A
ENSG00000138606	16	77	-61	-0.5132446165353317	0.4629703763010408	0.5334267413931145	-0.0704563650920737	Control	ENSG00000138606	0.31184947958366693	-0.1310221802822209	FALSE	42	SHF	SHF
ENSG00000167371	657	402	255	1.7664537587671831	0.9463570856685348	0.8761008807045636	0.07025620496397122	AD	ENSG00000167371	0.3112489991993595	-0.145206969427484	FALSE	42	PRRT2	PRRT2
ENSG00000183775	286	329	-43	-0.38338837996746694	0.761208967173739	0.8314651721377102	-0.07025620496397122	Control	ENSG00000183775	0.3112489991993595	-0.01803500017225268	FALSE	42	KCTD16	KCTD16
ENSG00000181656	16	34	-18	-0.20303249584543256	0.4629703763010408	0.3939151321056846	0.06905524419535625	Control	ENSG00000181656	0.31064851881505207	-0.17580704672346226	FALSE	42	GPR88	GPR88
ENSG00000224078	162	217	-55	-0.4699592043460435	0.6829463570856685	0.7516012810248198	-0.06865492393915129	Control	ENSG00000224078	0.3100480384307446	-0.03506155795683163	FALSE	42	SNHG14	SNHG14
ENSG00000134590	41	62	-21	-0.22467520194007667	0.55484387510008	0.4861889511609287	0.06865492393915129	Control	ENSG00000134590	0.3100480384307446	-0.20720677118956665	FALSE	42	RTL8C	RTL8C
ENSG00000091157	538	333	205	1.4057419905231143	0.9009207365892714	0.8324659727782225	0.06845476381104887	AD	ENSG00000091157	0.30924739791833467	-0.12474504239652084	FALSE	42	WDR7	WDR7
ENSG00000139998	98	167	-69	-0.5709584994543828	0.6311048839071257	0.6995596477181746	-0.06845476381104887	Control	ENSG00000139998	0.30924739791833467	-0.1629884942668447	FALSE	42	RAB15	RAB15
ENSG00000168899	2	3	-1	-0.08039049464244916	0.1801441152922338	0.11188951160928742	0.06825460368294636	Control	ENSG00000168899	0.30724579663730983	0.11499006326237192	FALSE	42	VAMP5	VAMP5
ENSG00000119421	2	3	-1	-0.08039049464244916	0.1801441152922338	0.11188951160928742	0.06825460368294636	Control	ENSG00000119421	0.30724579663730983	-0.16902120131785558	FALSE	42	NDUFA8	NDUFA8
ENSG00000172493	2	3	-1	-0.08039049464244916	0.1801441152922338	0.11188951160928742	0.06825460368294636	Control	ENSG00000172493	0.30724579663730983	0.33536247405248076	FALSE	42	AFF1	AFF1
ENSG00000224531	2	3	-1	-0.08039049464244916	0.1801441152922338	0.11188951160928742	0.06825460368294636	Control	ENSG00000224531	0.30724579663730983	-0.1248759551277967	FALSE	42	SMIM13	SMIM13
ENSG00000138696	2	3	-1	-0.08039049464244916	0.1801441152922338	0.11188951160928742	0.06825460368294636	Control	ENSG00000138696	0.30724579663730983	0.34579453855777587	FALSE	42	BMPR1B	BMPR1B
ENSG00000249436	2	3	-1	-0.08039049464244916	0.1801441152922338	0.11188951160928742	0.06825460368294636	Control	ENSG00000249436	0.30724579663730983	-0.6205237190930015	TRUE	43	LNCBRM	LNCBRM
ENSG00000119242	2	3	-1	-0.08039049464244916	0.1801441152922338	0.11188951160928742	0.06825460368294636	Control	ENSG00000119242	0.30724579663730983	-0.12116466663903402	FALSE	43	CCDC92	CCDC92
ENSG00000100300	2	3	-1	-0.08039049464244916	0.1801441152922338	0.11188951160928742	0.06825460368294636	Control	ENSG00000100300	0.30724579663730983	0.12728525679199976	FALSE	43	TSPO	TSPO
ENSG00000169255	175	223	-48	-0.4194595567918738	0.6893514811849479	0.7576060848678943	-0.06825460368294634	Control	ENSG00000169255	0.30544435548438753	-0.05152582876572431	FALSE	43	B3GALNT1	B3GALNT1
ENSG00000184220	38	60	-22	-0.23188943730495803	0.5488390712570056	0.48078462770216174	0.06805444355484386	Control	ENSG00000184220	0.3050440352281825	-0.24136754949483577	FALSE	43	CMSS1	CMSS1
ENSG00000147465	455	504	-49	-0.4266737921567552	0.8548839071257006	0.922738190552442	-0.06785428342674138	Control	ENSG00000147465	0.3044435548438751	-0.03647923346832194	FALSE	43	STAR	STAR
ENSG00000166046	5	11	-6	-0.11646167146685604	0.3122497998398719	0.2443955164131305	0.06785428342674138	Control	ENSG00000166046	0.3044435548438751	0.5395967577314043	TRUE	44	TCP11L2	TCP11L2
ENSG00000123178	262	155	107	0.6987469247647394	0.7487990392313851	0.6811449159327462	0.06765412329863896	AD	ENSG00000123178	0.30384307445956765	-0.2600444332575993	FALSE	44	SPRYD7	SPRYD7
ENSG00000184515	475	532	-57	-0.48438767507580627	0.8668935148118495	0.9345476381104884	-0.06765412329863885	Control	ENSG00000184515	0.3032425940752602	-0.3870364548877277	FALSE	44	BEX5	BEX5
ENSG00000140854	363	405	-42	-0.3761741446025856	0.8106485188150521	0.8783026421136909	-0.06765412329863885	Control	ENSG00000140854	0.3032425940752602	-0.06737981449852626	FALSE	44	KATNB1	KATNB1
ENSG00000159685	21	42	-21	-0.22467520194007667	0.4913931144915933	0.42393915132105686	0.06745396317053642	Control	ENSG00000159685	0.3024419535628503	-0.17732969393811082	FALSE	44	CHCHD6	CHCHD6
ENSG00000172500	21	42	-21	-0.22467520194007667	0.4913931144915933	0.42393915132105686	0.06745396317053642	Control	ENSG00000172500	0.3024419535628503	-0.17788622156858125	FALSE	44	FIBP	FIBP
ENSG00000174437	410	446	-36	-0.3328887324132973	0.8346677341873499	0.901921537229784	-0.067253803042434	Control	ENSG00000174437	0.3018414731785428	-0.03963230659802441	FALSE	44	ATP2A2	ATP2A2
ENSG00000109756	133	105	28	0.12882233093911075	0.6609287429943955	0.59387510008006406	0.06705364291433147	AD	ENSG00000109756	0.30144115292233786	0.08012261859474634	FALSE	44	RAPGEF2	RAPGEF2
ENSG00000179841	573	357	216	1.4850985795368097	0.9159327461969576	0.8498799039231385	0.06605284227381902	AD	ENSG00000179841	0.30064051240992795	-0.31819114990318553	FALSE	44	AKAP5	AKAP5
ENSG00000141098	42	121	-79	-0.6431008531031965	0.5568454763811049	0.622898318654924	-0.06605284227381902	Control	ENSG00000141098	0.30064051240992795	-0.00445051243788796	FALSE	44	GFOD2	GFOD2
ENSG00000100285	17	36	-19	-0.21024673121031393	0.46897518014411527	0.40292233787029624	0.06605284227381902	Control	ENSG00000100285	0.30064051240992795	0.10739754711841698	FALSE	44	NEFH	NEFH
ENSG00000135932	14	70	-56	-0.4771734397109249	0.4499599679743795	0.515812650120096	-0.06585268214571655	Control	ENSG00000135932	0.29983987189751804	-0.01520756178925353	FALSE	44	CAB39	CAB39
ENSG00000077254	202	250	-48	-0.4194595567918738	0.7103682946357086	0.7760208166533227	-0.06565252201761407	Control	ENSG00000077254	0.29943955164131303	-0.1024637873839982	FALSE	44	USP33	USP33
ENSG00000133026	336	371	-35	-0.32567449704841595	0.7928342674139311	0.8582866293034428	-0.06545236188951165	Control	ENSG00000133026	0.2990392313851081	0.02698228721008888	FALSE	44	MYH10	MYH10
ENSG00000116604	111	173	-62	-0.5204588519002131	0.6429143314651722	0.7083666933546837	-0.06545236188951153	Control	ENSG00000116604	0.2986389111289031	0.01198974408001163	FALSE	44	MEF2D	MEF2D
ENSG00000081237	6	14	-8	-0.13089014219661876	0.33767013610888713	0.27241793434747796	0.06525220176140917	Control	ENSG00000081237	0.29823859087269816	0.7022275759811949	TRUE	45	PTPRC	PTPRC
ENSG00000178965	707	439	268	1.860238818510641	0.9631705364291432	0.8979183346677342	0.06525220176140911	AD	ENSG00000178965	0.29743795036028825	-0.31986680926334543	FALSE	45	ERICH3	ERICH3
ENSG00000156687	529	597	-68	-0.5637442640895014	0.8967173738991193	0.9619695756605284	-0.06525220176140911	Control	ENSG00000156687	0.29743795036028825	-0.2207730154067065	FALSE	45	UNC5D	UNC5D
ENSG00000133135	234	143	91	0.5833191589266374	0.7293835068054444	0.6641313050440353	0.06525220176140911	AD	ENSG00000133135	0.29743795036028825	-0.297077770193928	FALSE	45	RNF128	RNF128
ENSG00000083720	322	355	-33	-0.31124602631865317	0.7822257806244995	0.8472778222578062	-0.06505204163330669	Control	ENSG00000083720	0.2966373098478783	-0.031471813260735	FALSE	45	OXCT1	OXCT1
ENSG00000184388	524	594	-70	-0.5781727348192641	0.894515612489992	0.9595676541232986	-0.06505204163330658	Control	ENSG00000184388	0.2962369895916733	-0.17961403913666185	FALSE	45	PABPC1L2B	PABPC1L2B
ENSG00000172782	483	535	-52	-0.44831649825139935	0.8726981585268214	0.9375500400320256	-0.06485188150520416	Control	ENSG00000172782	0.29583666933546837	-0.02006776651234254	FALSE	45	FADS6	FADS6
ENSG00000163029	1	4	-3	-0.0948189653722119	0.072257806244996	0.13690952762209768	-0.06465172137710168	Control	ENSG00000163029	0.2916333066453162	0.03361088744795282	FALSE	45	SMC6	SMC6
ENSG00000104852	1	4	-3	-0.0948189653722119	0.072257806244996	0.13690952762209768	-0.06465172137710168	Control	ENSG00000104852	0.2916333066453162	-0.17885308665372968	FALSE	45	SNRNP70	SNRNP70
ENSG00000105854	1	4	-3	-0.0948189653722119	0.072257806244996	0.13690952762209768	-0.06465172137710168	Control	ENSG00000105854	0.2916333066453162	0.186178690354609	FALSE	45	PON2	PON2
ENSG00000184992	8	47	-39	-0.35453143850794144	0.3781024819855885	0.44275420336269017	-0.06465172137710168	Control	ENSG00000184992	0.2916333066453162	-0.13213312387094156	FALSE	45	BRI3BP	BRI3BP
ENSG00000007402	1	4	-3	-0.0948189653722119	0.072257806244996	0.13690952762209768	-0.06465172137710168	Control	ENSG00000007402	0.2916333066453162	0.0542922351972912	FALSE	45	CACNA2D2	CACNA2D2
ENSG00000171163	1	4	-3	-0.0948189653722119	0.072257806244996	0.13690952762209768	-0.06465172137710168	Control	ENSG00000171163	0.2916333066453162	-0.03711200713970264	FALSE	45	ZNF692	ZNF692
ENSG00000144730	1	4	-3	-0.0948189653722119	0.072257806244996	0.13690952762209768	-0.06465172137710168	Control	ENSG00000144730	0.2916333066453162	0.14748894004753765	FALSE	45	IL17RD	IL17RD
ENSG00000156603	1	4	-3	-0.0948189653722119	0.072257806244996	0.13690952762209768	-0.06465172137710168	Control	ENSG00000156603	0.2916333066453162	-0.04357022434521163	FALSE	45	MED19	MED19
ENSG00000259953	1	4	-3	-0.0948189653722119	0.072257806244996	0.13690952762209768	-0.06465172137710168	Control	ENSG00000259953	0.2916333066453162	-0.1463767694312672	FALSE	45	LINC02977	LINC02977
ENSG00000066294	1	4	-3	-0.0948189653722119	0.072257806244996	0.13690952762209768	-0.06465172137710168	Control	ENSG00000066294	0.2916333066453162	0.5972035705994205	TRUE	46	CD84	CD84
ENSG00000011332	1	4	-3	-0.0948189653722119	0.072257806244996	0.13690952762209768	-0.06465172137710168	Control	ENSG00000011332	0.2916333066453162	0.01144421412821294	FALSE	46	DPF1	DPF1
ENSG00000136048	1	4	-3	-0.0948189653722119	0.072257806244996	0.13690952762209768	-0.06465172137710168	Control	ENSG00000136048	0.2916333066453162	0.32269438748106616	FALSE	46	DRAM1	DRAM1
ENSG00000108883	1	4	-3	-0.0948189653722119	0.072257806244996	0.13690952762209768	-0.06465172137710168	Control	ENSG00000108883	0.2916333066453162	-0.02441188959674534	FALSE	46	EFTUD2	EFTUD2
ENSG00000119471	1	4	-3	-0.0948189653722119	0.072257806244996	0.13690952762209768	-0.06465172137710168	Control	ENSG00000119471	0.2916333066453162	0.20059600338296055	FALSE	46	HSDL2	HSDL2
ENSG00000158623	1	4	-3	-0.0948189653722119	0.072257806244996	0.13690952762209768	-0.06465172137710168	Control	ENSG00000158623	0.2916333066453162	0.01531641287929552	FALSE	46	COPG2	COPG2
ENSG00000154380	1	4	-3	-0.0948189653722119	0.072257806244996	0.13690952762209768	-0.06465172137710168	Control	ENSG00000154380	0.2916333066453162	0.1193288327403419	FALSE	46	ENAH	ENAH
ENSG00000148730	1	4	-3	-0.0948189653722119	0.072257806244996	0.13690952762209768	-0.06465172137710168	Control	ENSG00000148730	0.2916333066453162	0.2822191199475359	FALSE	46	EIF4EBP2	EIF4EBP2
ENSG00000164944	1	4	-3	-0.0948189653722119	0.072257806244996	0.13690952762209768	-0.06465172137710168	Control	ENSG00000164944	0.2916333066453162	0.03787562008045064	FALSE	46	VIRMA	VIRMA
ENSG00000166197	1	4	-3	-0.0948189653722119	0.072257806244996	0.13690952762209768	-0.06465172137710168	Control	ENSG00000166197	0.2916333066453162	0.04004673750709742	FALSE	46	NOLC1	NOLC1
ENSG00000130304	1	4	-3	-0.0948189653722119	0.072257806244996	0.13690952762209768	-0.06465172137710168	Control	ENSG00000130304	0.2916333066453162	0.08824820252181986	FALSE	46	SLC27A1	SLC27A1
ENSG00000188786	2	11	-9	-0.13810437756150015	0.1801441152922338	0.2443955164131305	-0.06425140112089672	Control	ENSG00000188786	0.2866293034427542	0.14171282094750026	FALSE	46	MTF1	MTF1
ENSG00000169271	2	11	-9	-0.13810437756150015	0.1801441152922338	0.2443955164131305	-0.06425140112089672	Control	ENSG00000169271	0.2866293034427542	-0.7898859039676145	TRUE	47	HSPB3	HSPB3
ENSG00000196504	2	11	-9	-0.13810437756150015	0.1801441152922338	0.2443955164131305	-0.06425140112089672	Control	ENSG00000196504	0.2866293034427542	0.08834574898843073	FALSE	47	PRPF40A	PRPF40A
ENSG00000213741	2	11	-9	-0.13810437756150015	0.1801441152922338	0.2443955164131305	-0.06425140112089672	Control	ENSG00000213741	0.2866293034427542	-0.09978229514165449	FALSE	47	RPS29	RPS29
ENSG00000102100	2	11	-9	-0.13810437756150015	0.1801441152922338	0.2443955164131305	-0.06425140112089672	Control	ENSG00000102100	0.2866293034427542	-0.06235367635351885	FALSE	47	SLC35A2	SLC35A2
ENSG00000169116	575	671	-96	-0.7657428543061799	0.9175340272217776	0.981785428342674	-0.06425140112089667	Control	ENSG00000169116	0.2854283426741393	-0.3555717549840782	FALSE	47	PARM1	PARM1
ENSG00000177954	4	24	-20	-0.21746096657519529	0.2822257806244996	0.34627702161729385	-0.06405124099279424	Control	ENSG00000177954	0.28502802241793435	-0.10485197298774906	FALSE	47	RPS27	RPS27
ENSG00000138496	3	6	-3	-0.0948189653722119	0.24079263410728585	0.17694155324259409	0.06385108086469174	Control	ENSG00000138496	0.28402722177742196	0.5174429475396529	TRUE	48	PARP9	PARP9
ENSG00000166295	3	6	-3	-0.0948189653722119	0.24079263410728585	0.17694155324259409	0.06385108086469174	Control	ENSG00000166295	0.28402722177742196	0.06506787914731227	FALSE	48	ANAPC16	ANAPC16
ENSG00000114790	3	6	-3	-0.0948189653722119	0.24079263410728585	0.17694155324259409	0.06385108086469174	Control	ENSG00000114790	0.28402722177742196	0.4231346923435684	FALSE	48	ARHGEF26	ARHGEF26
ENSG00000171533	3	6	-3	-0.0948189653722119	0.24079263410728585	0.17694155324259409	0.06385108086469174	Control	ENSG00000171533	0.28402722177742196	-0.01254841399288864	FALSE	48	MAP6	MAP6
ENSG00000113638	405	433	-28	-0.2751748494942463	0.8318654923939152	0.8955164131305045	-0.06365092073658929	Control	ENSG00000113638	0.2830264211369095	-0.09533753515503918	FALSE	48	TTC33	TTC33
ENSG00000186047	334	197	137	0.9151739857111808	0.7910328262610088	0.727582065652522	0.06345076060848676	AD	ENSG00000186047	0.2824259407526021	-0.2390396348123467	FALSE	48	DLEU7	DLEU7
ENSG00000106443	222	141	81	0.5111768052778236	0.7225780624499599	0.6591273018414732	0.06345076060848676	AD	ENSG00000106443	0.2824259407526021	-0.15428532364161995	FALSE	48	PHF14	PHF14
ENSG00000105376	177	221	-44	-0.3906026153323483	0.6917534027221778	0.7548038430744596	-0.0630504403522818	Control	ENSG00000105376	0.28162530024019217	-0.12691873849297686	FALSE	48	ICAM5	ICAM5
ENSG00000170775	15	72	-57	-0.48438767507580627	0.4571657325860689	0.5202161729383507	-0.0630504403522818	Control	ENSG00000170775	0.28162530024019217	0.3419180594832394	FALSE	48	GPR37	GPR37
ENSG00000086289	548	350	198	1.3552423429689449	0.9067253803042434	0.84387510008006394	0.06285028022417938	AD	ENSG00000086289	0.2808246597277822	-0.10216439450876712	FALSE	48	EPDR1	EPDR1
ENSG00000127445	154	207	-53	-0.4555307336162807	0.677742193755004	0.7405924739791834	-0.06285028022417938	Control	ENSG00000127445	0.2808246597277822	-0.13683393628192952	FALSE	48	PIN1	PIN1
ENSG00000144834	541	345	196	1.340813872239182	0.9029223378702962	0.8404723779023219	0.06244995996797431	AD	ENSG00000144834	0.28022417934347477	-0.3618172332765539	FALSE	48	TAGLN3	TAGLN3
ENSG00000213760	546	622	-76	-0.6214581470085524	0.905724579663731	0.9679743795036028	-0.06224979983987189	Control	ENSG00000213760	0.27942353883106485	-0.27066633513795857	FALSE	48	ATP6V1G2	ATP6V1G2
ENSG00000259153	550	630	-80	-0.650315088468078	0.9075260208166532	0.9697758206565252	-0.06224979983987189	Control	ENSG00000259153	0.27942353883106485	-0.2528789615801177	FALSE	48	MAP3K9-DT	MAP3K9-DT
ENSG00000118898	328	192	136	0.9079597503462994	0.7866293034427542	0.7243795036028823	0.06224979983987189	AD	ENSG00000118898	0.27942353883106485	0.020313003880952252	FALSE	48	PPL	PPL
ENSG00000167770	388	413	-25	-0.25353214339960217	0.8230584467574059	0.8849079263410728	-0.06184947958366693	Control	ENSG00000167770	0.27862289831865494	-0.16365201775276716	FALSE	48	OTUB1	OTUB1
ENSG00000134287	509	325	184	1.2542430478606057	0.888310648518815	0.8266613290632506	0.0616493194555644	AD	ENSG00000134287	0.27822257806244993	-0.10694758480538093	FALSE	48	ARF3	ARF3
ENSG00000173726	428	255	173	1.1748864588469103	0.8426741393114492	0.7812249799839872	0.06144915932746198	AD	ENSG00000173726	0.27742193755004	-0.263051374569077	FALSE	48	TOMM20	TOMM20
ENSG00000213719	4	9	-5	-0.10924743610197464	0.2822257806244996	0.2207766212970376	0.06144915932746198	Control	ENSG00000213719	0.27742193755004	0.4429438177945943	FALSE	48	CLIC1	CLIC1
ENSG00000122026	4	9	-5	-0.10924743610197464	0.2822257806244996	0.2207766212970376	0.06144915932746198	Control	ENSG00000122026	0.27742193755004	-0.07422494342683272	FALSE	48	RPL21	RPL21
ENSG00000124194	435	258	177	1.2037434003064358	0.844675740592474	0.783626901521217	0.06104883907125702	AD	ENSG00000124194	0.27642113690952763	-0.16265096732800188	FALSE	48	GDAP1L1	GDAP1L1
ENSG00000168539	440	259	181	1.2326003417659614	0.8454763811048839	0.7844275420336269	0.06104883907125702	AD	ENSG00000168539	0.27642113690952763	-0.27321285413959373	FALSE	48	CHRM1	CHRM1
ENSG00000104381	324	351	-27	-0.26796061412936495	0.783626901521217	0.8444755804643715	-0.0608486789431546	Control	ENSG00000104381	0.2758206565252202	-0.3727592867924958	FALSE	48	GDAP1	GDAP1
ENSG00000100320	276	306	-30	-0.28960332022400903	0.756204963971177	0.8170536429143315	-0.06084867894315449	Control	ENSG00000100320	0.27502001601281023	-0.10984303844285748	FALSE	48	RBFOX2	RBFOX2
ENSG00000143727	47	123	-76	-0.6214581470085524	0.5658526821457166	0.6267013610888711	-0.06084867894315449	Control	ENSG00000143727	0.27502001601281023	-0.14515645164393298	FALSE	48	ACP1	ACP1
ENSG00000102096	133	109	24	0.09996538947958523	0.6609287429943955	0.600080064051241	0.06084867894315449	AD	ENSG00000102096	0.27502001601281023	-0.09843306780031467	FALSE	48	PIM2	PIM2
ENSG00000152578	41	64	-23	-0.23910367266983945	0.55484387510008	0.494195356285028	0.06064851881505201	Control	ENSG00000152578	0.2742193755004003	-0.2744228074179258	FALSE	48	GRIA4	GRIA4
ENSG00000115839	192	227	-35	-0.32567449704841595	0.7019615692554043	0.7622097678142514	-0.06024819855884711	Control	ENSG00000115839	0.27381905524419536	-0.04793120628111502	FALSE	48	RAB3GAP1	RAB3GAP1
ENSG00000152931	473	507	-34	-0.31846026168353453	0.8650920736589272	0.9251401120896716	-0.06004803843074458	Control	ENSG00000152931	0.2734187349879904	-0.40645457243513583	FALSE	48	PART1	PART1
ENSG00000172348	481	297	184	1.2542430478606057	0.8704963971176941	0.8108486789431545	0.05964771817453962	AD	ENSG00000172348	0.27241793434747796	-0.32133462011128877	FALSE	48	RCAN2	RCAN2
ENSG00000204065	361	391	-30	-0.28960332022400903	0.8096477181745396	0.8692954363490792	-0.05964771817453962	Control	ENSG00000204065	0.27241793434747796	-0.31286470919979337	FALSE	48	TCEAL5	TCEAL5
ENSG00000186732	482	298	184	1.2542430478606057	0.8714971977582066	0.8118494795836669	0.05964771817453962	AD	ENSG00000186732	0.27241793434747796	-0.19285640856156228	FALSE	48	MPPED1	MPPED1
ENSG00000118160	372	221	151	1.01617328081952	0.8144515612489992	0.7548038430744596	0.05964771817453962	AD	ENSG00000118160	0.27241793434747796	-0.17757925409795483	FALSE	48	SLC8A2	SLC8A2
ENSG00000124702	22	45	-23	-0.23910367266983945	0.49499599679743794	0.4355484387510008	0.05944755804643714	Control	ENSG00000124702	0.2714171337069656	-0.1858041749564059	FALSE	48	KLHDC3	KLHDC3
ENSG00000157087	456	278	178	1.2109576356713172	0.855884707766213	0.7966373098478783	0.05924739791833466	AD	ENSG00000157087	0.2710168134507606	-0.09759666576185744	FALSE	48	ATP2B2	ATP2B2
ENSG00000124507	640	407	233	1.6077405807397929	0.9387510008006406	0.8797037630104083	0.05904723779023224	AD	ENSG00000124507	0.27061649319455566	-0.12042245758736492	FALSE	48	PACSIN1	PACSIN1
ENSG00000164129	213	141	72	0.4462486869938913	0.7179743795036029	0.6591273018414732	0.05884707766212971	AD	ENSG00000164129	0.2702161729383507	-0.10492033115280552	FALSE	48	NPY5R	NPY5R
ENSG00000259583	482	522	-40	-0.3617456738728228	0.8714971977582066	0.9299439551641312	-0.05844675740592475	Control	ENSG00000259583	0.26941553242594074	0.02776551869771282	FALSE	48	ALDH1A3-AS1	ALDH1A3-AS1
ENSG00000174516	188	222	-34	-0.31846026168353453	0.6973578863090473	0.755804643714972	-0.05844675740592475	Control	ENSG00000174516	0.26941553242594074	-0.1612087263391242	FALSE	48	PELI3	PELI3
ENSG00000198763	6	15	-9	-0.13810437756150015	0.33767013610888713	0.2792233787029624	0.05844675740592475	Control	ENSG00000198763	0.26941553242594074	-0.27710033189026717	FALSE	48	MT-ND2	MT-ND2
ENSG00000178974	558	625	-67	-0.55653002872462	0.9105284227381906	0.9687750200160128	-0.05824659727782222	Control	ENSG00000178974	0.26861489191353083	-0.04049086164953586	FALSE	48	FBXO34	FBXO34
ENSG00000143061	68	81	-13	-0.16696131902102565	0.5990792634107286	0.5410328262610088	0.0580464371497198	Control	ENSG00000143061	0.2680144115292234	-0.12966455813127453	FALSE	48	IGSF3	IGSF3
ENSG00000134057	156	203	-47	-0.4122453214269925	0.6795436349079264	0.7375900720576462	-0.0580464371497198	Control	ENSG00000134057	0.2680144115292234	-0.09904774087304435	FALSE	48	CCNB1	CCNB1
ENSG00000176401	7	18	-11	-0.1525328482912629	0.3592874299439552	0.30164131305044034	0.05764611689351484	Control	ENSG00000176401	0.2674139311449159	-0.2493198408276207	FALSE	48	EID2B	EID2B
ENSG00000152558	4	23	-19	-0.21024673121031393	0.2822257806244996	0.3398718975180144	-0.05764611689351479	Control	ENSG00000152558	0.2668134507606085	0.27365481507170486	FALSE	48	TMEM123	TMEM123
ENSG00000137693	4	23	-19	-0.21024673121031393	0.2822257806244996	0.3398718975180144	-0.05764611689351479	Control	ENSG00000137693	0.2668134507606085	0.6330305224331845	TRUE	49	YAP1	YAP1
ENSG00000164938	8	45	-37	-0.34010296777817867	0.3781024819855885	0.4355484387510008	-0.05744595676541231	Control	ENSG00000164938	0.26621297037630104	0.1694670389494508	FALSE	49	TP53INP1	TP53INP1
ENSG00000107105	726	468	258	1.7880964648618274	0.9683746997598078	0.911128903122498	0.05724579663730989	AD	ENSG00000107105	0.2656124899919936	-0.3294197839996489	FALSE	49	ELAVL2	ELAVL2
ENSG00000175931	434	445	-11	-0.1525328482912629	0.8440752602081665	0.9013210568454764	-0.05724579663730989	Control	ENSG00000175931	0.2656124899919936	-0.03561217978909425	FALSE	49	UBE2O	UBE2O
ENSG00000115641	327	198	129	0.8574601027921297	0.7856285028022418	0.7287830264211369	0.05684547638110493	AD	ENSG00000115641	0.26501200960768617	-0.15539606354001734	FALSE	49	FHL2	FHL2
ENSG00000198794	527	343	184	1.2542430478606057	0.8961168935148118	0.839271417133707	0.05684547638110482	AD	ENSG00000198794	0.26461168935148116	-0.11626445784237482	FALSE	49	SCAMP5	SCAMP5
ENSG00000110427	672	436	236	1.6293832868344371	0.9531625300240192	0.8965172137710168	0.0566453162530024	AD	ENSG00000110427	0.2640112089671737	-0.19772420396573231	FALSE	49	KIAA1549L	KIAA1549L
ENSG00000146426	86	151	-65	-0.5421015579948573	0.6184947958366693	0.6751401120896717	-0.0566453162530024	Control	ENSG00000146426	0.2640112089671737	0.10108430560250524	FALSE	49	TIAM2	TIAM2
ENSG00000260001	17	39	-22	-0.23188943730495803	0.46897518014411527	0.41253002401921535	0.05644515612489992	Control	ENSG00000260001	0.2634107285828663	-0.2745813286715748	FALSE	49	TGFBR3L	TGFBR3L
ENSG00000100554	440	266	174	1.1821006942117918	0.8454763811048839	0.789031224979984	0.05644515612489986	AD	ENSG00000100554	0.26301040832666134	-0.29323054599391796	FALSE	49	ATP6V1D	ATP6V1D
ENSG00000112640	41	116	-75	-0.614243911643671	0.55484387510008	0.6110888710968775	-0.05624499599679744	Control	ENSG00000112640	0.2626100880704564	0.09105868514971682	FALSE	49	PPP2R5D	PPP2R5D
ENSG00000116106	499	535	-36	-0.3328887324132973	0.8817053642914331	0.9375500400320256	-0.05584467574059248	Control	ENSG00000116106	0.2622097678142514	0.00370860092034597	FALSE	49	EPHA4	EPHA4
ENSG00000060140	501	326	175	1.1893149295766732	0.8831064851881505	0.8274619695756605	0.05564451561248995	AD	ENSG00000060140	0.2618094475580464	-0.20167656484004315	FALSE	49	STYK1	STYK1
ENSG00000204071	685	444	241	1.665454463658844	0.955564451561249	0.9005204163330665	0.05504403522818257	AD	ENSG00000204071	0.261208967173739	-0.10781017238906544	FALSE	49	TCEAL6	TCEAL6
ENSG00000127824	552	603	-51	-0.44110226288651794	0.9081265012009608	0.9631705364291432	-0.05504403522818257	Control	ENSG00000127824	0.261208967173739	-0.15995651799441823	FALSE	49	TUBA4A	TUBA4A
ENSG00000276627	30	56	-26	-0.26074637876448353	0.5246196957566053	0.4695756605284227	0.05504403522818252	Control	ENSG00000276627	0.26060848678943155	-0.10371179914677332	FALSE	49	NA	ENSG00000276627
ENSG00000081189	559	612	-53	-0.4555307336162807	0.911128903122498	0.965972778222578	-0.05484387510008015	Control	ENSG00000081189	0.2602081665332266	-0.26517622895620363	FALSE	49	MEF2C	MEF2C
ENSG00000054356	331	349	-18	-0.20303249584543256	0.7880304243394716	0.8428742994395516	-0.05484387510008004	Control	ENSG00000054356	0.25960768614891916	-0.08586152542117098	FALSE	49	PTPRN	PTPRN
ENSG00000183307	374	225	149	1.0017448100897572	0.8152522017614091	0.7604083266613291	0.05484387510008004	AD	ENSG00000183307	0.25960768614891916	-0.163882742590296	FALSE	49	TMEM121B	TMEM121B
ENSG00000103723	237	261	-24	-0.2463179080347208	0.7305844675740593	0.7852281825460369	-0.05464371497197762	Control	ENSG00000103723	0.2588070456365092	-0.12750795968649875	FALSE	49	AP3B2	AP3B2
ENSG00000084093	38	111	-73	-0.5998154409139083	0.5488390712570056	0.6034827862289832	-0.05464371497197762	Control	ENSG00000084093	0.2588070456365092	0.322575083276341	FALSE	49	REST	REST
ENSG00000103449	3	17	-14	-0.17417555438590704	0.24079263410728585	0.29523618895116094	-0.05444355484387511	Control	ENSG00000103449	0.2576060848678943	0.23667266890243432	FALSE	49	SALL1	SALL1
ENSG00000167613	3	17	-14	-0.17417555438590704	0.24079263410728585	0.29523618895116094	-0.05444355484387511	Control	ENSG00000167613	0.2576060848678943	0.32950527394981144	FALSE	49	LAIR1	LAIR1
ENSG00000125864	3	17	-14	-0.17417555438590704	0.24079263410728585	0.29523618895116094	-0.05444355484387511	Control	ENSG00000125864	0.2576060848678943	-0.28157795423822574	FALSE	49	BFSP1	BFSP1
ENSG00000125869	3	17	-14	-0.17417555438590704	0.24079263410728585	0.29523618895116094	-0.05444355484387511	Control	ENSG00000125869	0.2576060848678943	-0.22643615174226991	FALSE	49	LAMP5	LAMP5
ENSG00000156642	842	543	299	2.0838801148219637	0.9947958366693356	0.9403522818254604	0.05444355484387508	AD	ENSG00000156642	0.2564051240992794	-0.22305134509405455	FALSE	49	NPTN	NPTN
ENSG00000170846	11	58	-47	-0.4122453214269925	0.4213370696557246	0.4757806244995997	-0.05444355484387508	Control	ENSG00000170846	0.2564051240992794	-0.1620941686873696	FALSE	49	MRFAP1L2	MRFAP1L2
ENSG00000196586	17	73	-56	-0.4771734397109249	0.46897518014411527	0.5232185748598879	-0.05424339471577261	Control	ENSG00000196586	0.25580464371497197	0.11375800570071526	FALSE	49	MYO6	MYO6
ENSG00000077080	581	637	-56	-0.4771734397109249	0.9195356285028022	0.97337870296237	-0.05384307445956771	Control	ENSG00000077080	0.255404323458767	-0.16151557984012577	FALSE	49	ACTL6B	ACTL6B
ENSG00000158856	451	283	168	1.1388152820225037	0.8536829463570856	0.799839871897518	0.0538430744595676	AD	ENSG00000158856	0.2548038430744596	-0.02159826616997406	FALSE	49	DMTN	DMTN
ENSG00000154162	280	170	110	0.7203896308593836	0.7580064051240992	0.7041633306645316	0.0538430744595676	AD	ENSG00000154162	0.2548038430744596	-0.05300304252721677	FALSE	49	CDH12	CDH12
ENSG00000250510	182	129	53	0.3091782150611452	0.6939551641313051	0.6403122497998399	0.05364291433146517	AD	ENSG00000250510	0.25420336269015215	0.01803076893602195	FALSE	49	GPR162	GPR162
ENSG00000183741	61	77	-16	-0.1886040251156698	0.5864691753402722	0.5334267413931145	0.05304243394715768	Control	ENSG00000183741	0.25380304243394713	0.0139830182513041	FALSE	49	CBX6	CBX6
ENSG00000104365	52	123	-71	-0.5853869701841455	0.5742594075260208	0.6267013610888711	-0.05244195356285031	Control	ENSG00000104365	0.2532025620496397	0.1388270638741833	FALSE	49	IKBKB	IKBKB
ENSG00000277159	68	84	-16	-0.1886040251156698	0.5990792634107286	0.5466373098478783	0.05244195356285031	Control	ENSG00000277159	0.2532025620496397	-0.18042148810093828	FALSE	49	NA	ENSG00000277159
ENSG00000047249	615	404	211	1.4490274027124026	0.9299439551641312	0.8777021617293835	0.05224179343474777	AD	ENSG00000047249	0.25260208166533227	-0.18840062376520095	FALSE	49	ATP6V1H	ATP6V1H
ENSG00000165629	2	10	-8	-0.13089014219661876	0.1801441152922338	0.2321857485988791	-0.05204163330664532	Control	ENSG00000165629	0.2510008006405124	-0.16729039032375326	FALSE	49	ATP5F1C	ATP5F1C
ENSG00000174473	2	10	-8	-0.13089014219661876	0.1801441152922338	0.2321857485988791	-0.05204163330664532	Control	ENSG00000174473	0.2510008006405124	-0.29769264161745834	FALSE	49	GALNTL6	GALNTL6
ENSG00000256193	2	10	-8	-0.13089014219661876	0.1801441152922338	0.2321857485988791	-0.05204163330664532	Control	ENSG00000256193	0.2510008006405124	-0.3916707869938376	FALSE	49	LINC00507	LINC00507
ENSG00000091640	2	10	-8	-0.13089014219661876	0.1801441152922338	0.2321857485988791	-0.05204163330664532	Control	ENSG00000091640	0.2510008006405124	-0.11811787423403076	FALSE	49	SPAG7	SPAG7
ENSG00000231764	2	10	-8	-0.13089014219661876	0.1801441152922338	0.2321857485988791	-0.05204163330664532	Control	ENSG00000231764	0.2510008006405124	-0.6038170527175293	TRUE	50	DLX6-AS1	DLX6-AS1
ENSG00000168310	2	10	-8	-0.13089014219661876	0.1801441152922338	0.2321857485988791	-0.05204163330664532	Control	ENSG00000168310	0.2510008006405124	0.15691387593632022	FALSE	50	IRF2	IRF2
ENSG00000266573	2	10	-8	-0.13089014219661876	0.1801441152922338	0.2321857485988791	-0.05204163330664532	Control	ENSG00000266573	0.2510008006405124	-0.5434782555055029	TRUE	51	NA	ENSG00000266573
ENSG00000091972	610	402	208	1.4273846966177586	0.9279423538831064	0.8761008807045636	0.05184147317854293	AD	ENSG00000091972	0.24939951961569257	-0.4411143091792909	FALSE	51	CD200	CD200
ENSG00000006432	433	269	164	1.109958340562978	0.8434747798238591	0.7918334667734187	0.05164131305044039	AD	ENSG00000006432	0.24899919935948758	-0.09827452202550546	FALSE	51	MAP3K9	MAP3K9
ENSG00000140992	292	180	112	0.7348181015891463	0.7668134507606085	0.7151721377101682	0.05164131305044028	AD	ENSG00000140992	0.24859887910328263	0.0671701456866618	FALSE	51	PDPK1	PDPK1
ENSG00000072657	408	256	152	1.0233875161844015	0.8332666132906325	0.7818254603682946	0.05144115292233786	AD	ENSG00000072657	0.24819855884707767	-0.21634264517448543	FALSE	51	TRHDE	TRHDE
ENSG00000106089	334	206	128	0.8502458674272483	0.7910328262610088	0.7399919935948759	0.05104083266613291	AD	ENSG00000106089	0.2475980784627702	-0.2064116035755017	FALSE	51	STX1A	STX1A
ENSG00000137076	14	35	-21	-0.22467520194007667	0.4499599679743795	0.3989191353082466	0.05104083266613291	Control	ENSG00000137076	0.2475980784627702	0.4370040938184001	FALSE	51	TLN1	TLN1
ENSG00000108924	483	505	-22	-0.23188943730495803	0.8726981585268214	0.923538831064852	-0.05084067253803048	Control	ENSG00000108924	0.24699759807846278	0.01088223247041497	FALSE	51	HLF	HLF
ENSG00000055070	25	51	-26	-0.26074637876448353	0.505804643714972	0.455164131305044	0.05064051240992801	Control	ENSG00000055070	0.2465972778222578	0.08548785435799999	FALSE	51	SZRD1	SZRD1
ENSG00000155974	249	160	89	0.5688906881968746	0.7385908726981585	0.6879503602882305	0.05064051240992795	AD	ENSG00000155974	0.24619695756605284	-0.05364883589956992	FALSE	51	GRIP1	GRIP1
ENSG00000103316	555	372	183	1.247028812495724	0.9091273018414732	0.8588871096877502	0.05024019215372299	AD	ENSG00000103316	0.2455964771817454	-0.4872714170870367	FALSE	51	CRYM	CRYM
ENSG00000010292	4	22	-18	-0.20303249584543256	0.2822257806244996	0.3324659727782226	-0.05024019215372299	Control	ENSG00000010292	0.2455964771817454	0.1730726501685513	FALSE	51	NCAPD2	NCAPD2
ENSG00000081803	47	70	-23	-0.23910367266983945	0.5658526821457166	0.515812650120096	0.05004003202562057	Control	ENSG00000081803	0.24499599679743794	0.08621856057904864	FALSE	51	CADPS2	CADPS2
ENSG00000122733	806	536	270	1.874667289240404	0.988390712570056	0.9383506805444356	0.05004003202562046	AD	ENSG00000122733	0.24399519615692555	-0.1152455952468472	FALSE	51	PHF24	PHF24
ENSG00000137269	6	33	-27	-0.26796061412936495	0.33767013610888713	0.3877101681345076	-0.05004003202562046	Control	ENSG00000137269	0.24399519615692555	0.3376520650760071	FALSE	51	LRRC1	LRRC1
ENSG00000107242	6	33	-27	-0.26796061412936495	0.33767013610888713	0.3877101681345076	-0.05004003202562046	Control	ENSG00000107242	0.24399519615692555	-0.2438841591328469	FALSE	51	PIP5K1B	PIP5K1B
ENSG00000167641	7	38	-31	-0.29681755558889045	0.3592874299439552	0.4093274619695757	-0.05004003202562046	Control	ENSG00000167641	0.24399519615692555	-0.3896852236303161	FALSE	51	PPP1R14A	PPP1R14A
ENSG00000164885	633	682	-49	-0.4266737921567552	0.9349479583666932	0.9845876701361088	-0.04963971176941562	Control	ENSG00000164885	0.24299439551641314	-0.1940904882499197	FALSE	51	CDK5	CDK5
ENSG00000233928	9	24	-15	-0.1813897897507884	0.3955164131305044	0.34627702161729385	0.04923939151321055	Control	ENSG00000233928	0.24259407526020815	-0.28051042784815206	FALSE	51	NA	ENSG00000233928
ENSG00000277531	598	637	-39	-0.35453143850794144	0.9243394715772618	0.97337870296237	-0.04903923138510813	Control	ENSG00000277531	0.2421937550040032	-0.1702494755855497	FALSE	51	PNMA8C	PNMA8C
ENSG00000100167	179	131	48	0.27310703823673826	0.6925540432345877	0.6437149719775821	0.04883907125700559	AD	ENSG00000100167	0.24159327461969576	0.04204080167283486	FALSE	51	SEPTIN3	SEPTIN3
ENSG00000198354	50	119	-69	-0.5709584994543828	0.5700560448358687	0.6188951160928743	-0.04883907125700559	Control	ENSG00000198354	0.24159327461969576	-0.01464789815717537	FALSE	51	DCAF12L2	DCAF12L2
ENSG00000197535	587	397	190	1.2975284600498938	0.92173738991192955	0.8730984787830264	0.04863891112890317	AD	ENSG00000197535	0.24079263410728582	-0.08707149408782655	FALSE	51	MYO5A	MYO5A
ENSG00000108309	253	163	90	0.576104923561756	0.7423939151321057	0.6937550040032026	0.04863891112890317	AD	ENSG00000108309	0.24079263410728582	-0.17379663928797662	FALSE	51	RUNDC3A	RUNDC3A
ENSG00000128245	833	556	277	1.9251669367945736	0.9931945556445156	0.944755804643715	0.04843875100080064	AD	ENSG00000128245	0.2397918334667734	-0.15429945671941425	FALSE	51	YWHAH	YWHAH
ENSG00000168032	375	383	-8	-0.13089014219661876	0.816052842273819	0.8644915932746197	-0.04843875100080064	Control	ENSG00000168032	0.2397918334667734	-0.310331858601697	FALSE	51	ENTPD3	ENTPD3
ENSG00000110756	5	13	-8	-0.13089014219661876	0.3122497998398719	0.26381104883907125	0.04843875100080064	Control	ENSG00000110756	0.2397918334667734	0.1308851628461074	FALSE	51	HPS5	HPS5
ENSG00000107518	577	613	-36	-0.3328887324132973	0.9183346677341874	0.966373098478783	-0.04803843074459568	Control	ENSG00000107518	0.2389911929543635	-0.18851762524107052	FALSE	51	ATRNL1	ATRNL1
ENSG00000186479	240	254	-14	-0.17417555438590704	0.7321857485988791	0.7800240192153723	-0.04783827061649326	Control	ENSG00000186479	0.23859087269815854	0.06285675859364659	FALSE	51	RGS7BP	RGS7BP
ENSG00000110107	409	264	145	0.9728878686302318	0.8340672538030425	0.7864291433146517	0.04763811048839073	AD	ENSG00000110107	0.23819055244195356	-0.1859066358007464	FALSE	51	PRPF19	PRPF19
ENSG00000118482	3	7	-4	-0.10203320073709328	0.24079263410728585	0.19315452361889512	0.0476381104883907	Control	ENSG00000118482	0.23738991192954365	0.1368056263251329	FALSE	51	PHF3	PHF3
ENSG00000111058	3	7	-4	-0.10203320073709328	0.24079263410728585	0.19315452361889512	0.0476381104883907	Control	ENSG00000111058	0.23738991192954365	0.4034512947161754	FALSE	51	ACSS3	ACSS3
ENSG00000153820	3	7	-4	-0.10203320073709328	0.24079263410728585	0.19315452361889512	0.0476381104883907	Control	ENSG00000153820	0.23738991192954365	-0.4590545036593596	FALSE	51	SPHKAP	SPHKAP
ENSG00000228794	205	225	-20	-0.21746096657519529	0.7129703763010409	0.7604083266613291	-0.04743795036028819	Control	ENSG00000228794	0.2365892714171337	-0.03884502331846562	FALSE	51	LINC01128	LINC01128
ENSG00000145451	83	142	-59	-0.498816145805569	0.6150920736589272	0.6623298638911129	-0.04723779023218577	Control	ENSG00000145451	0.23618895116092875	-0.2619158719205732	FALSE	51	GLRA3	GLRA3
ENSG00000100138	81	91	-10	-0.14531861292638154	0.6122898318654924	0.5652522017614091	0.04703763010408324	Control	ENSG00000100138	0.2355884707766213	-0.21541161759768632	FALSE	51	SNU13	SNU13
ENSG00000185915	14	36	-22	-0.23188943730495803	0.4499599679743795	0.40292233787029624	0.04703763010408324	Control	ENSG00000185915	0.2355884707766213	0.3074039449590895	FALSE	51	KLHL34	KLHL34
ENSG00000164951	729	504	225	1.550026697820742	0.9689751801441152	0.922738190552442	0.04623698959167333	AD	ENSG00000164951	0.2345876701361089	-0.1283046938693424	FALSE	51	PDP1	PDP1
ENSG00000107864	458	297	161	1.0883156344683338	0.8570856685348278	0.8108486789431545	0.04623698959167333	AD	ENSG00000107864	0.2345876701361089	-0.0945323247112526	FALSE	51	CPEB3	CPEB3
ENSG00000186260	377	241	136	0.9079597503462994	0.8174539631705364	0.7712169735788631	0.04623698959167333	AD	ENSG00000186260	0.2345876701361089	-0.01495762502066	FALSE	51	MRTFB	MRTFB
ENSG00000165943	618	650	-32	-0.3040317909537718	0.9315452361889512	0.9773819055244196	-0.04583666933546837	Control	ENSG00000165943	0.23358686949559648	-0.18481422670432399	FALSE	51	MOAP1	MOAP1
ENSG00000179178	8	42	-34	-0.31846026168353453	0.3781024819855885	0.42393915132105686	-0.04583666933546837	Control	ENSG00000179178	0.23358686949559648	-0.34870383465927013	FALSE	51	TMEM125	TMEM125
ENSG00000197586	513	534	-21	-0.22467520194007667	0.8909127301841473	0.9365492393915132	-0.04563650920736595	Control	ENSG00000197586	0.23278622898318654	-0.05819790277595516	FALSE	51	ENTPD6	ENTPD6
ENSG00000168159	130	117	13	0.0206088004658901	0.6597277822257807	0.6140912730184147	0.04563650920736595	AD	ENSG00000168159	0.23278622898318654	-0.13734420432659178	FALSE	51	RNF187	RNF187
ENSG00000198836	16	67	-51	-0.44110226288651794	0.4629703763010408	0.5086068855084067	-0.04563650920736589	Control	ENSG00000198836	0.2321857485988791	-0.09933411777542211	FALSE	51	OPA1	OPA1
ENSG00000156486	495	507	-12	-0.1597470836561443	0.8795036028823059	0.9251401120896716	-0.04563650920736584	Control	ENSG00000156486	0.23178542834267413	-0.02955190531061546	FALSE	51	KCNS2	KCNS2
ENSG00000188674	442	285	157	1.0594586930088083	0.8476781425140112	0.8022417934347478	0.04543634907926341	AD	ENSG00000188674	0.23138510808646917	-0.5169048456405214	TRUE	52	C2orf80	C2orf80
ENSG00000104738	35	64	-29	-0.28238908485912767	0.5396317053642914	0.494195356285028	0.04543634907926336	Control	ENSG00000104738	0.23098478783026422	-0.09707349299674206	FALSE	52	MCM4	MCM4
ENSG00000151025	753	517	236	1.6293832868344371	0.9739791833466772	0.9287429943955164	0.04523618895116088	AD	ENSG00000151025	0.23038430744595675	-0.3656375666278926	FALSE	52	GPR158	GPR158
ENSG00000112186	488	503	-15	-0.1813897897507884	0.8767013610888711	0.921937550040032	-0.04523618895116088	Control	ENSG00000112186	0.23038430744595675	-0.42703676932668166	FALSE	52	CAP2	CAP2
ENSG00000138190	96	150	-54	-0.4627449689811622	0.6285028022417934	0.6735388310648519	-0.04503602882305846	Control	ENSG00000138190	0.22978382706164932	-0.09735356860805666	FALSE	52	EXOC6	EXOC6
ENSG00000215218	610	411	199	1.362456578333826	0.9279423538831064	0.8831064851881505	0.04483586869495604	AD	ENSG00000215218	0.2291833466773419	-0.1038802885027046	FALSE	52	UBE2QL1	UBE2QL1
ENSG00000156564	203	222	-19	-0.21024673121031393	0.710968775020016	0.755804643714972	-0.04483586869495604	Control	ENSG00000156564	0.2291833466773419	-0.05056465531694165	FALSE	52	LRFN2	LRFN2
ENSG00000099817	6	32	-26	-0.26074637876448353	0.33767013610888713	0.3823058446757406	-0.04463570856685345	Control	ENSG00000099817	0.22858286629303443	-0.03635918845371044	FALSE	52	POLR2E	POLR2E
ENSG00000102003	700	482	218	1.4995270502665723	0.9607686148919136	0.9163330664531624	0.04443554843875108	AD	ENSG00000102003	0.22818254603682947	-0.5005083741691703	FALSE	52	SYP	SYP
ENSG00000134780	63	84	-21	-0.22467520194007667	0.5910728582866293	0.5466373098478783	0.04443554843875097	Control	ENSG00000134780	0.2277822257806245	0.19011819310605735	FALSE	52	DAGLA	DAGLA
ENSG00000160785	14	37	-23	-0.23910367266983945	0.4499599679743795	0.40612489991993594	0.04383506805444354	Control	ENSG00000160785	0.22738190552441953	-0.02163828251157618	FALSE	52	SLC25A44	SLC25A44
ENSG00000106976	765	531	234	1.6149548161046745	0.9773819055244196	0.9337469975980784	0.04363490792634106	AD	ENSG00000106976	0.2267814251401121	-0.1547526812105691	FALSE	52	DNM1	DNM1
ENSG00000115419	558	387	171	1.1604579881171475	0.9105284227381906	0.8668935148118495	0.04363490792634106	AD	ENSG00000115419	0.2267814251401121	-0.15549448036821012	FALSE	52	GLS	GLS
ENSG00000130764	5	26	-21	-0.22467520194007667	0.3122497998398719	0.35568454763811047	-0.04343474779823858	Control	ENSG00000130764	0.22618094475580464	-0.0463541228158526	FALSE	52	LRRC47	LRRC47
ENSG00000182732	56	78	-22	-0.23188943730495803	0.5798638911128903	0.5364291433146517	0.04343474779823853	Control	ENSG00000182732	0.22578062449959968	-0.01800744907576046	FALSE	52	RGS6	RGS6
ENSG00000177614	277	283	-6	-0.11646167146685604	0.7566052842273819	0.799839871897518	-0.0432345876701361	Control	ENSG00000177614	0.22477982385908726	-0.00799421159931768	FALSE	52	PGBD5	PGBD5
ENSG00000076067	2	4	-2	-0.08760473000733053	0.1801441152922338	0.13690952762209768	0.0432345876701361	Control	ENSG00000076067	0.22477982385908726	0.413246752659294	FALSE	52	RBMS2	RBMS2
ENSG00000116544	2	4	-2	-0.08760473000733053	0.1801441152922338	0.13690952762209768	0.0432345876701361	Control	ENSG00000116544	0.22477982385908726	-0.03826484597691504	FALSE	52	DLGAP3	DLGAP3
ENSG00000118200	2	4	-2	-0.08760473000733053	0.1801441152922338	0.13690952762209768	0.0432345876701361	Control	ENSG00000118200	0.22477982385908726	-0.03586210401960699	FALSE	52	CAMSAP2	CAMSAP2
ENSG00000078140	347	352	-5	-0.10924743610197464	0.8022417934347478	0.8452762209767815	-0.04303442754203368	Control	ENSG00000078140	0.22377902321857485	-0.09480058026437456	FALSE	52	UBE2K	UBE2K
ENSG00000152932	793	551	242	1.6726686990237254	0.9855884707766212	0.94275420336269	0.04283426741393115	AD	ENSG00000152932	0.2233787029623699	-0.5379140735856431	FALSE	52	RAB3C	RAB3C
ENSG00000014641	704	493	211	1.4490274027124026	0.9619695756605284	0.9193354683746996	0.04263410728582872	AD	ENSG00000014641	0.22297838270616493	-0.3735913477310629	FALSE	52	MDH1	MDH1
ENSG00000189223	1	1	0	-0.07317625927756778	0.072257806244996	0.02962369895916733	0.04263410728582867	Control	ENSG00000189223	0.21056845476381106	0.4252016794650864	FALSE	52	PAX8-AS1	PAX8-AS1
ENSG00000104325	1	1	0	-0.07317625927756778	0.072257806244996	0.02962369895916733	0.04263410728582867	Control	ENSG00000104325	0.21056845476381106	7.058052288488881e-4	FALSE	52	DECR1	DECR1
ENSG00000244734	1	1	0	-0.07317625927756778	0.072257806244996	0.02962369895916733	0.04263410728582867	Control	ENSG00000244734	0.21056845476381106	-0.5994946117224913	FALSE	52	HBB	HBB
ENSG00000197959	1	1	0	-0.07317625927756778	0.072257806244996	0.02962369895916733	0.04263410728582867	Control	ENSG00000197959	0.21056845476381106	-0.21694508229765577	FALSE	52	DNM3	DNM3
ENSG00000182504	1	1	0	-0.07317625927756778	0.072257806244996	0.02962369895916733	0.04263410728582867	Control	ENSG00000182504	0.21056845476381106	0.00637065749791432	FALSE	52	CEP97	CEP97
ENSG00000136280	1	1	0	-0.07317625927756778	0.072257806244996	0.02962369895916733	0.04263410728582867	Control	ENSG00000136280	0.21056845476381106	-0.21478405592420555	FALSE	52	CCM2	CCM2
ENSG00000112333	1	1	0	-0.07317625927756778	0.072257806244996	0.02962369895916733	0.04263410728582867	Control	ENSG00000112333	0.21056845476381106	0.2552291611820454	FALSE	52	NR2E1	NR2E1
ENSG00000146731	1	1	0	-0.07317625927756778	0.072257806244996	0.02962369895916733	0.04263410728582867	Control	ENSG00000146731	0.21056845476381106	-0.07424934031433139	FALSE	52	CCT6A	CCT6A
ENSG00000146005	1	1	0	-0.07317625927756778	0.072257806244996	0.02962369895916733	0.04263410728582867	Control	ENSG00000146005	0.21056845476381106	0.48459224939971257	FALSE	52	PSD2	PSD2
ENSG00000232859	1	1	0	-0.07317625927756778	0.072257806244996	0.02962369895916733	0.04263410728582867	Control	ENSG00000232859	0.21056845476381106	-0.35510310073767926	FALSE	52	LYRM9	LYRM9
ENSG00000128463	1	1	0	-0.07317625927756778	0.072257806244996	0.02962369895916733	0.04263410728582867	Control	ENSG00000128463	0.21056845476381106	-0.06382529679204119	FALSE	52	EMC4	EMC4
ENSG00000162630	1	1	0	-0.07317625927756778	0.072257806244996	0.02962369895916733	0.04263410728582867	Control	ENSG00000162630	0.21056845476381106	-0.16020088186895798	FALSE	52	B3GALT2	B3GALT2
ENSG00000111602	1	1	0	-0.07317625927756778	0.072257806244996	0.02962369895916733	0.04263410728582867	Control	ENSG00000111602	0.21056845476381106	0.19087842727024903	FALSE	52	TIMELESS	TIMELESS
ENSG00000162373	1	1	0	-0.07317625927756778	0.072257806244996	0.02962369895916733	0.04263410728582867	Control	ENSG00000162373	0.21056845476381106	-0.3303808531657868	FALSE	52	BEND5	BEND5
ENSG00000148154	1	1	0	-0.07317625927756778	0.072257806244996	0.02962369895916733	0.04263410728582867	Control	ENSG00000148154	0.21056845476381106	-0.02848328846698322	FALSE	52	UGCG	UGCG
ENSG00000127418	1	1	0	-0.07317625927756778	0.072257806244996	0.02962369895916733	0.04263410728582867	Control	ENSG00000127418	0.21056845476381106	0.4409367545513092	FALSE	52	FGFRL1	FGFRL1
ENSG00000133872	1	1	0	-0.07317625927756778	0.072257806244996	0.02962369895916733	0.04263410728582867	Control	ENSG00000133872	0.21056845476381106	-0.11072174317081895	FALSE	52	SARAF	SARAF
ENSG00000145907	1	1	0	-0.07317625927756778	0.072257806244996	0.02962369895916733	0.04263410728582867	Control	ENSG00000145907	0.21056845476381106	0.1466004377911272	FALSE	52	G3BP1	G3BP1
ENSG00000131378	1	1	0	-0.07317625927756778	0.072257806244996	0.02962369895916733	0.04263410728582867	Control	ENSG00000131378	0.21056845476381106	-0.06356073362608328	FALSE	52	RFTN1	RFTN1
ENSG00000164039	1	1	0	-0.07317625927756778	0.072257806244996	0.02962369895916733	0.04263410728582867	Control	ENSG00000164039	0.21056845476381106	0.2985634508453323	FALSE	52	BDH2	BDH2
ENSG00000163221	1	1	0	-0.07317625927756778	0.072257806244996	0.02962369895916733	0.04263410728582867	Control	ENSG00000163221	0.21056845476381106	1.930925713342487	TRUE	53	S100A12	S100A12
ENSG00000157833	1	1	0	-0.07317625927756778	0.072257806244996	0.02962369895916733	0.04263410728582867	Control	ENSG00000157833	0.21056845476381106	0.458971546024852	FALSE	53	GAREM2	GAREM2
ENSG00000184677	1	1	0	-0.07317625927756778	0.072257806244996	0.02962369895916733	0.04263410728582867	Control	ENSG00000184677	0.21056845476381106	0.21813661851757615	FALSE	53	ZBTB40	ZBTB40
ENSG00000109911	1	1	0	-0.07317625927756778	0.072257806244996	0.02962369895916733	0.04263410728582867	Control	ENSG00000109911	0.21056845476381106	0.16735075385390985	FALSE	53	ELP4	ELP4
ENSG00000183196	1	1	0	-0.07317625927756778	0.072257806244996	0.02962369895916733	0.04263410728582867	Control	ENSG00000183196	0.21056845476381106	0.3718338411064064	FALSE	53	CHST6	CHST6
ENSG00000270629	1	1	0	-0.07317625927756778	0.072257806244996	0.02962369895916733	0.04263410728582867	Control	ENSG00000270629	0.21056845476381106	0.3196223840188477	FALSE	53	NBPF14	NBPF14
ENSG00000183826	1	1	0	-0.07317625927756778	0.072257806244996	0.02962369895916733	0.04263410728582867	Control	ENSG00000183826	0.21056845476381106	0.07541393250854078	FALSE	53	BTBD9	BTBD9
ENSG00000212864	1	1	0	-0.07317625927756778	0.072257806244996	0.02962369895916733	0.04263410728582867	Control	ENSG00000212864	0.21056845476381106	-0.13875331413583858	FALSE	53	RNF208	RNF208
ENSG00000145681	1	1	0	-0.07317625927756778	0.072257806244996	0.02962369895916733	0.04263410728582867	Control	ENSG00000145681	0.21056845476381106	-0.3546051904053469	FALSE	53	HAPLN1	HAPLN1
ENSG00000197555	1	1	0	-0.07317625927756778	0.072257806244996	0.02962369895916733	0.04263410728582867	Control	ENSG00000197555	0.21056845476381106	-0.00983624100027213	FALSE	53	SIPA1L1	SIPA1L1
ENSG00000125618	1	1	0	-0.07317625927756778	0.072257806244996	0.02962369895916733	0.04263410728582867	Control	ENSG00000125618	0.21056845476381106	0.39479108723919776	FALSE	53	PAX8	PAX8
ENSG00000069509	1	1	0	-0.07317625927756778	0.072257806244996	0.02962369895916733	0.04263410728582867	Control	ENSG00000069509	0.21056845476381106	-0.18014024884191393	FALSE	53	FUNDC1	FUNDC1
ENSG00000125733	1	1	0	-0.07317625927756778	0.072257806244996	0.02962369895916733	0.04263410728582867	Control	ENSG00000125733	0.21056845476381106	0.396002743685802	FALSE	53	TRIP10	TRIP10
ENSG00000172006	1	1	0	-0.07317625927756778	0.072257806244996	0.02962369895916733	0.04263410728582867	Control	ENSG00000172006	0.21056845476381106	-0.1979752438003839	FALSE	53	ZNF554	ZNF554
ENSG00000137309	1	1	0	-0.07317625927756778	0.072257806244996	0.02962369895916733	0.04263410728582867	Control	ENSG00000137309	0.21056845476381106	0.01694911609439842	FALSE	53	HMGA1	HMGA1
ENSG00000118640	1	1	0	-0.07317625927756778	0.072257806244996	0.02962369895916733	0.04263410728582867	Control	ENSG00000118640	0.21056845476381106	0.1896796042012152	FALSE	53	VAMP8	VAMP8
ENSG00000101166	1	1	0	-0.07317625927756778	0.072257806244996	0.02962369895916733	0.04263410728582867	Control	ENSG00000101166	0.21056845476381106	0.10347284429111347	FALSE	53	PRELID3B	PRELID3B
ENSG00000179477	1	1	0	-0.07317625927756778	0.072257806244996	0.02962369895916733	0.04263410728582867	Control	ENSG00000179477	0.21056845476381106	-0.4250536800727289	FALSE	53	ALOX12B	ALOX12B
ENSG00000068976	1	1	0	-0.07317625927756778	0.072257806244996	0.02962369895916733	0.04263410728582867	Control	ENSG00000068976	0.21056845476381106	0.545118454388021	TRUE	54	PYGM	PYGM
ENSG00000178773	1	1	0	-0.07317625927756778	0.072257806244996	0.02962369895916733	0.04263410728582867	Control	ENSG00000178773	0.21056845476381106	-0.2605454531302751	FALSE	54	CPNE7	CPNE7
ENSG00000287243	1	1	0	-0.07317625927756778	0.072257806244996	0.02962369895916733	0.04263410728582867	Control	ENSG00000287243	0.21056845476381106	-0.3404457547260016	FALSE	54	NA	ENSG00000287243
ENSG00000070018	1	1	0	-0.07317625927756778	0.072257806244996	0.02962369895916733	0.04263410728582867	Control	ENSG00000070018	0.21056845476381106	0.18297435823638963	FALSE	54	LRP6	LRP6
ENSG00000127329	1	1	0	-0.07317625927756778	0.072257806244996	0.02962369895916733	0.04263410728582867	Control	ENSG00000127329	0.21056845476381106	0.46759549958279045	FALSE	54	PTPRB	PTPRB
ENSG00000124067	1	1	0	-0.07317625927756778	0.072257806244996	0.02962369895916733	0.04263410728582867	Control	ENSG00000124067	0.21056845476381106	0.34343106785125954	FALSE	54	SLC12A4	SLC12A4
ENSG00000136404	1	1	0	-0.07317625927756778	0.072257806244996	0.02962369895916733	0.04263410728582867	Control	ENSG00000136404	0.21056845476381106	0.15286879124484187	FALSE	54	TM6SF1	TM6SF1
ENSG00000094631	1	1	0	-0.07317625927756778	0.072257806244996	0.02962369895916733	0.04263410728582867	Control	ENSG00000094631	0.21056845476381106	0.10227489702483084	FALSE	54	HDAC6	HDAC6
ENSG00000140853	1	1	0	-0.07317625927756778	0.072257806244996	0.02962369895916733	0.04263410728582867	Control	ENSG00000140853	0.21056845476381106	0.4037394458756367	FALSE	54	NLRC5	NLRC5
ENSG00000120694	1	1	0	-0.07317625927756778	0.072257806244996	0.02962369895916733	0.04263410728582867	Control	ENSG00000120694	0.21056845476381106	-0.00293694149028844	FALSE	54	HSPH1	HSPH1
ENSG00000119509	1	1	0	-0.07317625927756778	0.072257806244996	0.02962369895916733	0.04263410728582867	Control	ENSG00000119509	0.21056845476381106	0.19593386002196844	FALSE	54	INVS	INVS
ENSG00000263878	1	1	0	-0.07317625927756778	0.072257806244996	0.02962369895916733	0.04263410728582867	Control	ENSG00000263878	0.21056845476381106	-0.4042706506797096	FALSE	54	DLGAP1-AS4	DLGAP1-AS4
ENSG00000167191	1	1	0	-0.07317625927756778	0.072257806244996	0.02962369895916733	0.04263410728582867	Control	ENSG00000167191	0.21056845476381106	0.6285334259482909	TRUE	55	GPRC5B	GPRC5B
ENSG00000183036	1	1	0	-0.07317625927756778	0.072257806244996	0.02962369895916733	0.04263410728582867	Control	ENSG00000183036	0.21056845476381106	-0.40253046998777897	FALSE	55	PCP4	PCP4
ENSG00000152620	1	1	0	-0.07317625927756778	0.072257806244996	0.02962369895916733	0.04263410728582867	Control	ENSG00000152620	0.21056845476381106	0.2296444088130052	FALSE	55	NADK2	NADK2
ENSG00000139180	1	1	0	-0.07317625927756778	0.072257806244996	0.02962369895916733	0.04263410728582867	Control	ENSG00000139180	0.21056845476381106	-0.13943487218285888	FALSE	55	NDUFA9	NDUFA9
ENSG00000130517	1	1	0	-0.07317625927756778	0.072257806244996	0.02962369895916733	0.04263410728582867	Control	ENSG00000130517	0.21056845476381106	-0.00905455720783443	FALSE	55	PGPEP1	PGPEP1
ENSG00000120509	1	1	0	-0.07317625927756778	0.072257806244996	0.02962369895916733	0.04263410728582867	Control	ENSG00000120509	0.21056845476381106	-0.1121484948055702	FALSE	55	PDZD11	PDZD11
ENSG00000138594	1	1	0	-0.07317625927756778	0.072257806244996	0.02962369895916733	0.04263410728582867	Control	ENSG00000138594	0.21056845476381106	0.22689477221712728	FALSE	55	TMOD3	TMOD3
ENSG00000102144	1	1	0	-0.07317625927756778	0.072257806244996	0.02962369895916733	0.04263410728582867	Control	ENSG00000102144	0.21056845476381106	0.09458895684752022	FALSE	55	PGK1	PGK1
ENSG00000165458	1	1	0	-0.07317625927756778	0.072257806244996	0.02962369895916733	0.04263410728582867	Control	ENSG00000165458	0.21056845476381106	0.2842886240069671	FALSE	55	INPPL1	INPPL1
ENSG00000140022	1	1	0	-0.07317625927756778	0.072257806244996	0.02962369895916733	0.04263410728582867	Control	ENSG00000140022	0.21056845476381106	0.11274125417809522	FALSE	55	STON2	STON2
ENSG00000182902	1	1	0	-0.07317625927756778	0.072257806244996	0.02962369895916733	0.04263410728582867	Control	ENSG00000182902	0.21056845476381106	0.2580233075025191	FALSE	55	SLC25A18	SLC25A18
ENSG00000121769	89	98	-9	-0.13810437756150015	0.6210968775020016	0.5790632506004804	0.04203362690152124	Control	ENSG00000121769	0.19815852682145715	-0.26709771615692723	FALSE	55	FABP3	FABP3
ENSG00000233508	503	512	-9	-0.13810437756150015	0.8845076060848679	0.9263410728582866	-0.0418334667734187	Control	ENSG00000233508	0.19755804643714972	-0.1469063157977466	FALSE	55	PTPRT-DT	PTPRT-DT
ENSG00000198626	102	152	-50	-0.4338880275216366	0.6345076060848679	0.6763410728582866	-0.0418334667734187	Control	ENSG00000198626	0.19755804643714972	-0.04004052959107795	FALSE	55	RYR2	RYR2
ENSG00000143106	13	61	-48	-0.4194595567918738	0.4415532425940753	0.4831865492393915	-0.04163330664531628	Control	ENSG00000143106	0.19675740592473978	-0.19597720879864156	FALSE	55	PSMA5	PSMA5
ENSG00000128045	15	65	-50	-0.4338880275216366	0.4571657325860689	0.49879903923138513	-0.04163330664531628	Control	ENSG00000128045	0.19675740592473978	-0.15609908361857985	FALSE	55	RASL11B	RASL11B
ENSG00000130770	4	21	-17	-0.19581826048055115	0.2822257806244996	0.3238590872698158	-0.04163330664531622	Control	ENSG00000130770	0.19615692554043235	-0.297274429678815	FALSE	55	ATP5IF1	ATP5IF1
ENSG00000116983	223	156	67	0.4101775101694845	0.7235788630904724	0.682345876701361	0.04123298638911132	AD	ENSG00000116983	0.1957566052842274	-0.16194347476493043	FALSE	55	HPCAL4	HPCAL4
ENSG00000173611	616	634	-18	-0.20303249584543256	0.9305444355484388	0.9715772618094476	-0.04103282626100879	Control	ENSG00000173611	0.1953562850280224	-0.19921600375850623	FALSE	55	SCAI	SCAI
ENSG00000162706	222	229	-7	-0.1236759068317374	0.7225780624499599	0.7634107285828663	-0.04083266613290637	Control	ENSG00000162706	0.19495596477181745	-0.07515306052446391	FALSE	55	CADM3	CADM3
ENSG00000122873	420	280	140	0.9368166918058248	0.8394715772618094	0.7986389111289032	0.04083266613290626	AD	ENSG00000122873	0.1945556445156125	-0.22264151179300207	FALSE	55	CISD1	CISD1
ENSG00000145623	2	9	-7	-0.1236759068317374	0.1801441152922338	0.2207766212970376	-0.04063250600480384	Control	ENSG00000145623	0.19315452361889512	0.9637881378493224	TRUE	56	OSMR	OSMR
ENSG00000073910	30	91	-61	-0.5132446165353317	0.5246196957566053	0.5652522017614091	-0.04063250600480384	Control	ENSG00000073910	0.19315452361889512	-0.05734176867516538	FALSE	56	FRY	FRY
ENSG00000239672	2	9	-7	-0.1236759068317374	0.1801441152922338	0.2207766212970376	-0.04063250600480384	Control	ENSG00000239672	0.19315452361889512	-0.28861858290476583	FALSE	56	NME1	NME1
ENSG00000170085	2	9	-7	-0.1236759068317374	0.1801441152922338	0.2207766212970376	-0.04063250600480384	Control	ENSG00000170085	0.19315452361889512	0.04048940686646141	FALSE	56	SIMC1	SIMC1
ENSG00000143418	2	9	-7	-0.1236759068317374	0.1801441152922338	0.2207766212970376	-0.04063250600480384	Control	ENSG00000143418	0.19315452361889512	0.42828312735437635	FALSE	56	CERS2	CERS2
ENSG00000105393	2	9	-7	-0.1236759068317374	0.1801441152922338	0.2207766212970376	-0.04063250600480384	Control	ENSG00000105393	0.19315452361889512	-0.22626788466827288	FALSE	56	BABAM1	BABAM1
ENSG00000154277	653	452	201	1.3768850490635889	0.94435548438751	0.9043234587670136	0.04003202562049646	AD	ENSG00000154277	0.19175340272217775	-0.18733624532814375	FALSE	56	UCHL1	UCHL1
ENSG00000185760	566	578	-12	-0.1597470836561443	0.9129303442754204	0.9527622097678142	-0.03983186549239392	Control	ENSG00000185760	0.1909527622097678	-0.1329690031800581	FALSE	56	KCNQ5	KCNQ5
ENSG00000177600	5	14	-9	-0.13810437756150015	0.3122497998398719	0.27241793434747796	0.03983186549239392	Control	ENSG00000177600	0.1909527622097678	-0.1694539737710059	FALSE	56	RPLP2	RPLP2
ENSG00000101146	5	14	-9	-0.13810437756150015	0.3122497998398719	0.27241793434747796	0.03983186549239392	Control	ENSG00000101146	0.1909527622097678	-0.04406825235907163	FALSE	56	RAE1	RAE1
ENSG00000069702	1	3	-2	-0.08760473000733053	0.072257806244996	0.11188951160928742	-0.03963170536429142	Control	ENSG00000069702	0.18614891913530823	0.5868673217667695	TRUE	57	TGFBR3	TGFBR3
ENSG00000107897	1	3	-2	-0.08760473000733053	0.072257806244996	0.11188951160928742	-0.03963170536429142	Control	ENSG00000107897	0.18614891913530823	0.03109970387636806	FALSE	57	ACBD5	ACBD5
ENSG00000176783	1	3	-2	-0.08760473000733053	0.072257806244996	0.11188951160928742	-0.03963170536429142	Control	ENSG00000176783	0.18614891913530823	0.02959667536092247	FALSE	57	RUFY1	RUFY1
ENSG00000197852	1	3	-2	-0.08760473000733053	0.072257806244996	0.11188951160928742	-0.03963170536429142	Control	ENSG00000197852	0.18614891913530823	0.1151288370305803	FALSE	57	INKA2	INKA2
ENSG00000030419	1	3	-2	-0.08760473000733053	0.072257806244996	0.11188951160928742	-0.03963170536429142	Control	ENSG00000030419	0.18614891913530823	0.44091650646717184	FALSE	57	IKZF2	IKZF2
ENSG00000102935	1	3	-2	-0.08760473000733053	0.072257806244996	0.11188951160928742	-0.03963170536429142	Control	ENSG00000102935	0.18614891913530823	0.2915746806704256	FALSE	57	ZNF423	ZNF423
ENSG00000196159	1	3	-2	-0.08760473000733053	0.072257806244996	0.11188951160928742	-0.03963170536429142	Control	ENSG00000196159	0.18614891913530823	0.35026985373203523	FALSE	57	FAT4	FAT4
ENSG00000116731	1	3	-2	-0.08760473000733053	0.072257806244996	0.11188951160928742	-0.03963170536429142	Control	ENSG00000116731	0.18614891913530823	-0.15026210424650444	FALSE	57	PRDM2	PRDM2
ENSG00000120896	1	3	-2	-0.08760473000733053	0.072257806244996	0.11188951160928742	-0.03963170536429142	Control	ENSG00000120896	0.18614891913530823	0.09720108158784946	FALSE	57	SORBS3	SORBS3
ENSG00000143947	1	3	-2	-0.08760473000733053	0.072257806244996	0.11188951160928742	-0.03963170536429142	Control	ENSG00000143947	0.18614891913530823	-0.09945600356667228	FALSE	57	RPS27A	RPS27A
ENSG00000271646	1	3	-2	-0.08760473000733053	0.072257806244996	0.11188951160928742	-0.03963170536429142	Control	ENSG00000271646	0.18614891913530823	-0.18024623186885336	FALSE	57	IRF2-DT	IRF2-DT
ENSG00000083312	1	3	-2	-0.08760473000733053	0.072257806244996	0.11188951160928742	-0.03963170536429142	Control	ENSG00000083312	0.18614891913530823	0.21943721954969853	FALSE	57	TNPO1	TNPO1
ENSG00000105137	1	3	-2	-0.08760473000733053	0.072257806244996	0.11188951160928742	-0.03963170536429142	Control	ENSG00000105137	0.18614891913530823	0.3707452626478904	FALSE	57	SYDE1	SYDE1
ENSG00000126016	1	3	-2	-0.08760473000733053	0.072257806244996	0.11188951160928742	-0.03963170536429142	Control	ENSG00000126016	0.18614891913530823	0.3119543894965453	FALSE	57	AMOT	AMOT
ENSG00000123374	1	3	-2	-0.08760473000733053	0.072257806244996	0.11188951160928742	-0.03963170536429142	Control	ENSG00000123374	0.18614891913530823	0.4916613272882451	FALSE	57	CDK2	CDK2
ENSG00000278041	1	3	-2	-0.08760473000733053	0.072257806244996	0.11188951160928742	-0.03963170536429142	Control	ENSG00000278041	0.18614891913530823	-0.08439513917126007	FALSE	57	NA	ENSG00000278041
ENSG00000148482	1	3	-2	-0.08760473000733053	0.072257806244996	0.11188951160928742	-0.03963170536429142	Control	ENSG00000148482	0.18614891913530823	0.7448243627780773	TRUE	58	SLC39A12	SLC39A12
ENSG00000185721	1	3	-2	-0.08760473000733053	0.072257806244996	0.11188951160928742	-0.03963170536429142	Control	ENSG00000185721	0.18614891913530823	-0.0523658388094077	FALSE	58	DRG1	DRG1
ENSG00000130559	1	3	-2	-0.08760473000733053	0.072257806244996	0.11188951160928742	-0.03963170536429142	Control	ENSG00000130559	0.18614891913530823	0.01105740363664331	FALSE	58	CAMSAP1	CAMSAP1
ENSG00000146247	1	3	-2	-0.08760473000733053	0.072257806244996	0.11188951160928742	-0.03963170536429142	Control	ENSG00000146247	0.18614891913530823	0.14381139614090088	FALSE	58	PHIP	PHIP
ENSG00000133789	1	3	-2	-0.08760473000733053	0.072257806244996	0.11188951160928742	-0.03963170536429142	Control	ENSG00000133789	0.18614891913530823	0.3265787166990197	FALSE	58	SWAP70	SWAP70
ENSG00000145526	774	545	229	1.5788836392802674	0.9807846277021616	0.9411529223378704	0.03963170536429139	AD	ENSG00000145526	0.18154523618895116	-0.2667127522132873	FALSE	58	CDH18	CDH18
ENSG00000240204	268	176	92	0.5905333942915187	0.7512009607686149	0.7115692554043235	0.03963170536429139	AD	ENSG00000240204	0.18154523618895116	-0.3059495235705727	FALSE	58	SMKR1	SMKR1
ENSG00000157216	50	76	-26	-0.26074637876448353	0.5700560448358687	0.5306244995996797	0.03943154523618897	Control	ENSG00000157216	0.18074459567654122	-0.11229130601713776	FALSE	58	SSBP3	SSBP3
ENSG00000198910	672	473	199	1.362456578333826	0.9531625300240192	0.9137309847878302	0.03943154523618897	AD	ENSG00000198910	0.18074459567654122	0.06991513558339157	FALSE	58	L1CAM	L1CAM
ENSG00000099365	735	524	211	1.4490274027124026	0.9703763010408326	0.9309447558046438	0.03943154523618886	AD	ENSG00000099365	0.1801441152922338	-0.07927391974079434	FALSE	58	STX1B	STX1B
ENSG00000058091	844	584	260	1.80252493559159	0.995796637309848	0.9565652522017614	0.03923138510808655	AD	ENSG00000058091	0.17934347477982385	-0.2783429417063683	FALSE	58	CDK14	CDK14
ENSG00000198673	451	427	24	0.09996538947958523	0.8536829463570856	0.8929143314651722	-0.03923138510808655	AD	ENSG00000198673	0.17934347477982385	-0.19184160047840848	FALSE	58	TAFA2	TAFA2
ENSG00000185352	543	383	160	1.0811013991034524	0.9037229783827062	0.8644915932746197	0.03923138510808655	AD	ENSG00000185352	0.17934347477982385	-0.2970090217043193	FALSE	58	HS6ST3	HS6ST3
ENSG00000198612	13	60	-47	-0.4122453214269925	0.4415532425940753	0.48078462770216174	-0.03923138510808649	Control	ENSG00000198612	0.17854283426741394	-0.1280405622095273	FALSE	58	COPS8	COPS8
ENSG00000013016	508	512	-4	-0.10203320073709328	0.8875100080064051	0.9263410728582866	-0.03883106485188148	Control	ENSG00000013016	0.17754203362690152	-0.03604951838955372	FALSE	58	EHD3	EHD3
ENSG00000143155	324	210	114	0.749246572318909	0.783626901521217	0.7447958366693355	0.03883106485188148	AD	ENSG00000143155	0.17754203362690152	-0.24801013827600824	FALSE	58	TIPRL	TIPRL
ENSG00000159720	83	138	-55	-0.4699592043460435	0.6150920736589272	0.6539231385108086	-0.03883106485188148	Control	ENSG00000159720	0.17754203362690152	-0.0584145480261764	FALSE	58	ATP6V0D1	ATP6V0D1
ENSG00000178234	12	34	-22	-0.23188943730495803	0.43274619695756605	0.3939151321056846	0.03883106485188148	Control	ENSG00000178234	0.17754203362690152	-0.1641112389784869	FALSE	58	GALNT11	GALNT11
ENSG00000213023	511	359	152	1.0233875161844015	0.889911929543635	0.8512810248198559	0.03863090472377906	AD	ENSG00000213023	0.17614091273018415	-0.09741067218512356	FALSE	58	SYT3	SYT3
ENSG00000137815	51	116	-65	-0.5421015579948573	0.5724579663730984	0.6110888710968775	-0.03863090472377906	Control	ENSG00000137815	0.17614091273018415	-0.08075869148574277	FALSE	58	RTF1	RTF1
ENSG00000125826	10	49	-39	-0.35453143850794144	0.4091273018414732	0.4477582065652522	-0.03863090472377906	Control	ENSG00000125826	0.17614091273018415	0.03113619986525684	FALSE	58	RBCK1	RBCK1
ENSG00000183090	32	64	-32	-0.3040317909537718	0.532826261008807	0.494195356285028	0.038630904723779	Control	ENSG00000183090	0.1753402722177742	-0.4608196857411393	FALSE	58	FREM3	FREM3
ENSG00000162426	320	309	11	0.00618032973612735	0.7804243394715773	0.8188550840672538	-0.03843074459567652	AD	ENSG00000162426	0.17473979183346677	-0.1926021344064015	FALSE	58	SLC45A1	SLC45A1
ENSG00000171246	216	223	-7	-0.1236759068317374	0.7191753402722177	0.7576060848678943	-0.03843074459567652	Control	ENSG00000171246	0.17473979183346677	-0.04630935913056433	FALSE	58	NPTX1	NPTX1
ENSG00000148925	618	630	-12	-0.1597470836561443	0.9315452361889512	0.9697758206565252	-0.0382305844675741	Control	ENSG00000148925	0.17413931144915934	-0.19373873801117017	FALSE	58	BTBD10	BTBD10
ENSG00000136267	637	440	197	1.3480281076040634	0.9363490792634108	0.8983186549239391	0.03803042433947157	AD	ENSG00000136267	0.17313851080864692	-0.2565124175329103	FALSE	58	DGKB	DGKB
ENSG00000073670	610	423	187	1.2758857539552495	0.9279423538831064	0.889911929543635	0.03803042433947157	AD	ENSG00000073670	0.17313851080864692	-0.10703619292287314	FALSE	58	ADAM11	ADAM11
ENSG00000145819	198	147	51	0.2947497443313824	0.7065652522017614	0.6685348278622898	0.03803042433947157	AD	ENSG00000145819	0.17313851080864692	0.00564520795447798	FALSE	58	ARHGAP26	ARHGAP26
ENSG00000140497	19	47	-28	-0.2751748494942463	0.48078462770216174	0.44275420336269017	0.03803042433947157	Control	ENSG00000140497	0.17313851080864692	0.1847903026343705	FALSE	58	SCAMP2	SCAMP2
ENSG00000173372	4	11	-7	-0.1236759068317374	0.2822257806244996	0.2443955164131305	0.03783026421136909	Control	ENSG00000173372	0.1721377101681345	0.32999060255912305	FALSE	58	C1QA	C1QA
ENSG00000286671	256	172	84	0.5328195113724677	0.7445956765412329	0.7067654123298639	0.03783026421136903	AD	ENSG00000286671	0.17173738991192955	-0.03792928989629285	FALSE	58	NA	ENSG00000286671
ENSG00000146352	480	455	25	0.10717962484446662	0.8694955964771818	0.9071257005604484	-0.03763010408326661	AD	ENSG00000146352	0.1711369095276221	-0.06182259743703611	FALSE	58	CLVS2	CLVS2
ENSG00000117069	493	347	146	0.9801021039951132	0.8787029623698959	0.8410728582866293	0.03763010408326661	AD	ENSG00000117069	0.1711369095276221	-0.43776537267868143	FALSE	58	ST6GALNAC5	ST6GALNAC5
ENSG00000249896	14	39	-25	-0.25353214339960217	0.4499599679743795	0.41253002401921535	0.03742994395516413	Control	ENSG00000249896	0.17053642914331466	-0.07406435328398153	FALSE	58	JAKMIP1-DT	JAKMIP1-DT
ENSG00000176490	474	447	27	0.1216080955742294	0.8658927141713371	0.9025220176140912	-0.03662930344275417	AD	ENSG00000176490	0.1701361088871097	-0.17951275190449145	FALSE	58	DIRAS1	DIRAS1
ENSG00000078053	575	581	-6	-0.11646167146685604	0.9175340272217776	0.9539631705364292	-0.03642914331465163	Control	ENSG00000078053	0.16933546837469976	-0.08397084475028826	FALSE	58	AMPH	AMPH
ENSG00000085365	662	689	-27	-0.26796061412936495	0.9495596477181746	0.9859887910328262	-0.03642914331465163	Control	ENSG00000085365	0.16933546837469976	-0.13605488105196173	FALSE	58	SCAMP1	SCAMP1
ENSG00000164506	483	338	145	0.9728878686302318	0.8726981585268214	0.8362690152121698	0.03642914331465163	AD	ENSG00000164506	0.16933546837469976	-0.02263740507028266	FALSE	58	STXBP5	STXBP5
ENSG00000152413	101	107	-6	-0.11646167146685604	0.6331064851881505	0.5968775020016013	0.03622898318654921	Control	ENSG00000152413	0.16853482786228982	-0.0926552301917276	FALSE	58	HOMER1	HOMER1
ENSG00000105402	122	161	-39	-0.35453143850794144	0.6535228182546037	0.6895516413130505	-0.03602882305844679	Control	ENSG00000105402	0.1679343474779824	-0.02519170047200702	FALSE	58	NAPA	NAPA
ENSG00000173465	18	46	-28	-0.2751748494942463	0.4753803042433947	0.43935148118494793	0.03602882305844679	Control	ENSG00000173465	0.1679343474779824	-0.05003835846689952	FALSE	58	ZNRD2	ZNRD2
ENSG00000259985	183	141	42	0.22982162604745	0.6949559647718174	0.6591273018414732	0.03582866293034426	AD	ENSG00000259985	0.16733386709367493	-0.15691228453294048	FALSE	58	NA	ENSG00000259985
ENSG00000151948	674	711	-37	-0.34010296777817867	0.9539631705364292	0.9895916733386708	-0.03562850280224183	Control	ENSG00000151948	0.1667333867093675	-0.14236503405977352	FALSE	58	GLT1D1	GLT1D1
ENSG00000151729	503	494	9	-0.00824814099363539	0.8845076060848679	0.9201361088871096	-0.03562850280224183	AD	ENSG00000151729	0.1667333867093675	-0.08955656969908432	FALSE	58	SLC25A4	SLC25A4
ENSG00000260328	392	374	18	0.05667997729029699	0.8250600480384307	0.8604883907125701	-0.03542834267413941	AD	ENSG00000260328	0.16613290632506006	-0.2156944564837744	FALSE	58	NA	ENSG00000260328
ENSG00000129355	242	237	5	-0.0371050824531609	0.7331865492393915	0.7686148919135308	-0.0354283426741393	AD	ENSG00000129355	0.16573258606885508	-0.21388885815966496	FALSE	58	CDKN2D	CDKN2D
ENSG00000022355	766	552	214	1.4706701088070468	0.978382706164932	0.9431545236188952	0.03522818254603688	AD	ENSG00000022355	0.16513210568454764	-0.4947234138904406	FALSE	58	GABRA1	GABRA1
ENSG00000156011	279	270	9	-0.00824814099363539	0.7572057646116893	0.7924339471577262	-0.03522818254603688	AD	ENSG00000156011	0.16513210568454764	0.04777271567344954	FALSE	58	PSD3	PSD3
ENSG00000147655	357	242	115	0.7564608076837904	0.8074459567654123	0.7722177742193755	0.03522818254603677	AD	ENSG00000147655	0.16453162530024018	-0.24996279904369167	FALSE	58	RSPO2	RSPO2
ENSG00000070961	765	550	215	1.477884344171928	0.9773819055244196	0.9423538831064852	0.03502802241793434	AD	ENSG00000070961	0.16373098478783027	-0.26088951666213767	FALSE	58	ATP2B1	ATP2B1
ENSG00000115977	415	284	131	0.8718885735218924	0.8362690152121698	0.8012409927942354	0.03502802241793434	AD	ENSG00000115977	0.16373098478783027	-0.06932228580981104	FALSE	58	AAK1	AAK1
ENSG00000153814	684	494	190	1.2975284600498938	0.955164131305044	0.9201361088871096	0.03502802241793434	AD	ENSG00000153814	0.16373098478783027	-0.22980008208366343	FALSE	58	JAZF1	JAZF1
ENSG00000118733	700	767	-67	-0.55653002872462	0.9607686148919136	0.9955964771817454	-0.03482786228983181	Control	ENSG00000118733	0.16293034427542033	-0.4301315346611805	FALSE	58	OLFM3	OLFM3
ENSG00000241973	288	280	8	-0.01546237635851677	0.7640112089671738	0.7986389111289032	-0.03462770216172939	AD	ENSG00000241973	0.16253002401921537	0.14189778364746175	FALSE	58	PI4KA	PI4KA
ENSG00000163618	627	621	6	-0.02989084708827952	0.9331465172137712	0.967574059247398	-0.03442754203362686	AD	ENSG00000163618	0.16172938350680544	-0.2641724019103737	FALSE	58	CADPS	CADPS
ENSG00000136770	8	39	-31	-0.29681755558889045	0.3781024819855885	0.41253002401921535	-0.03442754203362686	Control	ENSG00000136770	0.16172938350680544	0.16106548831714207	FALSE	58	DNAJC1	DNAJC1
ENSG00000100242	8	39	-31	-0.29681755558889045	0.3781024819855885	0.41253002401921535	-0.03442754203362686	Control	ENSG00000100242	0.16172938350680544	0.3619968928831731	FALSE	58	SUN2	SUN2
ENSG00000196090	571	408	163	1.1027441051980966	0.9151321056845476	0.8809047237790232	0.03422738190552443	AD	ENSG00000196090	0.16072858286629305	-0.02176875136222023	FALSE	58	PTPRT	PTPRT
ENSG00000131462	82	98	-16	-0.1886040251156698	0.6132906325060048	0.5790632506004804	0.03422738190552443	Control	ENSG00000131462	0.16072858286629305	-0.07754125112733057	FALSE	58	TUBG1	TUBG1
ENSG00000172995	189	144	45	0.2514643321420942	0.6989591673338671	0.6651321056845476	0.03382706164931948	AD	ENSG00000172995	0.16012810248198558	-0.2375037002291407	FALSE	58	ARPP21	ARPP21
ENSG00000235711	22	53	-31	-0.29681755558889045	0.49499599679743794	0.461369095276221	0.03362690152121694	Control	ENSG00000235711	0.15972778222578063	-0.21778586956322687	FALSE	58	ANKRD34C	ANKRD34C
ENSG00000165704	648	461	187	1.2758857539552495	0.9425540432345876	0.9091273018414732	0.03342674139311452	AD	ENSG00000165704	0.1589271417133707	-0.4122641638876772	FALSE	58	HPRT1	HPRT1
ENSG00000162694	9	43	-34	-0.31846026168353453	0.3955164131305044	0.4289431545236189	-0.03342674139311452	Control	ENSG00000162694	0.1589271417133707	-0.11477206167197274	FALSE	58	EXTL2	EXTL2
ENSG00000006128	9	43	-34	-0.31846026168353453	0.3955164131305044	0.4289431545236189	-0.03342674139311452	Control	ENSG00000006128	0.1589271417133707	-0.8188078480733019	TRUE	59	TAC1	TAC1
ENSG00000010256	3	8	-5	-0.10924743610197464	0.24079263410728585	0.2075660528422738	0.03322658126501202	Control	ENSG00000010256	0.15792634107285827	-0.13497697212600102	FALSE	59	UQCRC1	UQCRC1
ENSG00000178015	3	8	-5	-0.10924743610197464	0.24079263410728585	0.2075660528422738	0.03322658126501202	Control	ENSG00000178015	0.15792634107285827	-0.11538760551843996	FALSE	59	GPR150	GPR150
ENSG00000172375	444	411	33	0.16489350776351763	0.8498799039231385	0.8831064851881505	-0.03322658126501199	AD	ENSG00000172375	0.15732586068855084	-0.09016868146556511	FALSE	59	C2CD2L	C2CD2L
ENSG00000104490	618	606	12	0.01339456510100873	0.9315452361889512	0.9643714971977582	-0.03282626100880703	AD	ENSG00000104490	0.1565252201761409	-0.44727473151563224	FALSE	59	NCALD	NCALD
ENSG00000101911	510	367	143	0.9584593979004692	0.8891112890312249	0.8562850280224179	0.03282626100880703	AD	ENSG00000101911	0.1565252201761409	-0.21404271659839047	FALSE	59	PRPS2	PRPS2
ENSG00000170786	317	211	106	0.691532689399858	0.7790232185748599	0.7461969575660529	0.03282626100880703	AD	ENSG00000170786	0.1565252201761409	-0.2179537967499403	FALSE	59	SDR16C5	SDR16C5
ENSG00000142937	4	20	-16	-0.1886040251156698	0.2822257806244996	0.3146517213771017	-0.03242594075260208	Control	ENSG00000142937	0.1555244195356285	-0.13358073500121215	FALSE	59	RPS8	RPS8
ENSG00000138071	4	20	-16	-0.1886040251156698	0.2822257806244996	0.3146517213771017	-0.03242594075260208	Control	ENSG00000138071	0.1555244195356285	0.00646720064661465	FALSE	59	ACTR2	ACTR2
ENSG00000101977	347	336	11	0.00618032973612735	0.8022417934347478	0.8344675740592474	-0.03222578062449965	AD	ENSG00000101977	0.15492393915132105	-0.2245387198589732	FALSE	59	MCF2	MCF2
ENSG00000155511	13	38	-25	-0.25353214339960217	0.4415532425940753	0.4093274619695757	0.0322257806244996	Control	ENSG00000155511	0.1545236188951161	-0.13352458618811092	FALSE	59	GRIA1	GRIA1
ENSG00000205629	119	119	0	-0.07317625927756778	0.6509207365892714	0.6188951160928743	0.03202562049639712	Control	ENSG00000205629	0.15412329863891114	-0.16427956740649385	FALSE	59	LCMT1	LCMT1
ENSG00000172209	590	424	166	1.1243868112927409	0.922738190552442	0.8909127301841473	0.0318254603682947	AD	ENSG00000172209	0.15352281825460368	-0.20292184640552335	FALSE	59	GPR22	GPR22
ENSG00000110987	351	338	13	0.0206088004658901	0.8044435548438751	0.8362690152121698	-0.0318254603682947	AD	ENSG00000110987	0.15352281825460368	-0.07283721598860105	FALSE	59	BCL7A	BCL7A
ENSG00000166342	469	328	141	0.9440309271707064	0.8624899919935949	0.8306645316253003	0.03182546036829459	AD	ENSG00000166342	0.15272217774219377	-0.23920990632706207	FALSE	59	NETO1	NETO1
ENSG00000120265	451	314	137	0.9151739857111808	0.8536829463570856	0.821857485988791	0.03182546036829459	AD	ENSG00000120265	0.15272217774219377	-0.15162059087637658	FALSE	59	PCMT1	PCMT1
ENSG00000183454	531	521	10	-0.00103390562875401	0.8979183346677342	0.9295436349079264	-0.03162530024019217	AD	ENSG00000183454	0.1521216973578863	-0.20821189886081548	FALSE	59	GRIN2A	GRIN2A
ENSG00000156140	3	14	-11	-0.1525328482912629	0.24079263410728585	0.27241793434747796	-0.03162530024019214	Control	ENSG00000156140	0.1513210568454764	-0.11404189329634118	FALSE	59	ADAMTS3	ADAMTS3
ENSG00000173905	3	14	-11	-0.1525328482912629	0.24079263410728585	0.27241793434747796	-0.03162530024019214	Control	ENSG00000173905	0.1513210568454764	0.4386505782707903	FALSE	59	GOLIM4	GOLIM4
ENSG00000101421	3	14	-11	-0.1525328482912629	0.24079263410728585	0.27241793434747796	-0.03162530024019214	Control	ENSG00000101421	0.1513210568454764	-0.16430497425963075	FALSE	59	CHMP4B	CHMP4B
ENSG00000162374	606	431	175	1.1893149295766732	0.9259407526020816	0.894515612489992	0.03142514011208963	AD	ENSG00000162374	0.15032025620496398	-0.3256710853221918	FALSE	59	ELAVL4	ELAVL4
ENSG00000156735	633	451	182	1.2398145771308426	0.9349479583666932	0.9035228182546036	0.03142514011208963	AD	ENSG00000156735	0.15032025620496398	-0.16763856852012893	FALSE	59	BAG4	BAG4
ENSG00000203772	112	117	-5	-0.10924743610197464	0.6451160928742994	0.6140912730184147	0.03102481985588467	Control	ENSG00000203772	0.14951961569255404	-0.01648761551525091	FALSE	59	SPRN	SPRN
ENSG00000142676	6	29	-23	-0.23910367266983945	0.33767013610888713	0.3686949559647718	-0.03102481985588467	Control	ENSG00000142676	0.14951961569255404	-0.07930042223241074	FALSE	59	RPL11	RPL11
ENSG00000163995	545	399	146	0.9801021039951132	0.9049239391513212	0.8740992794235388	0.03082465972778225	AD	ENSG00000163995	0.1489191353082466	-0.03339447747949009	FALSE	59	ABLIM2	ABLIM2
ENSG00000176204	690	514	176	1.1965291649415546	0.9577662129703765	0.9271417133706964	0.03062449959967983	AD	ENSG00000176204	0.14831865492393914	-0.12099007872100742	FALSE	59	LRRTM4	LRRTM4
ENSG00000115840	269	257	12	0.01339456510100873	0.7520016012810248	0.7826261008807046	-0.03062449959967983	AD	ENSG00000115840	0.14831865492393914	-0.1280241349458482	FALSE	59	SLC25A12	SLC25A12
ENSG00000110931	344	237	107	0.6987469247647394	0.7990392313851081	0.7686148919135308	0.0304243394715773	AD	ENSG00000110931	0.1477181745396317	-0.19840803742609303	FALSE	59	CAMKK2	CAMKK2
ENSG00000163110	6	19	-13	-0.16696131902102565	0.33767013610888713	0.3074459567654123	0.03022417934347482	Control	ENSG00000163110	0.14731785428342675	0.41046338666880544	FALSE	59	PDLIM5	PDLIM5
ENSG00000225465	739	549	190	1.2975284600498938	0.9719775820656524	0.9417534027221778	0.03022417934347476	AD	ENSG00000225465	0.14631705364291434	-0.17423340293877132	FALSE	59	RFPL1S	RFPL1S
ENSG00000139350	168	139	29	0.1360365663039921	0.6853482786228983	0.6551240992794235	0.03022417934347476	AD	ENSG00000139350	0.14631705364291434	0.2902095702107541	FALSE	59	NEDD1	NEDD1
ENSG00000204186	28	84	-56	-0.4771734397109249	0.5164131305044035	0.5466373098478783	-0.03022417934347476	Control	ENSG00000204186	0.14631705364291434	0.00986074421322236	FALSE	59	ZDBF2	ZDBF2
ENSG00000067829	28	84	-56	-0.4771734397109249	0.5164131305044035	0.5466373098478783	-0.03022417934347476	Control	ENSG00000067829	0.14631705364291434	-0.09182160434154696	FALSE	59	IDH3G	IDH3G
ENSG00000175874	697	717	-20	-0.21746096657519529	0.9599679743795037	0.989991993594876	-0.03002401921537223	Control	ENSG00000175874	0.14531625300240192	-0.22327928888700477	FALSE	59	CREG2	CREG2
ENSG00000102385	197	202	-5	-0.10924743610197464	0.7053642914331465	0.7351881505204163	-0.02982385908726981	Control	ENSG00000102385	0.14491593274619696	-0.11706630289500096	FALSE	59	DRP2	DRP2
ENSG00000183662	155	173	-18	-0.20303249584543256	0.6787429943955164	0.7083666933546837	-0.02962369895916727	Control	ENSG00000183662	0.144515612489992	-0.4414429123985322	FALSE	59	TAFA1	TAFA1
ENSG00000149970	723	535	188	1.283099989320131	0.966773418734988	0.9375500400320256	0.02922337870296243	AD	ENSG00000149970	0.14411529223378702	-0.10460220762662507	FALSE	59	CNKSR2	CNKSR2
ENSG00000177875	444	312	132	0.8791028088867738	0.8498799039231385	0.8206565252201762	0.02922337870296232	AD	ENSG00000177875	0.14371497197758207	-0.36788164104615895	FALSE	59	CCDC184	CCDC184
ENSG00000032389	26	79	-53	-0.4555307336162807	0.5092073658927142	0.5382305844675741	-0.0290232185748599	Control	ENSG00000032389	0.1433146517213771	-0.12634317118935634	FALSE	59	EIPR1	EIPR1
ENSG00000177917	23	56	-33	-0.31124602631865317	0.4981985588470776	0.4695756605284227	0.02862289831865488	Control	ENSG00000177917	0.14291433146517213	0.24275891947104355	FALSE	59	ARL6IP6	ARL6IP6
ENSG00000169139	485	448	37	0.19375044922304316	0.8746997598078463	0.9031224979983988	-0.02842273819055241	AD	ENSG00000169139	0.1423138510808647	-0.2558642802154747	FALSE	59	UBE2V2	UBE2V2
ENSG00000168297	7	33	-26	-0.26074637876448353	0.3592874299439552	0.3877101681345076	-0.02842273819055241	Control	ENSG00000168297	0.1423138510808647	0.1696619128829031	FALSE	59	PXK	PXK
ENSG00000054803	457	413	44	0.2442500967772128	0.8566853482786229	0.8849079263410728	-0.02822257806244998	AD	ENSG00000054803	0.14171337069655723	-0.4332126260191486	FALSE	59	CBLN4	CBLN4
ENSG00000160716	505	369	136	0.9079597503462994	0.8859087269815853	0.8578863090472378	0.02802241793434745	AD	ENSG00000160716	0.1411128903122498	-0.11812876845126752	FALSE	59	CHRNB2	CHRNB2
ENSG00000136003	351	333	18	0.05667997729029699	0.8044435548438751	0.8324659727782225	-0.02802241793434745	AD	ENSG00000136003	0.1411128903122498	-0.07936320406095554	FALSE	59	ISCU	ISCU
ENSG00000158806	171	141	30	0.14325080166887352	0.6867493995196157	0.6591273018414732	0.0276220976781425	AD	ENSG00000158806	0.14051240992794237	-0.12113446052538102	FALSE	59	NPM2	NPM2
ENSG00000114279	792	587	205	1.4057419905231143	0.984987990392314	0.9575660528422738	0.02742193755004007	AD	ENSG00000114279	0.13971176941553243	-0.40673392580270296	FALSE	59	FGF12	FGF12
ENSG00000013392	485	355	130	0.8646743381570111	0.8746997598078463	0.8472778222578062	0.02742193755004007	AD	ENSG00000013392	0.13971176941553243	-0.05271749736989228	FALSE	59	RWDD2A	RWDD2A
ENSG00000123352	246	230	16	0.04225150656053424	0.7363891112890312	0.7638110488390712	-0.02742193755004007	AD	ENSG00000123352	0.13971176941553243	-0.16730431996346873	FALSE	59	SPATS2	SPATS2
ENSG00000169439	2	8	-6	-0.11646167146685604	0.1801441152922338	0.2075660528422738	-0.02742193755004002	Control	ENSG00000169439	0.13831064851881505	0.43201957459363705	FALSE	59	SDC2	SDC2
ENSG00000117519	2	8	-6	-0.11646167146685604	0.1801441152922338	0.2075660528422738	-0.02742193755004002	Control	ENSG00000117519	0.13831064851881505	0.40508460030015137	FALSE	59	CNN3	CNN3
ENSG00000174099	2	8	-6	-0.11646167146685604	0.1801441152922338	0.2075660528422738	-0.02742193755004002	Control	ENSG00000174099	0.13831064851881505	0.34963845836987417	FALSE	59	MSRB3	MSRB3
ENSG00000184076	2	8	-6	-0.11646167146685604	0.1801441152922338	0.2075660528422738	-0.02742193755004002	Control	ENSG00000184076	0.13831064851881505	-0.17623036112702906	FALSE	59	UQCR10	UQCR10
ENSG00000215475	56	86	-30	-0.28960332022400903	0.5798638911128903	0.5524419535628503	0.02742193755003996	Control	ENSG00000215475	0.13730984787830264	-0.1374431670108942	FALSE	59	SIAH3	SIAH3
ENSG00000151376	89	105	-16	-0.1886040251156698	0.6210968775020016	0.59387510008006406	0.02722177742193754	Control	ENSG00000151376	0.1367093674939952	-0.13008043368707511	FALSE	59	ME3	ME3
ENSG00000197217	108	146	-38	-0.3473172031430601	0.639911929543635	0.6671337069655725	-0.02722177742193754	Control	ENSG00000197217	0.1367093674939952	-0.02677760689255315	FALSE	59	ENTPD4	ENTPD4
ENSG00000185742	681	671	10	-0.00103390562875401	0.9547638110488392	0.981785428342674	-0.02702161729383501	AD	ENSG00000185742	0.13590872698158526	-0.19959446056666508	FALSE	59	C11orf87	C11orf87
ENSG00000233487	140	129	11	0.00618032973612735	0.6673338670936749	0.6403122497998399	0.02702161729383501	AD	ENSG00000233487	0.13590872698158526	-0.3636719416901135	FALSE	59	RPSAP69	RPSAP69
ENSG00000169258	334	231	103	0.6698899833052139	0.7910328262610088	0.7642113690952762	0.02682145716573258	AD	ENSG00000169258	0.13490792634107285	0.07530188465327292	FALSE	59	GPRIN1	GPRIN1
ENSG00000184203	21	71	-50	-0.4338880275216366	0.4913931144915933	0.5182145716573259	-0.02682145716573258	Control	ENSG00000184203	0.13490792634107285	-0.25535535201277604	FALSE	59	PPP1R2	PPP1R2
ENSG00000101247	9	29	-20	-0.21746096657519529	0.3955164131305044	0.3686949559647718	0.02682145716573258	Control	ENSG00000101247	0.13490792634107285	-0.1704816612836204	FALSE	59	NDUFAF5	NDUFAF5
ENSG00000114573	689	680	9	-0.00824814099363539	0.9571657325860689	0.9837870296236988	-0.02662129703763005	AD	ENSG00000114573	0.13410728582866294	-0.1088654947942107	FALSE	59	ATP6V1A	ATP6V1A
ENSG00000100321	666	507	159	1.0738871637385712	0.9513610888710968	0.9251401120896716	0.02622097678142509	AD	ENSG00000100321	0.13350680544435548	-0.10794468368211164	FALSE	59	SYNGR1	SYNGR1
ENSG00000155093	299	279	20	0.07110844802005974	0.7712169735788631	0.7974379503602882	-0.02622097678142509	AD	ENSG00000155093	0.13350680544435548	-0.06378567979993477	FALSE	59	PTPRN2	PTPRN2
ENSG00000156515	331	302	29	0.1360365663039921	0.7880304243394716	0.8138510808646917	-0.02582065652522014	AD	ENSG00000156515	0.13290632506004804	-7.801749143858672e-4	FALSE	59	HK1	HK1
ENSG00000164830	282	259	23	0.09275115411470387	0.7590072057646117	0.7844275420336269	-0.02542033626901518	AD	ENSG00000164830	0.13250600480384309	-0.02905886284727898	FALSE	59	OXR1	OXR1
ENSG00000239911	308	284	24	0.09996538947958523	0.7760208166533227	0.8012409927942354	-0.02522017614091276	AD	ENSG00000239911	0.13150520416333067	-0.2264201015483831	FALSE	59	PRKAG2-AS1	PRKAG2-AS1
ENSG00000180440	444	401	43	0.2370358614123314	0.8498799039231385	0.8751000800640513	-0.02522017614091276	AD	ENSG00000180440	0.13150520416333067	-0.6801235954787446	TRUE	60	SERTM1	SERTM1
ENSG00000267909	404	290	114	0.749246572318909	0.8308646917534027	0.80564451561249	0.02522017614091276	AD	ENSG00000267909	0.13150520416333067	0.02833912115297288	FALSE	60	CCDC177	CCDC177
ENSG00000204116	369	341	28	0.12882233093911075	0.8130504403522818	0.8382706164931946	-0.02522017614091276	AD	ENSG00000204116	0.13150520416333067	-0.1204427651989981	FALSE	60	CHIC1	CHIC1
ENSG00000109738	799	596	203	1.3913135197933515	0.9863891112890312	0.9611689351481184	0.02522017614091265	AD	ENSG00000109738	0.13050440352281825	-0.22019677544179397	FALSE	60	GLRB	GLRB
ENSG00000155744	400	289	111	0.727603866224265	0.8298638911128903	0.80484387510008	0.02502001601281023	AD	ENSG00000155744	0.12990392313851082	-0.19094291000105557	FALSE	60	HYCC2	HYCC2
ENSG00000115762	173	178	-5	-0.10924743610197464	0.688550840672538	0.7135708566853483	-0.02502001601281023	Control	ENSG00000115762	0.12990392313851082	-0.08512552297359655	FALSE	60	PLEKHB2	PLEKHB2
ENSG00000178467	121	153	-32	-0.3040317909537718	0.6527221777421938	0.6775420336269016	-0.02481985588470781	Control	ENSG00000178467	0.12910328262610088	-0.00531119534230661	FALSE	60	P4HTM	P4HTM
ENSG00000174460	135	128	7	-0.02267661172339814	0.6623298638911129	0.6375100080064051	0.02481985588470781	AD	ENSG00000174460	0.12910328262610088	-0.34604240720037716	FALSE	60	ZCCHC12	ZCCHC12
ENSG00000100030	238	222	16	0.04225150656053424	0.7311849479583667	0.755804643714972	-0.02461969575660527	AD	ENSG00000100030	0.12850280224179345	-0.03820677149459506	FALSE	60	MAPK1	MAPK1
ENSG00000075391	326	294	32	0.15767927239863627	0.7848278622898318	0.8092473979183347	-0.02441953562850285	AD	ENSG00000075391	0.12810248198558846	-0.05972840072102059	FALSE	60	RASAL2	RASAL2
ENSG00000133019	800	600	200	1.3696708136987077	0.9869895916733388	0.962570056044836	0.02441953562850274	AD	ENSG00000133019	0.1277021617293835	-0.19156726068520236	FALSE	60	CHRM3	CHRM3
ENSG00000128594	286	203	83	0.5256052760075864	0.761208967173739	0.7375900720576462	0.02361889511609283	AD	ENSG00000128594	0.12710168134507607	0.05552694923886925	FALSE	60	LRRC4	LRRC4
ENSG00000233087	63	92	-29	-0.28238908485912767	0.5910728582866293	0.5674539631705364	0.02361889511609283	Control	ENSG00000233087	0.12710168134507607	-0.19285543257267168	FALSE	60	RAB6D	RAB6D
ENSG00000116329	12	38	-26	-0.26074637876448353	0.43274619695756605	0.4093274619695757	0.02341873498799041	Control	ENSG00000116329	0.1265012009607686	0.1853838780048367	FALSE	60	OPRD1	OPRD1
ENSG00000166111	737	562	175	1.1893149295766732	0.9713771016813452	0.9481585268214572	0.02321857485988787	AD	ENSG00000166111	0.1255004003202562	-0.387220020915203	FALSE	60	SVOP	SVOP
ENSG00000109158	737	562	175	1.1893149295766732	0.9713771016813452	0.9481585268214572	0.02321857485988787	AD	ENSG00000109158	0.1255004003202562	-0.2473050647551336	FALSE	60	GABRA4	GABRA4
ENSG00000164076	596	560	36	0.18653621385816177	0.9239391513210568	0.9471577261809448	-0.02321857485988787	AD	ENSG00000164076	0.1255004003202562	-0.06549102897066383	FALSE	60	CAMKV	CAMKV
ENSG00000070087	474	422	52	0.3019639796962638	0.8658927141713371	0.8891112890312249	-0.02321857485988787	AD	ENSG00000070087	0.1255004003202562	-0.30098557908190493	FALSE	60	PFN2	PFN2
ENSG00000165379	540	406	134	0.8935312796165366	0.901921537229784	0.8789031224979984	0.02301841473178545	AD	ENSG00000165379	0.12429943955164131	-0.142430581846396	FALSE	60	LRFN5	LRFN5
ENSG00000165168	6	20	-14	-0.17417555438590704	0.33767013610888713	0.3146517213771017	0.02301841473178545	Control	ENSG00000165168	0.12429943955164131	0.5260257359551836	TRUE	61	CYBB	CYBB
ENSG00000139637	3	13	-10	-0.14531861292638154	0.24079263410728585	0.26381104883907125	-0.02301841473178542	Control	ENSG00000139637	0.1232986389111289	-0.1923608033882385	FALSE	61	MYG1	MYG1
ENSG00000287705	3	13	-10	-0.14531861292638154	0.24079263410728585	0.26381104883907125	-0.02301841473178542	Control	ENSG00000287705	0.1232986389111289	-0.3972051165161208	FALSE	61	NA	ENSG00000287705
ENSG00000158869	3	13	-10	-0.14531861292638154	0.24079263410728585	0.26381104883907125	-0.02301841473178542	Control	ENSG00000158869	0.1232986389111289	0.41364958332217583	FALSE	61	FCER1G	FCER1G
ENSG00000189195	168	142	26	0.114393860209348	0.6853482786228983	0.6623298638911129	0.02301841473178534	AD	ENSG00000189195	0.12249799839871897	-0.23056025366624233	FALSE	61	BTBD8	BTBD8
ENSG00000119638	14	57	-43	-0.38338837996746694	0.4499599679743795	0.47277822257806246	-0.02281825460368297	Control	ENSG00000119638	0.12209767814251402	0.133995660488754	FALSE	61	NEK9	NEK9
ENSG00000166159	469	344	125	0.8286031613326041	0.8624899919935949	0.8398718975180144	0.02261809447558049	AD	ENSG00000166159	0.12149719775820657	-0.1677249496530564	FALSE	61	LRTM2	LRTM2
ENSG00000149305	72	123	-51	-0.44110226288651794	0.6040832666132906	0.6267013610888711	-0.02261809447558049	Control	ENSG00000149305	0.12149719775820657	-0.350947294315036	FALSE	61	HTR3B	HTR3B
ENSG00000166908	38	94	-56	-0.4771734397109249	0.5488390712570056	0.5712570056044836	-0.02241793434747796	Control	ENSG00000166908	0.12089671737389912	0.07299628982704043	FALSE	61	PIP4K2C	PIP4K2C
ENSG00000282164	514	391	123	0.8141746906028414	0.8915132105684548	0.8692954363490792	0.02221777421937554	AD	ENSG00000282164	0.12029623698959167	0.01618597732798044	FALSE	61	PEG13	PEG13
ENSG00000148408	117	123	-6	-0.11646167146685604	0.6489191353082466	0.6267013610888711	0.02221777421937554	Control	ENSG00000148408	0.12029623698959167	0.06868083149923265	FALSE	61	CACNA1B	CACNA1B
ENSG00000069869	2	5	-3	-0.0948189653722119	0.1801441152922338	0.15792634107285827	0.02221777421937551	Control	ENSG00000069869	0.11869495596477182	0.505592799667399	TRUE	62	NEDD4	NEDD4
ENSG00000114353	2	5	-3	-0.0948189653722119	0.1801441152922338	0.15792634107285827	0.02221777421937551	Control	ENSG00000114353	0.11869495596477182	0.0713065283288099	FALSE	62	GNAI2	GNAI2
ENSG00000146535	2	5	-3	-0.0948189653722119	0.1801441152922338	0.15792634107285827	0.02221777421937551	Control	ENSG00000146535	0.11869495596477182	0.22349501553965467	FALSE	62	GNA12	GNA12
ENSG00000010017	2	5	-3	-0.0948189653722119	0.1801441152922338	0.15792634107285827	0.02221777421937551	Control	ENSG00000010017	0.11869495596477182	2.5155437830370886e-4	FALSE	62	RANBP9	RANBP9
ENSG00000167815	2	5	-3	-0.0948189653722119	0.1801441152922338	0.15792634107285827	0.02221777421937551	Control	ENSG00000167815	0.11869495596477182	-0.04886341284499984	FALSE	62	PRDX2	PRDX2
ENSG00000196664	2	5	-3	-0.0948189653722119	0.1801441152922338	0.15792634107285827	0.02221777421937551	Control	ENSG00000196664	0.11869495596477182	0.562211352475007	TRUE	63	TLR7	TLR7
ENSG00000141458	19	52	-33	-0.31124602631865317	0.48078462770216174	0.45856685348278625	0.02221777421937548	Control	ENSG00000141458	0.11729383506805445	0.3655996740024481	FALSE	63	NPC1	NPC1
ENSG00000166206	807	619	188	1.283099989320131	0.989191353082466	0.967173738991193	0.022017614091273	AD	ENSG00000166206	0.11649319455564451	-0.16545300160417575	FALSE	63	GABRB3	GABRB3
ENSG00000130368	504	380	124	0.8213889259677228	0.8851080864691754	0.8630904723779024	0.022017614091273	AD	ENSG00000130368	0.11649319455564451	-0.39671802946851376	FALSE	63	MAS1	MAS1
ENSG00000163399	275	252	23	0.09275115411470387	0.7556044835868695	0.7776220976781425	-0.022017614091273	AD	ENSG00000163399	0.11649319455564451	-0.1219877562781342	FALSE	63	ATP1A1	ATP1A1
ENSG00000136928	800	608	192	1.3119569307796566	0.9869895916733388	0.9651721377101682	0.02181745396317047	AD	ENSG00000136928	0.11569255404323459	-0.29165789352318683	FALSE	63	GABBR2	GABBR2
ENSG00000165152	345	313	32	0.15767927239863627	0.7996397117694155	0.8212570056044836	-0.02161729383506805	AD	ENSG00000165152	0.11529223378702963	-0.19313275447340497	FALSE	63	PGAP4	PGAP4
ENSG00000040199	49	84	-35	-0.32567449704841595	0.5680544435548439	0.5466373098478783	0.02141713370696563	Control	ENSG00000040199	0.11489191353082466	0.0774115415676011	FALSE	63	PHLPP2	PHLPP2
ENSG00000145063	46	101	-55	-0.4699592043460435	0.5640512409927942	0.5854683746997598	-0.02141713370696552	Control	ENSG00000145063	0.11449159327461969	-0.19867883586547383	FALSE	63	NA	ENSG00000145063
ENSG00000089199	717	690	27	0.1216080955742294	0.9651721377101682	0.9863891112890312	-0.02121697357886298	AD	ENSG00000089199	0.11409127301841474	-0.4197079279887692	FALSE	63	CHGB	CHGB
ENSG00000005810	273	201	72	0.4462486869938913	0.7540032025620497	0.732986389111289	0.02101681345076067	AD	ENSG00000005810	0.11349079263410729	0.01251478284790685	FALSE	63	MYCBP2	MYCBP2
ENSG00000165169	34	70	-36	-0.3328887324132973	0.5368294635708567	0.515812650120096	0.02101681345076067	Control	ENSG00000165169	0.11349079263410729	-0.2543474520292843	FALSE	63	DYNLT3	DYNLT3
ENSG00000101489	517	393	124	0.8213889259677228	0.8923138510808647	0.8714971977582066	0.02081665332265814	AD	ENSG00000101489	0.11289031224979984	-0.19233150145667643	FALSE	63	CELF4	CELF4
ENSG00000008086	568	428	140	0.9368166918058248	0.9139311449159327	0.8935148118494796	0.02041633306645318	AD	ENSG00000008086	0.11208967173738991	-0.06073844891039925	FALSE	63	CDKL5	CDKL5
ENSG00000139174	359	327	32	0.15767927239863627	0.8086469175340272	0.8290632506004804	-0.02041633306645318	AD	ENSG00000139174	0.11208967173738991	-0.17747564961915785	FALSE	63	PRICKLE1	PRICKLE1
ENSG00000186642	129	154	-25	-0.25353214339960217	0.6591273018414732	0.6795436349079264	-0.02041633306645318	Control	ENSG00000186642	0.11208967173738991	-0.02335664823649708	FALSE	63	PDE2A	PDE2A
ENSG00000166448	746	743	3	-0.05153355318292365	0.97257806244996	0.9927942353883108	-0.02021617293835076	AD	ENSG00000166448	0.1110888710968775	-0.25475781803479336	FALSE	63	TMEM130	TMEM130
ENSG00000132842	103	140	-37	-0.34010296777817867	0.6361088871096877	0.6563250600480385	-0.02021617293835076	Control	ENSG00000132842	0.1110888710968775	0.09807329643577134	FALSE	63	AP3B1	AP3B1
ENSG00000088992	5	22	-17	-0.19581826048055115	0.3122497998398719	0.3324659727782226	-0.0202161729383507	Control	ENSG00000088992	0.11048839071257005	-0.18666841279052093	FALSE	63	TESC	TESC
ENSG00000176749	702	671	31	0.15046503703375488	0.9615692554043236	0.981785428342674	-0.02021617293835065	AD	ENSG00000176749	0.10988791032826262	-0.1450210059214481	FALSE	63	CDK5R1	CDK5R1
ENSG00000061918	634	583	51	0.2947497443313824	0.9357485988791032	0.955964771817454	-0.02021617293835065	AD	ENSG00000061918	0.10988791032826262	-0.27541105917822684	FALSE	63	GUCY1B1	GUCY1B1
ENSG00000072201	657	512	145	0.9728878686302318	0.9463570856685348	0.9263410728582866	0.02001601281024823	AD	ENSG00000072201	0.10908726981585268	-0.04866466217044696	FALSE	63	LNX1	LNX1
ENSG00000169851	640	487	153	1.030601751549283	0.9387510008006406	0.9187349879903924	0.02001601281024823	AD	ENSG00000169851	0.10908726981585268	-0.06149484925020943	FALSE	63	PCDH7	PCDH7
ENSG00000067182	3	9	-6	-0.11646167146685604	0.24079263410728585	0.2207766212970376	0.0200160128102482	Control	ENSG00000067182	0.10828662930344275	0.565667171294999	TRUE	64	TNFRSF1A	TNFRSF1A
ENSG00000144579	3	9	-6	-0.11646167146685604	0.24079263410728585	0.2207766212970376	0.0200160128102482	Control	ENSG00000144579	0.10828662930344275	0.11989301916851323	FALSE	64	CTDSP1	CTDSP1
ENSG00000162944	10	43	-33	-0.31124602631865317	0.4091273018414732	0.4289431545236189	-0.01981585268214575	Control	ENSG00000162944	0.1076861489191353	0.20099770112529747	FALSE	64	RFTN2	RFTN2
ENSG00000149927	556	423	133	0.8863170442516553	0.9097277822257808	0.889911929543635	0.01981585268214569	AD	ENSG00000149927	0.10728582866293035	-0.08373567205150678	FALSE	64	DOC2A	DOC2A
ENSG00000197444	298	216	82	0.518391040642705	0.7702161729383507	0.7506004803843075	0.01961569255404316	AD	ENSG00000197444	0.10688550840672538	-0.0793849645557767	FALSE	64	OGDHL	OGDHL
ENSG00000158560	696	541	155	1.0450302222790455	0.9593674939951962	0.9399519615692554	0.01941553242594074	AD	ENSG00000158560	0.10608486789431545	-0.2964033532919643	FALSE	64	DYNC1I1	DYNC1I1
ENSG00000108947	396	355	41	0.22260739068256863	0.8278622898318655	0.8472778222578062	-0.01941553242594074	AD	ENSG00000108947	0.10608486789431545	-0.04056165621457097	FALSE	64	EFNB3	EFNB3
ENSG00000124243	303	273	30	0.14325080166887352	0.7744195356285029	0.7938350680544436	-0.01941553242594074	AD	ENSG00000124243	0.10608486789431545	-0.02872298170420428	FALSE	64	BCAS4	BCAS4
ENSG00000109436	587	447	140	0.9368166918058248	0.92173738991192955	0.9025220176140912	0.01921537229783831	AD	ENSG00000109436	0.10528422738190553	-0.15263111106241212	FALSE	64	TBC1D9	TBC1D9
ENSG00000163827	22	58	-36	-0.3328887324132973	0.49499599679743794	0.4757806244995997	0.01921537229783826	Control	ENSG00000163827	0.10488390712570056	-0.144078448555911	FALSE	64	LRRC2	LRRC2
ENSG00000154917	733	707	26	0.114393860209348	0.9699759807846275	0.9889911929543634	-0.01901521216973578	AD	ENSG00000154917	0.10388310648518816	-0.07458920182438966	FALSE	64	RAB6B	RAB6B
ENSG00000145087	718	559	159	1.0738871637385712	0.9655724579663733	0.9465572457966374	0.01901521216973578	AD	ENSG00000145087	0.10388310648518816	-0.19004771790958408	FALSE	64	STXBP5L	STXBP5L
ENSG00000172086	33	70	-37	-0.34010296777817867	0.5348278622898318	0.515812650120096	0.01901521216973578	Control	ENSG00000172086	0.10388310648518816	0.04588690128607808	FALSE	64	KRCC1	KRCC1
ENSG00000140284	101	137	-36	-0.3328887324132973	0.6331064851881505	0.6521216973578863	-0.01901521216973578	Control	ENSG00000140284	0.10388310648518816	-0.06288562306647627	FALSE	64	SLC27A2	SLC27A2
ENSG00000184368	888	668	220	1.5139555209963351	0.999599679743795	0.9807846277021616	0.01881505204163336	AD	ENSG00000184368	0.10228182546036829	-0.2783730619485567	FALSE	64	MAP7D2	MAP7D2
ENSG00000159082	766	594	172	1.167672223482029	0.978382706164932	0.9595676541232986	0.01881505204163336	AD	ENSG00000159082	0.10228182546036829	-0.0872231000011503	FALSE	64	SYNJ1	SYNJ1
ENSG00000055163	612	467	145	0.9728878686302318	0.9291433146517214	0.910328262610088	0.01881505204163336	AD	ENSG00000055163	0.10228182546036829	-0.01130159390762486	FALSE	64	CYFIP2	CYFIP2
ENSG00000074590	354	265	89	0.5688906881968746	0.8062449959967974	0.7874299439551641	0.01881505204163336	AD	ENSG00000074590	0.10228182546036829	-0.17059259472961583	FALSE	64	NUAK1	NUAK1
ENSG00000198961	397	355	42	0.22982162604745	0.8286629303442754	0.8472778222578062	-0.01861489191353083	AD	ENSG00000198961	0.10128102481985589	-0.2789611262216223	FALSE	64	PJA2	PJA2
ENSG00000134265	321	228	93	0.5977476296564002	0.7812249799839872	0.7628102481985588	0.0184147317854284	AD	ENSG00000134265	0.10088070456365092	-0.07517377023694216	FALSE	64	NAPG	NAPG
ENSG00000135622	4	13	-9	-0.13810437756150015	0.2822257806244996	0.26381104883907125	0.01841473178542835	Control	ENSG00000135622	0.10048038430744596	-6.423524988896645e-4	FALSE	64	SEMA4F	SEMA4F
ENSG00000110148	139	134	5	-0.0371050824531609	0.666533226581265	0.6481184947958367	0.01841473178542829	AD	ENSG00000110148	0.09987990392313852	-0.33020691676929737	FALSE	64	CCKBR	CCKBR
ENSG00000253719	70	119	-49	-0.4266737921567552	0.600480384307446	0.6188951160928743	-0.01841473178542829	Control	ENSG00000253719	0.09987990392313852	-0.17119503355769616	FALSE	64	ATXN7L3B	ATXN7L3B
ENSG00000170091	232	175	57	0.3380351565206707	0.7285828662930345	0.710568454763811	0.01801441152922345	AD	ENSG00000170091	0.09927942353883107	-0.3973370856850398	FALSE	64	NSG2	NSG2
ENSG00000180875	390	348	42	0.22982162604745	0.8240592473979184	0.8416733386709367	-0.01761409127301838	AD	ENSG00000180875	0.0988791032826261	-0.28613325585362137	FALSE	64	GREM2	GREM2
ENSG00000089818	836	649	187	1.2758857539552495	0.9939951961569256	0.976781425140112	0.01721377101681343	AD	ENSG00000089818	0.09847878302642114	-0.22101438930221207	FALSE	64	NECAP1	NECAP1
ENSG00000169032	422	319	103	0.6698899833052139	0.8408726981585268	0.8242594075260208	0.01661329063250605	AD	ENSG00000169032	0.09807846277021617	-0.07969082156257556	FALSE	64	MAP2K1	MAP2K1
ENSG00000075340	785	618	167	1.131601046657622	0.9831865492393916	0.966773418734988	0.01641313050440351	AD	ENSG00000075340	0.09747798238590873	-0.14405094892725143	FALSE	64	ADD2	ADD2
ENSG00000126950	639	498	141	0.9440309271707064	0.9373498799039232	0.9209367493995196	0.01641313050440351	AD	ENSG00000126950	0.09747798238590873	-0.1806348568113343	FALSE	64	TMEM35A	TMEM35A
ENSG00000137267	117	144	-27	-0.26796061412936495	0.6489191353082466	0.6651321056845476	-0.01621297037630098	Control	ENSG00000137267	0.09687750200160128	-0.20424040783863973	FALSE	64	TUBB2A	TUBB2A
ENSG00000138207	25	63	-38	-0.3473172031430601	0.505804643714972	0.4897918334667734	0.01601281024819861	Control	ENSG00000138207	0.09647718174539632	-0.27424537503665114	FALSE	64	RBP4	RBP4
ENSG00000066248	731	686	45	0.2514643321420942	0.9695756605284228	0.9855884707766212	-0.01601281024819856	AD	ENSG00000066248	0.09587670136108888	-0.10673683223095054	FALSE	64	NGEF	NGEF
ENSG00000138686	51	88	-37	-0.34010296777817867	0.5724579663730984	0.5564451561248999	0.01601281024819856	Control	ENSG00000138686	0.09587670136108888	-0.11076717694238702	FALSE	64	BBS7	BBS7
ENSG00000172247	296	219	77	0.48231986381829817	0.7688150520416333	0.7528022417934348	0.01601281024819845	AD	ENSG00000172247	0.09527622097678143	-0.2367348905915918	FALSE	64	C1QTNF4	C1QTNF4
ENSG00000149575	656	596	60	0.3596778626153148	0.9453562850280224	0.9611689351481184	-0.01581265012009614	AD	ENSG00000149575	0.09487590072057646	-0.14744152123586218	FALSE	64	SCN2B	SCN2B
ENSG00000164403	8	34	-26	-0.26074637876448353	0.3781024819855885	0.3939151321056846	-0.01581265012009608	Control	ENSG00000164403	0.0944755804643715	0.16280102078311565	FALSE	64	SHROOM1	SHROOM1
ENSG00000076826	161	166	-5	-0.10924743610197464	0.6821457165732586	0.6979583666933546	-0.01581265012009602	Control	ENSG00000076826	0.09407526020816653	0.07654408997649043	FALSE	64	CAMSAP3	CAMSAP3
ENSG00000162975	60	109	-49	-0.4266737921567552	0.5844675740592474	0.600080064051241	-0.0156124899919936	Control	ENSG00000162975	0.09367493995196156	-0.324613213753711	FALSE	64	KCNF1	KCNF1
ENSG00000120053	716	564	152	1.0233875161844015	0.9645716573258608	0.9491593274619696	0.01541232986389107	AD	ENSG00000120053	0.09327461969575661	-0.23467581375542143	FALSE	64	GOT1	GOT1
ENSG00000175175	575	528	47	0.2658928028718569	0.9175340272217776	0.9325460368294636	-0.01501200960768611	AD	ENSG00000175175	0.09287429943955164	-0.16301455134733267	FALSE	64	PPM1E	PPM1E
ENSG00000117707	7	30	-23	-0.23910367266983945	0.3592874299439552	0.37369895916733387	-0.01441152922337868	Control	ENSG00000117707	0.09247397918334668	0.08718210778869917	FALSE	64	PROX1	PROX1
ENSG00000157680	754	595	159	1.0738871637385712	0.9747798238590872	0.9603682946357086	0.01441152922337862	AD	ENSG00000157680	0.09207365892714171	-0.21998312930225697	FALSE	64	DGKI	DGKI
ENSG00000165280	3	12	-9	-0.13810437756150015	0.24079263410728585	0.25500400320256206	-0.01421136909527623	Control	ENSG00000165280	0.09107285828662931	0.05962821340340163	FALSE	64	VCP	VCP
ENSG00000163840	3	12	-9	-0.13810437756150015	0.24079263410728585	0.25500400320256206	-0.01421136909527623	Control	ENSG00000163840	0.09107285828662931	0.5377829350294565	TRUE	65	DTX3L	DTX3L
ENSG00000136261	3	12	-9	-0.13810437756150015	0.24079263410728585	0.25500400320256206	-0.01421136909527623	Control	ENSG00000136261	0.09107285828662931	-0.2413737400469902	FALSE	65	BZW2	BZW2
ENSG00000119318	3	12	-9	-0.13810437756150015	0.24079263410728585	0.25500400320256206	-0.01421136909527623	Control	ENSG00000119318	0.09107285828662931	-0.02947585538949937	FALSE	65	RAD23B	RAD23B
ENSG00000159164	807	639	168	1.1388152820225037	0.989191353082466	0.9749799839871898	0.0142113690952762	AD	ENSG00000159164	0.0900720576461169	-0.2605802521116569	FALSE	65	SV2A	SV2A
ENSG00000174469	322	276	46	0.25867856750697554	0.7822257806244995	0.7960368294635709	-0.01381104883907136	AD	ENSG00000174469	0.08967173738991192	-0.26237448737293256	FALSE	65	CNTNAP2	CNTNAP2
ENSG00000050748	706	646	60	0.3596778626153148	0.962570056044836	0.9763811048839072	-0.01381104883907125	AD	ENSG00000050748	0.08847077662129704	-0.23265797261942825	FALSE	65	MAPK9	MAPK9
ENSG00000145864	664	605	59	0.3524636272504334	0.950160128102482	0.9639711769415532	-0.01381104883907125	AD	ENSG00000145864	0.08847077662129704	-0.2686847117420097	FALSE	65	GABRB2	GABRB2
ENSG00000157219	690	554	136	0.9079597503462994	0.9577662129703765	0.9439551641313052	0.01381104883907125	AD	ENSG00000157219	0.08847077662129704	-0.2112050217295387	FALSE	65	HTR5A	HTR5A
ENSG00000178171	567	443	124	0.8213889259677228	0.9135308246597278	0.8997197758206565	0.01381104883907125	AD	ENSG00000178171	0.08847077662129704	-0.00595715110701533	FALSE	65	AMER3	AMER3
ENSG00000121905	230	208	22	0.0855369187498225	0.7277822257806245	0.7415932746196957	-0.01381104883907125	AD	ENSG00000121905	0.08847077662129704	-0.298023230682146	FALSE	65	HPCA	HPCA
ENSG00000182901	754	596	158	1.0666729283736898	0.9747798238590872	0.9611689351481184	0.01361088871096871	AD	ENSG00000182901	0.08726981585268215	-0.45196318146406256	FALSE	65	RGS7	RGS7
ENSG00000110675	772	753	19	0.06389421265517836	0.9803843074459568	0.9935948759007206	-0.01321056845476387	AD	ENSG00000110675	0.08686949559647718	-0.2787182593849913	FALSE	65	ELMOD1	ELMOD1
ENSG00000247596	9	32	-23	-0.23910367266983945	0.3955164131305044	0.3823058446757406	0.01321056845476381	Control	ENSG00000247596	0.08646917534027222	-0.1841798811610715	FALSE	65	TWF2	TWF2
ENSG00000138028	340	294	46	0.25867856750697554	0.7960368294635709	0.8092473979183347	-0.01321056845476376	AD	ENSG00000138028	0.08606885508406725	-0.251572217917408	FALSE	65	CGREF1	CGREF1
ENSG00000165973	716	574	142	0.9512451625355876	0.9645716573258608	0.9515612489991994	0.01301040832666133	AD	ENSG00000165973	0.08466773418734988	-0.23190671205910895	FALSE	65	NELL1	NELL1
ENSG00000116701	2	7	-5	-0.10924743610197464	0.1801441152922338	0.19315452361889512	-0.01301040832666133	Control	ENSG00000116701	0.08466773418734988	0.6950005913266937	TRUE	66	NCF2	NCF2
ENSG00000173548	2	7	-5	-0.10924743610197464	0.1801441152922338	0.19315452361889512	-0.01301040832666133	Control	ENSG00000173548	0.08466773418734988	0.4395636150555635	FALSE	66	SNX33	SNX33
ENSG00000266472	2	7	-5	-0.10924743610197464	0.1801441152922338	0.19315452361889512	-0.01301040832666133	Control	ENSG00000266472	0.08466773418734988	-0.17712335808621835	FALSE	66	MRPS21	MRPS21
ENSG00000124782	2	7	-5	-0.10924743610197464	0.1801441152922338	0.19315452361889512	-0.01301040832666133	Control	ENSG00000124782	0.08466773418734988	0.4228189810230667	FALSE	66	RREB1	RREB1
ENSG00000171659	2	7	-5	-0.10924743610197464	0.1801441152922338	0.19315452361889512	-0.01301040832666133	Control	ENSG00000171659	0.08466773418734988	0.4781852376238645	FALSE	66	GPR34	GPR34
ENSG00000160753	494	426	68	0.4173917455343658	0.8791032826261009	0.8919135308246597	-0.0128102481985588	AD	ENSG00000160753	0.08326661329063251	-0.025886614308646472	FALSE	66	RUSC1	RUSC1
ENSG00000164588	725	582	143	0.9584593979004692	0.967574059247398	0.9549639711769417	0.01261008807045638	AD	ENSG00000164588	0.08266613290632506	-0.28319931196424086	FALSE	66	HCN1	HCN1
ENSG00000186310	643	515	128	0.8502458674272483	0.9403522818254604	0.927742193755004	0.01261008807045638	AD	ENSG00000186310	0.08266613290632506	-0.2647106758988116	FALSE	66	NAP1L3	NAP1L3
ENSG00000145632	487	381	106	0.691532689399858	0.8761008807045636	0.8634907926341073	0.01261008807045627	AD	ENSG00000145632	0.08206565252201761	-0.2668725812995465	FALSE	66	PLK2	PLK2
ENSG00000002746	729	584	145	0.9728878686302318	0.9689751801441152	0.9565652522017614	0.01240992794235396	AD	ENSG00000002746	0.08166533226581266	-0.13187200694550505	FALSE	66	HECW1	HECW1
ENSG00000183049	537	418	119	0.785317749143316	0.9001200960768615	0.8879103282626101	0.01220976781425142	AD	ENSG00000183049	0.08126501200960769	-0.04603009019703741	FALSE	66	CAMK1D	CAMK1D
ENSG00000171617	758	698	60	0.3596778626153148	0.9755804643714971	0.9875900720576462	-0.012009607686149	AD	ENSG00000171617	0.08046437149719776	-0.2018972583970271	FALSE	66	ENC1	ENC1
ENSG00000133169	485	378	107	0.6987469247647394	0.8746997598078463	0.8626901521216973	0.012009607686149	AD	ENSG00000133169	0.08046437149719776	-0.3836004393174832	FALSE	66	BEX1	BEX1
ENSG00000204352	103	134	-31	-0.29681755558889045	0.6361088871096877	0.6481184947958367	-0.012009607686149	Control	ENSG00000204352	0.08046437149719776	0.1343251179706293	FALSE	66	FAM120A2P	FAM120A2P
ENSG00000136531	901	701	200	1.3696708136987077	1	0.9879903923138512	0.01200960768614889	AD	ENSG00000136531	0.07946357085668534	-0.32278310767199336	FALSE	66	SCN2A	SCN2A
ENSG00000070159	687	555	132	0.8791028088867738	0.9563650920736588	0.94435548438751	0.01200960768614889	AD	ENSG00000070159	0.07946357085668534	-0.1619404581858337	FALSE	66	PTPN3	PTPN3
ENSG00000102078	422	327	95	0.6121761003861629	0.8408726981585268	0.8290632506004804	0.01180944755804647	AD	ENSG00000102078	0.07866293034427542	-0.1999666209457338	FALSE	66	SLC25A14	SLC25A14
ENSG00000189079	149	158	-9	-0.13810437756150015	0.6739391513210569	0.6857485988791033	-0.01180944755804647	Control	ENSG00000189079	0.07866293034427542	0.2012571189232464	FALSE	66	ARID2	ARID2
ENSG00000136541	25	64	-39	-0.35453143850794144	0.505804643714972	0.494195356285028	0.01160928742994399	Control	ENSG00000136541	0.07806244995996797	-0.35861428562235886	FALSE	66	ERMN	ERMN
ENSG00000170899	5	21	-16	-0.1886040251156698	0.3122497998398719	0.3238590872698158	-0.01160928742994393	Control	ENSG00000170899	0.07746196957566052	-0.2921763509114186	FALSE	66	GSTA4	GSTA4
ENSG00000141198	5	21	-16	-0.1886040251156698	0.3122497998398719	0.3238590872698158	-0.01160928742994393	Control	ENSG00000141198	0.07746196957566052	-0.06549698671856863	FALSE	66	TOM1L1	TOM1L1
ENSG00000171132	672	549	123	0.8141746906028414	0.9531625300240192	0.9417534027221778	0.0114091273018414	AD	ENSG00000171132	0.07686148919135308	-0.326612960471639	FALSE	66	PRKCE	PRKCE
ENSG00000082458	798	783	15	0.03503727119565286	0.9859887910328262	0.9971977582065652	-0.01120896717373898	AD	ENSG00000082458	0.07606084867894315	-0.15929326932961807	FALSE	66	DLG3	DLG3
ENSG00000126733	554	437	117	0.7708892784135531	0.9087269815852682	0.8975180144115292	0.01120896717373898	AD	ENSG00000126733	0.07606084867894315	-0.29245861576396415	FALSE	66	DACH2	DACH2
ENSG00000116750	58	94	-36	-0.3328887324132973	0.5824659727782225	0.5712570056044836	0.01120896717373898	Control	ENSG00000116750	0.07606084867894315	-0.1659312931975112	FALSE	66	UCHL5	UCHL5
ENSG00000135119	441	368	73	0.4534629223587726	0.8464771817453963	0.8570856685348278	-0.01060848678943149	AD	ENSG00000135119	0.07526020816653323	-0.1788334243852976	FALSE	66	RNFT2	RNFT2
ENSG00000067842	608	482	126	0.8358173966974856	0.9267413931144916	0.9163330664531624	0.01040832666132907	AD	ENSG00000067842	0.07465972778222578	0.01593765933046498	FALSE	66	ATP2B3	ATP2B3
ENSG00000104723	467	395	72	0.4462486869938913	0.8614891913530824	0.8718975180144115	-0.01040832666132907	AD	ENSG00000104723	0.07465972778222578	-0.21078293347334487	FALSE	66	TUSC3	TUSC3
ENSG00000132932	784	636	148	0.994530574724876	0.9827862289831866	0.97257806244996	0.01020816653322664	AD	ENSG00000132932	0.07405924739791833	-0.2425138215737075	FALSE	66	ATP8A2	ATP8A2
ENSG00000186487	647	576	71	0.43903445162900995	0.9417534027221778	0.9519615692554044	-0.01020816653322653	AD	ENSG00000186487	0.07365892714171338	-0.1218308310206826	FALSE	66	MYT1L	MYT1L
ENSG00000253368	505	402	103	0.6698899833052139	0.8859087269815853	0.8761008807045636	0.00980784627702169	AD	ENSG00000253368	0.0732586068855084	-0.23118483621991712	FALSE	66	TRNP1	TRNP1
ENSG00000143226	4	14	-10	-0.14531861292638154	0.2822257806244996	0.27241793434747796	0.00980784627702163	Control	ENSG00000143226	0.07285828662930344	0.5955368486778045	TRUE	67	FCGR2A	FCGR2A
ENSG00000006210	80	120	-40	-0.3617456738728228	0.61128903122498	0.6210968775020016	-0.00980784627702158	Control	ENSG00000006210	0.07245796637309848	-0.0064753597653322	FALSE	67	CX3CL1	CX3CL1
ENSG00000148798	748	672	76	0.4751056284534167	0.9731785428342674	0.9827862289831866	-0.00960768614891915	AD	ENSG00000148798	0.07165732586068856	-0.24092429073948377	FALSE	67	INA	INA
ENSG00000128285	465	357	108	0.7059611601296208	0.8594875900720577	0.8498799039231385	0.00960768614891915	AD	ENSG00000128285	0.07165732586068856	-0.3640124859340146	FALSE	67	MCHR1	MCHR1
ENSG00000173660	17	59	-42	-0.3761741446025856	0.46897518014411527	0.4785828662930344	-0.00960768614891915	Control	ENSG00000173660	0.07165732586068856	-0.22371534550593175	FALSE	67	UQCRH	UQCRH
ENSG00000072958	108	125	-17	-0.19581826048055115	0.639911929543635	0.6305044035228182	0.00940752602081673	Control	ENSG00000072958	0.07085668534827862	-0.09052851459694544	FALSE	67	AP1M1	AP1M1
ENSG00000163833	93	127	-34	-0.31846026168353453	0.6251000800640513	0.6345076060848679	-0.00940752602081662	Control	ENSG00000163833	0.07045636509207366	0.02646075726885399	FALSE	67	FBXO40	FBXO40
ENSG00000151952	655	533	122	0.8069604552379601	0.944755804643715	0.9355484387510008	0.0092073658927142	AD	ENSG00000151952	0.06945556445156124	-0.1439645425465308	FALSE	67	TMEM132D	TMEM132D
ENSG00000124140	661	589	72	0.4462486869938913	0.9487590072057646	0.9579663730984788	-0.0092073658927142	AD	ENSG00000124140	0.06945556445156124	-0.17595260434941373	FALSE	67	SLC12A5	SLC12A5
ENSG00000020129	201	183	18	0.05667997729029699	0.7091673338670936	0.7183746997598078	-0.0092073658927142	AD	ENSG00000020129	0.06945556445156124	-0.04164990735418072	FALSE	67	NCDN	NCDN
ENSG00000241878	388	302	86	0.5472479821022306	0.8230584467574059	0.8138510808646917	0.0092073658927142	AD	ENSG00000241878	0.06945556445156124	2.600893257334036e-4	FALSE	67	PISD	PISD
ENSG00000143502	460	387	73	0.4534629223587726	0.8578863090472378	0.8668935148118495	-0.00900720576461167	AD	ENSG00000143502	0.06825460368294636	-0.20490701429629965	FALSE	67	SUSD4	SUSD4
ENSG00000171603	297	253	44	0.2442500967772128	0.7698158526821457	0.7788230584467574	-0.00900720576461167	AD	ENSG00000171603	0.06825460368294636	0.0060802448299384	FALSE	67	CLSTN1	CLSTN1
ENSG00000176105	11	39	-28	-0.2751748494942463	0.4213370696557246	0.41253002401921535	0.00880704563650924	Control	ENSG00000176105	0.06765412329863892	0.2154694130971091	FALSE	67	YES1	YES1
ENSG00000140740	3	10	-7	-0.1236759068317374	0.24079263410728585	0.2321857485988791	0.00860688550840671	Control	ENSG00000140740	0.06625300240192154	-0.05026694782670127	FALSE	67	UQCRC2	UQCRC2
ENSG00000154124	3	10	-7	-0.1236759068317374	0.24079263410728585	0.2321857485988791	0.00860688550840671	Control	ENSG00000154124	0.06625300240192154	0.20119062824952216	FALSE	67	OTULIN	OTULIN
ENSG00000107099	3	10	-7	-0.1236759068317374	0.24079263410728585	0.2321857485988791	0.00860688550840671	Control	ENSG00000107099	0.06625300240192154	0.41398666302493137	FALSE	67	DOCK8	DOCK8
ENSG00000164919	3	10	-7	-0.1236759068317374	0.24079263410728585	0.2321857485988791	0.00860688550840671	Control	ENSG00000164919	0.06625300240192154	-0.329571273861065	FALSE	67	COX6C	COX6C
ENSG00000150093	6	24	-18	-0.20303249584543256	0.33767013610888713	0.34627702161729385	-0.00860688550840671	Control	ENSG00000150093	0.06625300240192154	0.35721452718168223	FALSE	67	ITGB1	ITGB1
ENSG00000197122	3	10	-7	-0.1236759068317374	0.24079263410728585	0.2321857485988791	0.00860688550840671	Control	ENSG00000197122	0.06625300240192154	0.0473140705751085	FALSE	67	SRC	SRC
ENSG00000108509	93	118	-25	-0.25353214339960217	0.6251000800640513	0.616693354683747	0.00840672538030429	Control	ENSG00000108509	0.06485188150520416	0.03589644676923242	FALSE	67	CAMTA2	CAMTA2
ENSG00000131437	706	633	73	0.4534629223587726	0.962570056044836	0.9707766212970376	-0.00820656525220175	AD	ENSG00000131437	0.06425140112089672	-0.1771306461841835	FALSE	67	KIF3A	KIF3A
ENSG00000167654	666	594	72	0.4462486869938913	0.9513610888710968	0.9595676541232986	-0.00820656525220175	AD	ENSG00000167654	0.06425140112089672	-0.16309171787116128	FALSE	67	ATCAY	ATCAY
ENSG00000140262	104	124	-20	-0.21746096657519529	0.6369095276220976	0.6289031224979984	0.00800640512409922	Control	ENSG00000140262	0.06365092073658928	0.2919762335375502	FALSE	67	TCF12	TCF12
ENSG00000040933	665	592	73	0.4534629223587726	0.9507606084867894	0.9585668534827864	-0.0078062449959968	AD	ENSG00000040933	0.06305044035228183	-0.0098549442951743	FALSE	67	INPP4A	INPP4A
ENSG00000177432	603	484	119	0.785317749143316	0.9253402722177744	0.9175340272217776	0.0078062449959968	AD	ENSG00000177432	0.06305044035228183	-0.4231155467912125	FALSE	67	NAP1L5	NAP1L5
ENSG00000171450	383	326	57	0.3380351565206707	0.8198558847077662	0.8274619695756605	-0.00760608486789438	AD	ENSG00000171450	0.06244995996797438	-0.3198217597411439	FALSE	67	CDK5R2	CDK5R2
ENSG00000139182	801	766	35	0.1793219784932804	0.9875900720576462	0.9951961569255404	-0.00760608486789426	AD	ENSG00000139182	0.06204963971176942	-0.2793929091773606	FALSE	67	CLSTN3	CLSTN3
ENSG00000213190	807	671	136	0.9079597503462994	0.989191353082466	0.981785428342674	0.00740592473979184	AD	ENSG00000213190	0.06164931945556445	-0.20821224937571792	FALSE	67	MLLT11	MLLT11
ENSG00000105649	813	789	24	0.09996538947958523	0.9903923138510808	0.9975980784627704	-0.00720576461168942	AD	ENSG00000105649	0.06104883907125701	-0.2487723105009767	FALSE	67	RAB3A	RAB3A
ENSG00000117152	736	604	132	0.8791028088867738	0.9707766212970376	0.9635708566853484	0.00720576461168942	AD	ENSG00000117152	0.06104883907125701	-0.5690238729536272	FALSE	67	RGS4	RGS4
ENSG00000170419	386	303	83	0.5256052760075864	0.8220576461168935	0.8148518815052042	0.00720576461168931	AD	ENSG00000170419	0.06044835868694956	-0.148464429359219	FALSE	67	VSTM2A	VSTM2A
ENSG00000185008	302	235	67	0.4101775101694845	0.7734187349879904	0.7664131305044035	0.00700560448358689	AD	ENSG00000185008	0.05984787830264211	-0.42849039136097034	FALSE	67	ROBO2	ROBO2
ENSG00000131779	256	217	39	0.2081789199528059	0.7445956765412329	0.7516012810248198	-0.00700560448358689	AD	ENSG00000131779	0.05984787830264211	-0.15194921060921196	FALSE	67	PEX11B	PEX11B
ENSG00000277586	709	633	76	0.4751056284534167	0.9639711769415532	0.9707766212970376	-0.00680544435548446	AD	ENSG00000277586	0.059247397918334666	-0.20387725884885377	FALSE	67	NEFL	NEFL
ENSG00000040341	519	443	76	0.4751056284534167	0.8929143314651722	0.8997197758206565	-0.00680544435548435	AD	ENSG00000040341	0.0588470776621297	-0.2315433709518011	FALSE	67	STAU2	STAU2
ENSG00000152234	15	54	-39	-0.35453143850794144	0.4571657325860689	0.4637710168134508	-0.00660528422738193	Control	ENSG00000152234	0.05844675740592474	-0.0748508026405954	FALSE	67	ATP5F1A	ATP5F1A
ENSG00000168329	1	2	-1	-0.08039049464244916	0.072257806244996	0.0788630904723779	-0.00660528422738189	Control	ENSG00000168329	0.05044035228182546	0.09862801597779124	FALSE	67	CX3CR1	CX3CR1
ENSG00000117528	1	2	-1	-0.08039049464244916	0.072257806244996	0.0788630904723779	-0.00660528422738189	Control	ENSG00000117528	0.05044035228182546	0.11459820463472424	FALSE	67	ABCD3	ABCD3
ENSG00000114416	1	2	-1	-0.08039049464244916	0.072257806244996	0.0788630904723779	-0.00660528422738189	Control	ENSG00000114416	0.05044035228182546	0.01646848272338985	FALSE	67	FXR1	FXR1
ENSG00000135940	1	2	-1	-0.08039049464244916	0.072257806244996	0.0788630904723779	-0.00660528422738189	Control	ENSG00000135940	0.05044035228182546	-0.19249425759833017	FALSE	67	COX5B	COX5B
ENSG00000087206	1	2	-1	-0.08039049464244916	0.072257806244996	0.0788630904723779	-0.00660528422738189	Control	ENSG00000087206	0.05044035228182546	0.06754729838461593	FALSE	67	UIMC1	UIMC1
ENSG00000185442	1	2	-1	-0.08039049464244916	0.072257806244996	0.0788630904723779	-0.00660528422738189	Control	ENSG00000185442	0.05044035228182546	-0.2579644035939648	FALSE	67	FAM174B	FAM174B
ENSG00000126067	1	2	-1	-0.08039049464244916	0.072257806244996	0.0788630904723779	-0.00660528422738189	Control	ENSG00000126067	0.05044035228182546	-0.2225080333814979	FALSE	67	PSMB2	PSMB2
ENSG00000245849	1	2	-1	-0.08039049464244916	0.072257806244996	0.0788630904723779	-0.00660528422738189	Control	ENSG00000245849	0.05044035228182546	-0.05411341661692503	FALSE	67	RAD51-AS1	RAD51-AS1
ENSG00000142655	1	2	-1	-0.08039049464244916	0.072257806244996	0.0788630904723779	-0.00660528422738189	Control	ENSG00000142655	0.05044035228182546	-0.12456818051176556	FALSE	67	PEX14	PEX14
ENSG00000169379	1	2	-1	-0.08039049464244916	0.072257806244996	0.0788630904723779	-0.00660528422738189	Control	ENSG00000169379	0.05044035228182546	0.1268410269587097	FALSE	67	ARL13B	ARL13B
ENSG00000248487	1	2	-1	-0.08039049464244916	0.072257806244996	0.0788630904723779	-0.00660528422738189	Control	ENSG00000248487	0.05044035228182546	-0.20788644029180323	FALSE	67	ABHD14A	ABHD14A
ENSG00000143416	1	2	-1	-0.08039049464244916	0.072257806244996	0.0788630904723779	-0.00660528422738189	Control	ENSG00000143416	0.05044035228182546	0.2808523386701456	FALSE	67	SELENBP1	SELENBP1
ENSG00000129055	1	2	-1	-0.08039049464244916	0.072257806244996	0.0788630904723779	-0.00660528422738189	Control	ENSG00000129055	0.05044035228182546	-0.12802013515629262	FALSE	67	ANAPC13	ANAPC13
ENSG00000008853	1	2	-1	-0.08039049464244916	0.072257806244996	0.0788630904723779	-0.00660528422738189	Control	ENSG00000008853	0.05044035228182546	-0.10222885018553818	FALSE	67	RHOBTB2	RHOBTB2
ENSG00000100678	1	2	-1	-0.08039049464244916	0.072257806244996	0.0788630904723779	-0.00660528422738189	Control	ENSG00000100678	0.05044035228182546	-0.20280990306278743	FALSE	67	SLC8A3	SLC8A3
ENSG00000048540	1	2	-1	-0.08039049464244916	0.072257806244996	0.0788630904723779	-0.00660528422738189	Control	ENSG00000048540	0.05044035228182546	-0.00589856564308277	FALSE	67	LMO3	LMO3
ENSG00000092820	1	2	-1	-0.08039049464244916	0.072257806244996	0.0788630904723779	-0.00660528422738189	Control	ENSG00000092820	0.05044035228182546	0.338221843193816	FALSE	67	EZR	EZR
ENSG00000118960	1	2	-1	-0.08039049464244916	0.072257806244996	0.0788630904723779	-0.00660528422738189	Control	ENSG00000118960	0.05044035228182546	0.0943189090777654	FALSE	67	HS1BP3	HS1BP3
ENSG00000169313	1	2	-1	-0.08039049464244916	0.072257806244996	0.0788630904723779	-0.00660528422738189	Control	ENSG00000169313	0.05044035228182546	0.204205389201924	FALSE	67	P2RY12	P2RY12
ENSG00000167615	1	2	-1	-0.08039049464244916	0.072257806244996	0.0788630904723779	-0.00660528422738189	Control	ENSG00000167615	0.05044035228182546	0.01771233889857981	FALSE	67	LENG8	LENG8
ENSG00000182541	1	2	-1	-0.08039049464244916	0.072257806244996	0.0788630904723779	-0.00660528422738189	Control	ENSG00000182541	0.05044035228182546	0.35555717110269214	FALSE	67	LIMK2	LIMK2
ENSG00000147403	1	2	-1	-0.08039049464244916	0.072257806244996	0.0788630904723779	-0.00660528422738189	Control	ENSG00000147403	0.05044035228182546	-0.06883980235754628	FALSE	67	RPL10	RPL10
ENSG00000124209	1	2	-1	-0.08039049464244916	0.072257806244996	0.0788630904723779	-0.00660528422738189	Control	ENSG00000124209	0.05044035228182546	-0.07891896412329835	FALSE	67	RAB22A	RAB22A
ENSG00000104870	1	2	-1	-0.08039049464244916	0.072257806244996	0.0788630904723779	-0.00660528422738189	Control	ENSG00000104870	0.05044035228182546	0.2426676134508341	FALSE	67	FCGRT	FCGRT
ENSG00000138029	1	2	-1	-0.08039049464244916	0.072257806244996	0.0788630904723779	-0.00660528422738189	Control	ENSG00000138029	0.05044035228182546	0.14743899357591417	FALSE	67	HADHB	HADHB
ENSG00000203896	1	2	-1	-0.08039049464244916	0.072257806244996	0.0788630904723779	-0.00660528422738189	Control	ENSG00000203896	0.05044035228182546	0.03760971012026815	FALSE	67	LIME1	LIME1
ENSG00000130520	1	2	-1	-0.08039049464244916	0.072257806244996	0.0788630904723779	-0.00660528422738189	Control	ENSG00000130520	0.05044035228182546	-0.20117002279923213	FALSE	67	LSM4	LSM4
ENSG00000198690	1	2	-1	-0.08039049464244916	0.072257806244996	0.0788630904723779	-0.00660528422738189	Control	ENSG00000198690	0.05044035228182546	0.2870256855411242	FALSE	67	FAN1	FAN1
ENSG00000140988	1	2	-1	-0.08039049464244916	0.072257806244996	0.0788630904723779	-0.00660528422738189	Control	ENSG00000140988	0.05044035228182546	-0.12235112177999774	FALSE	67	RPS2	RPS2
ENSG00000151778	1	2	-1	-0.08039049464244916	0.072257806244996	0.0788630904723779	-0.00660528422738189	Control	ENSG00000151778	0.05044035228182546	-0.08844257708754988	FALSE	67	SERP2	SERP2
ENSG00000280287	1	2	-1	-0.08039049464244916	0.072257806244996	0.0788630904723779	-0.00660528422738189	Control	ENSG00000280287	0.05044035228182546	0.3873477641809515	FALSE	67	NA	ENSG00000280287
ENSG00000125398	1	2	-1	-0.08039049464244916	0.072257806244996	0.0788630904723779	-0.00660528422738189	Control	ENSG00000125398	0.05044035228182546	0.30828731254913677	FALSE	67	SOX9	SOX9
ENSG00000136044	1	2	-1	-0.08039049464244916	0.072257806244996	0.0788630904723779	-0.00660528422738189	Control	ENSG00000136044	0.05044035228182546	0.22241068321853064	FALSE	67	APPL2	APPL2
ENSG00000105409	1	2	-1	-0.08039049464244916	0.072257806244996	0.0788630904723779	-0.00660528422738189	Control	ENSG00000105409	0.05044035228182546	-0.244316625103286	FALSE	67	ATP1A3	ATP1A3
ENSG00000101144	1	2	-1	-0.08039049464244916	0.072257806244996	0.0788630904723779	-0.00660528422738189	Control	ENSG00000101144	0.05044035228182546	0.24507764540217636	FALSE	67	BMP7	BMP7
ENSG00000277399	1	2	-1	-0.08039049464244916	0.072257806244996	0.0788630904723779	-0.00660528422738189	Control	ENSG00000277399	0.05044035228182546	0.03589167237311397	FALSE	67	GPR179	GPR179
ENSG00000089159	1	2	-1	-0.08039049464244916	0.072257806244996	0.0788630904723779	-0.00660528422738189	Control	ENSG00000089159	0.05044035228182546	0.2720880574274638	FALSE	67	PXN	PXN
ENSG00000171680	1	2	-1	-0.08039049464244916	0.072257806244996	0.0788630904723779	-0.00660528422738189	Control	ENSG00000171680	0.05044035228182546	0.10593216478789812	FALSE	67	PLEKHG5	PLEKHG5
ENSG00000159140	1	2	-1	-0.08039049464244916	0.072257806244996	0.0788630904723779	-0.00660528422738189	Control	ENSG00000159140	0.05044035228182546	0.23202027072343157	FALSE	67	SON	SON
ENSG00000165678	78	111	-33	-0.31124602631865317	0.610088070456365	0.6034827862289832	0.00660528422738182	Control	ENSG00000165678	0.04243394715772618	-0.18601522962412	FALSE	67	GHITM	GHITM
ENSG00000125851	804	757	47	0.2658928028718569	0.9879903923138512	0.9943955164131304	-0.0064051240992794	AD	ENSG00000125851	0.04183346677341873	-0.14337278368833495	FALSE	67	PCSK2	PCSK2
ENSG00000197106	641	530	111	0.727603866224265	0.9395516413130504	0.9331465172137712	0.0064051240992794	AD	ENSG00000197106	0.04183346677341873	-0.2204482928842122	FALSE	67	SLC6A17	SLC6A17
ENSG00000168887	13	49	-36	-0.3328887324132973	0.4415532425940753	0.4477582065652522	-0.00620496397117698	Control	ENSG00000168887	0.04123298638911129	0.09785006139446928	FALSE	67	C2orf68	C2orf68
ENSG00000107758	775	697	78	0.4895340991831795	0.9811849479583667	0.9871897518014412	-0.00600480384307444	AD	ENSG00000107758	0.040632506004803844	-0.2526072833234032	FALSE	67	PPP3CB	PPP3CB
ENSG00000166780	346	291	55	0.3236066857909079	0.800640512409928	0.8066453162530024	-0.00600480384307444	AD	ENSG00000166780	0.040632506004803844	-0.15935077855431956	FALSE	67	BMERB1	BMERB1
ENSG00000051382	397	336	61	0.3668920979801962	0.8286629303442754	0.8344675740592474	-0.00580464371497202	AD	ENSG00000051382	0.040032025620496396	-0.03239846740924079	FALSE	67	PIK3CB	PIK3CB
ENSG00000271614	18	56	-38	-0.3473172031430601	0.4753803042433947	0.4695756605284227	0.00580464371497196	Control	ENSG00000271614	0.03943154523618895	-0.31920759303171664	FALSE	67	ATP2B1-AS1	ATP2B1-AS1
ENSG00000159199	15	50	-35	-0.32567449704841595	0.4571657325860689	0.4513610888710969	0.00580464371497196	Control	ENSG00000159199	0.03943154523618895	-0.2481192088856261	FALSE	67	ATP5MC1	ATP5MC1
ENSG00000078328	867	741	126	0.8358173966974856	0.9981985588470776	0.9923939151321056	0.00580464371497191	AD	ENSG00000078328	0.03843074459567654	-0.25476155849880655	FALSE	67	RBFOX1	RBFOX1
ENSG00000134121	496	414	82	0.518391040642705	0.8803042433947158	0.8861088871096877	-0.00580464371497191	AD	ENSG00000134121	0.03843074459567654	-0.1474974937703717	FALSE	67	CHL1	CHL1
ENSG00000110514	61	99	-38	-0.3473172031430601	0.5864691753402722	0.5806645316253003	0.00580464371497191	Control	ENSG00000110514	0.03843074459567654	-0.0261740274178166	FALSE	67	MADD	MADD
ENSG00000183715	835	822	13	0.0206088004658901	0.9935948759007206	0.99919935948759	-0.00560448358686949	AD	ENSG00000183715	0.03742994395516413	-0.1878564237162479	FALSE	67	OPCML	OPCML
ENSG00000143473	262	209	53	0.3091782150611452	0.7487990392313851	0.7431945556445156	0.00560448358686949	AD	ENSG00000143473	0.03742994395516413	0.0642989020867839	FALSE	67	KCNH1	KCNH1
ENSG00000170579	823	781	42	0.22982162604745	0.9915932746196956	0.9967974379503602	-0.00520416333066453	AD	ENSG00000170579	0.036028823058446756	-0.23863680846758584	FALSE	67	DLGAP1	DLGAP1
ENSG00000169018	11	40	-29	-0.28238908485912767	0.4213370696557246	0.41613290632506006	0.00520416333066453	Control	ENSG00000169018	0.036028823058446756	-0.04619752775830577	FALSE	67	FEM1B	FEM1B
ENSG00000177119	6	22	-16	-0.1886040251156698	0.33767013610888713	0.3324659727782226	0.00520416333066453	Control	ENSG00000177119	0.036028823058446756	0.6329965467844119	TRUE	68	ANO6	ANO6
ENSG00000169567	6	22	-16	-0.1886040251156698	0.33767013610888713	0.3324659727782226	0.00520416333066453	Control	ENSG00000169567	0.036028823058446756	-0.22479660450323813	FALSE	68	HINT1	HINT1
ENSG00000128309	14	51	-37	-0.34010296777817867	0.4499599679743795	0.455164131305044	-0.00520416333066453	Control	ENSG00000128309	0.036028823058446756	0.02580778869928401	FALSE	68	MPST	MPST
ENSG00000136854	852	739	113	0.7420323369540277	0.9971977582065652	0.9919935948759008	0.00520416333066442	AD	ENSG00000136854	0.03482786228983187	-0.10458767644678524	FALSE	68	STXBP1	STXBP1
ENSG00000125814	768	638	130	0.8646743381570111	0.979183346677342	0.97417934347478	0.005004003202562	AD	ENSG00000125814	0.03422738190552442	-0.36893693105067626	FALSE	68	NAPB	NAPB
ENSG00000118402	648	561	87	0.5544622174671119	0.9425540432345876	0.9475580464371496	-0.005004003202562	AD	ENSG00000118402	0.03422738190552442	-0.25024340909491727	FALSE	68	ELOVL4	ELOVL4
ENSG00000188021	449	368	81	0.5111768052778236	0.8522818254603683	0.8570856685348278	-0.00480384307445946	AD	ENSG00000188021	0.03362690152121697	-0.12948502334180212	FALSE	68	UBQLN2	UBQLN2
ENSG00000114554	4	16	-12	-0.1597470836561443	0.2822257806244996	0.2868294635708567	-0.0046036829463571	Control	ENSG00000114554	0.033026421136909526	0.08987456096912538	FALSE	68	PLXNA1	PLXNA1
ENSG00000170653	4	16	-12	-0.1597470836561443	0.2822257806244996	0.2868294635708567	-0.0046036829463571	Control	ENSG00000170653	0.033026421136909526	0.24911363317879065	FALSE	68	ATF7	ATF7
ENSG00000184613	791	707	84	0.5328195113724677	0.9843875100080064	0.9889911929543634	-0.00460368294635704	AD	ENSG00000184613	0.0322257806244996	-0.2771664704363097	FALSE	68	NELL2	NELL2
ENSG00000122126	119	133	-14	-0.17417555438590704	0.6509207365892714	0.6463170536429144	0.00460368294635704	Control	ENSG00000122126	0.0322257806244996	0.04290282160211056	FALSE	68	OCRL	OCRL
ENSG00000127561	696	582	114	0.749246572318909	0.9593674939951962	0.9549639711769417	0.00440352281825462	AD	ENSG00000127561	0.030824659727782224	-0.1714563522242667	FALSE	68	SYNGR3	SYNGR3
ENSG00000204851	574	469	105	0.6843184540349767	0.916533226581265	0.9121297037630104	0.00440352281825462	AD	ENSG00000204851	0.030824659727782224	-0.20139909312032425	FALSE	68	PNMA8B	PNMA8B
ENSG00000115194	115	137	-22	-0.23188943730495803	0.6477181745396317	0.6521216973578863	-0.00440352281825462	Control	ENSG00000115194	0.030824659727782224	-0.3954876564357246	FALSE	68	SLC30A3	SLC30A3
ENSG00000143158	8	30	-22	-0.23188943730495803	0.3781024819855885	0.37369895916733387	0.00440352281825462	Control	ENSG00000143158	0.030824659727782224	-0.33631860764137045	FALSE	68	MPC2	MPC2
ENSG00000198492	8	30	-22	-0.23188943730495803	0.3781024819855885	0.37369895916733387	0.00440352281825462	Control	ENSG00000198492	0.030824659727782224	-0.03715671251787356	FALSE	68	YTHDF2	YTHDF2
ENSG00000155097	844	886	-42	-0.3761741446025856	0.995796637309848	1	-0.00420336269015209	Control	ENSG00000155097	0.02902321857485989	-0.1128986174273745	FALSE	68	ATP6V1C1	ATP6V1C1
ENSG00000169933	769	680	89	0.5688906881968746	0.9795836669335468	0.9837870296236988	-0.00420336269015209	AD	ENSG00000169933	0.02902321857485989	-0.17704955107165077	FALSE	68	FRMPD4	FRMPD4
ENSG00000116044	8	32	-24	-0.2463179080347208	0.3781024819855885	0.3823058446757406	-0.00420336269015209	Control	ENSG00000116044	0.02902321857485989	0.240073736796111	FALSE	68	NFE2L2	NFE2L2
ENSG00000186907	26	69	-43	-0.38338837996746694	0.5092073658927142	0.5134107285828663	-0.00420336269015209	Control	ENSG00000186907	0.02902321857485989	-0.03126913892149829	FALSE	68	RTN4RL2	RTN4RL2
ENSG00000135018	23	64	-41	-0.36895990923770416	0.4981985588470776	0.494195356285028	0.00400320256204961	Control	ENSG00000135018	0.02802241793434748	0.00167158252332733	FALSE	68	UBQLN1	UBQLN1
ENSG00000162817	583	506	77	0.48231986381829817	0.920336269015212	0.9241393114491592	-0.00380304243394713	AD	ENSG00000162817	0.026821457165732587	-0.20702457250584771	FALSE	68	C1orf115	C1orf115
ENSG00000011347	376	300	76	0.4751056284534167	0.8168534827862289	0.8130504403522818	0.00380304243394713	AD	ENSG00000011347	0.026821457165732587	-0.00872008133170076	FALSE	68	SYT7	SYT7
ENSG00000085415	451	357	94	0.6049618650212816	0.8536829463570856	0.8498799039231385	0.00380304243394713	AD	ENSG00000085415	0.026821457165732587	-0.15507297929788066	FALSE	68	SEH1L	SEH1L
ENSG00000007168	20	63	-43	-0.38338837996746694	0.4859887910328263	0.4897918334667734	-0.00380304243394713	Control	ENSG00000007168	0.026821457165732587	-0.05952016805270865	FALSE	68	PAFAH1B1	PAFAH1B1
ENSG00000113658	74	111	-37	-0.34010296777817867	0.6072858286629303	0.6034827862289832	0.00380304243394713	Control	ENSG00000113658	0.026821457165732587	0.21578539374887384	FALSE	68	SMAD5	SMAD5
ENSG00000186462	778	660	118	0.7781035137784346	0.9819855884707768	0.978382706164932	0.00360288230584471	AD	ENSG00000186462	0.02542033626901521	-0.32827223538982864	FALSE	68	NAP1L2	NAP1L2
ENSG00000270111	7	26	-19	-0.21024673121031393	0.3592874299439552	0.35568454763811047	0.00360288230584471	Control	ENSG00000270111	0.02542033626901521	-0.3781468411987534	FALSE	68	CELF2-DT	CELF2-DT
ENSG00000068878	3	11	-8	-0.13089014219661876	0.24079263410728585	0.2443955164131305	-0.00360288230584468	Control	ENSG00000068878	0.024819855884707767	0.07000860368867734	FALSE	68	PSME4	PSME4
ENSG00000156482	7	28	-21	-0.22467520194007667	0.3592874299439552	0.36289031224979984	-0.00360288230584465	Control	ENSG00000156482	0.0244195356285028	-0.10864484832916156	FALSE	68	RPL30	RPL30
ENSG00000097021	777	683	94	0.6049618650212816	0.9815852682145716	0.9851881505204164	-0.0036028823058446	AD	ENSG00000097021	0.023618895116092876	-0.19437755365577655	FALSE	68	ACOT7	ACOT7
ENSG00000110786	584	483	101	0.6554615125754512	0.9207365892714172	0.9171337069655724	0.0036028823058446	AD	ENSG00000110786	0.023618895116092876	-0.17038649563133923	FALSE	68	PTPN5	PTPN5
ENSG00000105696	462	365	97	0.6266045711159257	0.8584867894315452	0.8548839071257006	0.0036028823058446	AD	ENSG00000105696	0.023618895116092876	-0.2878708710274829	FALSE	68	TMEM59L	TMEM59L
ENSG00000171243	33	79	-46	-0.4050310860621111	0.5348278622898318	0.5382305844675741	-0.00340272217774229	Control	ENSG00000171243	0.022818254603682947	0.03509099374736291	FALSE	68	SOSTDC1	SOSTDC1
ENSG00000129625	688	580	108	0.7059611601296208	0.956765412329864	0.9533626901521216	0.00340272217774217	AD	ENSG00000129625	0.0222177742193755	-0.1436247991882329	FALSE	68	REEP5	REEP5
ENSG00000006377	9	35	-26	-0.26074637876448353	0.3955164131305044	0.3989191353082466	-0.00340272217774217	Control	ENSG00000006377	0.0222177742193755	-0.4846361929793126	FALSE	68	DLX6	DLX6
ENSG00000139973	787	696	91	0.5833191589266374	0.9835868694955964	0.9867894315452362	-0.00320256204963975	AD	ENSG00000139973	0.021617293835068056	-0.3822070581864683	FALSE	68	SYT16	SYT16
ENSG00000078114	2	6	-4	-0.10203320073709328	0.1801441152922338	0.17694155324259409	0.0032025620496397	Control	ENSG00000078114	0.019615692554043235	0.37295725716985295	FALSE	68	NEBL	NEBL
ENSG00000031081	2	6	-4	-0.10203320073709328	0.1801441152922338	0.17694155324259409	0.0032025620496397	Control	ENSG00000031081	0.019615692554043235	0.5179342365420077	TRUE	69	ARHGAP31	ARHGAP31
ENSG00000169220	2	6	-4	-0.10203320073709328	0.1801441152922338	0.17694155324259409	0.0032025620496397	Control	ENSG00000169220	0.019615692554043235	-0.01333527907942766	FALSE	69	RGS14	RGS14
ENSG00000155158	2	6	-4	-0.10203320073709328	0.1801441152922338	0.17694155324259409	0.0032025620496397	Control	ENSG00000155158	0.019615692554043235	-0.13583032585205146	FALSE	69	TTC39B	TTC39B
ENSG00000138035	2	6	-4	-0.10203320073709328	0.1801441152922338	0.17694155324259409	0.0032025620496397	Control	ENSG00000138035	0.019615692554043235	-0.00340146882190417	FALSE	69	PNPT1	PNPT1
ENSG00000116117	2	6	-4	-0.10203320073709328	0.1801441152922338	0.17694155324259409	0.0032025620496397	Control	ENSG00000116117	0.019615692554043235	0.4145448720788849	FALSE	69	PARD3B	PARD3B
ENSG00000158411	2	6	-4	-0.10203320073709328	0.1801441152922338	0.17694155324259409	0.0032025620496397	Control	ENSG00000158411	0.019615692554043235	-0.01839069354429412	FALSE	69	MITD1	MITD1
ENSG00000114784	2	6	-4	-0.10203320073709328	0.1801441152922338	0.17694155324259409	0.0032025620496397	Control	ENSG00000114784	0.019615692554043235	-0.1932531126070387	FALSE	69	EIF1B	EIF1B
ENSG00000161016	2	6	-4	-0.10203320073709328	0.1801441152922338	0.17694155324259409	0.0032025620496397	Control	ENSG00000161016	0.019615692554043235	-0.11760395688194514	FALSE	69	RPL8	RPL8
ENSG00000167005	62	104	-42	-0.3761741446025856	0.588871096877502	0.5918734987990393	-0.00300240192153722	Control	ENSG00000167005	0.017413931144915934	-0.12882285695930307	FALSE	69	NUDT21	NUDT21
ENSG00000106852	4	15	-11	-0.1525328482912629	0.2822257806244996	0.2792233787029624	0.00300240192153722	Control	ENSG00000106852	0.017413931144915934	-0.2446609388609584	FALSE	69	LHX6	LHX6
ENSG00000019505	887	779	108	0.7059611601296208	0.99919935948759	0.9963971176941552	0.0028022417934348	AD	ENSG00000019505	0.016613290632506005	-0.2784520025726316	FALSE	69	SYT13	SYT13
ENSG00000146267	843	791	52	0.3019639796962638	0.9951961569255404	0.9979983987189752	-0.0028022417934348	AD	ENSG00000146267	0.016613290632506005	-0.2053548888052887	FALSE	69	FAXC	FAXC
ENSG00000198934	671	582	89	0.5688906881968746	0.9521617293835068	0.9549639711769417	-0.00280224179343469	AD	ENSG00000198934	0.016012810248198558	-0.0938811162698201	FALSE	69	MAGEE1	MAGEE1
ENSG00000102468	612	526	86	0.5472479821022306	0.9291433146517214	0.9317453963170536	-0.00260208166533226	AD	ENSG00000102468	0.015412329863891112	-0.3883222735081979	FALSE	69	HTR2A	HTR2A
ENSG00000111674	381	304	77	0.48231986381829817	0.8182546036829463	0.8156525220176141	0.00260208166533226	AD	ENSG00000111674	0.015412329863891112	-0.2507889480260097	FALSE	69	ENO2	ENO2
ENSG00000160145	562	464	98	0.633818806480807	0.911929543634908	0.909527622097678	0.00240192153722984	AD	ENSG00000160145	0.014811849479583666	-0.1342622888450684	FALSE	69	KALRN	KALRN
ENSG00000003249	5	20	-15	-0.1813897897507884	0.3122497998398719	0.3146517213771017	-0.00240192153722978	Control	ENSG00000003249	0.014411529223378704	-0.01243109117413254	FALSE	69	DBNDD1	DBNDD1
ENSG00000113327	814	706	108	0.7059611601296208	0.9907926341072858	0.988390712570056	0.00240192153722973	AD	ENSG00000113327	0.01401120896717374	-0.29550300389596806	FALSE	69	GABRG2	GABRG2
ENSG00000198825	671	567	104	0.6771042186700953	0.9521617293835068	0.9499599679743796	0.00220176140912731	AD	ENSG00000198825	0.013610888710968775	-0.23067956209463605	FALSE	69	INPP5F	INPP5F
ENSG00000133627	609	520	89	0.5688906881968746	0.9271417133706964	0.9291433146517214	-0.00200160128102488	AD	ENSG00000133627	0.01321056845476381	-0.18029395261620704	FALSE	69	ACTR3B	ACTR3B
ENSG00000108395	574	475	99	0.6410330418456884	0.916533226581265	0.9145316253002402	0.00200160128102477	AD	ENSG00000108395	0.012610088070456365	-0.20759269321055385	FALSE	69	TRIM37	TRIM37
ENSG00000141030	24	66	-42	-0.3761741446025856	0.5022017614091273	0.5042033626901521	-0.00200160128102477	Control	ENSG00000141030	0.012610088070456365	-0.07869904886416634	FALSE	69	COPS3	COPS3
ENSG00000131089	846	811	35	0.1793219784932804	0.9965972778222578	0.9983987189751802	-0.00180144115292235	AD	ENSG00000131089	0.011609287429943955	-0.14150744369955603	FALSE	69	ARHGEF9	ARHGEF9
ENSG00000107295	760	638	122	0.8069604552379601	0.9759807846277022	0.97417934347478	0.00180144115292235	AD	ENSG00000107295	0.011609287429943955	-0.1864293649831037	FALSE	69	SH3GL2	SH3GL2
ENSG00000105509	11	41	-30	-0.28960332022400903	0.4213370696557246	0.41953562850280224	0.00180144115292235	Control	ENSG00000105509	0.011609287429943955	-0.4188559244845624	FALSE	69	HAS1	HAS1
ENSG00000166501	827	734	93	0.5977476296564002	0.9923939151321056	0.9907926341072858	0.00160128102481993	AD	ENSG00000166501	0.010408326661329063	-0.2043581442486211	FALSE	69	PRKCB	PRKCB
ENSG00000132872	720	607	113	0.7420323369540277	0.966373098478783	0.9647718174539632	0.00160128102481993	AD	ENSG00000132872	0.010408326661329063	-0.32965362260696196	FALSE	69	SYT4	SYT4
ENSG00000197860	526	430	96	0.6193903357510443	0.8955164131305045	0.8939151321056845	0.00160128102481993	AD	ENSG00000197860	0.010408326661329063	-0.13444670208959053	FALSE	69	SGTB	SGTB
ENSG00000175582	639	538	101	0.6554615125754512	0.9373498799039232	0.938951160928743	-0.00160128102481982	AD	ENSG00000175582	0.009407526020816653	-0.11980300843636547	FALSE	69	RAB6A	RAB6A
ENSG00000172350	476	391	85	0.5400337467373492	0.8676941553242594	0.8692954363490792	-0.00160128102481982	AD	ENSG00000172350	0.009407526020816653	-0.04687958457930641	FALSE	69	ABCG4	ABCG4
ENSG00000050030	466	377	89	0.5688906881968746	0.8606885508406725	0.8620896717373899	-0.0014011208967174	AD	ENSG00000050030	0.008807045636509208	-0.1049764591803033	FALSE	69	NEXMIF	NEXMIF
ENSG00000144959	754	645	109	0.7131753954945022	0.9747798238590872	0.9759807846277022	-0.00120096076861497	AD	ENSG00000144959	0.008406725380304243	-0.04855004399495577	FALSE	69	NCEH1	NCEH1
ENSG00000157064	853	819	34	0.17210774312839902	0.9975980784627704	0.9987990392313852	-0.00120096076861486	AD	ENSG00000157064	0.007405924739791833	-0.25273892007484555	FALSE	69	NMNAT2	NMNAT2
ENSG00000068615	826	745	81	0.5111768052778236	0.9919935948759008	0.9931945556445156	-0.00120096076861486	AD	ENSG00000068615	0.007405924739791833	-0.2571858543162744	FALSE	69	REEP1	REEP1
ENSG00000131100	255	210	45	0.2514643321420942	0.7435948759007206	0.7447958366693355	-0.00120096076861486	AD	ENSG00000131100	0.007405924739791833	-0.23109382163684877	FALSE	69	ATP6V1E1	ATP6V1E1
ENSG00000258768	62	103	-41	-0.36895990923770416	0.588871096877502	0.5900720576461169	-0.00120096076861486	Control	ENSG00000258768	0.007405924739791833	-0.04283300197447293	FALSE	69	NA	ENSG00000258768
ENSG00000101210	679	580	99	0.6410330418456884	0.9543634907926342	0.9533626901521216	0.00100080064051244	AD	ENSG00000101210	0.006405124099279423	-0.1837465884639045	FALSE	69	EEF1A2	EEF1A2
ENSG00000073969	871	843	28	0.12882233093911075	0.9987990392313852	0.999599679743795	-8.006405124099114e-4	AD	ENSG00000073969	0.00600480384307446	-0.2944310280938023	FALSE	69	NSF	NSF
ENSG00000130540	846	768	78	0.4895340991831795	0.9965972778222578	0.9959967974379504	6.004803843074891e-4	AD	ENSG00000130540	0.005204163330664532	-0.24291206600839743	FALSE	69	SULT4A1	SULT4A1
ENSG00000149269	789	682	107	0.6987469247647394	0.9839871897518014	0.9845876701361088	-6.004803843074891e-4	AD	ENSG00000149269	0.005204163330664532	-0.3162801806222131	FALSE	69	PAK1	PAK1
ENSG00000119862	421	345	76	0.4751056284534167	0.8398718975180144	0.8404723779023219	-6.004803843074891e-4	AD	ENSG00000119862	0.005204163330664532	-0.05954379921832142	FALSE	69	LGALSL	LGALSL
ENSG00000151229	746	635	111	0.727603866224265	0.97257806244996	0.9719775820656524	6.00480384307378e-4	AD	ENSG00000151229	0.004203362690152122	-0.24659076270873292	FALSE	69	SLC2A13	SLC2A13
ENSG00000144290	764	650	114	0.749246572318909	0.976781425140112	0.9773819055244196	-6.00480384307378e-4	AD	ENSG00000144290	0.004203362690152122	-0.15217994177177374	FALSE	69	SLC4A10	SLC4A10
ENSG00000047597	819	737	82	0.518391040642705	0.9911929543634908	0.9915932746196956	-4.003202562049557e-4	AD	ENSG00000047597	0.003602882305844676	-0.21674025530282393	FALSE	69	XK	XK
ENSG00000177181	481	392	89	0.5688906881968746	0.8704963971176941	0.8706965572457966	-2.0016012810253336e-4	AD	ENSG00000177181	0.0032025620496397116	-0.02076647909510143	FALSE	69	RIMKLA	RIMKLA
ENSG00000260230	552	458	94	0.6049618650212816	0.9081265012009608	0.9079263410728584	2.0016012810242231e-4	AD	ENSG00000260230	0.0028022417934347476	-0.01567347531841889	FALSE	69	FRRS1L	FRRS1L
ENSG00000170027	770	665	105	0.6843184540349767	0.9799839871897518	0.9799839871897518	0	AD	ENSG00000170027	0.0014011208967173738	-0.2350682116627354	FALSE	69	YWHAG	YWHAG
ENSG00000163536	570	475	95	0.6121761003861629	0.9145316253002402	0.9145316253002402	0	AD	ENSG00000163536	0.0014011208967173738	-0.34294624728896217	FALSE	69	SERPINI1	SERPINI1
ENSG00000268182	385	313	72	0.4462486869938913	0.8212570056044836	0.8212570056044836	0	AD	ENSG00000268182	0.0014011208967173738	-0.27474559716189084	FALSE	69	SMIM17	SMIM17
ENSG00000188859	102	127	-25	-0.25353214339960217	0.6345076060848679	0.6345076060848679	0	Control	ENSG00000188859	0.0014011208967173738	-0.08140566722580367	FALSE	69	FAM78B	FAM78B
ENSG00000166862	191	168	23	0.09275115411470387	0.7011609287429944	0.7011609287429944	0	AD	ENSG00000166862	0.0014011208967173738	0.05137267145559932	FALSE	69	CACNG2	CACNG2
ENSG00000198919	19	60	-41	-0.36895990923770416	0.48078462770216174	0.48078462770216174	0	Control	ENSG00000198919	0.0014011208967173738	-0.15531591212824836	FALSE	69	DZIP3	DZIP3
