gene	AD	CTL	delta	z_change	perc_AD	perc_CTL	delta_perc	HigherNetwork	gene_clean	delta_abs_percentil	logFC	is_dge	n_dge	hgnc_symbol	label
ENSG00000198863	1	96	-95	-1.5555331765017988	0.04782840394351186	0.7143618438582467	-0.6665334399147349	Control	ENSG00000198863	1	-0.01915538155745722	FALSE	0	RUNDC1	RUNDC1
ENSG00000173465	82	1	81	1.3220594354076285	0.7005062616573408	0.04209965361044498	0.6584066080468958	AD	ENSG00000173465	0.9997335464961364	-0.12489573279965782	FALSE	0	ZNRD2	ZNRD2
ENSG00000168653	72	1	71	1.158559855185502	0.6837196909139355	0.04209965361044498	0.6416200373034905	AD	ENSG00000168653	0.9994670929922729	-0.20296309152036152	FALSE	0	NDUFS5	NDUFS5
ENSG00000244038	97	2	95	1.5509588477186056	0.7207567279509726	0.11204369837463364	0.608713029576339	AD	ENSG00000244038	0.9992006394884093	-0.17131077060627753	FALSE	0	DDOST	DDOST
ENSG00000163155	2	96	-94	-1.5391832184795862	0.12283506528110844	0.7143618438582467	-0.5915267785771383	Control	ENSG00000163155	0.9989341859845456	-0.00669344867992727	FALSE	0	LYSMD1	LYSMD1
ENSG00000162437	2	90	-88	-1.4410834703463102	0.12283506528110844	0.7029043431921129	-0.5800692779110045	Control	ENSG00000162437	0.9986677324806821	0.1270687665476089	FALSE	0	RAVER2	RAVER2
ENSG00000079691	1	57	-56	-0.9178848136355052	0.04782840394351186	0.6273647748467892	-0.5795363709032774	Control	ENSG00000079691	0.9984012789768185	0.08812262378297753	FALSE	0	CARMIL1	CARMIL1
ENSG00000077152	2	86	-84	-1.3756836382574595	0.12283506528110844	0.69597655209166	-0.5731414868105515	Control	ENSG00000077152	0.998134825472955	-0.21629377571247677	FALSE	0	UBE2T	UBE2T
ENSG00000251136	1	53	-52	-0.8524849815466545	0.04782840394351186	0.6132427391420198	-0.5654143351985079	Control	ENSG00000251136	0.9978683719690914	0.10739554847085664	FALSE	0	PARAIL	PARAIL
ENSG00000106484	100	3	97	1.5836587637630308	0.7254196642685852	0.16027178257394084	0.5651478816946444	AD	ENSG00000106484	0.9976019184652278	-0.17655632282812128	FALSE	0	MEST	MEST
ENSG00000141367	203	7	196	3.2023046079620836	0.8169464428457234	0.2675193178790301	0.5494271249666933	AD	ENSG00000141367	0.9973354649613643	-0.317229815036292	FALSE	0	CLTC	CLTC
ENSG00000102119	38	1	37	0.6026612824302717	0.5907274180655475	0.04209965361044498	0.5486277644551025	AD	ENSG00000102119	0.9970690114575007	-0.1937910469966777	FALSE	0	EMD	EMD
ENSG00000179918	304	10	294	4.804600494138924	0.8685051958433253	0.32187583266719955	0.5466293631761258	AD	ENSG00000179918	0.996802557953637	-0.12908604874821172	FALSE	0	SEPHS2	SEPHS2
ENSG00000135912	3	98	-95	-1.5555331765017988	0.17306155075939247	0.7174260591526779	-0.5443645083932854	Control	ENSG00000135912	0.9965361044497735	0.06682061810113993	FALSE	0	TTLL4	TTLL4
ENSG00000278845	8	261	-253	-4.138826544011398	0.3160138555822009	0.8575806021849187	-0.5415667466027179	Control	ENSG00000278845	0.9962696509459099	-0.04496617367255062	FALSE	0	MRPL45	MRPL45
ENSG00000085662	1	43	-42	-0.6889854013245279	0.04782840394351186	0.5819344524380495	-0.5341060484945377	Control	ENSG00000085662	0.9960031974420464	0.02812438194033717	FALSE	0	AKR1B1	AKR1B1
ENSG00000131375	3	91	-88	-1.4410834703463102	0.17306155075939247	0.704769517719158	-0.5317079669597655	Control	ENSG00000131375	0.9957367439381828	0.08164649764404608	FALSE	0	CAPN7	CAPN7
ENSG00000048544	72	3	69	1.1258599391410764	0.6837196909139355	0.16027178257394084	0.5234479083399947	AD	ENSG00000048544	0.9954702904343192	-0.05390997989487722	FALSE	0	MRPS10	MRPS10
ENSG00000110013	1	40	-39	-0.6399355272578899	0.04782840394351186	0.5700772715161204	-0.5222488675726086	Control	ENSG00000110013	0.9949373834265921	-0.09739177088890472	FALSE	0	SIAE	SIAE
ENSG00000281183	1	40	-39	-0.6399355272578899	0.04782840394351186	0.5700772715161204	-0.5222488675726086	Control	ENSG00000281183	0.9949373834265921	-0.00730522925131627	FALSE	0	NPTN-IT1	NPTN-IT1
ENSG00000130413	1	40	-39	-0.6399355272578899	0.04782840394351186	0.5700772715161204	-0.5222488675726086	Control	ENSG00000130413	0.9949373834265921	0.11532703292043944	FALSE	0	STK33	STK33
ENSG00000130024	32	1	31	0.5045615342969958	0.5639488409272582	0.04209965361044498	0.5218491873168132	AD	ENSG00000130024	0.9944044764188649	0.15141526853729204	FALSE	0	PHF10	PHF10
ENSG00000134056	90	4	86	1.4038092255186916	0.7130295763389288	0.1957100985877964	0.5173194777511324	AD	ENSG00000134056	0.9941380229150013	-0.14733736363005434	FALSE	0	KGD4	KGD4
ENSG00000123360	31	1	30	0.4882115762747831	0.5567545963229417	0.04209965361044498	0.5146549427124967	AD	ENSG00000123360	0.993738342659206	0.01571895219537999	FALSE	0	PDE1B	PDE1B
ENSG00000131116	31	1	30	0.4882115762747831	0.5567545963229417	0.04209965361044498	0.5146549427124967	AD	ENSG00000131116	0.993738342659206	-0.0079397055377548	FALSE	0	ZNF428	ZNF428
ENSG00000158528	4	104	-100	-1.637282966612862	0.21183053557154277	0.7254196642685852	-0.5135891286970424	Control	ENSG00000158528	0.9933386624034106	0.05177329389251994	FALSE	0	PPP1R9A	PPP1R9A
ENSG00000116641	5	124	-119	-1.9479321690349023	0.24260591526778577	0.751265654143352	-0.5086597388755663	Control	ENSG00000116641	0.9930722088995471	0.0585271576793982	FALSE	0	DOCK7	DOCK7
ENSG00000136875	30	1	29	0.4718616182525705	0.5494271249666933	0.04209965361044498	0.5073274713562483	AD	ENSG00000136875	0.9928057553956835	-0.09756781885522514	FALSE	0	PRPF4	PRPF4
ENSG00000227398	2	57	-55	-0.9015348556132924	0.12283506528110844	0.6273647748467892	-0.5045297095656808	Control	ENSG00000227398	0.9924060751398881	0.07206486546991542	FALSE	0	KIF9-AS1	KIF9-AS1
ENSG00000016391	1	36	-35	-0.5745356951690394	0.04782840394351186	0.5523581135091926	-0.5045297095656808	Control	ENSG00000016391	0.9924060751398881	0.11646951333475997	FALSE	0	CHDH	CHDH
ENSG00000149100	44	2	42	0.6844110725413349	0.614308553157474	0.11204369837463364	0.5022648547828403	AD	ENSG00000149100	0.9920063948840927	-0.09068823079143053	FALSE	0	EIF3M	EIF3M
ENSG00000197746	29	1	28	0.45551166023035783	0.5442312816413536	0.04209965361044498	0.5021316280309086	AD	ENSG00000197746	0.9916067146282974	-0.02310562928218829	FALSE	0	PSAP	PSAP
ENSG00000137207	29	1	28	0.45551166023035783	0.5442312816413536	0.04209965361044498	0.5021316280309086	AD	ENSG00000137207	0.9916067146282974	-0.06499734569462667	FALSE	0	YIPF3	YIPF3
ENSG00000103034	100	5	95	1.5509588477186056	0.7254196642685852	0.22368771649347188	0.5017319477751133	AD	ENSG00000103034	0.991207034372502	-0.22218793380606527	FALSE	0	NDRG4	NDRG4
ENSG00000158321	1	35	-34	-0.5581857371468267	0.04782840394351186	0.548361310951239	-0.5005329070077271	Control	ENSG00000158321	0.9909405808686385	0.11279716969791131	FALSE	0	AUTS2	AUTS2
ENSG00000178952	99	5	94	1.5346088896963928	0.7228883559818812	0.22368771649347188	0.4992006394884093	AD	ENSG00000178952	0.9906741273647749	-0.1495604530242307	FALSE	0	TUFM	TUFM
ENSG00000011523	157	8	149	2.433856580918089	0.7832400746069811	0.28710365041300295	0.4961364241939782	AD	ENSG00000011523	0.9904076738609112	-0.0922363970198976	FALSE	0	CEP68	CEP68
ENSG00000012779	1	34	-33	-0.5418357791246141	0.04782840394351186	0.5428990141220357	-0.49507061017852383	Control	ENSG00000012779	0.9900079936051159	0.10257876109328468	FALSE	0	ALOX5	ALOX5
ENSG00000011405	1	34	-33	-0.5418357791246141	0.04782840394351186	0.5428990141220357	-0.49507061017852383	Control	ENSG00000011405	0.9900079936051159	0.02637650007188696	FALSE	0	PIK3C2A	PIK3C2A
ENSG00000111481	42	2	40	0.6517111564969097	0.6060484945377032	0.11204369837463364	0.4940047961630695	AD	ENSG00000111481	0.9894750865973888	-0.08898492980982553	FALSE	0	COPZ1	COPZ1
ENSG00000105723	42	2	40	0.6517111564969097	0.6060484945377032	0.11204369837463364	0.4940047961630695	AD	ENSG00000105723	0.9894750865973888	-0.0359644355684825	FALSE	0	GSK3A	GSK3A
ENSG00000173320	27	1	26	0.42281174418593254	0.5325073274713562	0.04209965361044498	0.4904076738609112	AD	ENSG00000173320	0.9888089528377298	-0.0905853009724975	FALSE	0	STOX2	STOX2
ENSG00000152377	27	1	26	0.42281174418593254	0.5325073274713562	0.04209965361044498	0.4904076738609112	AD	ENSG00000152377	0.9888089528377298	-0.27457603240933715	FALSE	0	SPOCK1	SPOCK1
ENSG00000139364	27	1	26	0.42281174418593254	0.5325073274713562	0.04209965361044498	0.4904076738609112	AD	ENSG00000139364	0.9888089528377298	-0.04536196174355744	FALSE	0	TMEM132B	TMEM132B
ENSG00000079482	2	52	-50	-0.8197850655022292	0.12283506528110844	0.6095123900879297	-0.4866773248068213	Control	ENSG00000079482	0.9882760458300026	0.09869163313263483	FALSE	0	OPHN1	OPHN1
ENSG00000174080	39	2	37	0.6026612824302717	0.5951239008792966	0.11204369837463364	0.48308020250466294	AD	ENSG00000174080	0.988009592326139	-0.08799389280638614	FALSE	0	CTSF	CTSF
ENSG00000104872	1	32	-31	-0.5091358630801888	0.04782840394351186	0.530775379696243	-0.4829469757527312	Control	ENSG00000104872	0.9877431388222755	-0.05495142140686759	FALSE	0	PIH1D1	PIH1D1
ENSG00000134333	26	1	25	0.40646178616371986	0.5242472688515853	0.04209965361044498	0.4821476152411403	AD	ENSG00000134333	0.9874766853184119	-0.12576896592595332	FALSE	0	LDHA	LDHA
ENSG00000087365	1	31	-30	-0.4927859050579761	0.04782840394351186	0.5257127631228351	-0.47788435917932326	Control	ENSG00000087365	0.9870770050626165	0.01246811093541744	FALSE	0	SF3B2	SF3B2
ENSG00000197345	1	31	-30	-0.4927859050579761	0.04782840394351186	0.5257127631228351	-0.47788435917932326	Control	ENSG00000197345	0.9870770050626165	-0.1875258862545106	FALSE	0	MRPL21	MRPL21
ENSG00000083937	37	2	35	0.5699613663858464	0.5855315747402078	0.11204369837463364	0.47348787636557416	AD	ENSG00000083937	0.9865440980548894	-0.02014988853241028	FALSE	0	CHMP2B	CHMP2B
ENSG00000067445	37	2	35	0.5699613663858464	0.5855315747402078	0.11204369837463364	0.47348787636557416	AD	ENSG00000067445	0.9865440980548894	-0.13727865935420702	FALSE	0	TRO	TRO
ENSG00000236104	25	1	24	0.3901118281415072	0.5154543032240874	0.04209965361044498	0.4733546496136424	AD	ENSG00000236104	0.986144417799094	0.04686589717956302	FALSE	0	ZBTB22	ZBTB22
ENSG00000137275	1	30	-29	-0.4764359470357635	0.04782840394351186	0.5201172395417	-0.4722888355981882	Control	ENSG00000137275	0.9858779642952304	0.04276746953580712	FALSE	0	RIPK1	RIPK1
ENSG00000178385	36	2	34	0.5536114083636338	0.5808686384225953	0.11204369837463364	0.46882494004796166	AD	ENSG00000178385	0.9856115107913669	-0.06755809025444393	FALSE	0	PLEKHM3	PLEKHM3
ENSG00000165973	48	3	45	0.7334609466079729	0.6268318678390621	0.16027178257394084	0.46656008526512127	AD	ENSG00000165973	0.9853450572875033	-0.3019810377972121	FALSE	0	NELL1	NELL1
ENSG00000198556	1	29	-28	-0.4600859890135508	0.04782840394351186	0.5135891286970423	-0.4657607247535305	Control	ENSG00000198556	0.9848121502797762	0.04647906043986261	FALSE	0	ZNF789	ZNF789
ENSG00000112333	1	29	-28	-0.4600859890135508	0.04782840394351186	0.5135891286970423	-0.4657607247535305	Control	ENSG00000112333	0.9848121502797762	0.15295514281135247	FALSE	0	NR2E1	NR2E1
ENSG00000261451	1	29	-28	-0.4600859890135508	0.04782840394351186	0.5135891286970423	-0.4657607247535305	Control	ENSG00000261451	0.9848121502797762	0.08177730726916899	FALSE	0	NA	ENSG00000261451
ENSG00000136504	24	1	23	0.37376187011929457	0.5077271516120437	0.04209965361044498	0.4656274980015987	AD	ENSG00000136504	0.9842792432720491	-0.07198257653738871	FALSE	0	KAT7	KAT7
ENSG00000167107	4	76	-72	-1.1794841419909077	0.21183053557154277	0.6762589928057554	-0.46442845723421267	Control	ENSG00000167107	0.9840127897681854	0.08663979146961776	FALSE	0	ACSF2	ACSF2
ENSG00000082153	47	3	44	0.7171109885857603	0.623767652544631	0.16027178257394084	0.46349586997069014	AD	ENSG00000082153	0.9837463362643218	-0.10860372224965786	FALSE	0	BZW1	BZW1
ENSG00000163513	34	2	32	0.5209114923192084	0.5731414868105515	0.11204369837463364	0.4610977884359179	AD	ENSG00000163513	0.9834798827604583	0.12794494423051717	FALSE	0	TGFBR2	TGFBR2
ENSG00000279495	1	28	-27	-0.4437360309913381	0.04782840394351186	0.5063948840927258	-0.458566480149214	Control	ENSG00000279495	0.9830802025046629	0.05562016067166553	FALSE	0	NA	ENSG00000279495
ENSG00000155926	1	28	-27	-0.4437360309913381	0.04782840394351186	0.5063948840927258	-0.458566480149214	Control	ENSG00000155926	0.9830802025046629	0.3523965163993088	FALSE	0	SLA	SLA
ENSG00000167671	3	57	-54	-0.8851848975910798	0.17306155075939247	0.6273647748467892	-0.4543032240873968	Control	ENSG00000167671	0.9826805222488676	-0.06091754696057983	FALSE	0	UBXN6	UBXN6
ENSG00000135503	67	5	62	1.011410232985588	0.6746602717825739	0.22368771649347188	0.4509725552891021	AD	ENSG00000135503	0.982414068745004	-0.03795835498450017	FALSE	0	ACVR1B	ACVR1B
ENSG00000150787	22	1	21	0.3410619540748692	0.49213962163602454	0.04209965361044498	0.4500399680255795	AD	ENSG00000150787	0.9820143884892086	-0.06764631614785888	FALSE	0	PTS	PTS
ENSG00000235961	22	1	21	0.3410619540748692	0.49213962163602454	0.04209965361044498	0.4500399680255795	AD	ENSG00000235961	0.9820143884892086	-0.06727405043366552	FALSE	0	PNMA6A	PNMA6A
ENSG00000138660	8	133	-125	-2.0460319171681784	0.3160138555822009	0.764455102584599	-0.4484412470023981	Control	ENSG00000138660	0.9816147082334132	-0.00999028548618952	FALSE	0	AP1AR	AP1AR
ENSG00000108798	2	40	-38	-0.6235855692356773	0.12283506528110844	0.5700772715161204	-0.447242206235012	Control	ENSG00000108798	0.9813482547295497	0.1446450293515369	FALSE	0	ABI3	ABI3
ENSG00000169976	42	3	39	0.635361198474697	0.6060484945377032	0.16027178257394084	0.44577671196376234	AD	ENSG00000169976	0.9810818012256861	-0.1417050684658392	FALSE	0	SF3B5	SF3B5
ENSG00000250802	1	26	-25	-0.4110361149469128	0.04782840394351186	0.4933386624034106	-0.4455102584598988	Control	ENSG00000250802	0.9808153477218226	0.08930089155137821	FALSE	0	ZBED3-AS1	ZBED3-AS1
ENSG00000244005	21	1	20	0.3247119960526566	0.4845456967759126	0.04209965361044498	0.4424460431654676	AD	ENSG00000244005	0.980548894217959	-0.17027610486153044	FALSE	0	NFS1	NFS1
ENSG00000015285	2	39	-37	-0.6072356112134647	0.12283506528110844	0.5648814281907807	-0.44204636290967225	Control	ENSG00000015285	0.9802824407140954	0.13565058213721048	FALSE	0	WAS	WAS
ENSG00000130304	1	25	-24	-0.39468615692470016	0.04782840394351186	0.48627764455102584	-0.438449240607514	Control	ENSG00000130304	0.9800159872102319	0.03226344986067531	FALSE	0	SLC27A1	SLC27A1
ENSG00000169714	61	5	56	0.913310484852312	0.6605382360778044	0.22368771649347188	0.4368505195843325	AD	ENSG00000169714	0.9797495337063682	-0.03063333749823194	FALSE	0	CNBP	CNBP
ENSG00000211460	126	10	116	1.8943079661850712	0.756861177724487	0.32187583266719955	0.4349853450572875	AD	ENSG00000211460	0.9794830802025046	-0.07573931965550074	FALSE	0	TSN	TSN
ENSG00000089597	39	3	36	0.5863113244080591	0.5951239008792966	0.16027178257394084	0.43485211830535575	AD	ENSG00000089597	0.9792166266986411	-0.09073368131198656	FALSE	0	GANAB	GANAB
ENSG00000163346	2	37	-35	-0.5745356951690394	0.12283506528110844	0.5568878230748734	-0.43405275779376495	Control	ENSG00000163346	0.9789501731947775	0.1593982507144549	FALSE	0	PBXIP1	PBXIP1
ENSG00000109670	173	13	160	2.6137061191624285	0.7981614708233413	0.3673061550759392	0.4308553157474021	AD	ENSG00000109670	0.978683719690914	-0.26011654018266483	FALSE	0	FBXW7	FBXW7
ENSG00000107937	79	7	72	1.1749098132077145	0.6967759126032508	0.2675193178790301	0.4292565947242207	AD	ENSG00000107937	0.9784172661870504	-0.12253817209183993	FALSE	0	GTPBP4	GTPBP4
ENSG00000108424	105	9	96	1.5673088057408182	0.7331468158806288	0.3050892619237943	0.4280575539568345	AD	ENSG00000108424	0.9781508126831868	-0.06811782772382458	FALSE	0	KPNB1	KPNB1
ENSG00000110696	19	1	18	0.2920120800082313	0.469890754063416	0.04209965361044498	0.427791100452971	AD	ENSG00000110696	0.9777511324273914	-0.0590210282259811	FALSE	0	C11orf58	C11orf58
ENSG00000166272	19	1	18	0.2920120800082313	0.469890754063416	0.04209965361044498	0.427791100452971	AD	ENSG00000166272	0.9777511324273914	0.11972590570018404	FALSE	0	WBP1L	WBP1L
ENSG00000273841	135	11	124	2.0251076303627724	0.7637889688249401	0.33679722888355984	0.42699173994138023	AD	ENSG00000273841	0.9772182254196643	-0.15615891805821747	FALSE	0	TAF9	TAF9
ENSG00000101337	28	2	26	0.42281174418593254	0.5390354383160139	0.11204369837463364	0.42699173994138023	AD	ENSG00000101337	0.9772182254196643	-0.14163439385993115	FALSE	0	TM9SF4	TM9SF4
ENSG00000135315	3	48	-45	-0.7380352753911659	0.17306155075939247	0.5995203836930456	-0.4264588329336531	Control	ENSG00000135315	0.9768185451638689	0.0587467353275688	FALSE	0	CEP162	CEP162
ENSG00000151687	2	35	-33	-0.5418357791246141	0.12283506528110844	0.548361310951239	-0.4255262456701306	Control	ENSG00000151687	0.9765520916600053	0.07952665746969867	FALSE	0	ANKAR	ANKAR
ENSG00000100908	4	60	-56	-0.9178848136355052	0.21183053557154277	0.636957100985878	-0.4251265654143352	Control	ENSG00000100908	0.9762856381561418	-0.15420365503517353	FALSE	0	EMC9	EMC9
ENSG00000127884	56	5	51	0.8315606947412488	0.6486810551558753	0.22368771649347188	0.4249933386624034	AD	ENSG00000127884	0.9758859579003464	-0.14875374888427295	FALSE	0	ECHS1	ECHS1
ENSG00000107554	1	23	-22	-0.36198624088027487	0.04782840394351186	0.4728217426059153	-0.4249933386624034	Control	ENSG00000107554	0.9758859579003464	0.04246222094315755	FALSE	0	DNMBP	DNMBP
ENSG00000102753	27	2	25	0.40646178616371986	0.5325073274713562	0.11204369837463364	0.4204636290967226	AD	ENSG00000102753	0.975486277644551	-0.04571918012115894	FALSE	0	KPNA3	KPNA3
ENSG00000197102	18	1	17	0.27566212198601864	0.45976552091660006	0.04209965361044498	0.417665867306155	AD	ENSG00000197102	0.9752198241406874	-0.1369507790851543	FALSE	0	DYNC1H1	DYNC1H1
ENSG00000149503	62	6	56	0.913310484852312	0.6637356781241673	0.24660271782573945	0.41713296029842795	AD	ENSG00000149503	0.9749533706368239	-0.03499128765165693	FALSE	0	INCENP	INCENP
ENSG00000110693	1	22	-21	-0.3456362828580622	0.04782840394351186	0.464828137490008	-0.41699973354649617	Control	ENSG00000110693	0.9745536903810285	0.14107914314455705	FALSE	0	SOX6	SOX6
ENSG00000163406	1	22	-21	-0.3456362828580622	0.04782840394351186	0.464828137490008	-0.41699973354649617	Control	ENSG00000163406	0.9745536903810285	0.11693426035253296	FALSE	0	SLC15A2	SLC15A2
ENSG00000111752	6	80	-74	-1.212184058035333	0.2696509459099387	0.6849187316813216	-0.4152677857713829	Control	ENSG00000111752	0.9741540101252332	0.0789077249721668	FALSE	0	PHC1	PHC1
ENSG00000134376	4	56	-52	-0.8524849815466545	0.21183053557154277	0.6244337863042899	-0.4126032507327472	Control	ENSG00000134376	0.9738875566213696	0.12561128094436036	FALSE	0	CRB1	CRB1
ENSG00000229847	5	66	-61	-0.9996346037465684	0.24260591526778577	0.6540101252331468	-0.4114042099653611	Control	ENSG00000229847	0.973621103117506	0.07326356879527829	FALSE	0	EMX2OS	EMX2OS
ENSG00000133101	7	91	-84	-1.3756836382574595	0.29349853450572877	0.704769517719158	-0.4112709832134292	Control	ENSG00000133101	0.9733546496136424	-0.2862247543236114	FALSE	0	CCNA1	CCNA1
ENSG00000170515	33	3	30	0.4882115762747831	0.5692779110045297	0.16027178257394084	0.4090061284305889	AD	ENSG00000170515	0.9730881961097788	-0.10128941796633306	FALSE	0	PA2G4	PA2G4
ENSG00000165730	1	21	-20	-0.3292863248358496	0.04782840394351186	0.4559019451105782	-0.40807354116706634	Control	ENSG00000165730	0.9725552891020517	0.11264220718786432	FALSE	0	STOX1	STOX1
ENSG00000240184	1	21	-20	-0.3292863248358496	0.04782840394351186	0.4559019451105782	-0.40807354116706634	Control	ENSG00000240184	0.9725552891020517	0.0982753725440304	FALSE	0	PCDHGC3	PCDHGC3
ENSG00000135926	1	21	-20	-0.3292863248358496	0.04782840394351186	0.4559019451105782	-0.40807354116706634	Control	ENSG00000135926	0.9725552891020517	-0.08549090937083115	FALSE	0	TMBIM1	TMBIM1
ENSG00000081307	4	54	-50	-0.8197850655022292	0.21183053557154277	0.617505995203837	-0.40567545963229423	Control	ENSG00000081307	0.9720223820943246	-0.05461755308306237	FALSE	0	UBA5	UBA5
ENSG00000027075	25	2	23	0.37376187011929457	0.5154543032240874	0.11204369837463364	0.40341060484945374	AD	ENSG00000027075	0.9716227018385292	0.20351824650300457	FALSE	0	PRKCH	PRKCH
ENSG00000074319	25	2	23	0.37376187011929457	0.5154543032240874	0.11204369837463364	0.40341060484945374	AD	ENSG00000074319	0.9716227018385292	-0.00133033365866985	FALSE	0	TSG101	TSG101
ENSG00000174456	48	5	43	0.7007610305635477	0.6268318678390621	0.22368771649347188	0.40314415134559023	AD	ENSG00000174456	0.9712230215827338	-0.120892869385969	FALSE	0	C12orf76	C12orf76
ENSG00000174748	74	8	66	1.0768100650744383	0.687849720223821	0.28710365041300295	0.400746069810818	AD	ENSG00000174748	0.9709565680788702	-0.13546422746708586	FALSE	0	RPL15	RPL15
ENSG00000107186	1	20	-19	-0.3129363668136369	0.04782840394351186	0.44537703170796694	-0.3975486277644551	Control	ENSG00000107186	0.9706901145750066	0.054973368198036	FALSE	0	MPDZ	MPDZ
ENSG00000111707	31	3	28	0.45551166023035783	0.5567545963229417	0.16027178257394084	0.3964828137490009	AD	ENSG00000111707	0.9704236610711431	0.01167354445400903	FALSE	0	SUDS3	SUDS3
ENSG00000111817	24	2	22	0.3574119120970819	0.5077271516120437	0.11204369837463364	0.3956834532374101	AD	ENSG00000111817	0.9700239808153477	0.2011441401723033	FALSE	0	DSE	DSE
ENSG00000111897	24	2	22	0.3574119120970819	0.5077271516120437	0.11204369837463364	0.3956834532374101	AD	ENSG00000111897	0.9700239808153477	-0.08440233904490668	FALSE	0	SERINC1	SERINC1
ENSG00000166822	16	1	15	0.24296220594159332	0.4373834265920597	0.04209965361044498	0.3952837729816147	AD	ENSG00000166822	0.9693578470556888	0.06213154822819256	FALSE	0	TMEM170A	TMEM170A
ENSG00000101349	16	1	15	0.24296220594159332	0.4373834265920597	0.04209965361044498	0.3952837729816147	AD	ENSG00000101349	0.9693578470556888	0.06491787941430971	FALSE	0	PAK5	PAK5
ENSG00000168701	16	1	15	0.24296220594159332	0.4373834265920597	0.04209965361044498	0.3952837729816147	AD	ENSG00000168701	0.9693578470556888	-0.10804422608633855	FALSE	0	TMEM208	TMEM208
ENSG00000247077	38	4	34	0.5536114083636338	0.5907274180655475	0.1957100985877964	0.3950173194777511	AD	ENSG00000247077	0.9688249400479616	-0.08370865909304825	FALSE	0	PGAM5	PGAM5
ENSG00000086598	103	11	92	1.5019089736519675	0.7303490540900612	0.33679722888355984	0.3935518252065014	AD	ENSG00000086598	0.968558486544098	-0.07781631319506488	FALSE	0	TMED2	TMED2
ENSG00000113048	115	12	103	1.6817585118963068	0.7450039968025579	0.35251798561151076	0.39248601119104715	AD	ENSG00000113048	0.9682920330402345	-0.06073539695608332	FALSE	0	MRPS27	MRPS27
ENSG00000169851	101	11	90	1.4692090576075425	0.7278177458033573	0.33679722888355984	0.3910205169197975	AD	ENSG00000169851	0.9680255795363709	-0.09204271704817302	FALSE	0	PCDH7	PCDH7
ENSG00000198276	2	29	-27	-0.4437360309913381	0.12283506528110844	0.5135891286970423	-0.3907540634159339	Control	ENSG00000198276	0.9677591260325074	0.11597139664494271	FALSE	0	UCKL1	UCKL1
ENSG00000196776	89	10	79	1.289359519363203	0.7112976285638156	0.32187583266719955	0.3894217958966161	AD	ENSG00000196776	0.9674926725286438	-0.09847108466493282	FALSE	0	CD47	CD47
ENSG00000176401	30	3	27	0.4391617022081451	0.5494271249666933	0.16027178257394084	0.3891553423927525	AD	ENSG00000176401	0.9672262190247801	-0.2037247689641637	FALSE	0	EID2B	EID2B
ENSG00000171490	8	91	-83	-1.359333680235247	0.3160138555822009	0.704769517719158	-0.38875566213695706	Control	ENSG00000171490	0.9669597655209166	8.821614360474683e-4	FALSE	0	RSL1D1	RSL1D1
ENSG00000141447	3	38	-35	-0.5745356951690394	0.17306155075939247	0.5612843058886224	-0.38822275512923	Control	ENSG00000141447	0.966693312017053	-0.10171027856145544	FALSE	0	OSBPL1A	OSBPL1A
ENSG00000163328	23	2	21	0.3410619540748692	0.5001332267519318	0.11204369837463364	0.3880895283772982	AD	ENSG00000163328	0.9664268585131894	-0.00256591010745665	FALSE	0	GPR155	GPR155
ENSG00000197062	5	58	-53	-0.8688349395688671	0.24260591526778577	0.6304289901412203	-0.3878230748734346	Control	ENSG00000197062	0.9661604050093259	0.02597595109437023	FALSE	0	ZSCAN26	ZSCAN26
ENSG00000280650	1	19	-18	-0.2965864087914242	0.04782840394351186	0.4337863042899014	-0.3859579003463895	Control	ENSG00000280650	0.9656274980015987	0.17395741521040442	FALSE	0	KCNIP4-IT1	KCNIP4-IT1
ENSG00000169604	1	19	-18	-0.2965864087914242	0.04782840394351186	0.4337863042899014	-0.3859579003463895	Control	ENSG00000169604	0.9656274980015987	0.1170312924780088	FALSE	0	ANTXR1	ANTXR1
ENSG00000234899	1	19	-18	-0.2965864087914242	0.04782840394351186	0.4337863042899014	-0.3859579003463895	Control	ENSG00000234899	0.9656274980015987	0.1362633464802503	FALSE	0	SOX9-AS1	SOX9-AS1
ENSG00000106245	36	4	32	0.5209114923192084	0.5808686384225953	0.1957100985877964	0.38515853983479886	AD	ENSG00000106245	0.9650945909938715	-0.07531277600707043	FALSE	0	BUD31	BUD31
ENSG00000065427	66	8	58	0.9460104008967376	0.6722621902478018	0.28710365041300295	0.3851585398347988	AD	ENSG00000065427	0.964828137490008	-0.08763295482841649	FALSE	0	KARS1	KARS1
ENSG00000110888	4	47	-43	-0.7053353593467406	0.21183053557154277	0.5957900346389555	-0.3839594990674128	Control	ENSG00000110888	0.9645616839861444	0.01855808123045932	FALSE	0	CAPRIN2	CAPRIN2
ENSG00000162409	107	12	95	1.5509588477186056	0.7351452171596057	0.35251798561151076	0.3826272315480949	AD	ENSG00000162409	0.9642952304822808	-0.04748721532640587	FALSE	0	PRKAA2	PRKAA2
ENSG00000011426	15	1	14	0.22661224791938067	0.4237942978950173	0.04209965361044498	0.38169464428457234	AD	ENSG00000011426	0.9636290967226219	0.4023231428289371	FALSE	0	ANLN	ANLN
ENSG00000111266	15	1	14	0.22661224791938067	0.4237942978950173	0.04209965361044498	0.38169464428457234	AD	ENSG00000111266	0.9636290967226219	0.13516627177143903	FALSE	0	DUSP16	DUSP16
ENSG00000153989	15	1	14	0.22661224791938067	0.4237942978950173	0.04209965361044498	0.38169464428457234	AD	ENSG00000153989	0.9636290967226219	-0.00618545220620703	FALSE	0	NUS1	NUS1
ENSG00000145390	15	1	14	0.22661224791938067	0.4237942978950173	0.04209965361044498	0.38169464428457234	AD	ENSG00000145390	0.9636290967226219	0.13924534531457233	FALSE	0	USP53	USP53
ENSG00000125826	3	36	-33	-0.5418357791246141	0.17306155075939247	0.5523581135091926	-0.37929656274980017	Control	ENSG00000125826	0.9629629629629629	0.04825346912115691	FALSE	0	RBCK1	RBCK1
ENSG00000113721	28	3	25	0.40646178616371986	0.5390354383160139	0.16027178257394084	0.37876365574207305	AD	ENSG00000113721	0.9626965094590993	0.14090578483481586	FALSE	0	PDGFRB	PDGFRB
ENSG00000174125	3	35	-32	-0.5254858211024014	0.17306155075939247	0.548361310951239	-0.3752997601918465	Control	ENSG00000174125	0.9620303756994405	0.142219744717476	FALSE	0	TLR1	TLR1
ENSG00000127249	1	18	-17	-0.2802364507692116	0.04782840394351186	0.4231281641353584	-0.3752997601918465	Control	ENSG00000127249	0.9620303756994405	0.07235006574748226	FALSE	0	ATP13A4	ATP13A4
ENSG00000105355	1	18	-17	-0.2802364507692116	0.04782840394351186	0.4231281641353584	-0.3752997601918465	Control	ENSG00000105355	0.9620303756994405	0.02536547553835078	FALSE	0	PLIN3	PLIN3
ENSG00000270231	1	18	-17	-0.2802364507692116	0.04782840394351186	0.4231281641353584	-0.3752997601918465	Control	ENSG00000270231	0.9620303756994405	0.09481040997995648	FALSE	0	NBPF8	NBPF8
ENSG00000160932	5	54	-49	-0.8034351074800166	0.24260591526778577	0.617505995203837	-0.3749000799360512	Control	ENSG00000160932	0.9613642419397815	-0.0515230549498753	FALSE	0	LY6E	LY6E
ENSG00000142327	7	71	-64	-1.0486844778132065	0.29349853450572877	0.6675992539301892	-0.3741007194244604	Control	ENSG00000142327	0.961097788435918	0.0896517404112327	FALSE	0	RNPEPL1	RNPEPL1
ENSG00000100294	4	44	-40	-0.6562854852801027	0.21183053557154277	0.5848654409805489	-0.3730349054090062	Control	ENSG00000100294	0.9608313349320543	-0.07125059830160296	FALSE	0	MCAT	MCAT
ENSG00000148841	21	2	19	0.30836203803044393	0.4845456967759126	0.11204369837463364	0.37250199840127896	AD	ENSG00000148841	0.9605648814281907	0.14845115869526548	FALSE	0	ITPRIP	ITPRIP
ENSG00000187325	27	3	24	0.3901118281415072	0.5325073274713562	0.16027178257394084	0.3722355448974154	AD	ENSG00000187325	0.9602984279243272	-0.16043618964268802	FALSE	0	TAF9B	TAF9B
ENSG00000123684	19	233	-214	-3.501178181145104	0.469890754063416	0.8415933919531042	-0.3717026378896882	Control	ENSG00000123684	0.9600319744204636	-0.07200250763180271	FALSE	0	LPGAT1	LPGAT1
ENSG00000229739	3	34	-31	-0.5091358630801888	0.17306155075939247	0.5428990141220357	-0.3698374633626432	Control	ENSG00000229739	0.9596322941646682	0.09740484032460196	FALSE	0	PDC-AS1	PDC-AS1
ENSG00000262655	3	34	-31	-0.5091358630801888	0.17306155075939247	0.5428990141220357	-0.3698374633626432	Control	ENSG00000262655	0.9596322941646682	0.08297259079696317	FALSE	0	SPON1	SPON1
ENSG00000138600	14	1	13	0.21026228989716805	0.4108713029576339	0.04209965361044498	0.3687716493471889	AD	ENSG00000138600	0.9590993871569411	-0.0196024859273951	FALSE	0	SPPL2A	SPPL2A
ENSG00000215717	14	1	13	0.21026228989716805	0.4108713029576339	0.04209965361044498	0.3687716493471889	AD	ENSG00000215717	0.9590993871569411	-0.04659466168796022	FALSE	0	TMEM167B	TMEM167B
ENSG00000119638	13	134	-121	-1.980632085079328	0.397015720756728	0.7655209166000533	-0.3685051958433253	Control	ENSG00000119638	0.9586997069011457	0.04502702694816385	FALSE	0	NEK9	NEK9
ENSG00000144320	66	9	57	0.9296604428745248	0.6722621902478018	0.3050892619237943	0.36717292832400744	AD	ENSG00000144320	0.9584332533972821	-0.09208015383198108	FALSE	0	LNPK	LNPK
ENSG00000250510	38	5	33	0.5372614503414211	0.5907274180655475	0.22368771649347188	0.36703970157207566	AD	ENSG00000250510	0.9581667998934186	-0.07773666188974993	FALSE	0	GPR162	GPR162
ENSG00000153208	5	52	-47	-0.7707351914355912	0.24260591526778577	0.6095123900879297	-0.36690647482014394	Control	ENSG00000153208	0.957900346389555	0.10498836792953448	FALSE	0	MERTK	MERTK
ENSG00000084463	20	2	18	0.2920120800082313	0.478017585931255	0.11204369837463364	0.36597388755662136	AD	ENSG00000084463	0.9575006661337596	-0.0200167633561108	FALSE	0	WBP11	WBP11
ENSG00000242372	20	2	18	0.2920120800082313	0.478017585931255	0.11204369837463364	0.36597388755662136	AD	ENSG00000242372	0.9575006661337596	-0.1219451059462484	FALSE	0	EIF6	EIF6
ENSG00000168487	1	17	-16	-0.26388649274699894	0.04782840394351186	0.4132693844924061	-0.36544098054889423	Control	ENSG00000168487	0.9568345323741008	0.1259071722192706	FALSE	0	BMP1	BMP1
ENSG00000197712	1	17	-16	-0.26388649274699894	0.04782840394351186	0.4132693844924061	-0.36544098054889423	Control	ENSG00000197712	0.9568345323741008	0.05206906165316649	FALSE	0	FAM114A1	FAM114A1
ENSG00000077150	1	17	-16	-0.26388649274699894	0.04782840394351186	0.4132693844924061	-0.36544098054889423	Control	ENSG00000077150	0.9568345323741008	0.01722405966019025	FALSE	0	NFKB2	NFKB2
ENSG00000128590	95	12	83	1.3547593514520535	0.7176925126565414	0.35251798561151076	0.3651745270450307	AD	ENSG00000128590	0.9563016253663735	-0.11562600711174652	FALSE	0	DNAJB9	DNAJB9
ENSG00000103657	57	8	49	0.7988607786968236	0.65201172395417	0.28710365041300295	0.364908073541167	AD	ENSG00000103657	0.95603517186251	-0.17464035549896906	FALSE	0	HERC1	HERC1
ENSG00000087903	3	33	-30	-0.4927859050579761	0.17306155075939247	0.5363709032773781	-0.3633093525179857	Control	ENSG00000087903	0.9556354916067147	0.1462596422160658	FALSE	0	RFX2	RFX2
ENSG00000122824	3	33	-30	-0.4927859050579761	0.17306155075939247	0.5363709032773781	-0.3633093525179857	Control	ENSG00000122824	0.9556354916067147	-0.02341774365274318	FALSE	0	NUDT10	NUDT10
ENSG00000131051	10	96	-86	-1.4083835543018848	0.35251798561151076	0.7143618438582467	-0.361843858246736	Control	ENSG00000131051	0.9552358113509193	0.06756535714718659	FALSE	0	RBM39	RBM39
ENSG00000083642	6	58	-52	-0.8524849815466545	0.2696509459099387	0.6304289901412203	-0.3607780442312816	Control	ENSG00000083642	0.9549693578470557	0.0168722261751224	FALSE	0	PDS5B	PDS5B
ENSG00000198729	2	24	-22	-0.36198624088027487	0.12283506528110844	0.4794830802025047	-0.35664801492139625	Control	ENSG00000198729	0.9545696775912603	-0.1765329967879481	FALSE	0	PPP1R14C	PPP1R14C
ENSG00000280138	2	24	-22	-0.36198624088027487	0.12283506528110844	0.4794830802025047	-0.35664801492139625	Control	ENSG00000280138	0.9545696775912603	0.0840168687842553	FALSE	0	NA	ENSG00000280138
ENSG00000106571	8	74	-66	-1.0813843938576315	0.3160138555822009	0.6718625099920064	-0.35584865440980545	Control	ENSG00000106571	0.9541699973354649	0.1336711367444714	FALSE	0	GLI3	GLI3
ENSG00000168781	25	3	22	0.3574119120970819	0.5154543032240874	0.16027178257394084	0.35518252065014655	AD	ENSG00000168781	0.9539035438316014	-0.07222254133817785	FALSE	0	PPIP5K1	PPIP5K1
ENSG00000067167	13	1	12	0.19391233187495535	0.397015720756728	0.04209965361044498	0.354916067146283	AD	ENSG00000067167	0.9531041833200107	0.04203192857730009	FALSE	0	TRAM1	TRAM1
ENSG00000054654	13	1	12	0.19391233187495535	0.397015720756728	0.04209965361044498	0.354916067146283	AD	ENSG00000054654	0.9531041833200107	0.1363928328772115	FALSE	0	SYNE2	SYNE2
ENSG00000263465	13	1	12	0.19391233187495535	0.397015720756728	0.04209965361044498	0.354916067146283	AD	ENSG00000263465	0.9531041833200107	-0.05013373440431579	FALSE	0	SRSF8	SRSF8
ENSG00000170846	13	1	12	0.19391233187495535	0.397015720756728	0.04209965361044498	0.354916067146283	AD	ENSG00000170846	0.9531041833200107	0.00936429524083593	FALSE	0	MRFAP1L2	MRFAP1L2
ENSG00000180304	13	1	12	0.19391233187495535	0.397015720756728	0.04209965361044498	0.354916067146283	AD	ENSG00000180304	0.9531041833200107	-0.00317211181761045	FALSE	0	OAZ2	OAZ2
ENSG00000144566	76	11	65	1.060460107052226	0.6917132960298428	0.33679722888355984	0.35491606714628293	AD	ENSG00000144566	0.9521715960564882	-0.117064112455461	FALSE	0	RAB5A	RAB5A
ENSG00000158623	76	11	65	1.060460107052226	0.6917132960298428	0.33679722888355984	0.35491606714628293	AD	ENSG00000158623	0.9521715960564882	-0.15610465660079953	FALSE	0	COPG2	COPG2
ENSG00000087053	6	56	-50	-0.8197850655022292	0.2696509459099387	0.6244337863042899	-0.3547828403943512	Control	ENSG00000087053	0.9517719158006928	-0.02312498811520136	FALSE	0	MTMR2	MTMR2
ENSG00000163191	1	16	-15	-0.2475365347247863	0.04782840394351186	0.4023447908339995	-0.35451638689048764	Control	ENSG00000163191	0.9508393285371702	0.05304987875616973	FALSE	0	S100A11	S100A11
ENSG00000089169	1	16	-15	-0.2475365347247863	0.04782840394351186	0.4023447908339995	-0.35451638689048764	Control	ENSG00000089169	0.9508393285371702	-0.5053147523581334	TRUE	1	RPH3A	RPH3A
ENSG00000116885	1	16	-15	-0.2475365347247863	0.04782840394351186	0.4023447908339995	-0.35451638689048764	Control	ENSG00000116885	0.9508393285371702	-0.16031638561383588	FALSE	1	OSCP1	OSCP1
ENSG00000151967	1	16	-15	-0.2475365347247863	0.04782840394351186	0.4023447908339995	-0.35451638689048764	Control	ENSG00000151967	0.9508393285371702	0.0653709901887396	FALSE	1	SCHIP1	SCHIP1
ENSG00000142611	1	16	-15	-0.2475365347247863	0.04782840394351186	0.4023447908339995	-0.35451638689048764	Control	ENSG00000142611	0.9508393285371702	0.08325364177338379	FALSE	1	PRDM16	PRDM16
ENSG00000090316	1	16	-15	-0.2475365347247863	0.04782840394351186	0.4023447908339995	-0.35451638689048764	Control	ENSG00000090316	0.9508393285371702	0.01778034661394656	FALSE	1	MAEA	MAEA
ENSG00000157216	30	4	26	0.42281174418593254	0.5494271249666933	0.1957100985877964	0.3537170263788969	AD	ENSG00000157216	0.9499067412736477	-0.03054526999751417	FALSE	1	SSBP3	SSBP3
ENSG00000004142	53	8	45	0.7334609466079729	0.6406874500399681	0.28710365041300295	0.3535837996269651	AD	ENSG00000004142	0.9496402877697842	-0.07568031853607948	FALSE	1	POLDIP2	POLDIP2
ENSG00000128656	186	21	165	2.6954559092734915	0.806554756195044	0.4559019451105782	0.35065281108446583	AD	ENSG00000128656	0.9493738342659206	-0.1891541579331264	FALSE	1	CHN1	CHN1
ENSG00000143314	45	7	38	0.6190112404524843	0.6179056754596323	0.2675193178790301	0.35038635758060216	AD	ENSG00000143314	0.949107380762057	-0.11648814054550805	FALSE	1	MRPL24	MRPL24
ENSG00000115540	2	23	-21	-0.3456362828580622	0.12283506528110844	0.4728217426059153	-0.3499866773248068	Control	ENSG00000115540	0.9488409272581935	-0.07716816813274363	FALSE	1	MOB4	MOB4
ENSG00000184304	4	38	-34	-0.5581857371468267	0.21183053557154277	0.5612843058886224	-0.3494537703170797	Control	ENSG00000184304	0.9484412470023981	0.0988368119093046	FALSE	1	PRKD1	PRKD1
ENSG00000104133	4	38	-34	-0.5581857371468267	0.21183053557154277	0.5612843058886224	-0.3494537703170797	Control	ENSG00000104133	0.9484412470023981	-0.03722572708300653	FALSE	1	SPG11	SPG11
ENSG00000119414	111	15	96	1.5673088057408182	0.7398081534772182	0.3911537436717293	0.3486544098054889	AD	ENSG00000119414	0.9480415667466027	-0.02904488066710797	FALSE	1	PPP6C	PPP6C
ENSG00000163902	29	4	25	0.40646178616371986	0.5442312816413536	0.1957100985877964	0.34852118305355717	AD	ENSG00000163902	0.9477751132427391	-0.11414244085039373	FALSE	1	RPN1	RPN1
ENSG00000122417	18	2	16	0.25931216396380596	0.45976552091660006	0.11204369837463364	0.34772182254196643	AD	ENSG00000122417	0.947242206235012	0.05306778766028763	FALSE	1	ODF2L	ODF2L
ENSG00000132357	18	2	16	0.25931216396380596	0.45976552091660006	0.11204369837463364	0.34772182254196643	AD	ENSG00000132357	0.947242206235012	0.16073163673468205	FALSE	1	CARD6	CARD6
ENSG00000213949	18	2	16	0.25931216396380596	0.45976552091660006	0.11204369837463364	0.34772182254196643	AD	ENSG00000213949	0.947242206235012	-0.0107950218467856	FALSE	1	ITGA1	ITGA1
ENSG00000101361	24	3	21	0.3410619540748692	0.5077271516120437	0.16027178257394084	0.3474553690381029	AD	ENSG00000101361	0.9467092992272849	-0.07598261176464405	FALSE	1	NOP56	NOP56
ENSG00000100852	3	30	-27	-0.4437360309913381	0.17306155075939247	0.5201172395417	-0.3470556887823075	Control	ENSG00000100852	0.9464428457234213	0.17783500509273154	FALSE	1	ARHGAP5	ARHGAP5
ENSG00000172209	44	7	37	0.6026612824302717	0.614308553157474	0.2675193178790301	0.3467892352784439	AD	ENSG00000172209	0.9461763922195577	-0.14318117467126967	FALSE	1	GPR22	GPR22
ENSG00000171530	50	8	42	0.6844110725413349	0.6334932054356515	0.28710365041300295	0.3463895550226485	AD	ENSG00000171530	0.9459099387156941	-0.1604136435503527	FALSE	1	TBCA	TBCA
ENSG00000173267	6	53	-47	-0.7707351914355912	0.2696509459099387	0.6132427391420198	-0.34359179323208106	Control	ENSG00000173267	0.9456434852118305	-0.12647467540990753	FALSE	1	SNCG	SNCG
ENSG00000136928	56	9	47	0.7661608626523982	0.6486810551558753	0.3050892619237943	0.34359179323208094	AD	ENSG00000136928	0.9453770317079669	-0.2868436160773804	FALSE	1	GABBR2	GABBR2
ENSG00000275004	28	4	24	0.3901118281415072	0.5390354383160139	0.1957100985877964	0.34332533972821744	AD	ENSG00000275004	0.9448441247002398	0.00413392181966898	FALSE	1	ZNF280B	ZNF280B
ENSG00000162244	1	15	-14	-0.23118657670257364	0.04782840394351186	0.3911537436717293	-0.34332533972821744	Control	ENSG00000162244	0.9448441247002398	-0.10089469114020844	FALSE	1	RPL29	RPL29
ENSG00000243679	1	15	-14	-0.23118657670257364	0.04782840394351186	0.3911537436717293	-0.34332533972821744	Control	ENSG00000243679	0.9448441247002398	0.16172307349492063	FALSE	1	NA	ENSG00000243679
ENSG00000119927	9	77	-68	-1.114084309902057	0.3361310951239009	0.679056754596323	-0.3429256594724221	Control	ENSG00000119927	0.9443112176925127	0.13058245515050437	FALSE	1	GPAM	GPAM
ENSG00000167114	43	7	36	0.5863113244080591	0.609912070343725	0.2675193178790301	0.34239275246469486	AD	ENSG00000167114	0.9440447641886491	-0.15036724264737522	FALSE	1	SLC27A4	SLC27A4
ENSG00000080493	2	22	-20	-0.3292863248358496	0.12283506528110844	0.464828137490008	-0.3419930722088996	Control	ENSG00000080493	0.9436450839328537	0.01187941793100044	FALSE	1	SLC4A4	SLC4A4
ENSG00000137936	2	22	-20	-0.3292863248358496	0.12283506528110844	0.464828137490008	-0.3419930722088996	Control	ENSG00000137936	0.9436450839328537	0.15457357462256738	FALSE	1	BCAR3	BCAR3
ENSG00000051523	3	29	-26	-0.4273860729691255	0.17306155075939247	0.5135891286970423	-0.3405275779376499	Control	ENSG00000051523	0.9432454036770583	0.03188366521280095	FALSE	1	CYBA	CYBA
ENSG00000172548	12	1	11	0.1775623738527427	0.3824940047961631	0.04209965361044498	0.3403943511857181	AD	ENSG00000172548	0.9428457234212629	0.10486386035964124	FALSE	1	NIPAL4	NIPAL4
ENSG00000108852	12	1	11	0.1775623738527427	0.3824940047961631	0.04209965361044498	0.3403943511857181	AD	ENSG00000108852	0.9428457234212629	-0.04049778256480607	FALSE	1	MPP2	MPP2
ENSG00000164506	32	5	27	0.4391617022081451	0.5639488409272582	0.22368771649347188	0.3402611244337863	AD	ENSG00000164506	0.9424460431654677	0.00365550171498441	FALSE	1	STXBP5	STXBP5
ENSG00000133393	23	3	20	0.3247119960526566	0.5001332267519318	0.16027178257394084	0.339861444177991	AD	ENSG00000133393	0.9421795896616041	-0.08879762237012123	FALSE	1	CEP20	CEP20
ENSG00000102898	37	6	31	0.5045615342969958	0.5855315747402078	0.24660271782573945	0.3389288569144684	AD	ENSG00000102898	0.9419131361577405	-0.09386798387965987	FALSE	1	NUTF2	NUTF2
ENSG00000039560	17	2	15	0.24296220594159332	0.4495070610178524	0.11204369837463364	0.33746336264321874	AD	ENSG00000039560	0.9416466826538769	0.14770974283992722	FALSE	1	RAI14	RAI14
ENSG00000111371	5	42	-37	-0.6072356112134647	0.24260591526778577	0.5788702371436184	-0.33626432187583266	Control	ENSG00000111371	0.9413802291500133	-0.17538419004117323	FALSE	1	SLC38A1	SLC38A1
ENSG00000136758	53	9	44	0.7171109885857603	0.6406874500399681	0.3050892619237943	0.33559818811617376	AD	ENSG00000136758	0.9411137756461497	-0.08006111624251488	FALSE	1	YME1L1	YME1L1
ENSG00000119950	41	7	34	0.5536114083636338	0.6021849187316813	0.2675193178790301	0.33466560085265123	AD	ENSG00000119950	0.9408473221422862	0.2394725242358131	FALSE	1	MXI1	MXI1
ENSG00000276517	2	21	-19	-0.3129363668136369	0.12283506528110844	0.4559019451105782	-0.33306687982946975	Control	ENSG00000276517	0.940314415134559	-0.01453348535843979	FALSE	1	NA	ENSG00000276517
ENSG00000111348	2	21	-19	-0.3129363668136369	0.12283506528110844	0.4559019451105782	-0.33306687982946975	Control	ENSG00000111348	0.940314415134559	-0.00224738226901877	FALSE	1	ARHGDIB	ARHGDIB
ENSG00000187391	2	21	-19	-0.3129363668136369	0.12283506528110844	0.4559019451105782	-0.33306687982946975	Control	ENSG00000187391	0.940314415134559	0.04246122269805141	FALSE	1	MAGI2	MAGI2
ENSG00000185352	52	9	43	0.7007610305635477	0.6380229150013322	0.3050892619237943	0.3329336530775379	AD	ENSG00000185352	0.9397815081268319	-0.1783964959248987	FALSE	1	HS6ST3	HS6ST3
ENSG00000272505	1	14	-13	-0.214836618680361	0.04782840394351186	0.3799626965094591	-0.33213429256594723	Control	ENSG00000272505	0.9389821476152411	0.10638940381867634	FALSE	1	NA	ENSG00000272505
ENSG00000163285	1	14	-13	-0.214836618680361	0.04782840394351186	0.3799626965094591	-0.33213429256594723	Control	ENSG00000163285	0.9389821476152411	0.08945683121394943	FALSE	1	GABRG1	GABRG1
ENSG00000280332	1	14	-13	-0.214836618680361	0.04782840394351186	0.3799626965094591	-0.33213429256594723	Control	ENSG00000280332	0.9389821476152411	0.08893549813586965	FALSE	1	NA	ENSG00000280332
ENSG00000154743	1	14	-13	-0.214836618680361	0.04782840394351186	0.3799626965094591	-0.33213429256594723	Control	ENSG00000154743	0.9389821476152411	0.01993946325907458	FALSE	1	TSEN2	TSEN2
ENSG00000146247	1	14	-13	-0.214836618680361	0.04782840394351186	0.3799626965094591	-0.33213429256594723	Control	ENSG00000146247	0.9389821476152411	0.07343944171913286	FALSE	1	PHIP	PHIP
ENSG00000068400	22	3	19	0.30836203803044393	0.49213962163602454	0.16027178257394084	0.3318678390620837	AD	ENSG00000068400	0.9381827871036504	-0.10512035610587844	FALSE	1	GRIPAP1	GRIPAP1
ENSG00000151322	9	71	-62	-1.015984561768781	0.3361310951239009	0.6675992539301892	-0.33146815880628827	Control	ENSG00000151322	0.9379163335997869	0.01351005010944916	FALSE	1	NPAS3	NPAS3
ENSG00000088538	51	9	42	0.6844110725413349	0.6358912869704236	0.3050892619237943	0.3308020250466293	AD	ENSG00000088538	0.9375166533439915	-0.08467356053731478	FALSE	1	DOCK3	DOCK3
ENSG00000108468	51	9	42	0.6844110725413349	0.6358912869704236	0.3050892619237943	0.3308020250466293	AD	ENSG00000108468	0.9375166533439915	-0.04298923885505523	FALSE	1	CBX1	CBX1
ENSG00000112149	71	12	59	0.96236035891895	0.6817212896349587	0.35251798561151076	0.32920330402344794	AD	ENSG00000112149	0.9371169730881961	-0.09349308701786184	FALSE	1	CD83	CD83
ENSG00000148334	120	18	102	1.665408553874094	0.7517985611510791	0.4231281641353584	0.32867039701572076	AD	ENSG00000148334	0.9368505195843325	-0.06776778045755094	FALSE	1	PTGES2	PTGES2
ENSG00000156113	26	4	22	0.3574119120970819	0.5242472688515853	0.1957100985877964	0.3285371702637889	AD	ENSG00000156113	0.9364508393285371	-0.096078244331272	FALSE	1	KCNMA1	KCNMA1
ENSG00000169635	26	4	22	0.3574119120970819	0.5242472688515853	0.1957100985877964	0.3285371702637889	AD	ENSG00000169635	0.9364508393285371	0.13974874880949884	FALSE	1	HIC2	HIC2
ENSG00000169439	5	40	-35	-0.5745356951690394	0.24260591526778577	0.5700772715161204	-0.3274713562483347	Control	ENSG00000169439	0.9360511590727418	0.10894282853738524	FALSE	1	SDC2	SDC2
ENSG00000154856	3	27	-24	-0.39468615692470016	0.17306155075939247	0.4998667732480682	-0.3268052224886757	Control	ENSG00000154856	0.9356514788169464	0.09193605385327608	FALSE	1	APCDD1	APCDD1
ENSG00000145794	3	27	-24	-0.39468615692470016	0.17306155075939247	0.4998667732480682	-0.3268052224886757	Control	ENSG00000145794	0.9356514788169464	0.2419144726622715	FALSE	1	MEGF10	MEGF10
ENSG00000079277	11	1	10	0.16121241583053006	0.3675726085798029	0.04209965361044498	0.32547295496935785	AD	ENSG00000079277	0.9345856648014922	-0.01128171068500449	FALSE	1	MKNK1	MKNK1
ENSG00000135972	11	1	10	0.16121241583053006	0.3675726085798029	0.04209965361044498	0.32547295496935785	AD	ENSG00000135972	0.9345856648014922	-0.06964341613567182	FALSE	1	MRPS9	MRPS9
ENSG00000100271	11	1	10	0.16121241583053006	0.3675726085798029	0.04209965361044498	0.32547295496935785	AD	ENSG00000100271	0.9345856648014922	-0.02068983592025208	FALSE	1	TTLL1	TTLL1
ENSG00000095015	11	1	10	0.16121241583053006	0.3675726085798029	0.04209965361044498	0.32547295496935785	AD	ENSG00000095015	0.9345856648014922	0.1363323104276137	FALSE	1	MAP3K1	MAP3K1
ENSG00000132640	11	1	10	0.16121241583053006	0.3675726085798029	0.04209965361044498	0.32547295496935785	AD	ENSG00000132640	0.9345856648014922	-0.14011602128648626	FALSE	1	BTBD3	BTBD3
ENSG00000099326	11	1	10	0.16121241583053006	0.3675726085798029	0.04209965361044498	0.32547295496935785	AD	ENSG00000099326	0.9345856648014922	0.12402126554394144	FALSE	1	MZF1	MZF1
ENSG00000075420	16	2	14	0.22661224791938067	0.4373834265920597	0.11204369837463364	0.32533972821742607	AD	ENSG00000075420	0.9335198507860378	0.0485270704072267	FALSE	1	FNDC3B	FNDC3B
ENSG00000132589	16	2	14	0.22661224791938067	0.4373834265920597	0.11204369837463364	0.32533972821742607	AD	ENSG00000132589	0.9335198507860378	-0.08703354466595847	FALSE	1	FLOT2	FLOT2
ENSG00000167851	4	33	-29	-0.4764359470357635	0.21183053557154277	0.5363709032773781	-0.3245403677058354	Control	ENSG00000167851	0.9331201705302424	0.1157355711593926	FALSE	1	CD300A	CD300A
ENSG00000243701	21	3	18	0.2920120800082313	0.4845456967759126	0.16027178257394084	0.3242739142019717	AD	ENSG00000243701	0.9328537170263789	0.07755074673335827	FALSE	1	DUBR	DUBR
ENSG00000187068	2	20	-18	-0.2965864087914242	0.12283506528110844	0.44537703170796694	-0.3225419664268585	Control	ENSG00000187068	0.9323208100186517	-0.00640077165643226	FALSE	1	C3orf70	C3orf70
ENSG00000172728	2	20	-18	-0.2965864087914242	0.12283506528110844	0.44537703170796694	-0.3225419664268585	Control	ENSG00000172728	0.9323208100186517	0.10273952908420192	FALSE	1	FUT10	FUT10
ENSG00000177600	2	20	-18	-0.2965864087914242	0.12283506528110844	0.44537703170796694	-0.3225419664268585	Control	ENSG00000177600	0.9323208100186517	-0.02116796038984603	FALSE	1	RPLP2	RPLP2
ENSG00000100387	12	91	-79	-1.2939338481463962	0.3824940047961631	0.704769517719158	-0.3222755129229949	Control	ENSG00000100387	0.9317879030109246	-0.08599107959724606	FALSE	1	RBX1	RBX1
ENSG00000220575	3	26	-23	-0.37833619890248754	0.17306155075939247	0.4933386624034106	-0.3202771116440182	Control	ENSG00000220575	0.9315214495070611	-0.02379663407959409	FALSE	1	HTR5A-AS1	HTR5A-AS1
ENSG00000184220	66	12	54	0.8806105688078868	0.6722621902478018	0.35251798561151076	0.319744204636291	AD	ENSG00000184220	0.9312549960031974	-0.17640417613726633	FALSE	1	CMSS1	CMSS1
ENSG00000204406	25	4	21	0.3410619540748692	0.5154543032240874	0.1957100985877964	0.31974420463629094	AD	ENSG00000204406	0.9309885424993338	0.0678477631117893	FALSE	1	MBD5	MBD5
ENSG00000279659	1	13	-12	-0.19848666065814832	0.04782840394351186	0.3673061550759392	-0.3194777511324274	Control	ENSG00000279659	0.9305888622435385	0.12361544494471131	FALSE	1	NA	ENSG00000279659
ENSG00000105290	1	13	-12	-0.19848666065814832	0.04782840394351186	0.3673061550759392	-0.3194777511324274	Control	ENSG00000105290	0.9305888622435385	-0.0547143254975655	FALSE	1	APLP1	APLP1
ENSG00000137055	42	8	34	0.5536114083636338	0.6060484945377032	0.28710365041300295	0.3189448441247002	AD	ENSG00000137055	0.9301891819877431	-0.14925709312391078	FALSE	1	PLAA	PLAA
ENSG00000259153	19	161	-142	-2.3239812035457934	0.469890754063416	0.7887023714361844	-0.3188116173727684	Control	ENSG00000259153	0.9299227284838796	-0.0988646378316389	FALSE	1	MAP3K9-DT	MAP3K9-DT
ENSG00000099246	222	28	194	3.1696046919176584	0.8250732747135625	0.5063948840927258	0.3186783906208367	AD	ENSG00000099246	0.929656274980016	-0.0907770858344712	FALSE	1	RAB18	RAB18
ENSG00000168894	37	7	30	0.4882115762747831	0.5855315747402078	0.2675193178790301	0.3180122568611777	AD	ENSG00000168894	0.9293898214761525	-0.1816822759950547	FALSE	1	RNF181	RNF181
ENSG00000106609	103	17	86	1.4038092255186916	0.7303490540900612	0.4132693844924061	0.31707966959765516	AD	ENSG00000106609	0.9291233679722888	-0.02743464095038383	FALSE	1	TMEM248	TMEM248
ENSG00000164038	177	25	152	2.482906454984727	0.8006927791100453	0.48627764455102584	0.3144151345590195	AD	ENSG00000164038	0.9288569144684252	-0.10221754908293512	FALSE	1	SLC9B2	SLC9B2
ENSG00000013364	3	25	-22	-0.36198624088027487	0.17306155075939247	0.48627764455102584	-0.3132160937916334	Control	ENSG00000013364	0.9284572342126299	-0.08088972157476348	FALSE	1	MVP	MVP
ENSG00000205339	3	25	-22	-0.36198624088027487	0.17306155075939247	0.48627764455102584	-0.3132160937916334	Control	ENSG00000205339	0.9284572342126299	-0.04209488470177369	FALSE	1	IPO7	IPO7
ENSG00000152931	45	9	36	0.5863113244080591	0.6179056754596323	0.3050892619237943	0.31281641353583794	AD	ENSG00000152931	0.9280575539568345	-0.4632615882601261	FALSE	1	PART1	PART1
ENSG00000237298	24	4	20	0.3247119960526566	0.5077271516120437	0.1957100985877964	0.3120170530242473	AD	ENSG00000237298	0.927791100452971	0.02563882554366259	FALSE	1	TTN-AS1	TTN-AS1
ENSG00000115419	15	2	13	0.21026228989716805	0.4237942978950173	0.11204369837463364	0.3117505995203837	AD	ENSG00000115419	0.9273914201971756	-0.09164140958639068	FALSE	1	GLS	GLS
ENSG00000170632	15	2	13	0.21026228989716805	0.4237942978950173	0.11204369837463364	0.3117505995203837	AD	ENSG00000170632	0.9273914201971756	-0.07699239633866028	FALSE	1	ARMC10	ARMC10
ENSG00000095380	40	8	32	0.5209114923192084	0.5987210231814548	0.28710365041300295	0.31161737276845186	AD	ENSG00000095380	0.9269917399413802	-0.15182612284279706	FALSE	1	NANS	NANS
ENSG00000135837	11	77	-66	-1.0813843938576315	0.3675726085798029	0.679056754596323	-0.31148414601652014	Control	ENSG00000135837	0.9267252864375166	0.11514169358643755	FALSE	1	CEP350	CEP350
ENSG00000138964	2	19	-17	-0.2802364507692116	0.12283506528110844	0.4337863042899014	-0.31095123900879296	Control	ENSG00000138964	0.926458832933653	0.29996939426798175	FALSE	1	PARVG	PARVG
ENSG00000114023	147	22	125	2.041457588384985	0.7756461497468692	0.464828137490008	0.3108180122568612	AD	ENSG00000114023	0.9261923794297895	-0.1581578427063235	FALSE	1	FAM162A	FAM162A
ENSG00000152818	10	1	9	0.1448624578083174	0.35251798561151076	0.04209965361044498	0.3104183320010658	AD	ENSG00000152818	0.9253930189181988	0.08271989324403073	FALSE	1	UTRN	UTRN
ENSG00000168014	10	1	9	0.1448624578083174	0.35251798561151076	0.04209965361044498	0.3104183320010658	AD	ENSG00000168014	0.9253930189181988	0.01840308887833863	FALSE	1	C2CD3	C2CD3
ENSG00000108239	10	1	9	0.1448624578083174	0.35251798561151076	0.04209965361044498	0.3104183320010658	AD	ENSG00000108239	0.9253930189181988	0.07341741022825765	FALSE	1	TBC1D12	TBC1D12
ENSG00000177963	10	1	9	0.1448624578083174	0.35251798561151076	0.04209965361044498	0.3104183320010658	AD	ENSG00000177963	0.9253930189181988	-0.03142810697971754	FALSE	1	RIC8A	RIC8A
ENSG00000156313	10	1	9	0.1448624578083174	0.35251798561151076	0.04209965361044498	0.3104183320010658	AD	ENSG00000156313	0.9253930189181988	0.02882884434634469	FALSE	1	RPGR	RPGR
ENSG00000066336	5	36	-31	-0.5091358630801888	0.24260591526778577	0.5523581135091926	-0.3097521982414069	Control	ENSG00000066336	0.924593658406608	0.13348929339120197	FALSE	1	SPI1	SPI1
ENSG00000213186	19	3	16	0.25931216396380596	0.469890754063416	0.16027178257394084	0.30961897148947515	AD	ENSG00000213186	0.9241939781508127	0.04331155818554677	FALSE	1	TRIM59	TRIM59
ENSG00000120458	19	3	16	0.25931216396380596	0.469890754063416	0.16027178257394084	0.30961897148947515	AD	ENSG00000120458	0.9241939781508127	0.07602612706621148	FALSE	1	MSANTD2	MSANTD2
ENSG00000136451	44	9	35	0.5699613663858464	0.614308553157474	0.3050892619237943	0.3092192912336797	AD	ENSG00000136451	0.9237942978950173	0.1842992157148533	FALSE	1	VEZF1	VEZF1
ENSG00000007372	4	30	-26	-0.4273860729691255	0.21183053557154277	0.5201172395417	-0.3082867039701572	Control	ENSG00000007372	0.9235278443911538	0.12080748223515414	FALSE	1	PAX6	PAX6
ENSG00000147400	61	12	49	0.7988607786968236	0.6605382360778044	0.35251798561151076	0.3080202504662936	AD	ENSG00000147400	0.9232613908872902	-0.06846810321511398	FALSE	1	CETN2	CETN2
ENSG00000115694	3	24	-21	-0.3456362828580622	0.17306155075939247	0.4794830802025047	-0.3064215294431122	Control	ENSG00000115694	0.9229949373834266	0.00321456233244354	FALSE	1	STK25	STK25
ENSG00000204065	87	16	71	1.158559855185502	0.7087663202771116	0.4023447908339995	0.30642152944311213	AD	ENSG00000204065	0.922728483879563	-0.20660687868224592	FALSE	1	TCEAL5	TCEAL5
ENSG00000165392	7	48	-41	-0.6726354433023153	0.29349853450572877	0.5995203836930456	-0.30602184918731684	Control	ENSG00000165392	0.9224620303756994	0.03328765180679483	FALSE	1	WRN	WRN
ENSG00000081189	252	33	219	3.5783536424729747	0.8413269384492406	0.5363709032773781	0.3049560351718624	AD	ENSG00000081189	0.9221955768718358	-0.3145819319898031	FALSE	1	MEF2C	MEF2C
ENSG00000148700	18	133	-115	-1.882532336946052	0.45976552091660006	0.764455102584599	-0.304689581667999	Control	ENSG00000148700	0.9219291233679723	0.10258415219750106	FALSE	1	ADD3	ADD3
ENSG00000151718	1	12	-11	-0.18213670263593568	0.04782840394351186	0.35251798561151076	-0.3046895816679989	Control	ENSG00000151718	0.9211297628563816	0.05589165439838339	FALSE	1	WWC2	WWC2
ENSG00000239763	1	12	-11	-0.18213670263593568	0.04782840394351186	0.35251798561151076	-0.3046895816679989	Control	ENSG00000239763	0.9211297628563816	-0.04239834029483091	FALSE	1	RPL21P118	RPL21P118
ENSG00000125810	1	12	-11	-0.18213670263593568	0.04782840394351186	0.35251798561151076	-0.3046895816679989	Control	ENSG00000125810	0.9211297628563816	-0.1967569592299494	FALSE	1	CD93	CD93
ENSG00000184083	1	12	-11	-0.18213670263593568	0.04782840394351186	0.35251798561151076	-0.3046895816679989	Control	ENSG00000184083	0.9211297628563816	0.08041134257685023	FALSE	1	FAM120C	FAM120C
ENSG00000181481	1	12	-11	-0.18213670263593568	0.04782840394351186	0.35251798561151076	-0.3046895816679989	Control	ENSG00000181481	0.9211297628563816	0.18406015830105993	FALSE	1	RNF135	RNF135
ENSG00000127947	23	4	19	0.30836203803044393	0.5001332267519318	0.1957100985877964	0.3044231281641354	AD	ENSG00000127947	0.9203304023447908	0.04998540159956199	FALSE	1	PTPN12	PTPN12
ENSG00000101444	100	18	82	1.338409393429841	0.7254196642685852	0.4231281641353584	0.3022915001332268	AD	ENSG00000101444	0.9200639488409272	-0.05572201430493173	FALSE	1	AHCY	AHCY
ENSG00000100427	7	47	-40	-0.6562854852801027	0.29349853450572877	0.5957900346389555	-0.30229150013322675	Control	ENSG00000100427	0.9197974953370637	-0.0047537609197743	FALSE	1	MLC1	MLC1
ENSG00000138378	26	5	21	0.3410619540748692	0.5242472688515853	0.22368771649347188	0.3005595523581135	AD	ENSG00000138378	0.9195310418332001	-0.4025480908163423	FALSE	1	STAT4	STAT4
ENSG00000066468	2	18	-16	-0.26388649274699894	0.12283506528110844	0.4231281641353584	-0.30029309885424993	Control	ENSG00000066468	0.9188649080735412	-0.00845661942155295	FALSE	1	FGFR2	FGFR2
ENSG00000162694	5	34	-29	-0.4764359470357635	0.24260591526778577	0.5428990141220357	-0.30029309885424993	Control	ENSG00000162694	0.9188649080735412	-0.11351036870941122	FALSE	1	EXTL2	EXTL2
ENSG00000100614	2	18	-16	-0.26388649274699894	0.12283506528110844	0.4231281641353584	-0.30029309885424993	Control	ENSG00000100614	0.9188649080735412	-0.0348589428556334	FALSE	1	PPM1A	PPM1A
ENSG00000180769	2	18	-16	-0.26388649274699894	0.12283506528110844	0.4231281641353584	-0.30029309885424993	Control	ENSG00000180769	0.9188649080735412	-0.0432457116373719	FALSE	1	WDFY3-AS2	WDFY3-AS2
ENSG00000178235	3	23	-20	-0.3292863248358496	0.17306155075939247	0.4728217426059153	-0.2997601918465228	Control	ENSG00000178235	0.9181987743138822	-0.21157310766893112	FALSE	1	SLITRK1	SLITRK1
ENSG00000162639	20	149	-129	-2.111431749257029	0.478017585931255	0.7775113242739142	-0.29949373834265924	Control	ENSG00000162639	0.9177990940580869	-0.07664330140931153	FALSE	1	HENMT1	HENMT1
ENSG00000100139	18	3	15	0.24296220594159332	0.45976552091660006	0.16027178257394084	0.29949373834265924	AD	ENSG00000100139	0.9177990940580869	0.12107074727197896	FALSE	1	MICALL1	MICALL1
ENSG00000132664	14	2	12	0.19391233187495535	0.4108713029576339	0.11204369837463364	0.2988276045830003	AD	ENSG00000132664	0.9172661870503597	-0.14906902812067724	FALSE	1	POLR3F	POLR3F
ENSG00000064961	14	2	12	0.19391233187495535	0.4108713029576339	0.11204369837463364	0.2988276045830003	AD	ENSG00000064961	0.9172661870503597	0.19453654440840396	FALSE	1	HMG20B	HMG20B
ENSG00000156687	114	20	94	1.5346088896963928	0.7438049560351718	0.44537703170796694	0.2984279243272049	AD	ENSG00000156687	0.9168665067945644	-0.21229935310368295	FALSE	1	UNC5D	UNC5D
ENSG00000061676	31	253	-222	-3.6319778453228055	0.5567545963229417	0.8546496136424194	-0.29789501731947776	Control	ENSG00000061676	0.9166000532907008	0.01757876579743822	FALSE	1	NCKAP1	NCKAP1
ENSG00000103479	9	59	-50	-0.8197850655022292	0.3361310951239009	0.6338928856914469	-0.297761790567546	Control	ENSG00000103479	0.9163335997868371	0.05863055745164836	FALSE	1	RBL2	RBL2
ENSG00000138443	41	9	32	0.5209114923192084	0.6021849187316813	0.3050892619237943	0.297095656807887	AD	ENSG00000138443	0.9160671462829736	-0.01922940809628315	FALSE	1	ABI2	ABI2
ENSG00000180901	22	4	18	0.2920120800082313	0.49213962163602454	0.1957100985877964	0.2964295230482281	AD	ENSG00000180901	0.91580069277911	-0.00921138931085252	FALSE	1	KCTD2	KCTD2
ENSG00000101871	7	45	-38	-0.6235855692356773	0.29349853450572877	0.5885957900346389	-0.29509725552891014	Control	ENSG00000101871	0.9155342392752465	0.05957489736732668	FALSE	1	MID1	MID1
ENSG00000164181	9	1	8	0.12851249978610474	0.3361310951239009	0.04209965361044498	0.2940314415134559	AD	ENSG00000164181	0.9146016520117239	-0.0537056535222078	FALSE	1	ELOVL7	ELOVL7
ENSG00000057704	9	1	8	0.12851249978610474	0.3361310951239009	0.04209965361044498	0.2940314415134559	AD	ENSG00000057704	0.9146016520117239	0.09811878198892464	FALSE	1	TMCC3	TMCC3
ENSG00000165119	9	1	8	0.12851249978610474	0.3361310951239009	0.04209965361044498	0.2940314415134559	AD	ENSG00000165119	0.9146016520117239	-0.06751486688419917	FALSE	1	HNRNPK	HNRNPK
ENSG00000198198	9	1	8	0.12851249978610474	0.3361310951239009	0.04209965361044498	0.2940314415134559	AD	ENSG00000198198	0.9146016520117239	0.03017466786625711	FALSE	1	SZT2	SZT2
ENSG00000117528	9	1	8	0.12851249978610474	0.3361310951239009	0.04209965361044498	0.2940314415134559	AD	ENSG00000117528	0.9146016520117239	-0.02967334841643421	FALSE	1	ABCD3	ABCD3
ENSG00000204394	9	1	8	0.12851249978610474	0.3361310951239009	0.04209965361044498	0.2940314415134559	AD	ENSG00000204394	0.9146016520117239	-0.1748789331988636	FALSE	1	VARS1	VARS1
ENSG00000214106	5	33	-28	-0.4600859890135508	0.24260591526778577	0.5363709032773781	-0.2937649880095924	Control	ENSG00000214106	0.9136690647482014	0.17715965053112548	FALSE	1	PAXIP1-AS2	PAXIP1-AS2
ENSG00000204071	78	16	62	1.011410232985588	0.6954436450839329	0.4023447908339995	0.29309885424993337	AD	ENSG00000204071	0.9134026112443379	-0.28231998534782043	FALSE	1	TCEAL6	TCEAL6
ENSG00000157181	7	44	-37	-0.6072356112134647	0.29349853450572877	0.5848654409805489	-0.29136690647482016	Control	ENSG00000157181	0.9130029309885425	0.02142579170997471	FALSE	1	ODR4	ODR4
ENSG00000110435	7	44	-37	-0.6072356112134647	0.29349853450572877	0.5848654409805489	-0.29136690647482016	Control	ENSG00000110435	0.9130029309885425	-0.06925496448143598	FALSE	1	PDHX	PDHX
ENSG00000058404	24	173	-149	-2.4384309097012817	0.5077271516120437	0.798960831334932	-0.2912336797228883	Control	ENSG00000058404	0.9126032507327472	-1.2297914562253707e-5	FALSE	1	CAMK2B	CAMK2B
ENSG00000064655	8	51	-43	-0.7053353593467406	0.3160138555822009	0.6067146282973621	-0.2907007727151612	Control	ENSG00000064655	0.9123367972288836	0.2046236987535499	FALSE	1	EYA2	EYA2
ENSG00000125629	15	96	-81	-1.3266337641908217	0.4237942978950173	0.7143618438582467	-0.2905675459632294	Control	ENSG00000125629	0.9120703437250199	-0.0177597281073627	FALSE	1	INSIG2	INSIG2
ENSG00000147027	2	17	-15	-0.2475365347247863	0.12283506528110844	0.4132693844924061	-0.29043431921129764	Control	ENSG00000147027	0.9116706634692247	0.19695878072962536	FALSE	1	TMEM47	TMEM47
ENSG00000185650	2	17	-15	-0.2475365347247863	0.12283506528110844	0.4132693844924061	-0.29043431921129764	Control	ENSG00000185650	0.9116706634692247	0.16712065742783366	FALSE	1	ZFP36L1	ZFP36L1
ENSG00000124198	65	14	51	0.8315606947412488	0.6697308819610978	0.3799626965094591	0.2897681854516387	AD	ENSG00000124198	0.9112709832134293	-0.04565474926633328	FALSE	1	ARFGEF2	ARFGEF2
ENSG00000158290	31	7	24	0.3901118281415072	0.5567545963229417	0.2675193178790301	0.28923527844391156	AD	ENSG00000158290	0.9110045297095657	0.00545238583158713	FALSE	1	CUL4B	CUL4B
ENSG00000174442	17	3	14	0.22661224791938067	0.4495070610178524	0.16027178257394084	0.2892352784439115	AD	ENSG00000174442	0.9104716227018386	-0.11878171040902076	FALSE	1	ZWILCH	ZWILCH
ENSG00000214253	17	3	14	0.22661224791938067	0.4495070610178524	0.16027178257394084	0.2892352784439115	AD	ENSG00000214253	0.9104716227018386	-0.07444815085917789	FALSE	1	FIS1	FIS1
ENSG00000075407	17	3	14	0.22661224791938067	0.4495070610178524	0.16027178257394084	0.2892352784439115	AD	ENSG00000075407	0.9104716227018386	0.0901895358228444	FALSE	1	ZNF37A	ZNF37A
ENSG00000280287	1	11	-10	-0.16578674461372303	0.04782840394351186	0.33679722888355984	-0.288968824940048	Control	ENSG00000280287	0.9096722621902478	0.19840780897056387	FALSE	1	NA	ENSG00000280287
ENSG00000066027	1	11	-10	-0.16578674461372303	0.04782840394351186	0.33679722888355984	-0.288968824940048	Control	ENSG00000066027	0.9096722621902478	0.01694972198433575	FALSE	1	PPP2R5A	PPP2R5A
ENSG00000213023	1	11	-10	-0.16578674461372303	0.04782840394351186	0.33679722888355984	-0.288968824940048	Control	ENSG00000213023	0.9096722621902478	-0.09741503241844462	FALSE	1	SYT3	SYT3
ENSG00000162618	21	4	17	0.27566212198601864	0.4845456967759126	0.1957100985877964	0.28883559818811616	AD	ENSG00000162618	0.9091393551825206	0.01935907782112522	FALSE	1	ADGRL4	ADGRL4
ENSG00000261115	53	12	41	0.6680611145191223	0.6406874500399681	0.35251798561151076	0.2881694644284573	AD	ENSG00000261115	0.9088729016786571	-0.03076957739591002	FALSE	1	TMEM178B	TMEM178B
ENSG00000163904	25	180	-155	-2.536530657834558	0.5154543032240874	0.8036237676525446	-0.28816946442845726	Control	ENSG00000163904	0.9084732214228617	0.0354736709051302	FALSE	1	SENP2	SENP2
ENSG00000178904	5	32	-27	-0.4437360309913381	0.24260591526778577	0.530775379696243	-0.28816946442845726	Control	ENSG00000178904	0.9084732214228617	-0.02475190469234078	FALSE	1	DPY19L3	DPY19L3
ENSG00000273820	43	10	33	0.5372614503414211	0.609912070343725	0.32187583266719955	0.2880362376765254	AD	ENSG00000273820	0.9080735411670664	0.02369664841225116	FALSE	1	USP27X	USP27X
ENSG00000134779	58	13	45	0.7334609466079729	0.654543032240874	0.3673061550759392	0.28723687716493473	AD	ENSG00000134779	0.9078070876632027	-0.10506896556890057	FALSE	1	TPGS2	TPGS2
ENSG00000068354	6	37	-31	-0.5091358630801888	0.2696509459099387	0.5568878230748734	-0.2872368771649347	Control	ENSG00000068354	0.9075406341593392	0.00167439682175896	FALSE	1	TBC1D25	TBC1D25
ENSG00000176225	11	66	-55	-0.9015348556132924	0.3675726085798029	0.6540101252331468	-0.286437516653344	Control	ENSG00000176225	0.9072741806554756	0.12790123428311695	FALSE	1	RTTN	RTTN
ENSG00000108061	38	306	-268	-4.384075914344588	0.5907274180655475	0.876898481215028	-0.2861710631494805	Control	ENSG00000108061	0.907007727151612	-0.05108296223084174	FALSE	1	SHOC2	SHOC2
ENSG00000153558	74	16	58	0.9460104008967376	0.687849720223821	0.4023447908339995	0.28550492938982147	AD	ENSG00000153558	0.9067412736477485	-0.20741573913264943	FALSE	1	FBXL2	FBXL2
ENSG00000100796	13	2	11	0.1775623738527427	0.397015720756728	0.11204369837463364	0.28497202238209435	AD	ENSG00000100796	0.9062083666400214	0.13372910298140006	FALSE	1	PPP4R3A	PPP4R3A
ENSG00000257103	13	2	11	0.1775623738527427	0.397015720756728	0.11204369837463364	0.28497202238209435	AD	ENSG00000257103	0.9062083666400214	0.12351714299505544	FALSE	1	LSM14A	LSM14A
ENSG00000100417	13	2	11	0.1775623738527427	0.397015720756728	0.11204369837463364	0.28497202238209435	AD	ENSG00000100417	0.9062083666400214	-0.10579054230769812	FALSE	1	PMM1	PMM1
ENSG00000018408	46	11	35	0.5699613663858464	0.6209698907540634	0.33679722888355984	0.28417266187050355	AD	ENSG00000018408	0.9056754596322941	0.17931646506512955	FALSE	1	WWTR1	WWTR1
ENSG00000132383	24	5	19	0.30836203803044393	0.5077271516120437	0.22368771649347188	0.2840394351185719	AD	ENSG00000132383	0.9052757793764988	-0.06779928113334677	FALSE	1	RPA1	RPA1
ENSG00000130165	24	5	19	0.30836203803044393	0.5077271516120437	0.22368771649347188	0.2840394351185719	AD	ENSG00000130165	0.9052757793764988	-0.06321040577123327	FALSE	1	ELOF1	ELOF1
ENSG00000172936	3	21	-18	-0.2965864087914242	0.17306155075939247	0.4559019451105782	-0.2828403943511857	Control	ENSG00000172936	0.9042099653610445	-0.022232027967652	FALSE	1	MYD88	MYD88
ENSG00000166762	3	21	-18	-0.2965864087914242	0.17306155075939247	0.4559019451105782	-0.2828403943511857	Control	ENSG00000166762	0.9042099653610445	0.1214626634974394	FALSE	1	CATSPER2	CATSPER2
ENSG00000227640	3	21	-18	-0.2965864087914242	0.17306155075939247	0.4559019451105782	-0.2828403943511857	Control	ENSG00000227640	0.9042099653610445	0.1295543488383668	FALSE	1	SOX21-AS1	SOX21-AS1
ENSG00000154310	3	21	-18	-0.2965864087914242	0.17306155075939247	0.4559019451105782	-0.2828403943511857	Control	ENSG00000154310	0.9042099653610445	0.04769893120705149	FALSE	1	TNIK	TNIK
ENSG00000172671	3	21	-18	-0.2965864087914242	0.17306155075939247	0.4559019451105782	-0.2828403943511857	Control	ENSG00000172671	0.9042099653610445	0.07592498396536573	FALSE	1	ZFAND4	ZFAND4
ENSG00000011600	3	21	-18	-0.2965864087914242	0.17306155075939247	0.4559019451105782	-0.2828403943511857	Control	ENSG00000011600	0.9042099653610445	0.24296836594536053	FALSE	1	TYROBP	TYROBP
ENSG00000240764	12	70	-58	-0.9505847296799304	0.3824940047961631	0.665201172395417	-0.2827071675992539	Control	ENSG00000240764	0.903277378097522	-0.401204275743007	FALSE	1	PCDHGC5	PCDHGC5
ENSG00000151090	33	8	25	0.40646178616371986	0.5692779110045297	0.28710365041300295	0.2821742605915268	AD	ENSG00000151090	0.9030109245936584	-0.02915205226583062	FALSE	1	THRB	THRB
ENSG00000160716	4	26	-22	-0.36198624088027487	0.21183053557154277	0.4933386624034106	-0.2815081268318679	Control	ENSG00000160716	0.9027444710897948	-0.22935136597386752	FALSE	1	CHRNB2	CHRNB2
ENSG00000183023	25	170	-145	-2.3730310776124313	0.5154543032240874	0.7968292033040234	-0.28137490007993604	Control	ENSG00000183023	0.9024780175859313	-0.04069571981848341	FALSE	1	SLC8A1	SLC8A1
ENSG00000132591	61	14	47	0.7661608626523982	0.6605382360778044	0.3799626965094591	0.2805755395683453	AD	ENSG00000132591	0.9022115640820677	-0.08653135854964766	FALSE	1	ERAL1	ERAL1
ENSG00000129667	2	16	-14	-0.23118657670257364	0.12283506528110844	0.4023447908339995	-0.27950972555289105	Control	ENSG00000129667	0.9015454303224087	0.12424398281632244	FALSE	1	RHBDF2	RHBDF2
ENSG00000163823	2	16	-14	-0.23118657670257364	0.12283506528110844	0.4023447908339995	-0.27950972555289105	Control	ENSG00000163823	0.9015454303224087	0.0270464002235764	FALSE	1	CCR1	CCR1
ENSG00000147862	2	16	-14	-0.23118657670257364	0.12283506528110844	0.4023447908339995	-0.27950972555289105	Control	ENSG00000147862	0.9015454303224087	0.17908834407350405	FALSE	1	NFIB	NFIB
ENSG00000235244	2	16	-14	-0.23118657670257364	0.12283506528110844	0.4023447908339995	-0.27950972555289105	Control	ENSG00000235244	0.9015454303224087	0.0883409763837193	FALSE	1	DANT2	DANT2
ENSG00000146535	17	107	-90	-1.4737833863907357	0.4495070610178524	0.7288835598188116	-0.2793764988009592	Control	ENSG00000146535	0.9008792965627498	0.14943800429259824	FALSE	1	GNA12	GNA12
ENSG00000104936	5	30	-25	-0.4110361149469128	0.24260591526778577	0.5201172395417	-0.27751132427391423	Control	ENSG00000104936	0.9006128430588862	0.11413323073974802	FALSE	1	DMPK	DMPK
ENSG00000181619	9	53	-44	-0.7216853173689532	0.3361310951239009	0.6132427391420198	-0.2771116440181189	Control	ENSG00000181619	0.9003463895550227	0.08639999621318761	FALSE	1	GPR135	GPR135
ENSG00000028116	16	3	13	0.21026228989716805	0.4373834265920597	0.16027178257394084	0.27711164401811883	AD	ENSG00000028116	0.8996802557953637	0.09560041672661156	FALSE	1	VRK2	VRK2
ENSG00000171160	16	3	13	0.21026228989716805	0.4373834265920597	0.16027178257394084	0.27711164401811883	AD	ENSG00000171160	0.8996802557953637	-0.0718488730708966	FALSE	1	MORN4	MORN4
ENSG00000137845	16	3	13	0.21026228989716805	0.4373834265920597	0.16027178257394084	0.27711164401811883	AD	ENSG00000137845	0.8996802557953637	0.10484097957998628	FALSE	1	ADAM10	ADAM10
ENSG00000183943	16	3	13	0.21026228989716805	0.4373834265920597	0.16027178257394084	0.27711164401811883	AD	ENSG00000183943	0.8996802557953637	0.17702941165787145	FALSE	1	PRKX	PRKX
ENSG00000187730	7	40	-33	-0.5418357791246141	0.29349853450572877	0.5700772715161204	-0.27657873701039165	Control	ENSG00000187730	0.8990141220357047	-0.18989537147149171	FALSE	1	GABRD	GABRD
ENSG00000128915	21	130	-109	-1.784432588812776	0.4845456967759126	0.7609912070343725	-0.2764455102584599	Control	ENSG00000128915	0.8987476685318412	0.05060335256007597	FALSE	1	ICE2	ICE2
ENSG00000137312	18	112	-94	-1.5391832184795862	0.45976552091660006	0.7347455369038103	-0.2749800159872102	Control	ENSG00000137312	0.8984812150279776	-0.01912012976190347	FALSE	1	FLOT1	FLOT1
ENSG00000163629	4	25	-21	-0.3456362828580622	0.21183053557154277	0.48627764455102584	-0.2744471089794831	Control	ENSG00000163629	0.8980815347721822	0.10033160820194986	FALSE	1	PTPN13	PTPN13
ENSG00000135976	4	25	-21	-0.3456362828580622	0.21183053557154277	0.48627764455102584	-0.2744471089794831	Control	ENSG00000135976	0.8980815347721822	0.08269699272785758	FALSE	1	ANKRD36	ANKRD36
ENSG00000185742	48	12	36	0.5863113244080591	0.6268318678390621	0.35251798561151076	0.2743138822275513	AD	ENSG00000185742	0.8976818545163869	-0.25778434429061825	FALSE	1	C11orf87	C11orf87
ENSG00000139641	19	4	15	0.24296220594159332	0.469890754063416	0.1957100985877964	0.27418065547561954	AD	ENSG00000139641	0.8972821742605915	-0.18858722575054895	FALSE	1	ESYT1	ESYT1
ENSG00000025772	19	4	15	0.24296220594159332	0.469890754063416	0.1957100985877964	0.27418065547561954	AD	ENSG00000025772	0.8972821742605915	-0.05952809182221053	FALSE	1	TOMM34	TOMM34
ENSG00000212694	1	10	-9	-0.14943678659151036	0.04782840394351186	0.32187583266719955	-0.2740474287236877	Control	ENSG00000212694	0.8964828137490009	0.1730409361518781	FALSE	1	LINC01089	LINC01089
ENSG00000128309	1	10	-9	-0.14943678659151036	0.04782840394351186	0.32187583266719955	-0.2740474287236877	Control	ENSG00000128309	0.8964828137490009	0.17696381476669032	FALSE	1	MPST	MPST
ENSG00000177182	1	10	-9	-0.14943678659151036	0.04782840394351186	0.32187583266719955	-0.2740474287236877	Control	ENSG00000177182	0.8964828137490009	-0.07053161612050118	FALSE	1	CLVS1	CLVS1
ENSG00000104205	1	10	-9	-0.14943678659151036	0.04782840394351186	0.32187583266719955	-0.2740474287236877	Control	ENSG00000104205	0.8964828137490009	0.06657502661459169	FALSE	1	SGK3	SGK3
ENSG00000170802	8	1	7	0.11216254176389208	0.3160138555822009	0.04209965361044498	0.2739142019717559	AD	ENSG00000170802	0.8943511857180922	0.06743231040245767	FALSE	1	FOXN2	FOXN2
ENSG00000172977	8	1	7	0.11216254176389208	0.3160138555822009	0.04209965361044498	0.2739142019717559	AD	ENSG00000172977	0.8943511857180922	-7.192182151758431e-4	FALSE	1	KAT5	KAT5
ENSG00000085276	8	1	7	0.11216254176389208	0.3160138555822009	0.04209965361044498	0.2739142019717559	AD	ENSG00000085276	0.8943511857180922	0.11695943901308505	FALSE	1	MECOM	MECOM
ENSG00000155158	8	1	7	0.11216254176389208	0.3160138555822009	0.04209965361044498	0.2739142019717559	AD	ENSG00000155158	0.8943511857180922	-0.1488784053808878	FALSE	1	TTC39B	TTC39B
ENSG00000151702	8	1	7	0.11216254176389208	0.3160138555822009	0.04209965361044498	0.2739142019717559	AD	ENSG00000151702	0.8943511857180922	0.13833835682526183	FALSE	1	FLI1	FLI1
ENSG00000215158	8	1	7	0.11216254176389208	0.3160138555822009	0.04209965361044498	0.2739142019717559	AD	ENSG00000215158	0.8943511857180922	0.14117308603994516	FALSE	1	GUSBP18	GUSBP18
ENSG00000166595	8	1	7	0.11216254176389208	0.3160138555822009	0.04209965361044498	0.2739142019717559	AD	ENSG00000166595	0.8943511857180922	-0.10605745535449708	FALSE	1	CIAO2B	CIAO2B
ENSG00000218283	8	1	7	0.11216254176389208	0.3160138555822009	0.04209965361044498	0.2739142019717559	AD	ENSG00000218283	0.8943511857180922	-0.08034992365592508	FALSE	1	MORF4L1P1	MORF4L1P1
ENSG00000172530	8	1	7	0.11216254176389208	0.3160138555822009	0.04209965361044498	0.2739142019717559	AD	ENSG00000172530	0.8943511857180922	0.10542849400658127	FALSE	1	BANP	BANP
ENSG00000149564	8	1	7	0.11216254176389208	0.3160138555822009	0.04209965361044498	0.2739142019717559	AD	ENSG00000149564	0.8943511857180922	0.06702351932129069	FALSE	1	ESAM	ESAM
ENSG00000157895	8	1	7	0.11216254176389208	0.3160138555822009	0.04209965361044498	0.2739142019717559	AD	ENSG00000157895	0.8943511857180922	-0.09286861201987053	FALSE	1	C12orf43	C12orf43
ENSG00000147174	8	1	7	0.11216254176389208	0.3160138555822009	0.04209965361044498	0.2739142019717559	AD	ENSG00000147174	0.8943511857180922	0.17996028215534032	FALSE	1	GCNA	GCNA
ENSG00000136044	17	102	-85	-1.3920335962796722	0.4495070610178524	0.7228883559818812	-0.2733812949640288	Control	ENSG00000136044	0.8926192379429789	0.10611567878482298	FALSE	1	APPL2	APPL2
ENSG00000164466	6	34	-28	-0.4600859890135508	0.2696509459099387	0.5428990141220357	-0.27324806821209696	Control	ENSG00000164466	0.8923527844391154	-0.08789332103687109	FALSE	1	SFXN1	SFXN1
ENSG00000106299	153	28	125	2.041457588384985	0.7791100452970957	0.5063948840927258	0.2727151612043699	AD	ENSG00000106299	0.8920863309352518	-0.0837941764044956	FALSE	1	WASL	WASL
ENSG00000105281	3	20	-17	-0.2802364507692116	0.17306155075939247	0.44537703170796694	-0.2723154809485745	Control	ENSG00000105281	0.8915534239275247	0.18864443143557352	FALSE	1	SLC1A5	SLC1A5
ENSG00000130368	3	20	-17	-0.2802364507692116	0.17306155075939247	0.44537703170796694	-0.2723154809485745	Control	ENSG00000130368	0.8915534239275247	-0.5826438427712093	FALSE	1	MAS1	MAS1
ENSG00000184205	3	20	-17	-0.2802364507692116	0.17306155075939247	0.44537703170796694	-0.2723154809485745	Control	ENSG00000184205	0.8915534239275247	-0.0286722213437951	FALSE	1	TSPYL2	TSPYL2
ENSG00000108389	120	24	96	1.5673088057408182	0.7517985611510791	0.4794830802025047	0.27231548094857444	AD	ENSG00000108389	0.8910205169197974	-0.12606958680150626	FALSE	1	MTMR4	MTMR4
ENSG00000115137	28	7	21	0.3410619540748692	0.5390354383160139	0.2675193178790301	0.27151612043698375	AD	ENSG00000115137	0.8907540634159339	-0.08775570999842941	FALSE	1	DNAJC27	DNAJC27
ENSG00000142347	5	29	-24	-0.39468615692470016	0.24260591526778577	0.5135891286970423	-0.2709832134292566	Control	ENSG00000142347	0.8904876099120703	0.1772644246349646	FALSE	1	MYO1F	MYO1F
ENSG00000180008	12	2	10	0.16121241583053006	0.3824940047961631	0.11204369837463364	0.27045030642152945	AD	ENSG00000180008	0.8902211564082068	0.12454745922301493	FALSE	1	SOCS4	SOCS4
ENSG00000284707	11	60	-49	-0.8034351074800166	0.3675726085798029	0.636957100985878	-0.26938449240607515	Control	ENSG00000284707	0.8898214761524114	0.09186731475792254	FALSE	1	NA	ENSG00000284707
ENSG00000175352	11	60	-49	-0.8034351074800166	0.3675726085798029	0.636957100985878	-0.26938449240607515	Control	ENSG00000175352	0.8898214761524114	-0.29993983333591956	FALSE	1	NRIP3	NRIP3
ENSG00000006125	61	15	46	0.7498109046301856	0.6605382360778044	0.3911537436717293	0.2693844924060751	AD	ENSG00000006125	0.8894217958966161	-0.08900122496507024	FALSE	1	AP2B1	AP2B1
ENSG00000198843	38	10	28	0.45551166023035783	0.5907274180655475	0.32187583266719955	0.26885158539834797	AD	ENSG00000198843	0.8888888888888888	-0.11729139948166	FALSE	1	SELENOT	SELENOT
ENSG00000198919	38	10	28	0.45551166023035783	0.5907274180655475	0.32187583266719955	0.26885158539834797	AD	ENSG00000198919	0.8888888888888888	-0.15316334768628614	FALSE	1	DZIP3	DZIP3
ENSG00000166342	25	6	19	0.30836203803044393	0.5154543032240874	0.24660271782573945	0.26885158539834797	AD	ENSG00000166342	0.8888888888888888	-0.06049186679533136	FALSE	1	NETO1	NETO1
ENSG00000247199	2	15	-13	-0.214836618680361	0.12283506528110844	0.3911537436717293	-0.26831867839062085	Control	ENSG00000247199	0.8880895283772982	0.071068383898929	FALSE	1	FBXO38-DT	FBXO38-DT
ENSG00000189212	2	15	-13	-0.214836618680361	0.12283506528110844	0.3911537436717293	-0.26831867839062085	Control	ENSG00000189212	0.8880895283772982	0.09983290883093154	FALSE	1	DPY19L2P1	DPY19L2P1
ENSG00000075234	2	15	-13	-0.214836618680361	0.12283506528110844	0.3911537436717293	-0.26831867839062085	Control	ENSG00000075234	0.8880895283772982	0.02528090712069097	FALSE	1	TTC38	TTC38
ENSG00000101966	34	9	25	0.40646178616371986	0.5731414868105515	0.3050892619237943	0.26805222488675723	AD	ENSG00000101966	0.887556621369571	-0.02918695278157734	FALSE	1	XIAP	XIAP
ENSG00000100916	55	400	-345	-5.643022682054962	0.6456168398614441	0.9127364774846788	-0.26711963762323476	Control	ENSG00000100916	0.8872901678657075	-0.04179273813848105	FALSE	1	BRMS1L	BRMS1L
ENSG00000136878	27	7	20	0.3247119960526566	0.5325073274713562	0.2675193178790301	0.2649880095923261	AD	ENSG00000136878	0.8868904876099121	-0.05370919425097043	FALSE	1	USP20	USP20
ENSG00000170860	27	7	20	0.3247119960526566	0.5325073274713562	0.2675193178790301	0.2649880095923261	AD	ENSG00000170860	0.8868904876099121	-0.06196689785103526	FALSE	1	LSM3	LSM3
ENSG00000138698	26	161	-135	-2.2095314973903046	0.5242472688515853	0.7887023714361844	-0.26445510258459903	Control	ENSG00000138698	0.8864908073541167	-0.09987991378862836	FALSE	1	RAP1GDS1	RAP1GDS1
ENSG00000067369	18	4	14	0.22661224791938067	0.45976552091660006	0.1957100985877964	0.26405542232880364	AD	ENSG00000067369	0.8862243538502531	-0.0709017905164604	FALSE	1	TP53BP1	TP53BP1
ENSG00000101400	5	28	-23	-0.37833619890248754	0.24260591526778577	0.5063948840927258	-0.2637889688249401	Control	ENSG00000101400	0.8859579003463895	0.10915899428577802	FALSE	1	SNTA1	SNTA1
ENSG00000137177	13	68	-55	-0.9015348556132924	0.397015720756728	0.6606714628297362	-0.26365574207300824	Control	ENSG00000137177	0.885691446842526	0.207073130830711	FALSE	1	KIF13A	KIF13A
ENSG00000106344	15	3	12	0.19391233187495535	0.4237942978950173	0.16027178257394084	0.2635225153210765	AD	ENSG00000106344	0.8854249933386624	0.10062431588566412	FALSE	1	RBM28	RBM28
ENSG00000164188	7	37	-30	-0.4927859050579761	0.29349853450572877	0.5568878230748734	-0.2633892885691446	Control	ENSG00000164188	0.885025313082867	0.3142689478849743	FALSE	1	RANBP3L	RANBP3L
ENSG00000159147	7	37	-30	-0.4927859050579761	0.29349853450572877	0.5568878230748734	-0.2633892885691446	Control	ENSG00000159147	0.885025313082867	0.07815695838505388	FALSE	1	DONSON	DONSON
ENSG00000158470	49	13	36	0.5863113244080591	0.6305622168931522	0.3673061550759392	0.26325606181721295	AD	ENSG00000158470	0.8846256328270716	-0.08421081160984478	FALSE	1	B4GALT5	B4GALT5
ENSG00000177628	54	14	40	0.6517111564969097	0.643218758326672	0.3799626965094591	0.2632560618172129	AD	ENSG00000177628	0.8843591793232081	-0.05698647691111169	FALSE	1	GBA1	GBA1
ENSG00000154493	30	8	22	0.3574119120970819	0.5494271249666933	0.28710365041300295	0.26232347455369037	AD	ENSG00000154493	0.8839594990674128	0.13137451367710895	FALSE	1	C10orf90	C10orf90
ENSG00000188612	30	8	22	0.3574119120970819	0.5494271249666933	0.28710365041300295	0.26232347455369037	AD	ENSG00000188612	0.8839594990674128	-0.03679797179512434	FALSE	1	SUMO2	SUMO2
ENSG00000125149	78	19	59	0.96236035891895	0.6954436450839329	0.4337863042899014	0.26165734079403147	AD	ENSG00000125149	0.8835598188116174	-0.01924239627037316	FALSE	1	PHAF1	PHAF1
ENSG00000166974	24	6	18	0.2920120800082313	0.5077271516120437	0.24660271782573945	0.26112443378630434	AD	ENSG00000166974	0.8832933653077538	-0.10571964743708406	FALSE	1	MAPRE2	MAPRE2
ENSG00000134042	4	23	-19	-0.3129363668136369	0.21183053557154277	0.4728217426059153	-0.2609912070343725	Control	ENSG00000134042	0.8830269118038903	-0.0514424839048857	FALSE	1	MRO	MRO
ENSG00000158352	21	5	16	0.25931216396380596	0.4845456967759126	0.22368771649347188	0.26085798028244067	AD	ENSG00000158352	0.8827604583000267	0.10361486588486636	FALSE	1	SHROOM4	SHROOM4
ENSG00000147421	3	19	-16	-0.26388649274699894	0.17306155075939247	0.4337863042899014	-0.26072475353050895	Control	ENSG00000147421	0.882494004796163	0.1913259589584264	FALSE	1	HMBOX1	HMBOX1
ENSG00000170579	178	34	144	2.3521067908070257	0.8016253663735678	0.5428990141220357	0.2587263522515322	AD	ENSG00000170579	0.8822275512922995	-0.250447298006538	FALSE	1	DLGAP1	DLGAP1
ENSG00000087206	1	9	-8	-0.1330868285692977	0.04782840394351186	0.3050892619237943	-0.2572608579802825	Control	ENSG00000087206	0.8808952837729817	0.09132700169251072	FALSE	1	UIMC1	UIMC1
ENSG00000167645	1	9	-8	-0.1330868285692977	0.04782840394351186	0.3050892619237943	-0.2572608579802825	Control	ENSG00000167645	0.8808952837729817	-0.12817895418835334	FALSE	1	YIF1B	YIF1B
ENSG00000149483	1	9	-8	-0.1330868285692977	0.04782840394351186	0.3050892619237943	-0.2572608579802825	Control	ENSG00000149483	0.8808952837729817	0.04789920802838132	FALSE	1	TMEM138	TMEM138
ENSG00000214548	1	9	-8	-0.1330868285692977	0.04782840394351186	0.3050892619237943	-0.2572608579802825	Control	ENSG00000214548	0.8808952837729817	0.06653483228226342	FALSE	1	MEG3	MEG3
ENSG00000060237	1	9	-8	-0.1330868285692977	0.04782840394351186	0.3050892619237943	-0.2572608579802825	Control	ENSG00000060237	0.8808952837729817	0.3705704353527697	FALSE	1	WNK1	WNK1
ENSG00000155886	1	9	-8	-0.1330868285692977	0.04782840394351186	0.3050892619237943	-0.2572608579802825	Control	ENSG00000155886	0.8808952837729817	-0.1887647067691809	FALSE	1	SLC24A2	SLC24A2
ENSG00000142534	1	9	-8	-0.1330868285692977	0.04782840394351186	0.3050892619237943	-0.2572608579802825	Control	ENSG00000142534	0.8808952837729817	-0.00216994068808773	FALSE	1	RPS11	RPS11
ENSG00000120896	1	9	-8	-0.1330868285692977	0.04782840394351186	0.3050892619237943	-0.2572608579802825	Control	ENSG00000120896	0.8808952837729817	0.05642367907065804	FALSE	1	SORBS3	SORBS3
ENSG00000150337	1	9	-8	-0.1330868285692977	0.04782840394351186	0.3050892619237943	-0.2572608579802825	Control	ENSG00000150337	0.8808952837729817	-0.3836338912375483	FALSE	1	FCGR1A	FCGR1A
ENSG00000205213	5	27	-22	-0.36198624088027487	0.24260591526778577	0.4998667732480682	-0.2572608579802824	Control	ENSG00000205213	0.8791633359978683	0.0662382308449132	FALSE	1	LGR4	LGR4
ENSG00000115317	5	27	-22	-0.36198624088027487	0.24260591526778577	0.4998667732480682	-0.2572608579802824	Control	ENSG00000115317	0.8791633359978683	-0.05988085788976605	FALSE	1	HTRA2	HTRA2
ENSG00000104885	5	27	-22	-0.36198624088027487	0.24260591526778577	0.4998667732480682	-0.2572608579802824	Control	ENSG00000104885	0.8791633359978683	0.11962946879647164	FALSE	1	DOT1L	DOT1L
ENSG00000174306	5	27	-22	-0.36198624088027487	0.24260591526778577	0.4998667732480682	-0.2572608579802824	Control	ENSG00000174306	0.8791633359978683	0.22285014668798553	FALSE	1	ZHX3	ZHX3
ENSG00000114956	29	8	21	0.3410619540748692	0.5442312816413536	0.28710365041300295	0.25712763122835064	AD	ENSG00000114956	0.8780975219824141	-0.05440328888751722	FALSE	1	DGUOK	DGUOK
ENSG00000099624	2	14	-12	-0.19848666065814832	0.12283506528110844	0.3799626965094591	-0.25712763122835064	Control	ENSG00000099624	0.8780975219824141	-0.08938048830689382	FALSE	1	ATP5F1D	ATP5F1D
ENSG00000177426	2	14	-12	-0.19848666065814832	0.12283506528110844	0.3799626965094591	-0.25712763122835064	Control	ENSG00000177426	0.8780975219824141	0.18386498766188095	FALSE	1	TGIF1	TGIF1
ENSG00000179399	2	14	-12	-0.19848666065814832	0.12283506528110844	0.3799626965094591	-0.25712763122835064	Control	ENSG00000179399	0.8780975219824141	-0.0478332721069421	FALSE	1	GPC5	GPC5
ENSG00000114978	26	7	19	0.30836203803044393	0.5242472688515853	0.2675193178790301	0.25672795097255524	AD	ENSG00000114978	0.8774313882227551	0.03616471176685287	FALSE	1	MOB1A	MOB1A
ENSG00000147650	61	409	-348	-5.6920725561216	0.6605382360778044	0.916999733546496	-0.25646149746869173	Control	ENSG00000147650	0.8771649347188916	-0.05668744079458143	FALSE	1	LRP12	LRP12
ENSG00000122122	9	46	-37	-0.6072356112134647	0.3361310951239009	0.592326139088729	-0.2561950439648281	Control	ENSG00000122122	0.876898481215028	0.23739819427761064	FALSE	1	SASH3	SASH3
ENSG00000065150	134	28	106	1.7308083859629446	0.7624567013056222	0.5063948840927258	0.25606181721289634	AD	ENSG00000065150	0.8766320277111644	-0.12026312418466922	FALSE	1	IPO5	IPO5
ENSG00000171867	125	27	98	1.6000087217852434	0.7556621369571009	0.4998667732480682	0.2557953637090327	AD	ENSG00000171867	0.8763655742073009	-0.0840241372474324	FALSE	1	PRNP	PRNP
ENSG00000024862	11	2	9	0.1448624578083174	0.3675726085798029	0.11204369837463364	0.2555289102051692	AD	ENSG00000024862	0.8756994404476419	0.01415551823461669	FALSE	1	CCDC28A	CCDC28A
ENSG00000042429	11	2	9	0.1448624578083174	0.3675726085798029	0.11204369837463364	0.2555289102051692	AD	ENSG00000042429	0.8756994404476419	0.06789120379231672	FALSE	1	MED17	MED17
ENSG00000151239	11	2	9	0.1448624578083174	0.3675726085798029	0.11204369837463364	0.2555289102051692	AD	ENSG00000151239	0.8756994404476419	0.07451159355793457	FALSE	1	TWF1	TWF1
ENSG00000128482	11	2	9	0.1448624578083174	0.3675726085798029	0.11204369837463364	0.2555289102051692	AD	ENSG00000128482	0.8756994404476419	-0.06671710709253276	FALSE	1	RNF112	RNF112
ENSG00000179222	60	16	44	0.7171109885857603	0.6578737010391686	0.4023447908339995	0.25552891020516916	AD	ENSG00000179222	0.875033306687983	-0.08539932538391959	FALSE	1	MAGED1	MAGED1
ENSG00000151414	35	10	25	0.40646178616371986	0.5768718358646416	0.32187583266719955	0.2549960031974421	AD	ENSG00000151414	0.8746336264321876	0.20164023318218935	FALSE	1	NEK7	NEK7
ENSG00000162374	35	10	25	0.40646178616371986	0.5768718358646416	0.32187583266719955	0.2549960031974421	AD	ENSG00000162374	0.8746336264321876	-0.2717853787952631	FALSE	1	ELAVL4	ELAVL4
ENSG00000196586	13	65	-52	-0.8524849815466545	0.397015720756728	0.6508126831867839	-0.2537969624300559	Control	ENSG00000196586	0.8742339461763923	0.02594556444614859	FALSE	1	MYO6	MYO6
ENSG00000132386	105	24	81	1.3220594354076285	0.7331468158806288	0.4794830802025047	0.2536637356781241	AD	ENSG00000132386	0.8739674926725286	-0.32963860606493434	FALSE	1	SERPINF1	SERPINF1
ENSG00000143761	282	51	231	3.7745531387395266	0.8599786837196909	0.6067146282973621	0.25326405542232877	AD	ENSG00000143761	0.873701039168665	-0.16462010823495277	FALSE	1	ARF1	ARF1
ENSG00000117448	28	8	20	0.3247119960526566	0.5390354383160139	0.28710365041300295	0.2519317879030109	AD	ENSG00000117448	0.8734345856648015	-0.1068246140319964	FALSE	1	AKR1A1	AKR1A1
ENSG00000167555	10	50	-40	-0.6562854852801027	0.35251798561151076	0.6040500932587264	-0.2515321076472156	Control	ENSG00000167555	0.8731681321609379	0.0357552133710719	FALSE	1	ZNF528	ZNF528
ENSG00000100983	67	18	49	0.7988607786968236	0.6746602717825739	0.4231281641353584	0.25153210764721556	AD	ENSG00000100983	0.8729016786570744	-0.21173080294823343	FALSE	1	GSS	GSS
ENSG00000130294	7	1	6	0.09581258374167942	0.29349853450572877	0.04209965361044498	0.2513988808952838	AD	ENSG00000130294	0.8714361843858247	0.02190675260095531	FALSE	1	KIF1A	KIF1A
ENSG00000164039	7	1	6	0.09581258374167942	0.29349853450572877	0.04209965361044498	0.2513988808952838	AD	ENSG00000164039	0.8714361843858247	0.2179952863295469	FALSE	1	BDH2	BDH2
ENSG00000125733	7	1	6	0.09581258374167942	0.29349853450572877	0.04209965361044498	0.2513988808952838	AD	ENSG00000125733	0.8714361843858247	0.3221576397918291	FALSE	1	TRIP10	TRIP10
ENSG00000066248	7	1	6	0.09581258374167942	0.29349853450572877	0.04209965361044498	0.2513988808952838	AD	ENSG00000066248	0.8714361843858247	-0.12259107953122772	FALSE	1	NGEF	NGEF
ENSG00000280063	7	1	6	0.09581258374167942	0.29349853450572877	0.04209965361044498	0.2513988808952838	AD	ENSG00000280063	0.8714361843858247	0.1774054463897583	FALSE	1	NA	ENSG00000280063
ENSG00000180155	7	1	6	0.09581258374167942	0.29349853450572877	0.04209965361044498	0.2513988808952838	AD	ENSG00000180155	0.8714361843858247	-0.15825070973420274	FALSE	1	LYNX1	LYNX1
ENSG00000134996	7	1	6	0.09581258374167942	0.29349853450572877	0.04209965361044498	0.2513988808952838	AD	ENSG00000134996	0.8714361843858247	-0.1739218745218487	FALSE	1	OSTF1	OSTF1
ENSG00000012963	7	1	6	0.09581258374167942	0.29349853450572877	0.04209965361044498	0.2513988808952838	AD	ENSG00000012963	0.8714361843858247	0.03675089032755174	FALSE	1	UBR7	UBR7
ENSG00000138769	7	1	6	0.09581258374167942	0.29349853450572877	0.04209965361044498	0.2513988808952838	AD	ENSG00000138769	0.8714361843858247	-0.04949592254629564	FALSE	1	CDKL2	CDKL2
ENSG00000167088	7	1	6	0.09581258374167942	0.29349853450572877	0.04209965361044498	0.2513988808952838	AD	ENSG00000167088	0.8714361843858247	-0.0646430751334428	FALSE	1	SNRPD1	SNRPD1
ENSG00000009830	3	18	-15	-0.2475365347247863	0.17306155075939247	0.4231281641353584	-0.2500666133759659	Control	ENSG00000009830	0.8698374633626432	0.05159954263466027	FALSE	1	POMT2	POMT2
ENSG00000185033	3	18	-15	-0.2475365347247863	0.17306155075939247	0.4231281641353584	-0.2500666133759659	Control	ENSG00000185033	0.8698374633626432	-0.00760448991905349	FALSE	1	SEMA4B	SEMA4B
ENSG00000089289	20	106	-86	-1.4083835543018848	0.478017585931255	0.7278177458033573	-0.24980015987210236	Control	ENSG00000089289	0.8694377831068478	-0.03682905276616566	FALSE	1	IGBP1	IGBP1
ENSG00000023572	41	12	29	0.4718616182525705	0.6021849187316813	0.35251798561151076	0.24966693312017055	AD	ENSG00000023572	0.8690381028510525	-0.06277898331960508	FALSE	1	GLRX2	GLRX2
ENSG00000134153	41	12	29	0.4718616182525705	0.6021849187316813	0.35251798561151076	0.24966693312017055	AD	ENSG00000134153	0.8690381028510525	-0.09909736780083378	FALSE	1	EMC7	EMC7
ENSG00000101493	7	34	-27	-0.4437360309913381	0.29349853450572877	0.5428990141220357	-0.2494004796163069	Control	ENSG00000101493	0.8686384225952571	0.14253954475547914	FALSE	1	ZNF516	ZNF516
ENSG00000156467	19	99	-80	-1.3102838061686088	0.469890754063416	0.718625099920064	-0.248734345856648	Control	ENSG00000156467	0.8683719690913936	-0.04972329820824583	FALSE	1	UQCRB	UQCRB
ENSG00000150093	101	24	77	1.2566596033187778	0.7278177458033573	0.4794830802025047	0.24833466560085263	AD	ENSG00000150093	0.86810551558753	0.0940008149696734	FALSE	1	ITGB1	ITGB1
ENSG00000074706	90	22	68	1.1095099811188638	0.7130295763389288	0.464828137490008	0.2482014388489208	AD	ENSG00000074706	0.8678390620836663	-0.13038384906375278	FALSE	1	IPCEF1	IPCEF1
ENSG00000010017	14	67	-53	-0.8688349395688671	0.4108713029576339	0.6576072475353051	-0.24673594457767117	Control	ENSG00000010017	0.8675726085798028	-0.00432745836674008	FALSE	1	RANBP9	RANBP9
ENSG00000129473	30	169	-139	-2.274931329479155	0.5494271249666933	0.7958966160405009	-0.24646949107380756	Control	ENSG00000129473	0.8673061550759392	-0.04748800119694785	FALSE	1	BCL2L2	BCL2L2
ENSG00000137221	19	5	14	0.22661224791938067	0.469890754063416	0.22368771649347188	0.24620303756994408	AD	ENSG00000137221	0.8669064748201439	0.12727001551183648	FALSE	1	TJAP1	TJAP1
ENSG00000170537	19	5	14	0.22661224791938067	0.469890754063416	0.22368771649347188	0.24620303756994408	AD	ENSG00000170537	0.8669064748201439	0.06925973678879416	FALSE	1	TMC7	TMC7
ENSG00000115355	8	38	-30	-0.4927859050579761	0.3160138555822009	0.5612843058886224	-0.24527045030642153	Control	ENSG00000115355	0.8665067945643485	0.01096353930523186	FALSE	1	CCDC88A	CCDC88A
ENSG00000005448	24	125	-101	-1.6536329246350747	0.5077271516120437	0.7529976019184652	-0.24527045030642147	Control	ENSG00000005448	0.866240341060485	-0.22153106923134924	FALSE	1	WDR54	WDR54
ENSG00000198363	2	13	-11	-0.18213670263593568	0.12283506528110844	0.3673061550759392	-0.2444710897948308	Control	ENSG00000198363	0.8657074340527577	0.00770146238109958	FALSE	1	ASPH	ASPH
ENSG00000068078	2	13	-11	-0.18213670263593568	0.12283506528110844	0.3673061550759392	-0.2444710897948308	Control	ENSG00000068078	0.8657074340527577	-0.0504048055420796	FALSE	1	FGFR3	FGFR3
ENSG00000147457	2	13	-11	-0.18213670263593568	0.12283506528110844	0.3673061550759392	-0.2444710897948308	Control	ENSG00000147457	0.8657074340527577	0.02227581050938099	FALSE	1	CHMP7	CHMP7
ENSG00000136819	47	14	33	0.5372614503414211	0.623767652544631	0.3799626965094591	0.24380495603517188	AD	ENSG00000136819	0.8651745270450306	0.00463288656912119	FALSE	1	C9orf78	C9orf78
ENSG00000050405	7	33	-26	-0.4273860729691255	0.29349853450572877	0.5363709032773781	-0.24287236877164936	Control	ENSG00000050405	0.864908073541167	0.08433149209754909	FALSE	1	LIMA1	LIMA1
ENSG00000070778	9	42	-33	-0.5418357791246141	0.3361310951239009	0.5788702371436184	-0.24273914201971752	Control	ENSG00000070778	0.8646416200373035	0.16767363568046	FALSE	1	PTPN21	PTPN21
ENSG00000132879	12	56	-44	-0.7216853173689532	0.3824940047961631	0.6244337863042899	-0.24193978150812684	Control	ENSG00000132879	0.8642419397815081	0.08242707167524088	FALSE	1	FBXO44	FBXO44
ENSG00000158467	12	56	-44	-0.7216853173689532	0.3824940047961631	0.6244337863042899	-0.24193978150812684	Control	ENSG00000158467	0.8642419397815081	0.120385047855061	FALSE	1	AHCYL2	AHCYL2
ENSG00000180104	16	4	12	0.19391233187495535	0.4373834265920597	0.1957100985877964	0.24167332800426328	AD	ENSG00000180104	0.8638422595257128	-0.06837156147930123	FALSE	1	EXOC3	EXOC3
ENSG00000186687	25	127	-102	-1.6699828826572871	0.5154543032240874	0.7569944044764189	-0.2415401012523315	Control	ENSG00000186687	0.8635758060218491	-0.17087289342815204	FALSE	1	LYRM7	LYRM7
ENSG00000078053	62	18	44	0.7171109885857603	0.6637356781241673	0.4231281641353584	0.24060751398880895	AD	ENSG00000078053	0.8633093525179856	-0.1822976146197277	FALSE	1	AMPH	AMPH
ENSG00000139433	10	2	8	0.12851249978610474	0.35251798561151076	0.11204369837463364	0.2404742872368771	AD	ENSG00000139433	0.8626432187583267	0.09666412932511292	FALSE	1	GLTP	GLTP
ENSG00000198682	10	2	8	0.12851249978610474	0.35251798561151076	0.11204369837463364	0.2404742872368771	AD	ENSG00000198682	0.8626432187583267	0.13955286928110766	FALSE	1	PAPSS2	PAPSS2
ENSG00000161791	10	2	8	0.12851249978610474	0.35251798561151076	0.11204369837463364	0.2404742872368771	AD	ENSG00000161791	0.8626432187583267	0.13085937953922944	FALSE	1	FMNL3	FMNL3
ENSG00000005206	10	2	8	0.12851249978610474	0.35251798561151076	0.11204369837463364	0.2404742872368771	AD	ENSG00000005206	0.8626432187583267	0.05270866229327176	FALSE	1	SPPL2B	SPPL2B
ENSG00000136068	3	17	-14	-0.23118657670257364	0.17306155075939247	0.4132693844924061	-0.2402078337330136	Control	ENSG00000136068	0.8617106314948042	0.02029976355029461	FALSE	1	FLNB	FLNB
ENSG00000119906	3	17	-14	-0.23118657670257364	0.17306155075939247	0.4132693844924061	-0.2402078337330136	Control	ENSG00000119906	0.8617106314948042	0.03706403150550663	FALSE	1	SLF2	SLF2
ENSG00000128815	3	17	-14	-0.23118657670257364	0.17306155075939247	0.4132693844924061	-0.2402078337330136	Control	ENSG00000128815	0.8617106314948042	0.24953304012005617	FALSE	1	WDFY4	WDFY4
ENSG00000234771	1	8	-7	-0.11673687054708508	0.04782840394351186	0.28710365041300295	-0.2392752464694911	Control	ENSG00000234771	0.8607780442312817	0.07737262866700778	FALSE	1	SLC25A25-AS1	SLC25A25-AS1
ENSG00000160789	1	8	-7	-0.11673687054708508	0.04782840394351186	0.28710365041300295	-0.2392752464694911	Control	ENSG00000160789	0.8607780442312817	0.02808446444021406	FALSE	1	LMNA	LMNA
ENSG00000111321	1	8	-7	-0.11673687054708508	0.04782840394351186	0.28710365041300295	-0.2392752464694911	Control	ENSG00000111321	0.8607780442312817	0.05733284840281527	FALSE	1	LTBR	LTBR
ENSG00000010671	1	8	-7	-0.11673687054708508	0.04782840394351186	0.28710365041300295	-0.2392752464694911	Control	ENSG00000010671	0.8607780442312817	0.14854269473398585	FALSE	1	BTK	BTK
ENSG00000143815	29	9	20	0.3247119960526566	0.5442312816413536	0.3050892619237943	0.23914201971755927	AD	ENSG00000143815	0.8598454569677592	0.06129567160473037	FALSE	1	LBR	LBR
ENSG00000010810	11	51	-40	-0.6562854852801027	0.3675726085798029	0.6067146282973621	-0.23914201971755927	Control	ENSG00000010810	0.8598454569677592	0.06067330729465858	FALSE	1	FYN	FYN
ENSG00000101596	11	51	-40	-0.6562854852801027	0.3675726085798029	0.6067146282973621	-0.23914201971755927	Control	ENSG00000101596	0.8598454569677592	0.01662597090330386	FALSE	1	SMCHD1	SMCHD1
ENSG00000198618	21	6	15	0.24296220594159332	0.4845456967759126	0.24660271782573945	0.23794297895017316	AD	ENSG00000198618	0.8593125499600319	-0.1752490282132282	FALSE	1	PPIAP22	PPIAP22
ENSG00000184743	26	8	18	0.2920120800082313	0.5242472688515853	0.28710365041300295	0.2371436184385824	AD	ENSG00000184743	0.8590460964561684	0.05331560956993364	FALSE	1	ATL3	ATL3
ENSG00000126768	32	177	-145	-2.3730310776124313	0.5639488409272582	0.8009592326139089	-0.23701039168665072	Control	ENSG00000126768	0.8587796429523048	-0.07099062258094513	FALSE	1	TIMM17B	TIMM17B
ENSG00000164062	21	101	-80	-1.3102838061686088	0.4845456967759126	0.7214228617106315	-0.23687716493471897	Control	ENSG00000164062	0.8585131894484412	-0.15044504191595465	FALSE	1	APEH	APEH
ENSG00000198707	5	24	-19	-0.3129363668136369	0.24260591526778577	0.4794830802025047	-0.23687716493471891	Control	ENSG00000198707	0.8581135091926458	-0.03055035971421738	FALSE	1	CEP290	CEP290
ENSG00000076555	5	24	-19	-0.3129363668136369	0.24260591526778577	0.4794830802025047	-0.23687716493471891	Control	ENSG00000076555	0.8581135091926458	0.23111163071899732	FALSE	1	ACACB	ACACB
ENSG00000163660	13	59	-46	-0.7543852334133786	0.397015720756728	0.6338928856914469	-0.2368771649347189	Control	ENSG00000163660	0.8577138289368506	0.0409884258990445	FALSE	1	CCNL1	CCNL1
ENSG00000132963	13	3	10	0.16121241583053006	0.397015720756728	0.16027178257394084	0.23674393818278713	AD	ENSG00000132963	0.857447375432987	-0.1551266283489383	FALSE	1	POMP	POMP
ENSG00000137216	6	28	-22	-0.36198624088027487	0.2696509459099387	0.5063948840927258	-0.2367439381827871	Control	ENSG00000137216	0.8570476951771916	-0.14643187455433626	FALSE	1	TMEM63B	TMEM63B
ENSG00000204899	6	28	-22	-0.36198624088027487	0.2696509459099387	0.5063948840927258	-0.2367439381827871	Control	ENSG00000204899	0.8570476951771916	-0.01741598346001716	FALSE	1	MZT1	MZT1
ENSG00000103335	19	92	-73	-1.1958341000131203	0.469890754063416	0.7065014654942713	-0.23661071143085532	Control	ENSG00000103335	0.8566480149213962	0.04796185670578978	FALSE	1	PIEZO1	PIEZO1
ENSG00000152990	8	36	-28	-0.4600859890135508	0.3160138555822009	0.5523581135091926	-0.2363442579269917	Control	ENSG00000152990	0.8562483346656009	0.17135927839848897	FALSE	1	ADGRA3	ADGRA3
ENSG00000180353	8	36	-28	-0.4600859890135508	0.3160138555822009	0.5523581135091926	-0.2363442579269917	Control	ENSG00000180353	0.8562483346656009	0.3068642965361894	FALSE	1	HCLS1	HCLS1
ENSG00000231607	10	45	-35	-0.5745356951690394	0.35251798561151076	0.5885957900346389	-0.23607780442312817	Control	ENSG00000231607	0.8558486544098055	0.08977254582549321	FALSE	1	DLEU2	DLEU2
ENSG00000149182	82	22	60	0.9787103169411628	0.7005062616573408	0.464828137490008	0.23567812416733275	AD	ENSG00000149182	0.8554489741540101	-0.08012039385863723	FALSE	1	ARFGAP2	ARFGAP2
ENSG00000090971	52	16	36	0.5863113244080591	0.6380229150013322	0.4023447908339995	0.23567812416733275	AD	ENSG00000090971	0.8554489741540101	-0.04526598156341244	FALSE	1	NAT14	NAT14
ENSG00000181061	56	17	39	0.635361198474697	0.6486810551558753	0.4132693844924061	0.2354116706634692	AD	ENSG00000181061	0.8550492938982147	-0.23250201637478263	FALSE	1	HIGD1A	HIGD1A
ENSG00000183431	101	26	75	1.2239596872743523	0.7278177458033573	0.4933386624034106	0.23447908339994672	AD	ENSG00000183431	0.8547828403943512	-0.08451199415651445	FALSE	1	SF3A3	SF3A3
ENSG00000104517	15	67	-52	-0.8524849815466545	0.4237942978950173	0.6576072475353051	-0.23381294964028776	Control	ENSG00000104517	0.8543831601385559	0.11052057045441188	FALSE	1	UBR5	UBR5
ENSG00000078114	15	67	-52	-0.8524849815466545	0.4237942978950173	0.6576072475353051	-0.23381294964028776	Control	ENSG00000078114	0.8543831601385559	0.21080399816597684	FALSE	1	NEBL	NEBL
ENSG00000119383	46	253	-207	-3.386728474989616	0.6209698907540634	0.8546496136424194	-0.23367972288835603	Control	ENSG00000119383	0.8539834798827605	-0.06490545935194447	FALSE	1	PTPA	PTPA
ENSG00000162909	4	20	-16	-0.26388649274699894	0.21183053557154277	0.44537703170796694	-0.23354649613642417	Control	ENSG00000162909	0.8534505728750333	0.15672010191908825	FALSE	1	CAPN2	CAPN2
ENSG00000092820	4	20	-16	-0.26388649274699894	0.21183053557154277	0.44537703170796694	-0.23354649613642417	Control	ENSG00000092820	0.8534505728750333	0.26962866661659923	FALSE	1	EZR	EZR
ENSG00000166004	4	20	-16	-0.26388649274699894	0.21183053557154277	0.44537703170796694	-0.23354649613642417	Control	ENSG00000166004	0.8534505728750333	0.05326027872187389	FALSE	1	CEP295	CEP295
ENSG00000196458	23	7	16	0.25931216396380596	0.5001332267519318	0.2675193178790301	0.23261390887290173	AD	ENSG00000196458	0.8526512123634425	0.11414361304428412	FALSE	1	ZNF605	ZNF605
ENSG00000139737	23	7	16	0.25931216396380596	0.5001332267519318	0.2675193178790301	0.23261390887290173	AD	ENSG00000139737	0.8526512123634425	0.14483727874649688	FALSE	1	SLAIN1	SLAIN1
ENSG00000165417	23	7	16	0.25931216396380596	0.5001332267519318	0.2675193178790301	0.23261390887290173	AD	ENSG00000165417	0.8526512123634425	-0.1078828457611607	FALSE	1	GTF2A1	GTF2A1
ENSG00000145526	33	11	22	0.3574119120970819	0.5692779110045297	0.33679722888355984	0.2324806821209699	AD	ENSG00000145526	0.8521183053557154	-0.2535302481580288	FALSE	1	CDH18	CDH18
ENSG00000224531	55	17	38	0.6190112404524843	0.6456168398614441	0.4132693844924061	0.2323474553690381	AD	ENSG00000224531	0.8518518518518519	-0.03456573751550174	FALSE	1	SMIM13	SMIM13
ENSG00000186517	7	31	-24	-0.39468615692470016	0.29349853450572877	0.5257127631228351	-0.23221422861710633	Control	ENSG00000186517	0.8514521715960565	0.31871110883182574	FALSE	1	ARHGAP30	ARHGAP30
ENSG00000177679	7	31	-24	-0.39468615692470016	0.29349853450572877	0.5257127631228351	-0.23221422861710633	Control	ENSG00000177679	0.8514521715960565	0.19525003913952155	FALSE	1	SRRM3	SRRM3
ENSG00000183207	20	94	-74	-1.212184058035333	0.478017585931255	0.709832134292566	-0.231814548361311	Control	ENSG00000183207	0.8510524913402612	-0.05280672606957104	FALSE	1	RUVBL2	RUVBL2
ENSG00000150995	40	13	27	0.4391617022081451	0.5987210231814548	0.3673061550759392	0.2314148681055156	AD	ENSG00000150995	0.8507860378363975	-0.10957582134129318	FALSE	1	ITPR1	ITPR1
ENSG00000055609	27	132	-105	-1.7190327567239252	0.5325073274713562	0.7633892885691447	-0.23088196109778847	Control	ENSG00000055609	0.8505195843325339	0.1167724086480284	FALSE	1	KMT2C	KMT2C
ENSG00000105397	12	53	-41	-0.6726354433023153	0.3824940047961631	0.6132427391420198	-0.2307487343458567	Control	ENSG00000105397	0.8502531308286704	0.097990755061672985	FALSE	1	TYK2	TYK2
ENSG00000065883	13	57	-44	-0.7216853173689532	0.397015720756728	0.6273647748467892	-0.23034905409006123	Control	ENSG00000065883	0.8499866773248068	0.09855644127836172	FALSE	1	CDK13	CDK13
ENSG00000143614	5	23	-18	-0.2965864087914242	0.24260591526778577	0.4728217426059153	-0.23021582733812948	Control	ENSG00000143614	0.8497202238209433	0.0042364486441091	FALSE	1	GATAD2B	GATAD2B
ENSG00000169860	2	12	-10	-0.16578674461372303	0.12283506528110844	0.35251798561151076	-0.22968292033040233	Control	ENSG00000169860	0.8491873168132161	-0.01503385564972248	FALSE	1	P2RY1	P2RY1
ENSG00000123096	2	12	-10	-0.16578674461372303	0.12283506528110844	0.35251798561151076	-0.22968292033040233	Control	ENSG00000123096	0.8491873168132161	0.13862983796282613	FALSE	1	SSPN	SSPN
ENSG00000154144	2	12	-10	-0.16578674461372303	0.12283506528110844	0.35251798561151076	-0.22968292033040233	Control	ENSG00000154144	0.8491873168132161	-0.03272130184938326	FALSE	1	TBRG1	TBRG1
ENSG00000171051	3	16	-13	-0.214836618680361	0.17306155075939247	0.4023447908339995	-0.229283240074607	Control	ENSG00000171051	0.8485211830535572	-0.14491564107355617	FALSE	1	FPR1	FPR1
ENSG00000168970	3	16	-13	-0.214836618680361	0.17306155075939247	0.4023447908339995	-0.229283240074607	Control	ENSG00000168970	0.8485211830535572	0.1644093181459629	FALSE	1	JMJD7-PLA2G4B	JMJD7-PLA2G4B
ENSG00000133812	38	203	-165	-2.700030238056684	0.5907274180655475	0.8193445243804957	-0.22861710631494817	Control	ENSG00000133812	0.8481215027977618	0.08793097244334369	FALSE	1	SBF2	SBF2
ENSG00000110756	14	61	-47	-0.7707351914355912	0.4108713029576339	0.6394884092725819	-0.22861710631494797	Control	ENSG00000110756	0.8478550492938982	0.02524423084022231	FALSE	1	HPS5	HPS5
ENSG00000126524	36	12	24	0.3901118281415072	0.5808686384225953	0.35251798561151076	0.22835065281108452	AD	ENSG00000126524	0.8475885957900346	-0.06757292905095547	FALSE	1	SBDS	SBDS
ENSG00000138835	15	4	11	0.1775623738527427	0.4237942978950173	0.1957100985877964	0.2280841993072209	AD	ENSG00000138835	0.8471889155342393	0.09316719246232807	FALSE	1	RGS3	RGS3
ENSG00000157625	15	4	11	0.1775623738527427	0.4237942978950173	0.1957100985877964	0.2280841993072209	AD	ENSG00000157625	0.8471889155342393	-0.08334719810642	FALSE	1	TAB3	TAB3
ENSG00000114942	6	1	5	0.07946262571946677	0.2696509459099387	0.04209965361044498	0.22755129229949372	AD	ENSG00000114942	0.8457234212629896	-0.09617262109122926	FALSE	1	EEF1B2	EEF1B2
ENSG00000187800	6	1	5	0.07946262571946677	0.2696509459099387	0.04209965361044498	0.22755129229949372	AD	ENSG00000187800	0.8457234212629896	0.15251103761741724	FALSE	1	PEAR1	PEAR1
ENSG00000104689	6	1	5	0.07946262571946677	0.2696509459099387	0.04209965361044498	0.22755129229949372	AD	ENSG00000104689	0.8457234212629896	0.1293903731473689	FALSE	1	TNFRSF10A	TNFRSF10A
ENSG00000185049	6	1	5	0.07946262571946677	0.2696509459099387	0.04209965361044498	0.22755129229949372	AD	ENSG00000185049	0.8457234212629896	0.10025785134120112	FALSE	1	NELFA	NELFA
ENSG00000076513	6	1	5	0.07946262571946677	0.2696509459099387	0.04209965361044498	0.22755129229949372	AD	ENSG00000076513	0.8457234212629896	0.06547647803860279	FALSE	1	ANKRD13A	ANKRD13A
ENSG00000076003	6	1	5	0.07946262571946677	0.2696509459099387	0.04209965361044498	0.22755129229949372	AD	ENSG00000076003	0.8457234212629896	-0.13202408758404083	FALSE	1	MCM6	MCM6
ENSG00000131127	6	1	5	0.07946262571946677	0.2696509459099387	0.04209965361044498	0.22755129229949372	AD	ENSG00000131127	0.8457234212629896	0.05124388784546419	FALSE	1	ZNF141	ZNF141
ENSG00000177464	6	1	5	0.07946262571946677	0.2696509459099387	0.04209965361044498	0.22755129229949372	AD	ENSG00000177464	0.8457234212629896	0.01990068999580785	FALSE	1	GPR4	GPR4
ENSG00000172006	6	1	5	0.07946262571946677	0.2696509459099387	0.04209965361044498	0.22755129229949372	AD	ENSG00000172006	0.8457234212629896	-0.18997040270320031	FALSE	1	ZNF554	ZNF554
ENSG00000054803	27	9	18	0.2920120800082313	0.5325073274713562	0.3050892619237943	0.2274180655475619	AD	ENSG00000054803	0.8443911537436717	-0.3963623237170318	FALSE	1	CBLN4	CBLN4
ENSG00000119397	30	147	-117	-1.915232252990477	0.5494271249666933	0.7763122835065281	-0.2268851585398348	Control	ENSG00000119397	0.8441247002398081	0.1033781890138421	FALSE	1	CNTRL	CNTRL
ENSG00000139436	7	30	-23	-0.37833619890248754	0.29349853450572877	0.5201172395417	-0.2266187050359712	Control	ENSG00000139436	0.8438582467359446	0.04163882107962102	FALSE	1	GIT2	GIT2
ENSG00000101542	14	60	-46	-0.7543852334133786	0.4108713029576339	0.636957100985878	-0.22608579802824408	Control	ENSG00000101542	0.843591793232081	0.13952311114326932	FALSE	1	CDH20	CDH20
ENSG00000166479	250	53	197	3.218654565984296	0.839195310418332	0.6132427391420198	0.2259525712763122	AD	ENSG00000166479	0.8433253397282174	-0.10559552715372432	FALSE	1	TMX3	TMX3
ENSG00000186212	17	5	12	0.19391233187495535	0.4495070610178524	0.22368771649347188	0.2258193445243805	AD	ENSG00000186212	0.8430588862243539	-0.665537984168588	TRUE	2	SOWAHB	SOWAHB
ENSG00000018610	48	16	32	0.5209114923192084	0.6268318678390621	0.4023447908339995	0.2244870770050626	AD	ENSG00000018610	0.8427924327204903	-0.04988683491184709	FALSE	2	STEEP1	STEEP1
ENSG00000138834	9	2	7	0.11216254176389208	0.3361310951239009	0.11204369837463364	0.22408739674926725	AD	ENSG00000138834	0.8422595257127631	-0.15199142022004963	FALSE	2	MAPK8IP3	MAPK8IP3
ENSG00000185274	9	2	7	0.11216254176389208	0.3361310951239009	0.11204369837463364	0.22408739674926725	AD	ENSG00000185274	0.8422595257127631	-0.12480100948294748	FALSE	2	GALNT17	GALNT17
ENSG00000196865	9	2	7	0.11216254176389208	0.3361310951239009	0.11204369837463364	0.22408739674926725	AD	ENSG00000196865	0.8422595257127631	4.844058748449953e-4	FALSE	2	NHLRC2	NHLRC2
ENSG00000279759	19	6	13	0.21026228989716805	0.469890754063416	0.24660271782573945	0.22328803623767657	AD	ENSG00000279759	0.841726618705036	0.07285084908738693	FALSE	2	NA	ENSG00000279759
ENSG00000119705	12	3	9	0.1448624578083174	0.3824940047961631	0.16027178257394084	0.22222222222222224	AD	ENSG00000119705	0.8409272581934453	-0.0609662327988083	FALSE	2	SLIRP	SLIRP
ENSG00000165516	12	3	9	0.1448624578083174	0.3824940047961631	0.16027178257394084	0.22222222222222224	AD	ENSG00000165516	0.8409272581934453	0.00264889117085154	FALSE	2	KLHDC2	KLHDC2
ENSG00000198315	5	22	-17	-0.2802364507692116	0.24260591526778577	0.464828137490008	-0.22222222222222224	Control	ENSG00000198315	0.8409272581934453	0.0907921545558601	FALSE	2	ZKSCAN8	ZKSCAN8
ENSG00000196368	12	3	9	0.1448624578083174	0.3824940047961631	0.16027178257394084	0.22222222222222224	AD	ENSG00000196368	0.8409272581934453	-0.04276700132560762	FALSE	2	NUDT11	NUDT11
ENSG00000230715	5	22	-17	-0.2802364507692116	0.24260591526778577	0.464828137490008	-0.22222222222222224	Control	ENSG00000230715	0.8409272581934453	0.12409092452068649	FALSE	2	NA	ENSG00000230715
ENSG00000171860	4	19	-15	-0.2475365347247863	0.21183053557154277	0.4337863042899014	-0.22195576871835865	Control	ENSG00000171860	0.8394617639221956	0.4609040136105591	FALSE	2	C3AR1	C3AR1
ENSG00000146386	15	63	-48	-0.7870851494578038	0.4237942978950173	0.645750066613376	-0.22195576871835865	Control	ENSG00000146386	0.8394617639221956	-0.27049644691406893	FALSE	2	ABRACL	ABRACL
ENSG00000006747	4	19	-15	-0.2475365347247863	0.21183053557154277	0.4337863042899014	-0.22195576871835865	Control	ENSG00000006747	0.8394617639221956	0.3471532978417331	FALSE	2	SCIN	SCIN
ENSG00000092621	4	19	-15	-0.2475365347247863	0.21183053557154277	0.4337863042899014	-0.22195576871835865	Control	ENSG00000092621	0.8394617639221956	0.14274557502065657	FALSE	2	PHGDH	PHGDH
ENSG00000083535	4	19	-15	-0.2475365347247863	0.21183053557154277	0.4337863042899014	-0.22195576871835865	Control	ENSG00000083535	0.8394617639221956	0.01288089243054457	FALSE	2	PIBF1	PIBF1
ENSG00000182902	4	19	-15	-0.2475365347247863	0.21183053557154277	0.4337863042899014	-0.22195576871835865	Control	ENSG00000182902	0.8394617639221956	0.2521651342868356	FALSE	2	SLC25A18	SLC25A18
ENSG00000005022	106	29	77	1.2566596033187778	0.7343458566480149	0.5135891286970423	0.22075672795097256	AD	ENSG00000005022	0.8385291766586731	-0.16752183468769388	FALSE	2	SLC25A5	SLC25A5
ENSG00000067182	9	37	-28	-0.4600859890135508	0.3361310951239009	0.5568878230748734	-0.2207567279509725	Control	ENSG00000067182	0.8378630428990141	-0.02184208741596904	FALSE	2	TNFRSF1A	TNFRSF1A
ENSG00000152954	9	37	-28	-0.4600859890135508	0.3361310951239009	0.5568878230748734	-0.2207567279509725	Control	ENSG00000152954	0.8378630428990141	-0.24311954774341693	FALSE	2	NRSN1	NRSN1
ENSG00000070018	9	37	-28	-0.4600859890135508	0.3361310951239009	0.5568878230748734	-0.2207567279509725	Control	ENSG00000070018	0.8378630428990141	0.07459622599866478	FALSE	2	LRP6	LRP6
ENSG00000167862	9	37	-28	-0.4600859890135508	0.3361310951239009	0.5568878230748734	-0.2207567279509725	Control	ENSG00000167862	0.8378630428990141	-0.11869024094300062	FALSE	2	MRPL58	MRPL58
ENSG00000087077	8	33	-25	-0.4110361149469128	0.3160138555822009	0.5363709032773781	-0.2203570476951772	Control	ENSG00000087077	0.8371969091393552	0.12089407193787416	FALSE	2	TRIP6	TRIP6
ENSG00000075539	31	11	20	0.3247119960526566	0.5567545963229417	0.33679722888355984	0.21995736743938185	AD	ENSG00000075539	0.8369304556354916	0.07395564140296074	FALSE	2	FRYL	FRYL
ENSG00000119760	1	7	-6	-0.10038691252487242	0.04782840394351186	0.2675193178790301	-0.21969091393551823	Control	ENSG00000119760	0.8349320543565147	-0.07548720023193489	FALSE	2	SUPT7L	SUPT7L
ENSG00000168546	1	7	-6	-0.10038691252487242	0.04782840394351186	0.2675193178790301	-0.21969091393551823	Control	ENSG00000168546	0.8349320543565147	-0.39230494392156245	FALSE	2	GFRA2	GFRA2
ENSG00000185619	1	7	-6	-0.10038691252487242	0.04782840394351186	0.2675193178790301	-0.21969091393551823	Control	ENSG00000185619	0.8349320543565147	-0.04104204413339829	FALSE	2	PCGF3	PCGF3
ENSG00000205133	1	7	-6	-0.10038691252487242	0.04782840394351186	0.2675193178790301	-0.21969091393551823	Control	ENSG00000205133	0.8349320543565147	0.01816110689478556	FALSE	2	TRIQK	TRIQK
ENSG00000108465	1	7	-6	-0.10038691252487242	0.04782840394351186	0.2675193178790301	-0.21969091393551823	Control	ENSG00000108465	0.8349320543565147	0.00679794412733247	FALSE	2	CDK5RAP3	CDK5RAP3
ENSG00000018280	1	7	-6	-0.10038691252487242	0.04782840394351186	0.2675193178790301	-0.21969091393551823	Control	ENSG00000018280	0.8349320543565147	0.17531340056546174	FALSE	2	SLC11A1	SLC11A1
ENSG00000144749	1	7	-6	-0.10038691252487242	0.04782840394351186	0.2675193178790301	-0.21969091393551823	Control	ENSG00000144749	0.8349320543565147	0.0221382110391346	FALSE	2	LRIG1	LRIG1
ENSG00000105122	1	7	-6	-0.10038691252487242	0.04782840394351186	0.2675193178790301	-0.21969091393551823	Control	ENSG00000105122	0.8349320543565147	0.3873046718929345	FALSE	2	RASAL3	RASAL3
ENSG00000166147	1	7	-6	-0.10038691252487242	0.04782840394351186	0.2675193178790301	-0.21969091393551823	Control	ENSG00000166147	0.8349320543565147	0.02733773940960837	FALSE	2	FBN1	FBN1
ENSG00000134072	1	7	-6	-0.10038691252487242	0.04782840394351186	0.2675193178790301	-0.21969091393551823	Control	ENSG00000134072	0.8349320543565147	0.03191757690829	FALSE	2	CAMK1	CAMK1
ENSG00000147164	1	7	-6	-0.10038691252487242	0.04782840394351186	0.2675193178790301	-0.21969091393551823	Control	ENSG00000147164	0.8349320543565147	0.01188094591687516	FALSE	2	SNX12	SNX12
ENSG00000182173	1	7	-6	-0.10038691252487242	0.04782840394351186	0.2675193178790301	-0.21969091393551823	Control	ENSG00000182173	0.8349320543565147	0.0478526091508078	FALSE	2	TSEN54	TSEN54
ENSG00000035687	1	7	-6	-0.10038691252487242	0.04782840394351186	0.2675193178790301	-0.21969091393551823	Control	ENSG00000035687	0.8349320543565147	-0.11590978981131528	FALSE	2	ADSS2	ADSS2
ENSG00000159792	1	7	-6	-0.10038691252487242	0.04782840394351186	0.2675193178790301	-0.21969091393551823	Control	ENSG00000159792	0.8349320543565147	0.02857167978318919	FALSE	2	PSKH1	PSKH1
ENSG00000215386	19	82	-63	-1.0323345197909937	0.469890754063416	0.6895816679989342	-0.2196909139355182	Control	ENSG00000215386	0.832933653077538	0.09497315146305851	FALSE	2	MIR99AHG	MIR99AHG
ENSG00000172350	26	9	17	0.27566212198601864	0.5242472688515853	0.3050892619237943	0.21915800692779103	AD	ENSG00000172350	0.8326671995736744	-0.2750276821989299	FALSE	2	ABCG4	ABCG4
ENSG00000167642	162	40	122	1.9924077143183472	0.7888355981881162	0.5700772715161204	0.2187583266719958	AD	ENSG00000167642	0.8324007460698108	-0.11873258894957316	FALSE	2	SPINT2	SPINT2
ENSG00000109919	62	20	42	0.6844110725413349	0.6637356781241673	0.44537703170796694	0.2183586464162004	AD	ENSG00000109919	0.8320010658140155	-0.11118795705815998	FALSE	2	MTCH2	MTCH2
ENSG00000110717	25	111	-86	-1.4083835543018848	0.5154543032240874	0.7338129496402878	-0.2183586464162004	Control	ENSG00000110717	0.8320010658140155	-0.03775743899424988	FALSE	2	NDUFS8	NDUFS8
ENSG00000172020	37	13	24	0.3901118281415072	0.5855315747402078	0.3673061550759392	0.21822541966426856	AD	ENSG00000172020	0.8314681588062883	-0.3217143723330924	FALSE	2	GAP43	GAP43
ENSG00000148411	37	13	24	0.3901118281415072	0.5855315747402078	0.3673061550759392	0.21822541966426856	AD	ENSG00000148411	0.8314681588062883	0.12183386172200096	FALSE	2	NACC2	NACC2
ENSG00000135929	3	15	-12	-0.19848666065814832	0.17306155075939247	0.3911537436717293	-0.2180921929123368	Control	ENSG00000135929	0.8308020250466294	0.05693787859873467	FALSE	2	CYP27A1	CYP27A1
ENSG00000180448	3	15	-12	-0.19848666065814832	0.17306155075939247	0.3911537436717293	-0.2180921929123368	Control	ENSG00000180448	0.8308020250466294	0.34289403670771	FALSE	2	ARHGAP45	ARHGAP45
ENSG00000102786	3	15	-12	-0.19848666065814832	0.17306155075939247	0.3911537436717293	-0.2180921929123368	Control	ENSG00000102786	0.8308020250466294	0.07892832730061272	FALSE	2	INTS6	INTS6
ENSG00000163947	168	41	127	2.0741575044294103	0.7932320810018652	0.5751398880895284	0.21809219291233672	AD	ENSG00000163947	0.8302691180389022	-0.14103664310350617	FALSE	2	ARHGEF3	ARHGEF3
ENSG00000104765	10	40	-30	-0.4927859050579761	0.35251798561151076	0.5700772715161204	-0.21755928590460968	Control	ENSG00000104765	0.8300026645350387	-0.05679829999761843	FALSE	2	BNIP3L	BNIP3L
ENSG00000235703	49	17	32	0.5209114923192084	0.6305622168931522	0.4132693844924061	0.2172928324007461	AD	ENSG00000235703	0.829736211031175	0.09967912159445191	FALSE	2	EOLA2-DT	EOLA2-DT
ENSG00000170315	132	34	98	1.6000087217852434	0.7599253930189181	0.5428990141220357	0.21702637889688248	AD	ENSG00000170315	0.8294697575273114	-0.07392104465622928	FALSE	2	UBB	UBB
ENSG00000178440	6	25	-19	-0.3129363668136369	0.2696509459099387	0.48627764455102584	-0.2166266986410871	Control	ENSG00000178440	0.8292033040234479	0.04607122803689734	FALSE	2	TIMM23B-AGAP6	TIMM23B-AGAP6
ENSG00000093167	13	53	-40	-0.6562854852801027	0.397015720756728	0.6132427391420198	-0.2162270183852918	Control	ENSG00000093167	0.8289368505195843	0.06857494309915069	FALSE	2	LRRFIP2	LRRFIP2
ENSG00000106615	45	16	29	0.4718616182525705	0.6179056754596323	0.4023447908339995	0.2155608846256328	AD	ENSG00000106615	0.8286703970157208	-0.12782328807026566	FALSE	2	RHEB	RHEB
ENSG00000131873	14	4	10	0.16121241583053006	0.4108713029576339	0.1957100985877964	0.2151612043698375	AD	ENSG00000131873	0.8278710365041301	0.03825010665134876	FALSE	2	CHSY1	CHSY1
ENSG00000170234	14	4	10	0.16121241583053006	0.4108713029576339	0.1957100985877964	0.2151612043698375	AD	ENSG00000170234	0.8278710365041301	0.1147093743019738	FALSE	2	PWWP2A	PWWP2A
ENSG00000137831	14	4	10	0.16121241583053006	0.4108713029576339	0.1957100985877964	0.2151612043698375	AD	ENSG00000137831	0.8278710365041301	0.07888779823233705	FALSE	2	UACA	UACA
ENSG00000148154	14	4	10	0.16121241583053006	0.4108713029576339	0.1957100985877964	0.2151612043698375	AD	ENSG00000148154	0.8278710365041301	-0.11745489062800551	FALSE	2	UGCG	UGCG
ENSG00000100106	39	14	25	0.40646178616371986	0.5951239008792966	0.3799626965094591	0.2151612043698375	AD	ENSG00000100106	0.8278710365041301	0.07486734508703563	FALSE	2	TRIOBP	TRIOBP
ENSG00000237877	8	32	-24	-0.39468615692470016	0.3160138555822009	0.530775379696243	-0.2147615241140421	Control	ENSG00000237877	0.8270716759925393	-0.10832922042487514	FALSE	2	LINC01473	LINC01473
ENSG00000180440	70	22	48	0.7825108206746109	0.6793232081001865	0.464828137490008	0.21449507061017853	AD	ENSG00000180440	0.8268052224886757	-0.3691419208496862	FALSE	2	SERTM1	SERTM1
ENSG00000135750	2	11	-9	-0.14943678659151036	0.12283506528110844	0.33679722888355984	-0.2139621636024514	Control	ENSG00000135750	0.8262723154809486	0.03129820049176679	FALSE	2	KCNK1	KCNK1
ENSG00000134352	2	11	-9	-0.14943678659151036	0.12283506528110844	0.33679722888355984	-0.2139621636024514	Control	ENSG00000134352	0.8262723154809486	-0.01736999328291233	FALSE	2	IL6ST	IL6ST
ENSG00000081320	2	11	-9	-0.14943678659151036	0.12283506528110844	0.33679722888355984	-0.2139621636024514	Control	ENSG00000081320	0.8262723154809486	-0.0318608728791343	FALSE	2	STK17B	STK17B
ENSG00000140688	16	5	11	0.1775623738527427	0.4373834265920597	0.22368771649347188	0.21369571009858784	AD	ENSG00000140688	0.8256061817212896	-0.17668667209310307	FALSE	2	RUSF1	RUSF1
ENSG00000152284	16	5	11	0.1775623738527427	0.4373834265920597	0.22368771649347188	0.21369571009858784	AD	ENSG00000152284	0.8256061817212896	0.2625780855288493	FALSE	2	TCF7L1	TCF7L1
ENSG00000143748	5	21	-16	-0.26388649274699894	0.24260591526778577	0.4559019451105782	-0.2132960298427924	Control	ENSG00000143748	0.8252065014654942	0.01730150542637076	FALSE	2	NVL	NVL
ENSG00000126785	18	6	12	0.19391233187495535	0.45976552091660006	0.24660271782573945	0.21316280309086064	AD	ENSG00000126785	0.8249400479616307	0.1830468317857168	FALSE	2	RHOJ	RHOJ
ENSG00000253738	7	28	-21	-0.3456362828580622	0.29349853450572877	0.5063948840927258	-0.21289634958699705	Control	ENSG00000253738	0.8246735944577671	-0.0372479804136745	FALSE	2	OTUD6B-AS1	OTUD6B-AS1
ENSG00000077585	19	79	-60	-0.9832846457243556	0.469890754063416	0.6826538768984812	-0.2127631228350653	Control	ENSG00000077585	0.82440714095390355	0.03735707476985084	FALSE	2	GPR137B	GPR137B
ENSG00000107890	9	35	-26	-0.4273860729691255	0.3361310951239009	0.548361310951239	-0.2122302158273381	Control	ENSG00000107890	0.82414068745004	0.05618420859775952	FALSE	2	ANKRD26	ANKRD26
ENSG00000106052	100	29	71	1.158559855185502	0.7254196642685852	0.5135891286970423	0.21183053557154288	AD	ENSG00000106052	0.8238742339461764	-0.0915569338981772	FALSE	2	TAX1BP1	TAX1BP1
ENSG00000229117	4	18	-14	-0.23118657670257364	0.21183053557154277	0.4231281641353584	-0.2112976285638156	Control	ENSG00000229117	0.823474553690381	-0.1463653403880425	FALSE	2	RPL41	RPL41
ENSG00000166006	4	18	-14	-0.23118657670257364	0.21183053557154277	0.4231281641353584	-0.2112976285638156	Control	ENSG00000166006	0.823474553690381	-0.28478473914088553	FALSE	2	KCNC2	KCNC2
ENSG00000065923	16	64	-48	-0.7870851494578038	0.4373834265920597	0.6484146016520117	-0.211031175059952	Control	ENSG00000065923	0.8230748734345856	0.0657428174863206	FALSE	2	SLC9A7	SLC9A7
ENSG00000114631	27	10	17	0.27566212198601864	0.5325073274713562	0.32187583266719955	0.21063149480415663	AD	ENSG00000114631	0.8228084199307221	-0.111902501708661	FALSE	2	PODXL2	PODXL2
ENSG00000086730	6	24	-18	-0.2965864087914242	0.2696509459099387	0.4794830802025047	-0.20983213429256595	Control	ENSG00000086730	0.8224087396749267	0.2305319668145076	FALSE	2	LAT2	LAT2
ENSG00000281649	39	181	-142	-2.3239812035457934	0.5951239008792966	0.8049560351718625	-0.20983213429256595	Control	ENSG00000281649	0.8224087396749267	-0.08764674512203996	FALSE	2	EBLN3P	EBLN3P
ENSG00000143226	8	31	-23	-0.37833619890248754	0.3160138555822009	0.5257127631228351	-0.2096989075406342	Control	ENSG00000143226	0.8220090594191314	0.22475872915623452	FALSE	2	FCGR2A	FCGR2A
ENSG00000196227	107	31	76	1.2403096452965652	0.7351452171596057	0.5257127631228351	0.20943245403677055	AD	ENSG00000196227	0.8217426059152678	-0.05738703191437722	FALSE	2	FAM217B	FAM217B
ENSG00000117519	3	14	-11	-0.18213670263593568	0.17306155075939247	0.3799626965094591	-0.2069011457500666	Control	ENSG00000117519	0.8213429256594724	-0.02700967133091758	FALSE	2	CNN3	CNN3
ENSG00000176142	3	14	-11	-0.18213670263593568	0.17306155075939247	0.3799626965094591	-0.2069011457500666	Control	ENSG00000176142	0.8213429256594724	0.05233652818645407	FALSE	2	TMEM39A	TMEM39A
ENSG00000108947	14	54	-40	-0.6562854852801027	0.4108713029576339	0.617505995203837	-0.20663469224620307	Control	ENSG00000108947	0.820943245403677	-0.03220091310650908	FALSE	2	EFNB3	EFNB3
ENSG00000113732	7	27	-20	-0.3292863248358496	0.29349853450572877	0.4998667732480682	-0.20636823874233945	Control	ENSG00000113732	0.8206767918998135	0.01901638668408623	FALSE	2	ATP6V0E1	ATP6V0E1
ENSG00000198168	12	45	-33	-0.5418357791246141	0.3824940047961631	0.5885957900346389	-0.20610178523847583	Control	ENSG00000198168	0.8204103383959499	-0.05267892644825878	FALSE	2	SVIP	SVIP
ENSG00000079335	25	101	-76	-1.2448839740797584	0.5154543032240874	0.7214228617106315	-0.20596855848654416	Control	ENSG00000079335	0.8201438848920863	0.1485954450987208	FALSE	2	CDC14A	CDC14A
ENSG00000180329	43	198	-155	-2.536530657834558	0.609912070343725	0.815347721822542	-0.20543565147881704	Control	ENSG00000180329	0.8198774313882228	-0.07188590048741617	FALSE	2	CCDC43	CCDC43
ENSG00000104738	233	56	177	2.8916554055400434	0.829736211031175	0.6244337863042899	0.2053024247268851	AD	ENSG00000104738	0.8196109778843592	-0.18453193385320077	FALSE	2	MCM4	MCM4
ENSG00000179271	21	82	-61	-0.9996346037465684	0.4845456967759126	0.6895816679989342	-0.2050359712230216	Control	ENSG00000179271	0.8193445243804957	-0.00742581034445066	FALSE	2	GADD45GIP1	GADD45GIP1
ENSG00000176700	16	62	-46	-0.7543852334133786	0.4373834265920597	0.6421529443112177	-0.204769517719158	Control	ENSG00000176700	0.8189448441247003	0.07154992286839956	FALSE	2	SCAND2P	SCAND2P
ENSG00000100321	16	62	-46	-0.7543852334133786	0.4373834265920597	0.6421529443112177	-0.204769517719158	Control	ENSG00000100321	0.8189448441247003	-0.15487467750686257	FALSE	2	SYNGR1	SYNGR1
ENSG00000167325	52	19	33	0.5372614503414211	0.6380229150013322	0.4337863042899014	0.20423661071143084	AD	ENSG00000167325	0.8185451638689049	-0.15213562092574584	FALSE	2	RRM1	RRM1
ENSG00000113141	8	2	6	0.09581258374167942	0.3160138555822009	0.11204369837463364	0.20397015720756728	AD	ENSG00000113141	0.8176125766053823	-0.06430281841694985	FALSE	2	IK	IK
ENSG00000137642	8	2	6	0.09581258374167942	0.3160138555822009	0.11204369837463364	0.20397015720756728	AD	ENSG00000137642	0.8176125766053823	-0.13210996136520592	FALSE	2	SORL1	SORL1
ENSG00000243970	8	2	6	0.09581258374167942	0.3160138555822009	0.11204369837463364	0.20397015720756728	AD	ENSG00000243970	0.8176125766053823	0.06941768078235988	FALSE	2	PPIEL	PPIEL
ENSG00000162572	8	2	6	0.09581258374167942	0.3160138555822009	0.11204369837463364	0.20397015720756728	AD	ENSG00000162572	0.8176125766053823	0.05195114515622023	FALSE	2	SCNN1D	SCNN1D
ENSG00000170522	8	2	6	0.09581258374167942	0.3160138555822009	0.11204369837463364	0.20397015720756728	AD	ENSG00000170522	0.8176125766053823	-0.15847778980436544	FALSE	2	ELOVL6	ELOVL6
ENSG00000090376	8	2	6	0.09581258374167942	0.3160138555822009	0.11204369837463364	0.20397015720756728	AD	ENSG00000090376	0.8176125766053823	0.11837628190463968	FALSE	2	IRAK3	IRAK3
ENSG00000261326	42	16	26	0.42281174418593254	0.6060484945377032	0.4023447908339995	0.2037037037037037	AD	ENSG00000261326	0.8166799893418598	0.11036290865699794	FALSE	2	LINC01355	LINC01355
ENSG00000119865	120	35	85	1.387459267496479	0.7517985611510791	0.548361310951239	0.20343725019984016	AD	ENSG00000119865	0.8164135358379963	-0.05233064780126995	FALSE	2	CNRIP1	CNRIP1
ENSG00000141698	6	23	-17	-0.2802364507692116	0.2696509459099387	0.4728217426059153	-0.20317079669597657	Control	ENSG00000141698	0.8161470823341327	0.01447189493189249	FALSE	2	NT5C3B	NT5C3B
ENSG00000153944	17	6	11	0.1775623738527427	0.4495070610178524	0.24660271782573945	0.20290434319211295	AD	ENSG00000153944	0.8158806288302691	0.05518630499942389	FALSE	2	MSI2	MSI2
ENSG00000070476	5	20	-15	-0.2475365347247863	0.24260591526778577	0.44537703170796694	-0.20277111644018117	Control	ENSG00000070476	0.815347721822542	0.11013153980185209	FALSE	2	ZXDC	ZXDC
ENSG00000158869	5	20	-15	-0.2475365347247863	0.24260591526778577	0.44537703170796694	-0.20277111644018117	Control	ENSG00000158869	0.815347721822542	-0.02253868065877995	FALSE	2	FCER1G	FCER1G
ENSG00000044446	5	20	-15	-0.2475365347247863	0.24260591526778577	0.44537703170796694	-0.20277111644018117	Control	ENSG00000044446	0.815347721822542	0.06504602945205207	FALSE	2	PHKA2	PHKA2
ENSG00000231721	11	40	-29	-0.4764359470357635	0.3675726085798029	0.5700772715161204	-0.2025046629363176	Control	ENSG00000231721	0.8148148148148148	0.18100122031131785	FALSE	2	LINC-PINT	LINC-PINT
ENSG00000109787	71	24	47	0.7661608626523982	0.6817212896349587	0.4794830802025047	0.202238209432454	AD	ENSG00000109787	0.8145483613109512	0.13848695115295406	FALSE	2	KLF3	KLF3
ENSG00000198169	13	4	9	0.1448624578083174	0.397015720756728	0.1957100985877964	0.20130562216893155	AD	ENSG00000198169	0.8138822275512922	0.08160041552881836	FALSE	2	ZNF251	ZNF251
ENSG00000113240	13	4	9	0.1448624578083174	0.397015720756728	0.1957100985877964	0.20130562216893155	AD	ENSG00000113240	0.8138822275512922	0.03860569558989724	FALSE	2	CLK4	CLK4
ENSG00000163541	13	4	9	0.1448624578083174	0.397015720756728	0.1957100985877964	0.20130562216893155	AD	ENSG00000163541	0.8138822275512922	-0.07691715869775528	FALSE	2	SUCLG1	SUCLG1
ENSG00000144791	13	4	9	0.1448624578083174	0.397015720756728	0.1957100985877964	0.20130562216893155	AD	ENSG00000144791	0.8138822275512922	0.11226051052517684	FALSE	2	LIMD1	LIMD1
ENSG00000117632	97	30	67	1.0931600230966512	0.7207567279509726	0.5201172395417	0.2006394884092726	AD	ENSG00000117632	0.8130828670397016	-0.263836924334683	FALSE	2	STMN1	STMN1
ENSG00000176171	15	56	-41	-0.6726354433023153	0.4237942978950173	0.6244337863042899	-0.2006394884092726	Control	ENSG00000176171	0.8130828670397016	-0.1841692960959929	FALSE	2	BNIP3	BNIP3
ENSG00000178982	32	133	-101	-1.6536329246350747	0.5639488409272582	0.764455102584599	-0.20050626165734087	Control	ENSG00000178982	0.8126831867839062	-0.0730774505797207	FALSE	2	EIF3K	EIF3K
ENSG00000099622	5	1	4	0.06311266769725413	0.24260591526778577	0.04209965361044498	0.2005062616573408	AD	ENSG00000099622	0.8110844657607248	-0.26259658631802907	FALSE	2	CIRBP	CIRBP
ENSG00000205356	5	1	4	0.06311266769725413	0.24260591526778577	0.04209965361044498	0.2005062616573408	AD	ENSG00000205356	0.8110844657607248	-0.09110682554437766	FALSE	2	TECPR1	TECPR1
ENSG00000134698	5	1	4	0.06311266769725413	0.24260591526778577	0.04209965361044498	0.2005062616573408	AD	ENSG00000134698	0.8110844657607248	0.07917330484102258	FALSE	2	AGO4	AGO4
ENSG00000168096	5	1	4	0.06311266769725413	0.24260591526778577	0.04209965361044498	0.2005062616573408	AD	ENSG00000168096	0.8110844657607248	0.04426297626570452	FALSE	2	ANKS3	ANKS3
ENSG00000176410	5	1	4	0.06311266769725413	0.24260591526778577	0.04209965361044498	0.2005062616573408	AD	ENSG00000176410	0.8110844657607248	-0.1486670348395034	FALSE	2	DNAJC30	DNAJC30
ENSG00000120705	5	1	4	0.06311266769725413	0.24260591526778577	0.04209965361044498	0.2005062616573408	AD	ENSG00000120705	0.8110844657607248	-0.02278478404670991	FALSE	2	ETF1	ETF1
ENSG00000226711	5	1	4	0.06311266769725413	0.24260591526778577	0.04209965361044498	0.2005062616573408	AD	ENSG00000226711	0.8110844657607248	0.04372230195691529	FALSE	2	FAM66C	FAM66C
ENSG00000103995	5	1	4	0.06311266769725413	0.24260591526778577	0.04209965361044498	0.2005062616573408	AD	ENSG00000103995	0.8110844657607248	0.08883799919979918	FALSE	2	CEP152	CEP152
ENSG00000188706	5	1	4	0.06311266769725413	0.24260591526778577	0.04209965361044498	0.2005062616573408	AD	ENSG00000188706	0.8110844657607248	-0.03514387204654135	FALSE	2	ZDHHC9	ZDHHC9
ENSG00000063322	5	1	4	0.06311266769725413	0.24260591526778577	0.04209965361044498	0.2005062616573408	AD	ENSG00000063322	0.8110844657607248	-0.15540305307423807	FALSE	2	MED29	MED29
ENSG00000130726	5	1	4	0.06311266769725413	0.24260591526778577	0.04209965361044498	0.2005062616573408	AD	ENSG00000130726	0.8110844657607248	-0.00925867686086689	FALSE	2	TRIM28	TRIM28
ENSG00000171634	21	80	-59	-0.9669346877021432	0.4845456967759126	0.6849187316813216	-0.20037303490540895	Control	ENSG00000171634	0.8094857447375433	0.13958135698456076	FALSE	2	BPTF	BPTF
ENSG00000184156	171	47	124	2.0251076303627724	0.7960298427924327	0.5957900346389555	0.2002398081534772	AD	ENSG00000184156	0.8092192912336797	-0.11321311935071245	FALSE	2	KCNQ3	KCNQ3
ENSG00000204442	86	28	58	0.9460104008967376	0.7065014654942713	0.5063948840927258	0.20010658140154547	AD	ENSG00000204442	0.8089528377298162	-0.1582015940677337	FALSE	2	NALF1	NALF1
ENSG00000072786	15	5	10	0.16121241583053006	0.4237942978950173	0.22368771649347188	0.20010658140154544	AD	ENSG00000072786	0.8085531574740208	0.118298099604349	FALSE	2	STK10	STK10
ENSG00000183662	15	5	10	0.16121241583053006	0.4237942978950173	0.22368771649347188	0.20010658140154544	AD	ENSG00000183662	0.8085531574740208	-0.26612005610892897	FALSE	2	TAFA1	TAFA1
ENSG00000101856	191	52	139	2.2703570006959626	0.809618971489475	0.6095123900879297	0.20010658140154536	AD	ENSG00000101856	0.8081534772182254	-0.13422576295285715	FALSE	2	PGRMC1	PGRMC1
ENSG00000124422	96	30	66	1.0768100650744383	0.7191580069277911	0.5201172395417	0.1990407673860911	AD	ENSG00000124422	0.8072208899547029	-0.04038142264032274	FALSE	2	USP22	USP22
ENSG00000122756	2	10	-8	-0.1330868285692977	0.12283506528110844	0.32187583266719955	-0.1990407673860911	Control	ENSG00000122756	0.8072208899547029	0.04166964952648833	FALSE	2	CNTFR	CNTFR
ENSG00000197977	2	10	-8	-0.1330868285692977	0.12283506528110844	0.32187583266719955	-0.1990407673860911	Control	ENSG00000197977	0.8072208899547029	-0.00145136329273398	FALSE	2	ELOVL2	ELOVL2
ENSG00000156709	2	10	-8	-0.1330868285692977	0.12283506528110844	0.32187583266719955	-0.1990407673860911	Control	ENSG00000156709	0.8072208899547029	-0.14137017766159587	FALSE	2	AIFM1	AIFM1
ENSG00000224003	2	10	-8	-0.1330868285692977	0.12283506528110844	0.32187583266719955	-0.1990407673860911	Control	ENSG00000224003	0.8072208899547029	0.01402153786963467	FALSE	2	YES1P1	YES1P1
ENSG00000128285	2	10	-8	-0.1330868285692977	0.12283506528110844	0.32187583266719955	-0.1990407673860911	Control	ENSG00000128285	0.8072208899547029	-0.30171056746389624	FALSE	2	MCHR1	MCHR1
ENSG00000154553	1	6	-5	-0.08403695450265977	0.04782840394351186	0.24660271782573945	-0.19877431388222755	Control	ENSG00000154553	0.80402344790834	0.0699134324247348	FALSE	2	PDLIM3	PDLIM3
ENSG00000020129	1	6	-5	-0.08403695450265977	0.04782840394351186	0.24660271782573945	-0.19877431388222755	Control	ENSG00000020129	0.80402344790834	0.07664920139772669	FALSE	2	NCDN	NCDN
ENSG00000143622	1	6	-5	-0.08403695450265977	0.04782840394351186	0.24660271782573945	-0.19877431388222755	Control	ENSG00000143622	0.80402344790834	0.04684572780162632	FALSE	2	RIT1	RIT1
ENSG00000180929	1	6	-5	-0.08403695450265977	0.04782840394351186	0.24660271782573945	-0.19877431388222755	Control	ENSG00000180929	0.80402344790834	0.2889219869893731	FALSE	2	GPR62	GPR62
ENSG00000231500	1	6	-5	-0.08403695450265977	0.04782840394351186	0.24660271782573945	-0.19877431388222755	Control	ENSG00000231500	0.80402344790834	-0.1265055584561292	FALSE	2	RPS18	RPS18
ENSG00000170419	1	6	-5	-0.08403695450265977	0.04782840394351186	0.24660271782573945	-0.19877431388222755	Control	ENSG00000170419	0.80402344790834	-0.03627149887101311	FALSE	2	VSTM2A	VSTM2A
ENSG00000178202	1	6	-5	-0.08403695450265977	0.04782840394351186	0.24660271782573945	-0.19877431388222755	Control	ENSG00000178202	0.80402344790834	0.04818177849929395	FALSE	2	POGLUT3	POGLUT3
ENSG00000171960	1	6	-5	-0.08403695450265977	0.04782840394351186	0.24660271782573945	-0.19877431388222755	Control	ENSG00000171960	0.80402344790834	-0.22069769725230248	FALSE	2	PPIH	PPIH
ENSG00000168899	1	6	-5	-0.08403695450265977	0.04782840394351186	0.24660271782573945	-0.19877431388222755	Control	ENSG00000168899	0.80402344790834	-0.01135886728279889	FALSE	2	VAMP5	VAMP5
ENSG00000163449	1	6	-5	-0.08403695450265977	0.04782840394351186	0.24660271782573945	-0.19877431388222755	Control	ENSG00000163449	0.80402344790834	-0.2856714859351541	FALSE	2	TMEM169	TMEM169
ENSG00000186642	1	6	-5	-0.08403695450265977	0.04782840394351186	0.24660271782573945	-0.19877431388222755	Control	ENSG00000186642	0.80402344790834	0.00773317351531588	FALSE	2	PDE2A	PDE2A
ENSG00000096093	1	6	-5	-0.08403695450265977	0.04782840394351186	0.24660271782573945	-0.19877431388222755	Control	ENSG00000096093	0.80402344790834	0.06046322356935896	FALSE	2	EFHC1	EFHC1
ENSG00000225439	1	6	-5	-0.08403695450265977	0.04782840394351186	0.24660271782573945	-0.19877431388222755	Control	ENSG00000225439	0.80402344790834	0.06111956233598192	FALSE	2	BOLA3-DT	BOLA3-DT
ENSG00000088826	1	6	-5	-0.08403695450265977	0.04782840394351186	0.24660271782573945	-0.19877431388222755	Control	ENSG00000088826	0.80402344790834	0.14931559067085054	FALSE	2	SMOX	SMOX
ENSG00000102265	1	6	-5	-0.08403695450265977	0.04782840394351186	0.24660271782573945	-0.19877431388222755	Control	ENSG00000102265	0.80402344790834	-0.1810924635858715	FALSE	2	TIMP1	TIMP1
ENSG00000152952	1	6	-5	-0.08403695450265977	0.04782840394351186	0.24660271782573945	-0.19877431388222755	Control	ENSG00000152952	0.80402344790834	0.10306252702743636	FALSE	2	PLOD2	PLOD2
ENSG00000185085	1	6	-5	-0.08403695450265977	0.04782840394351186	0.24660271782573945	-0.19877431388222755	Control	ENSG00000185085	0.80402344790834	-0.0593779101117935	FALSE	2	INTS5	INTS5
ENSG00000170633	1	6	-5	-0.08403695450265977	0.04782840394351186	0.24660271782573945	-0.19877431388222755	Control	ENSG00000170633	0.80402344790834	-0.05128491835091609	FALSE	2	RNF34	RNF34
ENSG00000173611	58	21	37	0.6026612824302717	0.654543032240874	0.4559019451105782	0.19864108713029577	AD	ENSG00000173611	0.801492139621636	-0.1732472709207098	FALSE	2	SCAI	SCAI
ENSG00000108924	232	58	174	2.8426055314734056	0.8289368505195843	0.6304289901412203	0.198507860378364	AD	ENSG00000108924	0.8012256861177725	0.06324589496124311	FALSE	2	HLF	HLF
ENSG00000163950	207	55	152	2.482906454984727	0.8192112976285638	0.6208366640021317	0.19837463362643215	AD	ENSG00000163950	0.8009592326139089	-0.08982396522987557	FALSE	2	SLBP	SLBP
ENSG00000104221	46	18	28	0.45551166023035783	0.6209698907540634	0.4231281641353584	0.19784172661870503	AD	ENSG00000104221	0.8006927791100453	-0.0388415250042744	FALSE	2	BRF2	BRF2
ENSG00000125991	69	24	45	0.7334609466079729	0.6773248068212097	0.4794830802025047	0.19784172661870497	AD	ENSG00000125991	0.8004263256061818	-0.05933804024884104	FALSE	2	ERGIC3	ERGIC3
ENSG00000164877	8	29	-21	-0.3456362828580622	0.3160138555822009	0.5135891286970423	-0.1975752731148414	Control	ENSG00000164877	0.8000266453503864	0.1137355673148992	FALSE	2	MICALL2	MICALL2
ENSG00000174718	8	29	-21	-0.3456362828580622	0.3160138555822009	0.5135891286970423	-0.1975752731148414	Control	ENSG00000174718	0.8000266453503864	0.14561439154520528	FALSE	2	RESF1	RESF1
ENSG00000075651	21	8	13	0.21026228989716805	0.4845456967759126	0.28710365041300295	0.19744204636290963	AD	ENSG00000075651	0.7993605115907274	0.10605990877860094	FALSE	2	PLD1	PLD1
ENSG00000120688	72	25	47	0.7661608626523982	0.6837196909139355	0.48627764455102584	0.19744204636290963	AD	ENSG00000120688	0.7993605115907274	-0.03192766194062457	FALSE	2	WBP4	WBP4
ENSG00000121073	21	8	13	0.21026228989716805	0.4845456967759126	0.28710365041300295	0.19744204636290963	AD	ENSG00000121073	0.7993605115907274	-0.106006941023022	FALSE	2	SLC35B1	SLC35B1
ENSG00000123104	11	39	-28	-0.4600859890135508	0.3675726085798029	0.5648814281907807	-0.19730881961097785	Control	ENSG00000123104	0.7988276045830003	0.054915552534192	FALSE	2	ITPR2	ITPR2
ENSG00000087095	35	14	21	0.3410619540748692	0.5768718358646416	0.3799626965094591	0.19690913935518256	AD	ENSG00000087095	0.7985611510791367	-0.1511557886914794	FALSE	2	NLK	NLK
ENSG00000177879	49	19	30	0.4882115762747831	0.6305622168931522	0.4337863042899014	0.1967759126032508	AD	ENSG00000177879	0.7982946975752732	-0.03458041354339869	FALSE	2	AP3S1	AP3S1
ENSG00000166848	263	65	198	3.2350045240065093	0.8474553690381028	0.6508126831867839	0.19664268585131897	AD	ENSG00000166848	0.7980282440714095	-0.03987981779186	FALSE	2	TERF2IP	TERF2IP
ENSG00000171444	10	35	-25	-0.4110361149469128	0.35251798561151076	0.548361310951239	-0.1958433253397282	Control	ENSG00000171444	0.7976285638156142	0.05944324259480815	FALSE	2	MCC	MCC
ENSG00000197608	10	35	-25	-0.4110361149469128	0.35251798561151076	0.548361310951239	-0.1958433253397282	Control	ENSG00000197608	0.7976285638156142	0.05073947414821411	FALSE	2	ZNF841	ZNF841
ENSG00000162910	126	38	88	1.436509141563117	0.756861177724487	0.5612843058886224	0.1955768718358646	AD	ENSG00000162910	0.7972288835598188	-0.16995376002706664	FALSE	2	MRPL55	MRPL55
ENSG00000101152	55	232	-177	-2.896229734323236	0.6456168398614441	0.8409272581934453	-0.1953104183320011	Control	ENSG00000101152	0.7969624300559552	-0.0543134065169184	FALSE	2	DNAJC5	DNAJC5
ENSG00000183309	37	15	22	0.3574119120970819	0.5855315747402078	0.3911537436717293	0.1943778310684785	AD	ENSG00000183309	0.7966959765520917	-0.01094870287728255	FALSE	2	ZNF623	ZNF623
ENSG00000168710	3	13	-10	-0.16578674461372303	0.17306155075939247	0.3673061550759392	-0.19424460431654675	Control	ENSG00000168710	0.7956301625366373	-0.09374959340199852	FALSE	2	AHCYL1	AHCYL1
ENSG00000204120	3	13	-10	-0.16578674461372303	0.17306155075939247	0.3673061550759392	-0.19424460431654675	Control	ENSG00000204120	0.7956301625366373	0.11744036892016928	FALSE	2	GIGYF2	GIGYF2
ENSG00000133789	3	13	-10	-0.16578674461372303	0.17306155075939247	0.3673061550759392	-0.19424460431654675	Control	ENSG00000133789	0.7956301625366373	0.1562192472798607	FALSE	2	SWAP70	SWAP70
ENSG00000145685	3	13	-10	-0.16578674461372303	0.17306155075939247	0.3673061550759392	-0.19424460431654675	Control	ENSG00000145685	0.7956301625366373	0.1520512841384729	FALSE	2	LHFPL2	LHFPL2
ENSG00000166225	3	13	-10	-0.16578674461372303	0.17306155075939247	0.3673061550759392	-0.19424460431654675	Control	ENSG00000166225	0.7956301625366373	0.06493613527215913	FALSE	2	FRS2	FRS2
ENSG00000169896	3	13	-10	-0.16578674461372303	0.17306155075939247	0.3673061550759392	-0.19424460431654675	Control	ENSG00000169896	0.7956301625366373	0.1975850979644136	FALSE	2	ITGAM	ITGAM
ENSG00000157450	3	13	-10	-0.16578674461372303	0.17306155075939247	0.3673061550759392	-0.19424460431654675	Control	ENSG00000157450	0.7956301625366373	0.00242795414067664	FALSE	2	RNF111	RNF111
ENSG00000073712	20	74	-54	-0.8851848975910798	0.478017585931255	0.6718625099920064	-0.19384492406075135	Control	ENSG00000073712	0.7945643485211831	-0.06262315809826369	FALSE	2	FERMT2	FERMT2
ENSG00000174013	16	58	-42	-0.6889854013245279	0.4373834265920597	0.6304289901412203	-0.19304556354916064	Control	ENSG00000174013	0.7942978950173195	-0.00643221543053584	FALSE	2	FBXO45	FBXO45
ENSG00000196263	7	25	-18	-0.2965864087914242	0.29349853450572877	0.48627764455102584	-0.19277911004529708	Control	ENSG00000196263	0.794031441513456	0.03051366213019335	FALSE	2	ZNF471	ZNF471
ENSG00000115252	102	33	69	1.1258599391410764	0.7290167865707434	0.5363709032773781	0.1926458832933653	AD	ENSG00000115252	0.7937649880095923	-0.2198664399509802	FALSE	2	PDE1A	PDE1A
ENSG00000161638	10	3	7	0.11216254176389208	0.35251798561151076	0.16027178257394084	0.19224620303756992	AD	ENSG00000161638	0.793365307753797	0.09282858030606	FALSE	2	ITGA5	ITGA5
ENSG00000072958	10	3	7	0.11216254176389208	0.35251798561151076	0.16027178257394084	0.19224620303756992	AD	ENSG00000072958	0.793365307753797	-0.00273285150269941	FALSE	2	AP1M1	AP1M1
ENSG00000248019	29	12	17	0.27566212198601864	0.5442312816413536	0.35251798561151076	0.19171329602984283	AD	ENSG00000248019	0.7929656274980016	0.14582181086109625	FALSE	2	FAM13A-AS1	FAM13A-AS1
ENSG00000124767	202	56	146	2.384806706851451	0.8161470823341327	0.6244337863042899	0.19171329602984277	AD	ENSG00000124767	0.792699173994138	-0.14491666130962422	FALSE	2	GLO1	GLO1
ENSG00000116127	5	19	-14	-0.23118657670257364	0.24260591526778577	0.4337863042899014	-0.1911803890221156	Control	ENSG00000116127	0.7924327204902745	0.04904915616459426	FALSE	2	ALMS1	ALMS1
ENSG00000186522	20	8	12	0.19391233187495535	0.478017585931255	0.28710365041300295	0.19091393551825203	AD	ENSG00000186522	0.7921662669864109	0.1417496249143344	FALSE	2	SEPTIN10	SEPTIN10
ENSG00000165476	16	6	10	0.16121241583053006	0.4373834265920597	0.24660271782573945	0.19078070876632028	AD	ENSG00000165476	0.7916333599786837	0.10601168814898364	FALSE	2	REEP3	REEP3
ENSG00000128283	16	6	10	0.16121241583053006	0.4373834265920597	0.24660271782573945	0.19078070876632028	AD	ENSG00000128283	0.7916333599786837	0.08245491876914457	FALSE	2	CDC42EP1	CDC42EP1
ENSG00000101608	16	6	10	0.16121241583053006	0.4373834265920597	0.24660271782573945	0.19078070876632028	AD	ENSG00000101608	0.7916333599786837	0.01687397673749302	FALSE	2	MYL12A	MYL12A
ENSG00000134569	31	121	-90	-1.4737833863907357	0.5567545963229417	0.7475353050892619	-0.19078070876632025	Control	ENSG00000134569	0.7911004529709565	0.08941511934490798	FALSE	2	LRP4	LRP4
ENSG00000227036	4	16	-12	-0.19848666065814832	0.21183053557154277	0.4023447908339995	-0.19051425526245672	Control	ENSG00000227036	0.790833999467093	0.17066780760452183	FALSE	2	LINC00511	LINC00511
ENSG00000156639	24	87	-63	-1.0323345197909937	0.5077271516120437	0.697841726618705	-0.1901145750066613	Control	ENSG00000156639	0.7905675459632294	0.10370689787315436	FALSE	2	ZFAND3	ZFAND3
ENSG00000067141	20	71	-51	-0.8361350235244418	0.478017585931255	0.6675992539301892	-0.18958166799893417	Control	ENSG00000067141	0.7903010924593659	0.07088823995622562	FALSE	2	NEO1	NEO1
ENSG00000073614	31	120	-89	-1.4574334283685229	0.5567545963229417	0.7460698108180123	-0.1893152144950706	Control	ENSG00000073614	0.7900346389555023	0.06827209376947785	FALSE	2	KDM5A	KDM5A
ENSG00000053372	178	53	125	2.041457588384985	0.8016253663735678	0.6132427391420198	0.18838262723154808	AD	ENSG00000053372	0.7897681854516387	-0.16009540024898428	FALSE	2	MRTO4	MRTO4
ENSG00000115183	77	28	49	0.7988607786968236	0.6938449240607514	0.5063948840927258	0.18745003996802556	AD	ENSG00000115183	0.7895017319477751	0.11421887596222469	FALSE	2	TANC1	TANC1
ENSG00000228794	14	5	9	0.1448624578083174	0.4108713029576339	0.22368771649347188	0.18718358646416203	AD	ENSG00000228794	0.7891020516919798	-0.02399279902941842	FALSE	2	LINC01128	LINC01128
ENSG00000179241	14	5	9	0.1448624578083174	0.4108713029576339	0.22368771649347188	0.18718358646416203	AD	ENSG00000179241	0.7891020516919798	0.16375124915875894	FALSE	2	LDLRAD3	LDLRAD3
ENSG00000172331	57	22	35	0.5699613663858464	0.65201172395417	0.464828137490008	0.18718358646416192	AD	ENSG00000172331	0.7887023714361844	-0.14370399378199927	FALSE	2	BPGM	BPGM
ENSG00000011114	22	9	13	0.21026228989716805	0.49213962163602454	0.3050892619237943	0.18705035971223025	AD	ENSG00000011114	0.7881694644284573	0.1430705365067748	FALSE	2	BTBD7	BTBD7
ENSG00000162407	16	56	-40	-0.6562854852801027	0.4373834265920597	0.6244337863042899	-0.18705035971223025	Control	ENSG00000162407	0.7881694644284573	0.0608683958670575	FALSE	2	PLPP3	PLPP3
ENSG00000157796	22	9	13	0.21026228989716805	0.49213962163602454	0.3050892619237943	0.18705035971223025	AD	ENSG00000157796	0.7881694644284573	0.03493424259840339	FALSE	2	WDR19	WDR19
ENSG00000254876	12	4	8	0.12851249978610474	0.3824940047961631	0.1957100985877964	0.18678390620836663	AD	ENSG00000254876	0.7876365574207301	0.07292257617635034	FALSE	2	SUGT1P4-STRA6LP	SUGT1P4-STRA6LP
ENSG00000132535	24	85	-61	-0.9996346037465684	0.5077271516120437	0.6945110578204103	-0.1867839062083666	Control	ENSG00000132535	0.7873701039168665	0.00771312267590929	FALSE	2	DLG4	DLG4
ENSG00000175161	28	12	16	0.25931216396380596	0.5390354383160139	0.35251798561151076	0.1865174527045031	AD	ENSG00000175161	0.7871036504130029	-0.1831978972101247	FALSE	2	CADM2	CADM2
ENSG00000136213	6	21	-15	-0.2475365347247863	0.2696509459099387	0.4559019451105782	-0.18625099920063948	Control	ENSG00000136213	0.7867039701572076	0.13573710039520392	FALSE	2	CHST12	CHST12
ENSG00000148688	6	21	-15	-0.2475365347247863	0.2696509459099387	0.4559019451105782	-0.18625099920063948	Control	ENSG00000148688	0.7867039701572076	-0.06182781710915286	FALSE	2	RPP30	RPP30
ENSG00000122733	70	26	44	0.7171109885857603	0.6793232081001865	0.4933386624034106	0.18598454569677592	AD	ENSG00000122733	0.7863042899014122	-0.180960581803042	FALSE	2	PHF24	PHF24
ENSG00000100503	33	126	-93	-1.522833260457373	0.5692779110045297	0.7549960031974421	-0.18571809219291235	Control	ENSG00000100503	0.7860378363975487	0.1259293260568377	FALSE	2	NIN	NIN
ENSG00000174514	167	51	116	1.8943079661850712	0.7921662669864109	0.6067146282973621	0.1854516386890488	AD	ENSG00000174514	0.7857713828936851	-0.2019288534335004	FALSE	2	MFSD4A	MFSD4A
ENSG00000111639	76	28	48	0.7825108206746109	0.6917132960298428	0.5063948840927258	0.18531841193711696	AD	ENSG00000111639	0.7855049293898215	-0.08001105385981333	FALSE	2	MRPL51	MRPL51
ENSG00000072840	13	43	-30	-0.4927859050579761	0.397015720756728	0.5819344524380495	-0.18491873168132156	Control	ENSG00000072840	0.7852384758859579	0.15456874186988934	FALSE	2	EVC	EVC
ENSG00000023330	263	69	194	3.1696046919176584	0.8474553690381028	0.662669864108713	0.18478550492938983	AD	ENSG00000023330	0.7849720223820943	-0.09773008053764087	FALSE	2	ALAS1	ALAS1
ENSG00000139132	32	14	18	0.2920120800082313	0.5639488409272582	0.3799626965094591	0.1839861444177991	AD	ENSG00000139132	0.7847055688782307	0.12798413733976588	FALSE	2	FGD4	FGD4
ENSG00000278259	37	16	21	0.3410619540748692	0.5855315747402078	0.4023447908339995	0.1831867839062083	AD	ENSG00000278259	0.7844391153743672	-0.00171123761259828	FALSE	2	MYO19	MYO19
ENSG00000112079	31	116	-85	-1.3920335962796722	0.5567545963229417	0.7398081534772182	-0.18305355715427651	Control	ENSG00000112079	0.7841726618705036	0.11906489494136709	FALSE	2	STK38	STK38
ENSG00000008282	19	8	11	0.1775623738527427	0.469890754063416	0.28710365041300295	0.182787103650413	AD	ENSG00000008282	0.7837729816147082	0.03657695579678233	FALSE	2	SYPL1	SYPL1
ENSG00000119965	19	8	11	0.1775623738527427	0.469890754063416	0.28710365041300295	0.182787103650413	AD	ENSG00000119965	0.7837729816147082	-0.0344789542481374	FALSE	2	C10orf88	C10orf88
ENSG00000138496	2	9	-7	-0.11673687054708508	0.12283506528110844	0.3050892619237943	-0.18225419664268588	Control	ENSG00000138496	0.7828403943511857	0.01752685409053711	FALSE	2	PARP9	PARP9
ENSG00000213064	2	9	-7	-0.11673687054708508	0.12283506528110844	0.3050892619237943	-0.18225419664268588	Control	ENSG00000213064	0.7828403943511857	0.1849136880179287	FALSE	2	SFT2D2	SFT2D2
ENSG00000148158	2	9	-7	-0.11673687054708508	0.12283506528110844	0.3050892619237943	-0.18225419664268588	Control	ENSG00000148158	0.7828403943511857	-0.03689851253960441	FALSE	2	SNX30	SNX30
ENSG00000111907	2	9	-7	-0.11673687054708508	0.12283506528110844	0.3050892619237943	-0.18225419664268588	Control	ENSG00000111907	0.7828403943511857	0.2507083662864815	FALSE	2	TPD52L1	TPD52L1
ENSG00000272031	2	9	-7	-0.11673687054708508	0.12283506528110844	0.3050892619237943	-0.18225419664268588	Control	ENSG00000272031	0.7828403943511857	-0.06120419327517013	FALSE	2	ANKRD34A	ANKRD34A
ENSG00000168385	30	13	17	0.27566212198601864	0.5494271249666933	0.3673061550759392	0.1821209698907541	AD	ENSG00000168385	0.782041033839595	-0.01715276822432621	FALSE	2	SEPTIN2	SEPTIN2
ENSG00000112335	17	7	10	0.16121241583053006	0.4495070610178524	0.2675193178790301	0.18198774313882227	AD	ENSG00000112335	0.7817745803357314	-0.10155752187161582	FALSE	2	SNX3	SNX3
ENSG00000147655	7	2	5	0.07946262571946677	0.29349853450572877	0.11204369837463364	0.18145483613109512	AD	ENSG00000147655	0.7807087663202771	-0.34004830561402244	FALSE	2	RSPO2	RSPO2
ENSG00000013441	7	2	5	0.07946262571946677	0.29349853450572877	0.11204369837463364	0.18145483613109512	AD	ENSG00000013441	0.7807087663202771	0.11120422717185184	FALSE	2	CLK1	CLK1
ENSG00000143384	7	2	5	0.07946262571946677	0.29349853450572877	0.11204369837463364	0.18145483613109512	AD	ENSG00000143384	0.7807087663202771	0.01399262394464884	FALSE	2	MCL1	MCL1
ENSG00000169696	7	2	5	0.07946262571946677	0.29349853450572877	0.11204369837463364	0.18145483613109512	AD	ENSG00000169696	0.7807087663202771	0.06811084405930856	FALSE	2	ASPSCR1	ASPSCR1
ENSG00000171246	7	2	5	0.07946262571946677	0.29349853450572877	0.11204369837463364	0.18145483613109512	AD	ENSG00000171246	0.7807087663202771	-0.04544785940081475	FALSE	2	NPTX1	NPTX1
ENSG00000022277	7	2	5	0.07946262571946677	0.29349853450572877	0.11204369837463364	0.18145483613109512	AD	ENSG00000022277	0.7807087663202771	-0.05672944969441396	FALSE	2	RTF2	RTF2
ENSG00000198455	7	2	5	0.07946262571946677	0.29349853450572877	0.11204369837463364	0.18145483613109512	AD	ENSG00000198455	0.7807087663202771	-0.06437089112997363	FALSE	2	ZXDB	ZXDB
ENSG00000101144	14	46	-32	-0.5254858211024014	0.4108713029576339	0.592326139088729	-0.1814548361310951	Control	ENSG00000101144	0.7796429523048228	0.08865614116800735	FALSE	2	BMP7	BMP7
ENSG00000127870	77	302	-225	-3.6810277193894434	0.6938449240607514	0.874367172928324	-0.18052224886757265	Control	ENSG00000127870	0.7792432720490274	-0.0067164668888715	FALSE	2	RNF6	RNF6
ENSG00000116857	44	19	25	0.40646178616371986	0.614308553157474	0.4337863042899014	0.18052224886757265	AD	ENSG00000116857	0.7792432720490274	-0.08480136917605918	FALSE	2	TMEM9	TMEM9
ENSG00000068724	22	74	-52	-0.8524849815466545	0.49213962163602454	0.6718625099920064	-0.17972288835598182	Control	ENSG00000068724	0.778843591793232	0.08280890921630224	FALSE	2	TTC7A	TTC7A
ENSG00000135324	3	12	-9	-0.14943678659151036	0.17306155075939247	0.35251798561151076	-0.1794564348521183	Control	ENSG00000135324	0.7783106847855049	-0.02018525680451866	FALSE	2	MRAP2	MRAP2
ENSG00000170075	3	12	-9	-0.14943678659151036	0.17306155075939247	0.35251798561151076	-0.1794564348521183	Control	ENSG00000170075	0.7783106847855049	0.00954386128096196	FALSE	2	GPR37L1	GPR37L1
ENSG00000102878	3	12	-9	-0.14943678659151036	0.17306155075939247	0.35251798561151076	-0.1794564348521183	Control	ENSG00000102878	0.7783106847855049	-0.01296102964801093	FALSE	2	HSF4	HSF4
ENSG00000028137	4	15	-11	-0.18213670263593568	0.21183053557154277	0.3911537436717293	-0.1793232081001865	Control	ENSG00000028137	0.7777777777777778	0.07524743013576796	FALSE	2	TNFRSF1B	TNFRSF1B
ENSG00000203747	7	23	-16	-0.26388649274699894	0.29349853450572877	0.4728217426059153	-0.17932320810018648	Control	ENSG00000203747	0.7773780975219824	-0.09884521513843224	FALSE	2	FCGR3A	FCGR3A
ENSG00000114698	7	23	-16	-0.26388649274699894	0.29349853450572877	0.4728217426059153	-0.17932320810018648	Control	ENSG00000114698	0.7773780975219824	0.09369844743478772	FALSE	2	PLSCR4	PLSCR4
ENSG00000149927	41	18	23	0.37376187011929457	0.6021849187316813	0.4231281641353584	0.17905675459632298	AD	ENSG00000149927	0.7769784172661871	-0.18799933572882033	FALSE	2	DOC2A	DOC2A
ENSG00000133026	36	16	20	0.3247119960526566	0.5808686384225953	0.4023447908339995	0.1785238475885958	AD	ENSG00000133026	0.7767119637623234	-0.0925325264689576	FALSE	2	MYH10	MYH10
ENSG00000013297	23	10	13	0.21026228989716805	0.5001332267519318	0.32187583266719955	0.1782573940847323	AD	ENSG00000013297	0.7764455102584599	0.12285922696787566	FALSE	2	CLDN11	CLDN11
ENSG00000056972	10	32	-22	-0.36198624088027487	0.35251798561151076	0.530775379696243	-0.17825739408473223	Control	ENSG00000056972	0.7761790567545963	0.07099351960031086	FALSE	2	TRAF3IP2	TRAF3IP2
ENSG00000203739	13	41	-28	-0.4600859890135508	0.397015720756728	0.5751398880895284	-0.17812416733280045	Control	ENSG00000203739	0.7759126032507327	0.0503611439069136	FALSE	2	PRDX6-AS1	PRDX6-AS1
ENSG00000115561	139	492	-353	-5.773822346232663	0.7667199573674394	0.944710897948308	-0.17799094058086862	Control	ENSG00000115561	0.7756461497468692	0.01981686442025498	FALSE	2	CHMP3	CHMP3
ENSG00000103423	28	97	-69	-1.1304342679242698	0.5390354383160139	0.7163602451372235	-0.17732480682120966	Control	ENSG00000103423	0.7753796962430056	-0.07703470934561985	FALSE	2	DNAJA3	DNAJA3
ENSG00000154945	15	6	9	0.1448624578083174	0.4237942978950173	0.24660271782573945	0.1771915800692779	AD	ENSG00000154945	0.7748467892352785	0.2176215356388198	FALSE	2	ANKRD40	ANKRD40
ENSG00000149633	15	6	9	0.1448624578083174	0.4237942978950173	0.24660271782573945	0.1771915800692779	AD	ENSG00000149633	0.7748467892352785	0.08397058570777638	FALSE	2	KIAA1755	KIAA1755
ENSG00000197223	15	6	9	0.1448624578083174	0.4237942978950173	0.24660271782573945	0.1771915800692779	AD	ENSG00000197223	0.7748467892352785	-0.07749306714766213	FALSE	2	C1D	C1D
ENSG00000006831	31	14	17	0.27566212198601864	0.5567545963229417	0.3799626965094591	0.1767918998134826	AD	ENSG00000006831	0.7743138822275513	0.1581340594929923	FALSE	2	ADIPOR2	ADIPOR2
ENSG00000175416	83	310	-227	-3.7137276354338686	0.7015720756727951	0.87796429523048225	-0.17639221955768714	Control	ENSG00000175416	0.773914201971756	0.01146552110114917	FALSE	2	CLTB	CLTB
ENSG00000157214	65	26	39	0.635361198474697	0.6697308819610978	0.4933386624034106	0.17639221955768714	AD	ENSG00000157214	0.773914201971756	-0.13201740350393898	FALSE	2	STEAP2	STEAP2
ENSG00000149311	16	53	-37	-0.6072356112134647	0.4373834265920597	0.6132427391420198	-0.17585931254996007	Control	ENSG00000149311	0.7735145217159606	0.08115961743125943	FALSE	2	ATM	ATM
ENSG00000166847	9	3	6	0.09581258374167942	0.3361310951239009	0.16027178257394084	0.17585931254996004	AD	ENSG00000166847	0.7725819344524381	0.04982846765769544	FALSE	2	DCTN5	DCTN5
ENSG00000092871	9	3	6	0.09581258374167942	0.3361310951239009	0.16027178257394084	0.17585931254996004	AD	ENSG00000092871	0.7725819344524381	0.1270172815038677	FALSE	2	RFFL	RFFL
ENSG00000084453	9	3	6	0.09581258374167942	0.3361310951239009	0.16027178257394084	0.17585931254996004	AD	ENSG00000084453	0.7725819344524381	0.10397269161467726	FALSE	2	SLCO1A2	SLCO1A2
ENSG00000033050	9	3	6	0.09581258374167942	0.3361310951239009	0.16027178257394084	0.17585931254996004	AD	ENSG00000033050	0.7725819344524381	-0.05505658007393599	FALSE	2	ABCF2	ABCF2
ENSG00000112531	9	3	6	0.09581258374167942	0.3361310951239009	0.16027178257394084	0.17585931254996004	AD	ENSG00000112531	0.7725819344524381	0.35466193986156114	FALSE	2	QKI	QKI
ENSG00000128000	9	3	6	0.09581258374167942	0.3361310951239009	0.16027178257394084	0.17585931254996004	AD	ENSG00000128000	0.7725819344524381	0.07634136891120313	FALSE	2	ZNF780B	ZNF780B
ENSG00000177674	1	5	-4	-0.06768699648044711	0.04782840394351186	0.22368771649347188	-0.17585931254996	Control	ENSG00000177674	0.7693844924060751	-0.03967806320174283	FALSE	2	AGTRAP	AGTRAP
ENSG00000109390	1	5	-4	-0.06768699648044711	0.04782840394351186	0.22368771649347188	-0.17585931254996	Control	ENSG00000109390	0.7693844924060751	-0.10550998366476882	FALSE	2	NDUFC1	NDUFC1
ENSG00000104313	1	5	-4	-0.06768699648044711	0.04782840394351186	0.22368771649347188	-0.17585931254996	Control	ENSG00000104313	0.7693844924060751	0.12451350833203811	FALSE	2	EYA1	EYA1
ENSG00000177098	1	5	-4	-0.06768699648044711	0.04782840394351186	0.22368771649347188	-0.17585931254996	Control	ENSG00000177098	0.7693844924060751	-0.06058434443222005	FALSE	2	SCN4B	SCN4B
ENSG00000136048	1	5	-4	-0.06768699648044711	0.04782840394351186	0.22368771649347188	-0.17585931254996	Control	ENSG00000136048	0.7693844924060751	0.05965296282438981	FALSE	2	DRAM1	DRAM1
ENSG00000116729	1	5	-4	-0.06768699648044711	0.04782840394351186	0.22368771649347188	-0.17585931254996	Control	ENSG00000116729	0.7693844924060751	0.03843295777074651	FALSE	2	WLS	WLS
ENSG00000082068	1	5	-4	-0.06768699648044711	0.04782840394351186	0.22368771649347188	-0.17585931254996	Control	ENSG00000082068	0.7693844924060751	0.00783218268154506	FALSE	2	WDR70	WDR70
ENSG00000177105	1	5	-4	-0.06768699648044711	0.04782840394351186	0.22368771649347188	-0.17585931254996	Control	ENSG00000177105	0.7693844924060751	0.13630029982667935	FALSE	2	RHOG	RHOG
ENSG00000224822	1	5	-4	-0.06768699648044711	0.04782840394351186	0.22368771649347188	-0.17585931254996	Control	ENSG00000224822	0.7693844924060751	0.04918625858982128	FALSE	2	THRB-IT1	THRB-IT1
ENSG00000025156	1	5	-4	-0.06768699648044711	0.04782840394351186	0.22368771649347188	-0.17585931254996	Control	ENSG00000025156	0.7693844924060751	-0.02600670965875906	FALSE	2	HSF2	HSF2
ENSG00000100979	1	5	-4	-0.06768699648044711	0.04782840394351186	0.22368771649347188	-0.17585931254996	Control	ENSG00000100979	0.7693844924060751	0.10393005614263552	FALSE	2	PLTP	PLTP
ENSG00000125844	1	5	-4	-0.06768699648044711	0.04782840394351186	0.22368771649347188	-0.17585931254996	Control	ENSG00000125844	0.7693844924060751	-0.01067560307672188	FALSE	2	RRBP1	RRBP1
ENSG00000256463	1	5	-4	-0.06768699648044711	0.04782840394351186	0.22368771649347188	-0.17585931254996	Control	ENSG00000256463	0.7693844924060751	0.24794419185898064	FALSE	2	SALL3	SALL3
ENSG00000080839	1	5	-4	-0.06768699648044711	0.04782840394351186	0.22368771649347188	-0.17585931254996	Control	ENSG00000080839	0.7693844924060751	0.12633044014392691	FALSE	2	RBL1	RBL1
ENSG00000151012	1	5	-4	-0.06768699648044711	0.04782840394351186	0.22368771649347188	-0.17585931254996	Control	ENSG00000151012	0.7693844924060751	0.0568994026460583	FALSE	2	SLC7A11	SLC7A11
ENSG00000131828	1	5	-4	-0.06768699648044711	0.04782840394351186	0.22368771649347188	-0.17585931254996	Control	ENSG00000131828	0.7693844924060751	-0.11700654346690165	FALSE	2	PDHA1	PDHA1
ENSG00000152822	1	5	-4	-0.06768699648044711	0.04782840394351186	0.22368771649347188	-0.17585931254996	Control	ENSG00000152822	0.7693844924060751	0.1817620725227993	FALSE	2	GRM1	GRM1
ENSG00000154319	1	5	-4	-0.06768699648044711	0.04782840394351186	0.22368771649347188	-0.17585931254996	Control	ENSG00000154319	0.7693844924060751	0.01356601562500436	FALSE	2	FAM167A	FAM167A
ENSG00000106479	6	20	-14	-0.23118657670257364	0.2696509459099387	0.44537703170796694	-0.17572608579802823	Control	ENSG00000106479	0.7668531841193712	0.05315623001262537	FALSE	2	ZNF862	ZNF862
ENSG00000133059	200	61	139	2.2703570006959626	0.8148148148148148	0.6394884092725819	0.1753264055422329	AD	ENSG00000133059	0.7665867306155076	-0.00911784861568953	FALSE	2	DSTYK	DSTYK
ENSG00000084623	333	90	243	3.9707526350060784	0.8778310684785505	0.7029043431921129	0.1749267252864376	AD	ENSG00000084623	0.766320277111644	-0.17487125372951515	FALSE	2	EIF3I	EIF3I
ENSG00000126947	125	43	82	1.338409393429841	0.7556621369571009	0.5819344524380495	0.1737276845190514	AD	ENSG00000126947	0.7660538236077804	-0.04254557679438342	FALSE	2	ARMCX1	ARMCX1
ENSG00000154727	13	5	8	0.12851249978610474	0.397015720756728	0.22368771649347188	0.1733280042632561	AD	ENSG00000154727	0.7651212363442579	0.08845635339827851	FALSE	2	GABPA	GABPA
ENSG00000007392	13	5	8	0.12851249978610474	0.397015720756728	0.22368771649347188	0.1733280042632561	AD	ENSG00000007392	0.7651212363442579	0.03563022386490822	FALSE	2	LUC7L	LUC7L
ENSG00000122958	13	5	8	0.12851249978610474	0.397015720756728	0.22368771649347188	0.1733280042632561	AD	ENSG00000122958	0.7651212363442579	0.01236865845314305	FALSE	2	VPS26A	VPS26A
ENSG00000137806	13	5	8	0.12851249978610474	0.397015720756728	0.22368771649347188	0.1733280042632561	AD	ENSG00000137806	0.7651212363442579	-0.10768176779050263	FALSE	2	NDUFAF1	NDUFAF1
ENSG00000158258	13	5	8	0.12851249978610474	0.397015720756728	0.22368771649347188	0.1733280042632561	AD	ENSG00000158258	0.7651212363442579	-0.03454806881658534	FALSE	2	CLSTN2	CLSTN2
ENSG00000165355	13	5	8	0.12851249978610474	0.397015720756728	0.22368771649347188	0.1733280042632561	AD	ENSG00000165355	0.7651212363442579	0.02860621873678504	FALSE	2	FBXO33	FBXO33
ENSG00000175606	160	53	107	1.7471583439851577	0.7863042899014122	0.6132427391420198	0.17306155075939245	AD	ENSG00000175606	0.7640554223288036	-0.14124211758357497	FALSE	2	TMEM70	TMEM70
ENSG00000080200	13	40	-27	-0.4437360309913381	0.397015720756728	0.5700772715161204	-0.17306155075939245	Control	ENSG00000080200	0.7640554223288036	0.07936144471718087	FALSE	2	CRYBG3	CRYBG3
ENSG00000139579	28	95	-67	-1.0977343518798444	0.5390354383160139	0.7119637623234746	-0.17292832400746072	Control	ENSG00000139579	0.7636557420730082	-0.04718458591866792	FALSE	2	NABP2	NABP2
ENSG00000139970	336	92	244	3.987102593028291	0.8794297895017319	0.7065014654942713	0.1729283240074606	AD	ENSG00000139970	0.763256061817213	-0.20276143706360372	FALSE	2	RTN1	RTN1
ENSG00000067606	53	193	-140	-2.2912812875013677	0.6406874500399681	0.8136157740474287	-0.1729283240074606	Control	ENSG00000067606	0.763256061817213	-0.07009465869557374	FALSE	2	PRKCZ	PRKCZ
ENSG00000180044	159	53	106	1.7308083859629446	0.7855049293898215	0.6132427391420198	0.17226219024780176	AD	ENSG00000180044	0.7627231548094857	-0.40010113602961983	FALSE	2	C3orf80	C3orf80
ENSG00000198964	42	19	23	0.37376187011929457	0.6060484945377032	0.4337863042899014	0.17226219024780176	AD	ENSG00000198964	0.7627231548094857	0.05038712737152195	FALSE	2	SGMS1	SGMS1
ENSG00000072864	37	17	20	0.3247119960526566	0.5855315747402078	0.4132693844924061	0.1722621902478017	AD	ENSG00000072864	0.7623234745536904	0.14729932102726906	FALSE	2	NDE1	NDE1
ENSG00000105855	15	47	-32	-0.5254858211024014	0.4237942978950173	0.5957900346389555	-0.1719957367439382	Control	ENSG00000105855	0.7620570210498268	0.20186169263982556	FALSE	2	ITGB8	ITGB8
ENSG00000066084	11	4	7	0.11216254176389208	0.3675726085798029	0.1957100985877964	0.17186250999200642	AD	ENSG00000066084	0.7616573407940315	0.05220476649525452	FALSE	2	DIP2B	DIP2B
ENSG00000171204	11	4	7	0.11216254176389208	0.3675726085798029	0.1957100985877964	0.17186250999200642	AD	ENSG00000171204	0.7616573407940315	-0.05403572946466717	FALSE	2	TMEM126B	TMEM126B
ENSG00000012983	38	131	-93	-1.522833260457373	0.5907274180655475	0.7624567013056222	-0.17172928324007464	Control	ENSG00000012983	0.7612576605382361	0.17573831412257768	FALSE	2	MAP4K5	MAP4K5
ENSG00000166200	147	50	97	1.5836587637630308	0.7756461497468692	0.6040500932587264	0.1715960564881428	AD	ENSG00000166200	0.7609912070343725	-0.09775231904397684	FALSE	2	COPS2	COPS2
ENSG00000174501	24	77	-53	-0.8688349395688671	0.5077271516120437	0.679056754596323	-0.17132960298427924	Control	ENSG00000174501	0.760724753530509	0.02331048843999816	FALSE	2	ANKRD36C	ANKRD36C
ENSG00000165280	605	178	427	6.979144911093207	0.9728217426059153	0.8016253663735678	0.1711963762323474	AD	ENSG00000165280	0.7603250732747135	-0.10725023275080404	FALSE	2	VCP	VCP
ENSG00000168374	116	41	75	1.2239596872743523	0.7463362643218758	0.5751398880895284	0.1711963762323474	AD	ENSG00000168374	0.7603250732747135	-0.12176038094622577	FALSE	2	ARF4	ARF4
ENSG00000104427	34	16	18	0.2920120800082313	0.5731414868105515	0.4023447908339995	0.17079669597655206	AD	ENSG00000104427	0.7599253930189181	-0.1076690739011692	FALSE	2	ZC2HC1A	ZC2HC1A
ENSG00000227057	211	65	146	2.384806706851451	0.8214761524114043	0.6508126831867839	0.1706634692246204	AD	ENSG00000227057	0.7596589395150546	-0.1042818610954832	FALSE	2	WDR46	WDR46
ENSG00000132965	5	17	-12	-0.19848666065814832	0.24260591526778577	0.4132693844924061	-0.1706634692246203	Control	ENSG00000132965	0.759392486011191	0.2109754078045638	FALSE	2	ALOX5AP	ALOX5AP
ENSG00000230989	22	10	12	0.19391233187495535	0.49213962163602454	0.32187583266719955	0.170263788968825	AD	ENSG00000230989	0.7591260325073275	-0.02380706828046186	FALSE	2	HSBP1	HSBP1
ENSG00000100599	8	25	-17	-0.2802364507692116	0.3160138555822009	0.48627764455102584	-0.17026378896882494	Control	ENSG00000100599	0.7588595790034639	0.2008580504292734	FALSE	2	RIN3	RIN3
ENSG00000157470	245	70	175	2.858955489495618	0.8351985078603784	0.665201172395417	0.16999733546496143	AD	ENSG00000157470	0.7585931254996003	-0.26892798473907575	FALSE	2	FAM81A	FAM81A
ENSG00000114544	16	7	9	0.1448624578083174	0.4373834265920597	0.2675193178790301	0.1698641087130296	AD	ENSG00000114544	0.7583266719957368	-0.09566920483792708	FALSE	2	SLC41A3	SLC41A3
ENSG00000280347	12	36	-24	-0.39468615692470016	0.3824940047961631	0.5523581135091926	-0.16986410871302954	Control	ENSG00000280347	0.7579269917399414	0.0939518838784208	FALSE	2	NA	ENSG00000280347
ENSG00000185164	12	36	-24	-0.39468615692470016	0.3824940047961631	0.5523581135091926	-0.16986410871302954	Control	ENSG00000185164	0.7579269917399414	-0.08350222102896687	FALSE	2	NOMO2	NOMO2
ENSG00000167123	4	1	3	0.04676270967504147	0.21183053557154277	0.04209965361044498	0.16973088196109778	AD	ENSG00000167123	0.7543298694377831	-0.05719830341237575	FALSE	2	CERCAM	CERCAM
ENSG00000083444	4	1	3	0.04676270967504147	0.21183053557154277	0.04209965361044498	0.16973088196109778	AD	ENSG00000083444	0.7543298694377831	0.08173481732344001	FALSE	2	PLOD1	PLOD1
ENSG00000166295	4	1	3	0.04676270967504147	0.21183053557154277	0.04209965361044498	0.16973088196109778	AD	ENSG00000166295	0.7543298694377831	0.17593519884216846	FALSE	2	ANAPC16	ANAPC16
ENSG00000183960	4	1	3	0.04676270967504147	0.21183053557154277	0.04209965361044498	0.16973088196109778	AD	ENSG00000183960	0.7543298694377831	-0.02613024581553258	FALSE	2	KCNH8	KCNH8
ENSG00000196367	4	1	3	0.04676270967504147	0.21183053557154277	0.04209965361044498	0.16973088196109778	AD	ENSG00000196367	0.7543298694377831	0.13578600715770683	FALSE	2	TRRAP	TRRAP
ENSG00000067560	4	1	3	0.04676270967504147	0.21183053557154277	0.04209965361044498	0.16973088196109778	AD	ENSG00000067560	0.7543298694377831	-0.0050503036009708	FALSE	2	RHOA	RHOA
ENSG00000158769	4	1	3	0.04676270967504147	0.21183053557154277	0.04209965361044498	0.16973088196109778	AD	ENSG00000158769	0.7543298694377831	-0.00450439921569145	FALSE	2	F11R	F11R
ENSG00000008710	4	1	3	0.04676270967504147	0.21183053557154277	0.04209965361044498	0.16973088196109778	AD	ENSG00000008710	0.7543298694377831	0.0265074693244216	FALSE	2	PKD1	PKD1
ENSG00000137947	4	1	3	0.04676270967504147	0.21183053557154277	0.04209965361044498	0.16973088196109778	AD	ENSG00000137947	0.7543298694377831	-0.08153529171756446	FALSE	2	GTF2B	GTF2B
ENSG00000169813	4	1	3	0.04676270967504147	0.21183053557154277	0.04209965361044498	0.16973088196109778	AD	ENSG00000169813	0.7543298694377831	0.04471879424861846	FALSE	2	HNRNPF	HNRNPF
ENSG00000213463	4	1	3	0.04676270967504147	0.21183053557154277	0.04209965361044498	0.16973088196109778	AD	ENSG00000213463	0.7543298694377831	0.09407708496972944	FALSE	2	SYNJ2BP	SYNJ2BP
ENSG00000197930	4	1	3	0.04676270967504147	0.21183053557154277	0.04209965361044498	0.16973088196109778	AD	ENSG00000197930	0.7543298694377831	-0.04129908286238581	FALSE	2	ERO1A	ERO1A
ENSG00000144357	4	1	3	0.04676270967504147	0.21183053557154277	0.04209965361044498	0.16973088196109778	AD	ENSG00000144357	0.7543298694377831	-0.09829524394310064	FALSE	2	UBR3	UBR3
ENSG00000197912	4	1	3	0.04676270967504147	0.21183053557154277	0.04209965361044498	0.16973088196109778	AD	ENSG00000197912	0.7543298694377831	0.01951180518036288	FALSE	2	SPG7	SPG7
ENSG00000158163	4	1	3	0.04676270967504147	0.21183053557154277	0.04209965361044498	0.16973088196109778	AD	ENSG00000158163	0.7543298694377831	0.11310132826200991	FALSE	2	DZIP1L	DZIP1L
ENSG00000164808	4	1	3	0.04676270967504147	0.21183053557154277	0.04209965361044498	0.16973088196109778	AD	ENSG00000164808	0.7543298694377831	0.03786682894703475	FALSE	2	SPIDR	SPIDR
ENSG00000242173	4	1	3	0.04676270967504147	0.21183053557154277	0.04209965361044498	0.16973088196109778	AD	ENSG00000242173	0.7543298694377831	-0.14821125834972193	FALSE	2	ARHGDIG	ARHGDIG
ENSG00000173020	4	1	3	0.04676270967504147	0.21183053557154277	0.04209965361044498	0.16973088196109778	AD	ENSG00000173020	0.7543298694377831	0.00111027694369525	FALSE	2	GRK2	GRK2
ENSG00000115806	4	1	3	0.04676270967504147	0.21183053557154277	0.04209965361044498	0.16973088196109778	AD	ENSG00000115806	0.7543298694377831	-0.01840964364280317	FALSE	2	GORASP2	GORASP2
ENSG00000125304	4	1	3	0.04676270967504147	0.21183053557154277	0.04209965361044498	0.16973088196109778	AD	ENSG00000125304	0.7543298694377831	-0.04408301583337781	FALSE	2	TM9SF2	TM9SF2
ENSG00000122257	4	1	3	0.04676270967504147	0.21183053557154277	0.04209965361044498	0.16973088196109778	AD	ENSG00000122257	0.7543298694377831	0.10839005289348692	FALSE	2	RBBP6	RBBP6
ENSG00000184014	4	1	3	0.04676270967504147	0.21183053557154277	0.04209965361044498	0.16973088196109778	AD	ENSG00000184014	0.7543298694377831	0.0519471360818553	FALSE	2	DENND5A	DENND5A
ENSG00000134815	4	1	3	0.04676270967504147	0.21183053557154277	0.04209965361044498	0.16973088196109778	AD	ENSG00000134815	0.7543298694377831	0.08566008508634937	FALSE	2	DHX34	DHX34
ENSG00000114062	4	1	3	0.04676270967504147	0.21183053557154277	0.04209965361044498	0.16973088196109778	AD	ENSG00000114062	0.7543298694377831	-0.01757886864619884	FALSE	2	UBE3A	UBE3A
ENSG00000196235	4	1	3	0.04676270967504147	0.21183053557154277	0.04209965361044498	0.16973088196109778	AD	ENSG00000196235	0.7543298694377831	-0.00137266275557479	FALSE	2	SUPT5H	SUPT5H
ENSG00000134744	60	215	-155	-2.536530657834558	0.6578737010391686	0.8276045830002664	-0.16973088196109776	Control	ENSG00000134744	0.7508659738875566	0.12970088827857396	FALSE	2	TUT4	TUT4
ENSG00000172115	217	66	151	2.4665564969625144	0.8236077804423129	0.6540101252331468	0.16959765520916603	AD	ENSG00000172115	0.750599520383693	-0.1582543170649107	FALSE	2	CYCS	CYCS
ENSG00000136436	19	61	-42	-0.6889854013245279	0.469890754063416	0.6394884092725819	-0.16959765520916592	Control	ENSG00000136436	0.7503330668798295	0.07486327867174936	FALSE	2	CALCOCO2	CALCOCO2
ENSG00000126091	11	33	-22	-0.36198624088027487	0.3675726085798029	0.5363709032773781	-0.1687982946975753	Control	ENSG00000126091	0.7500666133759659	0.07926639383508949	FALSE	2	ST3GAL3	ST3GAL3
ENSG00000134453	50	22	28	0.45551166023035783	0.6334932054356515	0.464828137490008	0.16866506794564343	AD	ENSG00000134453	0.7498001598721024	0.13997273217155914	FALSE	2	RBM17	RBM17
ENSG00000188786	4	14	-10	-0.16578674461372303	0.21183053557154277	0.3799626965094591	-0.1681321609379163	Control	ENSG00000188786	0.7491340261124434	0.10999976928003186	FALSE	2	MTF1	MTF1
ENSG00000176244	4	14	-10	-0.16578674461372303	0.21183053557154277	0.3799626965094591	-0.1681321609379163	Control	ENSG00000176244	0.7491340261124434	-0.07705241328616808	FALSE	2	ACBD7	ACBD7
ENSG00000271601	4	14	-10	-0.16578674461372303	0.21183053557154277	0.3799626965094591	-0.1681321609379163	Control	ENSG00000271601	0.7491340261124434	0.14643214828249818	FALSE	2	LIX1L	LIX1L
ENSG00000130202	4	14	-10	-0.16578674461372303	0.21183053557154277	0.3799626965094591	-0.1681321609379163	Control	ENSG00000130202	0.7491340261124434	0.00389412316419246	FALSE	2	NECTIN2	NECTIN2
ENSG00000137726	77	31	46	0.7498109046301856	0.6938449240607514	0.5257127631228351	0.16813216093791628	AD	ENSG00000137726	0.7484678923527844	-0.00593607162723586	FALSE	2	FXYD6	FXYD6
ENSG00000143933	269	79	190	3.104204859828808	0.8505195843325339	0.6826538768984812	0.1678657074340527	AD	ENSG00000143933	0.7479349853450573	-0.11720735354574074	FALSE	2	CALM2	CALM2
ENSG00000136167	13	39	-26	-0.4273860729691255	0.397015720756728	0.5648814281907807	-0.1678657074340527	Control	ENSG00000136167	0.7479349853450573	0.14702502644089677	FALSE	2	LCP1	LCP1
ENSG00000139631	13	39	-26	-0.4273860729691255	0.397015720756728	0.5648814281907807	-0.1678657074340527	Control	ENSG00000139631	0.7479349853450573	0.01767658579195519	FALSE	2	CSAD	CSAD
ENSG00000249592	36	17	19	0.30836203803044393	0.5808686384225953	0.4132693844924061	0.1675992539301892	AD	ENSG00000249592	0.7474020783373302	0.04360903905023683	FALSE	2	PCGF3-AS1	PCGF3-AS1
ENSG00000164258	33	16	17	0.27566212198601864	0.5692779110045297	0.4023447908339995	0.16693312017053025	AD	ENSG00000164258	0.7471356248334665	-0.1257195931498334	FALSE	2	NDUFS4	NDUFS4
ENSG00000136045	128	46	82	1.338409393429841	0.7585931254996003	0.592326139088729	0.16626698641087134	AD	ENSG00000136045	0.746869171329603	-0.10607285732673331	FALSE	2	PWP1	PWP1
ENSG00000080947	31	102	-71	-1.163134183968695	0.5567545963229417	0.7228883559818812	-0.1661337596589395	Control	ENSG00000080947	0.7464694910738077	0.12477392605660144	FALSE	2	CROCCP3	CROCCP3
ENSG00000100330	31	102	-71	-1.163134183968695	0.5567545963229417	0.7228883559818812	-0.1661337596589395	Control	ENSG00000100330	0.7464694910738077	0.1412164906199802	FALSE	2	MTMR3	MTMR3
ENSG00000138385	157	54	103	1.6817585118963068	0.7832400746069811	0.617505995203837	0.1657340794031441	AD	ENSG00000138385	0.7460698108180123	-0.10092321389800318	FALSE	2	SSB	SSB
ENSG00000137145	22	67	-45	-0.7380352753911659	0.49213962163602454	0.6576072475353051	-0.16546762589928057	Control	ENSG00000137145	0.7458033573141487	0.09446287935062968	FALSE	2	DENND4C	DENND4C
ENSG00000188647	23	70	-47	-0.7707351914355912	0.5001332267519318	0.665201172395417	-0.16506794564348515	Control	ENSG00000188647	0.7455369038102851	0.02797374826112708	FALSE	2	PTAR1	PTAR1
ENSG00000100600	19	9	10	0.16121241583053006	0.469890754063416	0.3050892619237943	0.16480149213962164	AD	ENSG00000100600	0.7451372235544897	-0.1980748150977938	FALSE	2	LGMN	LGMN
ENSG00000014216	19	9	10	0.16121241583053006	0.469890754063416	0.3050892619237943	0.16480149213962164	AD	ENSG00000014216	0.7451372235544897	-0.0502619023579669	FALSE	2	CAPN1	CAPN1
ENSG00000101336	15	45	-30	-0.4927859050579761	0.4237942978950173	0.5885957900346389	-0.1648014921396216	Control	ENSG00000101336	0.7447375432986943	-0.10043326897146798	FALSE	2	HCK	HCK
ENSG00000171262	65	224	-159	-2.6019304899234084	0.6697308819610978	0.8342659205968559	-0.16453503863575814	Control	ENSG00000171262	0.7444710897948308	-0.04533534847360876	FALSE	2	FAM98B	FAM98B
ENSG00000162706	126	46	80	1.3057094773854157	0.756861177724487	0.592326139088729	0.16453503863575802	AD	ENSG00000162706	0.7440714095390354	-0.00903520436280658	FALSE	2	CADM3	CADM3
ENSG00000166266	60	26	34	0.5536114083636338	0.6578737010391686	0.4933386624034106	0.16453503863575802	AD	ENSG00000166266	0.7440714095390354	-0.06335585156258361	FALSE	2	CUL5	CUL5
ENSG00000162733	2	8	-6	-0.10038691252487242	0.12283506528110844	0.28710365041300295	-0.16426858513189452	Control	ENSG00000162733	0.743138822275513	0.13369340328263846	FALSE	2	DDR2	DDR2
ENSG00000095319	2	8	-6	-0.10038691252487242	0.12283506528110844	0.28710365041300295	-0.16426858513189452	Control	ENSG00000095319	0.743138822275513	0.0710644990296121	FALSE	2	NUP188	NUP188
ENSG00000204231	2	8	-6	-0.10038691252487242	0.12283506528110844	0.28710365041300295	-0.16426858513189452	Control	ENSG00000204231	0.743138822275513	-0.03786852245332106	FALSE	2	RXRB	RXRB
ENSG00000258441	2	8	-6	-0.10038691252487242	0.12283506528110844	0.28710365041300295	-0.16426858513189452	Control	ENSG00000258441	0.743138822275513	-0.00473542026241347	FALSE	2	LINC00641	LINC00641
ENSG00000164109	2	8	-6	-0.10038691252487242	0.12283506528110844	0.28710365041300295	-0.16426858513189452	Control	ENSG00000164109	0.743138822275513	-0.10608591868048568	FALSE	2	MAD2L1	MAD2L1
ENSG00000179104	14	6	8	0.12851249978610474	0.4108713029576339	0.24660271782573945	0.1642685851318945	AD	ENSG00000179104	0.7423394617639222	-0.01417275573773935	FALSE	2	TMTC2	TMTC2
ENSG00000175573	145	52	93	1.51825893167418	0.7737809752198241	0.6095123900879297	0.16426858513189446	AD	ENSG00000175573	0.7420730082600586	0.05358828009237904	FALSE	2	C11orf68	C11orf68
ENSG00000182899	6	19	-13	-0.214836618680361	0.2696509459099387	0.4337863042899014	-0.16413535837996268	Control	ENSG00000182899	0.7415401012523315	-0.05391721923254167	FALSE	2	RPL35A	RPL35A
ENSG00000173039	6	19	-13	-0.214836618680361	0.2696509459099387	0.4337863042899014	-0.16413535837996268	Control	ENSG00000173039	0.7415401012523315	0.05128900063123431	FALSE	2	RELA	RELA
ENSG00000122008	6	19	-13	-0.214836618680361	0.2696509459099387	0.4337863042899014	-0.16413535837996268	Control	ENSG00000122008	0.7415401012523315	0.01155249579771755	FALSE	2	POLK	POLK
ENSG00000100154	3	11	-8	-0.1330868285692977	0.17306155075939247	0.33679722888355984	-0.16373567812416737	Control	ENSG00000100154	0.7404742872368771	0.13505263417965985	FALSE	2	TTC28	TTC28
ENSG00000115268	3	11	-8	-0.1330868285692977	0.17306155075939247	0.33679722888355984	-0.16373567812416737	Control	ENSG00000115268	0.7404742872368771	-0.07469286575077483	FALSE	2	RPS15	RPS15
ENSG00000166432	3	11	-8	-0.1330868285692977	0.17306155075939247	0.33679722888355984	-0.16373567812416737	Control	ENSG00000166432	0.7404742872368771	0.03170391200048783	FALSE	2	ZMAT1	ZMAT1
ENSG00000148826	3	11	-8	-0.1330868285692977	0.17306155075939247	0.33679722888355984	-0.16373567812416737	Control	ENSG00000148826	0.7404742872368771	0.2020548684606975	FALSE	2	NKX6-2	NKX6-2
ENSG00000130204	3	11	-8	-0.1330868285692977	0.17306155075939247	0.33679722888355984	-0.16373567812416737	Control	ENSG00000130204	0.7404742872368771	-0.15639659889318125	FALSE	2	TOMM40	TOMM40
ENSG00000139746	35	17	18	0.2920120800082313	0.5768718358646416	0.4132693844924061	0.16360245137223556	AD	ENSG00000139746	0.7396749267252865	0.07479059541299726	FALSE	2	RBM26	RBM26
ENSG00000135077	8	24	-16	-0.26388649274699894	0.3160138555822009	0.4794830802025047	-0.16346922462030378	Control	ENSG00000135077	0.739275246469491	0.308776574573427	FALSE	2	HAVCR2	HAVCR2
ENSG00000136861	48	162	-114	-1.8661823789238392	0.6268318678390621	0.7903010924593659	-0.16346922462030378	Control	ENSG00000136861	0.739275246469491	0.05811452116440385	FALSE	2	CDK5RAP2	CDK5RAP2
ENSG00000134248	17	8	9	0.1448624578083174	0.4495070610178524	0.28710365041300295	0.16240341060484942	AD	ENSG00000134248	0.7384758859579004	-0.09370447694718108	FALSE	2	LAMTOR5	LAMTOR5
ENSG00000126226	37	18	19	0.30836203803044393	0.5855315747402078	0.4231281641353584	0.16240341060484942	AD	ENSG00000126226	0.7384758859579004	0.0737552338083276	FALSE	2	PCID2	PCID2
ENSG00000116918	56	25	31	0.5045615342969958	0.6486810551558753	0.48627764455102584	0.16240341060484942	AD	ENSG00000116918	0.7384758859579004	-0.1496329241625336	FALSE	2	TSNAX	TSNAX
ENSG00000131943	7	21	-14	-0.23118657670257364	0.29349853450572877	0.4559019451105782	-0.16240341060484942	Control	ENSG00000131943	0.7384758859579004	0.07808758116216197	FALSE	2	C19orf12	C19orf12
ENSG00000129566	40	130	-90	-1.4737833863907357	0.5987210231814548	0.7609912070343725	-0.1622701838529177	Control	ENSG00000129566	0.7378097521982414	0.10715765135408972	FALSE	2	TEP1	TEP1
ENSG00000173456	109	41	68	1.1095099811188638	0.737410071942446	0.5751398880895284	0.16227018385291758	AD	ENSG00000173456	0.7375432986943778	-0.1213903926526232	FALSE	2	RNF26	RNF26
ENSG00000160131	188	63	125	2.041457588384985	0.8078870237143618	0.645750066613376	0.16213695710098586	AD	ENSG00000160131	0.7372768451905143	-0.13792481326690975	FALSE	2	VMA21	VMA21
ENSG00000144290	140	51	89	1.4528590995853297	0.7679189981348254	0.6067146282973621	0.1612043698374633	AD	ENSG00000144290	0.7370103916866507	-0.13361645713120396	FALSE	2	SLC4A10	SLC4A10
ENSG00000071967	10	29	-19	-0.3129363668136369	0.35251798561151076	0.5135891286970423	-0.16107114308553155	Control	ENSG00000071967	0.736743938182787	0.04203114515741646	FALSE	2	CYBRD1	CYBRD1
ENSG00000143164	137	50	87	1.4201591835409042	0.7651212363442579	0.6040500932587264	0.1610711430855315	AD	ENSG00000143164	0.7364774846789235	0.03103376033213401	FALSE	2	DCAF6	DCAF6
ENSG00000134121	247	76	171	2.7935556574067673	0.8370636823874233	0.6762589928057554	0.16080468958166794	AD	ENSG00000134121	0.7362110311750599	-0.12145508413657068	FALSE	2	CHL1	CHL1
ENSG00000071564	50	23	27	0.4391617022081451	0.6334932054356515	0.4728217426059153	0.1606714628297362	AD	ENSG00000071564	0.7359445776711964	0.11590990056398633	FALSE	2	TCF3	TCF3
ENSG00000198420	37	120	-83	-1.359333680235247	0.5855315747402078	0.7460698108180123	-0.16053823607780449	Control	ENSG00000198420	0.7356781241673328	0.01958846765760746	FALSE	2	TCAF1	TCAF1
ENSG00000167315	19	58	-39	-0.6399355272578899	0.469890754063416	0.6304289901412203	-0.16053823607780435	Control	ENSG00000167315	0.7354116706634692	-0.02903618256687323	FALSE	2	ACAA2	ACAA2
ENSG00000130517	12	34	-22	-0.36198624088027487	0.3824940047961631	0.5428990141220357	-0.1604050093258726	Control	ENSG00000130517	0.7351452171596057	0.19874412753341453	FALSE	2	PGPEP1	PGPEP1
ENSG00000170458	5	16	-11	-0.18213670263593568	0.24260591526778577	0.4023447908339995	-0.15973887556621372	Control	ENSG00000170458	0.7347455369038103	-0.08032648406483567	FALSE	2	CD14	CD14
ENSG00000221963	5	16	-11	-0.18213670263593568	0.24260591526778577	0.4023447908339995	-0.15973887556621372	Control	ENSG00000221963	0.7347455369038103	-0.1136091617004773	FALSE	2	APOL6	APOL6
ENSG00000012174	70	30	40	0.6517111564969097	0.6793232081001865	0.5201172395417	0.15920596855848657	AD	ENSG00000012174	0.7343458566480149	-0.21891433557929751	FALSE	2	MBTPS2	MBTPS2
ENSG00000066654	28	14	14	0.22661224791938067	0.5390354383160139	0.3799626965094591	0.15907274180655478	AD	ENSG00000066654	0.7339461763922196	0.00977107709440261	FALSE	2	THUMPD1	THUMPD1
ENSG00000065000	28	14	14	0.22661224791938067	0.5390354383160139	0.3799626965094591	0.15907274180655478	AD	ENSG00000065000	0.7339461763922196	-0.06241600944200165	FALSE	2	AP3D1	AP3D1
ENSG00000131462	20	60	-40	-0.6562854852801027	0.478017585931255	0.636957100985878	-0.158939515054623	Control	ENSG00000131462	0.7335464961364242	-0.23030125755462016	FALSE	2	TUBG1	TUBG1
ENSG00000132361	12	5	7	0.11216254176389208	0.3824940047961631	0.22368771649347188	0.1588062883026912	AD	ENSG00000132361	0.7331468158806288	-0.07602396911917353	FALSE	2	CLUH	CLUH
ENSG00000204650	12	5	7	0.11216254176389208	0.3824940047961631	0.22368771649347188	0.1588062883026912	AD	ENSG00000204650	0.7331468158806288	0.12884096070442477	FALSE	2	LINC02210	LINC02210
ENSG00000115282	30	15	15	0.24296220594159332	0.5494271249666933	0.3911537436717293	0.15827338129496404	AD	ENSG00000115282	0.7327471356248335	0.13817054225246217	FALSE	2	TTC31	TTC31
ENSG00000067221	101	40	61	0.9950602749633752	0.7278177458033573	0.5700772715161204	0.15774047428723692	AD	ENSG00000067221	0.7323474553690381	-0.07274969073522719	FALSE	2	STOML1	STOML1
ENSG00000150457	36	18	18	0.2920120800082313	0.5808686384225953	0.4231281641353584	0.15774047428723692	AD	ENSG00000150457	0.7323474553690381	0.15349193187286492	FALSE	2	LATS2	LATS2
ENSG00000146122	6	2	4	0.06311266769725413	0.2696509459099387	0.11204369837463364	0.15760724753530508	AD	ENSG00000146122	0.7306155075939249	0.05025113202522924	FALSE	2	DAAM2	DAAM2
ENSG00000132702	6	2	4	0.06311266769725413	0.2696509459099387	0.11204369837463364	0.15760724753530508	AD	ENSG00000132702	0.7306155075939249	0.07430060483532586	FALSE	2	HAPLN2	HAPLN2
ENSG00000063177	6	2	4	0.06311266769725413	0.2696509459099387	0.11204369837463364	0.15760724753530508	AD	ENSG00000063177	0.7306155075939249	-0.02365412364462038	FALSE	2	RPL18	RPL18
ENSG00000069424	6	2	4	0.06311266769725413	0.2696509459099387	0.11204369837463364	0.15760724753530508	AD	ENSG00000069424	0.7306155075939249	-0.13530430215697464	FALSE	2	KCNAB2	KCNAB2
ENSG00000125249	6	2	4	0.06311266769725413	0.2696509459099387	0.11204369837463364	0.15760724753530508	AD	ENSG00000125249	0.7306155075939249	0.0039861855882961	FALSE	2	RAP2A	RAP2A
ENSG00000140382	6	2	4	0.06311266769725413	0.2696509459099387	0.11204369837463364	0.15760724753530508	AD	ENSG00000140382	0.7306155075939249	-0.07091203434029936	FALSE	2	HMG20A	HMG20A
ENSG00000103363	6	2	4	0.06311266769725413	0.2696509459099387	0.11204369837463364	0.15760724753530508	AD	ENSG00000103363	0.7306155075939249	-0.06344570051737719	FALSE	2	ELOB	ELOB
ENSG00000204789	6	2	4	0.06311266769725413	0.2696509459099387	0.11204369837463364	0.15760724753530508	AD	ENSG00000204789	0.7306155075939249	-0.12364287451759282	FALSE	2	ZNF204P	ZNF204P
ENSG00000187735	6	2	4	0.06311266769725413	0.2696509459099387	0.11204369837463364	0.15760724753530508	AD	ENSG00000187735	0.7306155075939249	0.04388207714652559	FALSE	2	TCEA1	TCEA1
ENSG00000166265	6	2	4	0.06311266769725413	0.2696509459099387	0.11204369837463364	0.15760724753530508	AD	ENSG00000166265	0.7306155075939249	0.10182887308400534	FALSE	2	CYYR1	CYYR1
ENSG00000108651	6	2	4	0.06311266769725413	0.2696509459099387	0.11204369837463364	0.15760724753530508	AD	ENSG00000108651	0.7306155075939249	0.02341545544994794	FALSE	2	UTP6	UTP6
ENSG00000235954	9	26	-17	-0.2802364507692116	0.3361310951239009	0.4933386624034106	-0.15720756727950974	Control	ENSG00000235954	0.7288835598188116	0.0274752685818278	FALSE	2	TTC28-AS1	TTC28-AS1
ENSG00000129003	9	26	-17	-0.2802364507692116	0.3361310951239009	0.4933386624034106	-0.15720756727950974	Control	ENSG00000129003	0.7288835598188116	0.09859404560827656	FALSE	2	VPS13C	VPS13C
ENSG00000119711	27	82	-55	-0.9015348556132924	0.5325073274713562	0.6895816679989342	-0.15707434052757796	Control	ENSG00000119711	0.7284838795630163	-0.04394424601311186	FALSE	2	ALDH6A1	ALDH6A1
ENSG00000179950	179	63	116	1.8943079661850712	0.8026911803890221	0.645750066613376	0.15694111377564612	AD	ENSG00000179950	0.7280841993072209	-0.05620413201515717	FALSE	2	PUF60	PUF60
ENSG00000147130	26	13	13	0.21026228989716805	0.5242472688515853	0.3673061550759392	0.15694111377564612	AD	ENSG00000147130	0.7280841993072209	0.05691700862845295	FALSE	2	ZMYM3	ZMYM3
ENSG00000109790	10	4	6	0.09581258374167942	0.35251798561151076	0.1957100985877964	0.15680788702371434	AD	ENSG00000109790	0.7275512922994938	0.17218557078227192	FALSE	2	KLHL5	KLHL5
ENSG00000129450	8	23	-15	-0.2475365347247863	0.3160138555822009	0.4728217426059153	-0.15680788702371434	Control	ENSG00000129450	0.7275512922994938	0.05738211625771683	FALSE	2	SIGLEC9	SIGLEC9
ENSG00000046651	25	74	-49	-0.8034351074800166	0.5154543032240874	0.6718625099920064	-0.156408206767919	Control	ENSG00000046651	0.7271516120436984	0.0762071985219741	FALSE	2	OFD1	OFD1
ENSG00000169641	15	7	8	0.12851249978610474	0.4237942978950173	0.2675193178790301	0.15627498001598722	AD	ENSG00000169641	0.726751931787903	-0.05774674151493464	FALSE	2	LUZP1	LUZP1
ENSG00000139180	15	7	8	0.12851249978610474	0.4237942978950173	0.2675193178790301	0.15627498001598722	AD	ENSG00000139180	0.726751931787903	-0.08066751302395758	FALSE	2	NDUFA9	NDUFA9
ENSG00000139668	46	148	-102	-1.6699828826572871	0.6209698907540634	0.7769784172661871	-0.1560085265121237	Control	ENSG00000139668	0.7263522515321077	0.1500662937401227	FALSE	2	WDFY2	WDFY2
ENSG00000147642	33	17	16	0.25931216396380596	0.5692779110045297	0.4132693844924061	0.15600852651212366	AD	ENSG00000147642	0.726085798028244	-0.01656825498165837	FALSE	2	SYBU	SYBU
ENSG00000102931	71	31	40	0.6517111564969097	0.6817212896349587	0.5257127631228351	0.1560085265121236	AD	ENSG00000102931	0.7258193445243805	-0.06171673220360496	FALSE	2	ARL2BP	ARL2BP
ENSG00000109339	8	3	5	0.07946262571946677	0.3160138555822009	0.16027178257394084	0.15574207300826007	AD	ENSG00000109339	0.7252864375166533	-0.0926766325975219	FALSE	2	MAPK10	MAPK10
ENSG00000108381	8	3	5	0.07946262571946677	0.3160138555822009	0.16027178257394084	0.15574207300826007	AD	ENSG00000108381	0.7252864375166533	0.01125176387926174	FALSE	2	ASPA	ASPA
ENSG00000163349	8	3	5	0.07946262571946677	0.3160138555822009	0.16027178257394084	0.15574207300826007	AD	ENSG00000163349	0.7252864375166533	0.17733105549350725	FALSE	2	HIPK1	HIPK1
ENSG00000142089	4	13	-9	-0.14943678659151036	0.21183053557154277	0.3673061550759392	-0.15547561950439645	Control	ENSG00000142089	0.7242206235011991	-0.10130760430481443	FALSE	2	IFITM3	IFITM3
ENSG00000174405	4	13	-9	-0.14943678659151036	0.21183053557154277	0.3673061550759392	-0.15547561950439645	Control	ENSG00000174405	0.7242206235011991	-0.1441228801041916	FALSE	2	LIG4	LIG4
ENSG00000106399	4	13	-9	-0.14943678659151036	0.21183053557154277	0.3673061550759392	-0.15547561950439645	Control	ENSG00000106399	0.7242206235011991	-0.08862775737919737	FALSE	2	RPA3	RPA3
ENSG00000128340	4	13	-9	-0.14943678659151036	0.21183053557154277	0.3673061550759392	-0.15547561950439645	Control	ENSG00000128340	0.7242206235011991	-0.03553237796397823	FALSE	2	RAC2	RAC2
ENSG00000169750	4	13	-9	-0.14943678659151036	0.21183053557154277	0.3673061550759392	-0.15547561950439645	Control	ENSG00000169750	0.7242206235011991	-0.12346425808782868	FALSE	2	RAC3	RAC3
ENSG00000169564	22	11	11	0.1775623738527427	0.49213962163602454	0.33679722888355984	0.1553423927524647	AD	ENSG00000169564	0.7231548094857447	-0.00392138987912993	FALSE	2	PCBP1	PCBP1
ENSG00000139644	22	11	11	0.1775623738527427	0.49213962163602454	0.33679722888355984	0.1553423927524647	AD	ENSG00000139644	0.7231548094857447	0.00299326218515361	FALSE	2	TMBIM6	TMBIM6
ENSG00000108826	22	11	11	0.1775623738527427	0.49213962163602454	0.33679722888355984	0.1553423927524647	AD	ENSG00000108826	0.7231548094857447	-0.05194047747135855	FALSE	2	MRPL27	MRPL27
ENSG00000054690	24	12	12	0.19391233187495535	0.5077271516120437	0.35251798561151076	0.15520916600053297	AD	ENSG00000054690	0.7224886757260858	0.02355072444166417	FALSE	2	PLEKHH1	PLEKHH1
ENSG00000204052	24	12	12	0.19391233187495535	0.5077271516120437	0.35251798561151076	0.15520916600053297	AD	ENSG00000204052	0.7224886757260858	-0.2091690675943063	FALSE	2	LRRC73	LRRC73
ENSG00000163558	26	77	-51	-0.8361350235244418	0.5242472688515853	0.679056754596323	-0.15480948574473763	Control	ENSG00000163558	0.7220889954702905	-0.05738991751454136	FALSE	2	PRKCI	PRKCI
ENSG00000169562	18	9	9	0.1448624578083174	0.45976552091660006	0.3050892619237943	0.15467625899280574	AD	ENSG00000169562	0.7218225419664268	0.07033604443033425	FALSE	2	GJB1	GJB1
ENSG00000165121	39	122	-83	-1.359333680235247	0.5951239008792966	0.7492672528643751	-0.15414335198507856	Control	ENSG00000165121	0.7215560884625632	0.1409873156396095	FALSE	2	NA	ENSG00000165121
ENSG00000127314	14	39	-25	-0.4110361149469128	0.4108713029576339	0.5648814281907807	-0.15401012523314678	Control	ENSG00000127314	0.721156408206768	0.01193673912183967	FALSE	2	RAP1B	RAP1B
ENSG00000118482	14	39	-25	-0.4110361149469128	0.4108713029576339	0.5648814281907807	-0.15401012523314678	Control	ENSG00000118482	0.721156408206768	0.12599386655588063	FALSE	2	PHF3	PHF3
ENSG00000099795	23	66	-43	-0.7053353593467406	0.5001332267519318	0.6540101252331468	-0.153876898481215	Control	ENSG00000099795	0.7207567279509726	-0.08731436297953366	FALSE	2	NDUFB7	NDUFB7
ENSG00000159363	29	87	-58	-0.9505847296799304	0.5442312816413536	0.697841726618705	-0.15361044497735143	Control	ENSG00000159363	0.7203570476951772	-0.17058839889460842	FALSE	2	ATP13A2	ATP13A2
ENSG00000185432	29	87	-58	-0.9505847296799304	0.5442312816413536	0.697841726618705	-0.15361044497735143	Control	ENSG00000185432	0.7203570476951772	0.0889337176613747	FALSE	2	TMT1A	TMT1A
ENSG00000213654	6	18	-12	-0.19848666065814832	0.2696509459099387	0.4231281641353584	-0.15347721822541965	Control	ENSG00000213654	0.7199573674393819	0.23792212839915816	FALSE	2	GPSM3	GPSM3
ENSG00000184983	139	53	86	1.4038092255186916	0.7667199573674394	0.6132427391420198	0.1534772182254196	AD	ENSG00000184983	0.7196909139355182	-0.17282180902891753	FALSE	2	NDUFA6	NDUFA6
ENSG00000204851	170	62	108	1.76350830200737	0.7949640287769785	0.6421529443112177	0.15281108446576075	AD	ENSG00000204851	0.7194244604316546	-0.1759737837242703	FALSE	2	PNMA8B	PNMA8B
ENSG00000144445	27	14	13	0.21026228989716805	0.5325073274713562	0.3799626965094591	0.15254463096189713	AD	ENSG00000144445	0.7191580069277911	0.15236719755994876	FALSE	2	KANSL1L	KANSL1L
ENSG00000023228	106	43	63	1.0277601910078007	0.7343458566480149	0.5819344524380495	0.15241140420996535	AD	ENSG00000023228	0.7188915534239275	-0.16642459554954492	FALSE	2	NDUFS1	NDUFS1
ENSG00000143514	34	104	-70	-1.1467842259464824	0.5731414868105515	0.7254196642685852	-0.15227817745803365	Control	ENSG00000143514	0.718625099920064	0.0260420423889407	FALSE	2	TP53BP2	TP53BP2
ENSG00000117155	55	26	29	0.4718616182525705	0.6456168398614441	0.4933386624034106	0.15227817745803351	AD	ENSG00000117155	0.7183586464162004	-0.02761294994949104	FALSE	2	SSX2IP	SSX2IP
ENSG00000085982	26	76	-50	-0.8197850655022292	0.5242472688515853	0.6762589928057554	-0.15201172395417006	Control	ENSG00000085982	0.7180921929123368	0.0955268705262764	FALSE	2	USP40	USP40
ENSG00000116459	271	88	183	2.989755153673319	0.8518518518518519	0.6998401278976819	0.15201172395416995	AD	ENSG00000116459	0.7176925126565414	-0.16833111016298652	FALSE	2	ATP5PB	ATP5PB
ENSG00000144827	192	554	-362	-5.9209719684325774	0.8101518784972023	0.9621636024513722	-0.15201172395416995	Control	ENSG00000144827	0.7176925126565414	-0.05591222892782177	FALSE	2	ABHD10	ABHD10
ENSG00000189221	7	20	-13	-0.214836618680361	0.29349853450572877	0.44537703170796694	-0.15187849720223817	Control	ENSG00000189221	0.717292832400746	-0.04462726694443475	FALSE	2	MAOA	MAOA
ENSG00000204386	37	19	18	0.2920120800082313	0.5855315747402078	0.4337863042899014	0.1517452704503064	AD	ENSG00000204386	0.7168931521449508	-0.03018918606545995	FALSE	2	NEU1	NEU1
ENSG00000168490	37	19	18	0.2920120800082313	0.5855315747402078	0.4337863042899014	0.1517452704503064	AD	ENSG00000168490	0.7168931521449508	-0.09876602036868752	FALSE	2	PHYHIP	PHYHIP
ENSG00000158773	98	40	58	0.9460104008967376	0.7215560884625632	0.5700772715161204	0.15147881694644283	AD	ENSG00000158773	0.7164934718891554	-0.0354597232451308	FALSE	2	USF1	USF1
ENSG00000270344	16	45	-29	-0.4764359470357635	0.4373834265920597	0.5885957900346389	-0.1512123634425792	Control	ENSG00000270344	0.7162270183852918	0.09138683942777082	FALSE	2	POC1B-AS1	POC1B-AS1
ENSG00000144426	31	93	-62	-1.015984561768781	0.5567545963229417	0.7078337330135891	-0.15107913669064743	Control	ENSG00000144426	0.7159605648814282	0.0696258739636626	FALSE	2	NBEAL1	NBEAL1
ENSG00000124217	47	23	24	0.3901118281415072	0.623767652544631	0.4728217426059153	0.1509459099387157	AD	ENSG00000124217	0.7156941113775647	-0.04739653802714017	FALSE	2	MOCS3	MOCS3
ENSG00000232931	23	65	-42	-0.6889854013245279	0.5001332267519318	0.6508126831867839	-0.15067945643485203	Control	ENSG00000232931	0.715427657873701	0.1192107301165457	FALSE	2	LINC00342	LINC00342
ENSG00000173905	32	96	-64	-1.0486844778132065	0.5639488409272582	0.7143618438582467	-0.15041300293098858	Control	ENSG00000173905	0.7151612043698374	0.07549778970621013	FALSE	2	GOLIM4	GOLIM4
ENSG00000165959	13	6	7	0.11216254176389208	0.397015720756728	0.24660271782573945	0.15041300293098855	AD	ENSG00000165959	0.7147615241140421	0.21760920719758836	FALSE	2	CLMN	CLMN
ENSG00000146476	13	6	7	0.11216254176389208	0.397015720756728	0.24660271782573945	0.15041300293098855	AD	ENSG00000146476	0.7147615241140421	-0.05453429317204161	FALSE	2	ARMT1	ARMT1
ENSG00000249042	14	38	-24	-0.39468615692470016	0.4108713029576339	0.5612843058886224	-0.15041300293098853	Control	ENSG00000249042	0.7143618438582467	-0.03052573913580225	FALSE	2	FAM151B-DT	FAM151B-DT
ENSG00000169247	16	8	8	0.12851249978610474	0.4373834265920597	0.28710365041300295	0.15027977617905677	AD	ENSG00000169247	0.7139621636024513	0.01707505171008883	FALSE	2	SH3TC2	SH3TC2
ENSG00000169217	16	8	8	0.12851249978610474	0.4373834265920597	0.28710365041300295	0.15027977617905677	AD	ENSG00000169217	0.7139621636024513	-0.02398700582338975	FALSE	2	CD2BP2	CD2BP2
ENSG00000130638	62	29	33	0.5372614503414211	0.6637356781241673	0.5135891286970423	0.15014654942712502	AD	ENSG00000130638	0.7135624833466561	-0.13082098440952805	FALSE	2	ATXN10	ATXN10
ENSG00000078061	9	25	-16	-0.26388649274699894	0.3361310951239009	0.48627764455102584	-0.15014654942712496	Control	ENSG00000078061	0.7131628030908607	0.03688285068724184	FALSE	2	ARAF	ARAF
ENSG00000155659	9	25	-16	-0.26388649274699894	0.3361310951239009	0.48627764455102584	-0.15014654942712496	Control	ENSG00000155659	0.7131628030908607	0.1384613324472879	FALSE	2	VSIG4	VSIG4
ENSG00000121905	22	62	-40	-0.6562854852801027	0.49213962163602454	0.6421529443112177	-0.15001332267519318	Control	ENSG00000121905	0.7127631228350653	0.00896883673236281	FALSE	2	HPCA	HPCA
ENSG00000065978	44	22	22	0.3574119120970819	0.614308553157474	0.464828137490008	0.149480415667466	AD	ENSG00000065978	0.7124966693312017	0.11987919505572896	FALSE	2	YBX1	YBX1
ENSG00000019582	3	10	-7	-0.11673687054708508	0.17306155075939247	0.32187583266719955	-0.14881428190780707	Control	ENSG00000019582	0.7119637623234746	0.22843714601363985	FALSE	2	CD74	CD74
ENSG00000091039	3	10	-7	-0.11673687054708508	0.17306155075939247	0.32187583266719955	-0.14881428190780707	Control	ENSG00000091039	0.7119637623234746	0.00251403209278144	FALSE	2	OSBPL8	OSBPL8
ENSG00000185716	3	10	-7	-0.11673687054708508	0.17306155075939247	0.32187583266719955	-0.14881428190780707	Control	ENSG00000185716	0.7119637623234746	-0.00998588687707702	FALSE	2	MOSMO	MOSMO
ENSG00000138279	246	81	165	2.6954559092734915	0.8361310951239008	0.6873168132160938	0.148814281907807	AD	ENSG00000138279	0.7114308553157475	-0.12298549004795234	FALSE	2	ANXA7	ANXA7
ENSG00000142583	5	15	-10	-0.16578674461372303	0.24260591526778577	0.3911537436717293	-0.1485478284039435	Control	ENSG00000142583	0.7110311750599521	0.03022580323080959	FALSE	2	SLC2A5	SLC2A5
ENSG00000133142	5	15	-10	-0.16578674461372303	0.24260591526778577	0.3911537436717293	-0.1485478284039435	Control	ENSG00000133142	0.7110311750599521	-0.053431725819326203	FALSE	2	TCEAL4	TCEAL4
ENSG00000122203	169	63	106	1.7308083859629446	0.794031441513456	0.645750066613376	0.14828137490007998	AD	ENSG00000122203	0.7104982680522249	-0.06294140197355702	FALSE	2	KIAA1191	KIAA1191
ENSG00000085377	152	58	94	1.5346088896963928	0.7787103650413003	0.6304289901412203	0.14828137490007998	AD	ENSG00000085377	0.7104982680522249	-0.1935048203965053	FALSE	2	PREP	PREP
ENSG00000174516	19	10	9	0.1448624578083174	0.469890754063416	0.32187583266719955	0.1480149213962164	AD	ENSG00000174516	0.7099653610444977	-0.02167111626615892	FALSE	2	PELI3	PELI3
ENSG00000126860	19	10	9	0.1448624578083174	0.469890754063416	0.32187583266719955	0.1480149213962164	AD	ENSG00000126860	0.7099653610444977	0.16517662620478646	FALSE	2	EVI2A	EVI2A
ENSG00000004455	1	4	-3	-0.05133703845823445	0.04782840394351186	0.1957100985877964	-0.14788169464428458	Control	ENSG00000004455	0.7065014654942713	0.00367245861897203	FALSE	2	AK2	AK2
ENSG00000253284	1	4	-3	-0.05133703845823445	0.04782840394351186	0.1957100985877964	-0.14788169464428458	Control	ENSG00000253284	0.7065014654942713	0.2355049941531888	FALSE	2	NA	ENSG00000253284
ENSG00000197816	1	4	-3	-0.05133703845823445	0.04782840394351186	0.1957100985877964	-0.14788169464428458	Control	ENSG00000197816	0.7065014654942713	0.08932340400556082	FALSE	2	CCDC180	CCDC180
ENSG00000092969	1	4	-3	-0.05133703845823445	0.04782840394351186	0.1957100985877964	-0.14788169464428458	Control	ENSG00000092969	0.7065014654942713	0.10637989516476054	FALSE	2	TGFB2	TGFB2
ENSG00000158286	1	4	-3	-0.05133703845823445	0.04782840394351186	0.1957100985877964	-0.14788169464428458	Control	ENSG00000158286	0.7065014654942713	0.11346317579759368	FALSE	2	RNF207	RNF207
ENSG00000278864	1	4	-3	-0.05133703845823445	0.04782840394351186	0.1957100985877964	-0.14788169464428458	Control	ENSG00000278864	0.7065014654942713	0.01535895842667933	FALSE	2	NA	ENSG00000278864
ENSG00000116704	1	4	-3	-0.05133703845823445	0.04782840394351186	0.1957100985877964	-0.14788169464428458	Control	ENSG00000116704	0.7065014654942713	0.05339445577277679	FALSE	2	SLC35D1	SLC35D1
ENSG00000196353	1	4	-3	-0.05133703845823445	0.04782840394351186	0.1957100985877964	-0.14788169464428458	Control	ENSG00000196353	0.7065014654942713	-0.17205145214295214	FALSE	2	CPNE4	CPNE4
ENSG00000172201	1	4	-3	-0.05133703845823445	0.04782840394351186	0.1957100985877964	-0.14788169464428458	Control	ENSG00000172201	0.7065014654942713	0.16745505685481632	FALSE	2	ID4	ID4
ENSG00000198218	1	4	-3	-0.05133703845823445	0.04782840394351186	0.1957100985877964	-0.14788169464428458	Control	ENSG00000198218	0.7065014654942713	0.00304609481061035	FALSE	2	QRICH1	QRICH1
ENSG00000130396	1	4	-3	-0.05133703845823445	0.04782840394351186	0.1957100985877964	-0.14788169464428458	Control	ENSG00000130396	0.7065014654942713	0.04483444926986202	FALSE	2	AFDN	AFDN
ENSG00000106799	1	4	-3	-0.05133703845823445	0.04782840394351186	0.1957100985877964	-0.14788169464428458	Control	ENSG00000106799	0.7065014654942713	0.15001291905552885	FALSE	2	TGFBR1	TGFBR1
ENSG00000132429	1	4	-3	-0.05133703845823445	0.04782840394351186	0.1957100985877964	-0.14788169464428458	Control	ENSG00000132429	0.7065014654942713	-0.11674417581104723	FALSE	2	POPDC3	POPDC3
ENSG00000109099	1	4	-3	-0.05133703845823445	0.04782840394351186	0.1957100985877964	-0.14788169464428458	Control	ENSG00000109099	0.7065014654942713	-0.0599195535958259	FALSE	2	PMP22	PMP22
ENSG00000060982	1	4	-3	-0.05133703845823445	0.04782840394351186	0.1957100985877964	-0.14788169464428458	Control	ENSG00000060982	0.7065014654942713	-0.30461069852465883	FALSE	2	BCAT1	BCAT1
ENSG00000173674	1	4	-3	-0.05133703845823445	0.04782840394351186	0.1957100985877964	-0.14788169464428458	Control	ENSG00000173674	0.7065014654942713	-0.12341703480291956	FALSE	2	EIF1AX	EIF1AX
ENSG00000259706	1	4	-3	-0.05133703845823445	0.04782840394351186	0.1957100985877964	-0.14788169464428458	Control	ENSG00000259706	0.7065014654942713	0.03920112242373097	FALSE	2	HSP90B2P	HSP90B2P
ENSG00000128274	1	4	-3	-0.05133703845823445	0.04782840394351186	0.1957100985877964	-0.14788169464428458	Control	ENSG00000128274	0.7065014654942713	0.09692611466390222	FALSE	2	A4GALT	A4GALT
ENSG00000074695	1	4	-3	-0.05133703845823445	0.04782840394351186	0.1957100985877964	-0.14788169464428458	Control	ENSG00000074695	0.7065014654942713	-0.01907169673437181	FALSE	2	LMAN1	LMAN1
ENSG00000164620	1	4	-3	-0.05133703845823445	0.04782840394351186	0.1957100985877964	-0.14788169464428458	Control	ENSG00000164620	0.7065014654942713	-0.2154967038397988	FALSE	2	RELL2	RELL2
ENSG00000110719	1	4	-3	-0.05133703845823445	0.04782840394351186	0.1957100985877964	-0.14788169464428458	Control	ENSG00000110719	0.7065014654942713	0.10911889251538832	FALSE	2	TCIRG1	TCIRG1
ENSG00000125962	1	4	-3	-0.05133703845823445	0.04782840394351186	0.1957100985877964	-0.14788169464428458	Control	ENSG00000125962	0.7065014654942713	-0.21570052824234587	FALSE	2	ARMCX5	ARMCX5
ENSG00000215305	1	4	-3	-0.05133703845823445	0.04782840394351186	0.1957100985877964	-0.14788169464428458	Control	ENSG00000215305	0.7065014654942713	-0.1139614433681313	FALSE	2	VPS16	VPS16
ENSG00000122012	1	4	-3	-0.05133703845823445	0.04782840394351186	0.1957100985877964	-0.14788169464428458	Control	ENSG00000122012	0.7065014654942713	-0.20950899828668845	FALSE	2	SV2C	SV2C
ENSG00000100146	21	11	10	0.16121241583053006	0.4845456967759126	0.33679722888355984	0.14774846789235274	AD	ENSG00000100146	0.7031707966959766	0.29369476822875384	FALSE	2	SOX10	SOX10
ENSG00000243156	23	12	11	0.1775623738527427	0.5001332267519318	0.35251798561151076	0.14761524114042107	AD	ENSG00000243156	0.7029043431921129	0.06249787670326512	FALSE	2	MICAL3	MICAL3
ENSG00000047056	254	86	168	2.7445057833401294	0.843591793232081	0.69597655209166	0.14761524114042102	AD	ENSG00000047056	0.7026378896882494	-0.11802112592953408	FALSE	2	WDR37	WDR37
ENSG00000144730	10	27	-17	-0.2802364507692116	0.35251798561151076	0.4998667732480682	-0.14734878763655743	Control	ENSG00000144730	0.7022382094324541	0.01602022525434243	FALSE	2	IL17RD	IL17RD
ENSG00000269343	10	27	-17	-0.2802364507692116	0.35251798561151076	0.4998667732480682	-0.14734878763655743	Control	ENSG00000269343	0.7022382094324541	0.11904362145588632	FALSE	2	ZNF587B	ZNF587B
ENSG00000136238	50	25	25	0.40646178616371986	0.6334932054356515	0.48627764455102584	0.14721556088462562	AD	ENSG00000136238	0.7018385291766587	-0.07272460556144189	FALSE	2	RAC1	RAC1
ENSG00000131238	271	91	180	2.9407052796066813	0.8518518518518519	0.704769517719158	0.1470823341326939	AD	ENSG00000131238	0.7015720756727951	-0.126762854029435	FALSE	2	PPT1	PPT1
ENSG00000132563	30	16	14	0.22661224791938067	0.5494271249666933	0.4023447908339995	0.14708233413269384	AD	ENSG00000132563	0.7013056221689316	-0.02996468250503525	FALSE	2	REEP2	REEP2
ENSG00000166226	75	34	41	0.6680611145191223	0.689714894750866	0.5428990141220357	0.14681588062883033	AD	ENSG00000166226	0.701039168665068	-0.08502835019619859	FALSE	2	CCT2	CCT2
ENSG00000083857	17	47	-30	-0.4927859050579761	0.4495070610178524	0.5957900346389555	-0.14628297362110315	Control	ENSG00000083857	0.7007727151612043	0.11376794294051784	FALSE	2	FAT1	FAT1
ENSG00000009307	15	40	-25	-0.4110361149469128	0.4237942978950173	0.5700772715161204	-0.1462829736211031	Control	ENSG00000009307	0.7005062616573408	-0.0266567349190705	FALSE	2	CSDE1	CSDE1
ENSG00000173372	11	29	-18	-0.2965864087914242	0.3675726085798029	0.5135891286970423	-0.14601652011723948	Control	ENSG00000173372	0.7002398081534772	0.0662451878454835	FALSE	2	C1QA	C1QA
ENSG00000091656	21	58	-37	-0.6072356112134647	0.4845456967759126	0.6304289901412203	-0.14588329336530775	Control	ENSG00000091656	0.6999733546496136	0.11693707779696004	FALSE	2	ZFHX4	ZFHX4
ENSG00000100221	57	28	29	0.4718616182525705	0.65201172395417	0.5063948840927258	0.14561683986144414	AD	ENSG00000100221	0.6997069011457501	-0.06325567399894538	FALSE	2	JOSD1	JOSD1
ENSG00000097007	45	132	-87	-1.4247335123240974	0.6179056754596323	0.7633892885691447	-0.1454836131095124	Control	ENSG00000097007	0.6994404476418865	0.1145851249776797	FALSE	2	ABL1	ABL1
ENSG00000163032	45	23	22	0.3574119120970819	0.6179056754596323	0.4728217426059153	0.145083932853717	AD	ENSG00000163032	0.6990407673860911	-0.5109920858114254	FALSE	2	VSNL1	VSNL1
ENSG00000125356	45	23	22	0.3574119120970819	0.6179056754596323	0.4728217426059153	0.145083932853717	AD	ENSG00000125356	0.6990407673860911	-0.16940952667342124	FALSE	2	NDUFA1	NDUFA1
ENSG00000184347	2	7	-5	-0.08403695450265977	0.12283506528110844	0.2675193178790301	-0.14468425259792167	Control	ENSG00000184347	0.697841726618705	0.08219101468919732	FALSE	2	SLIT3	SLIT3
ENSG00000143858	2	7	-5	-0.08403695450265977	0.12283506528110844	0.2675193178790301	-0.14468425259792167	Control	ENSG00000143858	0.697841726618705	-0.39513513152314417	FALSE	2	SYT2	SYT2
ENSG00000011198	2	7	-5	-0.08403695450265977	0.12283506528110844	0.2675193178790301	-0.14468425259792167	Control	ENSG00000011198	0.697841726618705	0.02829990025935025	FALSE	2	ABHD5	ABHD5
ENSG00000117713	2	7	-5	-0.08403695450265977	0.12283506528110844	0.2675193178790301	-0.14468425259792167	Control	ENSG00000117713	0.697841726618705	0.09081457710271934	FALSE	2	ARID1A	ARID1A
ENSG00000071991	2	7	-5	-0.08403695450265977	0.12283506528110844	0.2675193178790301	-0.14468425259792167	Control	ENSG00000071991	0.697841726618705	0.16610028175458602	FALSE	2	CDH19	CDH19
ENSG00000141552	2	7	-5	-0.08403695450265977	0.12283506528110844	0.2675193178790301	-0.14468425259792167	Control	ENSG00000141552	0.697841726618705	-0.05332908684042792	FALSE	2	ANAPC11	ANAPC11
ENSG00000177303	2	7	-5	-0.08403695450265977	0.12283506528110844	0.2675193178790301	-0.14468425259792167	Control	ENSG00000177303	0.697841726618705	0.02571164302380069	FALSE	2	CASKIN2	CASKIN2
ENSG00000174099	16	43	-27	-0.4437360309913381	0.4373834265920597	0.5819344524380495	-0.14455102584598983	Control	ENSG00000174099	0.6967759126032508	0.18003579165906558	FALSE	2	MSRB3	MSRB3
ENSG00000170899	26	14	12	0.19391233187495535	0.5242472688515853	0.3799626965094591	0.14428457234212627	AD	ENSG00000170899	0.6962430055955235	-0.2112287421875365	FALSE	2	GSTA4	GSTA4
ENSG00000030419	26	14	12	0.19391233187495535	0.5242472688515853	0.3799626965094591	0.14428457234212627	AD	ENSG00000030419	0.6962430055955235	0.12667583150032513	FALSE	2	IKZF2	IKZF2
ENSG00000214753	26	14	12	0.19391233187495535	0.5242472688515853	0.3799626965094591	0.14428457234212627	AD	ENSG00000214753	0.6962430055955235	-0.0191031779389359	FALSE	2	HNRNPUL2	HNRNPUL2
ENSG00000101132	71	212	-141	-2.3076312455235803	0.6817212896349587	0.8258726352251532	-0.1441513455901945	Control	ENSG00000101132	0.6957100985877964	-0.16828066437023992	FALSE	2	PFDN4	PFDN4
ENSG00000121769	67	32	35	0.5699613663858464	0.6746602717825739	0.530775379696243	0.14388489208633093	AD	ENSG00000121769	0.6954436450839329	-0.26709328948269473	FALSE	2	FABP3	FABP3
ENSG00000105793	6	17	-11	-0.18213670263593568	0.2696509459099387	0.4132693844924061	-0.14361843858246737	Control	ENSG00000105793	0.6951771915800693	-0.14148755175917138	FALSE	2	GTPBP10	GTPBP10
ENSG00000182180	9	24	-15	-0.2475365347247863	0.3361310951239009	0.4794830802025047	-0.1433519850786038	Control	ENSG00000182180	0.6949107380762057	-0.08064523519609779	FALSE	2	MRPS16	MRPS16
ENSG00000159189	17	46	-29	-0.4764359470357635	0.4495070610178524	0.592326139088729	-0.14281907807087665	Control	ENSG00000159189	0.6943778310684785	0.16022006544021217	FALSE	2	C1QC	C1QC
ENSG00000260565	17	46	-29	-0.4764359470357635	0.4495070610178524	0.592326139088729	-0.14281907807087665	Control	ENSG00000260565	0.6943778310684785	0.06354184573369359	FALSE	2	ERVK13-1	ERVK13-1
ENSG00000044459	17	46	-29	-0.4764359470357635	0.4495070610178524	0.592326139088729	-0.14281907807087665	Control	ENSG00000044459	0.6943778310684785	0.10430838582316326	FALSE	2	CNTLN	CNTLN
ENSG00000166946	134	372	-238	-3.893577173678208	0.7624567013056222	0.9047428723687716	-0.14228617106314945	Control	ENSG00000166946	0.6938449240607514	-0.02683270805496995	FALSE	2	CCNDBP1	CCNDBP1
ENSG00000101974	29	16	13	0.21026228989716805	0.5442312816413536	0.4023447908339995	0.1418864908073541	AD	ENSG00000101974	0.6935784705568878	0.15616700392370575	FALSE	2	ATP11C	ATP11C
ENSG00000218739	75	35	40	0.6517111564969097	0.689714894750866	0.548361310951239	0.14135358379962704	AD	ENSG00000218739	0.6933120170530243	-0.16510870721157112	FALSE	2	CEBPZOS	CEBPZOS
ENSG00000100462	89	40	49	0.7988607786968236	0.7112976285638156	0.5700772715161204	0.1412203570476952	AD	ENSG00000100462	0.6930455635491607	-0.10482854187121048	FALSE	2	PRMT5	PRMT5
ENSG00000184144	20	11	9	0.1448624578083174	0.478017585931255	0.33679722888355984	0.14122035704769514	AD	ENSG00000184144	0.6926458832933653	0.06824901856194643	FALSE	2	CNTN2	CNTN2
ENSG00000104324	20	11	9	0.1448624578083174	0.478017585931255	0.33679722888355984	0.14122035704769514	AD	ENSG00000104324	0.6926458832933653	0.16575047066193527	FALSE	2	CPQ	CPQ
ENSG00000140022	15	39	-24	-0.39468615692470016	0.4237942978950173	0.5648814281907807	-0.14108713029576336	Control	ENSG00000140022	0.6922462030375699	0.11083945356477544	FALSE	2	STON2	STON2
ENSG00000144285	10	26	-16	-0.26388649274699894	0.35251798561151076	0.4933386624034106	-0.14082067679189986	Control	ENSG00000144285	0.6919797495337063	-0.18020911573831455	FALSE	2	SCN1A	SCN1A
ENSG00000140945	72	34	38	0.6190112404524843	0.6837196909139355	0.5428990141220357	0.1408206767918998	AD	ENSG00000140945	0.691580069277911	-0.2510893718832108	FALSE	2	CDH13	CDH13
ENSG00000197296	32	18	14	0.22661224791938067	0.5639488409272582	0.4231281641353584	0.1408206767918998	AD	ENSG00000197296	0.691580069277911	-0.03724483314384841	FALSE	2	FITM2	FITM2
ENSG00000105552	4	12	-8	-0.1330868285692977	0.21183053557154277	0.35251798561151076	-0.140687450039968	Control	ENSG00000105552	0.6909139355182521	0.03761561680928693	FALSE	2	BCAT2	BCAT2
ENSG00000111802	4	12	-8	-0.1330868285692977	0.21183053557154277	0.35251798561151076	-0.140687450039968	Control	ENSG00000111802	0.6909139355182521	0.02676138718971721	FALSE	2	TDP2	TDP2
ENSG00000135945	4	12	-8	-0.1330868285692977	0.21183053557154277	0.35251798561151076	-0.140687450039968	Control	ENSG00000135945	0.6909139355182521	0.10708722597421529	FALSE	2	REV1	REV1
ENSG00000157152	48	25	23	0.37376187011929457	0.6268318678390621	0.48627764455102584	0.14055422328803624	AD	ENSG00000157152	0.6902478017585931	-0.00787919423850347	FALSE	2	SYN2	SYN2
ENSG00000140836	48	25	23	0.37376187011929457	0.6268318678390621	0.48627764455102584	0.14055422328803624	AD	ENSG00000140836	0.6902478017585931	0.21358320330894287	FALSE	2	ZFHX3	ZFHX3
ENSG00000165424	9	4	5	0.07946262571946677	0.3361310951239009	0.1957100985877964	0.14042099653610446	AD	ENSG00000165424	0.6893152144950706	0.1012360568933488	FALSE	2	ZCCHC24	ZCCHC24
ENSG00000164889	9	4	5	0.07946262571946677	0.3361310951239009	0.1957100985877964	0.14042099653610446	AD	ENSG00000164889	0.6893152144950706	0.1521728297388414	FALSE	2	SLC4A2	SLC4A2
ENSG00000184949	9	4	5	0.07946262571946677	0.3361310951239009	0.1957100985877964	0.14042099653610446	AD	ENSG00000184949	0.6893152144950706	0.1274640002016545	FALSE	2	FAM227A	FAM227A
ENSG00000100364	9	4	5	0.07946262571946677	0.3361310951239009	0.1957100985877964	0.14042099653610446	AD	ENSG00000100364	0.6893152144950706	0.16067419002450478	FALSE	2	KIAA0930	KIAA0930
ENSG00000105058	9	4	5	0.07946262571946677	0.3361310951239009	0.1957100985877964	0.14042099653610446	AD	ENSG00000105058	0.6893152144950706	-0.02347326084056611	FALSE	2	FAM32A	FAM32A
ENSG00000197070	7	19	-12	-0.19848666065814832	0.29349853450572877	0.4337863042899014	-0.14028776978417262	Control	ENSG00000197070	0.6883826272315481	0.09877982675791586	FALSE	2	ARRDC1	ARRDC1
ENSG00000159216	7	19	-12	-0.19848666065814832	0.29349853450572877	0.4337863042899014	-0.14028776978417262	Control	ENSG00000159216	0.6883826272315481	0.15081958053777456	FALSE	2	RUNX1	RUNX1
ENSG00000072121	37	104	-67	-1.0977343518798444	0.5855315747402078	0.7254196642685852	-0.1398880895283774	Control	ENSG00000072121	0.6879829469757527	0.06741546934227216	FALSE	2	ZFYVE26	ZFYVE26
ENSG00000164587	8	21	-13	-0.214836618680361	0.3160138555822009	0.4559019451105782	-0.13988808952837728	Control	ENSG00000164587	0.6875832667199574	-0.05474354922037783	FALSE	2	RPS14	RPS14
ENSG00000125730	8	21	-13	-0.214836618680361	0.3160138555822009	0.4559019451105782	-0.13988808952837728	Control	ENSG00000125730	0.6875832667199574	0.2161046196893892	FALSE	2	C3	C3
ENSG00000136869	18	48	-30	-0.4927859050579761	0.45976552091660006	0.5995203836930456	-0.13975486277644555	Control	ENSG00000136869	0.6869171329602984	0.2541313362013451	FALSE	2	TLR4	TLR4
ENSG00000273247	18	48	-30	-0.4927859050579761	0.45976552091660006	0.5995203836930456	-0.13975486277644555	Control	ENSG00000273247	0.6869171329602984	0.06982746077368152	FALSE	2	RAB33B-AS1	RAB33B-AS1
ENSG00000224660	18	48	-30	-0.4927859050579761	0.45976552091660006	0.5995203836930456	-0.13975486277644555	Control	ENSG00000224660	0.6869171329602984	0.12802041527192198	FALSE	2	SH3BP5-AS1	SH3BP5-AS1
ENSG00000145087	22	12	10	0.16121241583053006	0.49213962163602454	0.35251798561151076	0.13962163602451377	AD	ENSG00000145087	0.6863842259525713	-0.2590329056170262	FALSE	2	STXBP5L	STXBP5L
ENSG00000164112	43	122	-79	-1.2939338481463962	0.609912070343725	0.7492672528643751	-0.13935518252065016	Control	ENSG00000164112	0.6859845456967759	-0.2745362932850348	FALSE	2	SMIM43	SMIM43
ENSG00000128602	13	33	-20	-0.3292863248358496	0.397015720756728	0.5363709032773781	-0.13935518252065016	Control	ENSG00000128602	0.6859845456967759	0.2507683306122601	FALSE	2	SMO	SMO
ENSG00000145335	198	75	123	2.00875767234056	0.8130828670397016	0.6742605915267785	0.13882227551292303	AD	ENSG00000145335	0.6855848654409805	-0.08190447415470992	FALSE	2	SNCA	SNCA
ENSG00000172493	87	40	47	0.7661608626523982	0.7087663202771116	0.5700772715161204	0.1386890487609912	AD	ENSG00000172493	0.6851851851851852	0.06716223469689275	FALSE	2	AFF1	AFF1
ENSG00000186001	58	165	-107	-1.7517326727683509	0.654543032240874	0.7932320810018652	-0.1386890487609912	Control	ENSG00000186001	0.6851851851851852	0.0922581966797047	FALSE	2	LRCH3	LRCH3
ENSG00000133398	25	66	-41	-0.6726354433023153	0.5154543032240874	0.6540101252331468	-0.13855582200905947	Control	ENSG00000133398	0.6847855049293898	-0.11393383344682384	FALSE	2	MED10	MED10
ENSG00000276966	113	316	-203	-3.321328642900765	0.742472688515854	0.8808952837729817	-0.13842259525712763	Control	ENSG00000276966	0.6845190514255263	-0.18489908089473064	FALSE	2	H4C5	H4C5
ENSG00000100744	135	362	-227	-3.7137276354338686	0.7637889688249401	0.9018118838262724	-0.13802291500133224	Control	ENSG00000100744	0.6842525979216627	-0.1029991220165254	FALSE	2	GSKIP	GSKIP
ENSG00000134897	18	10	8	0.12851249978610474	0.45976552091660006	0.32187583266719955	0.1378896882494005	AD	ENSG00000134897	0.6838529176658673	0.0387072882652415	FALSE	2	BIVM	BIVM
ENSG00000170653	30	81	-51	-0.8361350235244418	0.5494271249666933	0.6873168132160938	-0.1378896882494005	Control	ENSG00000170653	0.6838529176658673	0.11078298485544202	FALSE	2	ATF7	ATF7
ENSG00000139200	35	96	-61	-0.9996346037465684	0.5768718358646416	0.7143618438582467	-0.1374900079936051	Control	ENSG00000139200	0.6834532374100719	0.01979262590072039	FALSE	2	PIANP	PIANP
ENSG00000145623	14	35	-21	-0.3456362828580622	0.4108713029576339	0.548361310951239	-0.13749000799360506	Control	ENSG00000145623	0.6831867839062084	-0.01110725518168465	FALSE	2	OSMR	OSMR
ENSG00000134186	5	14	-9	-0.14943678659151036	0.24260591526778577	0.3799626965094591	-0.1373567812416733	Control	ENSG00000134186	0.682787103650413	0.14079616226456437	FALSE	2	PRPF38B	PRPF38B
ENSG00000118181	5	14	-9	-0.14943678659151036	0.24260591526778577	0.3799626965094591	-0.1373567812416733	Control	ENSG00000118181	0.682787103650413	-0.05154124447908437	FALSE	2	RPS25	RPS25
ENSG00000107643	232	83	149	2.433856580918089	0.8289368505195843	0.691580069277911	0.13735678124167328	AD	ENSG00000107643	0.6823874233946177	-0.0953631474513852	FALSE	2	MAPK8	MAPK8
ENSG00000008311	19	51	-32	-0.5254858211024014	0.469890754063416	0.6067146282973621	-0.13682387423394615	Control	ENSG00000008311	0.6821209698907541	0.04177999012039812	FALSE	2	AASS	AASS
ENSG00000175727	15	8	7	0.11216254176389208	0.4237942978950173	0.28710365041300295	0.13669064748201437	AD	ENSG00000175727	0.6815880628830269	0.11221245304901473	FALSE	2	MLXIP	MLXIP
ENSG00000164442	15	8	7	0.11216254176389208	0.4237942978950173	0.28710365041300295	0.13669064748201437	AD	ENSG00000164442	0.6815880628830269	-0.1531829591113638	FALSE	2	CITED2	CITED2
ENSG00000188153	15	8	7	0.11216254176389208	0.4237942978950173	0.28710365041300295	0.13669064748201437	AD	ENSG00000188153	0.6815880628830269	0.12859181312677315	FALSE	2	COL4A5	COL4A5
ENSG00000151229	36	98	-62	-1.015984561768781	0.5808686384225953	0.7174260591526779	-0.1365574207300826	Control	ENSG00000151229	0.6810551558752997	-0.04920670146639416	FALSE	2	SLC2A13	SLC2A13
ENSG00000126457	86	40	46	0.7498109046301856	0.7065014654942713	0.5700772715161204	0.1364241939781509	AD	ENSG00000126457	0.6807887023714362	-0.07835315485305117	FALSE	2	PRMT1	PRMT1
ENSG00000183775	30	17	13	0.21026228989716805	0.5494271249666933	0.4132693844924061	0.13615774047428725	AD	ENSG00000183775	0.6805222488675726	-0.05841136200275265	FALSE	2	KCTD16	KCTD16
ENSG00000172031	12	6	6	0.09581258374167942	0.3824940047961631	0.24660271782573945	0.13589128697042366	AD	ENSG00000172031	0.6801225686117772	-0.08358899504401318	FALSE	2	EPHX4	EPHX4
ENSG00000099995	12	6	6	0.09581258374167942	0.3824940047961631	0.24660271782573945	0.13589128697042366	AD	ENSG00000099995	0.6801225686117772	-0.07584968813849002	FALSE	2	SF3A1	SF3A1
ENSG00000173418	63	32	31	0.5045615342969958	0.6665334399147349	0.530775379696243	0.1357580602184919	AD	ENSG00000173418	0.6797228883559819	-0.17677854517665814	FALSE	2	NAA20	NAA20
ENSG00000197603	20	53	-33	-0.5418357791246141	0.478017585931255	0.6132427391420198	-0.13522515321076478	Control	ENSG00000197603	0.6794564348521183	0.05555115739064753	FALSE	2	CPLANE1	CPLANE1
ENSG00000133878	44	24	20	0.3247119960526566	0.614308553157474	0.4794830802025047	0.13482547295496933	AD	ENSG00000133878	0.679056754596323	0.05828282535250473	FALSE	2	DUSP26	DUSP26
ENSG00000172081	38	21	17	0.27566212198601864	0.5907274180655475	0.4559019451105782	0.13482547295496933	AD	ENSG00000172081	0.679056754596323	0.09985460149908044	FALSE	2	MOB3A	MOB3A
ENSG00000188229	32	87	-55	-0.9015348556132924	0.5639488409272582	0.697841726618705	-0.13389288569144686	Control	ENSG00000188229	0.6786570743405276	-0.224433041853775	FALSE	2	TUBB4B	TUBB4B
ENSG00000082397	40	22	18	0.2920120800082313	0.5987210231814548	0.464828137490008	0.1338928856914468	AD	ENSG00000082397	0.678390620836664	-0.19912247161522245	FALSE	2	EPB41L3	EPB41L3
ENSG00000126070	13	32	-19	-0.3129363668136369	0.397015720756728	0.530775379696243	-0.13375965893951502	Control	ENSG00000126070	0.6781241673328005	0.0951282086748062	FALSE	2	AGO3	AGO3
ENSG00000145241	26	67	-41	-0.6726354433023153	0.5242472688515853	0.6576072475353051	-0.13335997868371974	Control	ENSG00000145241	0.67772448707700506	0.08797246676151893	FALSE	2	CENPC	CENPC
ENSG00000138442	26	67	-41	-0.6726354433023153	0.5242472688515853	0.6576072475353051	-0.13335997868371974	Control	ENSG00000138442	0.67772448707700506	-0.08137531759035888	FALSE	2	WDR12	WDR12
ENSG00000131095	7	3	4	0.06311266769725413	0.29349853450572877	0.16027178257394084	0.13322675193178793	AD	ENSG00000131095	0.6766586730615508	0.28094057006937945	FALSE	2	GFAP	GFAP
ENSG00000071054	7	3	4	0.06311266769725413	0.29349853450572877	0.16027178257394084	0.13322675193178793	AD	ENSG00000071054	0.6766586730615508	0.33686623467467847	FALSE	2	MAP4K4	MAP4K4
ENSG00000138119	7	3	4	0.06311266769725413	0.29349853450572877	0.16027178257394084	0.13322675193178793	AD	ENSG00000138119	0.6766586730615508	0.08882200552086239	FALSE	2	MYOF	MYOF
ENSG00000117143	7	3	4	0.06311266769725413	0.29349853450572877	0.16027178257394084	0.13322675193178793	AD	ENSG00000117143	0.6766586730615508	-0.01068494471769554	FALSE	2	UAP1	UAP1
ENSG00000141524	7	3	4	0.06311266769725413	0.29349853450572877	0.16027178257394084	0.13322675193178793	AD	ENSG00000141524	0.6766586730615508	0.12621958045652626	FALSE	2	TMC6	TMC6
ENSG00000151338	7	3	4	0.06311266769725413	0.29349853450572877	0.16027178257394084	0.13322675193178793	AD	ENSG00000151338	0.6766586730615508	0.04061290434655618	FALSE	2	MIPOL1	MIPOL1
ENSG00000163468	26	15	11	0.1775623738527427	0.5242472688515853	0.3911537436717293	0.13309352517985606	AD	ENSG00000163468	0.6757260857980283	-0.0812230995944212	FALSE	2	CCT3	CCT3
ENSG00000141759	21	54	-33	-0.5418357791246141	0.4845456967759126	0.617505995203837	-0.1329602984279244	Control	ENSG00000141759	0.6754596322941646	-0.03061928693920812	FALSE	2	TXNL4A	TXNL4A
ENSG00000164163	75	37	38	0.6190112404524843	0.689714894750866	0.5568878230748734	0.1328270716759926	AD	ENSG00000164163	0.6750599520383693	-0.16802620985676775	FALSE	2	ABCE1	ABCE1
ENSG00000249915	23	13	10	0.16121241583053006	0.5001332267519318	0.3673061550759392	0.1328270716759926	AD	ENSG00000249915	0.6750599520383693	0.05969650591738862	FALSE	2	PDCD6	PDCD6
ENSG00000119321	6	16	-10	-0.16578674461372303	0.2696509459099387	0.4023447908339995	-0.13269384492406078	Control	ENSG00000119321	0.6745270450306422	0.05291614278866952	FALSE	2	FKBP15	FKBP15
ENSG00000261879	6	16	-10	-0.16578674461372303	0.2696509459099387	0.4023447908339995	-0.13269384492406078	Control	ENSG00000261879	0.6745270450306422	0.0596576259499324	FALSE	2	ZNF594-DT	ZNF594-DT
ENSG00000117758	239	88	151	2.4665564969625144	0.8325339728217426	0.6998401278976819	0.13269384492406067	AD	ENSG00000117758	0.6741273647748468	-0.113818599207546	FALSE	2	STX12	STX12
ENSG00000103266	133	343	-210	-3.4357783490562537	0.7612576605382361	0.8936850519584333	-0.13242739142019722	Control	ENSG00000103266	0.6737276845190514	-0.04712337870322258	FALSE	2	STUB1	STUB1
ENSG00000145354	60	162	-102	-1.6699828826572871	0.6578737010391686	0.7903010924593659	-0.13242739142019722	Control	ENSG00000145354	0.6737276845190514	-0.0377015828403735	FALSE	2	CISD2	CISD2
ENSG00000134250	43	117	-74	-1.212184058035333	0.609912070343725	0.7422062350119905	-0.1322941646682655	Control	ENSG00000134250	0.673328004263256	0.1835438927382338	FALSE	2	NOTCH2	NOTCH2
ENSG00000182934	345	124	221	3.6110535585174	0.8835598188116174	0.751265654143352	0.13229416466826538	AD	ENSG00000182934	0.6723954169997336	-0.12329528668125178	FALSE	2	SRPRA	SRPRA
ENSG00000173327	16	9	7	0.11216254176389208	0.4373834265920597	0.3050892619237943	0.13229416466826538	AD	ENSG00000173327	0.6723954169997336	0.07282618430187782	FALSE	2	MAP3K11	MAP3K11
ENSG00000122786	16	9	7	0.11216254176389208	0.4373834265920597	0.3050892619237943	0.13229416466826538	AD	ENSG00000122786	0.6723954169997336	0.1939921561730351	FALSE	2	CALD1	CALD1
ENSG00000123066	22	56	-34	-0.5581857371468267	0.49213962163602454	0.6244337863042899	-0.13229416466826538	Control	ENSG00000123066	0.6723954169997336	0.14440719600779597	FALSE	2	MED13L	MED13L
ENSG00000160445	16	9	7	0.11216254176389208	0.4373834265920597	0.3050892619237943	0.13229416466826538	AD	ENSG00000160445	0.6723954169997336	-0.04164243120353994	FALSE	2	ZER1	ZER1
ENSG00000141338	16	9	7	0.11216254176389208	0.4373834265920597	0.3050892619237943	0.13229416466826538	AD	ENSG00000141338	0.6723954169997336	0.10830388933029234	FALSE	2	ABCA8	ABCA8
ENSG00000168259	155	402	-247	-4.040726795878122	0.7812416733280043	0.913402611244338	-0.13216093791633354	Control	ENSG00000168259	0.6714628297362111	-0.05524836893511065	FALSE	2	DNAJC7	DNAJC7
ENSG00000286318	3	9	-6	-0.10038691252487242	0.17306155075939247	0.3050892619237943	-0.13202771116440185	Control	ENSG00000286318	0.6699973354649613	0.2228672347784526	FALSE	2	NA	ENSG00000286318
ENSG00000204287	3	9	-6	-0.10038691252487242	0.17306155075939247	0.3050892619237943	-0.13202771116440185	Control	ENSG00000204287	0.6699973354649613	0.24750039731682705	FALSE	2	HLA-DRA	HLA-DRA
ENSG00000157388	3	9	-6	-0.10038691252487242	0.17306155075939247	0.3050892619237943	-0.13202771116440185	Control	ENSG00000157388	0.6699973354649613	0.139746652957923	FALSE	2	CACNA1D	CACNA1D
ENSG00000167972	3	9	-6	-0.10038691252487242	0.17306155075939247	0.3050892619237943	-0.13202771116440185	Control	ENSG00000167972	0.6699973354649613	-0.07873410009782411	FALSE	2	ABCA3	ABCA3
ENSG00000204308	3	9	-6	-0.10038691252487242	0.17306155075939247	0.3050892619237943	-0.13202771116440185	Control	ENSG00000204308	0.6699973354649613	-0.05485341901947827	FALSE	2	RNF5	RNF5
ENSG00000134508	3	9	-6	-0.10038691252487242	0.17306155075939247	0.3050892619237943	-0.13202771116440185	Control	ENSG00000134508	0.6699973354649613	0.09416010702200062	FALSE	2	CABLES1	CABLES1
ENSG00000184371	3	9	-6	-0.10038691252487242	0.17306155075939247	0.3050892619237943	-0.13202771116440185	Control	ENSG00000184371	0.6699973354649613	0.13796949602189024	FALSE	2	CSF1	CSF1
ENSG00000197771	3	9	-6	-0.10038691252487242	0.17306155075939247	0.3050892619237943	-0.13202771116440185	Control	ENSG00000197771	0.6699973354649613	0.05995175164639832	FALSE	2	MCMBP	MCMBP
ENSG00000196204	3	9	-6	-0.10038691252487242	0.17306155075939247	0.3050892619237943	-0.13202771116440185	Control	ENSG00000196204	0.6699973354649613	0.09185588570492342	FALSE	2	RNF216P1	RNF216P1
ENSG00000254377	3	9	-6	-0.10038691252487242	0.17306155075939247	0.3050892619237943	-0.13202771116440185	Control	ENSG00000254377	0.6699973354649613	0.11422465170145912	FALSE	2	MIR124-2HG	MIR124-2HG
ENSG00000102172	98	252	-154	-2.5201806998123453	0.7215560884625632	0.8535837996269651	-0.13202771116440182	Control	ENSG00000102172	0.6685318411937117	-0.13963693299489854	FALSE	2	SMS	SMS
ENSG00000102935	14	34	-20	-0.3292863248358496	0.4108713029576339	0.5428990141220357	-0.13202771116440176	Control	ENSG00000102935	0.6681321609379164	0.146997536842294	FALSE	2	ZNF423	ZNF423
ENSG00000168288	14	34	-20	-0.3292863248358496	0.4108713029576339	0.5428990141220357	-0.13202771116440176	Control	ENSG00000168288	0.6681321609379164	-0.05171323963473995	FALSE	2	MMADHC	MMADHC
ENSG00000143621	181	74	107	1.7471583439851577	0.8037569944044765	0.6718625099920064	0.1318944844124701	AD	ENSG00000143621	0.667732480682121	-0.08268546068650373	FALSE	2	ILF2	ILF2
ENSG00000178947	35	20	15	0.24296220594159332	0.5768718358646416	0.44537703170796694	0.1314948041566747	AD	ENSG00000178947	0.6674660271782574	-0.1498508047430196	FALSE	2	SMIM10L2A	SMIM10L2A
ENSG00000134748	12	29	-17	-0.2802364507692116	0.3824940047961631	0.5135891286970423	-0.13109512390087924	Control	ENSG00000134748	0.667066346922462	0.03560346182059426	FALSE	2	PRPF38A	PRPF38A
ENSG00000148120	12	29	-17	-0.2802364507692116	0.3824940047961631	0.5135891286970423	-0.13109512390087924	Control	ENSG00000148120	0.667066346922462	0.02365063103282771	FALSE	2	AOPEP	AOPEP
ENSG00000173786	29	17	12	0.19391233187495535	0.5442312816413536	0.4132693844924061	0.13096189714894751	AD	ENSG00000173786	0.6665334399147349	0.02485729764675781	FALSE	2	CNP	CNP
ENSG00000154642	29	17	12	0.19391233187495535	0.5442312816413536	0.4132693844924061	0.13096189714894751	AD	ENSG00000154642	0.6665334399147349	0.06450287921287057	FALSE	2	C21orf91	C21orf91
ENSG00000114127	3	1	2	0.03041275165282881	0.17306155075939247	0.04209965361044498	0.1309618971489475	AD	ENSG00000114127	0.6633359978683719	0.05487173936494294	FALSE	2	XRN1	XRN1
ENSG00000175066	3	1	2	0.03041275165282881	0.17306155075939247	0.04209965361044498	0.1309618971489475	AD	ENSG00000175066	0.6633359978683719	0.04368922341895676	FALSE	2	GK5	GK5
ENSG00000137802	3	1	2	0.03041275165282881	0.17306155075939247	0.04209965361044498	0.1309618971489475	AD	ENSG00000137802	0.6633359978683719	0.10684894499546972	FALSE	2	MAPKBP1	MAPKBP1
ENSG00000145545	3	1	2	0.03041275165282881	0.17306155075939247	0.04209965361044498	0.1309618971489475	AD	ENSG00000145545	0.6633359978683719	-0.11637289576659704	FALSE	2	SRD5A1	SRD5A1
ENSG00000182054	3	1	2	0.03041275165282881	0.17306155075939247	0.04209965361044498	0.1309618971489475	AD	ENSG00000182054	0.6633359978683719	-0.1797790258673455	FALSE	2	IDH2	IDH2
ENSG00000106683	3	1	2	0.03041275165282881	0.17306155075939247	0.04209965361044498	0.1309618971489475	AD	ENSG00000106683	0.6633359978683719	-0.2075662245527159	FALSE	2	LIMK1	LIMK1
ENSG00000116731	3	1	2	0.03041275165282881	0.17306155075939247	0.04209965361044498	0.1309618971489475	AD	ENSG00000116731	0.6633359978683719	-0.1367637891695317	FALSE	2	PRDM2	PRDM2
ENSG00000103647	3	1	2	0.03041275165282881	0.17306155075939247	0.04209965361044498	0.1309618971489475	AD	ENSG00000103647	0.6633359978683719	-0.1215320970368694	FALSE	2	CORO2B	CORO2B
ENSG00000113758	3	1	2	0.03041275165282881	0.17306155075939247	0.04209965361044498	0.1309618971489475	AD	ENSG00000113758	0.6633359978683719	0.05570462275339949	FALSE	2	DBN1	DBN1
ENSG00000178381	3	1	2	0.03041275165282881	0.17306155075939247	0.04209965361044498	0.1309618971489475	AD	ENSG00000178381	0.6633359978683719	-0.12184489133347398	FALSE	2	ZFAND2A	ZFAND2A
ENSG00000160447	3	1	2	0.03041275165282881	0.17306155075939247	0.04209965361044498	0.1309618971489475	AD	ENSG00000160447	0.6633359978683719	0.17229487247087416	FALSE	2	PKN3	PKN3
ENSG00000150756	3	1	2	0.03041275165282881	0.17306155075939247	0.04209965361044498	0.1309618971489475	AD	ENSG00000150756	0.6633359978683719	0.08700297990358408	FALSE	2	ATPSCKMT	ATPSCKMT
ENSG00000095383	3	1	2	0.03041275165282881	0.17306155075939247	0.04209965361044498	0.1309618971489475	AD	ENSG00000095383	0.6633359978683719	0.06736428482938983	FALSE	2	TBC1D2	TBC1D2
ENSG00000079308	3	1	2	0.03041275165282881	0.17306155075939247	0.04209965361044498	0.1309618971489475	AD	ENSG00000079308	0.6633359978683719	0.33398438171372646	FALSE	2	TNS1	TNS1
ENSG00000120278	3	1	2	0.03041275165282881	0.17306155075939247	0.04209965361044498	0.1309618971489475	AD	ENSG00000120278	0.6633359978683719	0.08362855996851692	FALSE	2	PLEKHG1	PLEKHG1
ENSG00000146826	3	1	2	0.03041275165282881	0.17306155075939247	0.04209965361044498	0.1309618971489475	AD	ENSG00000146826	0.6633359978683719	-0.02678050233461348	FALSE	2	TRAPPC14	TRAPPC14
ENSG00000143753	3	1	2	0.03041275165282881	0.17306155075939247	0.04209965361044498	0.1309618971489475	AD	ENSG00000143753	0.6633359978683719	0.01626889632452943	FALSE	2	DEGS1	DEGS1
ENSG00000184992	3	1	2	0.03041275165282881	0.17306155075939247	0.04209965361044498	0.1309618971489475	AD	ENSG00000184992	0.6633359978683719	-0.02358223928993119	FALSE	2	BRI3BP	BRI3BP
ENSG00000010818	3	1	2	0.03041275165282881	0.17306155075939247	0.04209965361044498	0.1309618971489475	AD	ENSG00000010818	0.6633359978683719	-0.11922299679832092	FALSE	2	HIVEP2	HIVEP2
ENSG00000168216	3	1	2	0.03041275165282881	0.17306155075939247	0.04209965361044498	0.1309618971489475	AD	ENSG00000168216	0.6633359978683719	-0.04189248342151686	FALSE	2	LMBRD1	LMBRD1
ENSG00000110786	3	1	2	0.03041275165282881	0.17306155075939247	0.04209965361044498	0.1309618971489475	AD	ENSG00000110786	0.6633359978683719	-0.09875138250031056	FALSE	2	PTPN5	PTPN5
ENSG00000102606	3	1	2	0.03041275165282881	0.17306155075939247	0.04209965361044498	0.1309618971489475	AD	ENSG00000102606	0.6633359978683719	-0.04830804348094197	FALSE	2	ARHGEF7	ARHGEF7
ENSG00000153956	120	55	65	1.060460107052226	0.7517985611510791	0.6208366640021317	0.13096189714894746	AD	ENSG00000153956	0.6602717825739408	-0.16010115720217577	FALSE	2	CACNA2D1	CACNA2D1
ENSG00000070159	49	27	22	0.3574119120970819	0.6305622168931522	0.4998667732480682	0.13069544364508395	AD	ENSG00000070159	0.6600053290700773	-0.3757149351731073	FALSE	2	PTPN3	PTPN3
ENSG00000152782	5	2	3	0.04676270967504147	0.24260591526778577	0.11204369837463364	0.13056221689315214	AD	ENSG00000152782	0.6574740207833732	-0.08515409255589113	FALSE	2	PANK1	PANK1
ENSG00000173214	5	2	3	0.04676270967504147	0.24260591526778577	0.11204369837463364	0.13056221689315214	AD	ENSG00000173214	0.6574740207833732	0.07336818027027281	FALSE	2	MFSD4B	MFSD4B
ENSG00000054277	5	2	3	0.04676270967504147	0.24260591526778577	0.11204369837463364	0.13056221689315214	AD	ENSG00000054277	0.6574740207833732	-0.1704769618479931	FALSE	2	OPN3	OPN3
ENSG00000143473	5	2	3	0.04676270967504147	0.24260591526778577	0.11204369837463364	0.13056221689315214	AD	ENSG00000143473	0.6574740207833732	-0.139885067605082	FALSE	2	KCNH1	KCNH1
ENSG00000070831	5	2	3	0.04676270967504147	0.24260591526778577	0.11204369837463364	0.13056221689315214	AD	ENSG00000070831	0.6574740207833732	-0.0872785370615663	FALSE	2	CDC42	CDC42
ENSG00000163624	5	2	3	0.04676270967504147	0.24260591526778577	0.11204369837463364	0.13056221689315214	AD	ENSG00000163624	0.6574740207833732	-0.19597125997071352	FALSE	2	CDS1	CDS1
ENSG00000155636	5	2	3	0.04676270967504147	0.24260591526778577	0.11204369837463364	0.13056221689315214	AD	ENSG00000155636	0.6574740207833732	-0.03438488628525515	FALSE	2	RBM45	RBM45
ENSG00000198113	5	2	3	0.04676270967504147	0.24260591526778577	0.11204369837463364	0.13056221689315214	AD	ENSG00000198113	0.6574740207833732	0.07123280726633574	FALSE	2	TOR4A	TOR4A
ENSG00000113161	5	2	3	0.04676270967504147	0.24260591526778577	0.11204369837463364	0.13056221689315214	AD	ENSG00000113161	0.6574740207833732	-0.17730849462646958	FALSE	2	HMGCR	HMGCR
ENSG00000085563	5	2	3	0.04676270967504147	0.24260591526778577	0.11204369837463364	0.13056221689315214	AD	ENSG00000085563	0.6574740207833732	-0.02636888164190232	FALSE	2	ABCB1	ABCB1
ENSG00000125484	5	2	3	0.04676270967504147	0.24260591526778577	0.11204369837463364	0.13056221689315214	AD	ENSG00000125484	0.6574740207833732	0.06794309052951064	FALSE	2	GTF3C4	GTF3C4
ENSG00000112473	5	2	3	0.04676270967504147	0.24260591526778577	0.11204369837463364	0.13056221689315214	AD	ENSG00000112473	0.6574740207833732	-0.1037879177268728	FALSE	2	SLC39A7	SLC39A7
ENSG00000102241	5	2	3	0.04676270967504147	0.24260591526778577	0.11204369837463364	0.13056221689315214	AD	ENSG00000102241	0.6574740207833732	0.00289393630046674	FALSE	2	HTATSF1	HTATSF1
ENSG00000100060	5	2	3	0.04676270967504147	0.24260591526778577	0.11204369837463364	0.13056221689315214	AD	ENSG00000100060	0.6574740207833732	0.15933907378322942	FALSE	2	MFNG	MFNG
ENSG00000094631	5	2	3	0.04676270967504147	0.24260591526778577	0.11204369837463364	0.13056221689315214	AD	ENSG00000094631	0.6574740207833732	-0.00621476686193389	FALSE	2	HDAC6	HDAC6
ENSG00000181666	5	2	3	0.04676270967504147	0.24260591526778577	0.11204369837463364	0.13056221689315214	AD	ENSG00000181666	0.6574740207833732	0.00179834784642807	FALSE	2	ZNF875	ZNF875
ENSG00000079435	5	2	3	0.04676270967504147	0.24260591526778577	0.11204369837463364	0.13056221689315214	AD	ENSG00000079435	0.6574740207833732	0.06337615088374804	FALSE	2	LIPE	LIPE
ENSG00000147140	5	2	3	0.04676270967504147	0.24260591526778577	0.11204369837463364	0.13056221689315214	AD	ENSG00000147140	0.6574740207833732	0.03371083659695628	FALSE	2	NONO	NONO
ENSG00000139116	66	179	-113	-1.8498324209016264	0.6722621902478018	0.8025579536370904	-0.1302957633892886	Control	ENSG00000139116	0.6548094857447375	-0.08777797334046511	FALSE	2	KIF21A	KIF21A
ENSG00000152520	25	63	-38	-0.6235855692356773	0.5154543032240874	0.645750066613376	-0.1302957633892886	Control	ENSG00000152520	0.6548094857447375	0.10463665018433588	FALSE	2	PAN3	PAN3
ENSG00000006715	157	401	-244	-3.991676921811484	0.7832400746069811	0.9131361577404744	-0.1298960831334932	Control	ENSG00000006715	0.6544098054889422	-0.07332619888091507	FALSE	2	VPS41	VPS41
ENSG00000119403	26	66	-40	-0.6562854852801027	0.5242472688515853	0.6540101252331468	-0.1297628563815615	Control	ENSG00000119403	0.6541433519850786	0.15365387500389538	FALSE	2	PHF19	PHF19
ENSG00000162430	54	29	25	0.40646178616371986	0.643218758326672	0.5135891286970423	0.12962962962962965	AD	ENSG00000162430	0.653876898481215	0.04588907825979049	FALSE	2	SELENON	SELENON
ENSG00000100129	13	7	6	0.09581258374167942	0.397015720756728	0.2675193178790301	0.12949640287769787	AD	ENSG00000100129	0.6536104449773514	-0.0385964170459161	FALSE	2	EIF3L	EIF3L
ENSG00000062725	66	34	32	0.5209114923192084	0.6722621902478018	0.5428990141220357	0.1293631761257661	AD	ENSG00000062725	0.6533439914734879	-0.03462691749263236	FALSE	2	APPBP2	APPBP2
ENSG00000163565	8	20	-12	-0.19848666065814832	0.3160138555822009	0.44537703170796694	-0.12936317612576603	Control	ENSG00000163565	0.6528110844657607	0.10544119608271708	FALSE	2	IFI16	IFI16
ENSG00000174197	8	20	-12	-0.19848666065814832	0.3160138555822009	0.44537703170796694	-0.12936317612576603	Control	ENSG00000174197	0.6528110844657607	0.09318546948434304	FALSE	2	MGA	MGA
ENSG00000166801	8	20	-12	-0.19848666065814832	0.3160138555822009	0.44537703170796694	-0.12936317612576603	Control	ENSG00000166801	0.6528110844657607	0.19276744225779296	FALSE	2	FAM111A	FAM111A
ENSG00000149428	376	136	240	3.9217027609394406	0.897015720756728	0.7677857713828937	0.12922994937383425	AD	ENSG00000149428	0.6521449507061018	-0.13709955936150386	FALSE	2	HYOU1	HYOU1
ENSG00000089472	32	84	-52	-0.8524849815466545	0.5639488409272582	0.6931787903010924	-0.12922994937383425	Control	ENSG00000089472	0.6521449507061018	0.0556150044907131	FALSE	2	HEPH	HEPH
ENSG00000131370	206	82	124	2.0251076303627724	0.8185451638689049	0.6895816679989342	0.1289634958699707	AD	ENSG00000131370	0.6517452704503064	-0.09646203788863694	FALSE	2	SH3BP5	SH3BP5
ENSG00000152503	169	70	99	1.616358679807456	0.794031441513456	0.665201172395417	0.12883026911803896	AD	ENSG00000152503	0.6513455901945111	-0.2952572467226311	FALSE	2	TRIM36	TRIM36
ENSG00000181163	73	37	36	0.5863113244080591	0.6857180921929124	0.5568878230748734	0.12883026911803896	AD	ENSG00000181163	0.6513455901945111	-0.1009039501617579	FALSE	2	NPM1	NPM1
ENSG00000187164	10	5	5	0.07946262571946677	0.35251798561151076	0.22368771649347188	0.12883026911803888	AD	ENSG00000187164	0.6505462296829203	0.06431719214456244	FALSE	2	SHTN1	SHTN1
ENSG00000117298	10	5	5	0.07946262571946677	0.35251798561151076	0.22368771649347188	0.12883026911803888	AD	ENSG00000117298	0.6505462296829203	0.10333448913587873	FALSE	2	ECE1	ECE1
ENSG00000126822	10	5	5	0.07946262571946677	0.35251798561151076	0.22368771649347188	0.12883026911803888	AD	ENSG00000126822	0.6505462296829203	0.11476700287075305	FALSE	2	PLEKHG3	PLEKHG3
ENSG00000101546	10	5	5	0.07946262571946677	0.35251798561151076	0.22368771649347188	0.12883026911803888	AD	ENSG00000101546	0.6505462296829203	0.04661675702022805	FALSE	2	RBFA	RBFA
ENSG00000104967	9	22	-13	-0.214836618680361	0.3361310951239009	0.464828137490008	-0.12869704236610713	Control	ENSG00000104967	0.6498800959232613	-0.03023195339467044	FALSE	2	NOVA2	NOVA2
ENSG00000185760	65	171	-106	-1.7353827147461378	0.6697308819610978	0.7976285638156142	-0.12789768185451644	Control	ENSG00000185760	0.6496136424193978	-0.18945310332302337	FALSE	2	KCNQ5	KCNQ5
ENSG00000119509	64	169	-105	-1.7190327567239252	0.6681321609379164	0.7958966160405009	-0.1277644551025845	Control	ENSG00000119509	0.6492139621636025	0.1124597533983831	FALSE	2	INVS	INVS
ENSG00000188021	84	41	43	0.7007610305635477	0.7029043431921129	0.5751398880895284	0.1277644551025845	AD	ENSG00000188021	0.6492139621636025	0.00317491142124559	FALSE	2	UBQLN2	UBQLN2
ENSG00000105778	17	10	7	0.11216254176389208	0.4495070610178524	0.32187583266719955	0.12763122835065285	AD	ENSG00000105778	0.6488142819078071	-0.04322677787208917	FALSE	2	AVL9	AVL9
ENSG00000125386	16	39	-23	-0.37833619890248754	0.4373834265920597	0.5648814281907807	-0.127498001598721	Control	ENSG00000125386	0.6484146016520117	0.07899889798828852	FALSE	2	FAM193A	FAM193A
ENSG00000182621	16	39	-23	-0.37833619890248754	0.4373834265920597	0.5648814281907807	-0.127498001598721	Control	ENSG00000182621	0.6484146016520117	-0.19904574310814205	FALSE	2	PLCB1	PLCB1
ENSG00000135365	30	76	-46	-0.7543852334133786	0.5494271249666933	0.6762589928057554	-0.12683186783906208	Control	ENSG00000135365	0.6480149213962164	0.15230865692627482	FALSE	2	PHF21A	PHF21A
ENSG00000136448	93	45	48	0.7825108206746109	0.7150279776179057	0.5885957900346389	0.1264321875832668	AD	ENSG00000136448	0.6477484678923527	-0.02913570490742501	FALSE	2	NMT1	NMT1
ENSG00000086289	30	18	12	0.19391233187495535	0.5494271249666933	0.4231281641353584	0.12629896083133496	AD	ENSG00000086289	0.6474820143884892	-0.1793643183752902	FALSE	2	EPDR1	EPDR1
ENSG00000126016	28	70	-42	-0.6889854013245279	0.5390354383160139	0.665201172395417	-0.12616573407940312	Control	ENSG00000126016	0.6472155608846256	0.09923683637069124	FALSE	2	AMOT	AMOT
ENSG00000259972	20	50	-30	-0.4927859050579761	0.478017585931255	0.6040500932587264	-0.1260325073274714	Control	ENSG00000259972	0.6469491073807621	0.07612740886279479	FALSE	2	NA	ENSG00000259972
ENSG00000130830	335	125	210	3.431204020273061	0.878763655742073	0.7529976019184652	0.12576605382360784	AD	ENSG00000130830	0.6466826538768985	-0.12548264290823852	FALSE	2	MPP1	MPP1
ENSG00000185900	28	17	11	0.1775623738527427	0.5390354383160139	0.4132693844924061	0.12576605382360778	AD	ENSG00000185900	0.6462829736211031	-0.00284394928518416	FALSE	2	POMK	POMK
ENSG00000127415	11	26	-15	-0.2475365347247863	0.3675726085798029	0.4933386624034106	-0.12576605382360778	Control	ENSG00000127415	0.6462829736211031	0.08303766316598171	FALSE	2	IDUA	IDUA
ENSG00000189079	73	189	-116	-1.8988822949682644	0.6857180921929124	0.8114841460165201	-0.12576605382360773	Control	ENSG00000189079	0.6458832933653078	0.06851691054727205	FALSE	2	ARID2	ARID2
ENSG00000101977	17	41	-24	-0.39468615692470016	0.4495070610178524	0.5751398880895284	-0.12563282707167606	Control	ENSG00000101977	0.6456168398614441	-0.18718335973615385	FALSE	2	MCF2	MCF2
ENSG00000165801	32	82	-50	-0.8197850655022292	0.5639488409272582	0.6895816679989342	-0.125632827071676	Control	ENSG00000165801	0.6453503863575806	0.1880114720948516	FALSE	2	ARHGEF40	ARHGEF40
ENSG00000127838	20	12	8	0.12851249978610474	0.478017585931255	0.35251798561151076	0.12549960031974422	AD	ENSG00000127838	0.645083932853717	-0.1535384701944693	FALSE	2	PNKD	PNKD
ENSG00000008735	293	116	177	2.8916554055400434	0.8651745270450306	0.7398081534772182	0.12536637356781244	AD	ENSG00000008735	0.6445510258459899	-0.11029992236663232	FALSE	2	MAPK8IP2	MAPK8IP2
ENSG00000137876	227	515	-288	-4.711075074788841	0.8270716759925393	0.9524380495603516	-0.12536637356781244	Control	ENSG00000137876	0.6445510258459899	-0.09660488006168322	FALSE	2	RSL24D1	RSL24D1
ENSG00000030066	52	132	-80	-1.3102838061686088	0.6380229150013322	0.7633892885691447	-0.12536637356781244	Control	ENSG00000030066	0.6445510258459899	0.0683356769299941	FALSE	2	NUP160	NUP160
ENSG00000198478	301	117	184	3.0061051116955317	0.8675726085798028	0.7422062350119905	0.12536637356781233	AD	ENSG00000198478	0.6440181188382628	-0.04165975115763132	FALSE	2	SH3BGRL2	SH3BGRL2
ENSG00000082641	18	44	-26	-0.4273860729691255	0.45976552091660006	0.5848654409805489	-0.12509992006394888	Control	ENSG00000082641	0.6437516653343991	-0.03083525121910746	FALSE	2	NFE2L1	NFE2L1
ENSG00000132780	21	52	-31	-0.5091358630801888	0.4845456967759126	0.6095123900879297	-0.1249666933120171	Control	ENSG00000132780	0.6433519850786038	0.03632506537728197	FALSE	2	NASP	NASP
ENSG00000071537	36	21	15	0.24296220594159332	0.5808686384225953	0.4559019451105782	0.1249666933120171	AD	ENSG00000071537	0.6433519850786038	-0.07765557537084078	FALSE	2	SEL1L	SEL1L
ENSG00000261786	4	11	-7	-0.11673687054708508	0.21183053557154277	0.33679722888355984	-0.12496669331201708	Control	ENSG00000261786	0.6426858513189448	0.20619351577536804	FALSE	2	NA	ENSG00000261786
ENSG00000141750	4	11	-7	-0.11673687054708508	0.21183053557154277	0.33679722888355984	-0.12496669331201708	Control	ENSG00000141750	0.6426858513189448	-0.34219960307626174	FALSE	2	STAC2	STAC2
ENSG00000060749	4	11	-7	-0.11673687054708508	0.21183053557154277	0.33679722888355984	-0.12496669331201708	Control	ENSG00000060749	0.6426858513189448	0.05488716613012556	FALSE	2	QSER1	QSER1
ENSG00000152102	193	460	-267	-4.367725956322375	0.8110844657607248	0.93591793232081	-0.1248334665600852	Control	ENSG00000152102	0.6420197175592859	-0.00512516699896536	FALSE	2	FAM168B	FAM168B
ENSG00000142892	30	75	-45	-0.7380352753911659	0.5494271249666933	0.6742605915267785	-0.1248334665600852	Control	ENSG00000142892	0.6420197175592859	-0.10472047644041992	FALSE	2	PIGK	PIGK
ENSG00000166170	205	84	121	1.9760577562961343	0.8178790301092459	0.6931787903010924	0.12470023980815348	AD	ENSG00000166170	0.6416200373034905	-0.04883001447256774	FALSE	2	BAG5	BAG5
ENSG00000279118	5	13	-8	-0.1330868285692977	0.24260591526778577	0.3673061550759392	-0.12470023980815344	Control	ENSG00000279118	0.6412203570476952	0.2940126234793041	FALSE	2	NA	ENSG00000279118
ENSG00000081791	5	13	-8	-0.1330868285692977	0.24260591526778577	0.3673061550759392	-0.12470023980815344	Control	ENSG00000081791	0.6412203570476952	0.02406531603402406	FALSE	2	DELE1	DELE1
ENSG00000119801	500	205	295	4.820950452161137	0.9453770317079668	0.820943245403677	0.12443378630428992	AD	ENSG00000119801	0.6408206767918998	-0.04594719285476678	FALSE	2	YPEL5	YPEL5
ENSG00000104142	244	544	-300	-4.9072745710553924	0.8345323741007195	0.9586997069011456	-0.12416733280042624	Control	ENSG00000104142	0.6405542232880362	-0.04381244501950476	FALSE	2	VPS18	VPS18
ENSG00000226419	43	111	-68	-1.114084309902057	0.609912070343725	0.7338129496402878	-0.1239008792965628	Control	ENSG00000226419	0.6402877697841727	0.09385156831517882	FALSE	2	SLC16A1-AS1	SLC16A1-AS1
ENSG00000104859	12	28	-16	-0.26388649274699894	0.3824940047961631	0.5063948840927258	-0.12390087929656274	Control	ENSG00000104859	0.6398880895283773	0.07538498942508376	FALSE	2	CLASRP	CLASRP
ENSG00000157954	12	28	-16	-0.26388649274699894	0.3824940047961631	0.5063948840927258	-0.12390087929656274	Control	ENSG00000157954	0.6398880895283773	-0.00163684980512535	FALSE	2	WIPI2	WIPI2
ENSG00000264112	2	6	-4	-0.06768699648044711	0.12283506528110844	0.24660271782573945	-0.12376765254463096	Control	ENSG00000264112	0.6385558220090595	0.06111447027301864	FALSE	2	NA	ENSG00000264112
ENSG00000123609	2	6	-4	-0.06768699648044711	0.12283506528110844	0.24660271782573945	-0.12376765254463096	Control	ENSG00000123609	0.6385558220090595	-0.02570523109202849	FALSE	2	NMI	NMI
ENSG00000138668	14	8	6	0.09581258374167942	0.4108713029576339	0.28710365041300295	0.12376765254463096	AD	ENSG00000138668	0.6385558220090595	-0.06766895159226038	FALSE	2	HNRNPD	HNRNPD
ENSG00000135362	14	8	6	0.09581258374167942	0.4108713029576339	0.28710365041300295	0.12376765254463096	AD	ENSG00000135362	0.6385558220090595	0.03322390208236125	FALSE	2	PRR5L	PRR5L
ENSG00000029534	2	6	-4	-0.06768699648044711	0.12283506528110844	0.24660271782573945	-0.12376765254463096	Control	ENSG00000029534	0.6385558220090595	-0.20924551846326267	FALSE	2	ANK1	ANK1
ENSG00000171681	2	6	-4	-0.06768699648044711	0.12283506528110844	0.24660271782573945	-0.12376765254463096	Control	ENSG00000171681	0.6385558220090595	0.05059797469184879	FALSE	2	ATF7IP	ATF7IP
ENSG00000018236	2	6	-4	-0.06768699648044711	0.12283506528110844	0.24660271782573945	-0.12376765254463096	Control	ENSG00000018236	0.6385558220090595	-0.05670719790741074	FALSE	2	CNTN1	CNTN1
ENSG00000167202	2	6	-4	-0.06768699648044711	0.12283506528110844	0.24660271782573945	-0.12376765254463096	Control	ENSG00000167202	0.6385558220090595	0.12406619659684635	FALSE	2	TBC1D2B	TBC1D2B
ENSG00000101911	44	115	-71	-1.163134183968695	0.614308553157474	0.7379429789501732	-0.12363442579269925	Control	ENSG00000101911	0.6373567812416733	-0.18908867643687977	FALSE	2	PRPS2	PRPS2
ENSG00000010244	13	30	-17	-0.2802364507692116	0.397015720756728	0.5201172395417	-0.123101518784972	Control	ENSG00000010244	0.6370903277378097	0.03002076619033999	FALSE	2	ZNF207	ZNF207
ENSG00000148925	52	130	-78	-1.2775838901241836	0.6380229150013322	0.7609912070343725	-0.12296829203304029	Control	ENSG00000148925	0.6368238742339462	-0.07132126481887546	FALSE	2	BTBD10	BTBD10
ENSG00000140479	18	11	7	0.11216254176389208	0.45976552091660006	0.33679722888355984	0.12296829203304022	AD	ENSG00000140479	0.6365574207300826	0.15168434297435418	FALSE	2	PCSK6	PCSK6
ENSG00000145555	34	86	-52	-0.8524849815466545	0.5731414868105515	0.69597655209166	-0.12283506528110844	Control	ENSG00000145555	0.636290967226219	0.2009105852792814	FALSE	2	MYO10	MYO10
ENSG00000108883	449	184	265	4.3304517114947565	0.9292565947242206	0.8066879829469757	0.12256861177724487	AD	ENSG00000108883	0.6360245137223555	-0.1123316418217577	FALSE	2	EFTUD2	EFTUD2
ENSG00000100883	70	37	33	0.5372614503414211	0.6793232081001865	0.5568878230748734	0.12243538502531316	AD	ENSG00000100883	0.6357580602184919	-0.16481741304516717	FALSE	2	SRP54	SRP54
ENSG00000101161	154	67	87	1.4201591835409042	0.7800426325606181	0.6576072475353051	0.12243538502531304	AD	ENSG00000101161	0.6354916067146283	-0.05187580164965588	FALSE	2	PRPF6	PRPF6
ENSG00000100664	78	200	-122	-1.9969820431015404	0.6954436450839329	0.8170796695976552	-0.12163602451372237	Control	ENSG00000100664	0.6352251532107647	-0.01797058449191446	FALSE	2	EIF5	EIF5
ENSG00000115084	26	63	-37	-0.6072356112134647	0.5242472688515853	0.645750066613376	-0.12150279776179064	Control	ENSG00000115084	0.6348254729549694	0.05660886476237081	FALSE	2	SLC35F5	SLC35F5
ENSG00000104218	27	66	-39	-0.6399355272578899	0.5325073274713562	0.6540101252331468	-0.12150279776179064	Control	ENSG00000104218	0.6348254729549694	0.0975594513840914	FALSE	2	CSPP1	CSPP1
ENSG00000135899	6	15	-9	-0.14943678659151036	0.2696509459099387	0.3911537436717293	-0.12150279776179056	Control	ENSG00000135899	0.634425792699174	-0.01416867352524153	FALSE	2	SP110	SP110
ENSG00000170906	91	46	45	0.7334609466079729	0.7135624833466561	0.592326139088729	0.12123634425792706	AD	ENSG00000170906	0.6340261124433786	-0.08548544763879207	FALSE	2	NDUFA3	NDUFA3
ENSG00000111540	163	72	91	1.485559015629755	0.7897681854516387	0.6685318411937117	0.12123634425792706	AD	ENSG00000111540	0.6340261124433786	-0.07032363912704653	FALSE	2	RAB5B	RAB5B
ENSG00000073417	29	18	11	0.1775623738527427	0.5442312816413536	0.4231281641353584	0.12110311750599524	AD	ENSG00000073417	0.6336264321875833	0.09324186901417164	FALSE	2	PDE8A	PDE8A
ENSG00000143549	46	27	19	0.30836203803044393	0.6209698907540634	0.4998667732480682	0.12110311750599516	AD	ENSG00000143549	0.6333599786837197	-0.09547546522003005	FALSE	2	TPM3	TPM3
ENSG00000279419	11	6	5	0.07946262571946677	0.3675726085798029	0.24660271782573945	0.12096989075406342	AD	ENSG00000279419	0.6328270716759925	0.14613196391570327	FALSE	2	NA	ENSG00000279419
ENSG00000164300	11	6	5	0.07946262571946677	0.3675726085798029	0.24660271782573945	0.12096989075406342	AD	ENSG00000164300	0.6328270716759925	0.07187293789486304	FALSE	2	SERINC5	SERINC5
ENSG00000261371	11	6	5	0.07946262571946677	0.3675726085798029	0.24660271782573945	0.12096989075406342	AD	ENSG00000261371	0.6328270716759925	0.05212633899655117	FALSE	2	PECAM1	PECAM1
ENSG00000009413	23	55	-32	-0.5254858211024014	0.5001332267519318	0.6208366640021317	-0.12070343725019984	Control	ENSG00000009413	0.6322941646682654	0.09963409590594095	FALSE	2	REV3L	REV3L
ENSG00000134809	53	30	23	0.37376187011929457	0.6406874500399681	0.5201172395417	0.1205702104982681	AD	ENSG00000134809	0.6320277111644018	-0.13537067728282892	FALSE	2	TIMM10	TIMM10
ENSG00000197586	119	292	-173	-2.8308299022343855	0.7500666133759659	0.8706368238742339	-0.120570210498268	Control	ENSG00000197586	0.6317612576605383	-0.03906477278401432	FALSE	2	ENTPD6	ENTPD6
ENSG00000129250	8	4	4	0.06311266769725413	0.3160138555822009	0.1957100985877964	0.12030375699440447	AD	ENSG00000129250	0.6310951239008793	0.3641409596022456	FALSE	2	KIF1C	KIF1C
ENSG00000105993	8	4	4	0.06311266769725413	0.3160138555822009	0.1957100985877964	0.12030375699440447	AD	ENSG00000105993	0.6310951239008793	0.05744782989742525	FALSE	2	DNAJB6	DNAJB6
ENSG00000197142	8	4	4	0.06311266769725413	0.3160138555822009	0.1957100985877964	0.12030375699440447	AD	ENSG00000197142	0.6310951239008793	-0.08574674689127804	FALSE	2	ACSL5	ACSL5
ENSG00000104805	8	4	4	0.06311266769725413	0.3160138555822009	0.1957100985877964	0.12030375699440447	AD	ENSG00000104805	0.6310951239008793	-0.12950068627472966	FALSE	2	NUCB1	NUCB1
ENSG00000155970	23	14	9	0.1448624578083174	0.5001332267519318	0.3799626965094591	0.12017053024247276	AD	ENSG00000155970	0.6302957633892886	-0.17832619475188416	FALSE	2	MICU3	MICU3
ENSG00000124067	23	14	9	0.1448624578083174	0.5001332267519318	0.3799626965094591	0.12017053024247276	AD	ENSG00000124067	0.6302957633892886	0.06126645988686796	FALSE	2	SLC12A4	SLC12A4
ENSG00000106089	42	25	17	0.27566212198601864	0.6060484945377032	0.48627764455102584	0.11977084998667732	AD	ENSG00000106089	0.6292299493738343	-0.20824177196072924	FALSE	2	STX1A	STX1A
ENSG00000119013	42	25	17	0.27566212198601864	0.6060484945377032	0.48627764455102584	0.11977084998667732	AD	ENSG00000119013	0.6292299493738343	-0.20014298085618165	FALSE	2	NDUFB3	NDUFB3
ENSG00000138326	9	21	-12	-0.19848666065814832	0.3361310951239009	0.4559019451105782	-0.11977084998667732	Control	ENSG00000138326	0.6292299493738343	-0.03008336079089524	FALSE	2	RPS24	RPS24
ENSG00000155366	7	17	-10	-0.16578674461372303	0.29349853450572877	0.4132693844924061	-0.11977084998667732	Control	ENSG00000155366	0.6292299493738343	0.04754695407850562	FALSE	2	RHOC	RHOC
ENSG00000164040	7	17	-10	-0.16578674461372303	0.29349853450572877	0.4132693844924061	-0.11977084998667732	Control	ENSG00000164040	0.6292299493738343	-0.01883358962703418	FALSE	2	PGRMC2	PGRMC2
ENSG00000103740	7	17	-10	-0.16578674461372303	0.29349853450572877	0.4132693844924061	-0.11977084998667732	Control	ENSG00000103740	0.6292299493738343	0.00176229522796944	FALSE	2	ACSBG1	ACSBG1
ENSG00000116209	199	85	114	1.861608050140646	0.8138822275512922	0.6945110578204103	0.11937116973088192	AD	ENSG00000116209	0.6282973621103117	-0.09542296559756204	FALSE	2	TMEM59	TMEM59
ENSG00000160753	121	59	62	1.011410232985588	0.753130828670397	0.6338928856914469	0.11923794297895018	AD	ENSG00000160753	0.6280309086064482	-0.08169554992333161	FALSE	2	RUSC1	RUSC1
ENSG00000188313	15	34	-19	-0.3129363668136369	0.4237942978950173	0.5428990141220357	-0.11910471622701836	Control	ENSG00000188313	0.6276312283506528	-0.02044759530765993	FALSE	2	PLSCR1	PLSCR1
ENSG00000160255	18	42	-24	-0.39468615692470016	0.45976552091660006	0.5788702371436184	-0.11910471622701836	Control	ENSG00000160255	0.6276312283506528	0.2215328730956294	FALSE	2	ITGB2	ITGB2
ENSG00000166501	96	229	-133	-2.1768315813458794	0.7191580069277911	0.8379962696509459	-0.1188382627231548	Control	ENSG00000166501	0.6270983213429256	0.0154671604949943	FALSE	2	PRKCB	PRKCB
ENSG00000118762	46	116	-70	-1.1467842259464824	0.6209698907540634	0.7398081534772182	-0.1188382627231548	Control	ENSG00000118762	0.6270983213429256	0.05347917126271717	FALSE	2	PKD2	PKD2
ENSG00000188994	11	25	-14	-0.23118657670257364	0.3675726085798029	0.48627764455102584	-0.118705035971223	Control	ENSG00000188994	0.6266986410871302	0.14412719724979262	FALSE	2	ZNF292	ZNF292
ENSG00000176155	28	67	-39	-0.6399355272578899	0.5390354383160139	0.6576072475353051	-0.11857180921929122	Control	ENSG00000176155	0.6264321875832667	0.0883100171100537	FALSE	2	CCDC57	CCDC57
ENSG00000196976	167	75	92	1.5019089736519675	0.7921662669864109	0.6742605915267785	0.11790567545963238	AD	ENSG00000196976	0.6261657340794031	-0.15423070003696893	FALSE	2	LAGE3	LAGE3
ENSG00000074071	61	150	-89	-1.4574334283685229	0.6605382360778044	0.7783106847855049	-0.11777244870770054	Control	ENSG00000074071	0.6258992805755396	0.00192715243597874	FALSE	2	MRPS34	MRPS34
ENSG00000138685	8	19	-11	-0.18213670263593568	0.3160138555822009	0.4337863042899014	-0.11777244870770048	Control	ENSG00000138685	0.625632827071676	0.01166034338797672	FALSE	2	FGF2	FGF2
ENSG00000100220	248	100	148	2.4175066228958766	0.8375965893951506	0.7199573674393819	0.1176392219557687	AD	ENSG00000100220	0.6252331468158806	-0.07360834761821877	FALSE	2	RTCB	RTCB
ENSG00000152291	61	34	27	0.4391617022081451	0.6605382360778044	0.5428990141220357	0.1176392219557687	AD	ENSG00000152291	0.6252331468158806	0.02250898242399479	FALSE	2	TGOLN2	TGOLN2
ENSG00000089248	31	75	-44	-0.7216853173689532	0.5567545963229417	0.6742605915267785	-0.11750599520383688	Control	ENSG00000089248	0.6248334665600853	-0.0783003896967216	FALSE	2	ERP29	ERP29
ENSG00000110925	19	12	7	0.11216254176389208	0.469890754063416	0.35251798561151076	0.1173727684519052	AD	ENSG00000110925	0.6245670130562216	0.01604865948164935	FALSE	2	CSRNP2	CSRNP2
ENSG00000170500	22	52	-30	-0.4927859050579761	0.49213962163602454	0.6095123900879297	-0.11737276845190514	Control	ENSG00000170500	0.6240341060484945	-0.00999334873593937	FALSE	2	LONRF2	LONRF2
ENSG00000130558	47	28	19	0.30836203803044393	0.623767652544631	0.5063948840927258	0.11737276845190514	AD	ENSG00000130558	0.6240341060484945	-0.2845957062735458	FALSE	2	OLFM1	OLFM1
ENSG00000112130	12	27	-15	-0.2475365347247863	0.3824940047961631	0.4998667732480682	-0.11737276845190514	Control	ENSG00000112130	0.6240341060484945	0.03309044793603277	FALSE	2	RNF8	RNF8
ENSG00000172465	21	13	8	0.12851249978610474	0.4845456967759126	0.3673061550759392	0.11723954169997336	AD	ENSG00000172465	0.6235011990407674	-0.04786071929249225	FALSE	2	TCEAL1	TCEAL1
ENSG00000181090	86	209	-123	-2.013332001123753	0.7065014654942713	0.8237410071942446	-0.1172395416999733	Control	ENSG00000181090	0.6232347455369038	0.07738715931150608	FALSE	2	EHMT1	EHMT1
ENSG00000129245	104	244	-140	-2.2912812875013677	0.731814548361311	0.8489208633093526	-0.11710631494804158	Control	ENSG00000129245	0.6229682920330403	-0.00227338772934615	FALSE	2	FXR2	FXR2
ENSG00000127561	49	29	20	0.3247119960526566	0.6305622168931522	0.5135891286970423	0.11697308819610984	AD	ENSG00000127561	0.6227018385291767	-0.0981171366198712	FALSE	2	SYNGR3	SYNGR3
ENSG00000163938	303	124	179	2.9243553215844686	0.86810551558753	0.751265654143352	0.11683986144417802	AD	ENSG00000163938	0.6223021582733813	-0.1301855780982919	FALSE	2	GNL3	GNL3
ENSG00000005486	39	95	-56	-0.9178848136355052	0.5951239008792966	0.7119637623234746	-0.11683986144417802	Control	ENSG00000005486	0.6223021582733813	-0.02383843043449651	FALSE	2	RHBDD2	RHBDD2
ENSG00000173141	286	120	166	2.711805867295704	0.8626432187583267	0.7460698108180123	0.11657340794031446	AD	ENSG00000173141	0.6216360245137224	-0.06686604410790409	FALSE	2	MRPL57	MRPL57
ENSG00000154124	24	15	9	0.1448624578083174	0.5077271516120437	0.3911537436717293	0.11657340794031446	AD	ENSG00000154124	0.6216360245137224	0.09840216007524916	FALSE	2	OTULIN	OTULIN
ENSG00000063854	90	218	-128	-2.095081791234816	0.7130295763389288	0.8296029842792433	-0.11657340794031446	Control	ENSG00000063854	0.6216360245137224	-0.0420514447541418	FALSE	2	HAGH	HAGH
ENSG00000082074	13	29	-16	-0.26388649274699894	0.397015720756728	0.5135891286970423	-0.11657340794031434	Control	ENSG00000082074	0.6209698907540634	0.19002814079029215	FALSE	2	FYB1	FYB1
ENSG00000198925	13	29	-16	-0.26388649274699894	0.397015720756728	0.5135891286970423	-0.11657340794031434	Control	ENSG00000198925	0.6209698907540634	-0.04417933678556984	FALSE	2	ATG9A	ATG9A
ENSG00000140577	53	127	-74	-1.212184058035333	0.6406874500399681	0.7569944044764189	-0.11630695443645078	Control	ENSG00000140577	0.6205702104982681	0.11137262500701972	FALSE	2	CRTC3	CRTC3
ENSG00000101460	28	18	10	0.16121241583053006	0.5390354383160139	0.4231281641353584	0.1159072741806555	AD	ENSG00000101460	0.6203037569944044	-0.19309649363067827	FALSE	2	MAP1LC3A	MAP1LC3A
ENSG00000075413	30	70	-40	-0.6562854852801027	0.5494271249666933	0.665201172395417	-0.11577404742872366	Control	ENSG00000075413	0.6200373034905409	0.04514030410674685	FALSE	2	MARK3	MARK3
ENSG00000077238	16	10	6	0.09581258374167942	0.4373834265920597	0.32187583266719955	0.11550759392486017	AD	ENSG00000077238	0.6193711697308819	0.00741766851734304	FALSE	2	IL4R	IL4R
ENSG00000196187	16	10	6	0.09581258374167942	0.4373834265920597	0.32187583266719955	0.11550759392486017	AD	ENSG00000196187	0.6193711697308819	0.06270197407685885	FALSE	2	TMEM63A	TMEM63A
ENSG00000134851	16	10	6	0.09581258374167942	0.4373834265920597	0.32187583266719955	0.11550759392486017	AD	ENSG00000134851	0.6193711697308819	0.04700794595543733	FALSE	2	TMEM165	TMEM165
ENSG00000237441	16	10	6	0.09581258374167942	0.4373834265920597	0.32187583266719955	0.11550759392486017	AD	ENSG00000237441	0.6193711697308819	0.08180542268285507	FALSE	2	RGL2	RGL2
ENSG00000276293	89	47	42	0.6844110725413349	0.7112976285638156	0.5957900346389555	0.1155075939248601	AD	ENSG00000276293	0.6185718092192912	0.01399493759105219	FALSE	2	PIP4K2B	PIP4K2B
ENSG00000240225	108	55	53	0.8642606107856742	0.7363442579269918	0.6208366640021317	0.1155075939248601	AD	ENSG00000240225	0.6185718092192912	-0.03166944479771239	FALSE	2	ZNF542P	ZNF542P
ENSG00000143862	18	41	-23	-0.37833619890248754	0.45976552091660006	0.5751398880895284	-0.11537436717292836	Control	ENSG00000143862	0.6181721289634958	-0.0768015303860885	FALSE	2	ARL8A	ARL8A
ENSG00000145242	31	74	-43	-0.7053353593467406	0.5567545963229417	0.6718625099920064	-0.1151079136690647	Control	ENSG00000145242	0.6179056754596323	-0.3186496069233389	FALSE	2	EPHA5	EPHA5
ENSG00000090060	12	7	5	0.07946262571946677	0.3824940047961631	0.2675193178790301	0.11497468691713296	AD	ENSG00000090060	0.6173727684519051	0.10574622160456038	FALSE	2	PAPOLA	PAPOLA
ENSG00000005810	12	7	5	0.07946262571946677	0.3824940047961631	0.2675193178790301	0.11497468691713296	AD	ENSG00000005810	0.6173727684519051	-0.04032463870207259	FALSE	2	MYCBP2	MYCBP2
ENSG00000197182	12	7	5	0.07946262571946677	0.3824940047961631	0.2675193178790301	0.11497468691713296	AD	ENSG00000197182	0.6173727684519051	0.1445230847468295	FALSE	2	MIRLET7BHG	MIRLET7BHG
ENSG00000099817	14	31	-17	-0.2802364507692116	0.4108713029576339	0.5257127631228351	-0.1148414601652012	Control	ENSG00000099817	0.616839861444178	-0.08424570967044787	FALSE	2	POLR2E	POLR2E
ENSG00000001629	55	32	23	0.37376187011929457	0.6456168398614441	0.530775379696243	0.11484146016520114	AD	ENSG00000001629	0.6165734079403145	0.06985623844289712	FALSE	2	ANKIB1	ANKIB1
ENSG00000125863	75	41	34	0.5536114083636338	0.689714894750866	0.5751398880895284	0.11457500666133758	AD	ENSG00000125863	0.6161737276845191	-0.02114510131965374	FALSE	2	MKKS	MKKS
ENSG00000170832	117	276	-159	-2.6019304899234084	0.7474020783373302	0.8619770849986678	-0.11457500666133758	Control	ENSG00000170832	0.6161737276845191	-0.09063491529349044	FALSE	2	USP32	USP32
ENSG00000177733	73	175	-102	-1.6699828826572871	0.6857180921929124	0.8000266453503864	-0.114308553157474	Control	ENSG00000177733	0.6157740474287237	-0.04160329273344132	FALSE	2	HNRNPA0	HNRNPA0
ENSG00000147419	49	119	-70	-1.1467842259464824	0.6305622168931522	0.7447375432986943	-0.11417532640554218	Control	ENSG00000147419	0.6155075939248601	-0.01501818951625644	FALSE	2	CCDC25	CCDC25
ENSG00000129538	3	8	-5	-0.08403695450265977	0.17306155075939247	0.28710365041300295	-0.11404209965361048	Control	ENSG00000129538	0.6145750066613376	-0.06033885097156677	FALSE	2	RNASE1	RNASE1
ENSG00000163618	3	8	-5	-0.08403695450265977	0.17306155075939247	0.28710365041300295	-0.11404209965361048	Control	ENSG00000163618	0.6145750066613376	-0.2081616529805892	FALSE	2	CADPS	CADPS
ENSG00000189067	3	8	-5	-0.08403695450265977	0.17306155075939247	0.28710365041300295	-0.11404209965361048	Control	ENSG00000189067	0.6145750066613376	0.02911994642214743	FALSE	2	LITAF	LITAF
ENSG00000132613	3	8	-5	-0.08403695450265977	0.17306155075939247	0.28710365041300295	-0.11404209965361048	Control	ENSG00000132613	0.6145750066613376	0.43808121804958056	FALSE	2	MTSS2	MTSS2
ENSG00000060339	3	8	-5	-0.08403695450265977	0.17306155075939247	0.28710365041300295	-0.11404209965361048	Control	ENSG00000060339	0.6145750066613376	0.04502849127667652	FALSE	2	CCAR1	CCAR1
ENSG00000239857	3	8	-5	-0.08403695450265977	0.17306155075939247	0.28710365041300295	-0.11404209965361048	Control	ENSG00000239857	0.6145750066613376	0.14178686241088556	FALSE	2	GET4	GET4
ENSG00000180957	195	429	-234	-3.8281773415893574	0.8120170530242473	0.925792699173994	-0.11377564614974678	Control	ENSG00000180957	0.613642419397815	-0.04555043170239514	FALSE	2	PITPNB	PITPNB
ENSG00000197694	121	61	60	0.9787103169411628	0.753130828670397	0.6394884092725819	0.11364241939781516	AD	ENSG00000197694	0.6133759658939515	-0.0884102907118347	FALSE	2	SPTAN1	SPTAN1
ENSG00000244754	57	134	-77	-1.261233932101971	0.65201172395417	0.7655209166000533	-0.11350919264588331	Control	ENSG00000244754	0.6131095123900879	0.04573571168906731	FALSE	2	N4BP2L2	N4BP2L2
ENSG00000145495	50	30	20	0.3247119960526566	0.6334932054356515	0.5201172395417	0.11337596589395148	AD	ENSG00000145495	0.6128430588862244	-0.0037615133483726	FALSE	2	MARCHF6	MARCHF6
ENSG00000180376	30	69	-39	-0.6399355272578899	0.5494271249666933	0.662669864108713	-0.11324273914201964	Control	ENSG00000180376	0.6125766053823608	0.05522434149244581	FALSE	2	CCDC66	CCDC66
ENSG00000084731	48	116	-68	-1.114084309902057	0.6268318678390621	0.7398081534772182	-0.1129762856381561	Control	ENSG00000084731	0.6123101518784972	0.04645550406962151	FALSE	2	KIF3C	KIF3C
ENSG00000166689	26	60	-34	-0.5581857371468267	0.5242472688515853	0.636957100985878	-0.11270983213429264	Control	ENSG00000166689	0.6120436983746336	0.17570246509606768	FALSE	2	PLEKHA7	PLEKHA7
ENSG00000178996	42	26	16	0.25931216396380596	0.6060484945377032	0.4933386624034106	0.11270983213429252	AD	ENSG00000178996	0.6115107913669064	0.08131314471391704	FALSE	2	SNX18	SNX18
ENSG00000078687	17	11	6	0.09581258374167942	0.4495070610178524	0.33679722888355984	0.11270983213429252	AD	ENSG00000078687	0.6115107913669064	0.08490767488587636	FALSE	2	TNRC6C	TNRC6C
ENSG00000154975	37	23	14	0.22661224791938067	0.5855315747402078	0.4728217426059153	0.11270983213429252	AD	ENSG00000154975	0.6115107913669064	-0.3594693542533758	FALSE	2	CA10	CA10
ENSG00000148730	15	33	-18	-0.2965864087914242	0.4237942978950173	0.5363709032773781	-0.1125766053823608	Control	ENSG00000148730	0.6109778843591793	0.06384392898089253	FALSE	2	EIF4EBP2	EIF4EBP2
ENSG00000101843	250	105	145	2.3684567488292383	0.839195310418332	0.7266187050359713	0.1125766053823607	AD	ENSG00000101843	0.6107114308553158	-0.12144789184251792	FALSE	2	PSMD10	PSMD10
ENSG00000164600	9	5	4	0.06311266769725413	0.3361310951239009	0.22368771649347188	0.112443378630429	AD	ENSG00000164600	0.6104449773514522	-0.3710382331238673	FALSE	2	NEUROD6	NEUROD6
ENSG00000151136	1	3	-2	-0.0349870804360218	0.04782840394351186	0.16027178257394084	-0.11244337863042898	Control	ENSG00000151136	0.6053823607780442	-0.18080698110925297	FALSE	2	ABTB3	ABTB3
ENSG00000006128	1	3	-2	-0.0349870804360218	0.04782840394351186	0.16027178257394084	-0.11244337863042898	Control	ENSG00000006128	0.6053823607780442	-0.2849340706554102	FALSE	2	TAC1	TAC1
ENSG00000162390	1	3	-2	-0.0349870804360218	0.04782840394351186	0.16027178257394084	-0.11244337863042898	Control	ENSG00000162390	0.6053823607780442	0.01457660046412101	FALSE	2	ACOT11	ACOT11
ENSG00000090266	1	3	-2	-0.0349870804360218	0.04782840394351186	0.16027178257394084	-0.11244337863042898	Control	ENSG00000090266	0.6053823607780442	-0.0353907271524676	FALSE	2	NDUFB2	NDUFB2
ENSG00000146067	1	3	-2	-0.0349870804360218	0.04782840394351186	0.16027178257394084	-0.11244337863042898	Control	ENSG00000146067	0.6053823607780442	0.05302429689828258	FALSE	2	FAM193B	FAM193B
ENSG00000127993	1	3	-2	-0.0349870804360218	0.04782840394351186	0.16027178257394084	-0.11244337863042898	Control	ENSG00000127993	0.6053823607780442	0.1755100003294121	FALSE	2	RBM48	RBM48
ENSG00000094916	1	3	-2	-0.0349870804360218	0.04782840394351186	0.16027178257394084	-0.11244337863042898	Control	ENSG00000094916	0.6053823607780442	0.105751487354226	FALSE	2	CBX5	CBX5
ENSG00000146648	1	3	-2	-0.0349870804360218	0.04782840394351186	0.16027178257394084	-0.11244337863042898	Control	ENSG00000146648	0.6053823607780442	0.12597851044705344	FALSE	2	EGFR	EGFR
ENSG00000090020	1	3	-2	-0.0349870804360218	0.04782840394351186	0.16027178257394084	-0.11244337863042898	Control	ENSG00000090020	0.6053823607780442	-0.06093417316755811	FALSE	2	SLC9A1	SLC9A1
ENSG00000174483	1	3	-2	-0.0349870804360218	0.04782840394351186	0.16027178257394084	-0.11244337863042898	Control	ENSG00000174483	0.6053823607780442	0.13165200422485324	FALSE	2	BBS1	BBS1
ENSG00000101096	1	3	-2	-0.0349870804360218	0.04782840394351186	0.16027178257394084	-0.11244337863042898	Control	ENSG00000101096	0.6053823607780442	0.1961000378041753	FALSE	2	NFATC2	NFATC2
ENSG00000218336	1	3	-2	-0.0349870804360218	0.04782840394351186	0.16027178257394084	-0.11244337863042898	Control	ENSG00000218336	0.6053823607780442	0.00250895575585552	FALSE	2	TENM3	TENM3
ENSG00000164074	1	3	-2	-0.0349870804360218	0.04782840394351186	0.16027178257394084	-0.11244337863042898	Control	ENSG00000164074	0.6053823607780442	0.03753363751501659	FALSE	2	ABHD18	ABHD18
ENSG00000115468	1	3	-2	-0.0349870804360218	0.04782840394351186	0.16027178257394084	-0.11244337863042898	Control	ENSG00000115468	0.6053823607780442	0.13396822067083924	FALSE	2	EFHD1	EFHD1
ENSG00000170113	1	3	-2	-0.0349870804360218	0.04782840394351186	0.16027178257394084	-0.11244337863042898	Control	ENSG00000170113	0.6053823607780442	-0.061614934989068	FALSE	2	NIPA1	NIPA1
ENSG00000174839	1	3	-2	-0.0349870804360218	0.04782840394351186	0.16027178257394084	-0.11244337863042898	Control	ENSG00000174839	0.6053823607780442	0.0410356077805023	FALSE	2	DENND6A	DENND6A
ENSG00000187122	1	3	-2	-0.0349870804360218	0.04782840394351186	0.16027178257394084	-0.11244337863042898	Control	ENSG00000187122	0.6053823607780442	0.0138614521706426	FALSE	2	SLIT1	SLIT1
ENSG00000147403	1	3	-2	-0.0349870804360218	0.04782840394351186	0.16027178257394084	-0.11244337863042898	Control	ENSG00000147403	0.6053823607780442	-0.08675890606229864	FALSE	2	RPL10	RPL10
ENSG00000213722	1	3	-2	-0.0349870804360218	0.04782840394351186	0.16027178257394084	-0.11244337863042898	Control	ENSG00000213722	0.6053823607780442	0.16878979446296327	FALSE	2	DDAH2	DDAH2
ENSG00000176871	1	3	-2	-0.0349870804360218	0.04782840394351186	0.16027178257394084	-0.11244337863042898	Control	ENSG00000176871	0.6053823607780442	-0.05182672671747568	FALSE	2	WSB2	WSB2
ENSG00000227248	1	3	-2	-0.0349870804360218	0.04782840394351186	0.16027178257394084	-0.11244337863042898	Control	ENSG00000227248	0.6053823607780442	0.22019288385018143	FALSE	2	NALF1-IT1	NALF1-IT1
ENSG00000089009	1	3	-2	-0.0349870804360218	0.04782840394351186	0.16027178257394084	-0.11244337863042898	Control	ENSG00000089009	0.6053823607780442	-0.06375233411819714	FALSE	2	RPL6	RPL6
ENSG00000134531	1	3	-2	-0.0349870804360218	0.04782840394351186	0.16027178257394084	-0.11244337863042898	Control	ENSG00000134531	0.6053823607780442	-0.04283392406402342	FALSE	2	EMP1	EMP1
ENSG00000215397	1	3	-2	-0.0349870804360218	0.04782840394351186	0.16027178257394084	-0.11244337863042898	Control	ENSG00000215397	0.6053823607780442	-0.2501182659049501	FALSE	2	SCRT2	SCRT2
ENSG00000132026	1	3	-2	-0.0349870804360218	0.04782840394351186	0.16027178257394084	-0.11244337863042898	Control	ENSG00000132026	0.6053823607780442	-0.09495456028123694	FALSE	2	RTBDN	RTBDN
ENSG00000161921	1	3	-2	-0.0349870804360218	0.04782840394351186	0.16027178257394084	-0.11244337863042898	Control	ENSG00000161921	0.6053823607780442	0.16302016925556906	FALSE	2	CXCL16	CXCL16
ENSG00000227063	1	3	-2	-0.0349870804360218	0.04782840394351186	0.16027178257394084	-0.11244337863042898	Control	ENSG00000227063	0.6053823607780442	-0.1931944952612312	FALSE	2	RPL41P1	RPL41P1
ENSG00000130254	1	3	-2	-0.0349870804360218	0.04782840394351186	0.16027178257394084	-0.11244337863042898	Control	ENSG00000130254	0.6053823607780442	0.10590477236008232	FALSE	2	SAFB2	SAFB2
ENSG00000180817	1	3	-2	-0.0349870804360218	0.04782840394351186	0.16027178257394084	-0.11244337863042898	Control	ENSG00000180817	0.6053823607780442	-0.10780949058912626	FALSE	2	PPA1	PPA1
ENSG00000073150	1	3	-2	-0.0349870804360218	0.04782840394351186	0.16027178257394084	-0.11244337863042898	Control	ENSG00000073150	0.6053823607780442	-0.08258137664516418	FALSE	2	PANX2	PANX2
ENSG00000007866	1	3	-2	-0.0349870804360218	0.04782840394351186	0.16027178257394084	-0.11244337863042898	Control	ENSG00000007866	0.6053823607780442	0.10468741098142507	FALSE	2	TEAD3	TEAD3
ENSG00000189423	1	3	-2	-0.0349870804360218	0.04782840394351186	0.16027178257394084	-0.11244337863042898	Control	ENSG00000189423	0.6053823607780442	0.10046809374264852	FALSE	2	USP32P3	USP32P3
ENSG00000241990	1	3	-2	-0.0349870804360218	0.04782840394351186	0.16027178257394084	-0.11244337863042898	Control	ENSG00000241990	0.6053823607780442	0.14232750345541767	FALSE	2	NA	ENSG00000241990
ENSG00000136100	1	3	-2	-0.0349870804360218	0.04782840394351186	0.16027178257394084	-0.11244337863042898	Control	ENSG00000136100	0.6053823607780442	-0.10279012789085408	FALSE	2	VPS36	VPS36
ENSG00000053524	1	3	-2	-0.0349870804360218	0.04782840394351186	0.16027178257394084	-0.11244337863042898	Control	ENSG00000053524	0.6053823607780442	0.06848538181486319	FALSE	2	MCF2L2	MCF2L2
ENSG00000205683	1	3	-2	-0.0349870804360218	0.04782840394351186	0.16027178257394084	-0.11244337863042898	Control	ENSG00000205683	0.6053823607780442	0.11211556623148056	FALSE	2	DPF3	DPF3
ENSG00000197943	1	3	-2	-0.0349870804360218	0.04782840394351186	0.16027178257394084	-0.11244337863042898	Control	ENSG00000197943	0.6053823607780442	0.09537931474233208	FALSE	2	PLCG2	PLCG2
ENSG00000107105	96	51	45	0.7334609466079729	0.7191580069277911	0.6067146282973621	0.11244337863042896	AD	ENSG00000107105	0.6001865174527045	-0.2921589289182833	FALSE	2	ELAVL2	ELAVL2
ENSG00000157087	40	25	15	0.24296220594159332	0.5987210231814548	0.48627764455102584	0.11244337863042896	AD	ENSG00000157087	0.6001865174527045	-0.21248047653704027	FALSE	2	ATP2B2	ATP2B2
ENSG00000168461	44	105	-61	-0.9996346037465684	0.614308553157474	0.7266187050359713	-0.11231015187849724	Control	ENSG00000168461	0.5997868371969092	0.13600759671736462	FALSE	2	RAB31	RAB31
ENSG00000041353	56	33	23	0.37376187011929457	0.6486810551558753	0.5363709032773781	0.11231015187849712	AD	ENSG00000041353	0.5995203836930456	-0.11687051202127918	FALSE	2	RAB27B	RAB27B
ENSG00000065809	22	14	8	0.12851249978610474	0.49213962163602454	0.3799626965094591	0.11217692512656546	AD	ENSG00000065809	0.5992539301891819	0.18312362284931183	FALSE	2	FAM107B	FAM107B
ENSG00000172466	35	22	13	0.21026228989716805	0.5768718358646416	0.464828137490008	0.11204369837463364	AD	ENSG00000172466	0.5989874766853184	0.10344423236458589	FALSE	2	ZNF24	ZNF24
ENSG00000114948	25	57	-32	-0.5254858211024014	0.5154543032240874	0.6273647748467892	-0.11191047162270185	Control	ENSG00000114948	0.5983213429256595	-0.2455018444712831	FALSE	2	ADAM23	ADAM23
ENSG00000183580	25	57	-32	-0.5254858211024014	0.5154543032240874	0.6273647748467892	-0.11191047162270185	Control	ENSG00000183580	0.5983213429256595	0.15795434860456758	FALSE	2	FBXL7	FBXL7
ENSG00000048028	11	24	-13	-0.214836618680361	0.3675726085798029	0.4794830802025047	-0.11191047162270185	Control	ENSG00000048028	0.5983213429256595	0.04327604835613563	FALSE	2	USP28	USP28
ENSG00000135862	11	24	-13	-0.214836618680361	0.3675726085798029	0.4794830802025047	-0.11191047162270185	Control	ENSG00000135862	0.5983213429256595	0.05965934143183027	FALSE	2	LAMC1	LAMC1
ENSG00000081237	17	38	-21	-0.3456362828580622	0.4495070610178524	0.5612843058886224	-0.11177724487077006	Control	ENSG00000081237	0.5976552091660006	0.18595653943505752	FALSE	2	PTPRC	PTPRC
ENSG00000164172	279	577	-298	-4.874574655010967	0.8575806021849187	0.9689581667998934	-0.11137756461497472	Control	ENSG00000164172	0.5969890754063416	-0.03004007336693348	FALSE	2	MOCS2	MOCS2
ENSG00000178764	39	92	-53	-0.8688349395688671	0.5951239008792966	0.7065014654942713	-0.11137756461497472	Control	ENSG00000178764	0.5969890754063416	0.07539946462453884	FALSE	2	ZHX2	ZHX2
ENSG00000165185	39	92	-53	-0.8688349395688671	0.5951239008792966	0.7065014654942713	-0.11137756461497472	Control	ENSG00000165185	0.5969890754063416	0.18450175915377187	FALSE	2	KIAA1958	KIAA1958
ENSG00000165406	31	20	11	0.1775623738527427	0.5567545963229417	0.44537703170796694	0.11137756461497472	AD	ENSG00000165406	0.5969890754063416	0.22951270154568348	FALSE	2	MARCHF8	MARCHF8
ENSG00000157693	291	125	166	2.711805867295704	0.8642419397815081	0.7529976019184652	0.11124433786304289	AD	ENSG00000157693	0.5963229416466826	-0.0241577891840965	FALSE	2	TMEM268	TMEM268
ENSG00000112367	118	268	-150	-2.4547808677234944	0.7484678923527844	0.8595790034638956	-0.11111111111111116	Control	ENSG00000112367	0.5960564881428191	-0.10501209524126232	FALSE	2	FIG4	FIG4
ENSG00000267002	12	26	-14	-0.23118657670257364	0.3824940047961631	0.4933386624034106	-0.11084465760724754	Control	ENSG00000267002	0.5956568078870237	0.04550161770583116	FALSE	2	NA	ENSG00000267002
ENSG00000228315	12	26	-14	-0.23118657670257364	0.3824940047961631	0.4933386624034106	-0.11084465760724754	Control	ENSG00000228315	0.5956568078870237	0.07250686515256888	FALSE	2	GUSBP11	GUSBP11
ENSG00000163399	580	256	324	5.295099234805304	0.966693312017053	0.8558486544098055	0.11084465760724747	AD	ENSG00000163399	0.5952571276312284	-0.11854044425265896	FALSE	2	ATP1A1	ATP1A1
ENSG00000134343	20	13	7	0.11216254176389208	0.478017585931255	0.3673061550759392	0.11071143085531576	AD	ENSG00000134343	0.5949906741273647	-0.03257814884573484	FALSE	2	ANO3	ANO3
ENSG00000107104	59	135	-76	-1.2448839740797584	0.6560085265121236	0.7664535038635758	-0.1104449773514522	Control	ENSG00000107104	0.5947242206235012	0.13915537005483714	FALSE	2	KANK1	KANK1
ENSG00000154822	186	409	-223	-3.648327803345018	0.806554756195044	0.916999733546496	-0.11044497735145208	Control	ENSG00000154822	0.5944577671196376	-0.1153867248056919	FALSE	2	PLCL2	PLCL2
ENSG00000266777	6	14	-8	-0.1330868285692977	0.2696509459099387	0.3799626965094591	-0.11031175059952036	Control	ENSG00000266777	0.5939248601119105	0.18503389258579617	FALSE	2	SH3GL1P1	SH3GL1P1
ENSG00000123094	18	40	-22	-0.36198624088027487	0.45976552091660006	0.5700772715161204	-0.11031175059952036	Control	ENSG00000123094	0.5939248601119105	0.21907336415490697	FALSE	2	RASSF8	RASSF8
ENSG00000102678	6	14	-8	-0.1330868285692977	0.2696509459099387	0.3799626965094591	-0.11031175059952036	Control	ENSG00000102678	0.5939248601119105	-0.30751866994500787	FALSE	2	FGF9	FGF9
ENSG00000091483	220	96	124	2.0251076303627724	0.8245403677058354	0.7143618438582467	0.11017852384758864	AD	ENSG00000091483	0.5933919531041834	-0.1581270483079482	FALSE	2	FH	FH
ENSG00000148572	166	78	88	1.436509141563117	0.7912336797228884	0.6813216093791633	0.10991207034372508	AD	ENSG00000148572	0.5931254996003198	-0.08452928811683691	FALSE	2	NRBF2	NRBF2
ENSG00000163694	5	12	-7	-0.11673687054708508	0.24260591526778577	0.35251798561151076	-0.109912070343725	Control	ENSG00000163694	0.5927258193445244	0.24618168574151955	FALSE	2	RBM47	RBM47
ENSG00000167524	5	12	-7	-0.11673687054708508	0.24260591526778577	0.35251798561151076	-0.109912070343725	Control	ENSG00000167524	0.5927258193445244	0.1456306681542454	FALSE	2	RSKR	RSKR
ENSG00000179542	162	77	85	1.387459267496479	0.7888355981881162	0.679056754596323	0.10977884359179324	AD	ENSG00000179542	0.5921929123367973	-0.11157754108026552	FALSE	2	SLITRK4	SLITRK4
ENSG00000133135	63	147	-84	-1.3756836382574595	0.6665334399147349	0.7763122835065281	-0.10977884359179324	Control	ENSG00000133135	0.5921929123367973	-0.21742680433212147	FALSE	2	RNF128	RNF128
ENSG00000104447	68	159	-91	-1.490133344412948	0.6761257660538236	0.7857713828936851	-0.10964561683986151	Control	ENSG00000104447	0.59166000532907	0.14853469629628613	FALSE	2	TRPS1	TRPS1
ENSG00000078369	68	159	-91	-1.490133344412948	0.6761257660538236	0.7857713828936851	-0.10964561683986151	Control	ENSG00000078369	0.59166000532907	-0.0495350377866135	FALSE	2	GNB1	GNB1
ENSG00000253877	6	3	3	0.04676270967504147	0.2696509459099387	0.16027178257394084	0.10937916333599788	AD	ENSG00000253877	0.5899280575539568	0.1075502490383391	FALSE	2	LINC01608	LINC01608
ENSG00000119772	6	3	3	0.04676270967504147	0.2696509459099387	0.16027178257394084	0.10937916333599788	AD	ENSG00000119772	0.5899280575539568	0.08635538064095272	FALSE	2	DNMT3A	DNMT3A
ENSG00000063015	6	3	3	0.04676270967504147	0.2696509459099387	0.16027178257394084	0.10937916333599788	AD	ENSG00000063015	0.5899280575539568	-0.10990579431908644	FALSE	2	SEZ6	SEZ6
ENSG00000198899	6	3	3	0.04676270967504147	0.2696509459099387	0.16027178257394084	0.10937916333599788	AD	ENSG00000198899	0.5899280575539568	0.05817030497375874	FALSE	2	MT-ATP6	MT-ATP6
ENSG00000163428	6	3	3	0.04676270967504147	0.2696509459099387	0.16027178257394084	0.10937916333599788	AD	ENSG00000163428	0.5899280575539568	0.10347044389272676	FALSE	2	LRRC58	LRRC58
ENSG00000105640	6	3	3	0.04676270967504147	0.2696509459099387	0.16027178257394084	0.10937916333599788	AD	ENSG00000105640	0.5899280575539568	-0.06727269025320659	FALSE	2	RPL18A	RPL18A
ENSG00000182255	6	3	3	0.04676270967504147	0.2696509459099387	0.16027178257394084	0.10937916333599788	AD	ENSG00000182255	0.5899280575539568	0.16278433172371898	FALSE	2	KCNA4	KCNA4
ENSG00000170791	6	3	3	0.04676270967504147	0.2696509459099387	0.16027178257394084	0.10937916333599788	AD	ENSG00000170791	0.5899280575539568	-0.17714903126362813	FALSE	2	CHCHD7	CHCHD7
ENSG00000111275	6	3	3	0.04676270967504147	0.2696509459099387	0.16027178257394084	0.10937916333599788	AD	ENSG00000111275	0.5899280575539568	-0.03090192455834106	FALSE	2	ALDH2	ALDH2
ENSG00000066422	6	3	3	0.04676270967504147	0.2696509459099387	0.16027178257394084	0.10937916333599788	AD	ENSG00000066422	0.5899280575539568	-0.00391833762908078	FALSE	2	ZBTB11	ZBTB11
ENSG00000125447	6	3	3	0.04676270967504147	0.2696509459099387	0.16027178257394084	0.10937916333599788	AD	ENSG00000125447	0.5899280575539568	-0.00939206473608855	FALSE	2	GGA3	GGA3
ENSG00000136942	9	20	-11	-0.18213670263593568	0.3361310951239009	0.44537703170796694	-0.10924593658406606	Control	ENSG00000136942	0.5877964295230482	-0.1027168113066459	FALSE	2	RPL35	RPL35
ENSG00000163840	9	20	-11	-0.18213670263593568	0.3361310951239009	0.44537703170796694	-0.10924593658406606	Control	ENSG00000163840	0.5877964295230482	0.02515052489462732	FALSE	2	DTX3L	DTX3L
ENSG00000103021	9	20	-11	-0.18213670263593568	0.3361310951239009	0.44537703170796694	-0.10924593658406606	Control	ENSG00000103021	0.5877964295230482	-0.22322689348930247	FALSE	2	CFAP263	CFAP263
ENSG00000132781	9	20	-11	-0.18213670263593568	0.3361310951239009	0.44537703170796694	-0.10924593658406606	Control	ENSG00000132781	0.5877964295230482	0.08569679497198379	FALSE	2	MUTYH	MUTYH
ENSG00000110274	14	30	-16	-0.26388649274699894	0.4108713029576339	0.5201172395417	-0.10924593658406606	Control	ENSG00000110274	0.5877964295230482	0.02519529182530888	FALSE	2	CEP164	CEP164
ENSG00000173548	55	33	22	0.3574119120970819	0.6456168398614441	0.5363709032773781	0.109245936584066	AD	ENSG00000173548	0.5869970690114575	0.10477912592121363	FALSE	2	SNX33	SNX33
ENSG00000050426	57	34	23	0.37376187011929457	0.65201172395417	0.5428990141220357	0.10911270983213428	AD	ENSG00000050426	0.586730615507594	-0.1342297757616926	FALSE	2	LETMD1	LETMD1
ENSG00000138029	23	15	8	0.12851249978610474	0.5001332267519318	0.3911537436717293	0.10897948308020255	AD	ENSG00000138029	0.5863309352517986	-0.04838426300653431	FALSE	2	HADHB	HADHB
ENSG00000167112	25	56	-31	-0.5091358630801888	0.5154543032240874	0.6244337863042899	-0.10897948308020255	Control	ENSG00000167112	0.5863309352517986	-0.0447508084381365	FALSE	2	TRUB2	TRUB2
ENSG00000179456	41	26	15	0.24296220594159332	0.6021849187316813	0.4933386624034106	0.10884625632827072	AD	ENSG00000179456	0.5857980282440715	-0.02670767809436824	FALSE	2	ZBTB18	ZBTB18
ENSG00000204514	7	16	-9	-0.14943678659151036	0.29349853450572877	0.4023447908339995	-0.10884625632827072	Control	ENSG00000204514	0.5857980282440715	0.12768710513004675	FALSE	2	ZNF814	ZNF814
ENSG00000197620	43	99	-56	-0.9178848136355052	0.609912070343725	0.718625099920064	-0.108713029576339	Control	ENSG00000197620	0.5853983479882761	-0.11187436774241366	FALSE	2	EOLA1	EOLA1
ENSG00000132424	83	187	-104	-1.7026827987017126	0.7015720756727951	0.8100186517452704	-0.10844657607247532	Control	ENSG00000132424	0.5851318944844125	0.13992958229953523	FALSE	2	PNISR	PNISR
ENSG00000132604	81	185	-104	-1.7026827987017126	0.699173994138023	0.8074873434585664	-0.10831334932054348	Control	ENSG00000132604	0.5848654409805489	-0.04291479617680061	FALSE	2	TERF2	TERF2
ENSG00000143653	100	54	46	0.7498109046301856	0.7254196642685852	0.617505995203837	0.1079136690647482	AD	ENSG00000143653	0.5845989874766854	-0.10075930367053763	FALSE	2	SCCPDH	SCCPDH
ENSG00000242485	50	31	19	0.30836203803044393	0.6334932054356515	0.5257127631228351	0.10778044231281636	AD	ENSG00000242485	0.5843325339728217	-0.08429030044056596	FALSE	2	MRPL20	MRPL20
ENSG00000081377	41	94	-53	-0.8688349395688671	0.6021849187316813	0.709832134292566	-0.10764721556088463	Control	ENSG00000081377	0.5840660804689581	0.02574090424377395	FALSE	2	CDC14B	CDC14B
ENSG00000163818	18	12	6	0.09581258374167942	0.45976552091660006	0.35251798561151076	0.10724753530508928	AD	ENSG00000163818	0.5836664002131629	-0.1337360087569195	FALSE	2	LZTFL1	LZTFL1
ENSG00000122692	18	12	6	0.09581258374167942	0.45976552091660006	0.35251798561151076	0.10724753530508928	AD	ENSG00000122692	0.5836664002131629	-0.09172897057037588	FALSE	2	SMU1	SMU1
ENSG00000189241	428	191	237	3.8726528868728023	0.9195310418332	0.8124167332800426	0.10711430855315753	AD	ENSG00000189241	0.5832667199573675	-0.09111153910558124	FALSE	2	TSPYL1	TSPYL1
ENSG00000077420	8	18	-10	-0.16578674461372303	0.3160138555822009	0.4231281641353584	-0.10711430855315746	Control	ENSG00000077420	0.5826005861977085	0.19444727843120105	FALSE	2	APBB1IP	APBB1IP
ENSG00000122026	8	18	-10	-0.16578674461372303	0.3160138555822009	0.4231281641353584	-0.10711430855315746	Control	ENSG00000122026	0.5826005861977085	-0.02997968749046897	FALSE	2	RPL21	RPL21
ENSG00000104129	8	18	-10	-0.16578674461372303	0.3160138555822009	0.4231281641353584	-0.10711430855315746	Control	ENSG00000104129	0.5826005861977085	0.01593068981526002	FALSE	2	DNAJC17	DNAJC17
ENSG00000079337	8	18	-10	-0.16578674461372303	0.3160138555822009	0.4231281641353584	-0.10711430855315746	Control	ENSG00000079337	0.5826005861977085	0.0807641531501897	FALSE	2	RAPGEF3	RAPGEF3
ENSG00000116138	430	192	238	3.8890028448950154	0.9199307220889956	0.8129496402877698	0.10698108180122567	AD	ENSG00000116138	0.5818012256861178	-0.08775565483400172	FALSE	2	DNAJC16	DNAJC16
ENSG00000124164	71	161	-90	-1.4737833863907357	0.6817212896349587	0.7887023714361844	-0.10698108180122567	Control	ENSG00000124164	0.5818012256861178	-0.0974929625331491	FALSE	2	VAPB	VAPB
ENSG00000151491	81	46	35	0.5699613663858464	0.699173994138023	0.592326139088729	0.10684785504929396	AD	ENSG00000151491	0.5814015454303224	0.07867212611901131	FALSE	2	EPS8	EPS8
ENSG00000076067	54	33	21	0.3410619540748692	0.643218758326672	0.5363709032773781	0.10684785504929384	AD	ENSG00000076067	0.5811350919264588	0.15780729458264453	FALSE	2	RBMS2	RBMS2
ENSG00000137547	398	174	224	3.6601034325840383	0.9059419131361578	0.7994937383426592	0.10644817479349857	AD	ENSG00000137547	0.5808686384225953	-0.14325833299741042	FALSE	2	MRPL15	MRPL15
ENSG00000100028	45	103	-58	-0.9505847296799304	0.6179056754596323	0.7242206235011991	-0.10631494804156684	Control	ENSG00000100028	0.5806021849187317	-0.06483125793883282	FALSE	2	SNRPD3	SNRPD3
ENSG00000198763	10	6	4	0.06311266769725413	0.35251798561151076	0.24660271782573945	0.10591526778577134	AD	ENSG00000198763	0.5799360511590728	0.0956494054748056	FALSE	2	MT-ND2	MT-ND2
ENSG00000204084	10	6	4	0.06311266769725413	0.35251798561151076	0.24660271782573945	0.10591526778577134	AD	ENSG00000204084	0.5799360511590728	0.0015297492141677	FALSE	2	INPP5B	INPP5B
ENSG00000107872	10	6	4	0.06311266769725413	0.35251798561151076	0.24660271782573945	0.10591526778577134	AD	ENSG00000107872	0.5799360511590728	-0.04931385959612555	FALSE	2	FBXL15	FBXL15
ENSG00000198042	10	6	4	0.06311266769725413	0.35251798561151076	0.24660271782573945	0.10591526778577134	AD	ENSG00000198042	0.5799360511590728	-0.12982018310051036	FALSE	2	MAK16	MAK16
ENSG00000177034	253	114	139	2.2703570006959626	0.8423927524646949	0.7366107114308553	0.1057820410338396	AD	ENSG00000177034	0.579136690647482	-0.0992652617796228	FALSE	2	MTX3	MTX3
ENSG00000136830	14	9	5	0.07946262571946677	0.4108713029576339	0.3050892619237943	0.1057820410338396	AD	ENSG00000136830	0.579136690647482	0.06858765131998723	FALSE	2	NIBAN2	NIBAN2
ENSG00000181852	343	691	-348	-5.6920725561216	0.8828936850519584	0.9885424993338664	-0.10564881428190788	Control	ENSG00000181852	0.5787370103916867	-0.01382188476905454	FALSE	2	RNF41	RNF41
ENSG00000129353	16	34	-18	-0.2965864087914242	0.4373834265920597	0.5428990141220357	-0.10551558752997596	Control	ENSG00000129353	0.5784705568878231	-0.03209810798641399	FALSE	2	SLC44A2	SLC44A2
ENSG00000264364	11	23	-12	-0.19848666065814832	0.3675726085798029	0.4728217426059153	-0.1052491340261124	Control	ENSG00000264364	0.5782041033839594	-0.04971549807597242	FALSE	2	DYNLL2	DYNLL2
ENSG00000268362	27	60	-33	-0.5418357791246141	0.5325073274713562	0.636957100985878	-0.10444977351452178	Control	ENSG00000268362	0.5779376498800959	0.1753416167831503	FALSE	2	NA	ENSG00000268362
ENSG00000251474	74	164	-90	-1.4737833863907357	0.687849720223821	0.7922994937383426	-0.10444977351452168	Control	ENSG00000251474	0.5776711963762323	0.10080468583569058	FALSE	2	RPL32P3	RPL32P3
ENSG00000136810	273	122	151	2.4665564969625144	0.8535837996269651	0.7492672528643751	0.10431654676258996	AD	ENSG00000136810	0.5774047428723688	-0.18584080814138737	FALSE	2	TXN	TXN
ENSG00000114790	51	116	-65	-1.0650344358354191	0.6358912869704236	0.7398081534772182	-0.10391686650679456	Control	ENSG00000114790	0.5771382893685052	0.1532233841083226	FALSE	2	ARHGEF26	ARHGEF26
ENSG00000204314	73	43	30	0.4882115762747831	0.6857180921929124	0.5819344524380495	0.10378363975486282	AD	ENSG00000204314	0.5768718358646416	-0.07343538037024722	FALSE	2	PRRT1	PRRT1
ENSG00000280660	12	25	-13	-0.214836618680361	0.3824940047961631	0.48627764455102584	-0.10378363975486277	Control	ENSG00000280660	0.5766053823607781	0.20743858627845757	FALSE	2	NA	ENSG00000280660
ENSG00000178719	355	159	196	3.2023046079620836	0.8891553423927525	0.7857713828936851	0.10338395949906742	AD	ENSG00000178719	0.5763389288569145	-0.10899114107081508	FALSE	2	GRINA	GRINA
ENSG00000166206	65	142	-77	-1.261233932101971	0.6697308819610978	0.7727151612043698	-0.10298427924327204	Control	ENSG00000166206	0.5760724753530508	0.05659841605101867	FALSE	2	GABRB3	GABRB3
ENSG00000165795	13	27	-14	-0.23118657670257364	0.397015720756728	0.4998667732480682	-0.10285105249134024	Control	ENSG00000165795	0.5756727950972556	-0.04459333245968544	FALSE	2	NDRG2	NDRG2
ENSG00000111058	17	36	-19	-0.3129363668136369	0.4495070610178524	0.5523581135091926	-0.10285105249134024	Control	ENSG00000111058	0.5756727950972556	0.11386626627533758	FALSE	2	ACSS3	ACSS3
ENSG00000165458	19	13	6	0.09581258374167942	0.469890754063416	0.3673061550759392	0.10258459898747674	AD	ENSG00000165458	0.5752731148414602	0.14583771372553578	FALSE	2	INPPL1	INPPL1
ENSG00000113163	23	49	-26	-0.4273860729691255	0.5001332267519318	0.6023181454836131	-0.10218491873168124	Control	ENSG00000113163	0.5750066613375966	-0.00829703482044053	FALSE	2	CERT1	CERT1
ENSG00000019144	15	10	5	0.07946262571946677	0.4237942978950173	0.32187583266719955	0.10191846522781778	AD	ENSG00000019144	0.5743405275779376	0.02045879763494973	FALSE	2	PHLDB1	PHLDB1
ENSG00000073921	15	10	5	0.07946262571946677	0.4237942978950173	0.32187583266719955	0.10191846522781778	AD	ENSG00000073921	0.5743405275779376	0.04625847083512902	FALSE	2	PICALM	PICALM
ENSG00000167371	15	10	5	0.07946262571946677	0.4237942978950173	0.32187583266719955	0.10191846522781778	AD	ENSG00000167371	0.5743405275779376	-0.08879248759655844	FALSE	2	PRRT2	PRRT2
ENSG00000166503	15	31	-16	-0.26388649274699894	0.4237942978950173	0.5257127631228351	-0.10191846522781778	Control	ENSG00000166503	0.5743405275779376	0.02548031681952878	FALSE	2	HDGFL3	HDGFL3
ENSG00000170989	37	81	-44	-0.7216853173689532	0.5855315747402078	0.6873168132160938	-0.10178523847588604	Control	ENSG00000170989	0.5736743938182787	0.07748197222947972	FALSE	2	S1PR1	S1PR1
ENSG00000106153	96	54	42	0.6844110725413349	0.7191580069277911	0.617505995203837	0.1016520117239541	AD	ENSG00000106153	0.5734079403144151	-0.1540624385180056	FALSE	2	CHCHD2	CHCHD2
ENSG00000167986	445	212	233	3.807253054783952	0.927258193445244	0.8258726352251532	0.10138555822009064	AD	ENSG00000167986	0.5731414868105515	-0.17380678587406528	FALSE	2	DDB1	DDB1
ENSG00000111912	348	157	191	3.1205548178510205	0.885025313082867	0.78390620836664	0.10111910471622698	AD	ENSG00000111912	0.572875033306688	-0.14398137355626872	FALSE	2	NCOA7	NCOA7
ENSG00000121481	22	15	7	0.11216254176389208	0.49213962163602454	0.3911537436717293	0.10098587796429526	AD	ENSG00000121481	0.5724753530508926	-0.03722883341756322	FALSE	2	RNF2	RNF2
ENSG00000099954	22	15	7	0.11216254176389208	0.49213962163602454	0.3911537436717293	0.10098587796429526	AD	ENSG00000099954	0.5724753530508926	0.09823432340039771	FALSE	2	CECR2	CECR2
ENSG00000197444	154	77	77	1.2566596033187778	0.7800426325606181	0.679056754596323	0.10098587796429516	AD	ENSG00000197444	0.5720756727950973	-0.1789279802535244	FALSE	2	OGDHL	OGDHL
ENSG00000065361	31	21	10	0.16121241583053006	0.5567545963229417	0.4559019451105782	0.10085265121236348	AD	ENSG00000065361	0.5718092192912336	0.1540516694883287	FALSE	2	ERBB3	ERBB3
ENSG00000114738	2	5	-3	-0.05133703845823445	0.12283506528110844	0.22368771649347188	-0.10085265121236343	Control	ENSG00000114738	0.5706101785238475	0.05496462481573161	FALSE	2	MAPKAPK3	MAPKAPK3
ENSG00000271204	2	5	-3	-0.05133703845823445	0.12283506528110844	0.22368771649347188	-0.10085265121236343	Control	ENSG00000271204	0.5706101785238475	0.16960791971222555	FALSE	2	NA	ENSG00000271204
ENSG00000172458	2	5	-3	-0.05133703845823445	0.12283506528110844	0.22368771649347188	-0.10085265121236343	Control	ENSG00000172458	0.5706101785238475	0.03807451838520848	FALSE	2	IL17D	IL17D
ENSG00000141736	2	5	-3	-0.05133703845823445	0.12283506528110844	0.22368771649347188	-0.10085265121236343	Control	ENSG00000141736	0.5706101785238475	-0.03947855372106446	FALSE	2	ERBB2	ERBB2
ENSG00000116251	2	5	-3	-0.05133703845823445	0.12283506528110844	0.22368771649347188	-0.10085265121236343	Control	ENSG00000116251	0.5706101785238475	-0.00646585972824986	FALSE	2	RPL22	RPL22
ENSG00000213424	2	5	-3	-0.05133703845823445	0.12283506528110844	0.22368771649347188	-0.10085265121236343	Control	ENSG00000213424	0.5706101785238475	0.01975283297741903	FALSE	2	KRT222	KRT222
ENSG00000145741	2	5	-3	-0.05133703845823445	0.12283506528110844	0.22368771649347188	-0.10085265121236343	Control	ENSG00000145741	0.5706101785238475	-0.03562597023598535	FALSE	2	BTF3	BTF3
ENSG00000177663	2	5	-3	-0.05133703845823445	0.12283506528110844	0.22368771649347188	-0.10085265121236343	Control	ENSG00000177663	0.5706101785238475	0.11778277726250864	FALSE	2	IL17RA	IL17RA
ENSG00000171316	31	67	-36	-0.590885653191252	0.5567545963229417	0.6576072475353051	-0.10085265121236342	Control	ENSG00000171316	0.5692779110045297	0.13061649920344287	FALSE	2	CHD7	CHD7
ENSG00000275131	20	42	-22	-0.36198624088027487	0.478017585931255	0.5788702371436184	-0.10085265121236342	Control	ENSG00000275131	0.5692779110045297	0.22960171291864384	FALSE	2	PDE4DIPP2	PDE4DIPP2
ENSG00000197959	441	211	230	3.758203180717314	0.925792699173994	0.8250732747135625	0.10071942446043158	AD	ENSG00000197959	0.5688782307487343	-0.25574982560675785	FALSE	2	DNM3	DNM3
ENSG00000158715	16	11	5	0.07946262571946677	0.4373834265920597	0.33679722888355984	0.10058619770849986	AD	ENSG00000158715	0.5683453237410072	0.2947063549541369	FALSE	2	SLC45A3	SLC45A3
ENSG00000186310	116	63	53	0.8642606107856742	0.7463362643218758	0.645750066613376	0.10058619770849986	AD	ENSG00000186310	0.5683453237410072	-0.2809664435018018	FALSE	2	NAP1L3	NAP1L3
ENSG00000103502	16	11	5	0.07946262571946677	0.4373834265920597	0.33679722888355984	0.10058619770849986	AD	ENSG00000103502	0.5683453237410072	-0.0915986914859026	FALSE	2	CDIPT	CDIPT
ENSG00000188419	161	333	-172	-2.814479944212173	0.7875033306687983	0.8878230748734346	-0.1003197442046363	Control	ENSG00000188419	0.5678124167332801	-0.0208348708797299	FALSE	2	CHM	CHM
ENSG00000175216	267	122	145	2.3684567488292383	0.8494537703170797	0.7492672528643751	0.10018651745270456	AD	ENSG00000175216	0.5675459632294164	-0.09470018437941974	FALSE	2	CKAP5	CKAP5
ENSG00000198804	11	7	4	0.06311266769725413	0.3675726085798029	0.2675193178790301	0.10005329070077272	AD	ENSG00000198804	0.5667466027178257	0.1134121456993995	FALSE	2	MT-CO1	MT-CO1
ENSG00000168439	11	7	4	0.06311266769725413	0.3675726085798029	0.2675193178790301	0.10005329070077272	AD	ENSG00000168439	0.5667466027178257	0.01670857508529621	FALSE	2	STIP1	STIP1
ENSG00000198121	11	7	4	0.06311266769725413	0.3675726085798029	0.2675193178790301	0.10005329070077272	AD	ENSG00000198121	0.5667466027178257	0.2136198877576163	FALSE	2	LPAR1	LPAR1
ENSG00000113456	11	7	4	0.06311266769725413	0.3675726085798029	0.2675193178790301	0.10005329070077272	AD	ENSG00000113456	0.5667466027178257	0.01957043927524715	FALSE	2	RAD1	RAD1
ENSG00000169288	11	7	4	0.06311266769725413	0.3675726085798029	0.2675193178790301	0.10005329070077272	AD	ENSG00000169288	0.5667466027178257	-0.12491571620671492	FALSE	2	MRPL1	MRPL1
ENSG00000118473	266	122	144	2.3521067908070257	0.8490540900612843	0.7492672528643751	0.09978683719690916	AD	ENSG00000118473	0.565947242206235	-0.1370293856349214	FALSE	2	SGIP1	SGIP1
ENSG00000150656	4	2	2	0.03041275165282881	0.21183053557154277	0.11204369837463364	0.099786837196909145	AD	ENSG00000150656	0.5639488409272582	0.02221366985559036	FALSE	2	CNDP1	CNDP1
ENSG00000124507	4	2	2	0.03041275165282881	0.21183053557154277	0.11204369837463364	0.099786837196909145	AD	ENSG00000124507	0.5639488409272582	-0.11575183101913034	FALSE	2	PACSIN1	PACSIN1
ENSG00000116983	4	2	2	0.03041275165282881	0.21183053557154277	0.11204369837463364	0.099786837196909145	AD	ENSG00000116983	0.5639488409272582	0.03316333603221722	FALSE	2	HPCAL4	HPCAL4
ENSG00000066322	4	2	2	0.03041275165282881	0.21183053557154277	0.11204369837463364	0.099786837196909145	AD	ENSG00000066322	0.5639488409272582	0.03764379127162698	FALSE	2	ELOVL1	ELOVL1
ENSG00000044574	4	2	2	0.03041275165282881	0.21183053557154277	0.11204369837463364	0.099786837196909145	AD	ENSG00000044574	0.5639488409272582	-0.06987520476281439	FALSE	2	HSPA5	HSPA5
ENSG00000116586	4	2	2	0.03041275165282881	0.21183053557154277	0.11204369837463364	0.099786837196909145	AD	ENSG00000116586	0.5639488409272582	-0.09528125424255408	FALSE	2	LAMTOR2	LAMTOR2
ENSG00000167535	4	2	2	0.03041275165282881	0.21183053557154277	0.11204369837463364	0.099786837196909145	AD	ENSG00000167535	0.5639488409272582	0.00755399775941789	FALSE	2	CACNB3	CACNB3
ENSG00000145247	4	2	2	0.03041275165282881	0.21183053557154277	0.11204369837463364	0.099786837196909145	AD	ENSG00000145247	0.5639488409272582	-0.11977865360478555	FALSE	2	OCIAD2	OCIAD2
ENSG00000174136	4	2	2	0.03041275165282881	0.21183053557154277	0.11204369837463364	0.099786837196909145	AD	ENSG00000174136	0.5639488409272582	0.03174106220640382	FALSE	2	RGMB	RGMB
ENSG00000154511	4	2	2	0.03041275165282881	0.21183053557154277	0.11204369837463364	0.099786837196909145	AD	ENSG00000154511	0.5639488409272582	0.00626431585961739	FALSE	2	DIPK1A	DIPK1A
ENSG00000182004	4	2	2	0.03041275165282881	0.21183053557154277	0.11204369837463364	0.099786837196909145	AD	ENSG00000182004	0.5639488409272582	-0.12404699863432976	FALSE	2	SNRPE	SNRPE
ENSG00000170471	4	2	2	0.03041275165282881	0.21183053557154277	0.11204369837463364	0.099786837196909145	AD	ENSG00000170471	0.5639488409272582	-0.01528041765189414	FALSE	2	RALGAPB	RALGAPB
ENSG00000196381	4	2	2	0.03041275165282881	0.21183053557154277	0.11204369837463364	0.099786837196909145	AD	ENSG00000196381	0.5639488409272582	0.09553130081950556	FALSE	2	ZNF781	ZNF781
ENSG00000137491	4	2	2	0.03041275165282881	0.21183053557154277	0.11204369837463364	0.099786837196909145	AD	ENSG00000137491	0.5639488409272582	0.08994467706051879	FALSE	2	SLCO2B1	SLCO2B1
ENSG00000169933	142	291	-149	-2.4384309097012817	0.7704503064215295	0.869970690114575	-0.0995203836930455	Control	ENSG00000169933	0.5619504396482814	-0.0788415870260355	FALSE	2	FRMPD4	FRMPD4
ENSG00000124140	141	73	68	1.1095099811188638	0.7689848121502798	0.669597655209166	0.09938715694111376	AD	ENSG00000124140	0.5616839861444178	-0.13591855089050853	FALSE	2	SLC12A5	SLC12A5
ENSG00000113013	174	88	86	1.4038092255186916	0.7990940580868638	0.6998401278976819	0.09925393018918194	AD	ENSG00000113013	0.5614175326405543	-0.10357153678723918	FALSE	2	HSPA9	HSPA9
ENSG00000177917	40	87	-47	-0.7707351914355912	0.5987210231814548	0.697841726618705	-0.0991207034372502	Control	ENSG00000177917	0.5610178523847589	0.17520730632567627	FALSE	2	ARL6IP6	ARL6IP6
ENSG00000131467	112	62	50	0.8152107367190362	0.7412736477484679	0.6421529443112177	0.0991207034372502	AD	ENSG00000131467	0.5610178523847589	-0.0408825689628074	FALSE	2	PSME3	PSME3
ENSG00000143409	32	22	10	0.16121241583053006	0.5639488409272582	0.464828137490008	0.09912070343725016	AD	ENSG00000143409	0.5606181721289635	0.14231689554175553	FALSE	2	MINDY1	MINDY1
ENSG00000157680	16	33	-17	-0.2802364507692116	0.4373834265920597	0.5363709032773781	-0.09898747668531845	Control	ENSG00000157680	0.5603517186250999	-0.01936548525131165	FALSE	2	DGKI	DGKI
ENSG00000144021	343	157	186	3.0388050277399574	0.8828936850519584	0.78390620836664	0.09898747668531838	AD	ENSG00000144021	0.5599520383693045	-0.04649112169061809	FALSE	2	CIAO1	CIAO1
ENSG00000151500	436	209	227	3.709153306650676	0.922728483879563	0.8237410071942446	0.09898747668531838	AD	ENSG00000151500	0.5599520383693045	-0.12747588211536787	FALSE	2	THYN1	THYN1
ENSG00000233705	27	19	8	0.12851249978610474	0.5325073274713562	0.4337863042899014	0.0987210231814548	AD	ENSG00000233705	0.5594191313615774	-0.1026294345459302	FALSE	2	SLC26A4-AS1	SLC26A4-AS1
ENSG00000170464	188	382	-194	-3.1741790207008513	0.8078870237143618	0.9066080468958166	-0.0987210231814548	Control	ENSG00000170464	0.5594191313615774	-0.10515326055503672	FALSE	2	DNAJC18	DNAJC18
ENSG00000065243	111	229	-118	-1.9315822110126897	0.7398081534772182	0.8379962696509459	-0.09818811617372768	Control	ENSG00000065243	0.559019451105782	0.0528545170690915	FALSE	2	PKN2	PKN2
ENSG00000023171	20	14	6	0.09581258374167942	0.478017585931255	0.3799626965094591	0.09805488942179592	AD	ENSG00000023171	0.5587529976019184	-0.0850618532540075	FALSE	2	GRAMD1B	GRAMD1B
ENSG00000139697	114	63	51	0.8315606947412488	0.7438049560351718	0.645750066613376	0.09805488942179584	AD	ENSG00000139697	0.5584865440980549	-0.08141875223609496	FALSE	2	SBNO1	SBNO1
ENSG00000174437	108	224	-116	-1.8988822949682644	0.7363442579269918	0.8342659205968559	-0.09792166266986412	Control	ENSG00000174437	0.5580868638422595	-0.09589207674262744	FALSE	2	ATP2A2	ATP2A2
ENSG00000166619	125	252	-127	-2.0787318332126037	0.7556621369571009	0.8535837996269651	-0.09792166266986412	Control	ENSG00000166619	0.5580868638422595	0.034678624145922043	FALSE	2	BLCAP	BLCAP
ENSG00000167613	25	53	-28	-0.4600859890135508	0.5154543032240874	0.6132427391420198	-0.0977884359179324	Control	ENSG00000167613	0.5576871835864642	0.17264557059946117	FALSE	2	LAIR1	LAIR1
ENSG00000203930	7	4	3	0.04676270967504147	0.29349853450572877	0.1957100985877964	0.09778843591793236	AD	ENSG00000203930	0.5570210498268052	0.08290495491275607	FALSE	2	LINC00632	LINC00632
ENSG00000123091	23	16	7	0.11216254176389208	0.5001332267519318	0.4023447908339995	0.09778843591793236	AD	ENSG00000123091	0.5570210498268052	-0.04667941842370737	FALSE	2	RNF11	RNF11
ENSG00000170759	7	4	3	0.04676270967504147	0.29349853450572877	0.1957100985877964	0.09778843591793236	AD	ENSG00000170759	0.5570210498268052	0.3401307782018659	FALSE	2	KIF5B	KIF5B
ENSG00000183401	7	4	3	0.04676270967504147	0.29349853450572877	0.1957100985877964	0.09778843591793236	AD	ENSG00000183401	0.5570210498268052	0.01216955294833965	FALSE	2	CCDC159	CCDC159
ENSG00000159784	41	88	-47	-0.7707351914355912	0.6021849187316813	0.6998401278976819	-0.09765520916600055	Control	ENSG00000159784	0.5563549160671463	-0.12293739338252507	FALSE	2	FAM131B	FAM131B
ENSG00000175426	6	13	-7	-0.11673687054708508	0.2696509459099387	0.3673061550759392	-0.09765520916600053	Control	ENSG00000175426	0.5551558752997602	-0.7257173506345715	TRUE	3	PCSK1	PCSK1
ENSG00000137267	6	13	-7	-0.11673687054708508	0.2696509459099387	0.3673061550759392	-0.09765520916600053	Control	ENSG00000137267	0.5551558752997602	-0.29756828548675784	FALSE	3	TUBB2A	TUBB2A
ENSG00000069702	7	15	-8	-0.1330868285692977	0.29349853450572877	0.3911537436717293	-0.09765520916600053	Control	ENSG00000069702	0.5551558752997602	0.10572029646751167	FALSE	3	TGFBR3	TGFBR3
ENSG00000165025	7	15	-8	-0.1330868285692977	0.29349853450572877	0.3911537436717293	-0.09765520916600053	Control	ENSG00000165025	0.5551558752997602	0.3792318621071207	FALSE	3	SYK	SYK
ENSG00000143190	6	13	-7	-0.11673687054708508	0.2696509459099387	0.3673061550759392	-0.09765520916600053	Control	ENSG00000143190	0.5551558752997602	0.1040878310243354	FALSE	3	POU2F1	POU2F1
ENSG00000151366	7	15	-8	-0.1330868285692977	0.29349853450572877	0.3911537436717293	-0.09765520916600053	Control	ENSG00000151366	0.5551558752997602	-0.08006269988408832	FALSE	3	NDUFC2	NDUFC2
ENSG00000148180	6	13	-7	-0.11673687054708508	0.2696509459099387	0.3673061550759392	-0.09765520916600053	Control	ENSG00000148180	0.5551558752997602	0.1597256557429123	FALSE	3	GSN	GSN
ENSG00000130255	6	13	-7	-0.11673687054708508	0.2696509459099387	0.3673061550759392	-0.09765520916600053	Control	ENSG00000130255	0.5551558752997602	-0.09137586768742878	FALSE	3	RPL36	RPL36
ENSG00000182481	275	127	148	2.4175066228958766	0.8545163868904876	0.7569944044764189	0.09752198241406872	AD	ENSG00000182481	0.5539568345323741	-0.0909377992561904	FALSE	3	KPNA2	KPNA2
ENSG00000229180	48	103	-55	-0.9015348556132924	0.6268318678390621	0.7242206235011991	-0.097388755662137	Control	ENSG00000229180	0.5536903810285105	0.12072662413123858	FALSE	3	RABGEF1P1	RABGEF1P1
ENSG00000134516	11	22	-11	-0.18213670263593568	0.3675726085798029	0.464828137490008	-0.09725552891020516	Control	ENSG00000134516	0.552757793764988	0.3353829016019292	FALSE	3	DOCK2	DOCK2
ENSG00000184863	53	115	-62	-1.015984561768781	0.6406874500399681	0.7379429789501732	-0.09725552891020516	Control	ENSG00000184863	0.552757793764988	0.09086796972283297	FALSE	3	RBM33	RBM33
ENSG00000046889	49	106	-57	-0.9342347716577176	0.6305622168931522	0.7278177458033573	-0.09725552891020516	Control	ENSG00000046889	0.552757793764988	-0.03050867251548616	FALSE	3	PREX2	PREX2
ENSG00000162636	55	35	20	0.3247119960526566	0.6456168398614441	0.548361310951239	0.09725552891020516	AD	ENSG00000162636	0.552757793764988	-0.10954526526676034	FALSE	3	EEIG2	EEIG2
ENSG00000166398	11	22	-11	-0.18213670263593568	0.3675726085798029	0.464828137490008	-0.09725552891020516	Control	ENSG00000166398	0.552757793764988	0.01650351818115147	FALSE	3	GARRE1	GARRE1
ENSG00000134152	11	22	-11	-0.18213670263593568	0.3675726085798029	0.464828137490008	-0.09725552891020516	Control	ENSG00000134152	0.552757793764988	0.0152676464459347	FALSE	3	KATNBL1	KATNBL1
ENSG00000074935	17	12	5	0.07946262571946677	0.4495070610178524	0.35251798561151076	0.0969890754063416	AD	ENSG00000074935	0.5515587529976019	-0.0262451665071044	FALSE	3	TUBE1	TUBE1
ENSG00000250251	17	12	5	0.07946262571946677	0.4495070610178524	0.35251798561151076	0.0969890754063416	AD	ENSG00000250251	0.5515587529976019	0.0790603993181822	FALSE	3	PKD1P6	PKD1P6
ENSG00000090238	17	12	5	0.07946262571946677	0.4495070610178524	0.35251798561151076	0.0969890754063416	AD	ENSG00000090238	0.5515587529976019	-0.00871846003451715	FALSE	3	YPEL3	YPEL3
ENSG00000163577	26	55	-29	-0.4764359470357635	0.5242472688515853	0.6208366640021317	-0.09658939515054632	Control	ENSG00000163577	0.550892619237943	-0.20726139225115503	FALSE	3	EIF5A2	EIF5A2
ENSG00000087152	72	153	-81	-1.3266337641908217	0.6837196909139355	0.7803090860644818	-0.09658939515054632	Control	ENSG00000087152	0.550892619237943	-0.0302406209179562	FALSE	3	ATXN7L3	ATXN7L3
ENSG00000109519	173	89	84	1.3711093094742663	0.7981614708233413	0.7015720756727951	0.0965893951505462	AD	ENSG00000109519	0.5504929389821476	-0.10114026663247166	FALSE	3	GRPEL1	GRPEL1
ENSG00000173369	15	30	-15	-0.2475365347247863	0.4237942978950173	0.5201172395417	-0.09632294164668263	Control	ENSG00000173369	0.5498268052224887	0.07832594385058655	FALSE	3	C1QB	C1QB
ENSG00000162511	15	30	-15	-0.2475365347247863	0.4237942978950173	0.5201172395417	-0.09632294164668263	Control	ENSG00000162511	0.5498268052224887	0.1578934681285098	FALSE	3	LAPTM5	LAPTM5
ENSG00000100284	13	26	-13	-0.214836618680361	0.397015720756728	0.4933386624034106	-0.09632294164668263	Control	ENSG00000100284	0.5498268052224887	-0.07450887780976778	FALSE	3	TOM1	TOM1
ENSG00000164032	13	26	-13	-0.214836618680361	0.397015720756728	0.4933386624034106	-0.09632294164668263	Control	ENSG00000164032	0.5498268052224887	0.02451515586147046	FALSE	3	H2AZ1	H2AZ1
ENSG00000189195	76	47	29	0.4718616182525705	0.6917132960298428	0.5957900346389555	0.09592326139088724	AD	ENSG00000189195	0.5490274447108979	-0.256884784154785	FALSE	3	BTBD8	BTBD8
ENSG00000164985	161	83	78	1.2730095613409904	0.7875033306687983	0.691580069277911	0.09592326139088724	AD	ENSG00000164985	0.5490274447108979	-0.04760981745553749	FALSE	3	PSIP1	PSIP1
ENSG00000041357	119	239	-120	-1.9642821270571151	0.7500666133759659	0.8458566480149214	-0.09579003463895552	Control	ENSG00000041357	0.5486277644551026	-0.03108282949481733	FALSE	3	PSMA4	PSMA4
ENSG00000074603	255	122	133	2.1722572525626864	0.8446576072475354	0.7492672528643751	0.09539035438316024	AD	ENSG00000074603	0.548361310951239	-0.14547817876228386	FALSE	3	DPP8	DPP8
ENSG00000074657	50	107	-57	-0.9342347716577176	0.6334932054356515	0.7288835598188116	-0.09539035438316013	Control	ENSG00000074657	0.5480948574473754	0.09352900537604648	FALSE	3	ZNF532	ZNF532
ENSG00000189369	73	154	-81	-1.3266337641908217	0.6857180921929124	0.7808419930722089	-0.09512390087929656	Control	ENSG00000189369	0.5476951771915801	-0.04618804936329468	FALSE	3	GSPT2	GSPT2
ENSG00000145246	60	125	-65	-1.0650344358354191	0.6578737010391686	0.7529976019184652	-0.09512390087929656	Control	ENSG00000145246	0.5476951771915801	0.10922692306308336	FALSE	3	ATP10D	ATP10D
ENSG00000127824	183	356	-173	-2.8308299022343855	0.8048228084199307	0.8996802557953637	-0.094857447375433	Control	ENSG00000127824	0.5472954969357847	-0.25114480380047866	FALSE	3	TUBA4A	TUBA4A
ENSG00000136750	3	7	-4	-0.06768699648044711	0.17306155075939247	0.2675193178790301	-0.09445776711963765	Control	ENSG00000136750	0.5459632294164668	-0.23071709298621457	FALSE	3	GAD2	GAD2
ENSG00000156136	3	7	-4	-0.06768699648044711	0.17306155075939247	0.2675193178790301	-0.09445776711963765	Control	ENSG00000156136	0.5459632294164668	0.01743195186183577	FALSE	3	DCK	DCK
ENSG00000115935	3	7	-4	-0.06768699648044711	0.17306155075939247	0.2675193178790301	-0.09445776711963765	Control	ENSG00000115935	0.5459632294164668	0.05283620336116712	FALSE	3	WIPF1	WIPF1
ENSG00000106144	3	7	-4	-0.06768699648044711	0.17306155075939247	0.2675193178790301	-0.09445776711963765	Control	ENSG00000106144	0.5459632294164668	0.06882626609791664	FALSE	3	CASP2	CASP2
ENSG00000135637	3	7	-4	-0.06768699648044711	0.17306155075939247	0.2675193178790301	-0.09445776711963765	Control	ENSG00000135637	0.5459632294164668	0.08838066319339877	FALSE	3	CCDC142	CCDC142
ENSG00000269929	3	7	-4	-0.06768699648044711	0.17306155075939247	0.2675193178790301	-0.09445776711963765	Control	ENSG00000269929	0.5459632294164668	0.03901588897244767	FALSE	3	MIRLET7A1HG	MIRLET7A1HG
ENSG00000243319	3	7	-4	-0.06768699648044711	0.17306155075939247	0.2675193178790301	-0.09445776711963765	Control	ENSG00000243319	0.5459632294164668	0.27488867415828633	FALSE	3	FGF14-IT1	FGF14-IT1
ENSG00000129151	3	7	-4	-0.06768699648044711	0.17306155075939247	0.2675193178790301	-0.09445776711963765	Control	ENSG00000129151	0.5459632294164668	0.04023071891097274	FALSE	3	BBOX1	BBOX1
ENSG00000167614	3	7	-4	-0.06768699648044711	0.17306155075939247	0.2675193178790301	-0.09445776711963765	Control	ENSG00000167614	0.5459632294164668	-0.03634795394497381	FALSE	3	TTYH1	TTYH1
ENSG00000069869	70	44	26	0.42281174418593254	0.6793232081001865	0.5848654409805489	0.0944577671196376	AD	ENSG00000069869	0.544630961897149	0.19860229138714924	FALSE	3	NEDD4	NEDD4
ENSG00000104888	147	78	69	1.1258599391410764	0.7756461497468692	0.6813216093791633	0.09432454036770588	AD	ENSG00000104888	0.5442312816413536	-0.352800494193346	FALSE	3	SLC17A7	SLC17A7
ENSG00000108561	167	87	80	1.3057094773854157	0.7921662669864109	0.697841726618705	0.09432454036770588	AD	ENSG00000108561	0.5442312816413536	-0.11306645384981984	FALSE	3	C1QBP	C1QBP
ENSG00000106459	5	11	-6	-0.10038691252487242	0.24260591526778577	0.33679722888355984	-0.09419131361577408	Control	ENSG00000106459	0.5438316013855582	0.07894444130665335	FALSE	3	NRF1	NRF1
ENSG00000117016	31	65	-34	-0.5581857371468267	0.5567545963229417	0.6508126831867839	-0.0940580868638422	Control	ENSG00000117016	0.5435651478816946	-0.14467144620981287	FALSE	3	RIMS3	RIMS3
ENSG00000145632	101	59	42	0.6844110725413349	0.7278177458033573	0.6338928856914469	0.09392486011191048	AD	ENSG00000145632	0.5432986943778311	-0.05954969083945727	FALSE	3	PLK2	PLK2
ENSG00000126581	154	301	-147	-2.4057309936568565	0.7800426325606181	0.8738342659205969	-0.09379163335997875	Control	ENSG00000126581	0.5428990141220357	-0.05924160728367589	FALSE	3	BECN1	BECN1
ENSG00000198887	42	88	-46	-0.7543852334133786	0.6060484945377032	0.6998401278976819	-0.09379163335997875	Control	ENSG00000198887	0.5428990141220357	0.08129035121181083	FALSE	3	SMC5	SMC5
ENSG00000281026	32	67	-35	-0.5745356951690394	0.5639488409272582	0.6576072475353051	-0.09365840660804692	Control	ENSG00000281026	0.5424993338662404	0.13077854825396518	FALSE	3	N4BP2L2-IT2	N4BP2L2-IT2
ENSG00000163110	79	162	-83	-1.359333680235247	0.6967759126032508	0.7903010924593659	-0.09352517985611508	Control	ENSG00000163110	0.5422328803623767	0.1281703875209974	FALSE	3	PDLIM5	PDLIM5
ENSG00000177853	16	32	-16	-0.26388649274699894	0.4373834265920597	0.530775379696243	-0.0933919531041833	Control	ENSG00000177853	0.5419664268585132	0.00899118679799926	FALSE	3	ZNF518A	ZNF518A
ENSG00000102178	33	69	-36	-0.590885653191252	0.5692779110045297	0.662669864108713	-0.09339195310418325	Control	ENSG00000102178	0.5416999733546496	-0.00885546013374671	FALSE	3	UBL4A	UBL4A
ENSG00000196295	62	127	-65	-1.0650344358354191	0.6637356781241673	0.7569944044764189	-0.09325872635225152	Control	ENSG00000196295	0.5413002930988543	0.04064963432836777	FALSE	3	GARS1-DT	GARS1-DT
ENSG00000279453	62	127	-65	-1.0650344358354191	0.6637356781241673	0.7569944044764189	-0.09325872635225152	Control	ENSG00000279453	0.5413002930988543	-0.1022922823939254	FALSE	3	NA	ENSG00000279453
ENSG00000169230	51	34	17	0.27566212198601864	0.6358912869704236	0.5428990141220357	0.09299227284838796	AD	ENSG00000169230	0.5409006128430589	-0.10424658081695348	FALSE	3	PRELID1	PRELID1
ENSG00000130764	399	193	206	3.3658041881842102	0.9064748201438848	0.8136157740474287	0.09285904609645625	AD	ENSG00000130764	0.5405009325872635	-0.0722518070963094	FALSE	3	LRRC47	LRRC47
ENSG00000166224	87	178	-91	-1.490133344412948	0.7087663202771116	0.8016253663735678	-0.09285904609645625	Control	ENSG00000166224	0.5405009325872635	0.10222343712783476	FALSE	3	SGPL1	SGPL1
ENSG00000137269	10	20	-10	-0.16578674461372303	0.35251798561151076	0.44537703170796694	-0.09285904609645618	Control	ENSG00000137269	0.5401012523314681	0.24771071239572784	FALSE	3	LRRC1	LRRC1
ENSG00000247828	64	130	-66	-1.0813843938576315	0.6681321609379164	0.7609912070343725	-0.09285904609645612	Control	ENSG00000247828	0.5398347988276045	0.08081170319597142	FALSE	3	TMEM161B-DT	TMEM161B-DT
ENSG00000168769	30	62	-32	-0.5254858211024014	0.5494271249666933	0.6421529443112177	-0.0927258193445244	Control	ENSG00000168769	0.539568345323741	0.08912353549540519	FALSE	3	TET2	TET2
ENSG00000184752	100	201	-101	-1.6536329246350747	0.7254196642685852	0.8180122568611777	-0.09259259259259256	Control	ENSG00000184752	0.5393018918198774	-0.12196905682312575	FALSE	3	NDUFA12	NDUFA12
ENSG00000116161	18	13	5	0.07946262571946677	0.45976552091660006	0.3673061550759392	0.09245936584066083	AD	ENSG00000116161	0.5390354383160139	-0.00917158967584974	FALSE	3	CACYBP	CACYBP
ENSG00000008083	8	5	3	0.04676270967504147	0.3160138555822009	0.22368771649347188	0.09232613908872904	AD	ENSG00000008083	0.5386357580602185	0.04555336136316867	FALSE	3	JARID2	JARID2
ENSG00000198252	8	5	3	0.04676270967504147	0.3160138555822009	0.22368771649347188	0.09232613908872904	AD	ENSG00000198252	0.5386357580602185	0.00797460814101747	FALSE	3	STYX	STYX
ENSG00000122705	271	129	142	2.3194068747626004	0.8518518518518519	0.7595257127631229	0.092326139088729	AD	ENSG00000122705	0.5382360778044232	-0.06261032594195193	FALSE	3	CLTA	CLTA
ENSG00000067191	23	46	-23	-0.37833619890248754	0.5001332267519318	0.592326139088729	-0.09219291233679716	Control	ENSG00000067191	0.5378363975486278	-0.1447989837313184	FALSE	3	CACNB1	CACNB1
ENSG00000139684	37	26	11	0.1775623738527427	0.5855315747402078	0.4933386624034106	0.09219291233679716	AD	ENSG00000139684	0.5378363975486278	-0.02264562669362568	FALSE	3	ESD	ESD
ENSG00000178567	297	144	153	2.4992564130069397	0.8663735678124167	0.7743138822275513	0.09205968558486544	AD	ENSG00000178567	0.5373034905409007	-0.12550732684784194	FALSE	3	EPM2AIP1	EPM2AIP1
ENSG00000244627	34	70	-36	-0.590885653191252	0.5731414868105515	0.665201172395417	-0.09205968558486544	Control	ENSG00000244627	0.5373034905409007	0.0863005690418861	FALSE	3	TPTEP2	TPTEP2
ENSG00000011304	27	56	-29	-0.4764359470357635	0.5325073274713562	0.6244337863042899	-0.09192645883293372	Control	ENSG00000011304	0.5369038102851053	0.04815961749005382	FALSE	3	PTBP1	PTBP1
ENSG00000117600	24	48	-24	-0.39468615692470016	0.5077271516120437	0.5995203836930456	-0.09179323208100187	Control	ENSG00000117600	0.5366373567812417	-0.06061203286829908	FALSE	3	PLPPR4	PLPPR4
ENSG00000146414	99	196	-97	-1.588233092546224	0.7228883559818812	0.8144151345590195	-0.09152677857713833	Control	ENSG00000146414	0.5363709032773781	0.08257313361425211	FALSE	3	SHPRH	SHPRH
ENSG00000148143	19	38	-19	-0.3129363668136369	0.469890754063416	0.5612843058886224	-0.09139355182520648	Control	ENSG00000148143	0.5361044497735146	0.14777116281274694	FALSE	3	ZNF462	ZNF462
ENSG00000151743	311	150	161	2.630056077184641	0.8694377831068478	0.7783106847855049	0.09112709832134291	AD	ENSG00000151743	0.5358379962696509	-0.1332517313470074	FALSE	3	AMN1	AMN1
ENSG00000196961	165	317	-152	-2.4874807837679196	0.790833999467093	0.8818278710365042	-0.0909938715694112	Control	ENSG00000196961	0.5355715427657873	-0.18062176497337923	FALSE	3	AP2A1	AP2A1
ENSG00000179958	228	114	114	1.861608050140646	0.8276045830002664	0.7366107114308553	0.09099387156941108	AD	ENSG00000179958	0.5353050892619238	-0.18274620217738136	FALSE	3	DCTPP1	DCTPP1
ENSG00000185278	61	124	-63	-1.0323345197909937	0.6605382360778044	0.751265654143352	-0.09072741806554764	Control	ENSG00000185278	0.5350386357580602	0.1385578284422504	FALSE	3	ZBTB37	ZBTB37
ENSG00000139218	100	199	-99	-1.6209330085906493	0.7254196642685852	0.8161470823341327	-0.09072741806554752	Control	ENSG00000139218	0.5346389555022648	0.03894317744037146	FALSE	3	SCAF11	SCAF11
ENSG00000116117	35	71	-36	-0.590885653191252	0.5768718358646416	0.6675992539301892	-0.09072741806554752	Control	ENSG00000116117	0.5346389555022648	0.21396124848233988	FALSE	3	PARD3B	PARD3B
ENSG00000136960	35	25	10	0.16121241583053006	0.5768718358646416	0.48627764455102584	0.0905941913136158	AD	ENSG00000136960	0.5341060484945377	0.17556918049386283	FALSE	3	ENPP2	ENPP2
ENSG00000155324	48	98	-50	-0.8197850655022292	0.6268318678390621	0.7174260591526779	-0.0905941913136158	Control	ENSG00000155324	0.5341060484945377	0.22741311010707221	FALSE	3	GRAMD2B	GRAMD2B
ENSG00000104723	84	165	-81	-1.3266337641908217	0.7029043431921129	0.7932320810018652	-0.09032773780975224	Control	ENSG00000104723	0.5337063682387423	0.01920137301458879	FALSE	3	TUSC3	TUSC3
ENSG00000184117	254	453	-199	-3.2559288108119144	0.843591793232081	0.9336530775379696	-0.09006128430588867	Control	ENSG00000184117	0.5334399147348787	-0.18829670722951697	FALSE	3	NIPSNAP1	NIPSNAP1
ENSG00000127957	15	29	-14	-0.23118657670257364	0.4237942978950173	0.5135891286970423	-0.089794830802025	Control	ENSG00000127957	0.5330402344790834	0.03625918611378953	FALSE	3	PMS2P3	PMS2P3
ENSG00000100393	15	29	-14	-0.23118657670257364	0.4237942978950173	0.5135891286970423	-0.089794830802025	Control	ENSG00000100393	0.5330402344790834	0.14093335870729895	FALSE	3	EP300	EP300
ENSG00000013392	178	95	83	1.3547593514520535	0.8016253663735678	0.7119637623234746	0.08966160405009327	AD	ENSG00000013392	0.5325073274713562	-0.05043891704151448	FALSE	3	RWDD2A	RWDD2A
ENSG00000171940	52	35	17	0.27566212198601864	0.6380229150013322	0.548361310951239	0.08966160405009327	AD	ENSG00000171940	0.5325073274713562	0.09314459337490533	FALSE	3	ZNF217	ZNF217
ENSG00000144959	9	6	3	0.04676270967504147	0.3361310951239009	0.24660271782573945	0.08952837729816146	AD	ENSG00000144959	0.5318411937116974	-0.06283517047021014	FALSE	3	NCEH1	NCEH1
ENSG00000128731	9	6	3	0.04676270967504147	0.3361310951239009	0.24660271782573945	0.08952837729816146	AD	ENSG00000128731	0.5318411937116974	-0.01926277553633326	FALSE	3	HERC2	HERC2
ENSG00000056487	9	6	3	0.04676270967504147	0.3361310951239009	0.24660271782573945	0.08952837729816146	AD	ENSG00000056487	0.5318411937116974	0.06813560502627514	FALSE	3	PHF21B	PHF21B
ENSG00000069966	193	360	-167	-2.7327301541011098	0.8110844657607248	0.9006128430588862	-0.08952837729816143	Control	ENSG00000069966	0.5313082867039701	-0.0989333756893256	FALSE	3	GNB5	GNB5
ENSG00000140398	13	25	-12	-0.19848666065814832	0.397015720756728	0.48627764455102584	-0.08926192379429787	Control	ENSG00000140398	0.5309086064481748	0.0995561119886883	FALSE	3	NEIL1	NEIL1
ENSG00000155959	174	94	80	1.3057094773854157	0.7990940580868638	0.709832134292566	0.08926192379429787	AD	ENSG00000155959	0.5309086064481748	-0.13078935419881788	FALSE	3	VBP1	VBP1
ENSG00000103723	14	27	-13	-0.214836618680361	0.4108713029576339	0.4998667732480682	-0.08899547029043431	Control	ENSG00000103723	0.5303756994404476	-0.17130951744608147	FALSE	3	AP3B2	AP3B2
ENSG00000119421	99	190	-91	-1.490133344412948	0.7228883559818812	0.8118838262723155	-0.08899547029043431	Control	ENSG00000119421	0.5303756994404476	-0.07322713299436501	FALSE	3	NDUFA8	NDUFA8
ENSG00000129990	52	105	-53	-0.8688349395688671	0.6380229150013322	0.7266187050359713	-0.08859579003463902	Control	ENSG00000129990	0.5299760191846523	-0.2732303694509852	FALSE	3	SYT5	SYT5
ENSG00000215021	254	126	128	2.090507462451623	0.843591793232081	0.7549960031974421	0.08859579003463891	AD	ENSG00000215021	0.5297095656807888	-0.1129144872665151	FALSE	3	PHB2	PHB2
ENSG00000221978	54	109	-55	-0.9015348556132924	0.643218758326672	0.7315480948574474	-0.08832933653077546	Control	ENSG00000221978	0.5294431121769251	0.02568254397173852	FALSE	3	CCNL2	CCNL2
ENSG00000172380	16	31	-15	-0.2475365347247863	0.4373834265920597	0.5257127631228351	-0.0883293365307754	Control	ENSG00000172380	0.5291766586730615	0.13845911026619717	FALSE	3	GNG12	GNG12
ENSG00000135426	11	21	-10	-0.16578674461372303	0.3675726085798029	0.4559019451105782	-0.08832933653077535	Control	ENSG00000135426	0.528910205169198	-0.2154309936515375	FALSE	3	TESPA1	TESPA1
ENSG00000101421	287	146	141	2.303056916740388	0.8633093525179856	0.7755129229949373	0.087796429523048225	AD	ENSG00000101421	0.5286437516653344	-0.12180342284247204	FALSE	3	CHMP4B	CHMP4B
ENSG00000143420	147	278	-131	-2.144131665301454	0.7756461497468692	0.8633093525179856	-0.08766320277111639	Control	ENSG00000143420	0.5283772981614708	-0.05339123262566225	FALSE	3	ENSA	ENSA
ENSG00000165782	92	178	-86	-1.4083835543018848	0.7140953903543832	0.8016253663735678	-0.08752997601918466	Control	ENSG00000165782	0.5278443911537437	-0.03788711186710358	FALSE	3	PIP4P1	PIP4P1
ENSG00000154723	118	227	-109	-1.784432588812776	0.7484678923527844	0.8359978683719691	-0.08752997601918466	Control	ENSG00000154723	0.5278443911537437	-0.09947837328235742	FALSE	3	ATP5PF	ATP5PF
ENSG00000214029	30	60	-30	-0.4927859050579761	0.5494271249666933	0.636957100985878	-0.08752997601918466	Control	ENSG00000214029	0.5278443911537437	0.10945148986906084	FALSE	3	ZNF891	ZNF891
ENSG00000180543	250	431	-181	-2.961629566412087	0.839195310418332	0.9265920596855848	-0.08739674926725294	Control	ENSG00000180543	0.5273114841460165	-0.1389565706438276	FALSE	3	TSPYL5	TSPYL5
ENSG00000160613	66	44	22	0.3574119120970819	0.6722621902478018	0.5848654409805489	0.08739674926725283	AD	ENSG00000160613	0.5270450306421529	0.02986873543608759	FALSE	3	PCSK7	PCSK7
ENSG00000109381	69	133	-64	-1.0486844778132065	0.6773248068212097	0.764455102584599	-0.08713029576338938	Control	ENSG00000109381	0.52677857713828935	0.06014720988234501	FALSE	3	ELF2	ELF2
ENSG00000150753	27	20	7	0.11216254176389208	0.5325073274713562	0.44537703170796694	0.08713029576338926	AD	ENSG00000150753	0.526378896882494	-0.03725137643409049	FALSE	3	CCT5	CCT5
ENSG00000175215	57	39	18	0.2920120800082313	0.65201172395417	0.5648814281907807	0.08713029576338926	AD	ENSG00000175215	0.526378896882494	0.14412607805206612	FALSE	3	CTDSP2	CTDSP2
ENSG00000198934	148	279	-131	-2.144131665301454	0.7768451905142553	0.8638422595257128	-0.08699706901145754	Control	ENSG00000198934	0.5259792166266987	-0.09902060608333584	FALSE	3	MAGEE1	MAGEE1
ENSG00000112561	15	11	4	0.06311266769725413	0.4237942978950173	0.33679722888355984	0.08699706901145748	AD	ENSG00000112561	0.5255795363709033	0.1101625805456905	FALSE	3	TFEB	TFEB
ENSG00000172037	15	11	4	0.06311266769725413	0.4237942978950173	0.33679722888355984	0.08699706901145748	AD	ENSG00000172037	0.5255795363709033	0.09472193817258125	FALSE	3	LAMB2	LAMB2
ENSG00000119280	17	33	-16	-0.26388649274699894	0.4495070610178524	0.5363709032773781	-0.08686384225952576	Control	ENSG00000119280	0.5251798561151079	0.04089558040686114	FALSE	3	C1orf198	C1orf198
ENSG00000105220	369	184	185	3.022455069717745	0.8935518252065014	0.8066879829469757	0.0868638422595257	AD	ENSG00000105220	0.5247801758593126	-0.09932341956045576	FALSE	3	GPI	GPI
ENSG00000150907	62	123	-61	-0.9996346037465684	0.6637356781241673	0.750599520383693	-0.0868638422595257	Control	ENSG00000150907	0.5247801758593126	0.14554739024746333	FALSE	3	FOXO1	FOXO1
ENSG00000130684	22	42	-20	-0.3292863248358496	0.49213962163602454	0.5788702371436184	-0.08673061550759387	Control	ENSG00000130684	0.5243804956035172	0.02954845531991701	FALSE	3	ZNF337	ZNF337
ENSG00000163131	7	14	-7	-0.11673687054708508	0.29349853450572877	0.3799626965094591	-0.0864641620037303	Control	ENSG00000163131	0.5238475885957901	0.26841829177623033	FALSE	3	CTSS	CTSS
ENSG00000168918	7	14	-7	-0.11673687054708508	0.29349853450572877	0.3799626965094591	-0.0864641620037303	Control	ENSG00000168918	0.5238475885957901	0.1799584368562588	FALSE	3	INPP5D	INPP5D
ENSG00000102595	7	14	-7	-0.11673687054708508	0.29349853450572877	0.3799626965094591	-0.0864641620037303	Control	ENSG00000102595	0.5238475885957901	-0.0502206331563535	FALSE	3	UGGT2	UGGT2
ENSG00000162341	8	16	-8	-0.1330868285692977	0.3160138555822009	0.4023447908339995	-0.08633093525179858	Control	ENSG00000162341	0.5231814548361311	0.04177593634385523	FALSE	3	TPCN2	TPCN2
ENSG00000104375	8	16	-8	-0.1330868285692977	0.3160138555822009	0.4023447908339995	-0.08633093525179858	Control	ENSG00000104375	0.5231814548361311	0.03591221493698615	FALSE	3	STK3	STK3
ENSG00000177119	94	58	36	0.5863113244080591	0.7164934718891554	0.6304289901412203	0.08606448174793502	AD	ENSG00000177119	0.522648547828404	0.09174699162368682	FALSE	3	ANO6	ANO6
ENSG00000077080	111	212	-101	-1.6536329246350747	0.7398081534772182	0.8258726352251532	-0.08606448174793502	Control	ENSG00000077080	0.522648547828404	-0.11137776402291166	FALSE	3	ACTL6B	ACTL6B
ENSG00000183837	86	55	31	0.5045615342969958	0.7065014654942713	0.6208366640021317	0.08566480149213962	AD	ENSG00000183837	0.5222488675726086	-0.404435813687547	FALSE	3	PNMA3	PNMA3
ENSG00000104660	21	40	-19	-0.3129363668136369	0.4845456967759126	0.5700772715161204	-0.08553157474020784	Control	ENSG00000104660	0.521982414068745	-0.06207696285809305	FALSE	3	LEPROTL1	LEPROTL1
ENSG00000108861	140	79	61	0.9950602749633752	0.7679189981348254	0.6826538768984812	0.08526512123634422	AD	ENSG00000108861	0.5215827338129496	-0.05036413817482277	FALSE	3	DUSP3	DUSP3
ENSG00000177511	58	116	-58	-0.9505847296799304	0.654543032240874	0.7398081534772182	-0.08526512123634422	Control	ENSG00000177511	0.5215827338129496	0.05440315625538439	FALSE	3	ST8SIA3	ST8SIA3
ENSG00000110958	10	7	3	0.04676270967504147	0.35251798561151076	0.2675193178790301	0.08499866773248066	AD	ENSG00000110958	0.5209166000532907	-0.01777171351922213	FALSE	3	PTGES3	PTGES3
ENSG00000104863	142	254	-112	-1.8334824628794135	0.7704503064215295	0.8554489741540101	-0.08499866773248066	Control	ENSG00000104863	0.5209166000532907	-0.11805625075941162	FALSE	3	LIN7B	LIN7B
ENSG00000161996	10	7	3	0.04676270967504147	0.35251798561151076	0.2675193178790301	0.08499866773248066	AD	ENSG00000161996	0.5209166000532907	0.10011682723578195	FALSE	3	WDR90	WDR90
ENSG00000100320	113	67	46	0.7498109046301856	0.742472688515854	0.6576072475353051	0.08486544098054893	AD	ENSG00000100320	0.5203836930455635	-0.10137002774190584	FALSE	3	RBFOX2	RBFOX2
ENSG00000084070	425	223	202	3.30040435609536	0.9181987743138822	0.8333333333333334	0.08486544098054882	AD	ENSG00000084070	0.5199840127897681	-0.06651298069762213	FALSE	3	SMAP2	SMAP2
ENSG00000106244	65	44	21	0.3410619540748692	0.6697308819610978	0.5848654409805489	0.08486544098054882	AD	ENSG00000106244	0.5199840127897681	-0.08214724210631452	FALSE	3	PDAP1	PDAP1
ENSG00000107295	158	88	70	1.1422098971632892	0.784572342126299	0.6998401278976819	0.0847322142286171	AD	ENSG00000107295	0.519451105782041	-0.20747647800402905	FALSE	3	SH3GL2	SH3GL2
ENSG00000181555	23	44	-21	-0.3456362828580622	0.5001332267519318	0.5848654409805489	-0.0847322142286171	Control	ENSG00000181555	0.519451105782041	0.13426052624079432	FALSE	3	SETD2	SETD2
ENSG00000198604	63	43	20	0.3247119960526566	0.6665334399147349	0.5819344524380495	0.08459898747668537	AD	ENSG00000198604	0.5190514255262457	0.15565586816657095	FALSE	3	BAZ1A	BAZ1A
ENSG00000175395	226	117	109	1.7798582600295827	0.8265387689848122	0.7422062350119905	0.0843325339728217	AD	ENSG00000175395	0.5185185185185185	-0.1509914240912007	FALSE	3	ZNF25	ZNF25
ENSG00000183020	135	243	-108	-1.7680826307905633	0.7637889688249401	0.8481215027977618	-0.0843325339728217	Control	ENSG00000183020	0.5185185185185185	-0.06778915039592981	FALSE	3	AP2A2	AP2A2
ENSG00000198673	38	28	10	0.16121241583053006	0.5907274180655475	0.5063948840927258	0.0843325339728217	AD	ENSG00000198673	0.5185185185185185	-0.19550751822599288	FALSE	3	TAFA2	TAFA2
ENSG00000129422	72	48	24	0.3901118281415072	0.6837196909139355	0.5995203836930456	0.08419930722088986	AD	ENSG00000129422	0.5179856115107914	0.09785262284433394	FALSE	3	MTUS1	MTUS1
ENSG00000099331	47	93	-46	-0.7543852334133786	0.623767652544631	0.7078337330135891	-0.08406608046895814	Control	ENSG00000099331	0.517585931254996	0.11668121183405944	FALSE	3	MYO9B	MYO9B
ENSG00000182512	139	79	60	0.9787103169411628	0.7667199573674394	0.6826538768984812	0.08406608046895814	AD	ENSG00000182512	0.517585931254996	-0.0575185872475803	FALSE	3	GLRX5	GLRX5
ENSG00000168785	211	115	96	1.5673088057408182	0.8214761524114043	0.7379429789501732	0.08353317346123101	AD	ENSG00000168785	0.5171862509992007	-0.11926668533174478	FALSE	3	TSPAN5	TSPAN5
ENSG00000075089	200	109	91	1.485559015629755	0.8148148148148148	0.7315480948574474	0.08326671995736734	AD	ENSG00000075089	0.5169197974953371	-0.1999607773969494	FALSE	3	ACTR6	ACTR6
ENSG00000153933	22	41	-19	-0.3129363668136369	0.49213962163602454	0.5751398880895284	-0.08300026645350389	Control	ENSG00000153933	0.5166533439914734	-0.0245273438059641	FALSE	3	DGKE	DGKE
ENSG00000070961	213	377	-164	-2.6836802800344715	0.8228084199307221	0.905675459632294	-0.08286703970157205	Control	ENSG00000070961	0.5162536637356782	-0.04168621855514587	FALSE	3	ATP2B1	ATP2B1
ENSG00000152402	6	12	-6	-0.10038691252487242	0.2696509459099387	0.35251798561151076	-0.08286703970157205	Control	ENSG00000152402	0.5162536637356782	-0.02725450345059954	FALSE	3	GUCY1A2	GUCY1A2
ENSG00000101290	92	170	-78	-1.2775838901241836	0.7140953903543832	0.7968292033040234	-0.08273381294964022	Control	ENSG00000101290	0.5158539834798828	0.03100375321985282	FALSE	3	CDS2	CDS2
ENSG00000171766	15	28	-13	-0.214836618680361	0.4237942978950173	0.5063948840927258	-0.08260058619770849	Control	ENSG00000171766	0.5155875299760192	0.0941323064716677	FALSE	3	GATM	GATM
ENSG00000144674	13	24	-11	-0.18213670263593568	0.397015720756728	0.4794830802025047	-0.08246735944577671	Control	ENSG00000144674	0.5153210764721556	0.08561356654034569	FALSE	3	GOLGA4	GOLGA4
ENSG00000117152	202	111	91	1.485559015629755	0.8161470823341327	0.7338129496402878	0.08233413269384493	AD	ENSG00000117152	0.5139888089528377	-0.4838050068063193	FALSE	3	RGS4	RGS4
ENSG00000206573	12	22	-10	-0.16578674461372303	0.3824940047961631	0.464828137490008	-0.08233413269384493	Control	ENSG00000206573	0.5139888089528377	0.10102740785915644	FALSE	3	THUMPD3-AS1	THUMPD3-AS1
ENSG00000168314	5	3	2	0.03041275165282881	0.24260591526778577	0.16027178257394084	0.08233413269384493	AD	ENSG00000168314	0.5139888089528377	0.06176563325025874	FALSE	3	MOBP	MOBP
ENSG00000273329	12	22	-10	-0.16578674461372303	0.3824940047961631	0.464828137490008	-0.08233413269384493	Control	ENSG00000273329	0.5139888089528377	0.0792346680210656	FALSE	3	NA	ENSG00000273329
ENSG00000106460	5	3	2	0.03041275165282881	0.24260591526778577	0.16027178257394084	0.08233413269384493	AD	ENSG00000106460	0.5139888089528377	-0.05144021241465424	FALSE	3	TMEM106B	TMEM106B
ENSG00000164574	5	3	2	0.03041275165282881	0.24260591526778577	0.16027178257394084	0.08233413269384493	AD	ENSG00000164574	0.5139888089528377	0.10504745259287418	FALSE	3	GALNT10	GALNT10
ENSG00000164741	5	3	2	0.03041275165282881	0.24260591526778577	0.16027178257394084	0.08233413269384493	AD	ENSG00000164741	0.5139888089528377	0.10559583391411388	FALSE	3	DLC1	DLC1
ENSG00000270049	5	3	2	0.03041275165282881	0.24260591526778577	0.16027178257394084	0.08233413269384493	AD	ENSG00000270049	0.5139888089528377	0.07852888403130098	FALSE	3	ATP6V0D1-DT	ATP6V0D1-DT
ENSG00000165023	5	3	2	0.03041275165282881	0.24260591526778577	0.16027178257394084	0.08233413269384493	AD	ENSG00000165023	0.5139888089528377	-0.2702564566650967	FALSE	3	DIRAS2	DIRAS2
ENSG00000101350	49	35	14	0.22661224791938067	0.6305622168931522	0.548361310951239	0.0822009059419132	AD	ENSG00000101350	0.5126565414335198	-0.02489391719506528	FALSE	3	KIF3B	KIF3B
ENSG00000132669	84	55	29	0.4718616182525705	0.7029043431921129	0.6208366640021317	0.08206767918998126	AD	ENSG00000132669	0.5123900879296562	0.15142129519352565	FALSE	3	RIN2	RIN2
ENSG00000165916	252	421	-169	-2.765430070145535	0.8413269384492406	0.9232613908872902	-0.08193445243804964	Control	ENSG00000165916	0.511990407673861	-0.10668645978517688	FALSE	3	PSMC3	PSMC3
ENSG00000057608	163	93	70	1.1422098971632892	0.7897681854516387	0.7078337330135891	0.08193445243804964	AD	ENSG00000057608	0.511990407673861	-0.16539974316220984	FALSE	3	GDI2	GDI2
ENSG00000142507	158	284	-126	-2.062381875190391	0.784572342126299	0.8665067945643485	-0.08193445243804953	Control	ENSG00000142507	0.511324273914202	-0.05419693562109629	FALSE	3	PSMB6	PSMB6
ENSG00000128581	177	318	-141	-2.3076312455235803	0.8006927791100453	0.8826272315480949	-0.08193445243804953	Control	ENSG00000128581	0.511324273914202	-0.06319880035434444	FALSE	3	IFT22	IFT22
ENSG00000145730	57	40	17	0.27566212198601864	0.65201172395417	0.5700772715161204	0.08193445243804953	AD	ENSG00000145730	0.511324273914202	-0.08435652781129122	FALSE	3	PAM	PAM
ENSG00000138095	393	206	187	3.05515498576217	0.9036770583533174	0.8218758326671995	0.0818012256861178	AD	ENSG00000138095	0.5107913669064749	-0.16230479975239653	FALSE	3	LRPPRC	LRPPRC
ENSG00000132313	157	89	68	1.1095099811188638	0.7832400746069811	0.7015720756727951	0.08166799893418597	AD	ENSG00000132313	0.5103916866506795	-0.08906874473611737	FALSE	3	MRPL35	MRPL35
ENSG00000179818	44	86	-42	-0.6889854013245279	0.614308553157474	0.69597655209166	-0.08166799893418597	Control	ENSG00000179818	0.5103916866506795	0.0947833056325198	FALSE	3	PCBP1-AS1	PCBP1-AS1
ENSG00000156482	10	19	-9	-0.14943678659151036	0.35251798561151076	0.4337863042899014	-0.08126831867839063	Control	ENSG00000156482	0.5097255528910205	-0.01004391578988617	FALSE	3	RPL30	RPL30
ENSG00000114841	10	19	-9	-0.14943678659151036	0.35251798561151076	0.4337863042899014	-0.08126831867839063	Control	ENSG00000114841	0.5097255528910205	-0.04633745970396674	FALSE	3	DNAH1	DNAH1
ENSG00000158042	17	32	-15	-0.2475365347247863	0.4495070610178524	0.530775379696243	-0.08126831867839063	Control	ENSG00000158042	0.5097255528910205	-0.05015913580373521	FALSE	3	MRPL17	MRPL17
ENSG00000120690	74	51	23	0.37376187011929457	0.687849720223821	0.6067146282973621	0.08113509192645885	AD	ENSG00000120690	0.5091926458832934	0.19884108312365537	FALSE	3	ELF1	ELF1
ENSG00000123338	24	45	-21	-0.3456362828580622	0.5077271516120437	0.5885957900346389	-0.08086863842259517	Control	ENSG00000123338	0.5089261923794298	0.2013226756130475	FALSE	3	NCKAP1L	NCKAP1L
ENSG00000167363	27	53	-26	-0.4273860729691255	0.5325073274713562	0.6132427391420198	-0.08073541167066356	Control	ENSG00000167363	0.5086597388755663	-0.0933401317365874	FALSE	3	FN3K	FN3K
ENSG00000125148	2	1	1	0.01406279363061616	0.12283506528110844	0.04209965361044498	0.08073541167066348	AD	ENSG00000125148	0.5003996802557954	0.3441014264949658	FALSE	3	MT2A	MT2A
ENSG00000162368	2	1	1	0.01406279363061616	0.12283506528110844	0.04209965361044498	0.08073541167066348	AD	ENSG00000162368	0.5003996802557954	0.03031322067599973	FALSE	3	CMPK1	CMPK1
ENSG00000204592	2	1	1	0.01406279363061616	0.12283506528110844	0.04209965361044498	0.08073541167066348	AD	ENSG00000204592	0.5003996802557954	0.0701653178782724	FALSE	3	HLA-E	HLA-E
ENSG00000184672	2	1	1	0.01406279363061616	0.12283506528110844	0.04209965361044498	0.08073541167066348	AD	ENSG00000184672	0.5003996802557954	0.04401013501423989	FALSE	3	RALYL	RALYL
ENSG00000143061	2	1	1	0.01406279363061616	0.12283506528110844	0.04209965361044498	0.08073541167066348	AD	ENSG00000143061	0.5003996802557954	-0.13405985822229738	FALSE	3	IGSF3	IGSF3
ENSG00000067064	2	1	1	0.01406279363061616	0.12283506528110844	0.04209965361044498	0.08073541167066348	AD	ENSG00000067064	0.5003996802557954	-0.19414390721084196	FALSE	3	IDI1	IDI1
ENSG00000121904	2	1	1	0.01406279363061616	0.12283506528110844	0.04209965361044498	0.08073541167066348	AD	ENSG00000121904	0.5003996802557954	0.01921209383268873	FALSE	3	CSMD2	CSMD2
ENSG00000139974	2	1	1	0.01406279363061616	0.12283506528110844	0.04209965361044498	0.08073541167066348	AD	ENSG00000139974	0.5003996802557954	0.05110976172813508	FALSE	3	SLC38A6	SLC38A6
ENSG00000108349	2	1	1	0.01406279363061616	0.12283506528110844	0.04209965361044498	0.08073541167066348	AD	ENSG00000108349	0.5003996802557954	0.19483421016759728	FALSE	3	CASC3	CASC3
ENSG00000154328	2	1	1	0.01406279363061616	0.12283506528110844	0.04209965361044498	0.08073541167066348	AD	ENSG00000154328	0.5003996802557954	-0.01444112316385393	FALSE	3	NEIL2	NEIL2
ENSG00000132694	2	1	1	0.01406279363061616	0.12283506528110844	0.04209965361044498	0.08073541167066348	AD	ENSG00000132694	0.5003996802557954	-0.07695598962996897	FALSE	3	ARHGEF11	ARHGEF11
ENSG00000197894	2	1	1	0.01406279363061616	0.12283506528110844	0.04209965361044498	0.08073541167066348	AD	ENSG00000197894	0.5003996802557954	-0.01989629112884294	FALSE	3	ADH5	ADH5
ENSG00000123933	2	1	1	0.01406279363061616	0.12283506528110844	0.04209965361044498	0.08073541167066348	AD	ENSG00000123933	0.5003996802557954	0.15718958467102162	FALSE	3	MXD4	MXD4
ENSG00000154429	2	1	1	0.01406279363061616	0.12283506528110844	0.04209965361044498	0.08073541167066348	AD	ENSG00000154429	0.5003996802557954	0.01413931062694473	FALSE	3	CCSAP	CCSAP
ENSG00000136367	2	1	1	0.01406279363061616	0.12283506528110844	0.04209965361044498	0.08073541167066348	AD	ENSG00000136367	0.5003996802557954	0.06662331754968243	FALSE	3	ZFHX2	ZFHX2
ENSG00000155660	2	1	1	0.01406279363061616	0.12283506528110844	0.04209965361044498	0.08073541167066348	AD	ENSG00000155660	0.5003996802557954	-0.10224154549539222	FALSE	3	PDIA4	PDIA4
ENSG00000168026	2	1	1	0.01406279363061616	0.12283506528110844	0.04209965361044498	0.08073541167066348	AD	ENSG00000168026	0.5003996802557954	0.03321047721793491	FALSE	3	TTC21A	TTC21A
ENSG00000115970	2	1	1	0.01406279363061616	0.12283506528110844	0.04209965361044498	0.08073541167066348	AD	ENSG00000115970	0.5003996802557954	0.01205849760066968	FALSE	3	THADA	THADA
ENSG00000288025	2	1	1	0.01406279363061616	0.12283506528110844	0.04209965361044498	0.08073541167066348	AD	ENSG00000288025	0.5003996802557954	0.11804255773630778	FALSE	3	NA	ENSG00000288025
ENSG00000277534	2	1	1	0.01406279363061616	0.12283506528110844	0.04209965361044498	0.08073541167066348	AD	ENSG00000277534	0.5003996802557954	0.09651748782705738	FALSE	3	NA	ENSG00000277534
ENSG00000171202	2	1	1	0.01406279363061616	0.12283506528110844	0.04209965361044498	0.08073541167066348	AD	ENSG00000171202	0.5003996802557954	-0.06405724391747203	FALSE	3	TMEM126A	TMEM126A
ENSG00000139163	2	1	1	0.01406279363061616	0.12283506528110844	0.04209965361044498	0.08073541167066348	AD	ENSG00000139163	0.5003996802557954	-0.04502029653064454	FALSE	3	ETNK1	ETNK1
ENSG00000171109	2	1	1	0.01406279363061616	0.12283506528110844	0.04209965361044498	0.08073541167066348	AD	ENSG00000171109	0.5003996802557954	-0.01289800373109173	FALSE	3	MFN1	MFN1
ENSG00000160075	2	1	1	0.01406279363061616	0.12283506528110844	0.04209965361044498	0.08073541167066348	AD	ENSG00000160075	0.5003996802557954	0.04570937326161761	FALSE	3	SSU72	SSU72
ENSG00000260230	2	1	1	0.01406279363061616	0.12283506528110844	0.04209965361044498	0.08073541167066348	AD	ENSG00000260230	0.5003996802557954	0.08660391543023671	FALSE	3	FRRS1L	FRRS1L
ENSG00000064726	2	1	1	0.01406279363061616	0.12283506528110844	0.04209965361044498	0.08073541167066348	AD	ENSG00000064726	0.5003996802557954	0.00810174289858522	FALSE	3	BTBD1	BTBD1
ENSG00000136535	2	1	1	0.01406279363061616	0.12283506528110844	0.04209965361044498	0.08073541167066348	AD	ENSG00000136535	0.5003996802557954	-0.2524991318976113	FALSE	3	TBR1	TBR1
ENSG00000145715	2	1	1	0.01406279363061616	0.12283506528110844	0.04209965361044498	0.08073541167066348	AD	ENSG00000145715	0.5003996802557954	-0.00336949279650333	FALSE	3	RASA1	RASA1
ENSG00000122884	2	1	1	0.01406279363061616	0.12283506528110844	0.04209965361044498	0.08073541167066348	AD	ENSG00000122884	0.5003996802557954	0.13135714810660382	FALSE	3	P4HA1	P4HA1
ENSG00000169967	2	1	1	0.01406279363061616	0.12283506528110844	0.04209965361044498	0.08073541167066348	AD	ENSG00000169967	0.5003996802557954	0.13155065366895968	FALSE	3	MAP3K2	MAP3K2
ENSG00000129128	2	1	1	0.01406279363061616	0.12283506528110844	0.04209965361044498	0.08073541167066348	AD	ENSG00000129128	0.5003996802557954	-0.05903679374143777	FALSE	3	SPCS3	SPCS3
ENSG00000113645	2	1	1	0.01406279363061616	0.12283506528110844	0.04209965361044498	0.08073541167066348	AD	ENSG00000113645	0.5003996802557954	0.1471927208784667	FALSE	3	WWC1	WWC1
ENSG00000105701	2	1	1	0.01406279363061616	0.12283506528110844	0.04209965361044498	0.08073541167066348	AD	ENSG00000105701	0.5003996802557954	0.03207590011340322	FALSE	3	FKBP8	FKBP8
ENSG00000156162	2	1	1	0.01406279363061616	0.12283506528110844	0.04209965361044498	0.08073541167066348	AD	ENSG00000156162	0.5003996802557954	0.01808877810298348	FALSE	3	DPY19L4	DPY19L4
ENSG00000205517	2	1	1	0.01406279363061616	0.12283506528110844	0.04209965361044498	0.08073541167066348	AD	ENSG00000205517	0.5003996802557954	0.17053527845126837	FALSE	3	RGL3	RGL3
ENSG00000226762	2	1	1	0.01406279363061616	0.12283506528110844	0.04209965361044498	0.08073541167066348	AD	ENSG00000226762	0.5003996802557954	-0.17033307590773372	FALSE	3	LINC02668	LINC02668
ENSG00000134986	2	1	1	0.01406279363061616	0.12283506528110844	0.04209965361044498	0.08073541167066348	AD	ENSG00000134986	0.5003996802557954	-0.33221366797546104	FALSE	3	NREP	NREP
ENSG00000077522	2	1	1	0.01406279363061616	0.12283506528110844	0.04209965361044498	0.08073541167066348	AD	ENSG00000077522	0.5003996802557954	-0.04563025119070652	FALSE	3	ACTN2	ACTN2
ENSG00000198786	2	1	1	0.01406279363061616	0.12283506528110844	0.04209965361044498	0.08073541167066348	AD	ENSG00000198786	0.5003996802557954	0.1321633185173301	FALSE	3	MT-ND5	MT-ND5
ENSG00000130702	2	1	1	0.01406279363061616	0.12283506528110844	0.04209965361044498	0.08073541167066348	AD	ENSG00000130702	0.5003996802557954	0.1627856639894123	FALSE	3	LAMA5	LAMA5
ENSG00000272335	2	1	1	0.01406279363061616	0.12283506528110844	0.04209965361044498	0.08073541167066348	AD	ENSG00000272335	0.5003996802557954	-0.03273158168219758	FALSE	3	NA	ENSG00000272335
ENSG00000198753	2	1	1	0.01406279363061616	0.12283506528110844	0.04209965361044498	0.08073541167066348	AD	ENSG00000198753	0.5003996802557954	0.13749728542478046	FALSE	3	PLXNB3	PLXNB3
ENSG00000121691	2	1	1	0.01406279363061616	0.12283506528110844	0.04209965361044498	0.08073541167066348	AD	ENSG00000121691	0.5003996802557954	0.03972284864403797	FALSE	3	CAT	CAT
ENSG00000141837	2	1	1	0.01406279363061616	0.12283506528110844	0.04209965361044498	0.08073541167066348	AD	ENSG00000141837	0.5003996802557954	1.8648125845999175e-4	FALSE	3	CACNA1A	CACNA1A
ENSG00000105738	2	1	1	0.01406279363061616	0.12283506528110844	0.04209965361044498	0.08073541167066348	AD	ENSG00000105738	0.5003996802557954	0.09063572517027828	FALSE	3	SIPA1L3	SIPA1L3
ENSG00000134532	2	1	1	0.01406279363061616	0.12283506528110844	0.04209965361044498	0.08073541167066348	AD	ENSG00000134532	0.5003996802557954	0.18189694669930925	FALSE	3	SOX5	SOX5
ENSG00000161533	2	1	1	0.01406279363061616	0.12283506528110844	0.04209965361044498	0.08073541167066348	AD	ENSG00000161533	0.5003996802557954	-0.07307072541067505	FALSE	3	ACOX1	ACOX1
ENSG00000101888	2	1	1	0.01406279363061616	0.12283506528110844	0.04209965361044498	0.08073541167066348	AD	ENSG00000101888	0.5003996802557954	0.02567332253731447	FALSE	3	NXT2	NXT2
ENSG00000141756	2	1	1	0.01406279363061616	0.12283506528110844	0.04209965361044498	0.08073541167066348	AD	ENSG00000141756	0.5003996802557954	0.02038789349534475	FALSE	3	FKBP10	FKBP10
ENSG00000040199	2	1	1	0.01406279363061616	0.12283506528110844	0.04209965361044498	0.08073541167066348	AD	ENSG00000040199	0.5003996802557954	-0.02022439244740681	FALSE	3	PHLPP2	PHLPP2
ENSG00000123200	2	1	1	0.01406279363061616	0.12283506528110844	0.04209965361044498	0.08073541167066348	AD	ENSG00000123200	0.5003996802557954	0.01273639097147061	FALSE	3	ZC3H13	ZC3H13
ENSG00000102218	2	1	1	0.01406279363061616	0.12283506528110844	0.04209965361044498	0.08073541167066348	AD	ENSG00000102218	0.5003996802557954	0.06435339536654361	FALSE	3	RP2	RP2
ENSG00000221983	2	1	1	0.01406279363061616	0.12283506528110844	0.04209965361044498	0.08073541167066348	AD	ENSG00000221983	0.5003996802557954	-0.03979844960042555	FALSE	3	UBA52	UBA52
ENSG00000185507	2	1	1	0.01406279363061616	0.12283506528110844	0.04209965361044498	0.08073541167066348	AD	ENSG00000185507	0.5003996802557954	0.11988738526454146	FALSE	3	IRF7	IRF7
ENSG00000124224	2	1	1	0.01406279363061616	0.12283506528110844	0.04209965361044498	0.08073541167066348	AD	ENSG00000124224	0.5003996802557954	0.06654219803366956	FALSE	3	PPP4R1L	PPP4R1L
ENSG00000168904	2	1	1	0.01406279363061616	0.12283506528110844	0.04209965361044498	0.08073541167066348	AD	ENSG00000168904	0.5003996802557954	0.05692743366902775	FALSE	3	LRRC28	LRRC28
ENSG00000183049	2	1	1	0.01406279363061616	0.12283506528110844	0.04209965361044498	0.08073541167066348	AD	ENSG00000183049	0.5003996802557954	-0.05789555135988422	FALSE	3	CAMK1D	CAMK1D
ENSG00000232611	2	1	1	0.01406279363061616	0.12283506528110844	0.04209965361044498	0.08073541167066348	AD	ENSG00000232611	0.5003996802557954	0.02776634804762334	FALSE	3	NA	ENSG00000232611
ENSG00000130962	2	1	1	0.01406279363061616	0.12283506528110844	0.04209965361044498	0.08073541167066348	AD	ENSG00000130962	0.5003996802557954	0.0985935795459394	FALSE	3	PRRG1	PRRG1
ENSG00000185344	2	1	1	0.01406279363061616	0.12283506528110844	0.04209965361044498	0.08073541167066348	AD	ENSG00000185344	0.5003996802557954	0.0482471731014531	FALSE	3	ATP6V0A2	ATP6V0A2
ENSG00000215041	2	1	1	0.01406279363061616	0.12283506528110844	0.04209965361044498	0.08073541167066348	AD	ENSG00000215041	0.5003996802557954	0.01794291364124767	FALSE	3	NEURL4	NEURL4
ENSG00000185414	71	131	-60	-0.9832846457243556	0.6817212896349587	0.7624567013056222	-0.08073541167066345	Control	ENSG00000185414	0.49213962163602454	-0.21539241434129863	FALSE	3	MRPL30	MRPL30
ENSG00000149136	113	208	-95	-1.5555331765017988	0.742472688515854	0.8230748734345856	-0.08060218491873161	Control	ENSG00000149136	0.4918731681321609	0.01543242257588062	FALSE	3	SSRP1	SSRP1
ENSG00000198242	11	8	3	0.04676270967504147	0.3675726085798029	0.28710365041300295	0.08046895816679989	AD	ENSG00000198242	0.49160671462829736	-0.04667498223170163	FALSE	3	RPL23A	RPL23A
ENSG00000204220	100	182	-82	-1.3429837222130343	0.7254196642685852	0.8057553956834532	-0.08033573141486805	Control	ENSG00000204220	0.4913402611244338	-0.19408026258474287	FALSE	3	PFDN6	PFDN6
ENSG00000031081	83	155	-72	-1.1794841419909077	0.7015720756727951	0.7817745803357314	-0.08020250466293632	Control	ENSG00000031081	0.49107380762057024	0.13407404945766466	FALSE	3	ARHGAP31	ARHGAP31
ENSG00000168496	26	50	-24	-0.39468615692470016	0.5242472688515853	0.6040500932587264	-0.07980282440714104	Control	ENSG00000168496	0.4908073541167066	-0.11995226482917952	FALSE	3	FEN1	FEN1
ENSG00000104983	18	14	4	0.06311266769725413	0.45976552091660006	0.3799626965094591	0.07980282440714098	AD	ENSG00000104983	0.49054090061284306	-0.00661470704837885	FALSE	3	CCDC61	CCDC61
ENSG00000068308	509	289	220	3.5947036004951873	0.9483080202504665	0.8686384225952571	0.0796695976552092	AD	ENSG00000068308	0.4902744471089795	-0.07693674962438912	FALSE	3	OTUD5	OTUD5
ENSG00000037241	29	22	7	0.11216254176389208	0.5442312816413536	0.464828137490008	0.07940314415134558	AD	ENSG00000037241	0.49000799360511593	-0.1288578411717003	FALSE	3	RPL26L1	RPL26L1
ENSG00000179820	61	116	-55	-0.9015348556132924	0.6605382360778044	0.7398081534772182	-0.0792699173994138	Control	ENSG00000179820	0.4897415401012523	-0.03775230605995894	FALSE	3	MYADM	MYADM
ENSG00000024048	5	10	-5	-0.08403695450265977	0.24260591526778577	0.32187583266719955	-0.07926991739941378	Control	ENSG00000024048	0.48894217958966163	0.02169169317777708	FALSE	3	UBR2	UBR2
ENSG00000115365	5	10	-5	-0.08403695450265977	0.24260591526778577	0.32187583266719955	-0.07926991739941378	Control	ENSG00000115365	0.48894217958966163	-0.15118093388018217	FALSE	3	LANCL1	LANCL1
ENSG00000147604	5	10	-5	-0.08403695450265977	0.24260591526778577	0.32187583266719955	-0.07926991739941378	Control	ENSG00000147604	0.48894217958966163	-0.04280240522919243	FALSE	3	RPL7	RPL7
ENSG00000242759	5	10	-5	-0.08403695450265977	0.24260591526778577	0.32187583266719955	-0.07926991739941378	Control	ENSG00000242759	0.48894217958966163	0.02955035963788255	FALSE	3	LINC00882	LINC00882
ENSG00000241058	5	10	-5	-0.08403695450265977	0.24260591526778577	0.32187583266719955	-0.07926991739941378	Control	ENSG00000241058	0.48894217958966163	0.02477701679347088	FALSE	3	NSUN6	NSUN6
ENSG00000144468	39	75	-36	-0.590885653191252	0.5951239008792966	0.6742605915267785	-0.07913669064748197	Control	ENSG00000144468	0.4881428190780709	0.0478087782897596	FALSE	3	RHBDD1	RHBDD1
ENSG00000165895	51	37	14	0.22661224791938067	0.6358912869704236	0.5568878230748734	0.07900346389555024	AD	ENSG00000165895	0.4878763655742073	0.17276008700430445	FALSE	3	ARHGAP42	ARHGAP42
ENSG00000153922	38	73	-35	-0.5745356951690394	0.5907274180655475	0.669597655209166	-0.07887023714361852	Control	ENSG00000153922	0.4876099120703437	0.10715664177810068	FALSE	3	CHD1	CHD1
ENSG00000104490	142	83	59	0.96236035891895	0.7704503064215295	0.691580069277911	0.0788702371436184	AD	ENSG00000104490	0.48734345856648015	-0.4335446508592895	FALSE	3	NCALD	NCALD
ENSG00000125445	108	67	41	0.6680611145191223	0.7363442579269918	0.6576072475353051	0.07873701039168668	AD	ENSG00000125445	0.4869437783106848	-0.11500993145859084	FALSE	3	MRPS7	MRPS7
ENSG00000130147	19	15	4	0.06311266769725413	0.469890754063416	0.3911537436717293	0.07873701039168668	AD	ENSG00000130147	0.4869437783106848	0.06867727526740985	FALSE	3	SH3BP4	SH3BP4
ENSG00000075292	23	42	-19	-0.3129363668136369	0.5001332267519318	0.5788702371436184	-0.07873701039168657	Control	ENSG00000075292	0.4865440980548894	0.07765719068423671	FALSE	3	ZNF638	ZNF638
ENSG00000075785	372	200	172	2.80990561542898	0.89568345323741	0.8170796695976552	0.07860378363975484	AD	ENSG00000075785	0.48614441779909406	-0.11397888108460918	FALSE	3	RAB7A	RAB7A
ENSG00000115233	272	144	128	2.090507462451623	0.8529176658673061	0.7743138822275513	0.07860378363975484	AD	ENSG00000115233	0.48614441779909406	-0.11500366415030427	FALSE	3	PSMD14	PSMD14
ENSG00000117118	279	151	128	2.090507462451623	0.8575806021849187	0.7791100452970957	0.078470556887823	AD	ENSG00000117118	0.4856115107913669	-0.11759149786548484	FALSE	3	SDHB	SDHB
ENSG00000104904	135	234	-99	-1.6209330085906493	0.7637889688249401	0.8422595257127631	-0.078470556887823	Control	ENSG00000104904	0.4856115107913669	-0.07090475653323125	FALSE	3	OAZ1	OAZ1
ENSG00000143952	67	125	-58	-0.9505847296799304	0.6746602717825739	0.7529976019184652	-0.07833733013589128	Control	ENSG00000143952	0.48521183053557154	0.11198757389529668	FALSE	3	VPS54	VPS54
ENSG00000129484	102	65	37	0.6026612824302717	0.7290167865707434	0.6508126831867839	0.07820410338395956	AD	ENSG00000129484	0.4848121502797762	-0.07278894087595411	FALSE	3	PARP2	PARP2
ENSG00000104365	57	108	-51	-0.8361350235244418	0.65201172395417	0.7302158273381295	-0.07820410338395956	Control	ENSG00000104365	0.4848121502797762	0.09617891211322416	FALSE	3	IKBKB	IKBKB
ENSG00000048392	46	34	12	0.19391233187495535	0.6209698907540634	0.5428990141220357	0.07807087663202772	AD	ENSG00000048392	0.4844124700239808	-0.16765033649259564	FALSE	3	RRM2B	RRM2B
ENSG00000167881	317	512	-195	-3.190528978723064	0.8733013589128698	0.9513722355448974	-0.07807087663202761	Control	ENSG00000167881	0.48414601652011724	-0.07833254684956437	FALSE	3	SRP68	SRP68
ENSG00000155744	63	45	18	0.2920120800082313	0.6665334399147349	0.5885957900346389	0.077937649880096	AD	ENSG00000155744	0.4838795630162537	-0.04925608659370795	FALSE	3	HYCC2	HYCC2
ENSG00000198301	44	33	11	0.1775623738527427	0.614308553157474	0.5363709032773781	0.07793764988009588	AD	ENSG00000198301	0.48361310951239006	-0.13393518584337194	FALSE	3	SDAD1	SDAD1
ENSG00000198740	11	20	-9	-0.14943678659151036	0.3675726085798029	0.44537703170796694	-0.0778044231281641	Control	ENSG00000198740	0.4832134292565947	0.2306168914383413	FALSE	3	ZNF652	ZNF652
ENSG00000136141	11	20	-9	-0.14943678659151036	0.3675726085798029	0.44537703170796694	-0.0778044231281641	Control	ENSG00000136141	0.4832134292565947	0.07397242452141306	FALSE	3	LRCH1	LRCH1
ENSG00000174607	32	25	7	0.11216254176389208	0.5639488409272582	0.48627764455102584	0.07767119637623232	AD	ENSG00000174607	0.4826805222488676	0.29065200402610003	FALSE	3	UGT8	UGT8
ENSG00000170919	70	127	-57	-0.9342347716577176	0.6793232081001865	0.7569944044764189	-0.07767119637623232	Control	ENSG00000170919	0.4826805222488676	0.05255279996038986	FALSE	3	TPT1-AS1	TPT1-AS1
ENSG00000110218	76	138	-62	-1.015984561768781	0.6917132960298428	0.7692512656541434	-0.0775379696243006	Control	ENSG00000110218	0.4822808419930722	-0.08288723357036076	FALSE	3	PANX1	PANX1
ENSG00000117859	12	9	3	0.04676270967504147	0.3824940047961631	0.3050892619237943	0.07740474287236876	AD	ENSG00000117859	0.4816147082334133	0.03137137102549836	FALSE	3	OSBPL9	OSBPL9
ENSG00000183718	12	9	3	0.04676270967504147	0.3824940047961631	0.3050892619237943	0.07740474287236876	AD	ENSG00000183718	0.4816147082334133	0.05597323841613821	FALSE	3	TRIM52	TRIM52
ENSG00000100591	12	9	3	0.04676270967504147	0.3824940047961631	0.3050892619237943	0.07740474287236876	AD	ENSG00000100591	0.4816147082334133	-0.00829259058080822	FALSE	3	AHSA1	AHSA1
ENSG00000109046	12	9	3	0.04676270967504147	0.3824940047961631	0.3050892619237943	0.07740474287236876	AD	ENSG00000109046	0.4816147082334133	3.5777436562511866e-4	FALSE	3	WSB1	WSB1
ENSG00000142408	132	79	53	0.8642606107856742	0.7599253930189181	0.6826538768984812	0.07727151612043692	AD	ENSG00000142408	0.48094857447375433	-0.14933130858546484	FALSE	3	CACNG8	CACNG8
ENSG00000169764	9	17	-8	-0.1330868285692977	0.3361310951239009	0.4132693844924061	-0.0771382893685052	Control	ENSG00000169764	0.48041566746602715	-0.11914746451862968	FALSE	3	UGP2	UGP2
ENSG00000065518	9	17	-8	-0.1330868285692977	0.3361310951239009	0.4132693844924061	-0.0771382893685052	Control	ENSG00000065518	0.48041566746602715	-0.06231357938753668	FALSE	3	NDUFB4	NDUFB4
ENSG00000095002	9	17	-8	-0.1330868285692977	0.3361310951239009	0.4132693844924061	-0.0771382893685052	Control	ENSG00000095002	0.48041566746602715	-0.14788351228753527	FALSE	3	MSH2	MSH2
ENSG00000108848	39	74	-35	-0.5745356951690394	0.5951239008792966	0.6718625099920064	-0.0767386091127098	Control	ENSG00000108848	0.47988276045830003	0.1239128373534637	FALSE	3	LUC7L3	LUC7L3
ENSG00000158636	50	37	13	0.21026228989716805	0.6334932054356515	0.5568878230748734	0.07660538236077807	AD	ENSG00000158636	0.47934985345057285	0.06661057836281081	FALSE	3	EMSY	EMSY
ENSG00000140575	29	55	-26	-0.4273860729691255	0.5442312816413536	0.6208366640021317	-0.07660538236077807	Control	ENSG00000140575	0.47934985345057285	0.12429334413328874	FALSE	3	IQGAP1	IQGAP1
ENSG00000211456	18	33	-15	-0.2475365347247863	0.45976552091660006	0.5363709032773781	-0.07660538236077807	Control	ENSG00000211456	0.47934985345057285	-0.06002571241548793	FALSE	3	SACM1L	SACM1L
ENSG00000179604	41	31	10	0.16121241583053006	0.6021849187316813	0.5257127631228351	0.07647215560884624	AD	ENSG00000179604	0.4788169464428457	0.08727568794909857	FALSE	3	CDC42EP4	CDC42EP4
ENSG00000174917	249	405	-156	-2.5528806158567705	0.8381294964028777	0.9143351985078604	-0.07620570210498268	Control	ENSG00000174917	0.47855049293898216	-0.14154746976208976	FALSE	3	MICOS13	MICOS13
ENSG00000058335	16	29	-13	-0.214836618680361	0.4373834265920597	0.5135891286970423	-0.07620570210498262	Control	ENSG00000058335	0.47828403943511855	-0.5110878172556284	TRUE	4	RASGRF1	RASGRF1
ENSG00000198015	179	105	74	1.2076097292521395	0.8026911803890221	0.7266187050359713	0.07607247535305084	AD	ENSG00000198015	0.478017585931255	-0.1507844443854491	FALSE	4	MRPL42	MRPL42
ENSG00000109270	127	223	-96	-1.5718831345240114	0.7577937649880095	0.8333333333333334	-0.07553956834532383	Control	ENSG00000109270	0.4777511324273914	-0.03924729585261488	FALSE	4	LAMTOR3	LAMTOR3
ENSG00000105854	32	61	-29	-0.4764359470357635	0.5639488409272582	0.6394884092725819	-0.07553956834532372	Control	ENSG00000105854	0.47748467892352786	0.07339096731317518	FALSE	4	PON2	PON2
ENSG00000126870	26	48	-22	-0.36198624088027487	0.5242472688515853	0.5995203836930456	-0.07527311484146026	Control	ENSG00000126870	0.47721822541966424	0.04934556877423723	FALSE	4	DYNC2I1	DYNC2I1
ENSG00000149273	4	8	-4	-0.06768699648044711	0.21183053557154277	0.28710365041300295	-0.07527311484146018	Control	ENSG00000149273	0.47641886490807356	-0.03704388964347949	FALSE	4	RPS3	RPS3
ENSG00000233508	4	8	-4	-0.06768699648044711	0.21183053557154277	0.28710365041300295	-0.07527311484146018	Control	ENSG00000233508	0.47641886490807356	-0.03847898918450188	FALSE	4	PTPRT-DT	PTPRT-DT
ENSG00000100505	4	8	-4	-0.06768699648044711	0.21183053557154277	0.28710365041300295	-0.07527311484146018	Control	ENSG00000100505	0.47641886490807356	-0.00414749048762352	FALSE	4	TRIM9	TRIM9
ENSG00000172809	4	8	-4	-0.06768699648044711	0.21183053557154277	0.28710365041300295	-0.07527311484146018	Control	ENSG00000172809	0.47641886490807356	-0.1093271607270072	FALSE	4	RPL38	RPL38
ENSG00000101846	4	8	-4	-0.06768699648044711	0.21183053557154277	0.28710365041300295	-0.07527311484146018	Control	ENSG00000101846	0.47641886490807356	-0.13289166085347226	FALSE	4	STS	STS
ENSG00000204138	45	84	-39	-0.6399355272578899	0.6179056754596323	0.6931787903010924	-0.07527311484146015	Control	ENSG00000204138	0.4756195043964828	0.07103967357663521	FALSE	4	PHACTR4	PHACTR4
ENSG00000086061	13	10	3	0.04676270967504147	0.397015720756728	0.32187583266719955	0.07513988808952843	AD	ENSG00000086061	0.4752198241406875	0.01944864904978516	FALSE	4	DNAJA1	DNAJA1
ENSG00000112343	13	10	3	0.04676270967504147	0.397015720756728	0.32187583266719955	0.07513988808952843	AD	ENSG00000112343	0.4752198241406875	0.1586994417081895	FALSE	4	TRIM38	TRIM38
ENSG00000105576	8	15	-7	-0.11673687054708508	0.3160138555822009	0.3911537436717293	-0.07513988808952837	Control	ENSG00000105576	0.4748201438848921	-0.04441857496020773	FALSE	4	TNPO2	TNPO2
ENSG00000160714	407	674	-267	-4.367725956322375	0.9099387156941112	0.984945377031708	-0.07500666133759659	Control	ENSG00000160714	0.4745536903810285	-0.02202737208328464	FALSE	4	UBE2Q1	UBE2Q1
ENSG00000265354	481	281	200	3.2677044400509345	0.9399147348787636	0.8650413002930989	0.07487343458566476	AD	ENSG00000265354	0.47428723687716495	-0.12470653822871648	FALSE	4	TIMM23	TIMM23
ENSG00000162599	55	100	-45	-0.7380352753911659	0.6456168398614441	0.7199573674393819	-0.07434052757793774	Control	ENSG00000162599	0.47402078337330134	0.20196707880457687	FALSE	4	NFIA	NFIA
ENSG00000151247	20	36	-16	-0.26388649274699894	0.478017585931255	0.5523581135091926	-0.07434052757793763	Control	ENSG00000151247	0.4737543298694378	-0.12778882855426055	FALSE	4	EIF4E	EIF4E
ENSG00000169032	83	57	26	0.42281174418593254	0.7015720756727951	0.6273647748467892	0.0742073008260059	AD	ENSG00000169032	0.47335464961364243	-0.03696388426517671	FALSE	4	MAP2K1	MAP2K1
ENSG00000140718	129	80	49	0.7988607786968236	0.7591260325073275	0.6849187316813216	0.0742073008260059	AD	ENSG00000140718	0.47335464961364243	-0.01148745462585232	FALSE	4	FTO	FTO
ENSG00000196230	14	11	3	0.04676270967504147	0.4108713029576339	0.33679722888355984	0.07407407407407407	AD	ENSG00000196230	0.4725552891020517	-0.19890049316254024	FALSE	4	TUBB	TUBB
ENSG00000102934	14	11	3	0.04676270967504147	0.4108713029576339	0.33679722888355984	0.07407407407407407	AD	ENSG00000102934	0.4725552891020517	-0.06266232064154664	FALSE	4	PLLP	PLLP
ENSG00000086205	14	11	3	0.04676270967504147	0.4108713029576339	0.33679722888355984	0.07407407407407407	AD	ENSG00000086205	0.4725552891020517	-0.10332311007960548	FALSE	4	FOLH1	FOLH1
ENSG00000119986	14	11	3	0.04676270967504147	0.4108713029576339	0.33679722888355984	0.07407407407407407	AD	ENSG00000119986	0.4725552891020517	-0.09535543349291054	FALSE	4	AVPI1	AVPI1
ENSG00000108666	24	19	5	0.07946262571946677	0.5077271516120437	0.4337863042899014	0.07394084732214234	AD	ENSG00000108666	0.47188915534239273	-0.01197453049739927	FALSE	4	C17orf75	C17orf75
ENSG00000166402	6	4	2	0.03041275165282881	0.2696509459099387	0.1957100985877964	0.07394084732214229	AD	ENSG00000166402	0.47108979483080204	-0.02568499734284479	FALSE	4	TUB	TUB
ENSG00000121892	6	4	2	0.03041275165282881	0.2696509459099387	0.1957100985877964	0.07394084732214229	AD	ENSG00000121892	0.47108979483080204	0.08252162294767729	FALSE	4	PDS5A	PDS5A
ENSG00000133624	6	4	2	0.03041275165282881	0.2696509459099387	0.1957100985877964	0.07394084732214229	AD	ENSG00000133624	0.47108979483080204	0.03651585910299282	FALSE	4	ZNF767P	ZNF767P
ENSG00000086062	6	4	2	0.03041275165282881	0.2696509459099387	0.1957100985877964	0.07394084732214229	AD	ENSG00000086062	0.47108979483080204	0.0738322119959065	FALSE	4	B4GALT1	B4GALT1
ENSG00000100395	6	4	2	0.03041275165282881	0.2696509459099387	0.1957100985877964	0.07394084732214229	AD	ENSG00000100395	0.47108979483080204	-0.04921041582124985	FALSE	4	L3MBTL2	L3MBTL2
ENSG00000187079	35	65	-30	-0.4927859050579761	0.5768718358646416	0.6508126831867839	-0.07394084732214223	Control	ENSG00000187079	0.4702904343192113	0.15166283039117623	FALSE	4	TEAD1	TEAD1
ENSG00000119844	31	58	-27	-0.4437360309913381	0.5567545963229417	0.6304289901412203	-0.07367439381827867	Control	ENSG00000119844	0.4697575273114841	-0.01460011213157486	FALSE	4	AFTPH	AFTPH
ENSG00000196268	31	58	-27	-0.4437360309913381	0.5567545963229417	0.6304289901412203	-0.07367439381827867	Control	ENSG00000196268	0.4697575273114841	0.07217787254968755	FALSE	4	ZNF493	ZNF493
ENSG00000134014	31	58	-27	-0.4437360309913381	0.5567545963229417	0.6304289901412203	-0.07367439381827867	Control	ENSG00000134014	0.4697575273114841	-0.07276034445335533	FALSE	4	ELP3	ELP3
ENSG00000091140	255	140	115	1.8779580081628584	0.8446576072475354	0.7711164401811884	0.07354116706634695	AD	ENSG00000091140	0.46842525979216626	-0.12686345513971986	FALSE	4	DLD	DLD
ENSG00000241553	3	6	-3	-0.05133703845823445	0.17306155075939247	0.24660271782573945	-0.07354116706634695	Control	ENSG00000241553	0.46842525979216626	-0.05105776127383166	FALSE	4	ARPC4	ARPC4
ENSG00000148399	3	6	-3	-0.05133703845823445	0.17306155075939247	0.24660271782573945	-0.07354116706634695	Control	ENSG00000148399	0.46842525979216626	0.01404586251690354	FALSE	4	DPH7	DPH7
ENSG00000131398	3	6	-3	-0.05133703845823445	0.17306155075939247	0.24660271782573945	-0.07354116706634695	Control	ENSG00000131398	0.46842525979216626	-0.13761704303513866	FALSE	4	KCNC3	KCNC3
ENSG00000166123	3	6	-3	-0.05133703845823445	0.17306155075939247	0.24660271782573945	-0.07354116706634695	Control	ENSG00000166123	0.46842525979216626	0.0504712040166293	FALSE	4	GPT2	GPT2
ENSG00000100416	3	6	-3	-0.05133703845823445	0.17306155075939247	0.24660271782573945	-0.07354116706634695	Control	ENSG00000100416	0.46842525979216626	0.03059605686347311	FALSE	4	TRMU	TRMU
ENSG00000186272	3	6	-3	-0.05133703845823445	0.17306155075939247	0.24660271782573945	-0.07354116706634695	Control	ENSG00000186272	0.46842525979216626	0.07359710238514339	FALSE	4	ZNF17	ZNF17
ENSG00000166348	43	33	10	0.16121241583053006	0.609912070343725	0.5363709032773781	0.07354116706634684	AD	ENSG00000166348	0.46735944577671196	0.13551533306124774	FALSE	4	USP54	USP54
ENSG00000119778	89	158	-69	-1.1304342679242698	0.7112976285638156	0.7847055688782307	-0.07340794031441511	Control	ENSG00000119778	0.46682653876898483	0.06575823034628847	FALSE	4	ATAD2B	ATAD2B
ENSG00000196542	12	21	-9	-0.14943678659151036	0.3824940047961631	0.4559019451105782	-0.07340794031441511	Control	ENSG00000196542	0.46682653876898483	-0.37268089434445617	FALSE	4	SPTSSB	SPTSSB
ENSG00000179841	12	21	-9	-0.14943678659151036	0.3824940047961631	0.4559019451105782	-0.07340794031441511	Control	ENSG00000179841	0.46682653876898483	0.01663344957529133	FALSE	4	AKAP5	AKAP5
ENSG00000164951	320	176	144	2.3521067908070257	0.8738342659205969	0.8005595523581135	0.07327471356248338	AD	ENSG00000164951	0.46629363176125765	-0.14374275925551316	FALSE	4	PDP1	PDP1
ENSG00000004961	400	641	-241	-3.9426270477448457	0.9068745003996802	0.980015987210232	-0.07314148681055166	Control	ENSG00000004961	0.4660271782573941	-0.07786849632195825	FALSE	4	HCCS	HCCS
ENSG00000149575	68	122	-54	-0.8851848975910798	0.6761257660538236	0.7492672528643751	-0.07314148681055155	Control	ENSG00000149575	0.4654942712496669	-0.19499012405418625	FALSE	4	SCN2B	SCN2B
ENSG00000166454	52	39	13	0.21026228989716805	0.6380229150013322	0.5648814281907807	0.07314148681055155	AD	ENSG00000166454	0.4654942712496669	-0.04521677299053905	FALSE	4	ATMIN	ATMIN
ENSG00000125676	25	45	-20	-0.3292863248358496	0.5154543032240874	0.5885957900346389	-0.07314148681055155	Control	ENSG00000125676	0.4654942712496669	0.1034661896357072	FALSE	4	THOC2	THOC2
ENSG00000136888	285	161	124	2.0251076303627724	0.8617106314948042	0.7887023714361844	0.07300826005861982	AD	ENSG00000136888	0.4649613642419398	-0.13216204426126588	FALSE	4	ATP6V1G1	ATP6V1G1
ENSG00000009844	406	658	-252	-4.122476585989185	0.9092725819344524	0.9822808419930722	-0.07300826005861971	Control	ENSG00000009844	0.4645616839861444	-0.1210322450861554	FALSE	4	VTA1	VTA1
ENSG00000154027	40	31	9	0.1448624578083174	0.5987210231814548	0.5257127631228351	0.07300826005861971	AD	ENSG00000154027	0.4645616839861444	-0.03709731497862201	FALSE	4	AK5	AK5
ENSG00000257621	100	172	-72	-1.1794841419909077	0.7254196642685852	0.7982946975752732	-0.07287503330668799	Control	ENSG00000257621	0.46402877697841727	0.10089768102398368	FALSE	4	PSMA3-AS1	PSMA3-AS1
ENSG00000176749	122	213	-91	-1.490133344412948	0.753796962430056	0.826671995736744	-0.07287503330668799	Control	ENSG00000176749	0.46402877697841727	-0.02084614250041205	FALSE	4	CDK5R1	CDK5R1
ENSG00000133265	2	4	-2	-0.0349870804360218	0.12283506528110844	0.1957100985877964	-0.07287503330668797	Control	ENSG00000133265	0.46203037569944044	-0.08433536558964327	FALSE	4	HSPBP1	HSPBP1
ENSG00000166851	2	4	-2	-0.0349870804360218	0.12283506528110844	0.1957100985877964	-0.07287503330668797	Control	ENSG00000166851	0.46203037569944044	0.08480275216510869	FALSE	4	PLK1	PLK1
ENSG00000135090	2	4	-2	-0.0349870804360218	0.12283506528110844	0.1957100985877964	-0.07287503330668797	Control	ENSG00000135090	0.46203037569944044	0.09375507584588938	FALSE	4	TAOK3	TAOK3
ENSG00000254087	2	4	-2	-0.0349870804360218	0.12283506528110844	0.1957100985877964	-0.07287503330668797	Control	ENSG00000254087	0.46203037569944044	-0.01855881090353506	FALSE	4	LYN	LYN
ENSG00000159403	2	4	-2	-0.0349870804360218	0.12283506528110844	0.1957100985877964	-0.07287503330668797	Control	ENSG00000159403	0.46203037569944044	-0.11601797266726166	FALSE	4	C1R	C1R
ENSG00000138207	2	4	-2	-0.0349870804360218	0.12283506528110844	0.1957100985877964	-0.07287503330668797	Control	ENSG00000138207	0.46203037569944044	-0.09133723548443128	FALSE	4	RBP4	RBP4
ENSG00000100902	2	4	-2	-0.0349870804360218	0.12283506528110844	0.1957100985877964	-0.07287503330668797	Control	ENSG00000100902	0.46203037569944044	0.05447209029190247	FALSE	4	PSMA6	PSMA6
ENSG00000101438	2	4	-2	-0.0349870804360218	0.12283506528110844	0.1957100985877964	-0.07287503330668797	Control	ENSG00000101438	0.46203037569944044	-0.1620162017709319	FALSE	4	SLC32A1	SLC32A1
ENSG00000283236	2	4	-2	-0.0349870804360218	0.12283506528110844	0.1957100985877964	-0.07287503330668797	Control	ENSG00000283236	0.46203037569944044	0.1552252471305131	FALSE	4	NA	ENSG00000283236
ENSG00000279289	2	4	-2	-0.0349870804360218	0.12283506528110844	0.1957100985877964	-0.07287503330668797	Control	ENSG00000279289	0.46203037569944044	0.32390477667673867	FALSE	4	NA	ENSG00000279289
ENSG00000166783	2	4	-2	-0.0349870804360218	0.12283506528110844	0.1957100985877964	-0.07287503330668797	Control	ENSG00000166783	0.46203037569944044	0.01946156268469145	FALSE	4	MARF1	MARF1
ENSG00000197162	2	4	-2	-0.0349870804360218	0.12283506528110844	0.1957100985877964	-0.07287503330668797	Control	ENSG00000197162	0.46203037569944044	0.04819365194868297	FALSE	4	ZNF785	ZNF785
ENSG00000076344	2	4	-2	-0.0349870804360218	0.12283506528110844	0.1957100985877964	-0.07287503330668797	Control	ENSG00000076344	0.46203037569944044	-0.07459523748484109	FALSE	4	RGS11	RGS11
ENSG00000187446	168	283	-115	-1.882532336946052	0.7932320810018652	0.8659738875566214	-0.07274180655475626	Control	ENSG00000187446	0.4601652011723954	-0.19249569206481887	FALSE	4	CHP1	CHP1
ENSG00000134684	335	512	-177	-2.896229734323236	0.878763655742073	0.9513722355448974	-0.07260857980282431	Control	ENSG00000134684	0.45989874766853184	-0.10452934586239417	FALSE	4	YARS1	YARS1
ENSG00000126950	127	219	-92	-1.5064833024351607	0.7577937649880095	0.8302691180389022	-0.0724753530508927	Control	ENSG00000126950	0.4596322941646683	-0.05836509506391962	FALSE	4	TMEM35A	TMEM35A
ENSG00000247556	67	49	18	0.2920120800082313	0.6746602717825739	0.6023181454836131	0.07234212629896086	AD	ENSG00000247556	0.4593658406608047	-0.1500126065039158	FALSE	4	OIP5-AS1	OIP5-AS1
ENSG00000138081	21	37	-16	-0.26388649274699894	0.4845456967759126	0.5568878230748734	-0.07234212629896081	Control	ENSG00000138081	0.4590993871569411	0.01067283398586305	FALSE	4	FBXO11	FBXO11
ENSG00000084764	424	697	-273	-4.465825704455651	0.9176658673061552	0.9896083133493204	-0.07194244604316546	Control	ENSG00000084764	0.45883293365307753	-0.11092134014987032	FALSE	4	MAPRE3	MAPRE3
ENSG00000175182	105	181	-76	-1.2448839740797584	0.7331468158806288	0.8049560351718625	-0.07180921929123374	Control	ENSG00000175182	0.458566480149214	-0.06056432985557158	FALSE	4	FAM131A	FAM131A
ENSG00000005249	110	187	-77	-1.261233932101971	0.7382094324540368	0.8100186517452704	-0.07180921929123363	Control	ENSG00000005249	0.4583000266453504	-0.00555569937722033	FALSE	4	PRKAR2B	PRKAR2B
ENSG00000140941	133	82	51	0.8315606947412488	0.7612576605382361	0.6895816679989342	0.0716759925393019	AD	ENSG00000140941	0.4580335731414868	-0.12905055230875817	FALSE	4	MAP1LC3B	MAP1LC3B
ENSG00000173258	199	117	82	1.338409393429841	0.8138822275512922	0.7422062350119905	0.07167599253930179	AD	ENSG00000173258	0.45776711963762323	-0.07115250759603065	FALSE	4	ZNF483	ZNF483
ENSG00000062485	513	311	202	3.30040435609536	0.9499067412736476	0.8783639754862776	0.07154276578737007	AD	ENSG00000062485	0.4573674393818279	-0.1753103148199422	FALSE	4	CS	CS
ENSG00000047365	35	64	-29	-0.4764359470357635	0.5768718358646416	0.6484146016520117	-0.07154276578737007	Control	ENSG00000047365	0.4573674393818279	0.06753656047713896	FALSE	4	ARAP2	ARAP2
ENSG00000162426	100	66	34	0.5536114083636338	0.7254196642685852	0.6540101252331468	0.07140953903543834	AD	ENSG00000162426	0.4569677591260325	-0.16816839118443205	FALSE	4	SLC45A1	SLC45A1
ENSG00000135119	193	116	77	1.2566596033187778	0.8110844657607248	0.7398081534772182	0.07127631228350662	AD	ENSG00000135119	0.45670130562216893	-0.19780074318239296	FALSE	4	RNFT2	RNFT2
ENSG00000010438	15	12	3	0.04676270967504147	0.4237942978950173	0.35251798561151076	0.07127631228350656	AD	ENSG00000010438	0.4563016253663736	-0.10420051606430204	FALSE	4	PRSS3	PRSS3
ENSG00000123560	15	12	3	0.04676270967504147	0.4237942978950173	0.35251798561151076	0.07127631228350656	AD	ENSG00000123560	0.4563016253663736	0.2306208063248345	FALSE	4	PLP1	PLP1
ENSG00000155304	148	243	-95	-1.5555331765017988	0.7768451905142553	0.8481215027977618	-0.0712763122835065	Control	ENSG00000155304	0.4557687183586464	-0.03944924400911098	FALSE	4	HSPA13	HSPA13
ENSG00000198909	21	17	4	0.06311266769725413	0.4845456967759126	0.4132693844924061	0.0712763122835065	AD	ENSG00000198909	0.4557687183586464	0.1364604138758807	FALSE	4	MAP3K3	MAP3K3
ENSG00000135164	132	220	-88	-1.4410834703463102	0.7599253930189181	0.8310684785504929	-0.07114308553157478	Control	ENSG00000135164	0.45536903810285106	0.06792320068607083	FALSE	4	DMTF1	DMTF1
ENSG00000246067	24	42	-18	-0.2965864087914242	0.5077271516120437	0.5788702371436184	-0.07114308553157467	Control	ENSG00000246067	0.4551025845989875	0.00300715798776263	FALSE	4	RAB30-DT	RAB30-DT
ENSG00000122140	18	32	-14	-0.23118657670257364	0.45976552091660006	0.530775379696243	-0.07100985877964294	Control	ENSG00000122140	0.4547029043431921	-0.02568035585990813	FALSE	4	MRPS2	MRPS2
ENSG00000106524	18	32	-14	-0.23118657670257364	0.45976552091660006	0.530775379696243	-0.07100985877964294	Control	ENSG00000106524	0.4547029043431921	-0.07939084695663823	FALSE	4	ANKMY2	ANKMY2
ENSG00000091972	203	333	-130	-2.1277817072792415	0.8169464428457234	0.8878230748734346	-0.07087663202771122	Control	ENSG00000091972	0.454169997335465	-0.2039972756689874	FALSE	4	CD200	CD200
ENSG00000170091	199	327	-128	-2.095081791234816	0.8138822275512922	0.8847588595790035	-0.07087663202771122	Control	ENSG00000170091	0.454169997335465	-0.05669156614046145	FALSE	4	NSG2	NSG2
ENSG00000278311	223	126	97	1.5836587637630308	0.8258726352251532	0.7549960031974421	0.0708766320277111	AD	ENSG00000278311	0.4537703170796696	-0.05112353203777609	FALSE	4	GGNBP2	GGNBP2
ENSG00000123178	422	239	183	2.989755153673319	0.9166000532907008	0.8458566480149214	0.07074340527577938	AD	ENSG00000123178	0.45337063682387424	-0.11564989421698613	FALSE	4	SPRYD7	SPRYD7
ENSG00000197535	98	65	33	0.5372614503414211	0.7215560884625632	0.6508126831867839	0.07074340527577938	AD	ENSG00000197535	0.45337063682387424	-0.17625353979698488	FALSE	4	MYO5A	MYO5A
ENSG00000159086	46	83	-37	-0.6072356112134647	0.6209698907540634	0.691580069277911	-0.07061017852384766	Control	ENSG00000159086	0.4529709565680789	0.11326409904573254	FALSE	4	PAXBP1	PAXBP1
ENSG00000137462	10	18	-8	-0.1330868285692977	0.35251798561151076	0.4231281641353584	-0.0706101785238476	Control	ENSG00000137462	0.4527045030642153	0.2127249481523723	FALSE	4	TLR2	TLR2
ENSG00000103089	35	28	7	0.11216254176389208	0.5768718358646416	0.5063948840927258	0.07047695177191582	AD	ENSG00000103089	0.4524380495603517	0.20820103730196315	FALSE	4	FA2H	FA2H
ENSG00000188191	286	451	-165	-2.700030238056684	0.8626432187583267	0.9329869437783108	-0.07034372501998398	Control	ENSG00000188191	0.45217159605648816	-0.14563489042264877	FALSE	4	PRKAR1B	PRKAR1B
ENSG00000089693	424	688	-264	-4.318676082255737	0.9176658673061552	0.9878763655742072	-0.07021049826805226	Control	ENSG00000089693	0.4519051425526246	-0.03652837969240785	FALSE	4	MLF2	MLF2
ENSG00000104870	39	70	-31	-0.5091358630801888	0.5951239008792966	0.665201172395417	-0.07007727151612042	Control	ENSG00000104870	0.4515054622968292	0.17373430270122192	FALSE	4	FCGRT	FCGRT
ENSG00000102158	25	20	5	0.07946262571946677	0.5154543032240874	0.44537703170796694	0.07007727151612042	AD	ENSG00000102158	0.4515054622968292	-0.0341542988416208	FALSE	4	MAGT1	MAGT1
ENSG00000089159	32	59	-27	-0.4437360309913381	0.5639488409272582	0.6338928856914469	-0.0699440447641887	Control	ENSG00000089159	0.45110578204103385	0.10290147343730992	FALSE	4	PXN	PXN
ENSG00000104442	188	115	73	1.191259771229927	0.8078870237143618	0.7379429789501732	0.06994404476418858	AD	ENSG00000104442	0.45083932853717024	-0.0921106900067219	FALSE	4	ARMC1	ARMC1
ENSG00000213625	7	5	2	0.03041275165282881	0.29349853450572877	0.22368771649347188	0.06981081801225689	AD	ENSG00000213625	0.44964028776978415	-0.01114748127949027	FALSE	4	LEPROT	LEPROT
ENSG00000138311	7	5	2	0.03041275165282881	0.29349853450572877	0.22368771649347188	0.06981081801225689	AD	ENSG00000138311	0.44964028776978415	-0.1968775753845282	FALSE	4	ZNF365	ZNF365
ENSG00000196312	7	5	2	0.03041275165282881	0.29349853450572877	0.22368771649347188	0.06981081801225689	AD	ENSG00000196312	0.44964028776978415	0.09683371094519622	FALSE	4	MFSD14CP	MFSD14CP
ENSG00000107185	7	5	2	0.03041275165282881	0.29349853450572877	0.22368771649347188	0.06981081801225689	AD	ENSG00000107185	0.44964028776978415	-0.00727293822449048	FALSE	4	RGP1	RGP1
ENSG00000280152	7	5	2	0.03041275165282881	0.29349853450572877	0.22368771649347188	0.06981081801225689	AD	ENSG00000280152	0.44964028776978415	0.17356088300140726	FALSE	4	NA	ENSG00000280152
ENSG00000171310	7	5	2	0.03041275165282881	0.29349853450572877	0.22368771649347188	0.06981081801225689	AD	ENSG00000171310	0.44964028776978415	0.1648062625035518	FALSE	4	CHST11	CHST11
ENSG00000183963	7	5	2	0.03041275165282881	0.29349853450572877	0.22368771649347188	0.06981081801225689	AD	ENSG00000183963	0.44964028776978415	0.2874753784471622	FALSE	4	SMTN	SMTN
ENSG00000180739	7	5	2	0.03041275165282881	0.29349853450572877	0.22368771649347188	0.06981081801225689	AD	ENSG00000180739	0.44964028776978415	0.03214223708907582	FALSE	4	S1PR5	S1PR5
ENSG00000162378	600	363	237	3.8726528868728023	0.9720223820943246	0.9022115640820676	0.06981081801225686	AD	ENSG00000162378	0.4483080202504663	-0.07559517163990748	FALSE	4	ZYG11B	ZYG11B
ENSG00000160695	339	188	151	2.4665564969625144	0.8808952837729817	0.8110844657607248	0.06981081801225686	AD	ENSG00000160695	0.4483080202504663	-0.11178823930304917	FALSE	4	VPS11	VPS11
ENSG00000147459	17	14	3	0.04676270967504147	0.4495070610178524	0.3799626965094591	0.0695443645083933	AD	ENSG00000147459	0.44777511324273916	0.20860256000753272	FALSE	4	DOCK5	DOCK5
ENSG00000197147	86	60	26	0.42281174418593254	0.7065014654942713	0.636957100985878	0.0695443645083933	AD	ENSG00000197147	0.44777511324273916	-0.22634615396240856	FALSE	4	LRRC8B	LRRC8B
ENSG00000182158	25	44	-19	-0.3129363668136369	0.5154543032240874	0.5848654409805489	-0.06941113775646157	Control	ENSG00000182158	0.447242206235012	0.07046722356339608	FALSE	4	CREB3L2	CREB3L2
ENSG00000166263	25	44	-19	-0.3129363668136369	0.5154543032240874	0.5848654409805489	-0.06941113775646157	Control	ENSG00000166263	0.447242206235012	0.13289238787566582	FALSE	4	STXBP4	STXBP4
ENSG00000276168	8	6	2	0.03041275165282881	0.3160138555822009	0.24660271782573945	0.06941113775646149	AD	ENSG00000276168	0.44684252597921664	0.02260793274298578	FALSE	4	RN7SL1	RN7SL1
ENSG00000117906	198	118	80	1.3057094773854157	0.8130828670397016	0.7438049560351718	0.06927791100452974	AD	ENSG00000117906	0.446576072475353	-0.07315111042836264	FALSE	4	RCN2	RCN2
ENSG00000164292	43	77	-34	-0.5581857371468267	0.609912070343725	0.679056754596323	-0.06914468425259801	Control	ENSG00000164292	0.44630961897148946	-0.00843037919542766	FALSE	4	RHOBTB3	RHOBTB3
ENSG00000172890	53	94	-41	-0.6726354433023153	0.6406874500399681	0.709832134292566	-0.0691446842525979	Control	ENSG00000172890	0.4460431654676259	0.04832609058975556	FALSE	4	NADSYN1	NADSYN1
ENSG00000120616	22	18	4	0.06311266769725413	0.49213962163602454	0.4231281641353584	0.06901145750066617	AD	ENSG00000120616	0.4455102584598987	0.11505540308307972	FALSE	4	EPC1	EPC1
ENSG00000119446	22	18	4	0.06311266769725413	0.49213962163602454	0.4231281641353584	0.06901145750066617	AD	ENSG00000119446	0.4455102584598987	-0.05211001484825317	FALSE	4	RBM18	RBM18
ENSG00000102144	290	167	123	2.00875767234056	0.8638422595257128	0.7948308020250466	0.06901145750066617	AD	ENSG00000102144	0.4455102584598987	-0.12869490638891	FALSE	4	PGK1	PGK1
ENSG00000154096	128	215	-87	-1.4247335123240974	0.7585931254996003	0.8276045830002664	-0.06901145750066606	Control	ENSG00000154096	0.4449773514521716	-0.14041306307597878	FALSE	4	THY1	THY1
ENSG00000163798	257	405	-148	-2.422080951679069	0.845456967759126	0.9143351985078604	-0.06887823074873434	Control	ENSG00000163798	0.44457767119637626	-0.09208443937634492	FALSE	4	SLC4A1AP	SLC4A1AP
ENSG00000160785	138	225	-87	-1.4247335123240974	0.7659205968558487	0.834798827604583	-0.06887823074873434	Control	ENSG00000160785	0.44457767119637626	-0.03603674392376455	FALSE	4	SLC25A44	SLC25A44
ENSG00000129292	9	7	2	0.03041275165282881	0.3361310951239009	0.2675193178790301	0.06861177724487078	AD	ENSG00000129292	0.44364508393285373	0.01406168738778035	FALSE	4	PHF20L1	PHF20L1
ENSG00000176771	9	7	2	0.03041275165282881	0.3361310951239009	0.2675193178790301	0.06861177724487078	AD	ENSG00000176771	0.44364508393285373	0.1243851561753928	FALSE	4	NCKAP5	NCKAP5
ENSG00000108298	14	24	-10	-0.16578674461372303	0.4108713029576339	0.4794830802025047	-0.06861177724487078	Control	ENSG00000108298	0.44364508393285373	-0.01876498171520602	FALSE	4	RPL19	RPL19
ENSG00000138175	9	7	2	0.03041275165282881	0.3361310951239009	0.2675193178790301	0.06861177724487078	AD	ENSG00000138175	0.44364508393285373	-0.11433867472304904	FALSE	4	ARL3	ARL3
ENSG00000186732	18	15	3	0.04676270967504147	0.45976552091660006	0.3911537436717293	0.06861177724487078	AD	ENSG00000186732	0.44364508393285373	-0.260573843447661	FALSE	4	MPPED1	MPPED1
ENSG00000185359	37	66	-29	-0.4764359470357635	0.5855315747402078	0.6540101252331468	-0.06847855049293905	Control	ENSG00000185359	0.442845723421263	-0.1173698022687386	FALSE	4	HGS	HGS
ENSG00000073464	326	485	-159	-2.6019304899234084	0.8754329869437784	0.9436450839328536	-0.06821209698907538	Control	ENSG00000073464	0.44257926991739943	-0.06932082593845834	FALSE	4	CLCN4	CLCN4
ENSG00000138696	26	46	-20	-0.3292863248358496	0.5242472688515853	0.592326139088729	-0.06807887023714365	Control	ENSG00000138696	0.4423128164135358	0.03154231547598307	FALSE	4	BMPR1B	BMPR1B
ENSG00000139505	609	377	232	3.790903096761739	0.973621103117506	0.905675459632294	0.06794564348521193	AD	ENSG00000139505	0.44204636290967225	-0.11690390843649467	FALSE	4	MTMR6	MTMR6
ENSG00000188573	173	108	65	1.060460107052226	0.7981614708233413	0.7302158273381295	0.06794564348521182	AD	ENSG00000188573	0.4417799094058087	-0.10497933341370393	FALSE	4	FBLL1	FBLL1
ENSG00000134001	583	356	227	3.709153306650676	0.9674926725286438	0.8996802557953637	0.06781241673328009	AD	ENSG00000134001	0.44138022915001335	-0.10023590537845628	FALSE	4	EIF2S1	EIF2S1
ENSG00000107223	403	231	172	2.80990561542898	0.907673860911271	0.8398614441779909	0.06781241673328009	AD	ENSG00000107223	0.44138022915001335	-0.15547232277174317	FALSE	4	EDF1	EDF1
ENSG00000197249	13	22	-9	-0.14943678659151036	0.397015720756728	0.464828137490008	-0.06781241673328003	Control	ENSG00000197249	0.44098054889421795	-0.12085321227345248	FALSE	4	SERPINA1	SERPINA1
ENSG00000135940	149	94	55	0.8969605268300995	0.777644551025846	0.709832134292566	0.06781241673327998	AD	ENSG00000135940	0.4407140953903544	-0.16543212861397194	FALSE	4	COX5B	COX5B
ENSG00000196937	493	304	189	3.0878549018065953	0.9431121769251266	0.8755662136957101	0.06754596322941653	AD	ENSG00000196937	0.44031441513455905	-0.12805140372682366	FALSE	4	FAM3C	FAM3C
ENSG00000097033	60	104	-44	-0.7216853173689532	0.6578737010391686	0.7254196642685852	-0.06754596322941653	Control	ENSG00000097033	0.44031441513455905	0.09445418464825828	FALSE	4	SH3GLB1	SH3GLB1
ENSG00000167755	19	16	3	0.04676270967504147	0.469890754063416	0.4023447908339995	0.06754596322941647	AD	ENSG00000167755	0.43991473487876365	0.19441506755148907	FALSE	4	KLK6	KLK6
ENSG00000117533	162	101	61	0.9950602749633752	0.7888355981881162	0.7214228617106315	0.06741273647748469	AD	ENSG00000117533	0.4396482813749001	-0.09126619213626164	FALSE	4	VAMP4	VAMP4
ENSG00000082781	81	135	-54	-0.8851848975910798	0.699173994138023	0.7664535038635758	-0.06727950972555286	Control	ENSG00000082781	0.4393818278710365	0.19109507071774345	FALSE	4	ITGB5	ITGB5
ENSG00000155511	6	11	-5	-0.08403695450265977	0.2696509459099387	0.33679722888355984	-0.06714628297362113	Control	ENSG00000155511	0.43871569411137756	0.02192293642947973	FALSE	4	GRIA1	GRIA1
ENSG00000145425	6	11	-5	-0.08403695450265977	0.2696509459099387	0.33679722888355984	-0.06714628297362113	Control	ENSG00000145425	0.43871569411137756	0.00247216131458571	FALSE	4	RPS3A	RPS3A
ENSG00000128872	6	11	-5	-0.08403695450265977	0.2696509459099387	0.33679722888355984	-0.06714628297362113	Control	ENSG00000128872	0.43871569411137756	-0.05510006769295117	FALSE	4	TMOD2	TMOD2
ENSG00000171100	6	11	-5	-0.08403695450265977	0.2696509459099387	0.33679722888355984	-0.06714628297362113	Control	ENSG00000171100	0.43871569411137756	0.05347460962754979	FALSE	4	MTM1	MTM1
ENSG00000233006	27	48	-21	-0.3456362828580622	0.5325073274713562	0.5995203836930456	-0.0670130562216894	Control	ENSG00000233006	0.4380495603517186	0.05756902906172634	FALSE	4	MIR3936HG	MIR3936HG
ENSG00000164031	314	181	133	2.1722572525626864	0.8719690913935518	0.8049560351718625	0.0670130562216893	AD	ENSG00000164031	0.43778310684785504	-0.1079891593935205	FALSE	4	DNAJB14	DNAJB14
ENSG00000164588	40	70	-30	-0.4927859050579761	0.5987210231814548	0.665201172395417	-0.06648014921396217	Control	ENSG00000164588	0.4373834265920597	-0.3898611544948256	FALSE	4	HCN1	HCN1
ENSG00000112290	135	219	-84	-1.3756836382574595	0.7637889688249401	0.8302691180389022	-0.06648014921396217	Control	ENSG00000112290	0.4373834265920597	-0.06425082803917093	FALSE	4	WASF1	WASF1
ENSG00000085719	60	103	-43	-0.7053353593467406	0.6578737010391686	0.7242206235011991	-0.06634692246203044	Control	ENSG00000085719	0.4369837463362643	0.00937112896884073	FALSE	4	CPNE3	CPNE3
ENSG00000144579	28	23	5	0.07946262571946677	0.5390354383160139	0.4728217426059153	0.06621369571009861	AD	ENSG00000144579	0.4363176125766054	0.08571766245076873	FALSE	4	CTDSP1	CTDSP1
ENSG00000117592	9	16	-7	-0.11673687054708508	0.3361310951239009	0.4023447908339995	-0.06621369571009861	Control	ENSG00000117592	0.4363176125766054	0.01284035743351452	FALSE	4	PRDX6	PRDX6
ENSG00000236901	9	16	-7	-0.11673687054708508	0.3361310951239009	0.4023447908339995	-0.06621369571009861	Control	ENSG00000236901	0.4363176125766054	-0.14064677451576557	FALSE	4	MIR600HG	MIR600HG
ENSG00000109475	9	16	-7	-0.11673687054708508	0.3361310951239009	0.4023447908339995	-0.06621369571009861	Control	ENSG00000109475	0.4363176125766054	-0.02123299393553246	FALSE	4	RPL34	RPL34
ENSG00000139190	11	19	-8	-0.1330868285692977	0.3675726085798029	0.4337863042899014	-0.06621369571009855	Control	ENSG00000139190	0.4351185718092193	-0.4037240929503038	FALSE	4	VAMP1	VAMP1
ENSG00000164663	11	19	-8	-0.1330868285692977	0.3675726085798029	0.4337863042899014	-0.06621369571009855	Control	ENSG00000164663	0.4351185718092193	0.07463630258481047	FALSE	4	USP49	USP49
ENSG00000172171	11	19	-8	-0.1330868285692977	0.3675726085798029	0.4337863042899014	-0.06621369571009855	Control	ENSG00000172171	0.4351185718092193	0.0584885965705606	FALSE	4	TEFM	TEFM
ENSG00000173402	11	19	-8	-0.1330868285692977	0.3675726085798029	0.4337863042899014	-0.06621369571009855	Control	ENSG00000173402	0.4351185718092193	0.01525744767969072	FALSE	4	DAG1	DAG1
ENSG00000102781	11	19	-8	-0.1330868285692977	0.3675726085798029	0.4337863042899014	-0.06621369571009855	Control	ENSG00000102781	0.4351185718092193	-0.05895325212498648	FALSE	4	KATNAL1	KATNAL1
ENSG00000066557	58	45	13	0.21026228989716805	0.654543032240874	0.5885957900346389	0.06594724220623505	AD	ENSG00000066557	0.4341859845456968	-0.2174770449329344	FALSE	4	LRRC40	LRRC40
ENSG00000118276	44	35	9	0.1448624578083174	0.614308553157474	0.548361310951239	0.06594724220623505	AD	ENSG00000118276	0.4341859845456968	-0.16124947687201183	FALSE	4	B4GALT6	B4GALT6
ENSG00000164609	339	499	-160	-2.618280447945621	0.8808952837729817	0.9468425259792166	-0.06594724220623494	Control	ENSG00000164609	0.4337863042899014	-0.05138821102764268	FALSE	4	SLU7	SLU7
ENSG00000162729	392	228	164	2.679105951251279	0.9028776978417268	0.8370636823874233	0.06581401545430332	AD	ENSG00000162729	0.43351985078603783	-0.11354745426763736	FALSE	4	IGSF8	IGSF8
ENSG00000120063	85	139	-54	-0.8851848975910798	0.7043698374633627	0.7701838529176659	-0.06581401545430321	Control	ENSG00000120063	0.4331201705302425	0.14575682490663588	FALSE	4	GNA13	GNA13
ENSG00000116747	41	33	8	0.12851249978610474	0.6021849187316813	0.5363709032773781	0.06581401545430321	AD	ENSG00000116747	0.4331201705302425	0.00441465629781845	FALSE	4	RO60	RO60
ENSG00000100030	89	63	26	0.42281174418593254	0.7112976285638156	0.645750066613376	0.06554756195043965	AD	ENSG00000100030	0.4327204902744471	0.03672173105560006	FALSE	4	MAPK1	MAPK1
ENSG00000198380	278	163	115	1.8779580081628584	0.8570476951771916	0.7916333599786837	0.06541433519850792	AD	ENSG00000198380	0.4324540367705835	-0.05694878801793024	FALSE	4	GFPT1	GFPT1
ENSG00000004478	10	8	2	0.03041275165282881	0.35251798561151076	0.28710365041300295	0.06541433519850781	AD	ENSG00000004478	0.43178790301092457	0.00333452585394411	FALSE	4	FKBP4	FKBP4
ENSG00000150459	10	8	2	0.03041275165282881	0.35251798561151076	0.28710365041300295	0.06541433519850781	AD	ENSG00000150459	0.43178790301092457	-0.0658363932975945	FALSE	4	SAP18	SAP18
ENSG00000146066	10	8	2	0.03041275165282881	0.35251798561151076	0.28710365041300295	0.06541433519850781	AD	ENSG00000146066	0.43178790301092457	-0.01272659969648692	FALSE	4	HIGD2A	HIGD2A
ENSG00000143256	10	8	2	0.03041275165282881	0.35251798561151076	0.28710365041300295	0.06541433519850781	AD	ENSG00000143256	0.43178790301092457	-0.13525066725364532	FALSE	4	PFDN2	PFDN2
ENSG00000184831	307	455	-148	-2.422080951679069	0.8691713296029843	0.9344524380495604	-0.06528110844657609	Control	ENSG00000184831	0.4309885424993339	-0.1577336454436722	FALSE	4	APOO	APOO
ENSG00000124570	35	62	-27	-0.4437360309913381	0.5768718358646416	0.6421529443112177	-0.06528110844657609	Control	ENSG00000124570	0.4309885424993339	0.04052550142574063	FALSE	4	SERPINB6	SERPINB6
ENSG00000102181	103	70	33	0.5372614503414211	0.7303490540900612	0.665201172395417	0.06514788169464425	AD	ENSG00000102181	0.4305888622435385	-0.13494094172723337	FALSE	4	CD99L2	CD99L2
ENSG00000184368	176	281	-105	-1.7190327567239252	0.8000266453503864	0.8650413002930989	-0.06501465494271252	Control	ENSG00000184368	0.4303224087396749	-0.18229542028942625	FALSE	4	MAP7D2	MAP7D2
ENSG00000177570	189	118	71	1.158559855185502	0.8086863842259526	0.7438049560351718	0.0648814281907808	AD	ENSG00000177570	0.4297895017319478	-0.05111409811485501	FALSE	4	SAMD12	SAMD12
ENSG00000089199	85	61	24	0.3901118281415072	0.7043698374633627	0.6394884092725819	0.0648814281907808	AD	ENSG00000089199	0.4297895017319478	-0.32290511666437816	FALSE	4	CHGB	CHGB
ENSG00000102710	85	61	24	0.3901118281415072	0.7043698374633627	0.6394884092725819	0.0648814281907808	AD	ENSG00000102710	0.4297895017319478	0.04689770512588076	FALSE	4	SUPT20H	SUPT20H
ENSG00000143418	20	17	3	0.04676270967504147	0.478017585931255	0.4132693844924061	0.0647482014388489	AD	ENSG00000143418	0.4292565947242206	0.09128717647306496	FALSE	4	CERS2	CERS2
ENSG00000168137	23	39	-16	-0.26388649274699894	0.5001332267519318	0.5648814281907807	-0.06474820143884885	Control	ENSG00000168137	0.42899014122035706	0.08131979966483982	FALSE	4	SETD5	SETD5
ENSG00000164284	80	131	-51	-0.8361350235244418	0.697841726618705	0.7624567013056222	-0.06461497468691713	Control	ENSG00000164284	0.42859046096456166	-0.06360568867439653	FALSE	4	GRPEL2	GRPEL2
ENSG00000122965	33	59	-26	-0.4273860729691255	0.5692779110045297	0.6338928856914469	-0.06461497468691713	Control	ENSG00000122965	0.42859046096456166	0.05000105966899682	FALSE	4	RBM19	RBM19
ENSG00000166780	376	222	154	2.5156063710291523	0.897015720756728	0.8325339728217426	0.0644817479349854	AD	ENSG00000166780	0.4281907807087663	-0.1455856237356823	FALSE	4	BMERB1	BMERB1
ENSG00000118680	254	151	103	1.6817585118963068	0.843591793232081	0.7791100452970957	0.06448174793498529	AD	ENSG00000118680	0.4276578737010392	-0.09946859714120748	FALSE	4	MYL12B	MYL12B
ENSG00000130706	219	129	90	1.4692090576075425	0.8240074606981082	0.7595257127631229	0.06448174793498529	AD	ENSG00000130706	0.4276578737010392	-0.03357856859128638	FALSE	4	ADRM1	ADRM1
ENSG00000079134	99	160	-61	-0.9996346037465684	0.7228883559818812	0.7873701039168665	-0.06448174793498529	Control	ENSG00000079134	0.4276578737010392	0.0196515700684543	FALSE	4	THOC1	THOC1
ENSG00000108176	26	45	-19	-0.3129363668136369	0.5242472688515853	0.5885957900346389	-0.06434852118305356	Control	ENSG00000108176	0.427124966693312	0.04437554226478646	FALSE	4	DNAJC12	DNAJC12
ENSG00000072062	398	581	-183	-2.994329482456512	0.9059419131361578	0.9702904343192112	-0.06434852118305345	Control	ENSG00000072062	0.42685851318944845	-0.1489034243674574	FALSE	4	PRKACA	PRKACA
ENSG00000286214	141	91	50	0.8152107367190362	0.7689848121502798	0.704769517719158	0.06421529443112184	AD	ENSG00000286214	0.42645883293365305	-0.1955977913702398	FALSE	4	COPG2IT1	COPG2IT1
ENSG00000156261	439	270	169	2.760855741362342	0.9244604316546764	0.8602451372235544	0.06421529443112184	AD	ENSG00000156261	0.42645883293365305	-0.11216287364173104	FALSE	4	CCT8	CCT8
ENSG00000242768	1	2	-1	-0.01863712241380915	0.04782840394351186	0.11204369837463364	-0.06421529443112177	Control	ENSG00000242768	0.4184652278177458	0.330597764738382	FALSE	4	RPL31P25	RPL31P25
ENSG00000168884	1	2	-1	-0.01863712241380915	0.04782840394351186	0.11204369837463364	-0.06421529443112177	Control	ENSG00000168884	0.4184652278177458	0.11677283972956952	FALSE	4	TNIP2	TNIP2
ENSG00000273156	1	2	-1	-0.01863712241380915	0.04782840394351186	0.11204369837463364	-0.06421529443112177	Control	ENSG00000273156	0.4184652278177458	0.0180475763115453	FALSE	4	NA	ENSG00000273156
ENSG00000115760	1	2	-1	-0.01863712241380915	0.04782840394351186	0.11204369837463364	-0.06421529443112177	Control	ENSG00000115760	0.4184652278177458	-0.00851216399082233	FALSE	4	BIRC6	BIRC6
ENSG00000071082	1	2	-1	-0.01863712241380915	0.04782840394351186	0.11204369837463364	-0.06421529443112177	Control	ENSG00000071082	0.4184652278177458	0.07087813977090285	FALSE	4	RPL31	RPL31
ENSG00000138002	1	2	-1	-0.01863712241380915	0.04782840394351186	0.11204369837463364	-0.06421529443112177	Control	ENSG00000138002	0.4184652278177458	0.00991690639436804	FALSE	4	IFT172	IFT172
ENSG00000225746	1	2	-1	-0.01863712241380915	0.04782840394351186	0.11204369837463364	-0.06421529443112177	Control	ENSG00000225746	0.4184652278177458	-0.02602787038209975	FALSE	4	MEG8	MEG8
ENSG00000099282	1	2	-1	-0.01863712241380915	0.04782840394351186	0.11204369837463364	-0.06421529443112177	Control	ENSG00000099282	0.4184652278177458	0.00121710937006724	FALSE	4	TSPAN15	TSPAN15
ENSG00000197958	1	2	-1	-0.01863712241380915	0.04782840394351186	0.11204369837463364	-0.06421529443112177	Control	ENSG00000197958	0.4184652278177458	-0.06076934468069162	FALSE	4	RPL12	RPL12
ENSG00000135631	1	2	-1	-0.01863712241380915	0.04782840394351186	0.11204369837463364	-0.06421529443112177	Control	ENSG00000135631	0.4184652278177458	0.05230024035445346	FALSE	4	RAB11FIP5	RAB11FIP5
ENSG00000204264	1	2	-1	-0.01863712241380915	0.04782840394351186	0.11204369837463364	-0.06421529443112177	Control	ENSG00000204264	0.4184652278177458	-0.0677103766533591	FALSE	4	PSMB8	PSMB8
ENSG00000172775	1	2	-1	-0.01863712241380915	0.04782840394351186	0.11204369837463364	-0.06421529443112177	Control	ENSG00000172775	0.4184652278177458	-0.0331790316747842	FALSE	4	PSME3IP1	PSME3IP1
ENSG00000152492	1	2	-1	-0.01863712241380915	0.04782840394351186	0.11204369837463364	-0.06421529443112177	Control	ENSG00000152492	0.4184652278177458	0.07524499323348977	FALSE	4	CCDC50	CCDC50
ENSG00000239672	1	2	-1	-0.01863712241380915	0.04782840394351186	0.11204369837463364	-0.06421529443112177	Control	ENSG00000239672	0.4184652278177458	-0.24839568984149984	FALSE	4	NME1	NME1
ENSG00000214944	1	2	-1	-0.01863712241380915	0.04782840394351186	0.11204369837463364	-0.06421529443112177	Control	ENSG00000214944	0.4184652278177458	0.05675282944097049	FALSE	4	ARHGEF28	ARHGEF28
ENSG00000166033	1	2	-1	-0.01863712241380915	0.04782840394351186	0.11204369837463364	-0.06421529443112177	Control	ENSG00000166033	0.4184652278177458	-0.0201823782018593	FALSE	4	HTRA1	HTRA1
ENSG00000151929	1	2	-1	-0.01863712241380915	0.04782840394351186	0.11204369837463364	-0.06421529443112177	Control	ENSG00000151929	0.4184652278177458	0.0757680205078124	FALSE	4	BAG3	BAG3
ENSG00000135956	1	2	-1	-0.01863712241380915	0.04782840394351186	0.11204369837463364	-0.06421529443112177	Control	ENSG00000135956	0.4184652278177458	-0.01790965079708861	FALSE	4	TMEM127	TMEM127
ENSG00000138468	1	2	-1	-0.01863712241380915	0.04782840394351186	0.11204369837463364	-0.06421529443112177	Control	ENSG00000138468	0.4184652278177458	0.00435446082260426	FALSE	4	SENP7	SENP7
ENSG00000278434	1	2	-1	-0.01863712241380915	0.04782840394351186	0.11204369837463364	-0.06421529443112177	Control	ENSG00000278434	0.4184652278177458	0.14838670324735315	FALSE	4	NA	ENSG00000278434
ENSG00000164244	1	2	-1	-0.01863712241380915	0.04782840394351186	0.11204369837463364	-0.06421529443112177	Control	ENSG00000164244	0.4184652278177458	0.01179510521050986	FALSE	4	PRRC1	PRRC1
ENSG00000127990	1	2	-1	-0.01863712241380915	0.04782840394351186	0.11204369837463364	-0.06421529443112177	Control	ENSG00000127990	0.4184652278177458	0.08555884737087993	FALSE	4	SGCE	SGCE
ENSG00000228971	1	2	-1	-0.01863712241380915	0.04782840394351186	0.11204369837463364	-0.06421529443112177	Control	ENSG00000228971	0.4184652278177458	0.14087799537528944	FALSE	4	LINC02607	LINC02607
ENSG00000182287	1	2	-1	-0.01863712241380915	0.04782840394351186	0.11204369837463364	-0.06421529443112177	Control	ENSG00000182287	0.4184652278177458	-0.10391423557972246	FALSE	4	AP1S2	AP1S2
ENSG00000159176	1	2	-1	-0.01863712241380915	0.04782840394351186	0.11204369837463364	-0.06421529443112177	Control	ENSG00000159176	0.4184652278177458	0.4809355101228352	FALSE	4	CSRP1	CSRP1
ENSG00000105792	1	2	-1	-0.01863712241380915	0.04782840394351186	0.11204369837463364	-0.06421529443112177	Control	ENSG00000105792	0.4184652278177458	-0.03883859329062478	FALSE	4	CFAP69	CFAP69
ENSG00000132274	1	2	-1	-0.01863712241380915	0.04782840394351186	0.11204369837463364	-0.06421529443112177	Control	ENSG00000132274	0.4184652278177458	0.10974519128328986	FALSE	4	TRIM22	TRIM22
ENSG00000070495	1	2	-1	-0.01863712241380915	0.04782840394351186	0.11204369837463364	-0.06421529443112177	Control	ENSG00000070495	0.4184652278177458	0.11809015128173785	FALSE	4	JMJD6	JMJD6
ENSG00000104343	1	2	-1	-0.01863712241380915	0.04782840394351186	0.11204369837463364	-0.06421529443112177	Control	ENSG00000104343	0.4184652278177458	8.023065853866029e-4	FALSE	4	UBE2W	UBE2W
ENSG00000103194	1	2	-1	-0.01863712241380915	0.04782840394351186	0.11204369837463364	-0.06421529443112177	Control	ENSG00000103194	0.4184652278177458	-0.0828680530069601	FALSE	4	USP10	USP10
ENSG00000166794	1	2	-1	-0.01863712241380915	0.04782840394351186	0.11204369837463364	-0.06421529443112177	Control	ENSG00000166794	0.4184652278177458	-0.10588099239205027	FALSE	4	PPIB	PPIB
ENSG00000181381	1	2	-1	-0.01863712241380915	0.04782840394351186	0.11204369837463364	-0.06421529443112177	Control	ENSG00000181381	0.4184652278177458	0.05314835806839735	FALSE	4	DDX60L	DDX60L
ENSG00000165985	1	2	-1	-0.01863712241380915	0.04782840394351186	0.11204369837463364	-0.06421529443112177	Control	ENSG00000165985	0.4184652278177458	-0.25116677940177823	FALSE	4	C1QL3	C1QL3
ENSG00000127329	1	2	-1	-0.01863712241380915	0.04782840394351186	0.11204369837463364	-0.06421529443112177	Control	ENSG00000127329	0.4184652278177458	0.07408753260202516	FALSE	4	PTPRB	PTPRB
ENSG00000128585	1	2	-1	-0.01863712241380915	0.04782840394351186	0.11204369837463364	-0.06421529443112177	Control	ENSG00000128585	0.4184652278177458	0.1033332583637101	FALSE	4	MKLN1	MKLN1
ENSG00000119048	1	2	-1	-0.01863712241380915	0.04782840394351186	0.11204369837463364	-0.06421529443112177	Control	ENSG00000119048	0.4184652278177458	-0.0258462425986039	FALSE	4	UBE2B	UBE2B
ENSG00000185624	1	2	-1	-0.01863712241380915	0.04782840394351186	0.11204369837463364	-0.06421529443112177	Control	ENSG00000185624	0.4184652278177458	-0.04404151504301801	FALSE	4	P4HB	P4HB
ENSG00000100697	1	2	-1	-0.01863712241380915	0.04782840394351186	0.11204369837463364	-0.06421529443112177	Control	ENSG00000100697	0.4184652278177458	0.00226015627807996	FALSE	4	DICER1	DICER1
ENSG00000170604	1	2	-1	-0.01863712241380915	0.04782840394351186	0.11204369837463364	-0.06421529443112177	Control	ENSG00000170604	0.4184652278177458	0.0410018046765348	FALSE	4	IRF2BP1	IRF2BP1
ENSG00000228782	1	2	-1	-0.01863712241380915	0.04782840394351186	0.11204369837463364	-0.06421529443112177	Control	ENSG00000228782	0.4184652278177458	0.08733890728651872	FALSE	4	MRPL45P2	MRPL45P2
ENSG00000100612	1	2	-1	-0.01863712241380915	0.04782840394351186	0.11204369837463364	-0.06421529443112177	Control	ENSG00000100612	0.4184652278177458	-0.1133828491094171	FALSE	4	DHRS7	DHRS7
ENSG00000106852	1	2	-1	-0.01863712241380915	0.04782840394351186	0.11204369837463364	-0.06421529443112177	Control	ENSG00000106852	0.4184652278177458	-0.116661343294723	FALSE	4	LHX6	LHX6
ENSG00000075142	1	2	-1	-0.01863712241380915	0.04782840394351186	0.11204369837463364	-0.06421529443112177	Control	ENSG00000075142	0.4184652278177458	-0.06056933963617439	FALSE	4	SRI	SRI
ENSG00000021300	1	2	-1	-0.01863712241380915	0.04782840394351186	0.11204369837463364	-0.06421529443112177	Control	ENSG00000021300	0.4184652278177458	0.3665443243503521	FALSE	4	PLEKHB1	PLEKHB1
ENSG00000100354	1	2	-1	-0.01863712241380915	0.04782840394351186	0.11204369837463364	-0.06421529443112177	Control	ENSG00000100354	0.4184652278177458	0.1302836380160315	FALSE	4	TNRC6B	TNRC6B
ENSG00000154898	1	2	-1	-0.01863712241380915	0.04782840394351186	0.11204369837463364	-0.06421529443112177	Control	ENSG00000154898	0.4184652278177458	0.16320741666779526	FALSE	4	CCDC144CP	CCDC144CP
ENSG00000025708	1	2	-1	-0.01863712241380915	0.04782840394351186	0.11204369837463364	-0.06421529443112177	Control	ENSG00000025708	0.4184652278177458	-0.13838310120816466	FALSE	4	TYMP	TYMP
ENSG00000157502	1	2	-1	-0.01863712241380915	0.04782840394351186	0.11204369837463364	-0.06421529443112177	Control	ENSG00000157502	0.4184652278177458	-0.06159984798110418	FALSE	4	PWWP3B	PWWP3B
ENSG00000253352	1	2	-1	-0.01863712241380915	0.04782840394351186	0.11204369837463364	-0.06421529443112177	Control	ENSG00000253352	0.4184652278177458	0.03864837371384233	FALSE	4	TUG1	TUG1
ENSG00000154263	1	2	-1	-0.01863712241380915	0.04782840394351186	0.11204369837463364	-0.06421529443112177	Control	ENSG00000154263	0.4184652278177458	0.00235748181388117	FALSE	4	ABCA10	ABCA10
ENSG00000279668	1	2	-1	-0.01863712241380915	0.04782840394351186	0.11204369837463364	-0.06421529443112177	Control	ENSG00000279668	0.4184652278177458	0.1149604714404706	FALSE	4	NA	ENSG00000279668
ENSG00000173868	1	2	-1	-0.01863712241380915	0.04782840394351186	0.11204369837463364	-0.06421529443112177	Control	ENSG00000173868	0.4184652278177458	-0.3000547744133666	FALSE	4	PHOSPHO1	PHOSPHO1
ENSG00000123416	1	2	-1	-0.01863712241380915	0.04782840394351186	0.11204369837463364	-0.06421529443112177	Control	ENSG00000123416	0.4184652278177458	-0.3232156407296696	FALSE	4	TUBA1B	TUBA1B
ENSG00000112038	1	2	-1	-0.01863712241380915	0.04782840394351186	0.11204369837463364	-0.06421529443112177	Control	ENSG00000112038	0.4184652278177458	0.2456870037547212	FALSE	4	OPRM1	OPRM1
ENSG00000196664	1	2	-1	-0.01863712241380915	0.04782840394351186	0.11204369837463364	-0.06421529443112177	Control	ENSG00000196664	0.4184652278177458	0.5721542099869437	FALSE	4	TLR7	TLR7
ENSG00000145743	1	2	-1	-0.01863712241380915	0.04782840394351186	0.11204369837463364	-0.06421529443112177	Control	ENSG00000145743	0.4184652278177458	-0.01863293460632675	FALSE	4	FBXL17	FBXL17
ENSG00000071127	1	2	-1	-0.01863712241380915	0.04782840394351186	0.11204369837463364	-0.06421529443112177	Control	ENSG00000071127	0.4184652278177458	-0.02348320210980148	FALSE	4	WDR1	WDR1
ENSG00000204252	1	2	-1	-0.01863712241380915	0.04782840394351186	0.11204369837463364	-0.06421529443112177	Control	ENSG00000204252	0.4184652278177458	0.29984201362826113	FALSE	4	HLA-DOA	HLA-DOA
ENSG00000206418	212	331	-119	-1.9479321690349023	0.8222755129229948	0.8864908073541167	-0.06421529443112173	Control	ENSG00000206418	0.4104716227018385	-0.05640318915672182	FALSE	4	RAB12	RAB12
ENSG00000196290	62	48	14	0.22661224791938067	0.6637356781241673	0.5995203836930456	0.06421529443112173	AD	ENSG00000196290	0.4104716227018385	-0.1082437677002881	FALSE	4	NIF3L1	NIF3L1
ENSG00000133169	206	318	-112	-1.8334824628794135	0.8185451638689049	0.8826272315480949	-0.06408206767919	Control	ENSG00000133169	0.41007194244604317	-0.22585335171724277	FALSE	4	BEX1	BEX1
ENSG00000129646	17	29	-12	-0.19848666065814832	0.4495070610178524	0.5135891286970423	-0.06408206767918995	Control	ENSG00000129646	0.4096722621902478	0.10723241143587536	FALSE	4	QRICH2	QRICH2
ENSG00000271533	32	27	5	0.07946262571946677	0.5639488409272582	0.4998667732480682	0.06408206767918995	AD	ENSG00000271533	0.4096722621902478	0.11379880969828626	FALSE	4	NA	ENSG00000271533
ENSG00000147475	8	14	-6	-0.10038691252487242	0.3160138555822009	0.3799626965094591	-0.06394884092725817	Control	ENSG00000147475	0.4088729016786571	0.02949626961720852	FALSE	4	ERLIN2	ERLIN2
ENSG00000163964	40	69	-29	-0.4764359470357635	0.5987210231814548	0.662669864108713	-0.06394884092725817	Control	ENSG00000163964	0.4088729016786571	0.01080103499840312	FALSE	4	PIGX	PIGX
ENSG00000155363	8	14	-6	-0.10038691252487242	0.3160138555822009	0.3799626965094591	-0.06394884092725817	Control	ENSG00000155363	0.4088729016786571	0.07236019649680436	FALSE	4	MOV10	MOV10
ENSG00000053438	8	14	-6	-0.10038691252487242	0.3160138555822009	0.3799626965094591	-0.06394884092725817	Control	ENSG00000053438	0.4088729016786571	-0.01672924111368878	FALSE	4	NNAT	NNAT
ENSG00000126267	393	231	162	2.6464060352068537	0.9036770583533174	0.8398614441779909	0.06381561417532644	AD	ENSG00000126267	0.4082067679189981	-0.13878535078262466	FALSE	4	COX6B1	COX6B1
ENSG00000143756	21	35	-14	-0.23118657670257364	0.4845456967759126	0.548361310951239	-0.06381561417532639	Control	ENSG00000143756	0.4078070876632028	-0.03705737332534831	FALSE	4	FBXO28	FBXO28
ENSG00000231889	21	35	-14	-0.23118657670257364	0.4845456967759126	0.548361310951239	-0.06381561417532639	Control	ENSG00000231889	0.4078070876632028	0.14781655152384943	FALSE	4	TRAF3IP2-AS1	TRAF3IP2-AS1
ENSG00000055070	86	139	-53	-0.8688349395688671	0.7065014654942713	0.7701838529176659	-0.0636823874233946	Control	ENSG00000055070	0.4071409539035438	0.12699274283288453	FALSE	4	SZRD1	SZRD1
ENSG00000083168	55	43	12	0.19391233187495535	0.6456168398614441	0.5819344524380495	0.0636823874233946	AD	ENSG00000083168	0.4071409539035438	0.10648469369045088	FALSE	4	KAT6A	KAT6A
ENSG00000011677	115	78	37	0.6026612824302717	0.7450039968025579	0.6813216093791633	0.0636823874233946	AD	ENSG00000011677	0.4071409539035438	-0.02460632048488698	FALSE	4	GABRA3	GABRA3
ENSG00000196950	246	142	104	1.6981084699185194	0.8361310951239008	0.7727151612043698	0.06341593391953104	AD	ENSG00000196950	0.4063415933919531	-0.14400888856667393	FALSE	4	SLC39A10	SLC39A10
ENSG00000133606	166	253	-87	-1.4247335123240974	0.7912336797228884	0.8546496136424194	-0.06341593391953104	Control	ENSG00000133606	0.4063415933919531	-0.030134666905548	FALSE	4	MKRN1	MKRN1
ENSG00000166912	25	42	-17	-0.2802364507692116	0.5154543032240874	0.5788702371436184	-0.06341593391953104	Control	ENSG00000166912	0.4063415933919531	0.15501746483472267	FALSE	4	MTMR10	MTMR10
ENSG00000167110	76	126	-50	-0.8197850655022292	0.6917132960298428	0.7549960031974421	-0.06328270716759932	Control	ENSG00000167110	0.4056754596322942	-0.02065890896761679	FALSE	4	GOLGA2	GOLGA2
ENSG00000147065	27	47	-20	-0.3292863248358496	0.5325073274713562	0.5957900346389555	-0.06328270716759932	Control	ENSG00000147065	0.4056754596322942	0.01562388681129434	FALSE	4	MSN	MSN
ENSG00000171914	157	100	57	0.9296604428745248	0.7832400746069811	0.7199573674393819	0.0632827071675992	AD	ENSG00000171914	0.4052757793764988	-0.12524482881906707	FALSE	4	TLN2	TLN2
ENSG00000107745	252	150	102	1.665408553874094	0.8413269384492406	0.7783106847855049	0.06301625366373564	AD	ENSG00000107745	0.4050093258726352	-0.1114097178695328	FALSE	4	MICU1	MICU1
ENSG00000090273	12	20	-8	-0.1330868285692977	0.3824940047961631	0.44537703170796694	-0.06288302691180386	Control	ENSG00000090273	0.4044764188649081	-0.01677737723908023	FALSE	4	NUDC	NUDC
ENSG00000172340	12	20	-8	-0.1330868285692977	0.3824940047961631	0.44537703170796694	-0.06288302691180386	Control	ENSG00000172340	0.4044764188649081	-0.04268035033434003	FALSE	4	SUCLG2	SUCLG2
ENSG00000167380	12	20	-8	-0.1330868285692977	0.3824940047961631	0.44537703170796694	-0.06288302691180386	Control	ENSG00000167380	0.4044764188649081	0.08481404131726222	FALSE	4	ZNF226	ZNF226
ENSG00000100167	411	244	167	2.728155825317917	0.9116706634692248	0.8489208633093526	0.06274980015987208	AD	ENSG00000100167	0.4039435118571809	-0.0571503627289136	FALSE	4	SEPTIN3	SEPTIN3
ENSG00000003987	146	95	51	0.8315606947412488	0.7745803357314148	0.7119637623234746	0.06261657340794025	AD	ENSG00000003987	0.40367705835331735	-0.21711989240415977	FALSE	4	MTMR7	MTMR7
ENSG00000120889	5	9	-4	-0.06768699648044711	0.24260591526778577	0.3050892619237943	-0.06248334665600855	Control	ENSG00000120889	0.4030109245936584	0.11037687977383824	FALSE	4	TNFRSF10B	TNFRSF10B
ENSG00000084754	5	9	-4	-0.06768699648044711	0.24260591526778577	0.3050892619237943	-0.06248334665600855	Control	ENSG00000084754	0.4030109245936584	-0.07795231311163775	FALSE	4	HADHA	HADHA
ENSG00000161912	5	9	-4	-0.06768699648044711	0.24260591526778577	0.3050892619237943	-0.06248334665600855	Control	ENSG00000161912	0.4030109245936584	0.10787417643206876	FALSE	4	ADCY10P1	ADCY10P1
ENSG00000113282	5	9	-4	-0.06768699648044711	0.24260591526778577	0.3050892619237943	-0.06248334665600855	Control	ENSG00000113282	0.4030109245936584	-0.0136105656767107	FALSE	4	CLINT1	CLINT1
ENSG00000162944	15	25	-10	-0.16578674461372303	0.4237942978950173	0.48627764455102584	-0.06248334665600852	Control	ENSG00000162944	0.4018118838262723	0.20782379340661805	FALSE	4	RFTN2	RFTN2
ENSG00000153310	66	112	-46	-0.7543852334133786	0.6722621902478018	0.7347455369038103	-0.06248334665600852	Control	ENSG00000153310	0.4018118838262723	-0.10424158016330765	FALSE	4	CYRIB	CYRIB
ENSG00000157110	11	9	2	0.03041275165282881	0.3675726085798029	0.3050892619237943	0.06248334665600852	AD	ENSG00000157110	0.4018118838262723	0.1261983651084	FALSE	4	RBPMS	RBPMS
ENSG00000152944	11	9	2	0.03041275165282881	0.3675726085798029	0.3050892619237943	0.06248334665600852	AD	ENSG00000152944	0.4018118838262723	-0.0250779243805006	FALSE	4	MED21	MED21
ENSG00000121766	11	9	2	0.03041275165282881	0.3675726085798029	0.3050892619237943	0.06248334665600852	AD	ENSG00000121766	0.4018118838262723	-0.09445976659551825	FALSE	4	ZCCHC17	ZCCHC17
ENSG00000136541	24	20	4	0.06311266769725413	0.5077271516120437	0.44537703170796694	0.06235011990407679	AD	ENSG00000136541	0.4008792965627498	0.2054156921457189	FALSE	4	ERMN	ERMN
ENSG00000148175	24	20	4	0.06311266769725413	0.5077271516120437	0.44537703170796694	0.06235011990407679	AD	ENSG00000148175	0.4008792965627498	0.00463515107195355	FALSE	4	STOM	STOM
ENSG00000130731	448	284	164	2.679105951251279	0.9288569144684252	0.8665067945643485	0.06235011990407668	AD	ENSG00000130731	0.40047961630695444	-0.08042261919370652	FALSE	4	METTL26	METTL26
ENSG00000184905	112	77	35	0.5699613663858464	0.7412736477484679	0.679056754596323	0.06221689315214496	AD	ENSG00000184905	0.4002131628030909	-0.1009238727824986	FALSE	4	TCEAL2	TCEAL2
ENSG00000135540	44	76	-32	-0.5254858211024014	0.614308553157474	0.6762589928057554	-0.0619504396482814	Control	ENSG00000135540	0.3998134825472955	0.17003276925207444	FALSE	4	NHSL1	NHSL1
ENSG00000160752	44	36	8	0.12851249978610474	0.614308553157474	0.5523581135091926	0.0619504396482814	AD	ENSG00000160752	0.3998134825472955	-0.124786428984498	FALSE	4	FDPS	FDPS
ENSG00000130997	14	23	-9	-0.14943678659151036	0.4108713029576339	0.4728217426059153	-0.06195043964828134	Control	ENSG00000130997	0.39941380229150014	0.20838856954943183	FALSE	4	POLN	POLN
ENSG00000086504	431	265	166	2.711805867295704	0.9205968558486544	0.8586464162003731	0.06195043964828128	AD	ENSG00000086504	0.3991473487876366	-0.14616995934736643	FALSE	4	MRPL28	MRPL28
ENSG00000175931	145	95	50	0.8152107367190362	0.7737809752198241	0.7119637623234746	0.06181721289634956	AD	ENSG00000175931	0.39888089528377296	-0.11515480170368876	FALSE	4	UBE2O	UBE2O
ENSG00000116120	282	172	110	1.796208218051795	0.8599786837196909	0.7982946975752732	0.06168398614441772	AD	ENSG00000116120	0.3986144417799094	-0.2155554427482276	FALSE	4	FARSB	FARSB
ENSG00000100485	145	226	-81	-1.3266337641908217	0.7737809752198241	0.8351985078603784	-0.06141753264055427	Control	ENSG00000100485	0.39821476152411406	0.10698043560211444	FALSE	4	SOS2	SOS2
ENSG00000145012	59	98	-39	-0.6399355272578899	0.6560085265121236	0.7174260591526779	-0.06141753264055427	Control	ENSG00000145012	0.39821476152411406	0.13142760770352702	FALSE	4	LPP	LPP
ENSG00000105696	411	598	-187	-3.0597293145453626	0.9116706634692248	0.9730881961097788	-0.06141753264055416	Control	ENSG00000105696	0.39781508126831866	-0.15461915412065608	FALSE	4	TMEM59L	TMEM59L
ENSG00000170043	251	151	100	1.632708637829669	0.8403943511857181	0.7791100452970957	0.06128430588862244	AD	ENSG00000170043	0.3975486277644551	-0.2669351263993658	FALSE	4	TRAPPC1	TRAPPC1
ENSG00000204590	394	568	-174	-2.847179860256598	0.904476418864908	0.9656274980015987	-0.06115107913669071	Control	ENSG00000204590	0.397015720756728	-0.02886455849757219	FALSE	4	GNL1	GNL1
ENSG00000148606	413	248	165	2.6954559092734915	0.9123367972288836	0.8511857180921929	0.06115107913669071	AD	ENSG00000148606	0.397015720756728	-0.18580347894722848	FALSE	4	POLR3A	POLR3A
ENSG00000155961	372	534	-162	-2.650980363990046	0.89568345323741	0.9568345323741008	-0.06115107913669071	Control	ENSG00000155961	0.397015720756728	-0.0380768423722877	FALSE	4	RAB39B	RAB39B
ENSG00000171988	23	38	-15	-0.2475365347247863	0.5001332267519318	0.5612843058886224	-0.0611510791366906	Control	ENSG00000171988	0.3964828137490008	0.06872642028136156	FALSE	4	JMJD1C	JMJD1C
ENSG00000132507	361	219	142	2.3194068747626004	0.8912869704236611	0.8302691180389022	0.06101785238475887	AD	ENSG00000132507	0.39621636024513723	-0.11974316188601009	FALSE	4	EIF5A	EIF5A
ENSG00000105376	3	2	1	0.01406279363061616	0.17306155075939247	0.11204369837463364	0.06101785238475885	AD	ENSG00000105376	0.39288569144684254	-0.120065611317262	FALSE	4	ICAM5	ICAM5
ENSG00000197283	3	2	1	0.01406279363061616	0.17306155075939247	0.11204369837463364	0.06101785238475885	AD	ENSG00000197283	0.39288569144684254	-0.03994325888077199	FALSE	4	SYNGAP1	SYNGAP1
ENSG00000104419	3	2	1	0.01406279363061616	0.17306155075939247	0.11204369837463364	0.06101785238475885	AD	ENSG00000104419	0.39288569144684254	-0.01102318141081504	FALSE	4	NDRG1	NDRG1
ENSG00000172586	3	2	1	0.01406279363061616	0.17306155075939247	0.11204369837463364	0.06101785238475885	AD	ENSG00000172586	0.39288569144684254	-0.03146007339919077	FALSE	4	CHCHD1	CHCHD1
ENSG00000117450	3	2	1	0.01406279363061616	0.17306155075939247	0.11204369837463364	0.06101785238475885	AD	ENSG00000117450	0.39288569144684254	-0.04815447394692285	FALSE	4	PRDX1	PRDX1
ENSG00000119318	3	2	1	0.01406279363061616	0.17306155075939247	0.11204369837463364	0.06101785238475885	AD	ENSG00000119318	0.39288569144684254	-0.06463045754784247	FALSE	4	RAD23B	RAD23B
ENSG00000267080	3	2	1	0.01406279363061616	0.17306155075939247	0.11204369837463364	0.06101785238475885	AD	ENSG00000267080	0.39288569144684254	0.06066812543842648	FALSE	4	ASB16-AS1	ASB16-AS1
ENSG00000179406	3	2	1	0.01406279363061616	0.17306155075939247	0.11204369837463364	0.06101785238475885	AD	ENSG00000179406	0.39288569144684254	0.04293686146212483	FALSE	4	LINC00174	LINC00174
ENSG00000151914	3	2	1	0.01406279363061616	0.17306155075939247	0.11204369837463364	0.06101785238475885	AD	ENSG00000151914	0.39288569144684254	0.1184464687641018	FALSE	4	DST	DST
ENSG00000221866	3	2	1	0.01406279363061616	0.17306155075939247	0.11204369837463364	0.06101785238475885	AD	ENSG00000221866	0.39288569144684254	-0.1170941632273088	FALSE	4	PLXNA4	PLXNA4
ENSG00000185404	3	2	1	0.01406279363061616	0.17306155075939247	0.11204369837463364	0.06101785238475885	AD	ENSG00000185404	0.39288569144684254	0.02016659597625203	FALSE	4	SP140L	SP140L
ENSG00000162337	3	2	1	0.01406279363061616	0.17306155075939247	0.11204369837463364	0.06101785238475885	AD	ENSG00000162337	0.39288569144684254	0.16083379460012104	FALSE	4	LRP5	LRP5
ENSG00000168522	3	2	1	0.01406279363061616	0.17306155075939247	0.11204369837463364	0.06101785238475885	AD	ENSG00000168522	0.39288569144684254	0.02295428987403269	FALSE	4	FNTA	FNTA
ENSG00000171450	3	2	1	0.01406279363061616	0.17306155075939247	0.11204369837463364	0.06101785238475885	AD	ENSG00000171450	0.39288569144684254	-0.09628578265009224	FALSE	4	CDK5R2	CDK5R2
ENSG00000147677	3	2	1	0.01406279363061616	0.17306155075939247	0.11204369837463364	0.06101785238475885	AD	ENSG00000147677	0.39288569144684254	-0.06033919827602041	FALSE	4	EIF3H	EIF3H
ENSG00000164902	3	2	1	0.01406279363061616	0.17306155075939247	0.11204369837463364	0.06101785238475885	AD	ENSG00000164902	0.39288569144684254	0.01892495940407812	FALSE	4	PHAX	PHAX
ENSG00000228624	3	2	1	0.01406279363061616	0.17306155075939247	0.11204369837463364	0.06101785238475885	AD	ENSG00000228624	0.39288569144684254	0.13785589553962385	FALSE	4	HDAC2-AS2	HDAC2-AS2
ENSG00000166598	3	2	1	0.01406279363061616	0.17306155075939247	0.11204369837463364	0.06101785238475885	AD	ENSG00000166598	0.39288569144684254	-0.12992126747731092	FALSE	4	HSP90B1	HSP90B1
ENSG00000173480	3	2	1	0.01406279363061616	0.17306155075939247	0.11204369837463364	0.06101785238475885	AD	ENSG00000173480	0.39288569144684254	0.0840921030524111	FALSE	4	ZNF417	ZNF417
ENSG00000197045	3	2	1	0.01406279363061616	0.17306155075939247	0.11204369837463364	0.06101785238475885	AD	ENSG00000197045	0.39288569144684254	-0.02751744353267327	FALSE	4	GMFB	GMFB
ENSG00000166710	3	2	1	0.01406279363061616	0.17306155075939247	0.11204369837463364	0.06101785238475885	AD	ENSG00000166710	0.39288569144684254	-0.00428702022784222	FALSE	4	B2M	B2M
ENSG00000102081	3	2	1	0.01406279363061616	0.17306155075939247	0.11204369837463364	0.06101785238475885	AD	ENSG00000102081	0.39288569144684254	-0.01943913186855539	FALSE	4	FMR1	FMR1
ENSG00000128973	3	2	1	0.01406279363061616	0.17306155075939247	0.11204369837463364	0.06101785238475885	AD	ENSG00000128973	0.39288569144684254	0.12745942868696414	FALSE	4	CLN6	CLN6
ENSG00000108306	3	2	1	0.01406279363061616	0.17306155075939247	0.11204369837463364	0.06101785238475885	AD	ENSG00000108306	0.39288569144684254	0.05432817622378927	FALSE	4	FBXL20	FBXL20
ENSG00000198087	53	89	-36	-0.590885653191252	0.6406874500399681	0.7015720756727951	-0.06088462563282704	Control	ENSG00000198087	0.389421795896616	0.08075708732295084	FALSE	4	CD2AP	CD2AP
ENSG00000136770	19	32	-13	-0.214836618680361	0.469890754063416	0.530775379696243	-0.06088462563282704	Control	ENSG00000136770	0.389421795896616	0.08536888255125685	FALSE	4	DNAJC1	DNAJC1
ENSG00000140750	80	128	-48	-0.7870851494578038	0.697841726618705	0.7585931254996003	-0.06075139888089531	Control	ENSG00000140750	0.3890221156408207	0.10713567778631015	FALSE	4	ARHGAP17	ARHGAP17
ENSG00000143153	12	10	2	0.03041275165282881	0.3824940047961631	0.32187583266719955	0.06061817212896353	AD	ENSG00000143153	0.38848920863309355	-0.47677675269310527	FALSE	4	ATP1B1	ATP1B1
ENSG00000151502	12	10	2	0.03041275165282881	0.3824940047961631	0.32187583266719955	0.06061817212896353	AD	ENSG00000151502	0.38848920863309355	0.03802341948861887	FALSE	4	VPS26B	VPS26B
ENSG00000100997	12	10	2	0.03041275165282881	0.3824940047961631	0.32187583266719955	0.06061817212896353	AD	ENSG00000100997	0.38848920863309355	-0.08706644165199684	FALSE	4	ABHD12	ABHD12
ENSG00000101182	142	94	48	0.7825108206746109	0.7704503064215295	0.709832134292566	0.06061817212896348	AD	ENSG00000101182	0.3879563016253664	-0.06733364585900325	FALSE	4	PSMA7	PSMA7
ENSG00000125633	48	81	-33	-0.5418357791246141	0.6268318678390621	0.6873168132160938	-0.06048494537703175	Control	ENSG00000125633	0.38755662136957103	0.06482095455831782	FALSE	4	CCDC93	CCDC93
ENSG00000116754	49	40	9	0.1448624578083174	0.6305622168931522	0.5700772715161204	0.06048494537703175	AD	ENSG00000116754	0.38755662136957103	0.08256972076975444	FALSE	4	SRSF11	SRSF11
ENSG00000161016	13	11	2	0.03041275165282881	0.397015720756728	0.33679722888355984	0.06021849187316813	AD	ENSG00000161016	0.38702371436184385	-0.10339695080298128	FALSE	4	RPL8	RPL8
ENSG00000127663	13	11	2	0.03041275165282881	0.397015720756728	0.33679722888355984	0.06021849187316813	AD	ENSG00000127663	0.38702371436184385	0.07868476175370098	FALSE	4	KDM4B	KDM4B
ENSG00000109920	59	47	12	0.19391233187495535	0.6560085265121236	0.5957900346389555	0.06021849187316808	AD	ENSG00000109920	0.3866240341060485	0.00794790001846124	FALSE	4	FNBP4	FNBP4
ENSG00000143442	38	65	-27	-0.4437360309913381	0.5907274180655475	0.6508126831867839	-0.06008526512123635	Control	ENSG00000143442	0.3863575806021849	0.08672589832910482	FALSE	4	POGZ	POGZ
ENSG00000152495	104	74	30	0.4882115762747831	0.731814548361311	0.6718625099920064	0.05995203836930463	AD	ENSG00000152495	0.38609112709832133	-0.03039029107855029	FALSE	4	CAMK4	CAMK4
ENSG00000186951	119	187	-68	-1.114084309902057	0.7500666133759659	0.8100186517452704	-0.05995203836930452	Control	ENSG00000186951	0.38582467359445777	0.11257822779742632	FALSE	4	PPARA	PPARA
ENSG00000150760	79	60	19	0.30836203803044393	0.6967759126032508	0.636957100985878	0.05981881161737279	AD	ENSG00000150760	0.3855582200905942	0.1366983012565477	FALSE	4	DOCK1	DOCK1
ENSG00000051382	104	163	-59	-0.9669346877021432	0.731814548361311	0.7916333599786837	-0.05981881161737268	Control	ENSG00000051382	0.3852917665867306	-0.02270966007595021	FALSE	4	PIK3CB	PIK3CB
ENSG00000247137	25	41	-16	-0.26388649274699894	0.5154543032240874	0.5751398880895284	-0.05968558486544106	Control	ENSG00000247137	0.385025313082867	0.06436142989867477	FALSE	4	ANKRD42-DT	ANKRD42-DT
ENSG00000013016	477	313	164	2.679105951251279	0.938449240607514	0.878763655742073	0.05968558486544095	AD	ENSG00000013016	0.38475885957900346	-0.143659034041006	FALSE	4	EHD3	EHD3
ENSG00000177614	34	29	5	0.07946262571946677	0.5731414868105515	0.5135891286970423	0.05955235811350923	AD	ENSG00000177614	0.3844924060751399	-0.02447510882012515	FALSE	4	PGBD5	PGBD5
ENSG00000196972	25	21	4	0.06311266769725413	0.5154543032240874	0.4559019451105782	0.05955235811350917	AD	ENSG00000196972	0.3840927258193445	-0.3048549525084354	FALSE	4	SMIM10L2B	SMIM10L2B
ENSG00000179532	28	24	4	0.06311266769725413	0.5390354383160139	0.4794830802025047	0.05955235811350917	AD	ENSG00000179532	0.3840927258193445	0.13421367665669237	FALSE	4	DNHD1	DNHD1
ENSG00000100804	158	236	-78	-1.2775838901241836	0.784572342126299	0.8439914734878764	-0.05941913136157739	Control	ENSG00000100804	0.38369304556354916	-0.06442186313083909	FALSE	4	PSMB5	PSMB5
ENSG00000105695	26	22	4	0.06311266769725413	0.5242472688515853	0.464828137490008	0.05941913136157734	AD	ENSG00000105695	0.3834265920596856	-0.05296246759738743	FALSE	4	MAG	MAG
ENSG00000138071	369	224	145	2.3684567488292383	0.8935518252065014	0.8342659205968559	0.05928590460964556	AD	ENSG00000138071	0.383160138555822	-0.13596287340502933	FALSE	4	ACTR2	ACTR2
ENSG00000172292	266	385	-119	-1.9479321690349023	0.8490540900612843	0.908206767918998	-0.05915267785771383	Control	ENSG00000172292	0.38276045830002664	0.02037629715007405	FALSE	4	CERS6	CERS6
ENSG00000155858	62	102	-40	-0.6562854852801027	0.6637356781241673	0.7228883559818812	-0.05915267785771383	Control	ENSG00000155858	0.38276045830002664	-0.1545774062788432	FALSE	4	LSM11	LSM11
ENSG00000035681	7	12	-5	-0.08403695450265977	0.29349853450572877	0.35251798561151076	-0.05901945110578199	Control	ENSG00000035681	0.3820943245403677	0.06548177994029203	FALSE	4	NSMAF	NSMAF
ENSG00000279425	7	12	-5	-0.08403695450265977	0.29349853450572877	0.35251798561151076	-0.05901945110578199	Control	ENSG00000279425	0.3820943245403677	0.16305155778512417	FALSE	4	NA	ENSG00000279425
ENSG00000138768	7	12	-5	-0.08403695450265977	0.29349853450572877	0.35251798561151076	-0.05901945110578199	Control	ENSG00000138768	0.3820943245403677	-0.09655105771688356	FALSE	4	USO1	USO1
ENSG00000097021	312	437	-125	-2.0460319171681784	0.869970690114575	0.9288569144684252	-0.05888622435385027	Control	ENSG00000097021	0.381294964028777	-0.14691676884716287	FALSE	4	ACOT7	ACOT7
ENSG00000076928	40	67	-27	-0.4437360309913381	0.5987210231814548	0.6576072475353051	-0.05888622435385027	Control	ENSG00000076928	0.381294964028777	0.04469797094947836	FALSE	4	ARHGEF1	ARHGEF1
ENSG00000105819	99	155	-56	-0.9178848136355052	0.7228883559818812	0.7817745803357314	-0.05888622435385027	Control	ENSG00000105819	0.381294964028777	-0.0265797385056441	FALSE	4	PMPCB	PMPCB
ENSG00000131966	541	353	188	3.0715049437843827	0.9565680788702372	0.8978150812683187	0.05875299760191843	AD	ENSG00000131966	0.3807620570210498	-0.1898390012195854	FALSE	4	ACTR10	ACTR10
ENSG00000140740	418	254	164	2.679105951251279	0.9138022915001331	0.8554489741540101	0.05835331734612314	AD	ENSG00000140740	0.3798294697575273	-0.16606996721567313	FALSE	4	UQCRC2	UQCRC2
ENSG00000120798	59	96	-37	-0.6072356112134647	0.6560085265121236	0.7143618438582467	-0.05835331734612314	Control	ENSG00000120798	0.3798294697575273	0.05378166974304932	FALSE	4	NR2C1	NR2C1
ENSG00000112305	133	90	43	0.7007610305635477	0.7612576605382361	0.7029043431921129	0.05835331734612314	AD	ENSG00000112305	0.3798294697575273	-0.11731573265573658	FALSE	4	SMAP1	SMAP1
ENSG00000105887	14	12	2	0.03041275165282881	0.4108713029576339	0.35251798561151076	0.05835331734612314	AD	ENSG00000105887	0.3798294697575273	-0.02148783898686623	FALSE	4	MTPN	MTPN
ENSG00000272163	22	19	3	0.04676270967504147	0.49213962163602454	0.4337863042899014	0.05835331734612314	AD	ENSG00000272163	0.3798294697575273	-0.06460318377782848	FALSE	4	NA	ENSG00000272163
ENSG00000204623	20	33	-13	-0.214836618680361	0.478017585931255	0.5363709032773781	-0.05835331734612314	Control	ENSG00000204623	0.3798294697575273	0.05605198117747712	FALSE	4	POLR1HASP	POLR1HASP
ENSG00000132423	60	48	12	0.19391233187495535	0.6578737010391686	0.5995203836930456	0.05835331734612303	AD	ENSG00000132423	0.37889688249400477	-0.02839399799628594	FALSE	4	COQ3	COQ3
ENSG00000175087	84	130	-46	-0.7543852334133786	0.7029043431921129	0.7609912070343725	-0.05808686384225958	Control	ENSG00000175087	0.37849720223820943	-0.04347804363487739	FALSE	4	PDIK1L	PDIK1L
ENSG00000078328	46	77	-31	-0.5091358630801888	0.6209698907540634	0.679056754596323	-0.05808686384225958	Control	ENSG00000078328	0.37849720223820943	-0.14985566439901277	FALSE	4	RBFOX1	RBFOX1
ENSG00000036257	48	80	-32	-0.5254858211024014	0.6268318678390621	0.6849187316813216	-0.05808686384225947	Control	ENSG00000036257	0.3780975219824141	-0.0021498937110298	FALSE	4	CUL3	CUL3
ENSG00000163444	200	299	-99	-1.6209330085906493	0.8148148148148148	0.8727684519051425	-0.05795363709032775	Control	ENSG00000163444	0.37783106847855047	-0.04489021030692264	FALSE	4	TMEM183A	TMEM183A
ENSG00000114383	367	510	-143	-2.340331161568006	0.8928856914468425	0.9507061017852384	-0.05782041033839602	Control	ENSG00000114383	0.3775646149746869	-0.08162665798996649	FALSE	4	TUSC2	TUSC2
ENSG00000113552	115	81	34	0.5536114083636338	0.7450039968025579	0.6873168132160938	0.05768718358646407	AD	ENSG00000113552	0.37729816147082335	-0.02997649954768988	FALSE	4	GNPDA1	GNPDA1
ENSG00000110675	193	289	-96	-1.5718831345240114	0.8110844657607248	0.8686384225952571	-0.05755395683453235	Control	ENSG00000110675	0.376898481215028	-0.14743252819220842	FALSE	4	ELMOD1	ELMOD1
ENSG00000198089	32	28	4	0.06311266769725413	0.5639488409272582	0.5063948840927258	0.05755395683453235	AD	ENSG00000198089	0.376898481215028	0.0955724978389405	FALSE	4	SFI1	SFI1
ENSG00000197724	16	14	2	0.03041275165282881	0.4373834265920597	0.3799626965094591	0.05742073008260062	AD	ENSG00000197724	0.3763655742073008	0.10785891040131546	FALSE	4	PHF2	PHF2
ENSG00000047644	99	153	-54	-0.8851848975910798	0.7228883559818812	0.7803090860644818	-0.05742073008260062	Control	ENSG00000047644	0.3763655742073008	0.10853155634958256	FALSE	4	WWC3	WWC3
ENSG00000132842	18	16	2	0.03041275165282881	0.45976552091660006	0.4023447908339995	0.05742073008260057	AD	ENSG00000132842	0.37569944044764186	0.02639701715314402	FALSE	4	AP3B1	AP3B1
ENSG00000183864	18	16	2	0.03041275165282881	0.45976552091660006	0.4023447908339995	0.05742073008260057	AD	ENSG00000183864	0.37569944044764186	0.125494885960018	FALSE	4	TOB2	TOB2
ENSG00000104853	18	16	2	0.03041275165282881	0.45976552091660006	0.4023447908339995	0.05742073008260057	AD	ENSG00000104853	0.37569944044764186	-0.114674912647855	FALSE	4	CLPTM1	CLPTM1
ENSG00000054793	461	708	-247	-4.040726795878122	0.933386624034106	0.9906741273647748	-0.0572875033306689	Control	ENSG00000054793	0.37516653343991474	-0.08478997342215777	FALSE	4	ATP9A	ATP9A
ENSG00000013293	116	180	-64	-1.0486844778132065	0.7463362643218758	0.8036237676525446	-0.05728750333066879	Control	ENSG00000013293	0.3745003996802558	-0.03589078997207551	FALSE	4	SLC7A14	SLC7A14
ENSG00000140990	182	275	-93	-1.522833260457373	0.8042899014122036	0.8615774047428724	-0.05728750333066879	Control	ENSG00000140990	0.3745003996802558	-0.0862792485828372	FALSE	4	NDUFB10	NDUFB10
ENSG00000091164	116	180	-64	-1.0486844778132065	0.7463362643218758	0.8036237676525446	-0.05728750333066879	Control	ENSG00000091164	0.3745003996802558	-0.05912971253037646	FALSE	4	TXNL1	TXNL1
ENSG00000206535	70	114	-44	-0.7216853173689532	0.6793232081001865	0.7366107114308553	-0.05728750333066879	Control	ENSG00000206535	0.3745003996802558	-0.09612851660255296	FALSE	4	LNP1	LNP1
ENSG00000052841	102	74	28	0.45551166023035783	0.7290167865707434	0.6718625099920064	0.05715427657873706	AD	ENSG00000052841	0.3738342659205969	0.04717318758109989	FALSE	4	TTC17	TTC17
ENSG00000127184	55	45	10	0.16121241583053006	0.6456168398614441	0.5885957900346389	0.05702104982680522	AD	ENSG00000127184	0.37356781241673326	-0.09447513106863248	FALSE	4	COX7C	COX7C
ENSG00000282164	32	55	-23	-0.37833619890248754	0.5639488409272582	0.6208366640021317	-0.0568878230748735	Control	ENSG00000282164	0.3733013589128697	-0.17737906239880274	FALSE	4	PEG13	PEG13
ENSG00000166441	17	28	-11	-0.18213670263593568	0.4495070610178524	0.5063948840927258	-0.05688782307487344	Control	ENSG00000166441	0.37290167865707435	-0.04965445668847401	FALSE	4	RPL27A	RPL27A
ENSG00000067955	31	27	4	0.06311266769725413	0.5567545963229417	0.4998667732480682	0.05688782307487344	AD	ENSG00000067955	0.37290167865707435	0.08355186178462226	FALSE	4	CBFB	CBFB
ENSG00000237190	474	316	158	2.5810062031180028	0.937783106847855	0.8808952837729817	0.05688782307487339	AD	ENSG00000237190	0.37250199840127896	-0.12335864042139022	FALSE	4	CDKN2AIPNL	CDKN2AIPNL
ENSG00000143842	28	47	-19	-0.3129363668136369	0.5390354383160139	0.5957900346389555	-0.05675459632294166	Control	ENSG00000143842	0.3721023181454836	0.20075239709375128	FALSE	4	SOX13	SOX13
ENSG00000186635	28	47	-19	-0.3129363668136369	0.5390354383160139	0.5957900346389555	-0.05675459632294166	Control	ENSG00000186635	0.3721023181454836	0.18576605690628867	FALSE	4	ARAP1	ARAP1
ENSG00000060138	19	17	2	0.03041275165282881	0.469890754063416	0.4132693844924061	0.05662136957100988	AD	ENSG00000060138	0.37170263788968827	0.01554879723612501	FALSE	4	YBX3	YBX3
ENSG00000077549	341	211	130	2.123207378496049	0.8816946442845723	0.8250732747135625	0.05662136957100983	AD	ENSG00000077549	0.37130295763389287	-0.15162841260811533	FALSE	4	CAPZB	CAPZB
ENSG00000169255	95	144	-49	-0.8034351074800166	0.7176925126565414	0.7743138822275513	-0.05662136957100983	Control	ENSG00000169255	0.37130295763389287	-0.07188241032199727	FALSE	4	B3GALNT1	B3GALNT1
ENSG00000169018	89	136	-47	-0.7707351914355912	0.7112976285638156	0.7677857713828937	-0.0564881428190781	Control	ENSG00000169018	0.37063682387423397	-0.01656317302511212	FALSE	4	FEM1B	FEM1B
ENSG00000123545	227	324	-97	-1.588233092546224	0.8270716759925393	0.8835598188116174	-0.0564881428190781	Control	ENSG00000123545	0.37063682387423397	-0.06612854604069085	FALSE	4	NDUFAF4	NDUFAF4
ENSG00000143222	15	13	2	0.03041275165282881	0.4237942978950173	0.3673061550759392	0.0564881428190781	AD	ENSG00000143222	0.37063682387423397	-0.0377798789692001	FALSE	4	UFC1	UFC1
ENSG00000215218	69	55	14	0.22661224791938067	0.6773248068212097	0.6208366640021317	0.05648814281907799	AD	ENSG00000215218	0.369970690114575	-0.18087717783288149	FALSE	4	UBE2QL1	UBE2QL1
ENSG00000138801	65	53	12	0.19391233187495535	0.6697308819610978	0.6132427391420198	0.05648814281907799	AD	ENSG00000138801	0.369970690114575	-0.05604343921570987	FALSE	4	PAPSS1	PAPSS1
ENSG00000175550	276	173	103	1.6817585118963068	0.8553157474020784	0.798960831334932	0.05635491606714638	AD	ENSG00000175550	0.36957100985877966	-0.09838861907081586	FALSE	4	DRAP1	DRAP1
ENSG00000130956	114	175	-61	-0.9996346037465684	0.7438049560351718	0.8000266453503864	-0.05622168931521454	Control	ENSG00000130956	0.36930455635491605	-0.07987368383217053	FALSE	4	HABP4	HABP4
ENSG00000254999	330	205	125	2.041457588384985	0.8770317079669597	0.820943245403677	0.0560884625632827	AD	ENSG00000254999	0.3690381028510525	-0.09060778672612813	FALSE	4	BRK1	BRK1
ENSG00000174996	271	169	102	1.665408553874094	0.8518518518518519	0.7958966160405009	0.05595523581135098	AD	ENSG00000174996	0.3687716493471889	-0.12591502034091917	FALSE	4	KLC2	KLC2
ENSG00000069509	177	259	-82	-1.3429837222130343	0.8006927791100453	0.8566480149213962	-0.05595523581135087	Control	ENSG00000069509	0.36850519584332536	-0.13124651803272247	FALSE	4	FUNDC1	FUNDC1
ENSG00000099901	486	329	157	2.56465624509579	0.9417799094058088	0.8859579003463895	0.05582200905941914	AD	ENSG00000099901	0.36810551558752996	-0.226724512709394	FALSE	4	RANBP1	RANBP1
ENSG00000133083	100	73	27	0.4391617022081451	0.7254196642685852	0.669597655209166	0.05582200905941914	AD	ENSG00000133083	0.36810551558752996	-0.375669184826064	FALSE	4	DCLK1	DCLK1
ENSG00000154548	4	7	-3	-0.05133703845823445	0.21183053557154277	0.2675193178790301	-0.05568878230748733	Control	ENSG00000154548	0.36757260857980284	-0.1404447473051924	FALSE	4	SRSF12	SRSF12
ENSG00000145494	4	7	-3	-0.05133703845823445	0.21183053557154277	0.2675193178790301	-0.05568878230748733	Control	ENSG00000145494	0.36757260857980284	-0.10472307826794668	FALSE	4	NDUFS6	NDUFS6
ENSG00000079246	539	361	178	2.908005363562256	0.9563016253663736	0.9011457500666132	0.05515587529976018	AD	ENSG00000079246	0.36703970157207566	-0.09772634509787004	FALSE	4	XRCC5	XRCC5
ENSG00000141380	93	139	-46	-0.7543852334133786	0.7150279776179057	0.7701838529176659	-0.05515587529976018	Control	ENSG00000141380	0.36703970157207566	0.04675234296952269	FALSE	4	SS18	SS18
ENSG00000146833	9	15	-6	-0.10038691252487242	0.3361310951239009	0.3911537436717293	-0.0550226485478284	Control	ENSG00000146833	0.36650679456434854	0.07979294337177656	FALSE	4	TRIM4	TRIM4
ENSG00000126583	9	15	-6	-0.10038691252487242	0.3361310951239009	0.3911537436717293	-0.0550226485478284	Control	ENSG00000126583	0.36650679456434854	-0.01928670714236169	FALSE	4	PRKCG	PRKCG
ENSG00000088986	161	110	51	0.8315606947412488	0.7875033306687983	0.7326139088729017	0.05488942179589662	AD	ENSG00000088986	0.3658406608046896	-0.04946656693634743	FALSE	4	DYNLL1	DYNLL1
ENSG00000144118	62	99	-37	-0.6072356112134647	0.6637356781241673	0.718625099920064	-0.05488942179589662	Control	ENSG00000144118	0.3658406608046896	-0.11584922768111384	FALSE	4	RALB	RALB
ENSG00000137478	20	18	2	0.03041275165282881	0.478017585931255	0.4231281641353584	0.05488942179589662	AD	ENSG00000137478	0.3658406608046896	0.14288806654984043	FALSE	4	FCHSD2	FCHSD2
ENSG00000104093	223	140	83	1.3547593514520535	0.8258726352251532	0.7711164401811884	0.05475619504396478	AD	ENSG00000104093	0.3651745270450306	-0.20986885155606672	FALSE	4	DMXL2	DMXL2
ENSG00000197457	76	60	16	0.25931216396380596	0.6917132960298428	0.636957100985878	0.05475619504396478	AD	ENSG00000197457	0.3651745270450306	-0.1730683850886674	FALSE	4	STMN3	STMN3
ENSG00000159377	517	348	169	2.760855741362342	0.950972555289102	0.896349586997069	0.05462296829203306	AD	ENSG00000159377	0.36437516653343993	-0.15108140734761122	FALSE	4	PSMB4	PSMB4
ENSG00000255112	251	159	92	1.5019089736519675	0.8403943511857181	0.7857713828936851	0.05462296829203306	AD	ENSG00000255112	0.36437516653343993	-0.05771490799120471	FALSE	4	CHMP1B	CHMP1B
ENSG00000183624	42	68	-26	-0.4273860729691255	0.6060484945377032	0.6606714628297362	-0.05462296829203306	Control	ENSG00000183624	0.36437516653343993	-0.0181812973004547	FALSE	4	HMCES	HMCES
ENSG00000168610	26	42	-16	-0.26388649274699894	0.5242472688515853	0.5788702371436184	-0.05462296829203306	Control	ENSG00000168610	0.36437516653343993	0.00798336583664216	FALSE	4	STAT3	STAT3
ENSG00000161021	76	120	-44	-0.7216853173689532	0.6917132960298428	0.7460698108180123	-0.0543565147881695	Control	ENSG00000161021	0.36370903277378097	0.10219214808829236	FALSE	4	MAML1	MAML1
ENSG00000204843	208	301	-93	-1.522833260457373	0.8197442046362909	0.8738342659205969	-0.05409006128430593	Control	ENSG00000204843	0.3634425792699174	-0.10462941895177202	FALSE	4	DCTN1	DCTN1
ENSG00000164076	146	216	-70	-1.1467842259464824	0.7745803357314148	0.8285371702637889	-0.0539568345323741	Control	ENSG00000164076	0.36277644551025845	0.04748551128941258	FALSE	4	CAMKV	CAMKV
ENSG00000155096	96	70	26	0.42281174418593254	0.7191580069277911	0.665201172395417	0.0539568345323741	AD	ENSG00000155096	0.36277644551025845	-0.1086931361520218	FALSE	4	AZIN1	AZIN1
ENSG00000055130	142	210	-68	-1.114084309902057	0.7704503064215295	0.82440714095390355	-0.0539568345323741	Control	ENSG00000055130	0.36277644551025845	-0.04399649739734634	FALSE	4	CUL1	CUL1
ENSG00000100632	96	70	26	0.42281174418593254	0.7191580069277911	0.665201172395417	0.0539568345323741	AD	ENSG00000100632	0.36277644551025845	-0.16301034472095743	FALSE	4	ERH	ERH
ENSG00000158195	81	125	-44	-0.7216853173689532	0.699173994138023	0.7529976019184652	-0.05382360778044226	Control	ENSG00000158195	0.36211031175059955	0.06999638658891527	FALSE	4	WASF2	WASF2
ENSG00000164615	409	261	148	2.4175066228958766	0.9112709832134293	0.8575806021849187	0.05369038102851053	AD	ENSG00000164615	0.36171063149480415	-0.08735187151248525	FALSE	4	CAMLG	CAMLG
ENSG00000157764	349	221	128	2.090507462451623	0.8855582200905942	0.8318678390620836	0.05369038102851053	AD	ENSG00000157764	0.36171063149480415	-0.07159625500213451	FALSE	4	BRAF	BRAF
ENSG00000166913	588	406	182	2.9734051956511065	0.968558486544098	0.9150013322675192	0.0535571542765787	AD	ENSG00000166913	0.361177724487077	-0.13145327530382467	FALSE	4	YWHAB	YWHAB
ENSG00000101363	143	99	44	0.7171109885857603	0.7721822541966427	0.718625099920064	0.0535571542765787	AD	ENSG00000101363	0.361177724487077	-0.09888090435179642	FALSE	4	MANBAL	MANBAL
ENSG00000171603	343	461	-118	-1.9315822110126897	0.8828936850519584	0.9363176125766054	-0.05342392752464697	Control	ENSG00000171603	0.36064481747934984	-0.09116407909385238	FALSE	4	CLSTN1	CLSTN1
ENSG00000116903	81	63	18	0.2920120800082313	0.699173994138023	0.645750066613376	0.05342392752464697	AD	ENSG00000116903	0.36064481747934984	-0.02634588802667892	FALSE	4	EXOC8	EXOC8
ENSG00000068366	246	156	90	1.4692090576075425	0.8361310951239008	0.7828403943511857	0.05329070077271514	AD	ENSG00000068366	0.3602451372235545	-0.1495936080044622	FALSE	4	ACSL4	ACSL4
ENSG00000075790	421	277	144	2.3521067908070257	0.9156674660271784	0.8625099920063949	0.05315747402078341	AD	ENSG00000075790	0.35997868371969094	-0.08169747629934143	FALSE	4	BCAP29	BCAP29
ENSG00000095139	439	296	143	2.335756832784813	0.9244604316546764	0.8714361843858247	0.05302424726885157	AD	ENSG00000095139	0.35944577671196376	-0.08556689642309045	FALSE	4	ARCN1	ARCN1
ENSG00000033030	43	37	6	0.09581258374167942	0.609912070343725	0.5568878230748734	0.05302424726885157	AD	ENSG00000033030	0.35944577671196376	0.08731782782694353	FALSE	4	ZCCHC8	ZCCHC8
ENSG00000049618	34	30	4	0.06311266769725413	0.5731414868105515	0.5201172395417	0.05302424726885157	AD	ENSG00000049618	0.35944577671196376	0.08266598621949406	FALSE	4	ARID1B	ARID1B
ENSG00000169021	109	162	-53	-0.8688349395688671	0.737410071942446	0.7903010924593659	-0.05289102051691985	Control	ENSG00000169021	0.35891286970423664	-0.06672471351986431	FALSE	4	UQCRFS1	UQCRFS1
ENSG00000119471	20	32	-12	-0.19848666065814832	0.478017585931255	0.530775379696243	-0.05275779376498801	Control	ENSG00000119471	0.358646416200373	-0.04120430982328038	FALSE	4	HSDL2	HSDL2
ENSG00000130724	141	97	44	0.7171109885857603	0.7689848121502798	0.7163602451372235	0.05262456701305629	AD	ENSG00000130724	0.35837996269650946	-0.12223611142914236	FALSE	4	CHMP2A	CHMP2A
ENSG00000066044	6	10	-4	-0.06768699648044711	0.2696509459099387	0.32187583266719955	-0.05222488675726083	Control	ENSG00000066044	0.3579802824407141	-9.191936868635509e-4	FALSE	4	ELAVL1	ELAVL1
ENSG00000050438	6	10	-4	-0.06768699648044711	0.2696509459099387	0.32187583266719955	-0.05222488675726083	Control	ENSG00000050438	0.3579802824407141	-0.24081833042086487	FALSE	4	SLC4A8	SLC4A8
ENSG00000103316	86	128	-42	-0.6889854013245279	0.7065014654942713	0.7585931254996003	-0.05209166000532905	Control	ENSG00000103316	0.3575806021849187	-0.20811882371700816	FALSE	4	CRYM	CRYM
ENSG00000147669	326	432	-106	-1.7353827147461378	0.8754329869437784	0.9273914201971756	-0.05195843325339722	Control	ENSG00000147669	0.3571809219291234	-0.16346450255137945	FALSE	4	POLR2K	POLR2K
ENSG00000110171	208	136	72	1.1749098132077145	0.8197442046362909	0.7677857713828937	0.05195843325339722	AD	ENSG00000110171	0.3571809219291234	-0.08208217110590077	FALSE	4	TRIM3	TRIM3
ENSG00000013561	312	419	-107	-1.7517326727683509	0.869970690114575	0.9217958966160406	-0.0518252065014656	Control	ENSG00000013561	0.35678124167332803	-0.04439858518587769	FALSE	4	RNF14	RNF14
ENSG00000100554	695	464	231	3.7745531387395266	0.9890754063415934	0.937250199840128	0.05182520650146549	AD	ENSG00000100554	0.35638156141753263	-0.15712839132025636	FALSE	4	ATP6V1D	ATP6V1D
ENSG00000124688	220	305	-85	-1.3920335962796722	0.8245403677058354	0.8763655742073009	-0.05182520650146549	Control	ENSG00000124688	0.35638156141753263	-0.14546912976599646	FALSE	4	MAD2L1BP	MAD2L1BP
ENSG00000183354	4	3	1	0.01406279363061616	0.21183053557154277	0.16027178257394084	0.05155875299760193	AD	ENSG00000183354	0.35464961364241937	0.24427502705687587	FALSE	4	BRD10	BRD10
ENSG00000008988	4	3	1	0.01406279363061616	0.21183053557154277	0.16027178257394084	0.05155875299760193	AD	ENSG00000008988	0.35464961364241937	0.02307176296743307	FALSE	4	RPS20	RPS20
ENSG00000233639	4	3	1	0.01406279363061616	0.21183053557154277	0.16027178257394084	0.05155875299760193	AD	ENSG00000233639	0.35464961364241937	0.1142344400966202	FALSE	4	PANTR1	PANTR1
ENSG00000274925	4	3	1	0.01406279363061616	0.21183053557154277	0.16027178257394084	0.05155875299760193	AD	ENSG00000274925	0.35464961364241937	0.09594479097679542	FALSE	4	ZKSCAN2-DT	ZKSCAN2-DT
ENSG00000007341	4	3	1	0.01406279363061616	0.21183053557154277	0.16027178257394084	0.05155875299760193	AD	ENSG00000007341	0.35464961364241937	0.0407965624336839	FALSE	4	ST7L	ST7L
ENSG00000176407	4	3	1	0.01406279363061616	0.21183053557154277	0.16027178257394084	0.05155875299760193	AD	ENSG00000176407	0.35464961364241937	-0.00762290910426699	FALSE	4	KCMF1	KCMF1
ENSG00000101489	4	3	1	0.01406279363061616	0.21183053557154277	0.16027178257394084	0.05155875299760193	AD	ENSG00000101489	0.35464961364241937	0.06416237455824714	FALSE	4	CELF4	CELF4
ENSG00000100522	4	3	1	0.01406279363061616	0.21183053557154277	0.16027178257394084	0.05155875299760193	AD	ENSG00000100522	0.35464961364241937	0.07644332258689346	FALSE	4	GNPNAT1	GNPNAT1
ENSG00000122565	4	3	1	0.01406279363061616	0.21183053557154277	0.16027178257394084	0.05155875299760193	AD	ENSG00000122565	0.35464961364241937	-0.02586820165739745	FALSE	4	CBX3	CBX3
ENSG00000148303	4	3	1	0.01406279363061616	0.21183053557154277	0.16027178257394084	0.05155875299760193	AD	ENSG00000148303	0.35464961364241937	-0.06244632634827951	FALSE	4	RPL7A	RPL7A
ENSG00000165175	4	3	1	0.01406279363061616	0.21183053557154277	0.16027178257394084	0.05155875299760193	AD	ENSG00000165175	0.35464961364241937	0.2168637570374727	FALSE	4	MID1IP1	MID1IP1
ENSG00000115685	498	776	-278	-4.547575494566714	0.9449773514521717	0.9964028776978416	-0.0514255262456702	Control	ENSG00000115685	0.35291766586730616	-0.08419307579095481	FALSE	4	PPP1R7	PPP1R7
ENSG00000040933	330	434	-104	-1.7026827987017126	0.8770317079669597	0.92845723421263	-0.0514255262456702	Control	ENSG00000040933	0.35291766586730616	-0.02564509125927827	FALSE	4	INPP4A	INPP4A
ENSG00000128463	477	332	145	2.3684567488292383	0.938449240607514	0.8870237143618439	0.05142552624567009	AD	ENSG00000128463	0.35251798561151076	-0.11346337455022316	FALSE	4	EMC4	EMC4
ENSG00000011021	34	56	-22	-0.36198624088027487	0.5731414868105515	0.6244337863042899	-0.05129229949373837	Control	ENSG00000011021	0.3522515321076472	0.01478151758128376	FALSE	4	CLCN6	CLCN6
ENSG00000142676	8	13	-5	-0.08403695450265977	0.3160138555822009	0.3673061550759392	-0.05129229949373831	Control	ENSG00000142676	0.3517186250999201	-0.02689050142660321	FALSE	4	RPL11	RPL11
ENSG00000123374	8	13	-5	-0.08403695450265977	0.3160138555822009	0.3673061550759392	-0.05129229949373831	Control	ENSG00000123374	0.3517186250999201	-0.00194119649212964	FALSE	4	CDK2	CDK2
ENSG00000011132	8	13	-5	-0.08403695450265977	0.3160138555822009	0.3673061550759392	-0.05129229949373831	Control	ENSG00000011132	0.3517186250999201	0.08644259191985082	FALSE	4	APBA3	APBA3
ENSG00000114541	35	31	4	0.06311266769725413	0.5768718358646416	0.5257127631228351	0.05115907274180653	AD	ENSG00000114541	0.3511857180921929	0.1524611070718489	FALSE	4	FRMD4B	FRMD4B
ENSG00000114166	108	160	-52	-0.8524849815466545	0.7363442579269918	0.7873701039168665	-0.05102584598987469	Control	ENSG00000114166	0.35091926458832934	0.16204047318496073	FALSE	4	KAT2B	KAT2B
ENSG00000111110	211	298	-87	-1.4247335123240974	0.8214761524114043	0.8723687716493472	-0.05089261923794297	Control	ENSG00000111110	0.350519584332534	-0.16265839563982354	FALSE	4	PPM1H	PPM1H
ENSG00000128881	54	46	8	0.12851249978610474	0.643218758326672	0.592326139088729	0.05089261923794297	AD	ENSG00000128881	0.350519584332534	-0.10975771329140473	FALSE	4	TTBK2	TTBK2
ENSG00000241973	81	64	17	0.27566212198601864	0.699173994138023	0.6484146016520117	0.05075939248601124	AD	ENSG00000241973	0.3501199040767386	-0.07180238889351642	FALSE	4	PI4KA	PI4KA
ENSG00000080823	22	34	-12	-0.19848666065814832	0.49213962163602454	0.5428990141220357	-0.05075939248601113	Control	ENSG00000080823	0.34972022382094325	0.0753357230904772	FALSE	4	MOK	MOK
ENSG00000172943	22	34	-12	-0.19848666065814832	0.49213962163602454	0.5428990141220357	-0.05075939248601113	Control	ENSG00000172943	0.34972022382094325	0.06721517342223038	FALSE	4	PHF8	PHF8
ENSG00000174469	62	96	-34	-0.5581857371468267	0.6637356781241673	0.7143618438582467	-0.05062616573407941	Control	ENSG00000174469	0.34798827604583	-0.3614895168208463	FALSE	4	CNTNAP2	CNTNAP2
ENSG00000158109	184	258	-74	-1.212184058035333	0.8054889421795897	0.8561151079136691	-0.05062616573407941	Control	ENSG00000158109	0.34798827604583	-0.05963509271725087	FALSE	4	TPRG1L	TPRG1L
ENSG00000105568	185	259	-74	-1.212184058035333	0.8060218491873168	0.8566480149213962	-0.05062616573407941	Control	ENSG00000105568	0.34798827604583	-0.08575325456585148	FALSE	4	PPP2R1A	PPP2R1A
ENSG00000169490	284	396	-112	-1.8334824628794135	0.8610444977351452	0.9116706634692248	-0.05062616573407941	Control	ENSG00000169490	0.34798827604583	-0.06626077533804597	FALSE	4	TM2D2	TM2D2
ENSG00000116001	3	5	-2	-0.0349870804360218	0.17306155075939247	0.22368771649347188	-0.05062616573407941	Control	ENSG00000116001	0.34798827604583	0.02410920783144377	FALSE	4	TIA1	TIA1
ENSG00000100441	39	63	-24	-0.39468615692470016	0.5951239008792966	0.645750066613376	-0.05062616573407941	Control	ENSG00000100441	0.34798827604583	0.12268206038151064	FALSE	4	KHNYN	KHNYN
ENSG00000136811	3	5	-2	-0.0349870804360218	0.17306155075939247	0.22368771649347188	-0.05062616573407941	Control	ENSG00000136811	0.34798827604583	-0.00693208257482069	FALSE	4	ODF2	ODF2
ENSG00000107249	3	5	-2	-0.0349870804360218	0.17306155075939247	0.22368771649347188	-0.05062616573407941	Control	ENSG00000107249	0.34798827604583	0.08918650127469085	FALSE	4	GLIS3	GLIS3
ENSG00000103326	3	5	-2	-0.0349870804360218	0.17306155075939247	0.22368771649347188	-0.05062616573407941	Control	ENSG00000103326	0.34798827604583	0.1626632265221808	FALSE	4	CAPN15	CAPN15
ENSG00000049759	3	5	-2	-0.0349870804360218	0.17306155075939247	0.22368771649347188	-0.05062616573407941	Control	ENSG00000049759	0.34798827604583	0.05348801643811818	FALSE	4	NEDD4L	NEDD4L
ENSG00000140853	3	5	-2	-0.0349870804360218	0.17306155075939247	0.22368771649347188	-0.05062616573407941	Control	ENSG00000140853	0.34798827604583	0.03891235921014058	FALSE	4	NLRC5	NLRC5
ENSG00000172915	25	22	3	0.04676270967504147	0.5154543032240874	0.464828137490008	0.05062616573407935	AD	ENSG00000172915	0.34638955502264857	-0.08499346925221651	FALSE	4	NBEA	NBEA
ENSG00000107077	47	75	-28	-0.4600859890135508	0.623767652544631	0.6742605915267785	-0.05049293898214757	Control	ENSG00000107077	0.34612310151878495	0.04030506182003535	FALSE	4	KDM4C	KDM4C
ENSG00000177301	31	28	3	0.04676270967504147	0.5567545963229417	0.5063948840927258	0.05035971223021585	AD	ENSG00000177301	0.34545696775912604	-0.12135265801400408	FALSE	4	KCNA2	KCNA2
ENSG00000136738	433	294	139	2.2703570006959626	0.9213962163602452	0.8710365041300293	0.05035971223021585	AD	ENSG00000136738	0.34545696775912604	-0.13782573500220785	FALSE	4	STAM	STAM
ENSG00000198356	440	615	-175	-2.8635298182788107	0.925259792166267	0.9756195043964828	-0.05035971223021585	Control	ENSG00000198356	0.34545696775912604	-0.08006509768659242	FALSE	4	GET3	GET3
ENSG00000112996	17	27	-10	-0.16578674461372303	0.4495070610178524	0.4998667732480682	-0.05035971223021585	Control	ENSG00000112996	0.34545696775912604	-0.04434069808574037	FALSE	4	MRPS30	MRPS30
ENSG00000181929	121	90	31	0.5045615342969958	0.753130828670397	0.7029043431921129	0.05022648547828412	AD	ENSG00000181929	0.3447908339994671	-0.14258732820111142	FALSE	4	PRKAG1	PRKAG1
ENSG00000167566	19	30	-11	-0.18213670263593568	0.469890754063416	0.5201172395417	-0.05022648547828401	Control	ENSG00000167566	0.3445243804956035	0.15221765178388402	FALSE	4	NCKAP5L	NCKAP5L
ENSG00000132153	30	48	-18	-0.2965864087914242	0.5494271249666933	0.5995203836930456	-0.05009325872635228	Control	ENSG00000132153	0.34425792699173996	0.00810453181937198	FALSE	4	DHX30	DHX30
ENSG00000149474	31	51	-20	-0.3292863248358496	0.5567545963229417	0.6067146282973621	-0.04996003197442045	Control	ENSG00000149474	0.34399147348787634	0.00767068624973354	FALSE	4	KAT14	KAT14
ENSG00000148291	41	36	5	0.07946262571946677	0.6021849187316813	0.5523581135091926	0.04982680522248872	AD	ENSG00000148291	0.343591793232081	-0.14533389166166533	FALSE	4	SURF2	SURF2
ENSG00000134049	10	16	-6	-0.10038691252487242	0.35251798561151076	0.4023447908339995	-0.04982680522248872	Control	ENSG00000134049	0.343591793232081	-0.08799445807608919	FALSE	4	IER3IP1	IER3IP1
ENSG00000100216	327	429	-102	-1.6699828826572871	0.8759658939515055	0.925792699173994	-0.04982680522248861	Control	ENSG00000100216	0.3430588862243539	-0.07386092019150325	FALSE	4	TOMM22	TOMM22
ENSG00000140632	222	303	-81	-1.3266337641908217	0.8250732747135625	0.8749000799360511	-0.04982680522248861	Control	ENSG00000140632	0.3430588862243539	-0.0907615434064084	FALSE	4	GLYR1	GLYR1
ENSG00000119401	347	454	-107	-1.7517326727683509	0.8843591793232081	0.934052757793765	-0.04969357847055689	Control	ENSG00000119401	0.3426592059685585	-0.0401302347834136	FALSE	4	TRIM32	TRIM32
ENSG00000136710	214	143	71	1.158559855185502	0.8230748734345856	0.7735145217159606	0.04956035171862505	AD	ENSG00000136710	0.34212629896083135	-0.1459917149620953	FALSE	4	VMA22	VMA22
ENSG00000155275	36	58	-22	-0.36198624088027487	0.5808686384225953	0.6304289901412203	-0.04956035171862505	Control	ENSG00000155275	0.34212629896083135	0.08089780803939206	FALSE	4	TRMT44	TRMT44
ENSG00000180370	28	45	-17	-0.2802364507692116	0.5390354383160139	0.5885957900346389	-0.04956035171862505	Control	ENSG00000180370	0.34212629896083135	0.04442933887351508	FALSE	4	PAK2	PAK2
ENSG00000116005	282	387	-105	-1.7190327567239252	0.8599786837196909	0.9094058086863842	-0.04942712496669332	Control	ENSG00000116005	0.3413269384492406	-0.07180369329378067	FALSE	4	PCYOX1	PCYOX1
ENSG00000169282	27	43	-16	-0.26388649274699894	0.5325073274713562	0.5819344524380495	-0.04942712496669332	Control	ENSG00000169282	0.3413269384492406	-0.03842359897192615	FALSE	4	KCNAB1	KCNAB1
ENSG00000131475	25	39	-14	-0.23118657670257364	0.5154543032240874	0.5648814281907807	-0.04942712496669332	Control	ENSG00000131475	0.3413269384492406	-0.15845026718948496	FALSE	4	VPS25	VPS25
ENSG00000133134	126	183	-57	-0.9342347716577176	0.756861177724487	0.8060218491873168	-0.04916067146282976	Control	ENSG00000133134	0.34079403144151343	-0.2775650747543015	FALSE	4	BEX2	BEX2
ENSG00000175455	37	33	4	0.06311266769725413	0.5855315747402078	0.5363709032773781	0.04916067146282965	AD	ENSG00000175455	0.3403943511857181	0.00552620379460577	FALSE	4	CCDC14	CCDC14
ENSG00000039319	24	37	-13	-0.214836618680361	0.5077271516120437	0.5568878230748734	-0.04916067146282965	Control	ENSG00000039319	0.3403943511857181	-0.00499619131957729	FALSE	4	ZFYVE16	ZFYVE16
ENSG00000145349	9	8	1	0.01406279363061616	0.3361310951239009	0.28710365041300295	0.04902744471089793	AD	ENSG00000145349	0.33986144417799097	-0.01662648015265055	FALSE	4	CAMK2D	CAMK2D
ENSG00000167641	9	8	1	0.01406279363061616	0.3361310951239009	0.28710365041300295	0.04902744471089793	AD	ENSG00000167641	0.33986144417799097	-0.04640607926121198	FALSE	4	PPP1R14A	PPP1R14A
ENSG00000033627	363	235	128	2.090507462451623	0.8920863309352518	0.8431921129762856	0.0488942179589662	AD	ENSG00000033627	0.339195310418332	-0.12067971659361908	FALSE	4	ATP6V0A1	ATP6V0A1
ENSG00000104164	142	203	-61	-0.9996346037465684	0.7704503064215295	0.8193445243804957	-0.0488942179589662	Control	ENSG00000104164	0.339195310418332	-0.0477048942318028	FALSE	4	BLOC1S6	BLOC1S6
ENSG00000123570	86	67	19	0.30836203803044393	0.7065014654942713	0.6576072475353051	0.0488942179589662	AD	ENSG00000123570	0.339195310418332	-0.04566013725113826	FALSE	4	RAB9B	RAB9B
ENSG00000108528	553	387	166	2.711805867295704	0.957900346389555	0.9094058086863842	0.0484945377031708	AD	ENSG00000108528	0.3382627231548095	-0.1664977351226522	FALSE	4	SLC25A11	SLC25A11
ENSG00000178502	646	444	202	3.30040435609536	0.9796163069544364	0.9311217692512656	0.0484945377031708	AD	ENSG00000178502	0.3382627231548095	-0.0798611435331189	FALSE	4	KLHL11	KLHL11
ENSG00000124226	8	7	1	0.01406279363061616	0.3160138555822009	0.2675193178790301	0.0484945377031708	AD	ENSG00000124226	0.3382627231548095	0.06683210906463266	FALSE	4	RNF114	RNF114
ENSG00000064393	8	7	1	0.01406279363061616	0.3160138555822009	0.2675193178790301	0.0484945377031708	AD	ENSG00000064393	0.3382627231548095	0.11816988113647042	FALSE	4	HIPK2	HIPK2
ENSG00000023516	123	179	-56	-0.9178848136355052	0.7541966426858513	0.8025579536370904	-0.04836131095123908	Control	ENSG00000023516	0.3375965893951505	-0.02131934806336843	FALSE	4	AKAP11	AKAP11
ENSG00000198932	415	552	-137	-2.24223141343473	0.9128697042366108	0.9612310151878496	-0.04836131095123897	Control	ENSG00000198932	0.3370636823874234	-0.19436053552017896	FALSE	4	GPRASP1	GPRASP1
ENSG00000263874	255	342	-87	-1.4247335123240974	0.8446576072475354	0.8930189181987743	-0.04836131095123897	Control	ENSG00000263874	0.3370636823874234	-0.07113049483323941	FALSE	4	LASP1NB	LASP1NB
ENSG00000178965	44	69	-25	-0.4110361149469128	0.614308553157474	0.662669864108713	-0.04836131095123897	Control	ENSG00000178965	0.3370636823874234	-0.03165095348973246	FALSE	4	ERICH3	ERICH3
ENSG00000184900	277	371	-94	-1.5391832184795862	0.8562483346656009	0.9043431921129764	-0.0480948574473754	Control	ENSG00000184900	0.3365307753796962	0.00460232625827217	FALSE	4	SUMO3	SUMO3
ENSG00000144834	366	471	-105	-1.7190327567239252	0.8926192379429789	0.9405808686384226	-0.04796163069544368	Control	ENSG00000144834	0.33626432187583266	-0.26294316428557707	FALSE	4	TAGLN3	TAGLN3
ENSG00000125901	124	179	-55	-0.9015348556132924	0.7547295496935784	0.8025579536370904	-0.04782840394351195	Control	ENSG00000125901	0.3359978683719691	-0.1386873486160436	FALSE	4	MRPS26	MRPS26
ENSG00000185627	45	40	5	0.07946262571946677	0.6179056754596323	0.5700772715161204	0.04782840394351184	AD	ENSG00000185627	0.33573141486810554	-0.0879134246211919	FALSE	4	PSMD13	PSMD13
ENSG00000067842	219	147	72	1.1749098132077145	0.8240074606981082	0.7763122835065281	0.04769517719158001	AD	ENSG00000067842	0.3354649613642419	-0.2954189570331316	FALSE	4	ATP2B3	ATP2B3
ENSG00000035141	106	155	-49	-0.8034351074800166	0.7343458566480149	0.7817745803357314	-0.04742872368771655	Control	ENSG00000035141	0.33519850786037836	-0.01035533728326854	FALSE	4	FAM136A	FAM136A
ENSG00000146223	578	411	167	2.728155825317917	0.966027178257394	0.9185984545696776	0.04742872368771644	AD	ENSG00000146223	0.33466560085265123	-0.08046791927624675	FALSE	4	RPL7L1	RPL7L1
ENSG00000223745	10	9	1	0.01406279363061616	0.35251798561151076	0.3050892619237943	0.04742872368771644	AD	ENSG00000223745	0.33466560085265123	0.01314693374783626	FALSE	4	CCDC18-AS1	CCDC18-AS1
ENSG00000102054	10	9	1	0.01406279363061616	0.35251798561151076	0.3050892619237943	0.04742872368771644	AD	ENSG00000102054	0.33466560085265123	-0.00838850889739539	FALSE	4	RBBP7	RBBP7
ENSG00000167468	304	407	-103	-1.6863328406795	0.8685051958433253	0.91580069277911	-0.04729549693578472	Control	ENSG00000167468	0.3339994670929923	-0.07015681011682062	FALSE	4	GPX4	GPX4
ENSG00000141425	31	50	-19	-0.3129363668136369	0.5567545963229417	0.6040500932587264	-0.04729549693578472	Control	ENSG00000141425	0.3339994670929923	0.02333791426206133	FALSE	4	RPRD1A	RPRD1A
ENSG00000180488	464	332	132	2.155907294540474	0.9343192112976284	0.8870237143618439	0.04729549693578461	AD	ENSG00000180488	0.33359978683719693	-0.2121723383015155	FALSE	4	MIGA1	MIGA1
ENSG00000133627	236	311	-75	-1.2285340160575455	0.8312017053024248	0.8783639754862776	-0.04716227018385288	Control	ENSG00000133627	0.3333333333333333	-0.10074717293217006	FALSE	4	ACTR3B	ACTR3B
ENSG00000136463	39	62	-23	-0.37833619890248754	0.5951239008792966	0.6421529443112177	-0.04702904343192116	Control	ENSG00000136463	0.33306687982946975	-0.01846758959499084	FALSE	4	TACO1	TACO1
ENSG00000139174	209	285	-76	-1.2448839740797584	0.8202771116440181	0.8671729283240075	-0.04689581667998943	Control	ENSG00000139174	0.3328004263256062	-0.08726745462975494	FALSE	4	PRICKLE1	PRICKLE1
ENSG00000104722	5	4	1	0.01406279363061616	0.24260591526778577	0.1957100985877964	0.04689581667998935	AD	ENSG00000104722	0.3306687982946976	-0.25954081429248	FALSE	4	NEFM	NEFM
ENSG00000171163	7	6	1	0.01406279363061616	0.29349853450572877	0.24660271782573945	0.04689581667998935	AD	ENSG00000171163	0.3306687982946976	0.10544058824532598	FALSE	4	ZNF692	ZNF692
ENSG00000235750	5	4	1	0.01406279363061616	0.24260591526778577	0.1957100985877964	0.04689581667998935	AD	ENSG00000235750	0.3306687982946976	-0.06749813398994142	FALSE	4	KIAA0040	KIAA0040
ENSG00000124374	5	4	1	0.01406279363061616	0.24260591526778577	0.1957100985877964	0.04689581667998935	AD	ENSG00000124374	0.3306687982946976	0.04745378808769551	FALSE	4	PAIP2B	PAIP2B
ENSG00000173193	7	6	1	0.01406279363061616	0.29349853450572877	0.24660271782573945	0.04689581667998935	AD	ENSG00000173193	0.3306687982946976	0.00318389991928391	FALSE	4	PARP14	PARP14
ENSG00000169756	7	6	1	0.01406279363061616	0.29349853450572877	0.24660271782573945	0.04689581667998935	AD	ENSG00000169756	0.3306687982946976	-0.02223654199301705	FALSE	4	LIMS1	LIMS1
ENSG00000099308	5	4	1	0.01406279363061616	0.24260591526778577	0.1957100985877964	0.04689581667998935	AD	ENSG00000099308	0.3306687982946976	-0.03108417182839318	FALSE	4	MAST3	MAST3
ENSG00000241399	5	4	1	0.01406279363061616	0.24260591526778577	0.1957100985877964	0.04689581667998935	AD	ENSG00000241399	0.3306687982946976	0.09635432241075126	FALSE	4	CD302	CD302
ENSG00000183155	5	4	1	0.01406279363061616	0.24260591526778577	0.1957100985877964	0.04689581667998935	AD	ENSG00000183155	0.3306687982946976	0.08033372534668004	FALSE	4	RABIF	RABIF
ENSG00000119812	5	4	1	0.01406279363061616	0.24260591526778577	0.1957100985877964	0.04689581667998935	AD	ENSG00000119812	0.3306687982946976	-0.09400679474880748	FALSE	4	FAM98A	FAM98A
ENSG00000176884	5	4	1	0.01406279363061616	0.24260591526778577	0.1957100985877964	0.04689581667998935	AD	ENSG00000176884	0.3306687982946976	-0.10469834882068164	FALSE	4	GRIN1	GRIN1
ENSG00000074842	5	4	1	0.01406279363061616	0.24260591526778577	0.1957100985877964	0.04689581667998935	AD	ENSG00000074842	0.3306687982946976	-0.12678228939519798	FALSE	4	MYDGF	MYDGF
ENSG00000198886	7	6	1	0.01406279363061616	0.29349853450572877	0.24660271782573945	0.04689581667998935	AD	ENSG00000198886	0.3306687982946976	0.19796096511612404	FALSE	4	MT-ND4	MT-ND4
ENSG00000064787	7	6	1	0.01406279363061616	0.29349853450572877	0.24660271782573945	0.04689581667998935	AD	ENSG00000064787	0.3306687982946976	0.15033364740860655	FALSE	4	BCAS1	BCAS1
ENSG00000125851	5	4	1	0.01406279363061616	0.24260591526778577	0.1957100985877964	0.04689581667998935	AD	ENSG00000125851	0.3306687982946976	-0.04455652103495033	FALSE	4	PCSK2	PCSK2
ENSG00000102078	328	421	-93	-1.522833260457373	0.8763655742073009	0.9232613908872902	-0.04689581667998932	Control	ENSG00000102078	0.328537170263789	-0.12999652118130456	FALSE	4	SLC25A14	SLC25A14
ENSG00000133318	493	348	145	2.3684567488292383	0.9431121769251266	0.896349586997069	0.04676258992805759	AD	ENSG00000133318	0.3281374900079936	-0.23663328855779575	FALSE	4	RTN3	RTN3
ENSG00000189043	67	101	-34	-0.5581857371468267	0.6746602717825739	0.7214228617106315	-0.04676258992805759	Control	ENSG00000189043	0.3281374900079936	-0.16055897498216254	FALSE	4	NDUFA4	NDUFA4
ENSG00000120727	419	552	-133	-2.1768315813458794	0.914601652011724	0.9612310151878496	-0.04662936317612576	Control	ENSG00000120727	0.32760458300026646	-0.1367809454679474	FALSE	4	PAIP2	PAIP2
ENSG00000135900	18	28	-10	-0.16578674461372303	0.45976552091660006	0.5063948840927258	-0.04662936317612576	Control	ENSG00000135900	0.32760458300026646	-0.02920660892175597	FALSE	4	MRPL44	MRPL44
ENSG00000159082	470	336	134	2.188607210584899	0.9360511590727418	0.8895550226485478	0.04649613642419403	AD	ENSG00000159082	0.3272049027444711	-0.17628252298884206	FALSE	4	SYNJ1	SYNJ1
ENSG00000181826	18	17	1	0.01406279363061616	0.45976552091660006	0.4132693844924061	0.04649613642419398	AD	ENSG00000181826	0.3269384492406075	0.01067064298431219	FALSE	4	RELL1	RELL1
ENSG00000168824	202	277	-75	-1.2285340160575455	0.8161470823341327	0.8625099920063949	-0.0463629096722622	Control	ENSG00000168824	0.3264055422328804	-0.20480229943685657	FALSE	4	NSG1	NSG1
ENSG00000166313	369	469	-100	-1.637282966612862	0.8935518252065014	0.9399147348787636	-0.0463629096722622	Control	ENSG00000166313	0.3264055422328804	-0.0948744783878297	FALSE	4	APBB1	APBB1
ENSG00000183255	27	42	-15	-0.2475365347247863	0.5325073274713562	0.5788702371436184	-0.0463629096722622	Control	ENSG00000183255	0.3264055422328804	0.05113167679511044	FALSE	4	PTTG1IP	PTTG1IP
ENSG00000023734	87	126	-39	-0.6399355272578899	0.7087663202771116	0.7549960031974421	-0.04622968292033047	Control	ENSG00000023734	0.3258726352251532	-0.05315615665014839	FALSE	4	STRAP	STRAP
ENSG00000074590	486	347	139	2.2703570006959626	0.9417799094058088	0.89568345323741	0.04609645616839863	AD	ENSG00000074590	0.32547295496935785	-0.1545154351334581	FALSE	4	NUAK1	NUAK1
ENSG00000114784	572	409	163	2.6627559932290663	0.9630961897148947	0.916999733546496	0.04609645616839863	AD	ENSG00000114784	0.32547295496935785	-0.13373438835172458	FALSE	4	EIF1B	EIF1B
ENSG00000158220	6	5	1	0.01406279363061616	0.2696509459099387	0.22368771649347188	0.04596322941646683	AD	ENSG00000158220	0.32427391420197177	0.1450373615591669	FALSE	4	ESYT3	ESYT3
ENSG00000163884	6	5	1	0.01406279363061616	0.2696509459099387	0.22368771649347188	0.04596322941646683	AD	ENSG00000163884	0.32427391420197177	0.14119239449707344	FALSE	4	KLF15	KLF15
ENSG00000128791	6	5	1	0.01406279363061616	0.2696509459099387	0.22368771649347188	0.04596322941646683	AD	ENSG00000128791	0.32427391420197177	0.10209220109590687	FALSE	4	TWSG1	TWSG1
ENSG00000126790	6	5	1	0.01406279363061616	0.2696509459099387	0.22368771649347188	0.04596322941646683	AD	ENSG00000126790	0.32427391420197177	0.08187342782947837	FALSE	4	L3HYPDH	L3HYPDH
ENSG00000128266	6	5	1	0.01406279363061616	0.2696509459099387	0.22368771649347188	0.04596322941646683	AD	ENSG00000128266	0.32427391420197177	0.00682202424801126	FALSE	4	GNAZ	GNAZ
ENSG00000142541	6	5	1	0.01406279363061616	0.2696509459099387	0.22368771649347188	0.04596322941646683	AD	ENSG00000142541	0.32427391420197177	-0.02425300995104429	FALSE	4	RPL13A	RPL13A
ENSG00000166734	6	5	1	0.01406279363061616	0.2696509459099387	0.22368771649347188	0.04596322941646683	AD	ENSG00000166734	0.32427391420197177	0.13177316695016472	FALSE	4	GOLM2	GOLM2
ENSG00000132872	154	212	-58	-0.9505847296799304	0.7800426325606181	0.8258726352251532	-0.04583000266453507	Control	ENSG00000132872	0.3230748734345857	-0.01662392354211839	FALSE	4	SYT4	SYT4
ENSG00000115234	376	248	128	2.090507462451623	0.897015720756728	0.8511857180921929	0.04583000266453507	AD	ENSG00000115234	0.3230748734345857	-0.07720198470700801	FALSE	4	SNX17	SNX17
ENSG00000008869	299	400	-101	-1.6536329246350747	0.8669064748201439	0.9127364774846788	-0.04583000266453496	Control	ENSG00000008869	0.3226751931787903	-0.07804170225376339	FALSE	4	HEATR5B	HEATR5B
ENSG00000198879	11	10	1	0.01406279363061616	0.3675726085798029	0.32187583266719955	0.04569677591260329	AD	ENSG00000198879	0.3224087396749267	0.09110932143070548	FALSE	4	SFMBT2	SFMBT2
ENSG00000110427	63	55	8	0.12851249978610474	0.6665334399147349	0.6208366640021317	0.04569677591260324	AD	ENSG00000110427	0.3214761524114042	-0.14041254490650168	FALSE	4	KIAA1549L	KIAA1549L
ENSG00000185008	12	11	1	0.01406279363061616	0.3824940047961631	0.33679722888355984	0.04569677591260324	AD	ENSG00000185008	0.3214761524114042	-0.10998964946307056	FALSE	4	ROBO2	ROBO2
ENSG00000186166	28	26	2	0.03041275165282881	0.5390354383160139	0.4933386624034106	0.04569677591260324	AD	ENSG00000186166	0.3214761524114042	0.03546915387458149	FALSE	4	CENATAC	CENATAC
ENSG00000143486	11	17	-6	-0.10038691252487242	0.3675726085798029	0.4132693844924061	-0.04569677591260324	Control	ENSG00000143486	0.3214761524114042	0.06197449570155378	FALSE	4	EIF2D	EIF2D
ENSG00000182674	12	11	1	0.01406279363061616	0.3824940047961631	0.33679722888355984	0.04569677591260324	AD	ENSG00000182674	0.3214761524114042	-0.37941175744985944	FALSE	4	KCNB2	KCNB2
ENSG00000247708	11	17	-6	-0.10038691252487242	0.3675726085798029	0.4132693844924061	-0.04569677591260324	Control	ENSG00000247708	0.3214761524114042	0.07529596262090976	FALSE	4	STX18-AS1	STX18-AS1
ENSG00000148798	31	49	-18	-0.2965864087914242	0.5567545963229417	0.6023181454836131	-0.0455635491606714	Control	ENSG00000148798	0.3205435651478817	-0.2567449978578402	FALSE	4	INA	INA
ENSG00000096092	471	339	132	2.155907294540474	0.9364508393285372	0.8911537436717293	0.04529709565680784	AD	ENSG00000096092	0.32014388489208634	-0.16939039718136328	FALSE	4	TMEM14A	TMEM14A
ENSG00000165264	119	168	-49	-0.8034351074800166	0.7500666133759659	0.7953637090327738	-0.04529709565680784	Control	ENSG00000165264	0.32014388489208634	-0.09557902899361535	FALSE	4	NDUFB6	NDUFB6
ENSG00000100823	110	84	26	0.42281174418593254	0.7382094324540368	0.6931787903010924	0.04503064215294439	AD	ENSG00000100823	0.31974420463629094	-0.10912586778856516	FALSE	4	APEX1	APEX1
ENSG00000131473	395	269	126	2.0578075464071977	0.9048760991207034	0.8598454569677592	0.04503064215294428	AD	ENSG00000131473	0.3192112976285638	-0.15215944675192183	FALSE	4	ACLY	ACLY
ENSG00000164794	14	21	-7	-0.11673687054708508	0.4108713029576339	0.4559019451105782	-0.04503064215294428	Control	ENSG00000164794	0.3192112976285638	-0.3098590846392941	FALSE	4	KCNV1	KCNV1
ENSG00000140157	14	21	-7	-0.11673687054708508	0.4108713029576339	0.4559019451105782	-0.04503064215294428	Control	ENSG00000140157	0.3192112976285638	-0.05791729563958547	FALSE	4	NIPA2	NIPA2
ENSG00000103512	272	353	-81	-1.3266337641908217	0.8529176658673061	0.8978150812683187	-0.04489741540101255	Control	ENSG00000103512	0.31854516386890486	-0.05704040450330261	FALSE	4	NOMO1	NOMO1
ENSG00000083828	70	103	-33	-0.5418357791246141	0.6793232081001865	0.7242206235011991	-0.04489741540101255	Control	ENSG00000083828	0.31854516386890486	0.07096682123458642	FALSE	4	ZNF586	ZNF586
ENSG00000108509	42	38	4	0.06311266769725413	0.6060484945377032	0.5612843058886224	0.04476418864908071	AD	ENSG00000108509	0.3181454836131095	-0.07226328805285753	FALSE	4	CAMTA2	CAMTA2
ENSG00000139350	26	24	2	0.03041275165282881	0.5242472688515853	0.4794830802025047	0.04476418864908066	AD	ENSG00000139350	0.31774580335731417	0.07455051475940966	FALSE	4	NEDD1	NEDD1
ENSG00000178074	26	24	2	0.03041275165282881	0.5242472688515853	0.4794830802025047	0.04476418864908066	AD	ENSG00000178074	0.31774580335731417	-0.01489763603083815	FALSE	4	C2orf69	C2orf69
ENSG00000170606	13	12	1	0.01406279363061616	0.397015720756728	0.35251798561151076	0.04449773514521721	AD	ENSG00000170606	0.31694644284572343	-0.01815904928834122	FALSE	4	HSPA4	HSPA4
ENSG00000239306	13	12	1	0.01406279363061616	0.397015720756728	0.35251798561151076	0.04449773514521721	AD	ENSG00000239306	0.31694644284572343	0.07674760794446911	FALSE	4	RBM14	RBM14
ENSG00000178035	13	12	1	0.01406279363061616	0.397015720756728	0.35251798561151076	0.04449773514521721	AD	ENSG00000178035	0.31694644284572343	-0.2061613783555849	FALSE	4	IMPDH2	IMPDH2
ENSG00000143337	13	12	1	0.01406279363061616	0.397015720756728	0.35251798561151076	0.04449773514521721	AD	ENSG00000143337	0.31694644284572343	0.09089505770750073	FALSE	4	TOR1AIP1	TOR1AIP1
ENSG00000143149	5	8	-3	-0.05133703845823445	0.24260591526778577	0.28710365041300295	-0.04449773514521718	Control	ENSG00000143149	0.31574740207833735	-0.0722107772697047	FALSE	4	ALDH9A1	ALDH9A1
ENSG00000169919	5	8	-3	-0.05133703845823445	0.24260591526778577	0.28710365041300295	-0.04449773514521718	Control	ENSG00000169919	0.31574740207833735	0.04038728074173026	FALSE	4	GUSB	GUSB
ENSG00000245213	5	8	-3	-0.05133703845823445	0.24260591526778577	0.28710365041300295	-0.04449773514521718	Control	ENSG00000245213	0.31574740207833735	0.18204633248030255	FALSE	4	GALNT7-DT	GALNT7-DT
ENSG00000236778	5	8	-3	-0.05133703845823445	0.24260591526778577	0.28710365041300295	-0.04449773514521718	Control	ENSG00000236778	0.31574740207833735	0.1171564365789255	FALSE	4	INTS6-AS1	INTS6-AS1
ENSG00000102125	5	8	-3	-0.05133703845823445	0.24260591526778577	0.28710365041300295	-0.04449773514521718	Control	ENSG00000102125	0.31574740207833735	0.08092464704167668	FALSE	4	TAFAZZIN	TAFAZZIN
ENSG00000101079	669	467	202	3.30040435609536	0.9837463362643218	0.9392486011191048	0.04449773514521715	AD	ENSG00000101079	0.3148148148148148	-0.14229651130072973	FALSE	4	NDRG3	NDRG3
ENSG00000093000	371	246	125	2.041457588384985	0.8947508659738875	0.8502531308286704	0.04449773514521715	AD	ENSG00000093000	0.3148148148148148	-0.07565240835043774	FALSE	4	NUP50	NUP50
ENSG00000078403	105	149	-44	-0.7216853173689532	0.7331468158806288	0.7775113242739142	-0.04436450839328543	Control	ENSG00000078403	0.3144151345590194	0.06925741865217638	FALSE	4	MLLT10	MLLT10
ENSG00000132824	482	674	-192	-3.141479104656426	0.9405808686384226	0.984945377031708	-0.04436450839328532	Control	ENSG00000132824	0.31414868105515587	-0.11334427954246352	FALSE	4	SERINC3	SERINC3
ENSG00000047249	519	383	136	2.2213071266293247	0.9512390087929656	0.907007727151612	0.04423128164135359	AD	ENSG00000047249	0.3137490007993605	-0.16661774408103724	FALSE	4	ATP6V1H	ATP6V1H
ENSG00000084234	473	342	131	2.139557336518261	0.937250199840128	0.8930189181987743	0.04423128164135359	AD	ENSG00000084234	0.3137490007993605	-0.10807602254515736	FALSE	4	APLP2	APLP2
ENSG00000165868	250	323	-73	-1.1958341000131203	0.839195310418332	0.883160138555822	-0.04396482813749003	Control	ENSG00000165868	0.3129496402877698	-0.08188141586642317	FALSE	4	HSPA12A	HSPA12A
ENSG00000125841	337	227	110	1.796208218051795	0.8799626965094591	0.8359978683719691	0.04396482813749003	AD	ENSG00000125841	0.3129496402877698	-0.17084358466719785	FALSE	4	NRSN2	NRSN2
ENSG00000111961	57	86	-29	-0.4764359470357635	0.65201172395417	0.69597655209166	-0.04396482813749003	Control	ENSG00000111961	0.3129496402877698	0.286022271796865	FALSE	4	SASH1	SASH1
ENSG00000176148	33	53	-20	-0.3292863248358496	0.5692779110045297	0.6132427391420198	-0.04396482813749003	Control	ENSG00000176148	0.3129496402877698	-0.04556817578807504	FALSE	4	TCP11L1	TCP11L1
ENSG00000130643	125	174	-49	-0.8034351074800166	0.7556621369571009	0.7994937383426592	-0.0438316013855583	Control	ENSG00000130643	0.3122835065281108	-0.20988426384225536	FALSE	4	CALY	CALY
ENSG00000114391	17	26	-9	-0.14943678659151036	0.4495070610178524	0.4933386624034106	-0.04383160138555825	Control	ENSG00000114391	0.31201705302424726	-0.0855138324732927	FALSE	4	RPL24	RPL24
ENSG00000133872	111	86	25	0.40646178616371986	0.7398081534772182	0.69597655209166	0.04383160138555819	AD	ENSG00000133872	0.31148414601652014	-0.05681174419860646	FALSE	4	SARAF	SARAF
ENSG00000177200	9	14	-5	-0.08403695450265977	0.3361310951239009	0.3799626965094591	-0.04383160138555819	Control	ENSG00000177200	0.31148414601652014	0.12370061260208232	FALSE	4	CHD9	CHD9
ENSG00000147123	99	77	22	0.3574119120970819	0.7228883559818812	0.679056754596323	0.04383160138555819	AD	ENSG00000147123	0.31148414601652014	-0.09552103454247528	FALSE	4	NDUFB11	NDUFB11
ENSG00000130725	230	297	-67	-1.0977343518798444	0.8282707167599254	0.8719690913935518	-0.04369837463362647	Control	ENSG00000130725	0.31095123900879296	-0.08837299600405757	FALSE	4	UBE2M	UBE2M
ENSG00000103415	357	454	-97	-1.588233092546224	0.8903543831601386	0.934052757793765	-0.04369837463362636	Control	ENSG00000103415	0.3106847855049294	-0.09510858180090764	FALSE	4	HMOX2	HMOX2
ENSG00000196954	14	13	1	0.01406279363061616	0.4108713029576339	0.3673061550759392	0.04356514788169469	AD	ENSG00000196954	0.31041833200106583	0.0536507773157	FALSE	4	CASP4	CASP4
ENSG00000277586	132	97	35	0.5699613663858464	0.7599253930189181	0.7163602451372235	0.04356514788169463	AD	ENSG00000277586	0.3097521982414069	-0.3467289638392561	FALSE	4	NEFL	NEFL
ENSG00000169744	33	31	2	0.03041275165282881	0.5692779110045297	0.5257127631228351	0.04356514788169463	AD	ENSG00000169744	0.3097521982414069	-0.20494247113424	FALSE	4	LDB2	LDB2
ENSG00000092531	33	31	2	0.03041275165282881	0.5692779110045297	0.5257127631228351	0.04356514788169463	AD	ENSG00000092531	0.3097521982414069	0.1077851445211966	FALSE	4	SNAP23	SNAP23
ENSG00000163788	33	31	2	0.03041275165282881	0.5692779110045297	0.5257127631228351	0.04356514788169463	AD	ENSG00000163788	0.3097521982414069	-0.12214230988462128	FALSE	4	SNRK	SNRK
ENSG00000152193	313	215	98	1.6000087217852434	0.8710365041300293	0.8276045830002664	0.04343192112976291	AD	ENSG00000152193	0.3090860644817479	-0.06678148897157854	FALSE	4	OBI1	OBI1
ENSG00000158560	336	227	109	1.7798582600295827	0.8794297895017319	0.8359978683719691	0.04343192112976279	AD	ENSG00000158560	0.3085531574740208	-0.19942412287387157	FALSE	4	DYNC1I1	DYNC1I1
ENSG00000165434	115	89	26	0.42281174418593254	0.7450039968025579	0.7015720756727951	0.04343192112976279	AD	ENSG00000165434	0.3085531574740208	-0.17755380851665592	FALSE	4	PGM2L1	PGM2L1
ENSG00000162889	69	59	10	0.16121241583053006	0.6773248068212097	0.6338928856914469	0.04343192112976279	AD	ENSG00000162889	0.3085531574740208	0.1401502394648908	FALSE	4	MAPKAPK2	MAPKAPK2
ENSG00000146007	283	370	-87	-1.4247335123240974	0.8606448174793498	0.9039435118571808	-0.04329869437783107	Control	ENSG00000146007	0.30775379696243005	-0.09027795874036391	FALSE	4	ZMAT2	ZMAT2
ENSG00000114993	7	11	-4	-0.06768699648044711	0.29349853450572877	0.33679722888355984	-0.04329869437783107	Control	ENSG00000114993	0.30775379696243005	0.13479023122837397	FALSE	4	RTKN	RTKN
ENSG00000169871	55	49	6	0.09581258374167942	0.6456168398614441	0.6023181454836131	0.04329869437783107	AD	ENSG00000169871	0.30775379696243005	0.1122135002699256	FALSE	4	TRIM56	TRIM56
ENSG00000109133	31	29	2	0.03041275165282881	0.5567545963229417	0.5135891286970423	0.04316546762589934	AD	ENSG00000109133	0.3072208899547029	-0.08097059046940203	FALSE	4	TMEM33	TMEM33
ENSG00000142186	142	193	-51	-0.8361350235244418	0.7704503064215295	0.8136157740474287	-0.04316546762589923	Control	ENSG00000142186	0.3069544364508393	-0.03214564532106223	FALSE	4	SCYL1	SCYL1
ENSG00000213190	438	316	122	1.9924077143183472	0.9237942978950172	0.8808952837729817	0.04289901412203567	AD	ENSG00000213190	0.30655475619504396	-0.2329743205093884	FALSE	4	MLLT11	MLLT11
ENSG00000107874	313	404	-91	-1.490133344412948	0.8710365041300293	0.913935518252065	-0.04289901412203567	Control	ENSG00000107874	0.30655475619504396	-0.10187063315807698	FALSE	4	CUEDC2	CUEDC2
ENSG00000103353	150	113	37	0.6026612824302717	0.7781774580335732	0.7354116706634692	0.04276578737010395	AD	ENSG00000103353	0.3060218491873168	-0.06991526710644713	FALSE	4	UBFD1	UBFD1
ENSG00000165138	31	48	-17	-0.2802364507692116	0.5567545963229417	0.5995203836930456	-0.04276578737010395	Control	ENSG00000165138	0.3060218491873168	0.08778642805638093	FALSE	4	ANKS6	ANKS6
ENSG00000091513	25	23	2	0.03041275165282881	0.5154543032240874	0.4728217426059153	0.04263256061817211	AD	ENSG00000091513	0.3053557154276579	0.161169729684854	FALSE	4	TF	TF
ENSG00000112514	342	427	-85	-1.3920335962796722	0.8820943245403677	0.9247268851585398	-0.04263256061817211	Control	ENSG00000112514	0.3053557154276579	-0.08491440994371402	FALSE	4	CUTA	CUTA
ENSG00000149657	563	410	153	2.4992564130069397	0.9606981081801226	0.9180655475619504	0.04263256061817211	AD	ENSG00000149657	0.3053557154276579	-0.07082950688276135	FALSE	4	LSM14B	LSM14B
ENSG00000104331	291	206	85	1.387459267496479	0.8642419397815081	0.8218758326671995	0.04236610711430855	AD	ENSG00000104331	0.3048228084199307	-0.11481461371010226	FALSE	4	BPNT2	BPNT2
ENSG00000058091	422	302	120	1.959707798273922	0.9166000532907008	0.874367172928324	0.04223288036237682	AD	ENSG00000058091	0.30455635491606714	-0.15992060598123814	FALSE	4	CDK14	CDK14
ENSG00000164190	140	187	-47	-0.7707351914355912	0.7679189981348254	0.8100186517452704	-0.04209965361044499	Control	ENSG00000164190	0.3036237676525446	0.09400049126803368	FALSE	4	NIPBL	NIPBL
ENSG00000112640	497	683	-186	-3.04337935652315	0.9444444444444444	0.9865440980548894	-0.04209965361044499	Control	ENSG00000112640	0.3036237676525446	-0.05227250955045548	FALSE	4	PPP2R5D	PPP2R5D
ENSG00000105221	140	187	-47	-0.7707351914355912	0.7679189981348254	0.8100186517452704	-0.04209965361044499	Control	ENSG00000105221	0.3036237676525446	0.06730484625055588	FALSE	4	AKT2	AKT2
ENSG00000184076	229	159	70	1.1422098971632892	0.8278710365041301	0.7857713828936851	0.04209965361044499	AD	ENSG00000184076	0.3036237676525446	-0.15039568208190168	FALSE	4	UQCR10	UQCR10
ENSG00000150394	46	42	4	0.06311266769725413	0.6209698907540634	0.5788702371436184	0.04209965361044499	AD	ENSG00000150394	0.3036237676525446	-0.04999455471018699	FALSE	4	CDH8	CDH8
ENSG00000159202	74	63	11	0.1775623738527427	0.687849720223821	0.645750066613376	0.04209965361044499	AD	ENSG00000159202	0.3036237676525446	-0.0533423551210852	FALSE	4	UBE2Z	UBE2Z
ENSG00000102468	56	51	5	0.07946262571946677	0.6486810551558753	0.6067146282973621	0.04196642685851315	AD	ENSG00000102468	0.3026911803890221	-0.33296221538565796	FALSE	4	HTR2A	HTR2A
ENSG00000140262	154	206	-52	-0.8524849815466545	0.7800426325606181	0.8218758326671995	-0.04183320010658142	Control	ENSG00000140262	0.30229150013322675	0.13984177105026596	FALSE	4	TCF12	TCF12
ENSG00000198300	340	421	-81	-1.3266337641908217	0.8814281907807088	0.9232613908872902	-0.04183320010658142	Control	ENSG00000198300	0.30229150013322675	-0.11084861039290315	FALSE	4	PEG3	PEG3
ENSG00000139637	460	339	121	1.9760577562961343	0.9328537170263788	0.8911537436717293	0.04169997335464959	AD	ENSG00000139637	0.3017585931254996	-0.15814158892760766	FALSE	4	MYG1	MYG1
ENSG00000061936	85	120	-35	-0.5745356951690394	0.7043698374633627	0.7460698108180123	-0.04169997335464959	Control	ENSG00000061936	0.3017585931254996	0.07268362773570125	FALSE	4	SFSWAP	SFSWAP
ENSG00000078140	361	245	116	1.8943079661850712	0.8912869704236611	0.8497202238209433	0.04156674660271786	AD	ENSG00000078140	0.30109245936584067	-0.06820677983900403	FALSE	4	UBE2K	UBE2K
ENSG00000067992	346	234	112	1.8289081340962208	0.8838262723154809	0.8422595257127631	0.04156674660271786	AD	ENSG00000067992	0.30109245936584067	-0.15842112084722793	FALSE	4	PDK3	PDK3
ENSG00000177971	150	114	36	0.5863113244080591	0.7781774580335732	0.7366107114308553	0.04156674660271786	AD	ENSG00000177971	0.30109245936584067	-0.06181494508813223	FALSE	4	IMP3	IMP3
ENSG00000163728	110	152	-42	-0.6889854013245279	0.7382094324540368	0.7797761790567546	-0.04156674660271775	Control	ENSG00000163728	0.3004263256061817	-0.01780211103896256	FALSE	4	TTC14	TTC14
ENSG00000185825	250	171	79	1.289359519363203	0.839195310418332	0.7976285638156142	0.04156674660271775	AD	ENSG00000185825	0.3004263256061817	-0.06572948038782123	FALSE	4	BCAP31	BCAP31
ENSG00000130520	180	237	-57	-0.9342347716577176	0.8033573141486811	0.8446576072475354	-0.0413002930988543	Control	ENSG00000130520	0.30002664535038637	-0.12877400130114935	FALSE	4	LSM4	LSM4
ENSG00000165478	63	93	-30	-0.4927859050579761	0.6665334399147349	0.7078337330135891	-0.04130029309885419	Control	ENSG00000165478	0.2997601918465228	0.07859301178235256	FALSE	4	HEPACAM	HEPACAM
ENSG00000100077	15	22	-7	-0.11673687054708508	0.4237942978950173	0.464828137490008	-0.04103383959499068	Control	ENSG00000100077	0.2994937383426592	-0.04815865376223804	FALSE	4	GRK3	GRK3
ENSG00000132254	405	506	-101	-1.6536329246350747	0.9086064481747936	0.9495070610178524	-0.0409006128430589	Control	ENSG00000132254	0.29909405808686385	-0.06474697611108482	FALSE	4	ARFIP2	ARFIP2
ENSG00000125846	43	65	-22	-0.36198624088027487	0.609912070343725	0.6508126831867839	-0.0409006128430589	Control	ENSG00000125846	0.29909405808686385	0.05040285060917959	FALSE	4	ZNF133	ZNF133
ENSG00000164830	595	439	156	2.5483062870735775	0.9704236610711432	0.929656274980016	0.04076738609112707	AD	ENSG00000164830	0.29856115107913667	-0.1921560213021696	FALSE	4	OXR1	OXR1
ENSG00000117360	48	71	-23	-0.37833619890248754	0.6268318678390621	0.6675992539301892	-0.04076738609112707	Control	ENSG00000117360	0.29856115107913667	0.0248096806439193	FALSE	4	PRPF3	PRPF3
ENSG00000090861	393	491	-98	-1.6045830505684366	0.9036770583533174	0.9443112176925128	-0.04063415933919534	Control	ENSG00000090861	0.29802824407140954	-0.08483900072094919	FALSE	4	AARS1	AARS1
ENSG00000002016	35	54	-19	-0.3129363668136369	0.5768718358646416	0.617505995203837	-0.04063415933919534	Control	ENSG00000002016	0.29802824407140954	0.07112822230922511	FALSE	4	RAD52	RAD52
ENSG00000280383	12	18	-6	-0.10038691252487242	0.3824940047961631	0.4231281641353584	-0.04063415933919528	Control	ENSG00000280383	0.2976285638156142	0.20032056641065932	FALSE	4	NA	ENSG00000280383
ENSG00000160014	289	208	81	1.3220594354076285	0.8635758060218491	0.8230748734345856	0.0405009325872635	AD	ENSG00000160014	0.2972288835598188	-0.24724406663679055	FALSE	4	CALM3	CALM3
ENSG00000112695	144	110	34	0.5536114083636338	0.7731148414601652	0.7326139088729017	0.0405009325872635	AD	ENSG00000112695	0.2972288835598188	-0.10876863312856422	FALSE	4	COX7A2	COX7A2
ENSG00000104435	232	290	-58	-0.9505847296799304	0.8289368505195843	0.8693045563549161	-0.04036770583533178	Control	ENSG00000104435	0.29682920330402346	-0.288461397503724	FALSE	4	STMN2	STMN2
ENSG00000177432	280	201	79	1.289359519363203	0.8582467359445777	0.8180122568611777	0.04023447908339994	AD	ENSG00000177432	0.2962962962962963	-0.4101498431654669	FALSE	4	NAP1L5	NAP1L5
ENSG00000104381	406	506	-100	-1.637282966612862	0.9092725819344524	0.9495070610178524	-0.04023447908339994	Control	ENSG00000104381	0.2962962962962963	-0.21641610787290233	FALSE	4	GDAP1	GDAP1
ENSG00000004779	380	465	-85	-1.3920335962796722	0.8980815347721822	0.9383160138555822	-0.04023447908339994	Control	ENSG00000004779	0.2962962962962963	-0.1470696685721311	FALSE	4	NDUFAB1	NDUFAB1
ENSG00000113638	32	50	-18	-0.2965864087914242	0.5639488409272582	0.6040500932587264	-0.04010125233146822	Control	ENSG00000113638	0.29576338928856916	-0.03506045848887851	FALSE	4	TTC33	TTC33
ENSG00000173209	18	27	-9	-0.14943678659151036	0.45976552091660006	0.4998667732480682	-0.04010125233146816	Control	ENSG00000173209	0.29536370903277376	0.10249787495455465	FALSE	4	AHSA2P	AHSA2P
ENSG00000187713	18	27	-9	-0.14943678659151036	0.45976552091660006	0.4998667732480682	-0.04010125233146816	Control	ENSG00000187713	0.29536370903277376	-0.0757248605511549	FALSE	4	TMEM203	TMEM203
ENSG00000270953	51	47	4	0.06311266769725413	0.6358912869704236	0.5957900346389555	0.04010125233146811	AD	ENSG00000270953	0.2949640287769784	-0.18845396860918928	FALSE	4	NA	ENSG00000270953
ENSG00000123636	78	113	-35	-0.5745356951690394	0.6954436450839329	0.7354116706634692	-0.03996802557953638	Control	ENSG00000123636	0.2944311217692513	0.11097114558201682	FALSE	4	BAZ2B	BAZ2B
ENSG00000267680	73	63	10	0.16121241583053006	0.6857180921929124	0.645750066613376	0.03996802557953638	AD	ENSG00000267680	0.2944311217692513	0.07155347529013767	FALSE	4	ZNF224	ZNF224
ENSG00000057663	41	62	-21	-0.3456362828580622	0.6021849187316813	0.6421529443112177	-0.03996802557953638	Control	ENSG00000057663	0.2944311217692513	-0.02693734739039577	FALSE	4	ATG5	ATG5
ENSG00000129355	223	282	-59	-0.9669346877021432	0.8258726352251532	0.8657074340527577	-0.03983479882760454	Control	ENSG00000129355	0.2938982147615241	-0.08910039080253718	FALSE	4	CDKN2D	CDKN2D
ENSG00000166111	66	95	-29	-0.4764359470357635	0.6722621902478018	0.7119637623234746	-0.03970157207567282	Control	ENSG00000166111	0.29323208100186515	-0.24968428661261832	FALSE	4	SVOP	SVOP
ENSG00000163820	46	68	-22	-0.36198624088027487	0.6209698907540634	0.6606714628297362	-0.03970157207567282	Control	ENSG00000163820	0.29323208100186515	0.17091856464548805	FALSE	4	FYCO1	FYCO1
ENSG00000109458	38	58	-20	-0.3292863248358496	0.5907274180655475	0.6304289901412203	-0.03970157207567282	Control	ENSG00000109458	0.29323208100186515	0.14196516587654529	FALSE	4	GAB1	GAB1
ENSG00000198563	46	68	-22	-0.36198624088027487	0.6209698907540634	0.6606714628297362	-0.03970157207567282	Control	ENSG00000198563	0.29323208100186515	0.0609024238035083	FALSE	4	DDX39B	DDX39B
ENSG00000133703	437	556	-119	-1.9479321690349023	0.923394617639222	0.9628297362110312	-0.03943511857180926	Control	ENSG00000133703	0.29256594724220625	-0.06200482082635616	FALSE	4	KRAS	KRAS
ENSG00000078668	595	444	151	2.4665564969625144	0.9704236610711432	0.9311217692512656	0.03930189181987742	AD	ENSG00000078668	0.29216626698641085	-0.13894776493154026	FALSE	4	VDAC3	VDAC3
ENSG00000070761	321	403	-82	-1.3429837222130343	0.874367172928324	0.9136690647482014	-0.03930189181987742	Control	ENSG00000070761	0.29216626698641085	-0.08875601979939951	FALSE	4	CFAP20	CFAP20
ENSG00000149289	27	26	1	0.01406279363061616	0.5325073274713562	0.4933386624034106	0.03916866506794558	AD	ENSG00000149289	0.2917665867306155	0.20137305935586092	FALSE	4	ZC3H12C	ZC3H12C
ENSG00000116604	171	127	44	0.7171109885857603	0.7960298427924327	0.7569944044764189	0.03903543831601386	AD	ENSG00000116604	0.29150013322675195	-0.02185990823511474	FALSE	4	MEF2D	MEF2D
ENSG00000091157	199	145	54	0.8806105688078868	0.8138822275512922	0.7749800159872102	0.03890221156408202	AD	ENSG00000091157	0.29110045297095655	-0.10352281951950104	FALSE	4	WDR7	WDR7
ENSG00000174132	118	160	-42	-0.6889854013245279	0.7484678923527844	0.7873701039168665	-0.03890221156408202	Control	ENSG00000174132	0.29110045297095655	-0.1254500991096199	FALSE	4	FAM174A	FAM174A
ENSG00000186409	39	59	-20	-0.3292863248358496	0.5951239008792966	0.6338928856914469	-0.0387689848121503	Control	ENSG00000186409	0.2905675459632294	0.05539925937007162	FALSE	4	CCDC30	CCDC30
ENSG00000135709	93	76	17	0.27566212198601864	0.7150279776179057	0.6762589928057554	0.0387689848121503	AD	ENSG00000135709	0.2905675459632294	-0.1382768691157832	FALSE	4	KIAA0513	KIAA0513
ENSG00000165731	10	15	-5	-0.08403695450265977	0.35251798561151076	0.3911537436717293	-0.03863575806021852	Control	ENSG00000165731	0.2897681854516387	-0.33076484841629217	FALSE	4	RET	RET
ENSG00000213719	10	15	-5	-0.08403695450265977	0.35251798561151076	0.3911537436717293	-0.03863575806021852	Control	ENSG00000213719	0.2897681854516387	0.01812240055009262	FALSE	4	CLIC1	CLIC1
ENSG00000136518	10	15	-5	-0.08403695450265977	0.35251798561151076	0.3911537436717293	-0.03863575806021852	Control	ENSG00000136518	0.2897681854516387	0.04300997753747371	FALSE	4	ACTL6A	ACTL6A
ENSG00000135596	10	15	-5	-0.08403695450265977	0.35251798561151076	0.3911537436717293	-0.03863575806021852	Control	ENSG00000135596	0.2897681854516387	0.07584558062086977	FALSE	4	MICAL1	MICAL1
ENSG00000114405	274	341	-67	-1.0977343518798444	0.8539834798827605	0.8923527844391154	-0.0383693045563549	Control	ENSG00000114405	0.2891020516919797	-0.04516904627507756	FALSE	4	CEP15	CEP15
ENSG00000114857	86	119	-33	-0.5418357791246141	0.7065014654942713	0.7447375432986943	-0.03823607780442306	Control	ENSG00000114857	0.2887023714361844	0.07458675097454837	FALSE	4	NKTR	NKTR
ENSG00000015676	63	91	-28	-0.4600859890135508	0.6665334399147349	0.704769517719158	-0.03823607780442306	Control	ENSG00000015676	0.2887023714361844	-0.05281294124591262	FALSE	4	NUDCD3	NUDCD3
ENSG00000117153	348	240	108	1.76350830200737	0.885025313082867	0.8469224620303757	0.03810285105249134	AD	ENSG00000117153	0.28830269118038904	-0.0607684438025835	FALSE	4	KLHL12	KLHL12
ENSG00000145817	209	264	-55	-0.9015348556132924	0.8202771116440181	0.8582467359445777	-0.03796962430055961	Control	ENSG00000145817	0.2880362376765254	-0.06649492872158191	FALSE	4	YIPF5	YIPF5
ENSG00000127946	26	25	1	0.01406279363061616	0.5242472688515853	0.48627764455102584	0.0379696243005595	AD	ENSG00000127946	0.28776978417266186	0.15749689111387433	FALSE	4	HIP1	HIP1
ENSG00000126067	322	228	94	1.5346088896963928	0.8747668531841194	0.8370636823874233	0.03770317079669605	AD	ENSG00000126067	0.2875033306687983	-0.14308985153404308	FALSE	4	PSMB2	PSMB2
ENSG00000124782	140	108	32	0.5209114923192084	0.7679189981348254	0.7302158273381295	0.03770317079669594	AD	ENSG00000124782	0.28723687716493473	0.16520419309673073	FALSE	4	RREB1	RREB1
ENSG00000204301	2	3	-1	-0.01863712241380915	0.12283506528110844	0.16027178257394084	-0.03743671729283239	Control	ENSG00000204301	0.2843058886224354	0.19877079329168976	FALSE	4	NOTCH4	NOTCH4
ENSG00000110651	2	3	-1	-0.01863712241380915	0.12283506528110844	0.16027178257394084	-0.03743671729283239	Control	ENSG00000110651	0.2843058886224354	-0.01175342512825849	FALSE	4	CD81	CD81
ENSG00000124762	2	3	-1	-0.01863712241380915	0.12283506528110844	0.16027178257394084	-0.03743671729283239	Control	ENSG00000124762	0.2843058886224354	-0.02549235649992454	FALSE	4	CDKN1A	CDKN1A
ENSG00000247092	2	3	-1	-0.01863712241380915	0.12283506528110844	0.16027178257394084	-0.03743671729283239	Control	ENSG00000247092	0.2843058886224354	0.13843427352732895	FALSE	4	SNHG10	SNHG10
ENSG00000156650	2	3	-1	-0.01863712241380915	0.12283506528110844	0.16027178257394084	-0.03743671729283239	Control	ENSG00000156650	0.2843058886224354	0.14463474875247684	FALSE	4	KAT6B	KAT6B
ENSG00000278983	2	3	-1	-0.01863712241380915	0.12283506528110844	0.16027178257394084	-0.03743671729283239	Control	ENSG00000278983	0.2843058886224354	0.07729632696759126	FALSE	4	NA	ENSG00000278983
ENSG00000169783	2	3	-1	-0.01863712241380915	0.12283506528110844	0.16027178257394084	-0.03743671729283239	Control	ENSG00000169783	0.2843058886224354	-0.14595205710749504	FALSE	4	LINGO1	LINGO1
ENSG00000057935	2	3	-1	-0.01863712241380915	0.12283506528110844	0.16027178257394084	-0.03743671729283239	Control	ENSG00000057935	0.2843058886224354	0.0989414775875126	FALSE	4	MTA3	MTA3
ENSG00000137818	2	3	-1	-0.01863712241380915	0.12283506528110844	0.16027178257394084	-0.03743671729283239	Control	ENSG00000137818	0.2843058886224354	0.01728390338210062	FALSE	4	RPLP1	RPLP1
ENSG00000136522	2	3	-1	-0.01863712241380915	0.12283506528110844	0.16027178257394084	-0.03743671729283239	Control	ENSG00000136522	0.2843058886224354	-0.05746386568188733	FALSE	4	MRPL47	MRPL47
ENSG00000175497	2	3	-1	-0.01863712241380915	0.12283506528110844	0.16027178257394084	-0.03743671729283239	Control	ENSG00000175497	0.2843058886224354	-0.13586850088417535	FALSE	4	DPP10	DPP10
ENSG00000168887	2	3	-1	-0.01863712241380915	0.12283506528110844	0.16027178257394084	-0.03743671729283239	Control	ENSG00000168887	0.2843058886224354	0.08400955135883592	FALSE	4	C2orf68	C2orf68
ENSG00000182718	2	3	-1	-0.01863712241380915	0.12283506528110844	0.16027178257394084	-0.03743671729283239	Control	ENSG00000182718	0.2843058886224354	-0.08678763301781522	FALSE	4	ANXA2	ANXA2
ENSG00000114353	2	3	-1	-0.01863712241380915	0.12283506528110844	0.16027178257394084	-0.03743671729283239	Control	ENSG00000114353	0.2843058886224354	0.01263743753546009	FALSE	4	GNAI2	GNAI2
ENSG00000179218	2	3	-1	-0.01863712241380915	0.12283506528110844	0.16027178257394084	-0.03743671729283239	Control	ENSG00000179218	0.2843058886224354	-0.17211937289022394	FALSE	4	CALR	CALR
ENSG00000166925	2	3	-1	-0.01863712241380915	0.12283506528110844	0.16027178257394084	-0.03743671729283239	Control	ENSG00000166925	0.2843058886224354	0.03710333466834115	FALSE	4	TSC22D4	TSC22D4
ENSG00000183160	2	3	-1	-0.01863712241380915	0.12283506528110844	0.16027178257394084	-0.03743671729283239	Control	ENSG00000183160	0.2843058886224354	0.5122214506598697	TRUE	5	TMEM119	TMEM119
ENSG00000134769	2	3	-1	-0.01863712241380915	0.12283506528110844	0.16027178257394084	-0.03743671729283239	Control	ENSG00000134769	0.2843058886224354	0.3088075312475915	FALSE	5	DTNA	DTNA
ENSG00000109113	2	3	-1	-0.01863712241380915	0.12283506528110844	0.16027178257394084	-0.03743671729283239	Control	ENSG00000109113	0.2843058886224354	-0.09182912975143688	FALSE	5	RAB34	RAB34
ENSG00000277075	2	3	-1	-0.01863712241380915	0.12283506528110844	0.16027178257394084	-0.03743671729283239	Control	ENSG00000277075	0.2843058886224354	-0.4149122858783647	FALSE	5	H2AC8	H2AC8
ENSG00000175354	2	3	-1	-0.01863712241380915	0.12283506528110844	0.16027178257394084	-0.03743671729283239	Control	ENSG00000175354	0.2843058886224354	0.0203341531770409	FALSE	5	PTPN2	PTPN2
ENSG00000116675	439	332	107	1.7471583439851577	0.9244604316546764	0.8870237143618439	0.03743671729283238	AD	ENSG00000116675	0.2809752198241407	-0.20629853670487108	FALSE	5	DNAJC6	DNAJC6
ENSG00000175175	171	128	43	0.7007610305635477	0.7960298427924327	0.7585931254996003	0.03743671729283238	AD	ENSG00000175175	0.2809752198241407	-0.3622925701110571	FALSE	5	PPM1E	PPM1E
ENSG00000116030	422	521	-99	-1.6209330085906493	0.9166000532907008	0.9540367705835332	-0.03743671729283238	Control	ENSG00000116030	0.2809752198241407	-0.06076135529436755	FALSE	5	SUMO1	SUMO1
ENSG00000178075	33	51	-18	-0.2965864087914242	0.5692779110045297	0.6067146282973621	-0.03743671729283238	Control	ENSG00000178075	0.2809752198241407	0.1417650454644548	FALSE	5	GRAMD1C	GRAMD1C
ENSG00000151320	422	314	108	1.76350830200737	0.9166000532907008	0.8792965627498002	0.03730349054090065	AD	ENSG00000151320	0.28017585931254996	-0.22771730481148467	FALSE	5	AKAP6	AKAP6
ENSG00000196072	467	597	-130	-2.1277817072792415	0.9353850253130828	0.9726885158539836	-0.03730349054090065	Control	ENSG00000196072	0.28017585931254996	-0.1279743309974677	FALSE	5	BLOC1S2	BLOC1S2
ENSG00000073670	137	106	31	0.5045615342969958	0.7651212363442579	0.7278177458033573	0.03730349054090054	AD	ENSG00000073670	0.2797761790567546	-0.3360409948056233	FALSE	5	ADAM11	ADAM11
ENSG00000137693	70	97	-27	-0.4437360309913381	0.6793232081001865	0.7163602451372235	-0.03703703703703698	Control	ENSG00000137693	0.279509725552891	0.1686164368680085	FALSE	5	YAP1	YAP1
ENSG00000136531	161	210	-49	-0.8034351074800166	0.7875033306687983	0.82440714095390355	-0.03690381028510525	Control	ENSG00000136531	0.27924327204902744	-0.11674278613715929	FALSE	5	SCN2A	SCN2A
ENSG00000103091	13	19	-6	-0.10038691252487242	0.397015720756728	0.4337863042899014	-0.03677058353317342	Control	ENSG00000103091	0.2789768185451639	0.07925836505604877	FALSE	5	WDR59	WDR59
ENSG00000184465	46	67	-21	-0.3456362828580622	0.6209698907540634	0.6576072475353051	-0.03663735678124169	Control	ENSG00000184465	0.27857713828936853	0.06559642273979627	FALSE	5	WDR27	WDR27
ENSG00000133731	18	18	0	-0.00228716439159649	0.45976552091660006	0.4231281641353584	0.03663735678124169	Control	ENSG00000133731	0.27857713828936853	-0.08853172651987151	FALSE	5	IMPA1	IMPA1
ENSG00000164024	407	300	107	1.7471583439851577	0.9099387156941112	0.8733013589128698	0.03663735678124158	AD	ENSG00000164024	0.27817745803357313	-0.09426388753486492	FALSE	5	METAP1	METAP1
ENSG00000178741	281	207	74	1.2076097292521395	0.8590460964561684	0.8225419664268585	0.03650413002930985	AD	ENSG00000178741	0.27697841726618705	-0.09684452558486178	FALSE	5	COX5A	COX5A
ENSG00000154845	44	65	-21	-0.3456362828580622	0.614308553157474	0.6508126831867839	-0.03650413002930985	Control	ENSG00000154845	0.27697841726618705	0.08394524591093244	FALSE	5	PPP4R1	PPP4R1
ENSG00000184277	94	125	-31	-0.5091358630801888	0.7164934718891554	0.7529976019184652	-0.03650413002930985	Control	ENSG00000184277	0.27697841726618705	-0.04235134081886294	FALSE	5	TM2D3	TM2D3
ENSG00000112282	19	28	-9	-0.14943678659151036	0.469890754063416	0.5063948840927258	-0.03650413002930985	Control	ENSG00000112282	0.27697841726618705	0.07054705401860772	FALSE	5	MED23	MED23
ENSG00000183579	8	12	-4	-0.06768699648044711	0.3160138555822009	0.35251798561151076	-0.03650413002930985	Control	ENSG00000183579	0.27697841726618705	0.07776908370672153	FALSE	5	ZNRF3	ZNRF3
ENSG00000115459	8	12	-4	-0.06768699648044711	0.3160138555822009	0.35251798561151076	-0.03650413002930985	Control	ENSG00000115459	0.27697841726618705	0.09329942889507592	FALSE	5	ELMOD3	ELMOD3
ENSG00000170456	8	12	-4	-0.06768699648044711	0.3160138555822009	0.35251798561151076	-0.03650413002930985	Control	ENSG00000170456	0.27697841726618705	0.05411343166703908	FALSE	5	DENND5B	DENND5B
ENSG00000169116	8	12	-4	-0.06768699648044711	0.3160138555822009	0.35251798561151076	-0.03650413002930985	Control	ENSG00000169116	0.27697841726618705	-0.1534697689186526	FALSE	5	PARM1	PARM1
ENSG00000155629	23	33	-10	-0.16578674461372303	0.5001332267519318	0.5363709032773781	-0.03623767652544629	Control	ENSG00000155629	0.27577937649880097	0.12051954302401136	FALSE	5	PIK3AP1	PIK3AP1
ENSG00000197872	667	500	167	2.728155825317917	0.9833466560085266	0.947242206235012	0.03610444977351457	AD	ENSG00000197872	0.275113242739142	-0.0806361480202824	FALSE	5	CYRIA	CYRIA
ENSG00000152061	404	297	107	1.7471583439851577	0.9080735411670664	0.8719690913935518	0.03610444977351457	AD	ENSG00000152061	0.275113242739142	-0.03921558153490245	FALSE	5	RABGAP1L	RABGAP1L
ENSG00000197860	352	248	104	1.6981084699185194	0.8872901678657075	0.8511857180921929	0.03610444977351457	AD	ENSG00000197860	0.275113242739142	-0.24782587637090892	FALSE	5	SGTB	SGTB
ENSG00000168438	19	19	0	-0.00228716439159649	0.469890754063416	0.4337863042899014	0.03610444977351457	Control	ENSG00000168438	0.275113242739142	-0.0680522313640175	FALSE	5	CDC40	CDC40
ENSG00000179262	236	285	-49	-0.8034351074800166	0.8312017053024248	0.8671729283240075	-0.03597122302158273	Control	ENSG00000179262	0.2744471089794831	-0.04562405214518073	FALSE	5	RAD23A	RAD23A
ENSG00000165572	451	344	107	1.7471583439851577	0.9299227284838796	0.8940847322142286	0.03583799626965101	AD	ENSG00000165572	0.2741806554756195	-0.03271218761273076	FALSE	5	KBTBD6	KBTBD6
ENSG00000077264	235	167	68	1.1095099811188638	0.8306687982946975	0.7948308020250466	0.03583799626965089	AD	ENSG00000077264	0.2739142019717559	-0.0989257265688046	FALSE	5	PAK3	PAK3
ENSG00000151948	265	326	-61	-0.9996346037465684	0.8485211830535572	0.8842259525712763	-0.03570476951771917	Control	ENSG00000151948	0.27364774846789236	-0.10929684482755776	FALSE	5	GLT1D1	GLT1D1
ENSG00000146112	6	9	-3	-0.05133703845823445	0.2696509459099387	0.3050892619237943	-0.03543831601385561	Control	ENSG00000146112	0.27324806821209696	0.09921701874757892	FALSE	5	PPP1R18	PPP1R18
ENSG00000205189	6	9	-3	-0.05133703845823445	0.2696509459099387	0.3050892619237943	-0.03543831601385561	Control	ENSG00000205189	0.27324806821209696	0.02801540035491712	FALSE	5	ZBTB10	ZBTB10
ENSG00000164114	16	23	-7	-0.11673687054708508	0.4373834265920597	0.4728217426059153	-0.03543831601385555	Control	ENSG00000164114	0.2728483879563016	-0.17149653722298908	FALSE	5	MAP9	MAP9
ENSG00000243232	107	88	19	0.30836203803044393	0.7351452171596057	0.6998401278976819	0.03530508926192377	AD	ENSG00000243232	0.27258193445243806	-0.18364417739013916	FALSE	5	PCDHAC2	PCDHAC2
ENSG00000104643	537	416	121	1.9760577562961343	0.9556354916067148	0.9204636290967226	0.03517186250999205	AD	ENSG00000104643	0.27218225419664266	-0.12648207961742308	FALSE	5	MTMR9	MTMR9
ENSG00000116688	241	289	-48	-0.7870851494578038	0.8334665600852651	0.8686384225952571	-0.03517186250999205	Control	ENSG00000116688	0.27218225419664266	-0.04581461445629031	FALSE	5	MFN2	MFN2
ENSG00000074317	276	338	-62	-1.015984561768781	0.8553157474020784	0.8904876099120703	-0.03517186250999193	Control	ENSG00000074317	0.2717825739408473	-0.3507324603941182	FALSE	5	SNCB	SNCB
ENSG00000122550	87	118	-31	-0.5091358630801888	0.7087663202771116	0.7438049560351718	-0.03503863575806021	Control	ENSG00000122550	0.27151612043698375	-0.06937407637911441	FALSE	5	KLHL7	KLHL7
ENSG00000141540	24	23	1	0.01406279363061616	0.5077271516120437	0.4728217426059153	0.03490540900612848	AD	ENSG00000141540	0.2709832134292566	0.06519560145084036	FALSE	5	TTYH2	TTYH2
ENSG00000103852	24	23	1	0.01406279363061616	0.5077271516120437	0.4728217426059153	0.03490540900612848	AD	ENSG00000103852	0.2709832134292566	0.0156812778085067	FALSE	5	TTC23	TTC23
ENSG00000223546	24	23	1	0.01406279363061616	0.5077271516120437	0.4728217426059153	0.03490540900612848	AD	ENSG00000223546	0.2709832134292566	0.08487591862078858	FALSE	5	LINC00630	LINC00630
ENSG00000132463	502	654	-152	-2.4874807837679196	0.9464428457234212	0.9813482547295496	-0.03490540900612837	Control	ENSG00000132463	0.27045030642152945	-0.0586058491973489	FALSE	5	GRSF1	GRSF1
ENSG00000173692	533	414	119	1.943357840251709	0.9545696775912604	0.9197974953370636	0.03477218225419665	AD	ENSG00000173692	0.26925126565414337	-0.09949736762515826	FALSE	5	PSMD1	PSMD1
ENSG00000198825	354	421	-67	-1.0977343518798444	0.8884892086330936	0.9232613908872902	-0.03477218225419665	Control	ENSG00000198825	0.26925126565414337	-0.20604797556916665	FALSE	5	INPP5F	INPP5F
ENSG00000185811	4	6	-2	-0.0349870804360218	0.21183053557154277	0.24660271782573945	-0.03477218225419665	Control	ENSG00000185811	0.26925126565414337	0.2516097753365205	FALSE	5	IKZF1	IKZF1
ENSG00000087263	78	108	-30	-0.4927859050579761	0.6954436450839329	0.7302158273381295	-0.03477218225419665	Control	ENSG00000087263	0.26925126565414337	-0.17351809159178622	FALSE	5	OGFOD1	OGFOD1
ENSG00000137713	11	16	-5	-0.08403695450265977	0.3675726085798029	0.4023447908339995	-0.03477218225419665	Control	ENSG00000137713	0.26925126565414337	0.11249424489420612	FALSE	5	PPP2R1B	PPP2R1B
ENSG00000132541	4	6	-2	-0.0349870804360218	0.21183053557154277	0.24660271782573945	-0.03477218225419665	Control	ENSG00000132541	0.26925126565414337	-0.17183587952881396	FALSE	5	RIDA	RIDA
ENSG00000261675	4	6	-2	-0.0349870804360218	0.21183053557154277	0.24660271782573945	-0.03477218225419665	Control	ENSG00000261675	0.26925126565414337	-0.125604628100648	FALSE	5	NA	ENSG00000261675
ENSG00000204278	4	6	-2	-0.0349870804360218	0.21183053557154277	0.24660271782573945	-0.03477218225419665	Control	ENSG00000204278	0.26925126565414337	-0.0921846133429156	FALSE	5	TMEM235	TMEM235
ENSG00000142168	468	361	107	1.7471583439851577	0.9357847055688784	0.9011457500666132	0.03463895550226492	AD	ENSG00000142168	0.2680522248867573	-0.1247002311876564	FALSE	5	SOD1	SOD1
ENSG00000007168	738	545	193	3.1532547338954457	0.9938715694111376	0.9592326139088728	0.03463895550226481	AD	ENSG00000007168	0.26778577138289367	-0.0915912628483362	FALSE	5	PAFAH1B1	PAFAH1B1
ENSG00000157064	363	431	-68	-1.114084309902057	0.8920863309352518	0.9265920596855848	-0.03450572875033309	Control	ENSG00000157064	0.26725286437516654	-0.20024809669730817	FALSE	5	NMNAT2	NMNAT2
ENSG00000166908	419	315	104	1.6981084699185194	0.914601652011724	0.8800959232613909	0.03450572875033309	AD	ENSG00000166908	0.26725286437516654	-0.09778465146605164	FALSE	5	PIP4K2C	PIP4K2C
ENSG00000165169	394	291	103	1.6817585118963068	0.904476418864908	0.869970690114575	0.03450572875033309	AD	ENSG00000165169	0.26725286437516654	-0.2087510080045245	FALSE	5	DYNLT3	DYNLT3
ENSG00000091317	14	20	-6	-0.10038691252487242	0.4108713029576339	0.44537703170796694	-0.03450572875033303	Control	ENSG00000091317	0.266320277111644	0.0651124115560009	FALSE	5	CMTM6	CMTM6
ENSG00000125691	14	20	-6	-0.10038691252487242	0.4108713029576339	0.44537703170796694	-0.03450572875033303	Control	ENSG00000125691	0.266320277111644	-0.04824774974860446	FALSE	5	RPL23	RPL23
ENSG00000162755	14	20	-6	-0.10038691252487242	0.4108713029576339	0.44537703170796694	-0.03450572875033303	Control	ENSG00000162755	0.266320277111644	-0.2315603680828886	FALSE	5	KLHDC9	KLHDC9
ENSG00000276649	14	20	-6	-0.10038691252487242	0.4108713029576339	0.44537703170796694	-0.03450572875033303	Control	ENSG00000276649	0.266320277111644	0.03400669481760765	FALSE	5	NA	ENSG00000276649
ENSG00000072201	277	206	71	1.158559855185502	0.8562483346656009	0.8218758326671995	0.03437250199840136	AD	ENSG00000072201	0.26565414335198506	-0.12747490500824732	FALSE	5	LNX1	LNX1
ENSG00000061273	44	64	-20	-0.3292863248358496	0.614308553157474	0.6484146016520117	-0.03410604849453769	Control	ENSG00000061273	0.2653876898481215	0.06071773457655816	FALSE	5	HDAC7	HDAC7
ENSG00000153814	253	305	-52	-0.8524849815466545	0.8423927524646949	0.8763655742073009	-0.03397282174260596	Control	ENSG00000153814	0.26512123634425794	-0.10442823365052512	FALSE	5	JAZF1	JAZF1
ENSG00000175309	68	62	6	0.09581258374167942	0.6761257660538236	0.6421529443112177	0.03397282174260585	AD	ENSG00000175309	0.26472155608846254	0.06805100961439337	FALSE	5	PHYKPL	PHYKPL
ENSG00000124126	50	48	2	0.03041275165282881	0.6334932054356515	0.5995203836930456	0.03397282174260585	AD	ENSG00000124126	0.26472155608846254	0.1435799806507969	FALSE	5	PREX1	PREX1
ENSG00000108309	268	199	69	1.1258599391410764	0.8499866773248068	0.8161470823341327	0.03383959499067413	AD	ENSG00000108309	0.26405542232880364	-0.10516290781683324	FALSE	5	RUNDC3A	RUNDC3A
ENSG00000189159	295	221	74	1.2076097292521395	0.8657074340527577	0.8318678390620836	0.03383959499067413	AD	ENSG00000189159	0.26405542232880364	-0.15249033487808106	FALSE	5	JPT1	JPT1
ENSG00000163466	100	83	17	0.27566212198601864	0.7254196642685852	0.691580069277911	0.03383959499067413	AD	ENSG00000163466	0.26405542232880364	-0.07823445382800465	FALSE	5	ARPC2	ARPC2
ENSG00000113312	388	459	-71	-1.163134183968695	0.9016786570743404	0.9353850253130828	-0.0337063682387424	Control	ENSG00000113312	0.26352251532107646	-0.07049039976801197	FALSE	5	TTC1	TTC1
ENSG00000170027	381	281	100	1.632708637829669	0.8987476685318412	0.8650413002930989	0.03370636823874229	AD	ENSG00000170027	0.2631228350652811	-0.16496119303696055	FALSE	5	YWHAG	YWHAG
ENSG00000106367	392	463	-71	-1.163134183968695	0.9028776978417268	0.936584066080469	-0.03370636823874229	Control	ENSG00000106367	0.2631228350652811	-0.18332840416154284	FALSE	5	AP1S1	AP1S1
ENSG00000127445	525	412	113	1.8452580921184336	0.9527045030642152	0.9191313615774048	0.03357314148681056	AD	ENSG00000127445	0.26272315480948577	-0.11151724744704694	FALSE	5	PIN1	PIN1
ENSG00000132305	457	354	103	1.6817585118963068	0.9317879030109246	0.8983479882760458	0.03343991473487884	AD	ENSG00000132305	0.26245670130562215	-0.16791655857918464	FALSE	5	IMMT	IMMT
ENSG00000221823	184	230	-46	-0.7543852334133786	0.8054889421795897	0.8387956301625367	-0.033306687982947	Control	ENSG00000221823	0.2621902478017586	-0.11663813860727146	FALSE	5	PPP3R1	PPP3R1
ENSG00000110955	636	495	141	2.303056916740388	0.9788169464428456	0.9455102584598988	0.03330668798294689	AD	ENSG00000110955	0.26179056754596325	-0.18026292266680424	FALSE	5	ATP5F1B	ATP5F1B
ENSG00000130540	329	389	-60	-0.9832846457243556	0.8766320277111644	0.9099387156941112	-0.03330668798294689	Control	ENSG00000130540	0.26179056754596325	-0.2678222709707594	FALSE	5	SULT4A1	SULT4A1
ENSG00000119862	277	208	69	1.1258599391410764	0.8562483346656009	0.8230748734345856	0.03317346123101528	AD	ENSG00000119862	0.26139088729016785	-0.0741267134524044	FALSE	5	LGALSL	LGALSL
ENSG00000213619	371	433	-62	-1.015984561768781	0.8947508659738875	0.9279243272049028	-0.03317346123101517	Control	ENSG00000213619	0.2608579802824407	-0.11881049079704198	FALSE	5	NDUFS3	NDUFS3
ENSG00000172260	155	196	-41	-0.6726354433023153	0.7812416733280043	0.8144151345590195	-0.03317346123101517	Control	ENSG00000172260	0.2608579802824407	-0.13440766894661849	FALSE	5	NEGR1	NEGR1
ENSG00000101972	77	68	9	0.1448624578083174	0.6938449240607514	0.6606714628297362	0.03317346123101517	AD	ENSG00000101972	0.2608579802824407	0.1234767036257498	FALSE	5	STAG2	STAG2
ENSG00000204619	278	337	-59	-0.9669346877021432	0.8570476951771916	0.890087929656275	-0.03304023447908344	Control	ENSG00000204619	0.26032507327471355	-0.07311100299024886	FALSE	5	PPP1R11	PPP1R11
ENSG00000165832	682	519	163	2.6627559932290663	0.986144417799094	0.9531041833200108	0.03304023447908333	AD	ENSG00000165832	0.2599253930189182	-0.10852354551353116	FALSE	5	TRUB1	TRUB1
ENSG00000136003	682	519	163	2.6627559932290663	0.986144417799094	0.9531041833200108	0.03304023447908333	AD	ENSG00000136003	0.2599253930189182	-0.11980605703066873	FALSE	5	ISCU	ISCU
ENSG00000110107	454	558	-104	-1.7026827987017126	0.9307220889954704	0.963629096722622	-0.0329070077271516	Control	ENSG00000110107	0.259392486011191	-0.15488448178162528	FALSE	5	PRPF19	PRPF19
ENSG00000127837	227	166	61	0.9950602749633752	0.8270716759925393	0.7941646682653877	0.0329070077271516	AD	ENSG00000127837	0.259392486011191	-0.0792731042897099	FALSE	5	AAMP	AAMP
ENSG00000146731	203	245	-42	-0.6889854013245279	0.8169464428457234	0.8497202238209433	-0.03277378097521988	Control	ENSG00000146731	0.2589928057553957	-0.0960263714246654	FALSE	5	CCT6A	CCT6A
ENSG00000111674	433	335	98	1.6000087217852434	0.9213962163602452	0.8887556621369571	0.03264055422328804	AD	ENSG00000111674	0.2579269917399414	-0.2839320891692587	FALSE	5	ENO2	ENO2
ENSG00000166411	355	419	-64	-1.0486844778132065	0.8891553423927525	0.9217958966160406	-0.03264055422328804	Control	ENSG00000166411	0.2579269917399414	-0.0891284286817875	FALSE	5	IDH3A	IDH3A
ENSG00000167699	201	156	45	0.7334609466079729	0.8154809485744737	0.7828403943511857	0.03264055422328804	AD	ENSG00000167699	0.2579269917399414	-0.08610130240599112	FALSE	5	GLOD4	GLOD4
ENSG00000273079	28	28	0	-0.00228716439159649	0.5390354383160139	0.5063948840927258	0.03264055422328804	Control	ENSG00000273079	0.2579269917399414	0.02268119866384488	FALSE	5	GRIN2B	GRIN2B
ENSG00000186479	187	231	-44	-0.7216853173689532	0.8072208899547029	0.8398614441779909	-0.03264055422328804	Control	ENSG00000186479	0.2579269917399414	0.02320076358285128	FALSE	5	RGS7BP	RGS7BP
ENSG00000270170	205	247	-42	-0.6889854013245279	0.8178790301092459	0.8505195843325339	-0.03264055422328804	Control	ENSG00000270170	0.2579269917399414	-0.1315951794917396	FALSE	5	NCBP2AS2	NCBP2AS2
ENSG00000008086	28	28	0	-0.00228716439159649	0.5390354383160139	0.5063948840927258	0.03264055422328804	Control	ENSG00000008086	0.2579269917399414	0.01859847598356978	FALSE	5	CDKL5	CDKL5
ENSG00000182916	170	215	-45	-0.7380352753911659	0.7949640287769785	0.8276045830002664	-0.03264055422328793	Control	ENSG00000182916	0.2568611777244871	-0.2413504211201829	FALSE	5	TCEAL7	TCEAL7
ENSG00000120438	36	35	1	0.01406279363061616	0.5808686384225953	0.548361310951239	0.03250732747135632	AD	ENSG00000120438	0.25646149746869173	-0.0156527114260605	FALSE	5	TCP1	TCP1
ENSG00000147099	84	113	-29	-0.4764359470357635	0.7029043431921129	0.7354116706634692	-0.03250732747135632	Control	ENSG00000147099	0.25646149746869173	0.03183731115815291	FALSE	5	HDAC8	HDAC8
ENSG00000007237	113	145	-32	-0.5254858211024014	0.742472688515854	0.7749800159872102	-0.03250732747135621	Control	ENSG00000007237	0.25606181721289634	-0.0956792158040809	FALSE	5	GAS7	GAS7
ENSG00000111652	501	630	-129	-2.111431749257029	0.945909938715694	0.9782840394351184	-0.03237410071942448	Control	ENSG00000111652	0.2557953637090328	-0.17403070681042188	FALSE	5	COPS7A	COPS7A
ENSG00000198668	343	406	-63	-1.0323345197909937	0.8828936850519584	0.9150013322675192	-0.03210764721556092	Control	ENSG00000198668	0.2555289102051692	-0.06170362210374058	FALSE	5	CALM1	CALM1
ENSG00000110931	49	69	-20	-0.3292863248358496	0.6305622168931522	0.662669864108713	-0.03210764721556081	Control	ENSG00000110931	0.2552624567013056	-0.18151751816059303	FALSE	5	CAMKK2	CAMKK2
ENSG00000111647	210	251	-41	-0.6726354433023153	0.8208100186517453	0.8527844391153744	-0.03197442046362908	Control	ENSG00000111647	0.25499600319744203	-0.1176986253664296	FALSE	5	BLTP3B	BLTP3B
ENSG00000115966	147	118	29	0.4718616182525705	0.7756461497468692	0.7438049560351718	0.03184119371169736	AD	ENSG00000115966	0.25472954969357847	0.00388839399331075	FALSE	5	ATF2	ATF2
ENSG00000246922	120	100	20	0.3247119960526566	0.7517985611510791	0.7199573674393819	0.03184119371169725	AD	ENSG00000246922	0.2544630961897149	0.08894441968694267	FALSE	5	UBAP1L	UBAP1L
ENSG00000075945	537	425	112	1.8289081340962208	0.9556354916067148	0.9240607513988808	0.03157474020783379	AD	ENSG00000075945	0.2540634159339195	-0.20092308978875015	FALSE	5	KIFAP3	KIFAP3
ENSG00000132932	123	159	-36	-0.590885653191252	0.7541966426858513	0.7857713828936851	-0.03157474020783379	Control	ENSG00000132932	0.2540634159339195	-0.25009663485276334	FALSE	5	ATP8A2	ATP8A2
ENSG00000089220	590	464	126	2.0578075464071977	0.9688249400479616	0.937250199840128	0.03157474020783368	AD	ENSG00000089220	0.2535305089261924	-0.11004759952002983	FALSE	5	PEBP1	PEBP1
ENSG00000125827	436	339	97	1.5836587637630308	0.922728483879563	0.8911537436717293	0.03157474020783368	AD	ENSG00000125827	0.2535305089261924	-0.14064519289367006	FALSE	5	TMX4	TMX4
ENSG00000166448	233	172	61	0.9950602749633752	0.829736211031175	0.7982946975752732	0.03144151345590185	AD	ENSG00000166448	0.253130828670397	-0.08711795059042693	FALSE	5	TMEM130	TMEM130
ENSG00000125037	353	259	94	1.5346088896963928	0.8879563016253664	0.8566480149213962	0.03130828670397023	AD	ENSG00000125037	0.25286437516653343	-0.0981021455445088	FALSE	5	EMC3	EMC3
ENSG00000116750	494	397	97	1.5836587637630308	0.9436450839328536	0.9123367972288836	0.03130828670397012	AD	ENSG00000116750	0.2521982414068745	-0.1402447385643235	FALSE	5	UCHL5	UCHL5
ENSG00000101557	561	434	127	2.0741575044294103	0.9597655209166	0.92845723421263	0.03130828670397012	AD	ENSG00000101557	0.2521982414068745	-0.07066204516715935	FALSE	5	USP14	USP14
ENSG00000163634	405	469	-64	-1.0486844778132065	0.9086064481747936	0.9399147348787636	-0.03130828670397012	Control	ENSG00000163634	0.2521982414068745	-0.11875043125011864	FALSE	5	THOC7	THOC7
ENSG00000145912	162	204	-42	-0.6889854013245279	0.7888355981881162	0.8201438848920863	-0.03130828670397012	Control	ENSG00000145912	0.2521982414068745	-0.14064640333479517	FALSE	5	NHP2	NHP2
ENSG00000172508	9	13	-4	-0.06768699648044711	0.3361310951239009	0.3673061550759392	-0.03117505995203834	Control	ENSG00000172508	0.2513988808952838	-0.16843373945501303	FALSE	5	CARNS1	CARNS1
ENSG00000138448	9	13	-4	-0.06768699648044711	0.3361310951239009	0.3673061550759392	-0.03117505995203834	Control	ENSG00000138448	0.2513988808952838	0.0145798509912769	FALSE	5	ITGAV	ITGAV
ENSG00000086232	189	231	-42	-0.6889854013245279	0.8086863842259526	0.8398614441779909	-0.03117505995203828	Control	ENSG00000086232	0.2509992006394884	-0.06862891606524002	FALSE	5	EIF2AK1	EIF2AK1
ENSG00000156411	424	504	-80	-1.3102838061686088	0.9176658673061552	0.9487077005062616	-0.03104183320010656	Control	ENSG00000156411	0.24940047961630696	-0.17523828640280392	FALSE	5	ATP5MJ	ATP5MJ
ENSG00000184384	135	167	-32	-0.5254858211024014	0.7637889688249401	0.7948308020250466	-0.03104183320010656	Control	ENSG00000184384	0.24940047961630696	0.1672592802271513	FALSE	5	MAML2	MAML2
ENSG00000174231	373	432	-59	-0.9669346877021432	0.896349586997069	0.9273914201971756	-0.03104183320010656	Control	ENSG00000174231	0.24940047961630696	-0.064982692832805	FALSE	5	PRPF8	PRPF8
ENSG00000171497	9	9	0	-0.00228716439159649	0.3361310951239009	0.3050892619237943	0.03104183320010656	Control	ENSG00000171497	0.24940047961630696	-0.04521967225869972	FALSE	5	PPID	PPID
ENSG00000102466	113	143	-30	-0.4927859050579761	0.742472688515854	0.7735145217159606	-0.03104183320010656	Control	ENSG00000102466	0.24940047961630696	-0.05708288366845693	FALSE	5	FGF14	FGF14
ENSG00000167378	81	108	-27	-0.4437360309913381	0.699173994138023	0.7302158273381295	-0.03104183320010656	Control	ENSG00000167378	0.24940047961630696	-0.05235026646557728	FALSE	5	IRGQ	IRGQ
ENSG00000122406	9	9	0	-0.00228716439159649	0.3361310951239009	0.3050892619237943	0.03104183320010656	Control	ENSG00000122406	0.24940047961630696	0.00422773801579445	FALSE	5	RPL5	RPL5
ENSG00000186350	9	9	0	-0.00228716439159649	0.3361310951239009	0.3050892619237943	0.03104183320010656	Control	ENSG00000186350	0.24940047961630696	0.1209831981865328	FALSE	5	RXRA	RXRA
ENSG00000108523	76	68	8	0.12851249978610474	0.6917132960298428	0.6606714628297362	0.03104183320010656	AD	ENSG00000108523	0.24940047961630696	-0.05156427013577946	FALSE	5	RNF167	RNF167
ENSG00000146373	9	9	0	-0.00228716439159649	0.3361310951239009	0.3050892619237943	0.03104183320010656	Control	ENSG00000146373	0.24940047961630696	0.07800347873458513	FALSE	5	RNF217	RNF217
ENSG00000101868	43	42	1	0.01406279363061616	0.609912070343725	0.5788702371436184	0.03104183320010656	AD	ENSG00000101868	0.24940047961630696	0.08146712216177399	FALSE	5	POLA1	POLA1
ENSG00000050748	712	550	162	2.6464060352068537	0.991207034372502	0.9602984279243272	0.03090860644817483	AD	ENSG00000050748	0.2478017585931255	-0.08369610609616807	FALSE	5	MAPK9	MAPK9
ENSG00000166167	390	296	94	1.5346088896963928	0.9023447908339994	0.8714361843858247	0.03090860644817472	AD	ENSG00000166167	0.24740207833733013	-0.02028203172825016	FALSE	5	BTRC	BTRC
ENSG00000067066	26	26	0	-0.00228716439159649	0.5242472688515853	0.4933386624034106	0.03090860644817472	Control	ENSG00000067066	0.24740207833733013	0.10908113687848876	FALSE	5	SP100	SP100
ENSG00000171132	301	354	-53	-0.8688349395688671	0.8675726085798028	0.8983479882760458	-0.030775379696243	Control	ENSG00000171132	0.24686917132960298	-0.22228032247703844	FALSE	5	PRKCE	PRKCE
ENSG00000167196	11	11	0	-0.00228716439159649	0.3675726085798029	0.33679722888355984	0.030775379696243	Control	ENSG00000167196	0.24686917132960298	0.05124320045377928	FALSE	5	FBXO22	FBXO22
ENSG00000175874	320	235	85	1.387459267496479	0.8738342659205969	0.8431921129762856	0.03064215294431127	AD	ENSG00000175874	0.24633626432187583	-0.4233093142292148	FALSE	5	CREG2	CREG2
ENSG00000148498	72	96	-24	-0.39468615692470016	0.6837196909139355	0.7143618438582467	-0.03064215294431127	Control	ENSG00000148498	0.24633626432187583	0.24236977265876017	FALSE	5	PARD3	PARD3
ENSG00000183230	10	10	0	-0.00228716439159649	0.35251798561151076	0.32187583266719955	0.03064215294431122	Control	ENSG00000183230	0.24580335731414868	0.09409188618217534	FALSE	5	CTNNA3	CTNNA3
ENSG00000059377	10	10	0	-0.00228716439159649	0.35251798561151076	0.32187583266719955	0.03064215294431122	Control	ENSG00000059377	0.24580335731414868	0.34573644292531025	FALSE	5	TBXAS1	TBXAS1
ENSG00000213614	23	32	-9	-0.14943678659151036	0.5001332267519318	0.530775379696243	-0.03064215294431116	Control	ENSG00000213614	0.2454036770583533	0.03706302864233812	FALSE	5	HEXA	HEXA
ENSG00000151465	361	272	89	1.4528590995853297	0.8912869704236611	0.8607780442312817	0.03050892619237943	AD	ENSG00000151465	0.24500399680255797	-0.11564094415214576	FALSE	5	CDC123	CDC123
ENSG00000170540	110	137	-27	-0.4437360309913381	0.7382094324540368	0.7687183586464162	-0.03050892619237943	Control	ENSG00000170540	0.24500399680255797	-0.16087173933744126	FALSE	5	ARL6IP1	ARL6IP1
ENSG00000187239	56	77	-21	-0.3456362828580622	0.6486810551558753	0.679056754596323	-0.03037569944044771	Control	ENSG00000187239	0.2446043165467626	0.07093258025312466	FALSE	5	FNBP1	FNBP1
ENSG00000143772	38	55	-17	-0.2802364507692116	0.5907274180655475	0.6208366640021317	-0.03010924593658415	Control	ENSG00000143772	0.244337863042899	0.2821608148929471	FALSE	5	ITPKB	ITPKB
ENSG00000258890	96	122	-26	-0.4273860729691255	0.7191580069277911	0.7492672528643751	-0.03010924593658404	Control	ENSG00000258890	0.24393818278710366	0.08668064008165288	FALSE	5	CEP95	CEP95
ENSG00000102699	49	68	-19	-0.3129363668136369	0.6305622168931522	0.6606714628297362	-0.03010924593658404	Control	ENSG00000102699	0.24393818278710366	0.02777233332493089	FALSE	5	PARP4	PARP4
ENSG00000178662	418	325	93	1.51825893167418	0.9138022915001331	0.8838262723154809	0.02997601918465231	AD	ENSG00000178662	0.2432720490274447	-0.07056647611124944	FALSE	5	CSRNP3	CSRNP3
ENSG00000136938	12	12	0	-0.00228716439159649	0.3824940047961631	0.35251798561151076	0.02997601918465231	Control	ENSG00000136938	0.2432720490274447	0.15580072926811894	FALSE	5	ANP32B	ANP32B
ENSG00000141576	12	12	0	-0.00228716439159649	0.3824940047961631	0.35251798561151076	0.02997601918465231	Control	ENSG00000141576	0.2432720490274447	-0.11285527736330891	FALSE	5	RNF157	RNF157
ENSG00000129116	19	27	-8	-0.1330868285692977	0.469890754063416	0.4998667732480682	-0.02997601918465226	Control	ENSG00000129116	0.24273914201971755	0.1964287320290783	FALSE	5	PALLD	PALLD
ENSG00000165152	301	351	-50	-0.8197850655022292	0.8675726085798028	0.8974154010125233	-0.02984279243272047	Control	ENSG00000165152	0.2423394617639222	-0.13452798887579043	FALSE	5	PGAP4	PGAP4
ENSG00000182901	256	198	58	0.9460104008967376	0.8451905142552625	0.815347721822542	0.02984279243272047	AD	ENSG00000182901	0.2423394617639222	-0.2345166797210929	FALSE	5	RGS7	RGS7
ENSG00000117395	474	573	-99	-1.6209330085906493	0.937783106847855	0.9674926725286438	-0.02970956568078875	Control	ENSG00000117395	0.24167332800426325	-0.1295519531376783	FALSE	5	EBNA1BP2	EBNA1BP2
ENSG00000132122	13	13	0	-0.00228716439159649	0.397015720756728	0.3673061550759392	0.02970956568078875	Control	ENSG00000132122	0.24167332800426325	-0.01555253463521388	FALSE	5	SPATA6	SPATA6
ENSG00000148948	13	13	0	-0.00228716439159649	0.397015720756728	0.3673061550759392	0.02970956568078875	Control	ENSG00000148948	0.24167332800426325	0.01335329400646223	FALSE	5	LRRC4C	LRRC4C
ENSG00000065154	568	449	119	1.943357840251709	0.9617639221955768	0.9320543565147882	0.02970956568078864	AD	ENSG00000065154	0.24100719424460432	-0.19212681784301824	FALSE	5	OAT	OAT
ENSG00000196465	264	308	-44	-0.7216853173689532	0.84798827604583	0.8776978417266187	-0.02970956568078864	Control	ENSG00000196465	0.24100719424460432	-0.0426185135840047	FALSE	5	MYL6B	MYL6B
ENSG00000179010	316	235	81	1.3220594354076285	0.8727684519051425	0.8431921129762856	0.02957633892885691	AD	ENSG00000179010	0.24047428723687717	-0.12862647333138	FALSE	5	MRFAP1	MRFAP1
ENSG00000166579	495	603	-108	-1.7680826307905633	0.9440447641886492	0.973621103117506	-0.02957633892885691	Control	ENSG00000166579	0.24047428723687717	-0.02443459329285424	FALSE	5	NDEL1	NDEL1
ENSG00000118200	143	178	-35	-0.5745356951690394	0.7721822541966427	0.8016253663735678	-0.02944311217692519	Control	ENSG00000118200	0.2400746069810818	0.02529860492857238	FALSE	5	CAMSAP2	CAMSAP2
ENSG00000072832	351	407	-56	-0.9178848136355052	0.886357580602185	0.91580069277911	-0.02944311217692508	Control	ENSG00000072832	0.23980815347721823	-0.14203491505775112	FALSE	5	CRMP1	CRMP1
ENSG00000115520	353	265	88	1.436509141563117	0.8879563016253664	0.8586464162003731	0.02930988542499335	AD	ENSG00000115520	0.23954169997335464	-0.12902376645114977	FALSE	5	COQ10B	COQ10B
ENSG00000154277	372	284	88	1.436509141563117	0.89568345323741	0.8665067945643485	0.02917665867306151	AD	ENSG00000154277	0.23914201971755927	-0.10476639419562515	FALSE	5	UCHL1	UCHL1
ENSG00000116106	260	304	-44	-0.7216853173689532	0.8463895550226486	0.8755662136957101	-0.02917665867306151	Control	ENSG00000116106	0.23914201971755927	-0.03541247310428197	FALSE	5	EPHA4	EPHA4
ENSG00000114573	554	438	116	1.8943079661850712	0.9583000266453504	0.9292565947242206	0.02904343192112979	AD	ENSG00000114573	0.23834265920596856	-0.1819157190801288	FALSE	5	ATP6V1A	ATP6V1A
ENSG00000225465	268	205	63	1.0277601910078007	0.8499866773248068	0.820943245403677	0.02904343192112979	AD	ENSG00000225465	0.23834265920596856	-0.22229174001192753	FALSE	5	RFPL1S	RFPL1S
ENSG00000156471	412	474	-62	-1.015984561768781	0.91207034372502	0.9411137756461496	-0.02904343192112979	Control	ENSG00000156471	0.23834265920596856	-0.0639702687421746	FALSE	5	PTDSS1	PTDSS1
ENSG00000144746	133	162	-29	-0.4764359470357635	0.7612576605382361	0.7903010924593659	-0.02904343192112979	Control	ENSG00000144746	0.23834265920596856	-0.08704902368807943	FALSE	5	ARL6IP5	ARL6IP5
ENSG00000109436	513	417	96	1.5673088057408182	0.9499067412736476	0.920863309352518	0.02904343192112968	AD	ENSG00000109436	0.23767652544630963	-0.15547267603283466	FALSE	5	TBC1D9	TBC1D9
ENSG00000131779	572	728	-156	-2.5528806158567705	0.9630961897148947	0.9920063948840928	-0.02891020516919795	Control	ENSG00000131779	0.23714361843858248	-0.11910072760998248	FALSE	5	PEX11B	PEX11B
ENSG00000233237	8	8	0	-0.00228716439159649	0.3160138555822009	0.28710365041300295	0.02891020516919795	Control	ENSG00000233237	0.23714361843858248	0.22176445484402052	FALSE	5	LINC00472	LINC00472
ENSG00000064932	8	8	0	-0.00228716439159649	0.3160138555822009	0.28710365041300295	0.02891020516919795	Control	ENSG00000064932	0.23714361843858248	-0.01219558800660181	FALSE	5	SBNO2	SBNO2
ENSG00000111669	554	684	-130	-2.1277817072792415	0.9583000266453504	0.9870770050626164	-0.02877697841726612	Control	ENSG00000111669	0.23634425792699174	-0.14805002413127075	FALSE	5	TPI1	TPI1
ENSG00000144635	505	410	95	1.5509588477186056	0.9468425259792166	0.9180655475619504	0.02877697841726612	AD	ENSG00000144635	0.23634425792699174	-0.1442071357611283	FALSE	5	DYNC1LI1	DYNC1LI1
ENSG00000108344	441	350	91	1.485559015629755	0.925792699173994	0.897015720756728	0.02877697841726612	AD	ENSG00000108344	0.23634425792699174	-0.0553430733672613	FALSE	5	PSMD3	PSMD3
ENSG00000135070	439	519	-80	-1.3102838061686088	0.9244604316546764	0.9531041833200108	-0.02864375166533439	Control	ENSG00000135070	0.23527844391153743	-0.08883525007789395	FALSE	5	ISCA1	ISCA1
ENSG00000187555	578	766	-188	-3.076079272567575	0.966027178257394	0.9946709299227284	-0.02864375166533439	Control	ENSG00000187555	0.23527844391153743	-0.05784518554219708	FALSE	5	USP7	USP7
ENSG00000127995	317	237	80	1.3057094773854157	0.8733013589128698	0.8446576072475354	0.02864375166533439	AD	ENSG00000127995	0.23527844391153743	-0.01988936174648969	FALSE	5	CASD1	CASD1
ENSG00000123119	119	101	18	0.2920120800082313	0.7500666133759659	0.7214228617106315	0.02864375166533439	AD	ENSG00000123119	0.23527844391153743	-0.12153259800788165	FALSE	5	NECAB1	NECAB1
ENSG00000109320	21	21	0	-0.00228716439159649	0.4845456967759126	0.4559019451105782	0.02864375166533439	Control	ENSG00000109320	0.23527844391153743	0.10183018346096516	FALSE	5	NFKB1	NFKB1
ENSG00000177875	36	36	0	-0.00228716439159649	0.5808686384225953	0.5523581135091926	0.02851052491340267	Control	ENSG00000177875	0.23421262989608313	-0.3347950255678729	FALSE	5	CCDC184	CCDC184
ENSG00000122126	405	315	90	1.4692090576075425	0.9086064481747936	0.8800959232613909	0.02851052491340267	AD	ENSG00000122126	0.23421262989608313	0.01031139366708089	FALSE	5	OCRL	OCRL
ENSG00000135930	183	223	-40	-0.6562854852801027	0.8048228084199307	0.8333333333333334	-0.02851052491340267	Control	ENSG00000135930	0.23421262989608313	-0.03814197056205515	FALSE	5	EIF4E2	EIF4E2
ENSG00000163655	146	120	26	0.42281174418593254	0.7745803357314148	0.7460698108180123	0.02851052491340255	AD	ENSG00000163655	0.2335464961364242	-0.08725145389575673	FALSE	5	GMPS	GMPS
ENSG00000123240	89	116	-27	-0.4437360309913381	0.7112976285638156	0.7398081534772182	-0.02851052491340255	Control	ENSG00000123240	0.2335464961364242	0.00677507111752895	FALSE	5	OPTN	OPTN
ENSG00000173113	206	240	-34	-0.5581857371468267	0.8185451638689049	0.8469224620303757	-0.02837729816147083	Control	ENSG00000173113	0.23301358912869705	-0.10528098867606062	FALSE	5	TRMT112	TRMT112
ENSG00000106605	179	220	-41	-0.6726354433023153	0.8026911803890221	0.8310684785504929	-0.02837729816147083	Control	ENSG00000106605	0.23301358912869705	-0.09427858211089024	FALSE	5	BLVRA	BLVRA
ENSG00000142961	7	10	-3	-0.05133703845823445	0.29349853450572877	0.32187583266719955	-0.02837729816147077	Control	ENSG00000142961	0.2324806821209699	0.14528596105851577	FALSE	5	MOB3C	MOB3C
ENSG00000188559	7	10	-3	-0.05133703845823445	0.29349853450572877	0.32187583266719955	-0.02837729816147077	Control	ENSG00000188559	0.2324806821209699	0.03545775671959106	FALSE	5	RALGAPA2	RALGAPA2
ENSG00000126945	563	450	113	1.8452580921184336	0.9606981081801226	0.9324540367705836	0.02824407140953899	AD	ENSG00000126945	0.23208100186517452	-0.13519902918051585	FALSE	5	HNRNPH2	HNRNPH2
ENSG00000035115	31	44	-13	-0.214836618680361	0.5567545963229417	0.5848654409805489	-0.02811084465760727	Control	ENSG00000035115	0.23181454836131096	0.10562696066334	FALSE	5	SH3YL1	SH3YL1
ENSG00000131495	111	136	-25	-0.4110361149469128	0.7398081534772182	0.7677857713828937	-0.02797761790567554	Control	ENSG00000131495	0.23154809485744737	-0.1323755589102671	FALSE	5	NDUFA2	NDUFA2
ENSG00000105401	174	140	34	0.5536114083636338	0.7990940580868638	0.7711164401811884	0.02797761790567543	AD	ENSG00000105401	0.23101518784972022	-0.0993300619572075	FALSE	5	CDC37	CDC37
ENSG00000196597	22	30	-8	-0.1330868285692977	0.49213962163602454	0.5201172395417	-0.02797761790567543	Control	ENSG00000196597	0.23101518784972022	0.09567143482626772	FALSE	5	ZNF782	ZNF782
ENSG00000143612	22	30	-8	-0.1330868285692977	0.49213962163602454	0.5201172395417	-0.02797761790567543	Control	ENSG00000143612	0.23101518784972022	-0.01799634697630914	FALSE	5	C1orf43	C1orf43
ENSG00000028839	44	62	-18	-0.2965864087914242	0.614308553157474	0.6421529443112177	-0.02784439115374371	Control	ENSG00000028839	0.23048228084199307	-0.05671165999059546	FALSE	5	TBPL1	TBPL1
ENSG00000143575	246	186	60	0.9787103169411628	0.8361310951239008	0.808419930722089	0.02771116440181187	AD	ENSG00000143575	0.2302158273381295	-0.08206934197591664	FALSE	5	HAX1	HAX1
ENSG00000187094	97	84	13	0.21026228989716805	0.7207567279509726	0.6931787903010924	0.02757793764988014	AD	ENSG00000187094	0.22981614708233414	-0.223456379972772	FALSE	5	CCK	CCK
ENSG00000152382	56	76	-20	-0.3292863248358496	0.6486810551558753	0.6762589928057554	-0.02757793764988014	Control	ENSG00000152382	0.22981614708233414	-0.08870664470952239	FALSE	5	TADA1	TADA1
ENSG00000158526	57	56	1	0.01406279363061616	0.65201172395417	0.6244337863042899	0.02757793764988003	AD	ENSG00000158526	0.22941646682653877	-0.054180645717679	FALSE	5	TSR2	TSR2
ENSG00000134287	383	299	84	1.3711093094742663	0.9002131628030908	0.8727684519051425	0.02744471089794831	AD	ENSG00000134287	0.2280841993072209	-0.05759610667267978	FALSE	5	ARF3	ARF3
ENSG00000116752	458	548	-90	-1.4737833863907357	0.9323208100186516	0.9597655209166	-0.02744471089794831	Control	ENSG00000116752	0.2280841993072209	-0.15266031483644227	FALSE	5	BCAS2	BCAS2
ENSG00000197170	497	409	88	1.436509141563117	0.9444444444444444	0.916999733546496	0.02744471089794831	AD	ENSG00000197170	0.2280841993072209	-0.1627975351853621	FALSE	5	PSMD12	PSMD12
ENSG00000065548	426	339	87	1.4201591835409042	0.9185984545696776	0.8911537436717293	0.02744471089794831	AD	ENSG00000065548	0.2280841993072209	-0.08058829772701159	FALSE	5	ZC3H15	ZC3H15
ENSG00000164919	191	228	-37	-0.6072356112134647	0.809618971489475	0.8370636823874233	-0.02744471089794831	Control	ENSG00000164919	0.2280841993072209	-0.16274704392147754	FALSE	5	COX6C	COX6C
ENSG00000170445	327	368	-41	-0.6726354433023153	0.8759658939515055	0.9034106048494538	-0.02744471089794831	Control	ENSG00000170445	0.2280841993072209	-0.09805313155138506	FALSE	5	HARS1	HARS1
ENSG00000164117	10	14	-4	-0.06768699648044711	0.35251798561151076	0.3799626965094591	-0.02744471089794831	Control	ENSG00000164117	0.2280841993072209	0.04547422398909528	FALSE	5	FBXO8	FBXO8
ENSG00000198001	16	22	-6	-0.10038691252487242	0.4373834265920597	0.464828137490008	-0.02744471089794831	Control	ENSG00000198001	0.2280841993072209	0.06484010273205243	FALSE	5	IRAK4	IRAK4
ENSG00000159079	16	22	-6	-0.10038691252487242	0.4373834265920597	0.464828137490008	-0.02744471089794831	Control	ENSG00000159079	0.2280841993072209	0.08518806415779956	FALSE	5	CFAP298	CFAP298
ENSG00000015479	22	22	0	-0.00228716439159649	0.49213962163602454	0.464828137490008	0.02731148414601653	Control	ENSG00000015479	0.226751931787903	0.06133136035674269	FALSE	5	MATR3	MATR3
ENSG00000178988	268	307	-39	-0.6399355272578899	0.8499866773248068	0.8772981614708233	-0.02731148414601647	Control	ENSG00000178988	0.22648547828403945	-0.05395779163621306	FALSE	5	MRFAP1L1	MRFAP1L1
ENSG00000140455	42	42	0	-0.00228716439159649	0.6060484945377032	0.5788702371436184	0.02717825739408475	Control	ENSG00000140455	0.22621902478017586	0.09385590467962324	FALSE	5	USP3	USP3
ENSG00000158941	627	509	118	1.9270078822294965	0.9772182254196644	0.9501731947775112	0.02704503064215302	AD	ENSG00000158941	0.2258193445243805	-0.0630871216446085	FALSE	5	CCAR2	CCAR2
ENSG00000172500	382	431	-49	-0.8034351074800166	0.8995470290434319	0.9265920596855848	-0.02704503064215302	Control	ENSG00000172500	0.2258193445243805	-0.19519970875635903	FALSE	5	FIBP	FIBP
ENSG00000198961	570	459	111	1.812558176074008	0.9624300559552358	0.9353850253130828	0.02704503064215291	AD	ENSG00000198961	0.22528643751665334	-0.28227760046826056	FALSE	5	PJA2	PJA2
ENSG00000197106	41	41	0	-0.00228716439159649	0.6021849187316813	0.5751398880895284	0.02704503064215291	Control	ENSG00000197106	0.22528643751665334	-0.3413532334973475	FALSE	5	SLC6A17	SLC6A17
ENSG00000185518	253	290	-37	-0.6072356112134647	0.8423927524646949	0.8693045563549161	-0.02691180389022118	Control	ENSG00000185518	0.22475353050892619	-0.2706793620699095	FALSE	5	SV2B	SV2B
ENSG00000152932	96	120	-24	-0.39468615692470016	0.7191580069277911	0.7460698108180123	-0.02691180389022118	Control	ENSG00000152932	0.22475353050892619	-0.21726660253713703	FALSE	5	RAB3C	RAB3C
ENSG00000088812	159	191	-32	-0.5254858211024014	0.7855049293898215	0.8124167332800426	-0.02691180389022107	Control	ENSG00000088812	0.22435385025313082	-0.06614988933880106	FALSE	5	ATRN	ATRN
ENSG00000179091	314	238	76	1.2403096452965652	0.8719690913935518	0.8451905142552625	0.02677857713828935	AD	ENSG00000179091	0.22382094324540366	-0.1397193773429244	FALSE	5	CYC1	CYC1
ENSG00000149582	125	107	18	0.2920120800082313	0.7556621369571009	0.7288835598188116	0.02677857713828935	AD	ENSG00000149582	0.22382094324540366	-0.01987971543388766	FALSE	5	TMEM25	TMEM25
ENSG00000102401	507	416	91	1.485559015629755	0.947242206235012	0.9204636290967226	0.02677857713828935	AD	ENSG00000102401	0.22382094324540366	-0.1088904614760562	FALSE	5	ARMCX3	ARMCX3
ENSG00000164332	408	326	82	1.338409393429841	0.910738076205702	0.8842259525712763	0.02651212363442578	AD	ENSG00000164332	0.22315480948574473	-0.19369463584087931	FALSE	5	UBLCP1	UBLCP1
ENSG00000136827	347	395	-48	-0.7870851494578038	0.8843591793232081	0.910871302957634	-0.02651212363442578	Control	ENSG00000136827	0.22315480948574473	-0.04549821880050331	FALSE	5	TOR1A	TOR1A
ENSG00000176105	89	80	9	0.1448624578083174	0.7112976285638156	0.6849187316813216	0.02637889688249406	AD	ENSG00000176105	0.22275512922994936	0.17968224523386667	FALSE	5	YES1	YES1
ENSG00000168994	17	18	-1	-0.01863712241380915	0.4495070610178524	0.4231281641353584	0.026378896882494	Control	ENSG00000168994	0.2224886757260858	0.1219162581676585	FALSE	5	PXDC1	PXDC1
ENSG00000118402	115	99	16	0.25931216396380596	0.7450039968025579	0.718625099920064	0.02637889688249395	AD	ENSG00000118402	0.2222222222222222	-0.09637165142046022	FALSE	5	ELOVL4	ELOVL4
ENSG00000177383	276	217	59	0.96236035891895	0.8553157474020784	0.8290700772715162	0.02624567013056222	AD	ENSG00000177383	0.22155608846256328	-0.06404973916316514	FALSE	5	MAGEF1	MAGEF1
ENSG00000179115	421	478	-57	-0.9342347716577176	0.9156674660271784	0.9419131361577404	-0.02624567013056222	Control	ENSG00000179115	0.22155608846256328	-0.1284759882549391	FALSE	5	FARSA	FARSA
ENSG00000087460	321	243	78	1.2730095613409904	0.874367172928324	0.8481215027977618	0.02624567013056222	AD	ENSG00000087460	0.22155608846256328	-0.09775461749396008	FALSE	5	GNAS	GNAS
ENSG00000163590	73	95	-22	-0.36198624088027487	0.6857180921929124	0.7119637623234746	-0.02624567013056222	Control	ENSG00000163590	0.22155608846256328	-0.1470024260535574	FALSE	5	PPM1L	PPM1L
ENSG00000161057	457	377	80	1.3057094773854157	0.9317879030109246	0.905675459632294	0.0261124433786305	AD	ENSG00000161057	0.22075672795097256	-0.10540633523654463	FALSE	5	PSMC2	PSMC2
ENSG00000125743	187	223	-36	-0.590885653191252	0.8072208899547029	0.8333333333333334	-0.0261124433786305	Control	ENSG00000125743	0.22075672795097256	-0.1018454591388327	FALSE	5	SNRPD2	SNRPD2
ENSG00000131263	722	566	156	2.5483062870735775	0.9914734878763656	0.9653610444977352	0.02611244337863039	AD	ENSG00000131263	0.21995736743938182	-0.0934070084160208	FALSE	5	RLIM	RLIM
ENSG00000115825	79	102	-23	-0.37833619890248754	0.6967759126032508	0.7228883559818812	-0.02611244337863039	Control	ENSG00000115825	0.21995736743938182	0.1786176986721415	FALSE	5	PRKD3	PRKD3
ENSG00000112651	306	346	-40	-0.6562854852801027	0.8689048760991207	0.8950173194777511	-0.02611244337863039	Control	ENSG00000112651	0.21995736743938182	-0.1687255784118058	FALSE	5	MRPL2	MRPL2
ENSG00000140497	87	79	8	0.12851249978610474	0.7087663202771116	0.6826538768984812	0.02611244337863039	AD	ENSG00000140497	0.21995736743938182	0.10181019484606502	FALSE	5	SCAMP2	SCAMP2
ENSG00000198888	7	7	0	-0.00228716439159649	0.29349853450572877	0.2675193178790301	0.02597921662669866	Control	ENSG00000198888	0.2190247801758593	0.1403958707680033	FALSE	5	MT-ND1	MT-ND1
ENSG00000133612	7	7	0	-0.00228716439159649	0.29349853450572877	0.2675193178790301	0.02597921662669866	Control	ENSG00000133612	0.2190247801758593	0.0209468184720265	FALSE	5	AGAP3	AGAP3
ENSG00000176658	7	7	0	-0.00228716439159649	0.29349853450572877	0.2675193178790301	0.02597921662669866	Control	ENSG00000176658	0.2190247801758593	0.051557490943375577	FALSE	5	MYO1D	MYO1D
ENSG00000198689	586	480	106	1.7308083859629446	0.9682920330402344	0.9424460431654677	0.02584598987476682	AD	ENSG00000198689	0.2182254196642686	-0.08585113711924564	FALSE	5	SLC9A6	SLC9A6
ENSG00000116044	62	82	-20	-0.3292863248358496	0.6637356781241673	0.6895816679989342	-0.02584598987476682	Control	ENSG00000116044	0.2182254196642686	0.0371800105314044	FALSE	5	NFE2L2	NFE2L2
ENSG00000184524	29	40	-11	-0.18213670263593568	0.5442312816413536	0.5700772715161204	-0.02584598987476682	Control	ENSG00000184524	0.2182254196642686	-0.1644095281187461	FALSE	5	CEND1	CEND1
ENSG00000214176	94	117	-23	-0.37833619890248754	0.7164934718891554	0.7422062350119905	-0.0257127631228351	Control	ENSG00000214176	0.21755928590460966	0.05915416897844139	FALSE	5	PLEKHM1P1	PLEKHM1P1
ENSG00000115947	281	327	-46	-0.7543852334133786	0.8590460964561684	0.8847588595790035	-0.0257127631228351	Control	ENSG00000115947	0.21755928590460966	-0.0552125325669941	FALSE	5	ORC4	ORC4
ENSG00000105402	515	617	-102	-1.6699828826572871	0.950439648281375	0.97615241140421	-0.02571276312283499	Control	ENSG00000105402	0.2170263788968825	-0.1596562817326994	FALSE	5	NAPA	NAPA
ENSG00000167615	54	54	0	-0.00228716439159649	0.643218758326672	0.617505995203837	0.02571276312283499	Control	ENSG00000167615	0.2170263788968825	0.0391102915335022	FALSE	5	LENG8	LENG8
ENSG00000134717	659	530	129	2.106857420473836	0.981215027977618	0.9556354916067148	0.02557953637090326	AD	ENSG00000134717	0.21662669864108713	-0.13835090069527034	FALSE	5	BTF3L4	BTF3L4
ENSG00000164161	28	29	-1	-0.01863712241380915	0.5390354383160139	0.5135891286970423	0.02544630961897154	Control	ENSG00000164161	0.21636024513722354	0.11260146995720176	FALSE	5	HHIP	HHIP
ENSG00000125166	595	494	101	1.6490585958518815	0.9704236610711432	0.9451105782041034	0.0253130828670397	AD	ENSG00000125166	0.2158273381294964	-0.1537727311034036	FALSE	5	GOT2	GOT2
ENSG00000198794	181	217	-36	-0.590885653191252	0.8037569944044765	0.8290700772715162	-0.0253130828670397	Control	ENSG00000198794	0.2158273381294964	-0.08983017291961204	FALSE	5	SCAMP5	SCAMP5
ENSG00000004897	479	563	-84	-1.3756836382574595	0.9392486011191048	0.9645616839861444	-0.0253130828670397	Control	ENSG00000004897	0.2158273381294964	-0.06078645224702228	FALSE	5	CDC27	CDC27
ENSG00000175166	312	346	-34	-0.5581857371468267	0.869970690114575	0.8950173194777511	-0.02504662936317614	Control	ENSG00000175166	0.21516120436983746	-0.05941758724108048	FALSE	5	PSMD2	PSMD2
ENSG00000203879	613	827	-214	-3.501178181145104	0.9741540101252332	0.9992006394884092	-0.02504662936317614	Control	ENSG00000203879	0.21516120436983746	-0.1581876342364783	FALSE	5	GDI1	GDI1
ENSG00000178974	430	346	84	1.3711093094742663	0.9199307220889956	0.8950173194777511	0.02491340261124441	AD	ENSG00000178974	0.2147615241140421	-0.04763586996448588	FALSE	5	FBXO34	FBXO34
ENSG00000148672	5	7	-2	-0.0349870804360218	0.24260591526778577	0.2675193178790301	-0.02491340261124433	Control	ENSG00000148672	0.21422861710631494	-0.01165758133736361	FALSE	5	GLUD1	GLUD1
ENSG00000170348	5	7	-2	-0.0349870804360218	0.24260591526778577	0.2675193178790301	-0.02491340261124433	Control	ENSG00000170348	0.21422861710631494	-0.0066631037098972	FALSE	5	TMED10	TMED10
ENSG00000187775	5	7	-2	-0.0349870804360218	0.24260591526778577	0.2675193178790301	-0.02491340261124433	Control	ENSG00000187775	0.21422861710631494	-0.01369198724282494	FALSE	5	DNAH17	DNAH17
ENSG00000163001	461	543	-82	-1.3429837222130343	0.933386624034106	0.9581667998934186	-0.02478017585931258	Control	ENSG00000163001	0.21342925659472423	-0.100280584164814	FALSE	5	CFAP36	CFAP36
ENSG00000181191	338	376	-38	-0.6235855692356773	0.8803623767652544	0.905142552624567	-0.02478017585931258	Control	ENSG00000181191	0.21342925659472423	-0.02459020919301835	FALSE	5	PJA1	PJA1
ENSG00000112851	51	68	-17	-0.2802364507692116	0.6358912869704236	0.6606714628297362	-0.02478017585931258	Control	ENSG00000112851	0.21342925659472423	0.23970378507496903	FALSE	5	ERBIN	ERBIN
ENSG00000075340	169	202	-33	-0.5418357791246141	0.794031441513456	0.8186783906208367	-0.02464694910738074	Control	ENSG00000075340	0.2124966693312017	-0.02084552700345021	FALSE	5	ADD2	ADD2
ENSG00000183454	79	101	-22	-0.36198624088027487	0.6967759126032508	0.7214228617106315	-0.02464694910738074	Control	ENSG00000183454	0.2124966693312017	-0.41193140729007105	FALSE	5	GRIN2A	GRIN2A
ENSG00000174938	143	121	22	0.3574119120970819	0.7721822541966427	0.7475353050892619	0.02464694910738074	AD	ENSG00000174938	0.2124966693312017	-0.29287592226119585	FALSE	5	SEZ6L2	SEZ6L2
ENSG00000130158	32	45	-13	-0.214836618680361	0.5639488409272582	0.5885957900346389	-0.02464694910738074	Control	ENSG00000130158	0.2124966693312017	0.1400473948476595	FALSE	5	DOCK6	DOCK6
ENSG00000081154	19	20	-1	-0.01863712241380915	0.469890754063416	0.44537703170796694	0.02451372235544902	Control	ENSG00000081154	0.211697308819611	0.00640453185899403	FALSE	5	PCNP	PCNP
ENSG00000125870	19	20	-1	-0.01863712241380915	0.469890754063416	0.44537703170796694	0.02451372235544902	Control	ENSG00000125870	0.211697308819611	-0.07952723902560876	FALSE	5	SNRPB2	SNRPB2
ENSG00000130770	117	141	-24	-0.39468615692470016	0.7474020783373302	0.7719158006927791	-0.0245137223554489	Control	ENSG00000130770	0.21129762856381562	-0.12862710857562476	FALSE	5	ATP5IF1	ATP5IF1
ENSG00000111783	27	37	-10	-0.16578674461372303	0.5325073274713562	0.5568878230748734	-0.02438049560351718	Control	ENSG00000111783	0.21103117505995203	0.06811019929474149	FALSE	5	RFX4	RFX4
ENSG00000124194	215	242	-27	-0.4437360309913381	0.8233413269384492	0.8475885957900346	-0.02424726885158545	Control	ENSG00000124194	0.21076472155608847	-0.13963322153831648	FALSE	5	GDAP1L1	GDAP1L1
ENSG00000143970	56	56	0	-0.00228716439159649	0.6486810551558753	0.6244337863042899	0.02424726885158534	Control	ENSG00000143970	0.21049826805222488	0.16277217171822933	FALSE	5	ASXL2	ASXL2
ENSG00000147224	443	510	-67	-1.0977343518798444	0.9265920596855848	0.9507061017852384	-0.02411404209965362	Control	ENSG00000147224	0.21009858779642954	-0.11185250743671028	FALSE	5	PRPS1	PRPS1
ENSG00000054116	171	204	-33	-0.5418357791246141	0.7960298427924327	0.8201438848920863	-0.02411404209965362	Control	ENSG00000054116	0.21009858779642954	0.04741474220040231	FALSE	5	TRAPPC3	TRAPPC3
ENSG00000197343	43	59	-16	-0.26388649274699894	0.609912070343725	0.6338928856914469	-0.02398081534772189	Control	ENSG00000197343	0.20969890754063417	0.09948121176503656	FALSE	5	ZNF655	ZNF655
ENSG00000102226	632	521	111	1.812558176074008	0.978017585931255	0.9540367705835332	0.02398081534772178	AD	ENSG00000102226	0.20943245403677058	-0.09807970849116998	FALSE	5	USP11	USP11
ENSG00000115944	604	776	-172	-2.814479944212173	0.9725552891020516	0.9964028776978416	-0.02384758859579006	Control	ENSG00000115944	0.20876632027711164	-0.0853362627799843	FALSE	5	COX7A2L	COX7A2L
ENSG00000118873	351	277	74	1.2076097292521395	0.886357580602185	0.8625099920063949	0.02384758859579006	AD	ENSG00000118873	0.20876632027711164	-0.13632353479368042	FALSE	5	RAB3GAP2	RAB3GAP2
ENSG00000116478	105	127	-22	-0.36198624088027487	0.7331468158806288	0.7569944044764189	-0.02384758859579006	Control	ENSG00000116478	0.20876632027711164	0.07533684260203444	FALSE	5	HDAC1	HDAC1
ENSG00000124209	453	382	71	1.158559855185502	0.9304556354916068	0.9066080468958166	0.02384758859579006	AD	ENSG00000124209	0.20876632027711164	-0.01579135025562372	FALSE	5	RAB22A	RAB22A
ENSG00000184613	238	186	52	0.8479106527634616	0.8321342925659473	0.808419930722089	0.02371436184385833	AD	ENSG00000184613	0.20783373301358912	-0.14451103400556065	FALSE	5	NELL2	NELL2
ENSG00000105223	380	419	-39	-0.6399355272578899	0.8980815347721822	0.9217958966160406	-0.02371436184385833	Control	ENSG00000105223	0.20783373301358912	-0.05129220154723413	FALSE	5	PLD3	PLD3
ENSG00000169891	382	421	-39	-0.6399355272578899	0.8995470290434319	0.9232613908872902	-0.02371436184385833	Control	ENSG00000169891	0.20783373301358912	-0.00264309494708392	FALSE	5	REPS2	REPS2
ENSG00000118160	30	31	-1	-0.01863712241380915	0.5494271249666933	0.5257127631228351	0.02371436184385822	Control	ENSG00000118160	0.20730082600586197	-0.06898950352517552	FALSE	5	SLC8A2	SLC8A2
ENSG00000149269	447	372	75	1.2239596872743523	0.928324007460698	0.9047428723687716	0.02358113509192649	AD	ENSG00000149269	0.20676791899813482	-0.2623762653027324	FALSE	5	PAK1	PAK1
ENSG00000162377	422	342	80	1.3057094773854157	0.9166000532907008	0.8930189181987743	0.02358113509192649	AD	ENSG00000162377	0.20676791899813482	-0.09464722294123716	FALSE	5	COA7	COA7
ENSG00000280798	62	81	-19	-0.3129363668136369	0.6637356781241673	0.6873168132160938	-0.02358113509192649	Control	ENSG00000280798	0.20676791899813482	-0.01973902399500815	FALSE	5	LINC00294	LINC00294
ENSG00000198492	431	486	-55	-0.9015348556132924	0.9205968558486544	0.9440447641886492	-0.02344790833999477	Control	ENSG00000198492	0.20623501199040767	-0.05876228417907114	FALSE	5	YTHDF2	YTHDF2
ENSG00000203709	17	23	-6	-0.10038691252487242	0.4495070610178524	0.4728217426059153	-0.02331468158806288	Control	ENSG00000203709	0.20570210498268052	0.2269339483136328	FALSE	5	MIR29B2CHG	MIR29B2CHG
ENSG00000186469	17	23	-6	-0.10038691252487242	0.4495070610178524	0.4728217426059153	-0.02331468158806288	Control	ENSG00000186469	0.20570210498268052	-0.1361878262027414	FALSE	5	GNG2	GNG2
ENSG00000150867	17	23	-6	-0.10038691252487242	0.4495070610178524	0.4728217426059153	-0.02331468158806288	Control	ENSG00000150867	0.20570210498268052	0.08936789088936514	FALSE	5	PIP4K2A	PIP4K2A
ENSG00000157077	455	525	-70	-1.1467842259464824	0.9311217692512656	0.9544364508393284	-0.02331468158806282	Control	ENSG00000157077	0.20516919797495337	-0.06587389462698923	FALSE	5	ZFYVE9	ZFYVE9
ENSG00000131437	709	574	135	2.204957168607112	0.9909405808686385	0.9677591260325074	0.0231814548361311	AD	ENSG00000131437	0.20463629096722621	-0.18097624579733207	FALSE	5	KIF3A	KIF3A
ENSG00000117222	53	54	-1	-0.01863712241380915	0.6406874500399681	0.617505995203837	0.0231814548361311	Control	ENSG00000117222	0.20463629096722621	-0.05560052659168235	FALSE	5	RBBP5	RBBP5
ENSG00000101849	108	129	-21	-0.3456362828580622	0.7363442579269918	0.7595257127631229	-0.0231814548361311	Control	ENSG00000101849	0.20463629096722621	0.11815257571977966	FALSE	5	TBL1X	TBL1X
ENSG00000136950	501	577	-76	-1.2448839740797584	0.945909938715694	0.9689581667998934	-0.02304822808419937	Control	ENSG00000136950	0.20397015720756728	-0.14629553839633225	FALSE	5	ARPC5L	ARPC5L
ENSG00000077254	170	141	29	0.4718616182525705	0.7949640287769785	0.7719158006927791	0.02304822808419937	AD	ENSG00000077254	0.20397015720756728	-0.1071153104994842	FALSE	5	USP33	USP33
ENSG00000146592	6	6	0	-0.00228716439159649	0.2696509459099387	0.24660271782573945	0.02304822808419929	Control	ENSG00000146592	0.20343725019984013	0.05841276469587164	FALSE	5	CREB5	CREB5
ENSG00000076924	6	6	0	-0.00228716439159649	0.2696509459099387	0.24660271782573945	0.02304822808419929	Control	ENSG00000076924	0.20343725019984013	-0.08226162794963088	FALSE	5	XAB2	XAB2
ENSG00000004059	644	531	113	1.8452580921184336	0.9792166266986412	0.9561683986144418	0.02304822808419926	AD	ENSG00000004059	0.2026378896882494	-0.20971019336404417	FALSE	5	ARF5	ARF5
ENSG00000168291	161	133	28	0.45551166023035783	0.7875033306687983	0.764455102584599	0.02304822808419926	AD	ENSG00000168291	0.2026378896882494	-0.1401230041421062	FALSE	5	PDHB	PDHB
ENSG00000144597	280	226	54	0.8806105688078868	0.8582467359445777	0.8351985078603784	0.02304822808419926	AD	ENSG00000144597	0.2026378896882494	-0.0762229979475908	FALSE	5	EAF1	EAF1
ENSG00000118596	24	32	-8	-0.1330868285692977	0.5077271516120437	0.530775379696243	-0.02304822808419926	Control	ENSG00000118596	0.2026378896882494	-0.192525771260998	FALSE	5	SLC16A7	SLC16A7
ENSG00000171314	538	638	-100	-1.637282966612862	0.95603517186251	0.9789501731947776	-0.02291500133226753	Control	ENSG00000171314	0.2014388489208633	-0.18891365158979667	FALSE	5	PGAM1	PGAM1
ENSG00000124785	324	250	74	1.2076097292521395	0.875033306687983	0.8521183053557154	0.02291500133226753	AD	ENSG00000124785	0.2014388489208633	-0.4459047348653886	FALSE	5	NRN1	NRN1
ENSG00000132471	342	267	75	1.2239596872743523	0.8820943245403677	0.8591793232081002	0.02291500133226753	AD	ENSG00000132471	0.2014388489208633	-0.1595677198659171	FALSE	5	WBP2	WBP2
ENSG00000085788	285	230	55	0.8969605268300995	0.8617106314948042	0.8387956301625367	0.02291500133226753	AD	ENSG00000085788	0.2014388489208633	-0.08793904753618342	FALSE	5	DDHD2	DDHD2
ENSG00000162517	120	107	13	0.21026228989716805	0.7517985611510791	0.7288835598188116	0.02291500133226753	AD	ENSG00000162517	0.2014388489208633	-0.08106669684085155	FALSE	5	PEF1	PEF1
ENSG00000157259	14	19	-5	-0.08403695450265977	0.4108713029576339	0.4337863042899014	-0.02291500133226748	Control	ENSG00000157259	0.2006394884092726	0.02476608231903121	FALSE	5	GATAD1	GATAD1
ENSG00000108395	579	485	94	1.5346088896963928	0.9664268585131894	0.9436450839328536	0.0227817745803357	AD	ENSG00000108395	0.20023980815347722	-0.1297564424203408	FALSE	5	TRIM37	TRIM37
ENSG00000161204	296	335	-39	-0.6399355272578899	0.8659738875566214	0.8887556621369571	-0.0227817745803357	Control	ENSG00000161204	0.20023980815347722	-0.07173124724108071	FALSE	5	ABCF3	ABCF3
ENSG00000162852	35	48	-13	-0.214836618680361	0.5768718358646416	0.5995203836930456	-0.02264854782840397	Control	ENSG00000162852	0.19984012789768185	0.06378548654186389	FALSE	5	CNST	CNST
ENSG00000128683	3	4	-1	-0.01863712241380915	0.17306155075939247	0.1957100985877964	-0.02264854782840394	Control	ENSG00000128683	0.1982414068745004	-0.26391284107605806	FALSE	5	GAD1	GAD1
ENSG00000112972	3	4	-1	-0.01863712241380915	0.17306155075939247	0.1957100985877964	-0.02264854782840394	Control	ENSG00000112972	0.1982414068745004	-0.34357643772854907	FALSE	5	HMGCS1	HMGCS1
ENSG00000121753	3	4	-1	-0.01863712241380915	0.17306155075939247	0.1957100985877964	-0.02264854782840394	Control	ENSG00000121753	0.1982414068745004	-0.11970565595855298	FALSE	5	ADGRB2	ADGRB2
ENSG00000177807	3	4	-1	-0.01863712241380915	0.17306155075939247	0.1957100985877964	-0.02264854782840394	Control	ENSG00000177807	0.1982414068745004	0.28526551370915243	FALSE	5	KCNJ10	KCNJ10
ENSG00000143870	3	4	-1	-0.01863712241380915	0.17306155075939247	0.1957100985877964	-0.02264854782840394	Control	ENSG00000143870	0.1982414068745004	-0.06949742484834331	FALSE	5	PDIA6	PDIA6
ENSG00000168993	3	4	-1	-0.01863712241380915	0.17306155075939247	0.1957100985877964	-0.02264854782840394	Control	ENSG00000168993	0.1982414068745004	-0.304441122155227	FALSE	5	CPLX1	CPLX1
ENSG00000065135	3	4	-1	-0.01863712241380915	0.17306155075939247	0.1957100985877964	-0.02264854782840394	Control	ENSG00000065135	0.1982414068745004	0.07204729282891975	FALSE	5	GNAI3	GNAI3
ENSG00000011347	3	4	-1	-0.01863712241380915	0.17306155075939247	0.1957100985877964	-0.02264854782840394	Control	ENSG00000011347	0.1982414068745004	-0.0347786423435128	FALSE	5	SYT7	SYT7
ENSG00000120437	3	4	-1	-0.01863712241380915	0.17306155075939247	0.1957100985877964	-0.02264854782840394	Control	ENSG00000120437	0.1982414068745004	-0.15582839371080048	FALSE	5	ACAT2	ACAT2
ENSG00000112110	3	4	-1	-0.01863712241380915	0.17306155075939247	0.1957100985877964	-0.02264854782840394	Control	ENSG00000112110	0.1982414068745004	-0.0491884941229852	FALSE	5	MRPL18	MRPL18
ENSG00000186288	3	4	-1	-0.01863712241380915	0.17306155075939247	0.1957100985877964	-0.02264854782840394	Control	ENSG00000186288	0.1982414068745004	-0.0683603333669982	FALSE	5	PABPC1L2A	PABPC1L2A
ENSG00000167601	38	53	-15	-0.2475365347247863	0.5907274180655475	0.6132427391420198	-0.02251532107647225	Control	ENSG00000167601	0.19650945909938716	0.05443618521541005	FALSE	5	AXL	AXL
ENSG00000105483	38	53	-15	-0.2475365347247863	0.5907274180655475	0.6132427391420198	-0.02251532107647225	Control	ENSG00000105483	0.19650945909938716	0.13492571972373746	FALSE	5	CARD8	CARD8
ENSG00000114902	83	77	6	0.09581258374167942	0.7015720756727951	0.679056754596323	0.02251532107647214	AD	ENSG00000114902	0.1961097788435918	-0.13517164361572398	FALSE	5	SPCS1	SPCS1
ENSG00000142230	621	803	-182	-2.9779795244342995	0.9762856381561418	0.998667732480682	-0.0223820943245403	Control	ENSG00000142230	0.19584332533972823	-0.05144263043614217	FALSE	5	SAE1	SAE1
ENSG00000143106	481	554	-73	-1.1958341000131203	0.9399147348787636	0.9621636024513722	-0.02224886757260857	Control	ENSG00000143106	0.19544364508393286	-0.16080036270956377	FALSE	5	PSMA5	PSMA5
ENSG00000136718	85	105	-20	-0.3292863248358496	0.7043698374633627	0.7266187050359713	-0.02224886757260857	Control	ENSG00000136718	0.19544364508393286	-0.1135073767584558	FALSE	5	IMP4	IMP4
ENSG00000139977	20	21	-1	-0.01863712241380915	0.478017585931255	0.4559019451105782	0.02211564082067679	Control	ENSG00000139977	0.1950439648281375	0.05968416819256106	FALSE	5	NAA30	NAA30
ENSG00000157778	352	387	-35	-0.5745356951690394	0.8872901678657075	0.9094058086863842	-0.02211564082067674	Control	ENSG00000157778	0.19464428457234212	-0.13997730143089626	FALSE	5	PSMG3	PSMG3
ENSG00000172375	25	26	-1	-0.01863712241380915	0.5154543032240874	0.4933386624034106	0.02211564082067674	Control	ENSG00000172375	0.19464428457234212	-0.01931959841990682	FALSE	5	C2CD2L	C2CD2L
ENSG00000182247	293	235	58	0.9460104008967376	0.8651745270450306	0.8431921129762856	0.02198241406874501	AD	ENSG00000182247	0.1939781508126832	-0.03867269443836108	FALSE	5	UBE2E2	UBE2E2
ENSG00000096384	94	85	9	0.1448624578083174	0.7164934718891554	0.6945110578204103	0.02198241406874501	AD	ENSG00000096384	0.1939781508126832	-0.09409965316123704	FALSE	5	HSP90AB1	HSP90AB1
ENSG00000182400	252	278	-26	-0.4273860729691255	0.8413269384492406	0.8633093525179856	-0.02198241406874501	Control	ENSG00000182400	0.1939781508126832	-0.1174326063696398	FALSE	5	TRAPPC6B	TRAPPC6B
ENSG00000183715	264	291	-27	-0.4437360309913381	0.84798827604583	0.869970690114575	-0.0219824140687449	Control	ENSG00000183715	0.19331201705302425	-0.2088159880093734	FALSE	5	OPCML	OPCML
ENSG00000104964	53	69	-16	-0.26388649274699894	0.6406874500399681	0.662669864108713	-0.0219824140687449	Control	ENSG00000104964	0.19331201705302425	-0.04659551310081156	FALSE	5	TLE5	TLE5
ENSG00000084444	562	465	97	1.5836587637630308	0.9601652011723956	0.9383160138555822	0.02184918731681329	AD	ENSG00000084444	0.19291233679722888	-0.1334131852950975	FALSE	5	FAM234B	FAM234B
ENSG00000184203	172	146	26	0.42281174418593254	0.7970956568078871	0.7755129229949373	0.02158273381294972	AD	ENSG00000184203	0.1926458832933653	-0.15272003149502922	FALSE	5	PPP1R2	PPP1R2
ENSG00000129518	134	157	-23	-0.37833619890248754	0.7624567013056222	0.78390620836664	-0.021449507061017892	Control	ENSG00000129518	0.19224620303756995	-0.1087108433288364	FALSE	5	EAPP	EAPP
ENSG00000123444	271	300	-29	-0.4764359470357635	0.8518518518518519	0.8733013589128698	-0.021449507061017892	Control	ENSG00000123444	0.19224620303756995	-0.0310753338531402	FALSE	5	KBTBD4	KBTBD4
ENSG00000105329	15	16	-1	-0.01863712241380915	0.4237942978950173	0.4023447908339995	0.02144950706101783	Control	ENSG00000105329	0.19184652278177458	0.257045129315566	FALSE	5	TGFB1	TGFB1
ENSG00000114279	233	186	47	0.7661608626523982	0.829736211031175	0.808419930722089	0.02131628030908605	AD	ENSG00000114279	0.1914468425259792	-0.28494399542181625	FALSE	5	FGF12	FGF12
ENSG00000187189	511	581	-70	-1.1467842259464824	0.9489741540101252	0.9702904343192112	-0.02131628030908605	Control	ENSG00000187189	0.1914468425259792	-0.09286356778691918	FALSE	5	TSPYL4	TSPYL4
ENSG00000055163	501	427	74	1.2076097292521395	0.945909938715694	0.9247268851585398	0.02118305355715422	AD	ENSG00000055163	0.19078070876632028	-0.04318356615655361	FALSE	5	CYFIP2	CYFIP2
ENSG00000198791	337	361	-24	-0.39468615692470016	0.8799626965094591	0.9011457500666132	-0.02118305355715422	Control	ENSG00000198791	0.19078070876632028	-0.01744539841611825	FALSE	5	CNOT7	CNOT7
ENSG00000148834	71	90	-19	-0.3129363668136369	0.6817212896349587	0.7029043431921129	-0.02118305355715422	Control	ENSG00000148834	0.19078070876632028	-0.08599475945053214	FALSE	5	GSTO1	GSTO1
ENSG00000089818	627	531	96	1.5673088057408182	0.9772182254196644	0.9561683986144418	0.02104982680522249	AD	ENSG00000089818	0.18984812150279776	-0.16916539594831723	FALSE	5	NECAP1	NECAP1
ENSG00000085365	286	233	53	0.8642606107856742	0.8626432187583267	0.8415933919531042	0.02104982680522249	AD	ENSG00000085365	0.18984812150279776	-0.12374810123043643	FALSE	5	SCAMP1	SCAMP1
ENSG00000136854	387	315	72	1.1749098132077145	0.9011457500666132	0.8800959232613909	0.02104982680522249	AD	ENSG00000136854	0.18984812150279776	-0.20802188157884416	FALSE	5	STXBP1	STXBP1
ENSG00000186416	239	252	-13	-0.214836618680361	0.8325339728217426	0.8535837996269651	-0.02104982680522249	Control	ENSG00000186416	0.18984812150279776	-0.07634088856377907	FALSE	5	NKRF	NKRF
ENSG00000230590	56	73	-17	-0.2802364507692116	0.6486810551558753	0.669597655209166	-0.02091660005329076	Control	ENSG00000230590	0.18891553423927523	0.11151752878988574	FALSE	5	FTX	FTX
ENSG00000108510	56	73	-17	-0.2802364507692116	0.6486810551558753	0.669597655209166	-0.02091660005329076	Control	ENSG00000108510	0.18891553423927523	0.10009592964277658	FALSE	5	MED13	MED13
ENSG00000146433	32	44	-12	-0.19848666065814832	0.5639488409272582	0.5848654409805489	-0.02091660005329076	Control	ENSG00000146433	0.18891553423927523	-0.04121113250753794	FALSE	5	TMEM181	TMEM181
ENSG00000162188	339	362	-23	-0.37833619890248754	0.8808952837729817	0.9018118838262724	-0.02091660005329065	Control	ENSG00000162188	0.1882494004796163	-0.324560155434261	FALSE	5	GNG3	GNG3
ENSG00000082701	262	286	-24	-0.39468615692470016	0.8469224620303757	0.8678390620836663	-0.02091660005329065	Control	ENSG00000082701	0.1882494004796163	-0.0706959410214445	FALSE	5	GSK3B	GSK3B
ENSG00000006116	118	138	-20	-0.3292863248358496	0.7484678923527844	0.7692512656541434	-0.02078337330135893	Control	ENSG00000006116	0.18731681321609378	-0.1981929027756344	FALSE	5	CACNG3	CACNG3
ENSG00000105711	8	11	-3	-0.05133703845823445	0.3160138555822009	0.33679722888355984	-0.02078337330135893	Control	ENSG00000105711	0.18731681321609378	-0.2028678583467052	FALSE	5	SCN1B	SCN1B
ENSG00000215788	8	11	-3	-0.05133703845823445	0.3160138555822009	0.33679722888355984	-0.02078337330135893	Control	ENSG00000215788	0.18731681321609378	0.08441958185375142	FALSE	5	TNFRSF25	TNFRSF25
ENSG00000151917	8	11	-3	-0.05133703845823445	0.3160138555822009	0.33679722888355984	-0.02078337330135893	Control	ENSG00000151917	0.18731681321609378	-0.14676374526495728	FALSE	5	BEND6	BEND6
ENSG00000241839	8	11	-3	-0.05133703845823445	0.3160138555822009	0.33679722888355984	-0.02078337330135893	Control	ENSG00000241839	0.18731681321609378	0.05999596870164758	FALSE	5	PLEKHO2	PLEKHO2
ENSG00000172766	23	24	-1	-0.01863712241380915	0.5001332267519318	0.4794830802025047	0.02065014654942715	Control	ENSG00000172766	0.18651745270450307	0.10069824371307767	FALSE	5	NAA16	NAA16
ENSG00000174238	573	483	90	1.4692090576075425	0.9637623234745536	0.9431121769251266	0.02065014654942709	AD	ENSG00000174238	0.18571809219291233	-0.14273684680266818	FALSE	5	PITPNA	PITPNA
ENSG00000131174	524	445	79	1.289359519363203	0.9521715960564882	0.9315214495070612	0.02065014654942709	AD	ENSG00000131174	0.18571809219291233	-0.1742844268567918	FALSE	5	COX7B	COX7B
ENSG00000177181	30	40	-10	-0.16578674461372303	0.5494271249666933	0.5700772715161204	-0.02065014654942709	Control	ENSG00000177181	0.18571809219291233	-0.13274895864620184	FALSE	5	RIMKLA	RIMKLA
ENSG00000051825	37	39	-2	-0.0349870804360218	0.5855315747402078	0.5648814281907807	0.02065014654942709	Control	ENSG00000051825	0.18571809219291233	0.0685847879182262	FALSE	5	MPHOSPH9	MPHOSPH9
ENSG00000119231	58	59	-1	-0.01863712241380915	0.654543032240874	0.6338928856914469	0.02065014654942709	Control	ENSG00000119231	0.18571809219291233	-0.0298966751698444	FALSE	5	SENP5	SENP5
ENSG00000181754	516	440	76	1.2403096452965652	0.9507061017852384	0.9301891819877433	0.02051691979749537	AD	ENSG00000181754	0.18451905142552624	-0.08846261411779999	FALSE	5	AMIGO1	AMIGO1
ENSG00000105254	235	248	-13	-0.214836618680361	0.8306687982946975	0.8511857180921929	-0.02051691979749537	Control	ENSG00000105254	0.18451905142552624	-0.21121764394361797	FALSE	5	TBCB	TBCB
ENSG00000133858	69	87	-18	-0.2965864087914242	0.6773248068212097	0.697841726618705	-0.02051691979749537	Control	ENSG00000133858	0.18451905142552624	0.06030645736444384	FALSE	5	ZFC3H1	ZFC3H1
ENSG00000137364	50	66	-16	-0.26388649274699894	0.6334932054356515	0.6540101252331468	-0.02051691979749537	Control	ENSG00000137364	0.18451905142552624	-0.08256006729398457	FALSE	5	TPMT	TPMT
ENSG00000136521	523	592	-69	-1.1304342679242698	0.951638689048761	0.9720223820943246	-0.02038369304556353	Control	ENSG00000136521	0.18358646416200372	-0.21929613071775125	FALSE	5	NDUFB5	NDUFB5
ENSG00000112697	237	250	-13	-0.214836618680361	0.8317346123101519	0.8521183053557154	-0.02038369304556353	Control	ENSG00000112697	0.18358646416200372	-0.06259143460741257	FALSE	5	TMEM30A	TMEM30A
ENSG00000198625	31	33	-2	-0.0349870804360218	0.5567545963229417	0.5363709032773781	0.02038369304556353	Control	ENSG00000198625	0.18358646416200372	0.07659489709875089	FALSE	5	MDM4	MDM4
ENSG00000087448	675	565	110	1.796208218051795	0.9853450572875032	0.9650945909938716	0.0202504662936318	AD	ENSG00000087448	0.182787103650413	-0.12307648087751843	FALSE	5	KLHL42	KLHL42
ENSG00000164187	293	328	-35	-0.5745356951690394	0.8651745270450306	0.8854249933386624	-0.0202504662936318	Control	ENSG00000164187	0.182787103650413	-0.17168694632547954	FALSE	5	LMBRD2	LMBRD2
ENSG00000176396	242	193	49	0.7988607786968236	0.8338662403410605	0.8136157740474287	0.0202504662936318	AD	ENSG00000176396	0.182787103650413	-0.10341084485507857	FALSE	5	EID2	EID2
ENSG00000204116	144	165	-21	-0.3456362828580622	0.7731148414601652	0.7932320810018652	-0.02011723954169997	Control	ENSG00000204116	0.18225419664268586	-0.07834173232759944	FALSE	5	CHIC1	CHIC1
ENSG00000137815	248	261	-13	-0.214836618680361	0.8375965893951506	0.8575806021849187	-0.01998401278976813	Control	ENSG00000137815	0.18185451638689049	-0.13643713028513993	FALSE	5	RTF1	RTF1
ENSG00000163482	23	30	-7	-0.11673687054708508	0.5001332267519318	0.5201172395417	-0.01998401278976813	Control	ENSG00000163482	0.18185451638689049	0.10467206426382702	FALSE	5	STK36	STK36
ENSG00000138018	332	261	71	1.158559855185502	0.8774313882227551	0.8575806021849187	0.01985078603783641	AD	ENSG00000138018	0.18092192912336796	-0.11542016758981076	FALSE	5	SELENOI	SELENOI
ENSG00000172888	105	125	-20	-0.3292863248358496	0.7331468158806288	0.7529976019184652	-0.01985078603783641	Control	ENSG00000172888	0.18092192912336796	0.15541795287882465	FALSE	5	ZNF621	ZNF621
ENSG00000196715	270	220	50	0.8152107367190362	0.8509192645883293	0.8310684785504929	0.01985078603783641	AD	ENSG00000196715	0.18092192912336796	-0.04443337860745977	FALSE	5	VKORC1L1	VKORC1L1
ENSG00000126602	173	201	-28	-0.4600859890135508	0.7981614708233413	0.8180122568611777	-0.01985078603783641	Control	ENSG00000126602	0.18092192912336796	-0.1904576609446984	FALSE	5	TRAP1	TRAP1
ENSG00000001497	12	16	-4	-0.06768699648044711	0.3824940047961631	0.4023447908339995	-0.01985078603783641	Control	ENSG00000001497	0.18092192912336796	0.00494005681123255	FALSE	5	LAS1L	LAS1L
ENSG00000175756	195	221	-26	-0.4273860729691255	0.8120170530242473	0.8318678390620836	-0.0198507860378363	Control	ENSG00000175756	0.18012256861177725	-0.0901648916189739	FALSE	5	AURKAIP1	AURKAIP1
ENSG00000117410	437	483	-46	-0.7543852334133786	0.923394617639222	0.9431121769251266	-0.01971755928590468	Control	ENSG00000117410	0.17985611510791366	-0.0903034703559058	FALSE	5	ATP6V0B	ATP6V0B
ENSG00000132849	18	24	-6	-0.10038691252487242	0.45976552091660006	0.4794830802025047	-0.01971755928590463	Control	ENSG00000132849	0.1793232081001865	0.07311120635438506	FALSE	5	PATJ	PATJ
ENSG00000158710	14	15	-1	-0.01863712241380915	0.4108713029576339	0.3911537436717293	0.01971755928590463	Control	ENSG00000158710	0.1793232081001865	-0.04982651257250659	FALSE	5	TAGLN2	TAGLN2
ENSG00000105784	14	15	-1	-0.01863712241380915	0.4108713029576339	0.3911537436717293	0.01971755928590463	Control	ENSG00000105784	0.1793232081001865	-0.09868259531768332	FALSE	5	RUNDC3B	RUNDC3B
ENSG00000220205	447	503	-56	-0.9178848136355052	0.928324007460698	0.9480415667466028	-0.01971755928590457	Control	ENSG00000220205	0.17839062083666402	-0.11948182266561956	FALSE	5	VAMP2	VAMP2
ENSG00000134440	665	557	108	1.76350830200737	0.9829469757527312	0.9632294164668266	0.01971755928590457	AD	ENSG00000134440	0.17839062083666402	-0.2086419621431048	FALSE	5	NARS1	NARS1
ENSG00000115840	21	22	-1	-0.01863712241380915	0.4845456967759126	0.464828137490008	0.01971755928590457	Control	ENSG00000115840	0.17839062083666402	-0.09108203317651407	FALSE	5	SLC25A12	SLC25A12
ENSG00000061794	112	130	-18	-0.2965864087914242	0.7412736477484679	0.7609912070343725	-0.01971755928590457	Control	ENSG00000061794	0.17839062083666402	-0.14821937674940244	FALSE	5	MRPS35	MRPS35
ENSG00000198612	584	685	-101	-1.6536329246350747	0.9678923527844392	0.987476685318412	-0.01958433253397284	Control	ENSG00000198612	0.17772448707700506	-0.1422194674409969	FALSE	5	COPS8	COPS8
ENSG00000076554	85	80	5	0.07946262571946677	0.7043698374633627	0.6849187316813216	0.01945110578204112	AD	ENSG00000076554	0.1774580335731415	-0.10617639644986454	FALSE	5	TPD52	TPD52
ENSG00000181610	455	396	59	0.96236035891895	0.9311217692512656	0.9116706634692248	0.01945110578204101	AD	ENSG00000181610	0.1771915800692779	-0.07736152726947054	FALSE	5	MRPS23	MRPS23
ENSG00000068615	282	314	-32	-0.5254858211024014	0.8599786837196909	0.8792965627498002	-0.01931787903010928	Control	ENSG00000068615	0.17665867306155075	-0.15845073993019376	FALSE	5	REEP1	REEP1
ENSG00000215712	372	406	-34	-0.5581857371468267	0.89568345323741	0.9150013322675192	-0.01931787903010928	Control	ENSG00000215712	0.17665867306155075	-0.10922016224987097	FALSE	5	TMEM242	TMEM242
ENSG00000133985	237	191	46	0.7498109046301856	0.8317346123101519	0.8124167332800426	0.01931787903010928	AD	ENSG00000133985	0.17665867306155075	-0.12017389182658	FALSE	5	TTC9	TTC9
ENSG00000120265	752	615	137	2.2376570846515373	0.9948041566746604	0.9756195043964828	0.01918465227817745	AD	ENSG00000120265	0.17599253930189182	-0.16876291771932728	FALSE	5	PCMT1	PCMT1
ENSG00000153130	416	344	72	1.1749098132077145	0.913269384492406	0.8940847322142286	0.01918465227817745	AD	ENSG00000153130	0.17599253930189182	-0.15244077552940638	FALSE	5	SCOC	SCOC
ENSG00000138629	175	202	-27	-0.4437360309913381	0.799626965094591	0.8186783906208367	-0.01905142552624572	Control	ENSG00000138629	0.17559285904609645	-0.0177536605704045	FALSE	5	UBL7	UBL7
ENSG00000105270	400	333	67	1.0931600230966512	0.9068745003996802	0.8878230748734346	0.01905142552624561	AD	ENSG00000105270	0.17492672528643752	-0.14939978079717164	FALSE	5	CLIP3	CLIP3
ENSG00000185591	73	91	-18	-0.2965864087914242	0.6857180921929124	0.704769517719158	-0.01905142552624561	Control	ENSG00000185591	0.17492672528643752	0.1069654771509807	FALSE	5	SP1	SP1
ENSG00000108797	355	385	-30	-0.4927859050579761	0.8891553423927525	0.908206767918998	-0.01905142552624561	Control	ENSG00000108797	0.17492672528643752	-0.17250041744259192	FALSE	5	CNTNAP1	CNTNAP1
ENSG00000204217	154	130	24	0.3901118281415072	0.7800426325606181	0.7609912070343725	0.01905142552624561	AD	ENSG00000204217	0.17492672528643752	-0.0434124308187922	FALSE	5	BMPR2	BMPR2
ENSG00000169567	387	415	-28	-0.4600859890135508	0.9011457500666132	0.9200639488409272	-0.01891819877431388	Control	ENSG00000169567	0.17332800426325606	-0.08201806527497801	FALSE	5	HINT1	HINT1
ENSG00000075415	313	250	63	1.0277601910078007	0.8710365041300293	0.8521183053557154	0.01891819877431388	AD	ENSG00000075415	0.17332800426325606	-0.14630509361387922	FALSE	5	SLC25A3	SLC25A3
ENSG00000070214	27	29	-2	-0.0349870804360218	0.5325073274713562	0.5135891286970423	0.01891819877431388	Control	ENSG00000070214	0.17332800426325606	0.2405223062689927	FALSE	5	SLC44A1	SLC44A1
ENSG00000177954	5	5	0	-0.00228716439159649	0.24260591526778577	0.22368771649347188	0.01891819877431388	Control	ENSG00000177954	0.17332800426325606	-0.07998149456726367	FALSE	5	RPS27	RPS27
ENSG00000185986	5	5	0	-0.00228716439159649	0.24260591526778577	0.22368771649347188	0.01891819877431388	Control	ENSG00000185986	0.17332800426325606	0.05552617853582298	FALSE	5	SDHAP3	SDHAP3
ENSG00000213983	5	5	0	-0.00228716439159649	0.24260591526778577	0.22368771649347188	0.01891819877431388	Control	ENSG00000213983	0.17332800426325606	0.0912983220643966	FALSE	5	AP1G2	AP1G2
ENSG00000141934	5	5	0	-0.00228716439159649	0.24260591526778577	0.22368771649347188	0.01891819877431388	Control	ENSG00000141934	0.17332800426325606	0.2459128433617801	FALSE	5	PLPP2	PLPP2
ENSG00000141458	5	5	0	-0.00228716439159649	0.24260591526778577	0.22368771649347188	0.01891819877431388	Control	ENSG00000141458	0.17332800426325606	0.08760466113104393	FALSE	5	NPC1	NPC1
ENSG00000073969	419	452	-33	-0.5418357791246141	0.914601652011724	0.933386624034106	-0.01878497202238205	Control	ENSG00000073969	0.17212896349586998	-0.23507631021663225	FALSE	5	NSF	NSF
ENSG00000163536	212	232	-20	-0.3292863248358496	0.8222755129229948	0.8409272581934453	-0.01865174527045032	Control	ENSG00000163536	0.17132960298427924	-0.2471523896977743	FALSE	5	SERPINI1	SERPINI1
ENSG00000111667	656	839	-183	-2.994329482456512	0.9808153477218226	0.9994670929922728	-0.01865174527045032	Control	ENSG00000111667	0.17132960298427924	-0.12942685823055378	FALSE	5	USP5	USP5
ENSG00000124733	260	281	-21	-0.3456362828580622	0.8463895550226486	0.8650413002930989	-0.01865174527045032	Control	ENSG00000124733	0.17132960298427924	-0.1329412236697234	FALSE	5	MEA1	MEA1
ENSG00000164941	26	34	-8	-0.1330868285692977	0.5242472688515853	0.5428990141220357	-0.01865174527045032	Control	ENSG00000164941	0.17132960298427924	0.03109719715161141	FALSE	5	INTS8	INTS8
ENSG00000132294	41	55	-14	-0.23118657670257364	0.6021849187316813	0.6208366640021317	-0.01865174527045032	Control	ENSG00000132294	0.17132960298427924	-0.095259759464426	FALSE	5	EFR3A	EFR3A
ENSG00000142875	552	617	-65	-1.0650344358354191	0.9576338928856916	0.97615241140421	-0.01851851851851849	Control	ENSG00000142875	0.17013056221689316	-0.0943048990732258	FALSE	5	PRKACB	PRKACB
ENSG00000070087	509	571	-62	-1.015984561768781	0.9483080202504665	0.9668265387689848	-0.01851851851851849	Control	ENSG00000070087	0.17013056221689316	-0.20046317398423777	FALSE	5	PFN2	PFN2
ENSG00000112186	275	227	48	0.7825108206746109	0.8545163868904876	0.8359978683719691	0.01851851851851849	AD	ENSG00000112186	0.17013056221689316	-0.297543870308008	FALSE	5	CAP2	CAP2
ENSG00000130477	160	136	24	0.3901118281415072	0.7863042899014122	0.7677857713828937	0.01851851851851849	AD	ENSG00000130477	0.17013056221689316	-0.1969140380055645	FALSE	5	UNC13A	UNC13A
ENSG00000205060	253	272	-19	-0.3129363668136369	0.8423927524646949	0.8607780442312817	-0.01838529176658676	Control	ENSG00000205060	0.16946442845723422	-0.05763763203059469	FALSE	5	SLC35B4	SLC35B4
ENSG00000147416	498	431	67	1.0931600230966512	0.9449773514521717	0.9265920596855848	0.01838529176658665	AD	ENSG00000147416	0.16919797495337063	-0.22358768879878177	FALSE	5	ATP6V1B2	ATP6V1B2
ENSG00000184515	277	229	48	0.7825108206746109	0.8562483346656009	0.8379962696509459	0.01825206501465504	AD	ENSG00000184515	0.16893152144950707	-0.3282827987779733	FALSE	5	BEX5	BEX5
ENSG00000038274	449	502	-53	-0.8688349395688671	0.9292565947242206	0.9475086597388755	-0.01825206501465492	Control	ENSG00000038274	0.16786570743405277	-0.09321992470472829	FALSE	5	MAT2B	MAT2B
ENSG00000054356	230	187	43	0.7007610305635477	0.8282707167599254	0.8100186517452704	0.01825206501465492	AD	ENSG00000054356	0.16786570743405277	-0.12138380850328367	FALSE	5	PTPRN	PTPRN
ENSG00000172757	420	350	70	1.1422098971632892	0.9152677857713828	0.897015720756728	0.01825206501465492	AD	ENSG00000172757	0.16786570743405277	-0.1182237212532975	FALSE	5	CFL1	CFL1
ENSG00000106105	472	411	61	0.9950602749633752	0.9368505195843324	0.9185984545696776	0.01825206501465492	AD	ENSG00000106105	0.16786570743405277	-0.1412841864895764	FALSE	5	GARS1	GARS1
ENSG00000105856	66	66	0	-0.00228716439159649	0.6722621902478018	0.6540101252331468	0.01825206501465492	Control	ENSG00000105856	0.16786570743405277	0.17702460539153897	FALSE	5	HBP1	HBP1
ENSG00000171735	56	58	-2	-0.0349870804360218	0.6486810551558753	0.6304289901412203	0.01825206501465492	Control	ENSG00000171735	0.16786570743405277	-0.17005831478776656	FALSE	5	CAMTA1	CAMTA1
ENSG00000114439	59	75	-16	-0.26388649274699894	0.6560085265121236	0.6742605915267785	-0.01825206501465492	Control	ENSG00000114439	0.16786570743405277	0.08651647874826729	FALSE	5	BBX	BBX
ENSG00000196262	555	473	82	1.338409393429841	0.9589661604050094	0.9408473221422862	0.0181188382627232	AD	ENSG00000196262	0.16626698641087131	-0.15103083665509054	FALSE	5	PPIA	PPIA
ENSG00000158805	39	53	-14	-0.23118657670257364	0.5951239008792966	0.6132427391420198	-0.0181188382627232	Control	ENSG00000158805	0.16626698641087131	0.10011785536803508	FALSE	5	ZNF276	ZNF276
ENSG00000204856	143	162	-19	-0.3129363668136369	0.7721822541966427	0.7903010924593659	-0.0181188382627232	Control	ENSG00000204856	0.16626698641087131	-0.09180242250110736	FALSE	5	FAM216A	FAM216A
ENSG00000167654	89	84	5	0.07946262571946677	0.7112976285638156	0.6931787903010924	0.0181188382627232	AD	ENSG00000167654	0.16626698641087131	-0.11602384893213546	FALSE	5	ATCAY	ATCAY
ENSG00000131508	63	64	-1	-0.01863712241380915	0.6665334399147349	0.6484146016520117	0.0181188382627232	Control	ENSG00000131508	0.16626698641087131	-0.01586244748790122	FALSE	5	UBE2D2	UBE2D2
ENSG00000133131	57	59	-2	-0.0349870804360218	0.65201172395417	0.6338928856914469	0.01811883826272309	Control	ENSG00000133131	0.16546762589928057	0.1398436728396577	FALSE	5	MORC4	MORC4
ENSG00000113387	299	244	55	0.8969605268300995	0.8669064748201439	0.8489208633093526	0.01798561151079136	AD	ENSG00000113387	0.1650679456434852	-0.16345309469461355	FALSE	5	SUB1	SUB1
ENSG00000171224	369	304	65	1.060460107052226	0.8935518252065014	0.8755662136957101	0.01798561151079136	AD	ENSG00000171224	0.1650679456434852	-0.21927372881266297	FALSE	5	FAM241B	FAM241B
ENSG00000171617	178	157	21	0.3410619540748692	0.8016253663735678	0.78390620836664	0.0177191580069278	AD	ENSG00000171617	0.16453503863575805	-0.2372653152947279	FALSE	5	ENC1	ENC1
ENSG00000186462	401	336	65	1.060460107052226	0.9072741806554756	0.8895550226485478	0.0177191580069278	AD	ENSG00000186462	0.16453503863575805	-0.25412184337620936	FALSE	5	NAP1L2	NAP1L2
ENSG00000119125	92	109	-17	-0.2802364507692116	0.7140953903543832	0.7315480948574474	-0.01745270450306424	Control	ENSG00000119125	0.16373567812416734	-0.2879114492138868	FALSE	5	GDA	GDA
ENSG00000126088	447	395	52	0.8479106527634616	0.928324007460698	0.910871302957634	0.01745270450306424	AD	ENSG00000126088	0.16373567812416734	-0.10345947768395014	FALSE	5	UROD	UROD
ENSG00000143436	371	307	64	1.044110149030013	0.8947508659738875	0.8772981614708233	0.01745270450306424	AD	ENSG00000143436	0.16373567812416734	-0.12184455633153668	FALSE	5	MRPL9	MRPL9
ENSG00000103145	119	110	9	0.1448624578083174	0.7500666133759659	0.7326139088729017	0.01745270450306424	AD	ENSG00000103145	0.16373567812416734	-0.02770813048416442	FALSE	5	HCFC1R1	HCFC1R1
ENSG00000176788	259	216	43	0.7007610305635477	0.8458566480149214	0.8285371702637889	0.01731947775113251	AD	ENSG00000176788	0.1630695443645084	-0.24294893613930849	FALSE	5	BASP1	BASP1
ENSG00000197885	572	644	-72	-1.1794841419909077	0.9630961897148947	0.9804156674660272	-0.0173194777511324	Control	ENSG00000197885	0.16280309086064482	-0.12908544149603962	FALSE	5	NKIRAS1	NKIRAS1
ENSG00000072041	87	83	4	0.06311266769725413	0.7087663202771116	0.691580069277911	0.01718625099920057	AD	ENSG00000072041	0.16253663735678126	-0.07230374674322881	FALSE	5	SLC6A15	SLC6A15
ENSG00000067829	576	656	-80	-1.3102838061686088	0.9645616839861444	0.9816147082334132	-0.01705302424726884	Control	ENSG00000067829	0.1620037303490541	-0.13245442804012875	FALSE	5	IDH3G	IDH3G
ENSG00000116221	403	427	-24	-0.39468615692470016	0.907673860911271	0.9247268851585398	-0.01705302424726884	Control	ENSG00000116221	0.1620037303490541	-0.08615046679081395	FALSE	5	MRPL37	MRPL37
ENSG00000138756	29	38	-9	-0.14943678659151036	0.5442312816413536	0.5612843058886224	-0.01705302424726884	Control	ENSG00000138756	0.1620037303490541	0.14541034472099312	FALSE	5	BMP2K	BMP2K
ENSG00000057757	691	582	109	1.7798582600295827	0.9876099120703438	0.9706901145750066	0.01691979749533712	AD	ENSG00000057757	0.16133759658939514	-0.08303436374743	FALSE	5	PITHD1	PITHD1
ENSG00000137710	33	36	-3	-0.05133703845823445	0.5692779110045297	0.5523581135091926	0.01691979749533712	Control	ENSG00000137710	0.16133759658939514	0.06964633800311404	FALSE	5	RDX	RDX
ENSG00000162989	246	203	43	0.7007610305635477	0.8361310951239008	0.8193445243804957	0.01678657074340517	AD	ENSG00000162989	0.160804689581668	-0.24018602017277504	FALSE	5	KCNJ3	KCNJ3
ENSG00000144535	64	80	-16	-0.26388649274699894	0.6681321609379164	0.6849187316813216	-0.01678657074340517	Control	ENSG00000144535	0.160804689581668	0.05947178814096077	FALSE	5	DIS3L2	DIS3L2
ENSG00000120053	352	292	60	0.9787103169411628	0.8872901678657075	0.8706368238742339	0.01665334399147355	AD	ENSG00000120053	0.16040500932587262	-0.18508452333476377	FALSE	5	GOT1	GOT1
ENSG00000169139	749	629	120	1.959707798273922	0.9944044764188648	0.9777511324273914	0.01665334399147344	AD	ENSG00000169139	0.1597388755662137	-0.1692234099073513	FALSE	5	UBE2V2	UBE2V2
ENSG00000065609	234	240	-6	-0.10038691252487242	0.8302691180389022	0.8469224620303757	-0.01665334399147344	Control	ENSG00000065609	0.1597388755662137	-0.20901523558258184	FALSE	5	SNAP91	SNAP91
ENSG00000111237	240	245	-5	-0.08403695450265977	0.8330668798294698	0.8497202238209433	-0.01665334399147344	Control	ENSG00000111237	0.1597388755662137	-0.05702259289701672	FALSE	5	VPS29	VPS29
ENSG00000185246	94	88	6	0.09581258374167942	0.7164934718891554	0.6998401278976819	0.01665334399147344	AD	ENSG00000185246	0.1597388755662137	0.08884084918963353	FALSE	5	PRPF39	PRPF39
ENSG00000165678	654	559	95	1.5509588477186056	0.980548894217959	0.9640287769784172	0.01652011723954172	AD	ENSG00000165678	0.1586730615507594	-0.2054033527764396	FALSE	5	GHITM	GHITM
ENSG00000198954	576	503	73	1.191259771229927	0.9645616839861444	0.9480415667466028	0.01652011723954172	AD	ENSG00000198954	0.1586730615507594	-0.1887396281813611	FALSE	5	KIFBP	KIFBP
ENSG00000137100	396	419	-23	-0.37833619890248754	0.9052757793764988	0.9217958966160406	-0.01652011723954172	Control	ENSG00000137100	0.1586730615507594	-0.064441218237004	FALSE	5	DCTN3	DCTN3
ENSG00000006530	156	134	22	0.3574119120970819	0.782041033839595	0.7655209166000533	0.01652011723954172	AD	ENSG00000006530	0.1586730615507594	-0.2454000404317611	FALSE	5	AGK	AGK
ENSG00000168310	9	12	-3	-0.05133703845823445	0.3361310951239009	0.35251798561151076	-0.01638689048760988	Control	ENSG00000168310	0.15787370103916867	0.06824931033096071	FALSE	5	IRF2	IRF2
ENSG00000171840	9	12	-3	-0.05133703845823445	0.3361310951239009	0.35251798561151076	-0.01638689048760988	Control	ENSG00000171840	0.15787370103916867	0.1464733611629656	FALSE	5	NINJ2	NINJ2
ENSG00000168539	34	37	-3	-0.05133703845823445	0.5731414868105515	0.5568878230748734	0.01625366373567816	Control	ENSG00000168539	0.1574740207833733	-0.10401752588358092	FALSE	5	CHRM1	CHRM1
ENSG00000264538	13	17	-4	-0.06768699648044711	0.397015720756728	0.4132693844924061	-0.0162536637356781	Control	ENSG00000264538	0.1572075672795097	0.10089483418650858	FALSE	5	SUZ12P1	SUZ12P1
ENSG00000115216	488	544	-56	-0.9178848136355052	0.9424460431654677	0.9586997069011456	-0.01625366373567804	Control	ENSG00000115216	0.15694111377564615	-0.06575419508342506	FALSE	5	NRBP1	NRBP1
ENSG00000188566	4	4	0	-0.00228716439159649	0.21183053557154277	0.1957100985877964	0.01612043698374635	Control	ENSG00000188566	0.15574207300826007	0.03608322778843842	FALSE	5	NDOR1	NDOR1
ENSG00000114270	4	4	0	-0.00228716439159649	0.21183053557154277	0.1957100985877964	0.01612043698374635	Control	ENSG00000114270	0.15574207300826007	-0.03357602357436207	FALSE	5	COL7A1	COL7A1
ENSG00000122862	4	4	0	-0.00228716439159649	0.21183053557154277	0.1957100985877964	0.01612043698374635	Control	ENSG00000122862	0.15574207300826007	0.03934958673787037	FALSE	5	SRGN	SRGN
ENSG00000268043	4	4	0	-0.00228716439159649	0.21183053557154277	0.1957100985877964	0.01612043698374635	Control	ENSG00000268043	0.15574207300826007	0.04530745812271064	FALSE	5	NBPF12	NBPF12
ENSG00000261678	4	4	0	-0.00228716439159649	0.21183053557154277	0.1957100985877964	0.01612043698374635	Control	ENSG00000261678	0.15574207300826007	-0.11398497102353032	FALSE	5	SCRT1	SCRT1
ENSG00000197756	4	4	0	-0.00228716439159649	0.21183053557154277	0.1957100985877964	0.01612043698374635	Control	ENSG00000197756	0.15574207300826007	-0.04399126571327017	FALSE	5	RPL37A	RPL37A
ENSG00000166086	4	4	0	-0.00228716439159649	0.21183053557154277	0.1957100985877964	0.01612043698374635	Control	ENSG00000166086	0.15574207300826007	0.08645242641795825	FALSE	5	JAM3	JAM3
ENSG00000108106	4	4	0	-0.00228716439159649	0.21183053557154277	0.1957100985877964	0.01612043698374635	Control	ENSG00000108106	0.15574207300826007	-0.07708335105026798	FALSE	5	UBE2S	UBE2S
ENSG00000105649	435	465	-30	-0.4927859050579761	0.9221955768718358	0.9383160138555822	-0.01612043698374632	Control	ENSG00000105649	0.15454303224087396	-0.29213755034493794	FALSE	5	RAB3A	RAB3A
ENSG00000185946	77	94	-17	-0.2802364507692116	0.6938449240607514	0.709832134292566	-0.01598721023181459	Control	ENSG00000185946	0.1541433519850786	0.05337540013909425	FALSE	5	RNPC3	RNPC3
ENSG00000073605	36	39	-3	-0.05133703845823445	0.5808686384225953	0.5648814281907807	0.01598721023181459	Control	ENSG00000073605	0.1541433519850786	0.1051797832821464	FALSE	5	GSDMB	GSDMB
ENSG00000137996	442	391	51	0.8315606947412488	0.9261923794297896	0.910205169197975	0.01598721023181448	AD	ENSG00000137996	0.15374367172928324	-0.13901071737969772	FALSE	5	RTCA	RTCA
ENSG00000086300	285	239	46	0.7498109046301856	0.8617106314948042	0.8458566480149214	0.01585398347988276	AD	ENSG00000086300	0.1530775379696243	-0.3441038507865084	FALSE	5	SNX10	SNX10
ENSG00000138107	632	760	-128	-2.095081791234816	0.978017585931255	0.9938715694111376	-0.01585398347988276	Control	ENSG00000138107	0.1530775379696243	-0.0956483389627376	FALSE	5	ACTR1A	ACTR1A
ENSG00000123562	426	366	60	0.9787103169411628	0.9185984545696776	0.9027444710897948	0.01585398347988276	AD	ENSG00000123562	0.1530775379696243	-0.10019061251860784	FALSE	5	MORF4L2	MORF4L2
ENSG00000163412	117	109	8	0.12851249978610474	0.7474020783373302	0.7315480948574474	0.01585398347988276	AD	ENSG00000163412	0.1530775379696243	-0.02742478073809096	FALSE	5	EIF4E3	EIF4E3
ENSG00000080822	17	19	-2	-0.0349870804360218	0.4495070610178524	0.4337863042899014	0.01572075672795098	Control	ENSG00000080822	0.15227817745803357	0.07127144769754601	FALSE	5	CLDND1	CLDND1
ENSG00000279738	17	19	-2	-0.0349870804360218	0.4495070610178524	0.4337863042899014	0.01572075672795098	Control	ENSG00000279738	0.15227817745803357	0.10639109959536697	FALSE	5	NA	ENSG00000279738
ENSG00000182013	427	368	59	0.96236035891895	0.9191313615774048	0.9034106048494538	0.01572075672795092	AD	ENSG00000182013	0.15161204369837464	-0.09330097850881812	FALSE	5	PNMA8A	PNMA8A
ENSG00000156735	419	355	64	1.044110149030013	0.914601652011724	0.898880895283773	0.01572075672795092	AD	ENSG00000156735	0.15161204369837464	-0.09326573500839964	FALSE	5	BAG4	BAG4
ENSG00000264522	10	11	-1	-0.01863712241380915	0.35251798561151076	0.33679722888355984	0.01572075672795092	Control	ENSG00000264522	0.15161204369837464	0.0751572762527335	FALSE	5	OTUD7B	OTUD7B
ENSG00000139112	813	661	152	2.482906454984727	0.9994670929922728	0.9838795630162536	0.01558752997601919	AD	ENSG00000139112	0.15054622968292034	-0.17526359194504515	FALSE	5	GABARAPL1	GABARAPL1
ENSG00000197892	33	44	-11	-0.18213670263593568	0.5692779110045297	0.5848654409805489	-0.01558752997601919	Control	ENSG00000197892	0.15054622968292034	0.15061556941122412	FALSE	5	KIF13B	KIF13B
ENSG00000034713	161	141	20	0.3247119960526566	0.7875033306687983	0.7719158006927791	0.01558752997601919	AD	ENSG00000034713	0.15054622968292034	-0.06361298424339168	FALSE	5	GABARAPL2	GABARAPL2
ENSG00000155099	32	35	-3	-0.05133703845823445	0.5639488409272582	0.548361310951239	0.01558752997601919	Control	ENSG00000155099	0.15054622968292034	-0.10358563324190406	FALSE	5	PIP4P2	PIP4P2
ENSG00000081913	35	38	-3	-0.05133703845823445	0.5768718358646416	0.5612843058886224	0.01558752997601919	Control	ENSG00000081913	0.15054622968292034	0.16849035754095887	FALSE	5	PHLPP1	PHLPP1
ENSG00000088247	127	117	10	0.16121241583053006	0.7577937649880095	0.7422062350119905	0.01558752997601908	AD	ENSG00000088247	0.1497468691713296	-0.02757902373381249	FALSE	5	KHSRP	KHSRP
ENSG00000165943	706	611	95	1.5509588477186056	0.9901412203570475	0.9746869171329604	0.01545430322408736	AD	ENSG00000165943	0.14948041566746603	-0.16719841115872036	FALSE	5	MOAP1	MOAP1
ENSG00000138663	564	619	-55	-0.9015348556132924	0.9612310151878496	0.9765520916600052	-0.01532107647215563	Control	ENSG00000138663	0.14841460165201173	-0.13576609903205217	FALSE	5	COPS4	COPS4
ENSG00000115484	48	62	-14	-0.23118657670257364	0.6268318678390621	0.6421529443112177	-0.01532107647215563	Control	ENSG00000115484	0.14841460165201173	-0.11882813254312909	FALSE	5	CCT4	CCT4
ENSG00000163683	284	305	-21	-0.3456362828580622	0.8610444977351452	0.8763655742073009	-0.01532107647215563	Control	ENSG00000163683	0.14841460165201173	-0.08136532318239631	FALSE	5	SMIM14	SMIM14
ENSG00000144713	21	27	-6	-0.10038691252487242	0.4845456967759126	0.4998667732480682	-0.01532107647215563	Control	ENSG00000144713	0.14841460165201173	-0.06513502968664575	FALSE	5	RPL32	RPL32
ENSG00000214765	17	22	-5	-0.08403695450265977	0.4495070610178524	0.464828137490008	-0.01532107647215563	Control	ENSG00000214765	0.14841460165201173	0.0042495817674375	FALSE	5	SEPTIN7P2	SEPTIN7P2
ENSG00000137075	17	22	-5	-0.08403695450265977	0.4495070610178524	0.464828137490008	-0.01532107647215563	Control	ENSG00000137075	0.14841460165201173	-0.02237093317283545	FALSE	5	RNF38	RNF38
ENSG00000072736	17	22	-5	-0.08403695450265977	0.4495070610178524	0.464828137490008	-0.01532107647215563	Control	ENSG00000072736	0.14841460165201173	0.08735192672446246	FALSE	5	NFATC3	NFATC3
ENSG00000214517	471	418	53	0.8642606107856742	0.9364508393285372	0.9211297628563816	0.01532107647215552	AD	ENSG00000214517	0.14734878763655743	-0.16270435659087923	FALSE	5	PPME1	PPME1
ENSG00000131507	615	704	-89	-1.4574334283685229	0.9752198241406874	0.9904076738609112	-0.0151878497202238	Control	ENSG00000131507	0.1466826538768985	-0.19798923352666797	FALSE	5	NDFIP1	NDFIP1
ENSG00000159199	465	507	-42	-0.6889854013245279	0.934718891553424	0.9499067412736476	-0.0151878497202238	Control	ENSG00000159199	0.1466826538768985	-0.1437868431314282	FALSE	5	ATP5MC1	ATP5MC1
ENSG00000196876	49	63	-14	-0.23118657670257364	0.6305622168931522	0.645750066613376	-0.0151878497202238	Control	ENSG00000196876	0.1466826538768985	-0.252823909730008	FALSE	5	SCN8A	SCN8A
ENSG00000120509	132	119	13	0.21026228989716805	0.7599253930189181	0.7447375432986943	0.0151878497202238	AD	ENSG00000120509	0.1466826538768985	-0.17970917756054303	FALSE	5	PDZD11	PDZD11
ENSG00000103591	659	570	89	1.4528590995853297	0.981215027977618	0.966160405009326	0.01505462296829207	AD	ENSG00000103591	0.14548361310951238	-0.11990064980234648	FALSE	5	AAGAB	AAGAB
ENSG00000163516	11	12	-1	-0.01863712241380915	0.3675726085798029	0.35251798561151076	0.01505462296829207	Control	ENSG00000163516	0.14548361310951238	0.05891063381724315	FALSE	5	ANKZF1	ANKZF1
ENSG00000104671	11	12	-1	-0.01863712241380915	0.3675726085798029	0.35251798561151076	0.01505462296829207	Control	ENSG00000104671	0.14548361310951238	-0.10388149170247551	FALSE	5	DCTN6	DCTN6
ENSG00000171791	11	12	-1	-0.01863712241380915	0.3675726085798029	0.35251798561151076	0.01505462296829207	Control	ENSG00000171791	0.14548361310951238	0.16703594150476597	FALSE	5	BCL2	BCL2
ENSG00000141522	11	12	-1	-0.01863712241380915	0.3675726085798029	0.35251798561151076	0.01505462296829207	Control	ENSG00000141522	0.14548361310951238	-0.08963796785632994	FALSE	5	ARHGDIA	ARHGDIA
ENSG00000164050	57	60	-3	-0.05133703845823445	0.65201172395417	0.636957100985878	0.01505462296829196	Control	ENSG00000164050	0.14468425259792167	0.1813723431990386	FALSE	5	PLXNB1	PLXNB1
ENSG00000138757	811	664	147	2.4011566648736635	0.9992006394884092	0.9842792432720492	0.01492139621636023	AD	ENSG00000138757	0.1440181188382627	-0.11612215762047208	FALSE	5	G3BP2	G3BP2
ENSG00000083720	526	575	-49	-0.8034351074800166	0.9532374100719424	0.9681588062883026	-0.01492139621636023	Control	ENSG00000083720	0.1440181188382627	-0.10869907031108283	FALSE	5	OXCT1	OXCT1
ENSG00000143013	272	286	-14	-0.23118657670257364	0.8529176658673061	0.8678390620836663	-0.01492139621636023	Control	ENSG00000143013	0.1440181188382627	-0.1047193236024082	FALSE	5	LMO4	LMO4
ENSG00000008277	94	89	5	0.07946262571946677	0.7164934718891554	0.7015720756727951	0.01492139621636023	AD	ENSG00000008277	0.1440181188382627	-0.11708096501705612	FALSE	5	ADAM22	ADAM22
ENSG00000178917	10	13	-3	-0.05133703845823445	0.35251798561151076	0.3673061550759392	-0.01478816946442845	Control	ENSG00000178917	0.14335198507860378	0.13582743176601308	FALSE	5	ZNF852	ZNF852
ENSG00000158856	249	251	-2	-0.0349870804360218	0.8381294964028777	0.8527844391153744	-0.01465494271249667	Control	ENSG00000158856	0.14281907807087663	0.02496835320351032	FALSE	5	DMTN	DMTN
ENSG00000159352	484	530	-46	-0.7543852334133786	0.940980548894218	0.9556354916067148	-0.01465494271249667	Control	ENSG00000159352	0.14281907807087663	-0.10547697935776056	FALSE	5	PSMD4	PSMD4
ENSG00000003402	137	152	-15	-0.2475365347247863	0.7651212363442579	0.7797761790567546	-0.01465494271249667	Control	ENSG00000003402	0.14281907807087663	0.1107612898661028	FALSE	5	CFLAR	CFLAR
ENSG00000113658	124	138	-14	-0.23118657670257364	0.7547295496935784	0.7692512656541434	-0.01452171596056495	Control	ENSG00000113658	0.14228617106314947	0.10974811199000634	FALSE	5	SMAD5	SMAD5
ENSG00000087191	512	458	54	0.8806105688078868	0.9493738342659206	0.9348521183053558	0.01452171596056484	AD	ENSG00000087191	0.1418864908073541	-0.07234006484122979	FALSE	5	PSMC5	PSMC5
ENSG00000125675	113	127	-14	-0.23118657670257364	0.742472688515854	0.7569944044764189	-0.01452171596056484	Control	ENSG00000125675	0.1418864908073541	-0.23037207213010905	FALSE	5	GRIA3	GRIA3
ENSG00000197043	463	413	50	0.8152107367190362	0.9339195310418332	0.9195310418332	0.01438848920863311	AD	ENSG00000197043	0.1410871302957634	-0.19904013310781288	FALSE	5	ANXA6	ANXA6
ENSG00000116288	179	200	-21	-0.3456362828580622	0.8026911803890221	0.8170796695976552	-0.01438848920863311	Control	ENSG00000116288	0.1410871302957634	-0.0755856494328988	FALSE	5	PARK7	PARK7
ENSG00000148229	313	328	-15	-0.2475365347247863	0.8710365041300293	0.8854249933386624	-0.01438848920863311	Control	ENSG00000148229	0.1410871302957634	-0.04784568884302231	FALSE	5	POLE3	POLE3
ENSG00000166833	18	20	-2	-0.0349870804360218	0.45976552091660006	0.44537703170796694	0.01438848920863311	Control	ENSG00000166833	0.1410871302957634	0.0516243870038533	FALSE	5	NAV2	NAV2
ENSG00000114686	281	237	44	0.7171109885857603	0.8590460964561684	0.8446576072475354	0.014388489208633	AD	ENSG00000114686	0.14042099653610446	-0.14624270798964645	FALSE	5	MRPL3	MRPL3
ENSG00000134375	487	433	54	0.8806105688078868	0.942179589661604	0.9279243272049028	0.01425526245670139	AD	ENSG00000134375	0.1400213162803091	-0.10879722486902388	FALSE	5	TIMM17A	TIMM17A
ENSG00000040341	172	156	16	0.25931216396380596	0.7970956568078871	0.7828403943511857	0.01425526245670139	AD	ENSG00000040341	0.1400213162803091	-0.18480538051562156	FALSE	5	STAU2	STAU2
ENSG00000182578	9	10	-1	-0.01863712241380915	0.3361310951239009	0.32187583266719955	0.01425526245670133	Control	ENSG00000182578	0.13935518252065016	0.3657674253030603	FALSE	5	CSF1R	CSF1R
ENSG00000243302	16	18	-2	-0.0349870804360218	0.4373834265920597	0.4231281641353584	0.01425526245670133	Control	ENSG00000243302	0.13935518252065016	0.08861162674359413	FALSE	5	NA	ENSG00000243302
ENSG00000105258	16	18	-2	-0.0349870804360218	0.4373834265920597	0.4231281641353584	0.01425526245670133	Control	ENSG00000105258	0.13935518252065016	-0.06251342678862137	FALSE	5	POLR2I	POLR2I
ENSG00000111530	533	470	63	1.0277601910078007	0.9545696775912604	0.940314415134559	0.01425526245670127	AD	ENSG00000111530	0.13842259525712763	-0.05707906035195087	FALSE	5	CAND1	CAND1
ENSG00000107771	156	136	20	0.3247119960526566	0.782041033839595	0.7677857713828937	0.01425526245670127	AD	ENSG00000107771	0.13842259525712763	-0.01600658817405076	FALSE	5	CCSER2	CCSER2
ENSG00000088888	71	86	-15	-0.2475365347247863	0.6817212896349587	0.69597655209166	-0.01425526245670127	Control	ENSG00000088888	0.13842259525712763	0.07461106947701879	FALSE	5	MAVS	MAVS
ENSG00000147180	47	52	-5	-0.08403695450265977	0.623767652544631	0.6095123900879297	0.01425526245670127	Control	ENSG00000147180	0.13842259525712763	-0.11605575455710417	FALSE	5	ZNF711	ZNF711
ENSG00000255302	349	356	-7	-0.11673687054708508	0.8855582200905942	0.8996802557953637	-0.01412203570476955	Control	ENSG00000255302	0.1376232347455369	-0.10519598020335864	FALSE	5	EID1	EID1
ENSG00000188674	139	154	-15	-0.2475365347247863	0.7667199573674394	0.7808419930722089	-0.01412203570476955	Control	ENSG00000188674	0.1376232347455369	-0.1663186512619923	FALSE	5	C2orf80	C2orf80
ENSG00000286190	43	47	-4	-0.06768699648044711	0.609912070343725	0.5957900346389555	0.01412203570476944	Control	ENSG00000286190	0.13722355448974155	-0.0779961310214361	FALSE	5	NA	ENSG00000286190
ENSG00000164124	19	21	-2	-0.0349870804360218	0.469890754063416	0.4559019451105782	0.01398880895283777	Control	ENSG00000164124	0.13695710098587796	-0.06189422103090614	FALSE	5	TMEM144	TMEM144
ENSG00000205629	615	696	-81	-1.3266337641908217	0.9752198241406874	0.9892086330935252	-0.01398880895283771	Control	ENSG00000205629	0.1366906474820144	-0.0715910735910974	FALSE	5	LCMT1	LCMT1
ENSG00000136143	647	570	77	1.2566596033187778	0.980015987210232	0.966160405009326	0.01385558220090599	AD	ENSG00000136143	0.13602451372235544	-0.18931074459393749	FALSE	5	SUCLA2	SUCLA2
ENSG00000116199	212	186	26	0.42281174418593254	0.8222755129229948	0.808419930722089	0.01385558220090599	AD	ENSG00000116199	0.13602451372235544	-0.03050823797919122	FALSE	5	FAM20B	FAM20B
ENSG00000131143	270	228	42	0.6844110725413349	0.8509192645883293	0.8370636823874233	0.01385558220090599	AD	ENSG00000131143	0.13602451372235544	-0.14041627746873608	FALSE	5	COX4I1	COX4I1
ENSG00000113594	23	25	-2	-0.0349870804360218	0.5001332267519318	0.48627764455102584	0.01385558220090599	Control	ENSG00000113594	0.13602451372235544	0.09671760670181052	FALSE	5	LIFR	LIFR
ENSG00000126432	477	427	50	0.8152107367190362	0.938449240607514	0.9247268851585398	0.01372235544897415	AD	ENSG00000126432	0.13495869970690114	-0.12600397893578297	FALSE	5	PRDX5	PRDX5
ENSG00000164885	466	504	-38	-0.6235855692356773	0.9349853450572876	0.9487077005062616	-0.01372235544897415	Control	ENSG00000164885	0.13495869970690114	-0.15052726771036795	FALSE	5	CDK5	CDK5
ENSG00000099365	273	231	42	0.6844110725413349	0.8535837996269651	0.8398614441779909	0.01372235544897415	AD	ENSG00000099365	0.13495869970690114	-0.27080158959060263	FALSE	5	STX1B	STX1B
ENSG00000011485	440	466	-26	-0.4273860729691255	0.925259792166267	0.9389821476152412	-0.01372235544897415	Control	ENSG00000011485	0.13495869970690114	-0.09768238499416704	FALSE	5	PPP5C	PPP5C
ENSG00000154001	333	280	53	0.8642606107856742	0.8778310684785505	0.8642419397815081	0.01358912869704243	AD	ENSG00000154001	0.1342925659472422	-0.07466026801653136	FALSE	5	PPP2R5E	PPP2R5E
ENSG00000145864	96	110	-14	-0.23118657670257364	0.7191580069277911	0.7326139088729017	-0.01345590194511059	Control	ENSG00000145864	0.13362643218758327	-0.2759208323956486	FALSE	5	GABRB2	GABRB2
ENSG00000145293	433	458	-25	-0.4110361149469128	0.9213962163602452	0.9348521183053558	-0.01345590194511059	Control	ENSG00000145293	0.13362643218758327	-0.13232755190614576	FALSE	5	ENOPH1	ENOPH1
ENSG00000005194	142	157	-15	-0.2475365347247863	0.7704503064215295	0.78390620836664	-0.01345590194511059	Control	ENSG00000005194	0.13362643218758327	-0.10662156427116544	FALSE	5	CIAPIN1	CIAPIN1
ENSG00000178234	119	114	5	0.07946262571946677	0.7500666133759659	0.7366107114308553	0.01345590194511059	AD	ENSG00000178234	0.13362643218758327	-0.09145602709053335	FALSE	5	GALNT11	GALNT11
ENSG00000085415	528	572	-44	-0.7216853173689532	0.9539035438316014	0.96722621902478	-0.01332267519317875	Control	ENSG00000085415	0.13269384492406075	-0.1928051780162079	FALSE	5	SEH1L	SEH1L
ENSG00000109738	259	267	-8	-0.1330868285692977	0.8458566480149214	0.8591793232081002	-0.01332267519317875	Control	ENSG00000109738	0.13269384492406075	-0.1437541430060154	FALSE	5	GLRB	GLRB
ENSG00000067900	193	210	-17	-0.2802364507692116	0.8110844657607248	0.82440714095390355	-0.01332267519317875	Control	ENSG00000067900	0.13269384492406075	0.1604286355836777	FALSE	5	ROCK1	ROCK1
ENSG00000137076	164	180	-16	-0.26388649274699894	0.7904343192112976	0.8036237676525446	-0.01318944844124703	Control	ENSG00000137076	0.13202771116440182	0.13280707077978704	FALSE	5	TLN1	TLN1
ENSG00000176490	134	122	12	0.19391233187495535	0.7624567013056222	0.7492672528643751	0.01318944844124703	AD	ENSG00000176490	0.13202771116440182	-0.2997135094409291	FALSE	5	DIRAS1	DIRAS1
ENSG00000170775	18	23	-5	-0.08403695450265977	0.45976552091660006	0.4728217426059153	-0.01305622168931519	Control	ENSG00000170775	0.13162803090860645	0.2292428381499807	FALSE	5	GPR37	GPR37
ENSG00000065559	356	366	-10	-0.16578674461372303	0.8898214761524114	0.9027444710897948	-0.01292299493738347	Control	ENSG00000065559	0.13122835065281108	-0.03932818058165388	FALSE	5	MAP2K4	MAP2K4
ENSG00000014824	451	409	42	0.6844110725413349	0.9299227284838796	0.916999733546496	0.01292299493738347	AD	ENSG00000014824	0.13122835065281108	-0.06455911104354861	FALSE	5	SLC30A9	SLC30A9
ENSG00000120805	689	607	82	1.338409393429841	0.9866773248068212	0.9738875566213696	0.01278976818545163	AD	ENSG00000120805	0.12829736211031176	-0.12745038518894347	FALSE	5	ARL1	ARL1
ENSG00000025800	93	106	-13	-0.214836618680361	0.7150279776179057	0.7278177458033573	-0.01278976818545163	Control	ENSG00000025800	0.12829736211031176	-0.024514231453022	FALSE	5	KPNA6	KPNA6
ENSG00000063046	3	3	0	-0.00228716439159649	0.17306155075939247	0.16027178257394084	0.01278976818545163	Control	ENSG00000063046	0.12829736211031176	0.01398992442168101	FALSE	5	EIF4B	EIF4B
ENSG00000245293	3	3	0	-0.00228716439159649	0.17306155075939247	0.16027178257394084	0.01278976818545163	Control	ENSG00000245293	0.12829736211031176	0.08151035525495587	FALSE	5	CYP2U1-AS1	CYP2U1-AS1
ENSG00000181904	3	3	0	-0.00228716439159649	0.17306155075939247	0.16027178257394084	0.01278976818545163	Control	ENSG00000181904	0.12829736211031176	0.03743769307273936	FALSE	5	C5orf24	C5orf24
ENSG00000138399	3	3	0	-0.00228716439159649	0.17306155075939247	0.16027178257394084	0.01278976818545163	Control	ENSG00000138399	0.12829736211031176	0.01120955420377534	FALSE	5	FASTKD1	FASTKD1
ENSG00000049130	3	3	0	-0.00228716439159649	0.17306155075939247	0.16027178257394084	0.01278976818545163	Control	ENSG00000049130	0.12829736211031176	-0.05844076570132017	FALSE	5	KITLG	KITLG
ENSG00000273381	3	3	0	-0.00228716439159649	0.17306155075939247	0.16027178257394084	0.01278976818545163	Control	ENSG00000273381	0.12829736211031176	0.25751235815622753	FALSE	5	NA	ENSG00000273381
ENSG00000147465	3	3	0	-0.00228716439159649	0.17306155075939247	0.16027178257394084	0.01278976818545163	Control	ENSG00000147465	0.12829736211031176	-0.2628614542646037	FALSE	5	STAR	STAR
ENSG00000197971	3	3	0	-0.00228716439159649	0.17306155075939247	0.16027178257394084	0.01278976818545163	Control	ENSG00000197971	0.12829736211031176	-0.01802354990709176	FALSE	5	MBP	MBP
ENSG00000124440	3	3	0	-0.00228716439159649	0.17306155075939247	0.16027178257394084	0.01278976818545163	Control	ENSG00000124440	0.12829736211031176	0.2934352531900011	FALSE	5	HIF3A	HIF3A
ENSG00000173889	3	3	0	-0.00228716439159649	0.17306155075939247	0.16027178257394084	0.01278976818545163	Control	ENSG00000173889	0.12829736211031176	0.05644578696767688	FALSE	5	PHC3	PHC3
ENSG00000177885	3	3	0	-0.00228716439159649	0.17306155075939247	0.16027178257394084	0.01278976818545163	Control	ENSG00000177885	0.12829736211031176	-0.01547754843286419	FALSE	5	GRB2	GRB2
ENSG00000172795	3	3	0	-0.00228716439159649	0.17306155075939247	0.16027178257394084	0.01278976818545163	Control	ENSG00000172795	0.12829736211031176	0.0066923458731285	FALSE	5	DCP2	DCP2
ENSG00000143569	3	3	0	-0.00228716439159649	0.17306155075939247	0.16027178257394084	0.01278976818545163	Control	ENSG00000143569	0.12829736211031176	-0.09818466943754169	FALSE	5	UBAP2L	UBAP2L
ENSG00000110148	3	3	0	-0.00228716439159649	0.17306155075939247	0.16027178257394084	0.01278976818545163	Control	ENSG00000110148	0.12829736211031176	-0.31335965291023804	FALSE	5	CCKBR	CCKBR
ENSG00000184481	3	3	0	-0.00228716439159649	0.17306155075939247	0.16027178257394084	0.01278976818545163	Control	ENSG00000184481	0.12829736211031176	0.24932175172954452	FALSE	5	FOXO4	FOXO4
ENSG00000108639	3	3	0	-0.00228716439159649	0.17306155075939247	0.16027178257394084	0.01278976818545163	Control	ENSG00000108639	0.12829736211031176	0.07408128265453229	FALSE	5	SYNGR2	SYNGR2
ENSG00000182195	3	3	0	-0.00228716439159649	0.17306155075939247	0.16027178257394084	0.01278976818545163	Control	ENSG00000182195	0.12829736211031176	-0.04915055484842767	FALSE	5	LDOC1	LDOC1
ENSG00000197563	3	3	0	-0.00228716439159649	0.17306155075939247	0.16027178257394084	0.01278976818545163	Control	ENSG00000197563	0.12829736211031176	-0.00187745526889671	FALSE	5	PIGN	PIGN
ENSG00000157827	67	81	-14	-0.23118657670257364	0.6746602717825739	0.6873168132160938	-0.0126565414335199	Control	ENSG00000157827	0.1254996003197442	0.19324234987974265	FALSE	5	FMNL2	FMNL2
ENSG00000031698	770	665	105	1.714458427940732	0.9972022382094324	0.9845456967759126	0.01265654143351979	AD	ENSG00000031698	0.12509992006394885	-0.14904965970453077	FALSE	5	SARS1	SARS1
ENSG00000104852	66	80	-14	-0.23118657670257364	0.6722621902478018	0.6849187316813216	-0.01265654143351979	Control	ENSG00000104852	0.12509992006394885	0.05872224082469302	FALSE	5	SNRNP70	SNRNP70
ENSG00000082458	754	659	95	1.5509588477186056	0.9953370636823874	0.9828137490007992	0.01252331468158807	AD	ENSG00000082458	0.1244337863042899	-0.1499090300285335	FALSE	5	DLG3	DLG3
ENSG00000135932	207	184	23	0.37376187011929457	0.8192112976285638	0.8066879829469757	0.01252331468158807	AD	ENSG00000135932	0.1244337863042899	-0.07397220703236584	FALSE	5	CAB39	CAB39
ENSG00000214013	51	64	-13	-0.214836618680361	0.6358912869704236	0.6484146016520117	-0.01252331468158807	Control	ENSG00000214013	0.1244337863042899	0.07193155468165635	FALSE	5	GANC	GANC
ENSG00000204655	33	37	-4	-0.06768699648044711	0.5692779110045297	0.5568878230748734	0.01239008792965634	Control	ENSG00000204655	0.12390087929656275	0.00191780148232467	FALSE	5	MOG	MOG
ENSG00000134108	725	639	86	1.4038092255186916	0.9920063948840928	0.9796163069544364	0.01239008792965623	AD	ENSG00000134108	0.1233679722888356	-0.1457883102716604	FALSE	5	ARL8B	ARL8B
ENSG00000109917	244	240	4	0.06311266769725413	0.8345323741007195	0.8469224620303757	-0.01239008792965623	AD	ENSG00000109917	0.1233679722888356	-0.04332637179064314	FALSE	5	ZPR1	ZPR1
ENSG00000184402	24	30	-6	-0.10038691252487242	0.5077271516120437	0.5201172395417	-0.01239008792965623	Control	ENSG00000184402	0.1233679722888356	-0.09784408747029438	FALSE	5	SS18L1	SS18L1
ENSG00000166681	612	553	59	0.96236035891895	0.9738875566213696	0.9616306954436452	0.01225686117772451	AD	ENSG00000166681	0.12283506528110845	-0.18448293540930116	FALSE	5	BEX3	BEX3
ENSG00000197536	14	18	-4	-0.06768699648044711	0.4108713029576339	0.4231281641353584	-0.01225686117772445	Control	ENSG00000197536	0.12256861177724487	0.05678343899054283	FALSE	5	CARINH	CARINH
ENSG00000204580	26	33	-7	-0.11673687054708508	0.5242472688515853	0.5363709032773781	-0.01212363442579278	Control	ENSG00000204580	0.1223021582733813	0.0961834688137806	FALSE	5	DDR1	DDR1
ENSG00000166181	464	498	-34	-0.5581857371468267	0.9343192112976284	0.9463096189714896	-0.01199040767386094	Control	ENSG00000166181	0.12176925126565415	-0.08731966350878295	FALSE	5	API5	API5
ENSG00000108094	572	613	-41	-0.6726354433023153	0.9630961897148947	0.9750865973887556	-0.01199040767386094	Control	ENSG00000108094	0.12176925126565415	-0.11957423743312036	FALSE	5	CUL2	CUL2
ENSG00000050030	80	94	-14	-0.23118657670257364	0.697841726618705	0.709832134292566	-0.01199040767386094	Control	ENSG00000050030	0.12176925126565415	0.05768240150480785	FALSE	5	NEXMIF	NEXMIF
ENSG00000198898	155	165	-10	-0.16578674461372303	0.7812416733280043	0.7932320810018652	-0.01199040767386083	Control	ENSG00000198898	0.121236344257927	-0.09746724073005808	FALSE	5	CAPZA2	CAPZA2
ENSG00000165637	593	540	53	0.8642606107856742	0.969757527311484	0.957900346389555	0.01185718092192911	AD	ENSG00000165637	0.11990407673860912	-0.16713066626157946	FALSE	5	VDAC2	VDAC2
ENSG00000171824	4	5	-1	-0.01863712241380915	0.21183053557154277	0.22368771649347188	-0.01185718092192911	Control	ENSG00000171824	0.11990407673860912	0.03883107016092779	FALSE	5	EXOSC10	EXOSC10
ENSG00000154803	4	5	-1	-0.01863712241380915	0.21183053557154277	0.22368771649347188	-0.01185718092192911	Control	ENSG00000154803	0.11990407673860912	0.14910176054225133	FALSE	5	FLCN	FLCN
ENSG00000122863	4	5	-1	-0.01863712241380915	0.21183053557154277	0.22368771649347188	-0.01185718092192911	Control	ENSG00000122863	0.11990407673860912	0.01006809095233052	FALSE	5	CHST3	CHST3
ENSG00000182095	4	5	-1	-0.01863712241380915	0.21183053557154277	0.22368771649347188	-0.01185718092192911	Control	ENSG00000182095	0.11990407673860912	0.1253971570228849	FALSE	5	TNRC18	TNRC18
ENSG00000119004	4	5	-1	-0.01863712241380915	0.21183053557154277	0.22368771649347188	-0.01185718092192911	Control	ENSG00000119004	0.11990407673860912	0.09555743567368856	FALSE	5	CYP20A1	CYP20A1
ENSG00000144677	4	5	-1	-0.01863712241380915	0.21183053557154277	0.22368771649347188	-0.01185718092192911	Control	ENSG00000144677	0.11990407673860912	0.16605315847077762	FALSE	5	CTDSPL	CTDSPL
ENSG00000253636	4	5	-1	-0.01863712241380915	0.21183053557154277	0.22368771649347188	-0.01185718092192911	Control	ENSG00000253636	0.11990407673860912	0.1505464832465515	FALSE	5	NA	ENSG00000253636
ENSG00000136205	4	5	-1	-0.01863712241380915	0.21183053557154277	0.22368771649347188	-0.01185718092192911	Control	ENSG00000136205	0.11990407673860912	0.2184948416939747	FALSE	5	TNS3	TNS3
ENSG00000004534	60	73	-13	-0.214836618680361	0.6578737010391686	0.669597655209166	-0.01172395416999738	Control	ENSG00000004534	0.11857180921929124	0.11890583205126504	FALSE	5	RBM6	RBM6
ENSG00000132341	667	767	-100	-1.637282966612862	0.9833466560085266	0.9950706101785238	-0.01172395416999727	Control	ENSG00000132341	0.11803890221156409	-0.1127803678785888	FALSE	5	RAN	RAN
ENSG00000135002	297	253	44	0.7171109885857603	0.8663735678124167	0.8546496136424194	0.01172395416999727	AD	ENSG00000135002	0.11803890221156409	-0.08503676130770188	FALSE	5	RFK	RFK
ENSG00000101474	408	420	-12	-0.19848666065814832	0.910738076205702	0.9224620303756994	-0.01172395416999727	Control	ENSG00000101474	0.11803890221156409	-0.09496342772428612	FALSE	5	APMAP	APMAP
ENSG00000061918	673	601	72	1.1749098132077145	0.984945377031708	0.9733546496136424	0.01159072741806555	AD	ENSG00000061918	0.11683986144417799	-0.11888678115787243	FALSE	5	GUCY1B1	GUCY1B1
ENSG00000109180	698	629	69	1.1258599391410764	0.989341859845457	0.9777511324273914	0.01159072741806555	AD	ENSG00000109180	0.11683986144417799	-0.1450782699087334	FALSE	5	OCIAD1	OCIAD1
ENSG00000134590	701	630	71	1.158559855185502	0.989874766853184	0.9782840394351184	0.01159072741806555	AD	ENSG00000134590	0.11683986144417799	-0.1743095076665906	FALSE	5	RTL8C	RTL8C
ENSG00000135018	376	328	48	0.7825108206746109	0.897015720756728	0.8854249933386624	0.01159072741806555	AD	ENSG00000135018	0.11683986144417799	-0.11411189339170312	FALSE	5	UBQLN1	UBQLN1
ENSG00000049245	38	49	-11	-0.18213670263593568	0.5907274180655475	0.6023181454836131	-0.01159072741806555	Control	ENSG00000049245	0.11683986144417799	0.07092647659561813	FALSE	5	VAMP3	VAMP3
ENSG00000149716	7	9	-2	-0.0349870804360218	0.29349853450572877	0.3050892619237943	-0.01159072741806555	Control	ENSG00000149716	0.11683986144417799	0.05038185303583198	FALSE	5	LTO1	LTO1
ENSG00000171703	467	499	-32	-0.5254858211024014	0.9353850253130828	0.9468425259792166	-0.01145750066613371	Control	ENSG00000171703	0.11577404742872369	-0.04974782288791601	FALSE	5	TCEA2	TCEA2
ENSG00000139726	168	155	13	0.21026228989716805	0.7932320810018652	0.7817745803357314	0.01145750066613371	AD	ENSG00000139726	0.11577404742872369	-0.05023312639863597	FALSE	5	DENR	DENR
ENSG00000157191	61	74	-13	-0.214836618680361	0.6605382360778044	0.6718625099920064	-0.01132427391420198	Control	ENSG00000157191	0.11537436717292833	0.07234058539828858	FALSE	5	NECAP2	NECAP2
ENSG00000022355	172	186	-14	-0.23118657670257364	0.7970956568078871	0.808419930722089	-0.01132427391420187	Control	ENSG00000022355	0.11510791366906475	-0.400884226797773	FALSE	5	GABRA1	GABRA1
ENSG00000136930	549	497	52	0.8479106527634616	0.9571009858779644	0.945909938715694	0.01119104716227026	AD	ENSG00000136930	0.11470823341326938	-0.0987072509988991	FALSE	5	PSMB7	PSMB7
ENSG00000138069	614	680	-66	-1.0813843938576315	0.9745536903810283	0.9857447375432988	-0.01119104716227026	Control	ENSG00000138069	0.11470823341326938	-0.11385146963044868	FALSE	5	RAB1A	RAB1A
ENSG00000166922	108	121	-13	-0.214836618680361	0.7363442579269918	0.7475353050892619	-0.01119104716227015	Control	ENSG00000166922	0.11417532640554223	-0.182755456295828	FALSE	5	SCG5	SCG5
ENSG00000279348	316	275	41	0.6680611145191223	0.8727684519051425	0.8615774047428724	0.01119104716227015	AD	ENSG00000279348	0.11417532640554223	-0.07743422702664127	FALSE	5	NA	ENSG00000279348
ENSG00000154174	694	845	-151	-2.471130825745707	0.988675726085798	0.9997335464961364	-0.01105782041033842	Control	ENSG00000154174	0.1135091926458833	-0.08043636848307756	FALSE	5	TOMM70	TOMM70
ENSG00000113558	525	477	48	0.7825108206746109	0.9527045030642152	0.9416466826538769	0.01105782041033842	AD	ENSG00000113558	0.1135091926458833	-0.13304935739418333	FALSE	5	SKP1	SKP1
ENSG00000165629	223	197	26	0.42281174418593254	0.8258726352251532	0.8148148148148148	0.01105782041033842	AD	ENSG00000165629	0.1135091926458833	-0.19065483566235564	FALSE	5	ATP5F1C	ATP5F1C
ENSG00000101210	427	385	42	0.6844110725413349	0.9191313615774048	0.908206767918998	0.01092459365840659	AD	ENSG00000101210	0.11270983213429256	-0.16438843987142882	FALSE	5	EEF1A2	EEF1A2
ENSG00000223959	64	77	-13	-0.214836618680361	0.6681321609379164	0.679056754596323	-0.01092459365840659	Control	ENSG00000223959	0.11270983213429256	0.0762097995691331	FALSE	5	AFG3L1P	AFG3L1P
ENSG00000214021	8	9	-1	-0.01863712241380915	0.3160138555822009	0.3050892619237943	0.01092459365840659	Control	ENSG00000214021	0.11270983213429256	0.0570736729536625	FALSE	5	TTLL3	TTLL3
ENSG00000167004	2	2	0	-0.00228716439159649	0.12283506528110844	0.11204369837463364	0.01079136690647482	Control	ENSG00000167004	0.10857980282440714	-0.1489609833956003	FALSE	5	PDIA3	PDIA3
ENSG00000242265	2	2	0	-0.00228716439159649	0.12283506528110844	0.11204369837463364	0.01079136690647482	Control	ENSG00000242265	0.10857980282440714	0.12092492489235696	FALSE	5	PEG10	PEG10
ENSG00000158815	2	2	0	-0.00228716439159649	0.12283506528110844	0.11204369837463364	0.01079136690647482	Control	ENSG00000158815	0.10857980282440714	0.13587192507434054	FALSE	5	FGF17	FGF17
ENSG00000250722	2	2	0	-0.00228716439159649	0.12283506528110844	0.11204369837463364	0.01079136690647482	Control	ENSG00000250722	0.10857980282440714	0.1652640088713433	FALSE	5	SELENOP	SELENOP
ENSG00000047410	2	2	0	-0.00228716439159649	0.12283506528110844	0.11204369837463364	0.01079136690647482	Control	ENSG00000047410	0.10857980282440714	-0.02010061671169794	FALSE	5	TPR	TPR
ENSG00000168297	2	2	0	-0.00228716439159649	0.12283506528110844	0.11204369837463364	0.01079136690647482	Control	ENSG00000168297	0.10857980282440714	0.0505892095640803	FALSE	5	PXK	PXK
ENSG00000160678	2	2	0	-0.00228716439159649	0.12283506528110844	0.11204369837463364	0.01079136690647482	Control	ENSG00000160678	0.10857980282440714	-0.10153116502587524	FALSE	5	S100A1	S100A1
ENSG00000161298	2	2	0	-0.00228716439159649	0.12283506528110844	0.11204369837463364	0.01079136690647482	Control	ENSG00000161298	0.10857980282440714	0.0694148213875625	FALSE	5	ZNF382	ZNF382
ENSG00000214595	2	2	0	-0.00228716439159649	0.12283506528110844	0.11204369837463364	0.01079136690647482	Control	ENSG00000214595	0.10857980282440714	-0.11435271666730172	FALSE	5	EML6	EML6
ENSG00000063169	2	2	0	-0.00228716439159649	0.12283506528110844	0.11204369837463364	0.01079136690647482	Control	ENSG00000063169	0.10857980282440714	0.11507955232480248	FALSE	5	BICRA	BICRA
ENSG00000155066	2	2	0	-0.00228716439159649	0.12283506528110844	0.11204369837463364	0.01079136690647482	Control	ENSG00000155066	0.10857980282440714	0.04009030049906226	FALSE	5	PROM2	PROM2
ENSG00000198216	2	2	0	-0.00228716439159649	0.12283506528110844	0.11204369837463364	0.01079136690647482	Control	ENSG00000198216	0.10857980282440714	0.09167411865639964	FALSE	5	CACNA1E	CACNA1E
ENSG00000164938	2	2	0	-0.00228716439159649	0.12283506528110844	0.11204369837463364	0.01079136690647482	Control	ENSG00000164938	0.10857980282440714	0.13445811120357654	FALSE	5	TP53INP1	TP53INP1
ENSG00000135404	2	2	0	-0.00228716439159649	0.12283506528110844	0.11204369837463364	0.01079136690647482	Control	ENSG00000135404	0.10857980282440714	-0.08988680224863543	FALSE	5	CD63	CD63
ENSG00000231389	2	2	0	-0.00228716439159649	0.12283506528110844	0.11204369837463364	0.01079136690647482	Control	ENSG00000231389	0.10857980282440714	0.140098482755036	FALSE	5	HLA-DPA1	HLA-DPA1
ENSG00000153233	2	2	0	-0.00228716439159649	0.12283506528110844	0.11204369837463364	0.01079136690647482	Control	ENSG00000153233	0.10857980282440714	-0.04013999511213839	FALSE	5	PTPRR	PTPRR
ENSG00000100285	2	2	0	-0.00228716439159649	0.12283506528110844	0.11204369837463364	0.01079136690647482	Control	ENSG00000100285	0.10857980282440714	-0.22030250667127585	FALSE	5	NEFH	NEFH
ENSG00000178980	2	2	0	-0.00228716439159649	0.12283506528110844	0.11204369837463364	0.01079136690647482	Control	ENSG00000178980	0.10857980282440714	-0.05211162067625352	FALSE	5	SELENOW	SELENOW
ENSG00000266173	2	2	0	-0.00228716439159649	0.12283506528110844	0.11204369837463364	0.01079136690647482	Control	ENSG00000266173	0.10857980282440714	-0.0359246822763577	FALSE	5	STRADA	STRADA
ENSG00000184867	2	2	0	-0.00228716439159649	0.12283506528110844	0.11204369837463364	0.01079136690647482	Control	ENSG00000184867	0.10857980282440714	-0.03056621767082568	FALSE	5	ARMCX2	ARMCX2
ENSG00000137038	2	2	0	-0.00228716439159649	0.12283506528110844	0.11204369837463364	0.01079136690647482	Control	ENSG00000137038	0.10857980282440714	-0.11057855751236012	FALSE	5	DMAC1	DMAC1
ENSG00000124191	2	2	0	-0.00228716439159649	0.12283506528110844	0.11204369837463364	0.01079136690647482	Control	ENSG00000124191	0.10857980282440714	-0.19941917717630808	FALSE	5	TOX2	TOX2
ENSG00000183617	2	2	0	-0.00228716439159649	0.12283506528110844	0.11204369837463364	0.01079136690647482	Control	ENSG00000183617	0.10857980282440714	-0.02697071508274717	FALSE	5	MRPL54	MRPL54
ENSG00000147684	2	2	0	-0.00228716439159649	0.12283506528110844	0.11204369837463364	0.01079136690647482	Control	ENSG00000147684	0.10857980282440714	-0.12447328765428443	FALSE	5	NDUFB9	NDUFB9
ENSG00000261971	2	2	0	-0.00228716439159649	0.12283506528110844	0.11204369837463364	0.01079136690647482	Control	ENSG00000261971	0.10857980282440714	-0.02841159813321248	FALSE	5	MMP25-AS1	MMP25-AS1
ENSG00000077454	2	2	0	-0.00228716439159649	0.12283506528110844	0.11204369837463364	0.01079136690647482	Control	ENSG00000077454	0.10857980282440714	0.11312383135903303	FALSE	5	LRCH4	LRCH4
ENSG00000100234	2	2	0	-0.00228716439159649	0.12283506528110844	0.11204369837463364	0.01079136690647482	Control	ENSG00000100234	0.10857980282440714	0.09783247185028364	FALSE	5	TIMP3	TIMP3
ENSG00000185684	2	2	0	-0.00228716439159649	0.12283506528110844	0.11204369837463364	0.01079136690647482	Control	ENSG00000185684	0.10857980282440714	0.09348361845160724	FALSE	5	EP400P1	EP400P1
ENSG00000087470	630	571	59	0.96236035891895	0.9776179056754596	0.9668265387689848	0.01079136690647475	AD	ENSG00000087470	0.10471622701838529	-0.17146486414222295	FALSE	5	DNM1L	DNM1L
ENSG00000135250	636	575	61	0.9950602749633752	0.9788169464428456	0.9681588062883026	0.01065814015454302	AD	ENSG00000135250	0.10418332001065814	-0.10047053769898896	FALSE	5	SRPK2	SRPK2
ENSG00000047932	184	199	-15	-0.2475365347247863	0.8054889421795897	0.8161470823341327	-0.01065814015454302	Control	ENSG00000047932	0.10418332001065814	-0.12906157057229883	FALSE	5	GOPC	GOPC
ENSG00000075826	26	29	-3	-0.05133703845823445	0.5242472688515853	0.5135891286970423	0.01065814015454302	Control	ENSG00000075826	0.10418332001065814	0.09710127074913188	FALSE	5	SEC31B	SEC31B
ENSG00000141030	597	551	46	0.7498109046301856	0.9712230215827338	0.9606981081801226	0.01052491340261119	AD	ENSG00000141030	0.10325073274713563	-0.15351373457078132	FALSE	5	COPS3	COPS3
ENSG00000165283	201	181	20	0.3247119960526566	0.8154809485744737	0.8049560351718625	0.01052491340261119	AD	ENSG00000165283	0.10325073274713563	-0.09437937799993534	FALSE	5	STOML2	STOML2
ENSG00000075303	186	200	-14	-0.23118657670257364	0.806554756195044	0.8170796695976552	-0.01052491340261119	Control	ENSG00000075303	0.10325073274713563	-0.15117976148447276	FALSE	5	SLC25A40	SLC25A40
ENSG00000159692	160	170	-10	-0.16578674461372303	0.7863042899014122	0.7968292033040234	-0.01052491340261119	Control	ENSG00000159692	0.10325073274713563	-0.00457884746708003	FALSE	5	CTBP1	CTBP1
ENSG00000155097	791	689	102	1.665408553874094	0.998667732480682	0.9882760458300026	0.01039168665067946	AD	ENSG00000155097	0.10258459898747668	-0.11131806798080746	FALSE	5	ATP6V1C1	ATP6V1C1
ENSG00000198258	103	100	3	0.04676270967504147	0.7303490540900612	0.7199573674393819	0.01039168665067935	AD	ENSG00000198258	0.10218491873168133	-0.1955372248803489	FALSE	5	UBL5	UBL5
ENSG00000129675	37	41	-4	-0.06768699648044711	0.5855315747402078	0.5751398880895284	0.01039168665067935	Control	ENSG00000129675	0.10218491873168133	0.16269952753644468	FALSE	5	ARHGEF6	ARHGEF6
ENSG00000174446	25	31	-6	-0.10038691252487242	0.5154543032240874	0.5257127631228351	-0.01025845989874774	Control	ENSG00000174446	0.10178523847588596	-0.06015055661927171	FALSE	5	SNAPC5	SNAPC5
ENSG00000129055	491	450	41	0.6680611145191223	0.9427124966693312	0.9324540367705836	0.01025845989874763	AD	ENSG00000129055	0.10151878497202238	-0.0999420531946278	FALSE	5	ANAPC13	ANAPC13
ENSG00000164209	513	549	-36	-0.590885653191252	0.9499067412736476	0.9600319744204636	-0.0101252331468159	Control	ENSG00000164209	0.1012523314681588	-0.16797456290618662	FALSE	5	SLC25A46	SLC25A46
ENSG00000187601	431	392	39	0.635361198474697	0.9205968558486544	0.9104716227018386	0.01012523314681579	AD	ENSG00000187601	0.10098587796429523	-0.14421486783199278	FALSE	5	MAGEH1	MAGEH1
ENSG00000102003	351	348	3	0.04676270967504147	0.886357580602185	0.896349586997069	-0.00999200639488406	AD	ENSG00000102003	0.1003197442046363	-0.3103317848281488	FALSE	5	SYP	SYP
ENSG00000146267	254	252	2	0.03041275165282881	0.843591793232081	0.8535837996269651	-0.00999200639488406	AD	ENSG00000146267	0.1003197442046363	-0.06831627190532075	FALSE	5	FAXC	FAXC
ENSG00000119396	176	187	-11	-0.18213670263593568	0.8000266453503864	0.8100186517452704	-0.00999200639488406	Control	ENSG00000119396	0.1003197442046363	-0.0713609739797132	FALSE	5	RAB14	RAB14
ENSG00000128849	15	19	-4	-0.06768699648044711	0.4237942978950173	0.4337863042899014	-0.00999200639488406	Control	ENSG00000128849	0.1003197442046363	0.18468326973473023	FALSE	5	CGNL1	CGNL1
ENSG00000167778	682	774	-92	-1.5064833024351607	0.986144417799094	0.9960031974420464	-0.00985877964295234	Control	ENSG00000167778	0.09952038369304557	-0.09225147791751452	FALSE	5	SPRYD3	SPRYD3
ENSG00000152234	617	570	47	0.7661608626523982	0.9760191846522782	0.966160405009326	0.00985877964295234	AD	ENSG00000152234	0.09952038369304557	-0.17733225867467972	FALSE	5	ATP5F1A	ATP5F1A
ENSG00000164924	591	638	-47	-0.7707351914355912	0.969224620303757	0.9789501731947776	-0.0097255528910205	Control	ENSG00000164924	0.09898747668531842	-0.14328371659150818	FALSE	5	YWHAZ	YWHAZ
ENSG00000103035	577	613	-36	-0.590885653191252	0.9653610444977352	0.9750865973887556	-0.0097255528910205	Control	ENSG00000103035	0.09898747668531842	-0.08319016569982729	FALSE	5	PSMD7	PSMD7
ENSG00000107758	663	593	70	1.1422098971632892	0.9818811617372768	0.972288835598188	0.00959232613908867	AD	ENSG00000107758	0.09818811617372769	-0.1240770898733512	FALSE	5	PPP3CB	PPP3CB
ENSG00000183258	505	464	41	0.6680611145191223	0.9468425259792166	0.937250199840128	0.00959232613908867	AD	ENSG00000183258	0.09818811617372769	-0.12832077469068714	FALSE	5	DDX41	DDX41
ENSG00000069956	250	218	32	0.5209114923192084	0.839195310418332	0.8296029842792433	0.00959232613908867	AD	ENSG00000069956	0.09818811617372769	-0.13281396831879455	FALSE	5	MAPK6	MAPK6
ENSG00000125354	156	163	-7	-0.11673687054708508	0.782041033839595	0.7916333599786837	-0.00959232613908867	Control	ENSG00000125354	0.09818811617372769	-0.17861537227577529	FALSE	5	SEPTIN6	SEPTIN6
ENSG00000167005	759	684	75	1.2239596872743523	0.9965361044497736	0.9870770050626164	0.00945909938715694	AD	ENSG00000167005	0.09712230215827339	-0.12886607117979487	FALSE	5	NUDT21	NUDT21
ENSG00000100764	598	554	44	0.7171109885857603	0.9716227018385292	0.9621636024513722	0.00945909938715694	AD	ENSG00000100764	0.09712230215827339	-0.13046021253637363	FALSE	5	PSMC1	PSMC1
ENSG00000047597	347	303	44	0.7171109885857603	0.8843591793232081	0.8749000799360511	0.00945909938715694	AD	ENSG00000047597	0.09712230215827339	-0.11320161833164376	FALSE	5	XK	XK
ENSG00000103160	315	317	-2	-0.0349870804360218	0.8723687716493472	0.8818278710365042	-0.00945909938715694	Control	ENSG00000103160	0.09712230215827339	0.02123042726620916	FALSE	5	HSDL1	HSDL1
ENSG00000018189	508	465	43	0.7007610305635477	0.9476418864908074	0.9383160138555822	0.00932587263522521	AD	ENSG00000018189	0.09645616839861444	-0.0844067718597259	FALSE	5	RUFY3	RUFY3
ENSG00000154582	351	347	4	0.06311266769725413	0.886357580602185	0.89568345323741	-0.0093258726352251	AD	ENSG00000154582	0.09618971489475087	-0.10430171120775888	FALSE	5	ELOC	ELOC
ENSG00000101654	623	680	-57	-0.9342347716577176	0.9765520916600052	0.9857447375432988	-0.00919264588329338	Control	ENSG00000101654	0.09552358113509192	-0.13892534718021032	FALSE	5	RNMT	RNMT
ENSG00000277531	393	345	48	0.7825108206746109	0.9036770583533174	0.894484412470024	0.00919264588329338	AD	ENSG00000277531	0.09552358113509192	-0.22888209948408011	FALSE	5	PNMA8C	PNMA8C
ENSG00000140299	159	147	12	0.19391233187495535	0.7855049293898215	0.7763122835065281	0.00919264588329338	AD	ENSG00000140299	0.09552358113509192	0.11831039312633074	FALSE	5	BNIP2	BNIP2
ENSG00000090905	114	125	-11	-0.18213670263593568	0.7438049560351718	0.7529976019184652	-0.00919264588329338	Control	ENSG00000090905	0.09552358113509192	0.08959665259677863	FALSE	5	TNRC6A	TNRC6A
ENSG00000167515	157	164	-7	-0.11673687054708508	0.7832400746069811	0.7922994937383426	-0.00905941913136154	Control	ENSG00000167515	0.09485744737543299	-0.09441880418684434	FALSE	5	TRAPPC2L	TRAPPC2L
ENSG00000156976	528	556	-28	-0.4600859890135508	0.9539035438316014	0.9628297362110312	-0.00892619237942982	Control	ENSG00000156976	0.09419131361577404	-0.15185701680650077	FALSE	5	EIF4A2	EIF4A2
ENSG00000108946	377	335	42	0.6844110725413349	0.8976818545163869	0.8887556621369571	0.00892619237942982	AD	ENSG00000108946	0.09419131361577404	-0.15304721349590267	FALSE	5	PRKAR1A	PRKAR1A
ENSG00000129493	77	80	-3	-0.05133703845823445	0.6938449240607514	0.6849187316813216	0.00892619237942982	Control	ENSG00000129493	0.09419131361577404	0.1349379229187022	FALSE	5	HEATR5A	HEATR5A
ENSG00000056050	196	180	16	0.25931216396380596	0.8125499600319744	0.8036237676525446	0.00892619237942982	AD	ENSG00000056050	0.09419131361577404	-0.1711056559862154	FALSE	5	HPF1	HPF1
ENSG00000173915	247	239	8	0.12851249978610474	0.8370636823874233	0.8458566480149214	-0.00879296562749809	AD	ENSG00000173915	0.09339195310418331	-0.1563324472328258	FALSE	5	ATP5MK	ATP5MK
ENSG00000185721	544	503	41	0.6680611145191223	0.9568345323741008	0.9480415667466028	0.00879296562749809	AD	ENSG00000185721	0.09339195310418331	-0.10330814322034064	FALSE	5	DRG1	DRG1
ENSG00000108953	414	370	44	0.7171109885857603	0.9126032507327472	0.9039435118571808	0.00865973887556625	AD	ENSG00000108953	0.0924593658406608	-0.09047229980221694	FALSE	5	YWHAE	YWHAE
ENSG00000133019	94	93	1	0.01406279363061616	0.7164934718891554	0.7078337330135891	0.00865973887556625	AD	ENSG00000133019	0.0924593658406608	-0.05791025191299148	FALSE	5	CHRM3	CHRM3
ENSG00000118733	116	126	-10	-0.16578674461372303	0.7463362643218758	0.7549960031974421	-0.00865973887556625	Control	ENSG00000118733	0.0924593658406608	-0.37190711204152294	FALSE	5	OLFM3	OLFM3
ENSG00000180964	190	176	14	0.22661224791938067	0.8092192912336797	0.8005595523581135	0.00865973887556625	AD	ENSG00000180964	0.0924593658406608	-0.0697447671844813	FALSE	5	TCEAL8	TCEAL8
ENSG00000111737	118	116	2	0.03041275165282881	0.7484678923527844	0.7398081534772182	0.00865973887556625	AD	ENSG00000111737	0.0924593658406608	-0.0694426154096881	FALSE	5	RAB35	RAB35
ENSG00000119688	12	15	-3	-0.05133703845823445	0.3824940047961631	0.3911537436717293	-0.0086597388755662	Control	ENSG00000119688	0.09166000532907008	0.07552937408386384	FALSE	5	ABCD4	ABCD4
ENSG00000239911	152	160	-8	-0.1330868285692977	0.7787103650413003	0.7873701039168665	-0.00865973887556614	Control	ENSG00000239911	0.0913935518252065	-0.20437723761126847	FALSE	5	PRKAG2-AS1	PRKAG2-AS1
ENSG00000128524	671	731	-60	-0.9832846457243556	0.9840127897681854	0.9925393018918198	-0.00852651212363442	Control	ENSG00000128524	0.09086064481747935	-0.1172366293838003	FALSE	5	ATP6V1F	ATP6V1F
ENSG00000138138	446	412	34	0.5536114083636338	0.9276578737010392	0.9191313615774048	0.00852651212363442	AD	ENSG00000138138	0.09086064481747935	-0.1473477067908373	FALSE	5	ATAD1	ATAD1
ENSG00000006432	14	16	-2	-0.0349870804360218	0.4108713029576339	0.4023447908339995	0.00852651212363442	Control	ENSG00000006432	0.09086064481747935	-0.25642559415438093	FALSE	5	MAP3K9	MAP3K9
ENSG00000103769	646	688	-42	-0.6889854013245279	0.9796163069544364	0.9878763655742072	-0.00826005861977086	Control	ENSG00000103769	0.0901945110578204	-0.16132053847799277	FALSE	5	RAB11A	RAB11A
ENSG00000127463	562	513	49	0.7988607786968236	0.9601652011723956	0.9519051425526246	0.00826005861977086	AD	ENSG00000127463	0.0901945110578204	-0.10658946277314207	FALSE	5	EMC1	EMC1
ENSG00000013275	577	538	39	0.635361198474697	0.9653610444977352	0.957367439381828	0.00799360511590729	AD	ENSG00000013275	0.08966160405009325	-0.12231700860714768	FALSE	5	PSMC4	PSMC4
ENSG00000188976	370	330	40	0.6517111564969097	0.8942179589661604	0.8862243538502531	0.00799360511590729	AD	ENSG00000188976	0.08966160405009325	-0.08450034487479208	FALSE	5	NOC2L	NOC2L
ENSG00000110700	16	20	-4	-0.06768699648044711	0.4373834265920597	0.44537703170796694	-0.00799360511590724	Control	ENSG00000110700	0.0891286970423661	-0.05298541190025752	FALSE	5	RPS13	RPS13
ENSG00000186566	16	20	-4	-0.06768699648044711	0.4373834265920597	0.44537703170796694	-0.00799360511590724	Control	ENSG00000186566	0.0891286970423661	0.0585569023809569	FALSE	5	GPATCH8	GPATCH8
ENSG00000084093	128	135	-7	-0.11673687054708508	0.7585931254996003	0.7664535038635758	-0.00786037836397546	Control	ENSG00000084093	0.08859579003463895	0.12196042041038524	FALSE	5	REST	REST
ENSG00000091640	244	213	31	0.5045615342969958	0.8345323741007195	0.826671995736744	0.00786037836397546	AD	ENSG00000091640	0.08859579003463895	-0.1677739602371524	FALSE	5	SPAG7	SPAG7
ENSG00000128654	111	121	-10	-0.16578674461372303	0.7398081534772182	0.7475353050892619	-0.00772715161204373	Control	ENSG00000128654	0.0881961097788436	-0.06832323424493936	FALSE	5	MTX2	MTX2
ENSG00000134884	46	53	-7	-0.11673687054708508	0.6209698907540634	0.6132427391420198	0.00772715161204362	Control	ENSG00000134884	0.08792965627498002	0.1138807119757459	FALSE	5	ARGLU1	ARGLU1
ENSG00000173473	43	54	-11	-0.18213670263593568	0.609912070343725	0.617505995203837	-0.00759392486011201	Control	ENSG00000173473	0.08766320277111644	0.13189081008906278	FALSE	5	SMARCC1	SMARCC1
ENSG00000106682	382	340	42	0.6844110725413349	0.8995470290434319	0.89195310418332	0.0075939248601119	AD	ENSG00000106682	0.08713029576338929	-0.10833723457733058	FALSE	5	EIF4H	EIF4H
ENSG00000260804	359	323	36	0.5863113244080591	0.8907540634159339	0.883160138555822	0.0075939248601119	AD	ENSG00000260804	0.08713029576338929	-0.06685374340245964	FALSE	5	LINC01963	LINC01963
ENSG00000159433	54	65	-11	-0.18213670263593568	0.643218758326672	0.6508126831867839	-0.0075939248601119	Control	ENSG00000159433	0.08713029576338929	0.11935940694825577	FALSE	5	STARD9	STARD9
ENSG00000158985	473	492	-19	-0.3129363668136369	0.937250199840128	0.944710897948308	-0.00746069810818006	Control	ENSG00000158985	0.08633093525179857	-0.07010767619728853	FALSE	5	CDC42SE2	CDC42SE2
ENSG00000124659	149	139	10	0.16121241583053006	0.777644551025846	0.7701838529176659	0.00746069810818006	AD	ENSG00000124659	0.08633093525179857	-0.18313350793426864	FALSE	5	TBCC	TBCC
ENSG00000165660	30	37	-7	-0.11673687054708508	0.5494271249666933	0.5568878230748734	-0.00746069810818006	Control	ENSG00000165660	0.08633093525179857	-0.08855196934030829	FALSE	5	ABRAXAS2	ABRAXAS2
ENSG00000138434	82	93	-11	-0.18213670263593568	0.7005062616573408	0.7078337330135891	-0.00732747135624833	Control	ENSG00000138434	0.08579802824407141	0.2205815415288086	FALSE	5	ITPRID2	ITPRID2
ENSG00000131100	708	660	48	0.7825108206746109	0.9905409006128432	0.9833466560085266	0.0071942446043165	AD	ENSG00000131100	0.08526512123634426	-0.23578589775014255	FALSE	5	ATP6V1E1	ATP6V1E1
ENSG00000067225	478	447	31	0.5045615342969958	0.9389821476152412	0.9317879030109246	0.0071942446043165	AD	ENSG00000067225	0.08526512123634426	-0.13512667782298848	FALSE	5	PKM	PKM
ENSG00000161981	39	49	-10	-0.16578674461372303	0.5951239008792966	0.6023181454836131	-0.0071942446043165	Control	ENSG00000161981	0.08526512123634426	-0.12061945032100851	FALSE	5	SNRNP25	SNRNP25
ENSG00000152556	555	513	42	0.6844110725413349	0.9589661604050094	0.9519051425526246	0.00706101785238477	AD	ENSG00000152556	0.08393285371702638	-0.1497246706616231	FALSE	5	PFKM	PFKM
ENSG00000139182	387	385	2	0.03041275165282881	0.9011457500666132	0.908206767918998	-0.00706101785238477	AD	ENSG00000139182	0.08393285371702638	-0.2327683650076331	FALSE	5	CLSTN3	CLSTN3
ENSG00000158301	569	529	40	0.6517111564969097	0.9621636024513722	0.9551025845989874	0.00706101785238477	AD	ENSG00000158301	0.08393285371702638	-0.20177008185335055	FALSE	5	GPRASP2	GPRASP2
ENSG00000079785	672	628	44	0.7171109885857603	0.9844124700239808	0.977351452171596	0.00706101785238477	AD	ENSG00000079785	0.08393285371702638	-0.1381667299229914	FALSE	5	DDX1	DDX1
ENSG00000100138	694	771	-77	-1.261233932101971	0.988675726085798	0.9957367439381828	-0.00706101785238477	Control	ENSG00000100138	0.08393285371702638	-0.11635668554472112	FALSE	5	SNU13	SNU13
ENSG00000198780	61	71	-10	-0.16578674461372303	0.6605382360778044	0.6675992539301892	-0.00706101785238477	Control	ENSG00000198780	0.08393285371702638	-0.01205104666551193	FALSE	5	FAM169A	FAM169A
ENSG00000143093	75	79	-4	-0.06768699648044711	0.689714894750866	0.6826538768984812	0.00706101785238477	Control	ENSG00000143093	0.08393285371702638	-0.04517350623895133	FALSE	5	STRIP1	STRIP1
ENSG00000150768	625	580	45	0.7334609466079729	0.9768185451638688	0.969890754063416	0.00692779110045294	AD	ENSG00000150768	0.08273381294964029	-0.1333922042946707	FALSE	5	DLAT	DLAT
ENSG00000172336	436	407	29	0.4718616182525705	0.922728483879563	0.91580069277911	0.00692779110045294	AD	ENSG00000172336	0.08273381294964029	-0.1220205476741736	FALSE	5	POP7	POP7
ENSG00000181789	755	696	59	0.96236035891895	0.9960031974420464	0.9892086330935252	0.00679456434852121	AD	ENSG00000181789	0.08180122568611778	-0.20426091105056443	FALSE	5	COPG1	COPG1
ENSG00000125814	381	340	41	0.6680611145191223	0.8987476685318412	0.89195310418332	0.00679456434852121	AD	ENSG00000125814	0.08180122568611778	-0.21436779571377684	FALSE	5	NAPB	NAPB
ENSG00000152642	313	280	33	0.5372614503414211	0.8710365041300293	0.8642419397815081	0.00679456434852121	AD	ENSG00000152642	0.08180122568611778	-0.06511217909978839	FALSE	5	GPD1L	GPD1L
ENSG00000104067	66	77	-11	-0.18213670263593568	0.6722621902478018	0.679056754596323	-0.00679456434852121	Control	ENSG00000104067	0.08180122568611778	0.11712667739157467	FALSE	5	TJP1	TJP1
ENSG00000124207	172	162	10	0.16121241583053006	0.7970956568078871	0.7903010924593659	0.00679456434852121	AD	ENSG00000124207	0.08180122568611778	-0.10494033809565018	FALSE	5	CSE1L	CSE1L
ENSG00000110514	138	142	-4	-0.06768699648044711	0.7659205968558487	0.7727151612043698	-0.0067945643485211	Control	ENSG00000110514	0.08100186517452705	-0.11189058223273209	FALSE	5	MADD	MADD
ENSG00000154917	602	638	-36	-0.590885653191252	0.972288835598188	0.9789501731947776	-0.00666133759658937	Control	ENSG00000154917	0.08020250466293631	-0.07768735932569193	FALSE	5	RAB6B	RAB6B
ENSG00000128609	576	587	-11	-0.18213670263593568	0.9645616839861444	0.9712230215827338	-0.00666133759658937	Control	ENSG00000128609	0.08020250466293631	-0.18421415853112677	FALSE	5	NDUFA5	NDUFA5
ENSG00000019505	354	317	37	0.6026612824302717	0.8884892086330936	0.8818278710365042	0.00666133759658937	AD	ENSG00000019505	0.08020250466293631	-0.23678991673507	FALSE	5	SYT13	SYT13
ENSG00000115073	275	274	1	0.01406279363061616	0.8545163868904876	0.861177724487077	-0.00666133759658937	AD	ENSG00000115073	0.08020250466293631	-0.2015422272401679	FALSE	5	ACTR1B	ACTR1B
ENSG00000196935	74	85	-11	-0.18213670263593568	0.687849720223821	0.6945110578204103	-0.00666133759658937	Control	ENSG00000196935	0.08020250466293631	0.19710509879099547	FALSE	5	SRGAP1	SRGAP1
ENSG00000168090	582	551	31	0.5045615342969958	0.96722621902478	0.9606981081801226	0.00652811084465754	AD	ENSG00000168090	0.07940314415134558	-0.10652027823881129	FALSE	5	COPS6	COPS6
ENSG00000155876	481	498	-17	-0.2802364507692116	0.9399147348787636	0.9463096189714896	-0.00639488409272581	Control	ENSG00000155876	0.07793764988009592	-0.04623679430421212	FALSE	5	RRAGA	RRAGA
ENSG00000113327	167	159	8	0.12851249978610474	0.7921662669864109	0.7857713828936851	0.00639488409272581	AD	ENSG00000113327	0.07793764988009592	-0.2890511490939467	FALSE	5	GABRG2	GABRG2
ENSG00000186908	164	170	-6	-0.10038691252487242	0.7904343192112976	0.7968292033040234	-0.00639488409272581	Control	ENSG00000186908	0.07793764988009592	-0.06232727486650269	FALSE	5	ZDHHC17	ZDHHC17
ENSG00000107099	7	8	-1	-0.01863712241380915	0.29349853450572877	0.28710365041300295	0.00639488409272581	Control	ENSG00000107099	0.07793764988009592	0.2916667612654056	FALSE	5	DOCK8	DOCK8
ENSG00000180611	121	129	-8	-0.1330868285692977	0.753130828670397	0.7595257127631229	-0.00639488409272581	Control	ENSG00000180611	0.07793764988009592	-0.011891615215875	FALSE	5	MB21D2	MB21D2
ENSG00000122435	7	8	-1	-0.01863712241380915	0.29349853450572877	0.28710365041300295	0.00639488409272581	Control	ENSG00000122435	0.07793764988009592	0.04487223211758451	FALSE	5	TRMT13	TRMT13
ENSG00000103449	40	46	-6	-0.10038691252487242	0.5987210231814548	0.592326139088729	0.00639488409272581	Control	ENSG00000103449	0.07793764988009592	0.1401608305350095	FALSE	5	SALL1	SALL1
ENSG00000113068	7	8	-1	-0.01863712241380915	0.29349853450572877	0.28710365041300295	0.00639488409272581	Control	ENSG00000113068	0.07793764988009592	-0.09934663197154414	FALSE	5	PFDN1	PFDN1
ENSG00000163743	7	8	-1	-0.01863712241380915	0.29349853450572877	0.28710365041300295	0.00639488409272581	Control	ENSG00000163743	0.07793764988009592	-0.00260634039608831	FALSE	5	RCHY1	RCHY1
ENSG00000160305	7	8	-1	-0.01863712241380915	0.29349853450572877	0.28710365041300295	0.00639488409272581	Control	ENSG00000160305	0.07793764988009592	0.04887504502675988	FALSE	5	DIP2A	DIP2A
ENSG00000167863	508	476	32	0.5209114923192084	0.9476418864908074	0.9413802291500132	0.00626165734079409	AD	ENSG00000167863	0.07620570210498268	-0.16694577225335294	FALSE	5	ATP5PD	ATP5PD
ENSG00000204564	103	114	-11	-0.18213670263593568	0.7303490540900612	0.7366107114308553	-0.00626165734079409	Control	ENSG00000204564	0.07620570210498268	-0.06666565179343387	FALSE	5	C6orf136	C6orf136
ENSG00000102103	170	161	9	0.1448624578083174	0.7949640287769785	0.7887023714361844	0.00626165734079409	AD	ENSG00000102103	0.07620570210498268	-0.00144625056502079	FALSE	5	PQBP1	PQBP1
ENSG00000142686	596	625	-29	-0.4764359470357635	0.9709565680788702	0.9770849986677324	-0.00612843058886225	Control	ENSG00000142686	0.07540634159339195	-0.05165830225323731	FALSE	5	C1orf216	C1orf216
ENSG00000175203	692	657	35	0.5699613663858464	0.988009592326139	0.9818811617372768	0.00612843058886225	AD	ENSG00000175203	0.07540634159339195	-0.12457634256025862	FALSE	5	DCTN2	DCTN2
ENSG00000070718	725	799	-74	-1.212184058035333	0.9920063948840928	0.998134825472955	-0.00612843058886225	Control	ENSG00000070718	0.07540634159339195	-0.13757765304556635	FALSE	5	AP3M2	AP3M2
ENSG00000197324	103	103	0	-0.00228716439159649	0.7303490540900612	0.7242206235011991	0.00612843058886214	Control	ENSG00000197324	0.0748734345856648	0.07330798991402254	FALSE	5	LRP10	LRP10
ENSG00000159164	451	460	-9	-0.14943678659151036	0.9299227284838796	0.93591793232081	-0.00599520383693041	Control	ENSG00000159164	0.07447375432986944	-0.21055276919969937	FALSE	5	SV2A	SV2A
ENSG00000100938	262	232	30	0.4882115762747831	0.8469224620303757	0.8409272581934453	0.00599520383693041	AD	ENSG00000100938	0.07447375432986944	-0.08655144712286145	FALSE	5	GMPR2	GMPR2
ENSG00000169905	13	15	-2	-0.0349870804360218	0.397015720756728	0.3911537436717293	0.00586197708499869	Control	ENSG00000169905	0.07394084732214229	0.07966055696967977	FALSE	5	TOR1AIP2	TOR1AIP2
ENSG00000165209	33	41	-8	-0.1330868285692977	0.5692779110045297	0.5751398880895284	-0.00586197708499869	Control	ENSG00000165209	0.07394084732214229	-0.1680142535338227	FALSE	5	STRBP	STRBP
ENSG00000167553	8	10	-2	-0.0349870804360218	0.3160138555822009	0.32187583266719955	-0.00586197708499863	Control	ENSG00000167553	0.07300826005861977	0.0093829698847756	FALSE	5	TUBA1C	TUBA1C
ENSG00000253230	8	10	-2	-0.0349870804360218	0.3160138555822009	0.32187583266719955	-0.00586197708499863	Control	ENSG00000253230	0.07300826005861977	0.14367505284134197	FALSE	5	MIR124-1HG	MIR124-1HG
ENSG00000163946	8	10	-2	-0.0349870804360218	0.3160138555822009	0.32187583266719955	-0.00586197708499863	Control	ENSG00000163946	0.07300826005861977	0.10056616364230564	FALSE	5	TASOR	TASOR
ENSG00000083845	8	10	-2	-0.0349870804360218	0.3160138555822009	0.32187583266719955	-0.00586197708499863	Control	ENSG00000083845	0.07300826005861977	-0.09308149838917856	FALSE	5	RPS5	RPS5
ENSG00000161551	8	10	-2	-0.0349870804360218	0.3160138555822009	0.32187583266719955	-0.00586197708499863	Control	ENSG00000161551	0.07300826005861977	0.12764785245581933	FALSE	5	ZNF577	ZNF577
ENSG00000131089	511	527	-16	-0.26388649274699894	0.9489741540101252	0.9547029043431922	-0.00572875033306696	Control	ENSG00000131089	0.07220889954702904	-0.11532887989401708	FALSE	5	ARHGEF9	ARHGEF9
ENSG00000189223	1	1	0	-0.00228716439159649	0.04782840394351186	0.04209965361044498	0.00572875033306687	Control	ENSG00000189223	0.0572875033306688	0.06040421831979614	FALSE	5	PAX8-AS1	PAX8-AS1
ENSG00000115594	1	1	0	-0.00228716439159649	0.04782840394351186	0.04209965361044498	0.00572875033306687	Control	ENSG00000115594	0.0572875033306688	-0.07042958074902117	FALSE	5	IL1R1	IL1R1
ENSG00000111911	1	1	0	-0.00228716439159649	0.04782840394351186	0.04209965361044498	0.00572875033306687	Control	ENSG00000111911	0.0572875033306688	0.01381376628623698	FALSE	5	HINT3	HINT3
ENSG00000179832	1	1	0	-0.00228716439159649	0.04782840394351186	0.04209965361044498	0.00572875033306687	Control	ENSG00000179832	0.0572875033306688	-0.01238951771517982	FALSE	5	MROH1	MROH1
ENSG00000234745	1	1	0	-0.00228716439159649	0.04782840394351186	0.04209965361044498	0.00572875033306687	Control	ENSG00000234745	0.0572875033306688	-0.05662456118768588	FALSE	5	HLA-B	HLA-B
ENSG00000140988	1	1	0	-0.00228716439159649	0.04782840394351186	0.04209965361044498	0.00572875033306687	Control	ENSG00000140988	0.0572875033306688	-0.11955621956358976	FALSE	5	RPS2	RPS2
ENSG00000169020	1	1	0	-0.00228716439159649	0.04782840394351186	0.04209965361044498	0.00572875033306687	Control	ENSG00000169020	0.0572875033306688	-0.12740828648118807	FALSE	5	ATP5ME	ATP5ME
ENSG00000127955	1	1	0	-0.00228716439159649	0.04782840394351186	0.04209965361044498	0.00572875033306687	Control	ENSG00000127955	0.0572875033306688	-0.14053533001374952	FALSE	5	GNAI1	GNAI1
ENSG00000105810	1	1	0	-0.00228716439159649	0.04782840394351186	0.04209965361044498	0.00572875033306687	Control	ENSG00000105810	0.0572875033306688	0.08106762134792511	FALSE	5	CDK6	CDK6
ENSG00000152578	1	1	0	-0.00228716439159649	0.04782840394351186	0.04209965361044498	0.00572875033306687	Control	ENSG00000152578	0.0572875033306688	-0.22268040981349557	FALSE	5	GRIA4	GRIA4
ENSG00000272645	1	1	0	-0.00228716439159649	0.04782840394351186	0.04209965361044498	0.00572875033306687	Control	ENSG00000272645	0.0572875033306688	0.01066294629179154	FALSE	5	GTF2IP20	GTF2IP20
ENSG00000172005	1	1	0	-0.00228716439159649	0.04782840394351186	0.04209965361044498	0.00572875033306687	Control	ENSG00000172005	0.0572875033306688	-0.09599715995701884	FALSE	5	MAL	MAL
ENSG00000147439	1	1	0	-0.00228716439159649	0.04782840394351186	0.04209965361044498	0.00572875033306687	Control	ENSG00000147439	0.0572875033306688	0.07909324759707559	FALSE	5	BIN3	BIN3
ENSG00000260316	1	1	0	-0.00228716439159649	0.04782840394351186	0.04209965361044498	0.00572875033306687	Control	ENSG00000260316	0.0572875033306688	0.14881422285393953	FALSE	5	NA	ENSG00000260316
ENSG00000094975	1	1	0	-0.00228716439159649	0.04782840394351186	0.04209965361044498	0.00572875033306687	Control	ENSG00000094975	0.0572875033306688	0.00716439319340445	FALSE	5	SUCO	SUCO
ENSG00000175866	1	1	0	-0.00228716439159649	0.04782840394351186	0.04209965361044498	0.00572875033306687	Control	ENSG00000175866	0.0572875033306688	0.07760225311491098	FALSE	5	BAIAP2	BAIAP2
ENSG00000147050	1	1	0	-0.00228716439159649	0.04782840394351186	0.04209965361044498	0.00572875033306687	Control	ENSG00000147050	0.0572875033306688	0.08680839608094004	FALSE	5	KDM6A	KDM6A
ENSG00000266714	1	1	0	-0.00228716439159649	0.04782840394351186	0.04209965361044498	0.00572875033306687	Control	ENSG00000266714	0.0572875033306688	-0.00308208373196272	FALSE	5	MYO15B	MYO15B
ENSG00000118515	1	1	0	-0.00228716439159649	0.04782840394351186	0.04209965361044498	0.00572875033306687	Control	ENSG00000118515	0.0572875033306688	0.35823628858051926	FALSE	5	SGK1	SGK1
ENSG00000205352	1	1	0	-0.00228716439159649	0.04782840394351186	0.04209965361044498	0.00572875033306687	Control	ENSG00000205352	0.0572875033306688	-0.16623499435939235	FALSE	5	PRR13	PRR13
ENSG00000170786	1	1	0	-0.00228716439159649	0.04782840394351186	0.04209965361044498	0.00572875033306687	Control	ENSG00000170786	0.0572875033306688	-0.6288669317872353	FALSE	5	SDR16C5	SDR16C5
ENSG00000148090	1	1	0	-0.00228716439159649	0.04782840394351186	0.04209965361044498	0.00572875033306687	Control	ENSG00000148090	0.0572875033306688	-0.07889538105890281	FALSE	5	AUH	AUH
ENSG00000269940	1	1	0	-0.00228716439159649	0.04782840394351186	0.04209965361044498	0.00572875033306687	Control	ENSG00000269940	0.0572875033306688	0.22247925931369303	FALSE	5	NA	ENSG00000269940
ENSG00000114026	1	1	0	-0.00228716439159649	0.04782840394351186	0.04209965361044498	0.00572875033306687	Control	ENSG00000114026	0.0572875033306688	0.11688124825677092	FALSE	5	OGG1	OGG1
ENSG00000225953	1	1	0	-0.00228716439159649	0.04782840394351186	0.04209965361044498	0.00572875033306687	Control	ENSG00000225953	0.0572875033306688	-0.3644943785596979	FALSE	5	SATB2-AS1	SATB2-AS1
ENSG00000158411	1	1	0	-0.00228716439159649	0.04782840394351186	0.04209965361044498	0.00572875033306687	Control	ENSG00000158411	0.0572875033306688	0.07250087691544138	FALSE	5	MITD1	MITD1
ENSG00000181449	1	1	0	-0.00228716439159649	0.04782840394351186	0.04209965361044498	0.00572875033306687	Control	ENSG00000181449	0.0572875033306688	0.11323787919587149	FALSE	5	SOX2	SOX2
ENSG00000144040	1	1	0	-0.00228716439159649	0.04782840394351186	0.04209965361044498	0.00572875033306687	Control	ENSG00000144040	0.0572875033306688	0.04708261762210419	FALSE	5	SFXN5	SFXN5
ENSG00000205269	1	1	0	-0.00228716439159649	0.04782840394351186	0.04209965361044498	0.00572875033306687	Control	ENSG00000205269	0.0572875033306688	0.03833863121241165	FALSE	5	TMEM170B	TMEM170B
ENSG00000010803	1	1	0	-0.00228716439159649	0.04782840394351186	0.04209965361044498	0.00572875033306687	Control	ENSG00000010803	0.0572875033306688	0.08526606909204126	FALSE	5	SCMH1	SCMH1
ENSG00000107438	1	1	0	-0.00228716439159649	0.04782840394351186	0.04209965361044498	0.00572875033306687	Control	ENSG00000107438	0.0572875033306688	-0.1673590254735169	FALSE	5	PDLIM1	PDLIM1
ENSG00000140992	1	1	0	-0.00228716439159649	0.04782840394351186	0.04209965361044498	0.00572875033306687	Control	ENSG00000140992	0.0572875033306688	0.05085246269843324	FALSE	5	PDPK1	PDPK1
ENSG00000105372	1	1	0	-0.00228716439159649	0.04782840394351186	0.04209965361044498	0.00572875033306687	Control	ENSG00000105372	0.0572875033306688	-0.01831313796445677	FALSE	5	RPS19	RPS19
ENSG00000122367	1	1	0	-0.00228716439159649	0.04782840394351186	0.04209965361044498	0.00572875033306687	Control	ENSG00000122367	0.0572875033306688	-0.12470093418654038	FALSE	5	LDB3	LDB3
ENSG00000104979	1	1	0	-0.00228716439159649	0.04782840394351186	0.04209965361044498	0.00572875033306687	Control	ENSG00000104979	0.0572875033306688	-0.11695728383689818	FALSE	5	C19orf53	C19orf53
ENSG00000152763	1	1	0	-0.00228716439159649	0.04782840394351186	0.04209965361044498	0.00572875033306687	Control	ENSG00000152763	0.0572875033306688	0.13077546515785254	FALSE	5	DNAI4	DNAI4
ENSG00000185236	1	1	0	-0.00228716439159649	0.04782840394351186	0.04209965361044498	0.00572875033306687	Control	ENSG00000185236	0.0572875033306688	-0.09069561819939231	FALSE	5	RAB11B	RAB11B
ENSG00000011275	1	1	0	-0.00228716439159649	0.04782840394351186	0.04209965361044498	0.00572875033306687	Control	ENSG00000011275	0.0572875033306688	0.1098427701356126	FALSE	5	RNF216	RNF216
ENSG00000247596	1	1	0	-0.00228716439159649	0.04782840394351186	0.04209965361044498	0.00572875033306687	Control	ENSG00000247596	0.0572875033306688	-0.1718017840604924	FALSE	5	TWF2	TWF2
ENSG00000136267	1	1	0	-0.00228716439159649	0.04782840394351186	0.04209965361044498	0.00572875033306687	Control	ENSG00000136267	0.0572875033306688	-0.05099114293048501	FALSE	5	DGKB	DGKB
ENSG00000154380	1	1	0	-0.00228716439159649	0.04782840394351186	0.04209965361044498	0.00572875033306687	Control	ENSG00000154380	0.0572875033306688	0.11312660853484324	FALSE	5	ENAH	ENAH
ENSG00000123612	1	1	0	-0.00228716439159649	0.04782840394351186	0.04209965361044498	0.00572875033306687	Control	ENSG00000123612	0.0572875033306688	-0.02088232524623556	FALSE	5	ACVR1C	ACVR1C
ENSG00000127914	1	1	0	-0.00228716439159649	0.04782840394351186	0.04209965361044498	0.00572875033306687	Control	ENSG00000127914	0.0572875033306688	0.14368379756361982	FALSE	5	AKAP9	AKAP9
ENSG00000168890	1	1	0	-0.00228716439159649	0.04782840394351186	0.04209965361044498	0.00572875033306687	Control	ENSG00000168890	0.0572875033306688	0.1657043913521683	FALSE	5	TMEM150A	TMEM150A
ENSG00000228474	1	1	0	-0.00228716439159649	0.04782840394351186	0.04209965361044498	0.00572875033306687	Control	ENSG00000228474	0.0572875033306688	-0.07402622864306174	FALSE	5	OST4	OST4
ENSG00000196843	1	1	0	-0.00228716439159649	0.04782840394351186	0.04209965361044498	0.00572875033306687	Control	ENSG00000196843	0.0572875033306688	0.0186461748404163	FALSE	5	ARID5A	ARID5A
ENSG00000143951	1	1	0	-0.00228716439159649	0.04782840394351186	0.04209965361044498	0.00572875033306687	Control	ENSG00000143951	0.0572875033306688	-0.02521038013514953	FALSE	5	WDPCP	WDPCP
ENSG00000198019	1	1	0	-0.00228716439159649	0.04782840394351186	0.04209965361044498	0.00572875033306687	Control	ENSG00000198019	0.0572875033306688	-0.3396095999011126	FALSE	5	FCGR1BP	FCGR1BP
ENSG00000115194	1	1	0	-0.00228716439159649	0.04782840394351186	0.04209965361044498	0.00572875033306687	Control	ENSG00000115194	0.0572875033306688	-0.3691774281396434	FALSE	5	SLC30A3	SLC30A3
ENSG00000114735	1	1	0	-0.00228716439159649	0.04782840394351186	0.04209965361044498	0.00572875033306687	Control	ENSG00000114735	0.0572875033306688	0.01867792637303544	FALSE	5	HEMK1	HEMK1
ENSG00000116786	1	1	0	-0.00228716439159649	0.04782840394351186	0.04209965361044498	0.00572875033306687	Control	ENSG00000116786	0.0572875033306688	0.05444423296058431	FALSE	5	PLEKHM2	PLEKHM2
ENSG00000179388	1	1	0	-0.00228716439159649	0.04782840394351186	0.04209965361044498	0.00572875033306687	Control	ENSG00000179388	0.0572875033306688	-0.1056395325652133	FALSE	5	EGR3	EGR3
ENSG00000102317	1	1	0	-0.00228716439159649	0.04782840394351186	0.04209965361044498	0.00572875033306687	Control	ENSG00000102317	0.0572875033306688	-0.25005493286885994	FALSE	5	RBM3	RBM3
ENSG00000205364	1	1	0	-0.00228716439159649	0.04782840394351186	0.04209965361044498	0.00572875033306687	Control	ENSG00000205364	0.0572875033306688	0.15484942021269354	FALSE	5	MT1M	MT1M
ENSG00000125618	1	1	0	-0.00228716439159649	0.04782840394351186	0.04209965361044498	0.00572875033306687	Control	ENSG00000125618	0.0572875033306688	-0.03283134914815466	FALSE	5	PAX8	PAX8
ENSG00000198963	1	1	0	-0.00228716439159649	0.04782840394351186	0.04209965361044498	0.00572875033306687	Control	ENSG00000198963	0.0572875033306688	-0.20006893370615053	FALSE	5	RORB	RORB
ENSG00000163659	1	1	0	-0.00228716439159649	0.04782840394351186	0.04209965361044498	0.00572875033306687	Control	ENSG00000163659	0.0572875033306688	-0.0199976128271615	FALSE	5	TIPARP	TIPARP
ENSG00000165359	1	1	0	-0.00228716439159649	0.04782840394351186	0.04209965361044498	0.00572875033306687	Control	ENSG00000165359	0.0572875033306688	0.0115067825763786	FALSE	5	INTS6L	INTS6L
ENSG00000223865	1	1	0	-0.00228716439159649	0.04782840394351186	0.04209965361044498	0.00572875033306687	Control	ENSG00000223865	0.0572875033306688	0.16832131356127178	FALSE	5	HLA-DPB1	HLA-DPB1
ENSG00000142002	1	1	0	-0.00228716439159649	0.04782840394351186	0.04209965361044498	0.00572875033306687	Control	ENSG00000142002	0.0572875033306688	0.02259520733445796	FALSE	5	DPP9	DPP9
ENSG00000184313	1	1	0	-0.00228716439159649	0.04782840394351186	0.04209965361044498	0.00572875033306687	Control	ENSG00000184313	0.0572875033306688	0.03455716166282929	FALSE	5	MROH7	MROH7
ENSG00000040608	1	1	0	-0.00228716439159649	0.04782840394351186	0.04209965361044498	0.00572875033306687	Control	ENSG00000040608	0.0572875033306688	-0.0674734399815673	FALSE	5	RTN4R	RTN4R
ENSG00000175061	1	1	0	-0.00228716439159649	0.04782840394351186	0.04209965361044498	0.00572875033306687	Control	ENSG00000175061	0.0572875033306688	-0.07934517996210211	FALSE	5	SNHG29	SNHG29
ENSG00000124313	1	1	0	-0.00228716439159649	0.04782840394351186	0.04209965361044498	0.00572875033306687	Control	ENSG00000124313	0.0572875033306688	0.08727026047152542	FALSE	5	IQSEC2	IQSEC2
ENSG00000124134	1	1	0	-0.00228716439159649	0.04782840394351186	0.04209965361044498	0.00572875033306687	Control	ENSG00000124134	0.0572875033306688	-0.28541466972582974	FALSE	5	KCNS1	KCNS1
ENSG00000136098	1	1	0	-0.00228716439159649	0.04782840394351186	0.04209965361044498	0.00572875033306687	Control	ENSG00000136098	0.0572875033306688	-0.00484847639013175	FALSE	5	NEK3	NEK3
ENSG00000196924	1	1	0	-0.00228716439159649	0.04782840394351186	0.04209965361044498	0.00572875033306687	Control	ENSG00000196924	0.0572875033306688	-0.01844625164472901	FALSE	5	FLNA	FLNA
ENSG00000123352	1	1	0	-0.00228716439159649	0.04782840394351186	0.04209965361044498	0.00572875033306687	Control	ENSG00000123352	0.0572875033306688	-0.1242554933942479	FALSE	5	SPATS2	SPATS2
ENSG00000225470	1	1	0	-0.00228716439159649	0.04782840394351186	0.04209965361044498	0.00572875033306687	Control	ENSG00000225470	0.0572875033306688	0.07063587243593084	FALSE	5	JPX	JPX
ENSG00000136152	1	1	0	-0.00228716439159649	0.04782840394351186	0.04209965361044498	0.00572875033306687	Control	ENSG00000136152	0.0572875033306688	0.04340093511513032	FALSE	5	COG3	COG3
ENSG00000279811	1	1	0	-0.00228716439159649	0.04782840394351186	0.04209965361044498	0.00572875033306687	Control	ENSG00000279811	0.0572875033306688	0.25534993784792714	FALSE	5	NA	ENSG00000279811
ENSG00000243813	1	1	0	-0.00228716439159649	0.04782840394351186	0.04209965361044498	0.00572875033306687	Control	ENSG00000243813	0.0572875033306688	0.00164664198732422	FALSE	5	NA	ENSG00000243813
ENSG00000119707	1	1	0	-0.00228716439159649	0.04782840394351186	0.04209965361044498	0.00572875033306687	Control	ENSG00000119707	0.0572875033306688	0.0514955461842419	FALSE	5	RBM25	RBM25
ENSG00000260916	1	1	0	-0.00228716439159649	0.04782840394351186	0.04209965361044498	0.00572875033306687	Control	ENSG00000260916	0.0572875033306688	0.07493477815018146	FALSE	5	CCPG1	CCPG1
ENSG00000140015	1	1	0	-0.00228716439159649	0.04782840394351186	0.04209965361044498	0.00572875033306687	Control	ENSG00000140015	0.0572875033306688	-0.1652941511883501	FALSE	5	KCNH5	KCNH5
ENSG00000078674	1	1	0	-0.00228716439159649	0.04782840394351186	0.04209965361044498	0.00572875033306687	Control	ENSG00000078674	0.0572875033306688	0.0373940691661776	FALSE	5	PCM1	PCM1
ENSG00000166105	1	1	0	-0.00228716439159649	0.04782840394351186	0.04209965361044498	0.00572875033306687	Control	ENSG00000166105	0.0572875033306688	0.07439338440591126	FALSE	5	GLB1L3	GLB1L3
ENSG00000088899	1	1	0	-0.00228716439159649	0.04782840394351186	0.04209965361044498	0.00572875033306687	Control	ENSG00000088899	0.0572875033306688	0.03720323156953853	FALSE	5	LZTS3	LZTS3
ENSG00000214413	1	1	0	-0.00228716439159649	0.04782840394351186	0.04209965361044498	0.00572875033306687	Control	ENSG00000214413	0.0572875033306688	0.02623082359795425	FALSE	5	BBIP1	BBIP1
ENSG00000174028	1	1	0	-0.00228716439159649	0.04782840394351186	0.04209965361044498	0.00572875033306687	Control	ENSG00000174028	0.0572875033306688	-0.20322925561848404	FALSE	5	FAM3C2P	FAM3C2P
ENSG00000280432	1	1	0	-0.00228716439159649	0.04782840394351186	0.04209965361044498	0.00572875033306687	Control	ENSG00000280432	0.0572875033306688	0.1049747288514471	FALSE	5	NA	ENSG00000280432
ENSG00000185875	1	1	0	-0.00228716439159649	0.04782840394351186	0.04209965361044498	0.00572875033306687	Control	ENSG00000185875	0.0572875033306688	-0.13713010129906422	FALSE	5	THNSL1	THNSL1
ENSG00000184988	1	1	0	-0.00228716439159649	0.04782840394351186	0.04209965361044498	0.00572875033306687	Control	ENSG00000184988	0.0572875033306688	0.06999759180889864	FALSE	5	TMEM106A	TMEM106A
ENSG00000119522	1	1	0	-0.00228716439159649	0.04782840394351186	0.04209965361044498	0.00572875033306687	Control	ENSG00000119522	0.0572875033306688	0.05517450919437827	FALSE	5	DENND1A	DENND1A
ENSG00000101265	1	1	0	-0.00228716439159649	0.04782840394351186	0.04209965361044498	0.00572875033306687	Control	ENSG00000101265	0.0572875033306688	0.02588650069605158	FALSE	5	RASSF2	RASSF2
ENSG00000167526	1	1	0	-0.00228716439159649	0.04782840394351186	0.04209965361044498	0.00572875033306687	Control	ENSG00000167526	0.0572875033306688	-0.04718804839379409	FALSE	5	RPL13	RPL13
ENSG00000149782	1	1	0	-0.00228716439159649	0.04782840394351186	0.04209965361044498	0.00572875033306687	Control	ENSG00000149782	0.0572875033306688	0.1138289902362537	FALSE	5	PLCB3	PLCB3
ENSG00000198466	1	1	0	-0.00228716439159649	0.04782840394351186	0.04209965361044498	0.00572875033306687	Control	ENSG00000198466	0.0572875033306688	0.04028097089534732	FALSE	5	ZNF587	ZNF587
ENSG00000158201	1	1	0	-0.00228716439159649	0.04782840394351186	0.04209965361044498	0.00572875033306687	Control	ENSG00000158201	0.0572875033306688	-0.02993938146273844	FALSE	5	ABHD3	ABHD3
ENSG00000100425	1	1	0	-0.00228716439159649	0.04782840394351186	0.04209965361044498	0.00572875033306687	Control	ENSG00000100425	0.0572875033306688	0.0997892340529738	FALSE	5	BRD1	BRD1
ENSG00000161654	1	1	0	-0.00228716439159649	0.04782840394351186	0.04209965361044498	0.00572875033306687	Control	ENSG00000161654	0.0572875033306688	-0.03378120841517074	FALSE	5	LSM12	LSM12
ENSG00000131724	1	1	0	-0.00228716439159649	0.04782840394351186	0.04209965361044498	0.00572875033306687	Control	ENSG00000131724	0.0572875033306688	0.1509534866287936	FALSE	5	IL13RA1	IL13RA1
ENSG00000198795	1	1	0	-0.00228716439159649	0.04782840394351186	0.04209965361044498	0.00572875033306687	Control	ENSG00000198795	0.0572875033306688	0.13613015173280552	FALSE	5	ZNF521	ZNF521
ENSG00000104957	1	1	0	-0.00228716439159649	0.04782840394351186	0.04209965361044498	0.00572875033306687	Control	ENSG00000104957	0.0572875033306688	0.02811948389994256	FALSE	5	YJU2B	YJU2B
ENSG00000112893	1	1	0	-0.00228716439159649	0.04782840394351186	0.04209965361044498	0.00572875033306687	Control	ENSG00000112893	0.0572875033306688	0.15412661501304292	FALSE	5	MAN2A1	MAN2A1
ENSG00000272047	1	1	0	-0.00228716439159649	0.04782840394351186	0.04209965361044498	0.00572875033306687	Control	ENSG00000272047	0.0572875033306688	-0.10914279714284802	FALSE	5	GTF2H5	GTF2H5
ENSG00000132109	1	1	0	-0.00228716439159649	0.04782840394351186	0.04209965361044498	0.00572875033306687	Control	ENSG00000132109	0.0572875033306688	0.08956360747644787	FALSE	5	TRIM21	TRIM21
ENSG00000005893	1	1	0	-0.00228716439159649	0.04782840394351186	0.04209965361044498	0.00572875033306687	Control	ENSG00000005893	0.0572875033306688	0.19873158004445912	FALSE	5	LAMP2	LAMP2
ENSG00000185608	1	1	0	-0.00228716439159649	0.04782840394351186	0.04209965361044498	0.00572875033306687	Control	ENSG00000185608	0.0572875033306688	-0.06953805600382523	FALSE	5	MRPL40	MRPL40
ENSG00000205562	1	1	0	-0.00228716439159649	0.04782840394351186	0.04209965361044498	0.00572875033306687	Control	ENSG00000205562	0.0572875033306688	-0.31746181021805775	FALSE	5	FLRT2-AS1	FLRT2-AS1
ENSG00000120696	1	1	0	-0.00228716439159649	0.04782840394351186	0.04209965361044498	0.00572875033306687	Control	ENSG00000120696	0.0572875033306688	-0.02687509159647305	FALSE	5	KBTBD7	KBTBD7
ENSG00000224271	1	1	0	-0.00228716439159649	0.04782840394351186	0.04209965361044498	0.00572875033306687	Control	ENSG00000224271	0.0572875033306688	-0.12380412411973651	FALSE	5	EPIC1	EPIC1
ENSG00000262919	1	1	0	-0.00228716439159649	0.04782840394351186	0.04209965361044498	0.00572875033306687	Control	ENSG00000262919	0.0572875033306688	-0.02943087976416691	FALSE	5	CCNQ	CCNQ
ENSG00000148943	1	1	0	-0.00228716439159649	0.04782840394351186	0.04209965361044498	0.00572875033306687	Control	ENSG00000148943	0.0572875033306688	0.01758396313194943	FALSE	5	LIN7C	LIN7C
ENSG00000134852	1	1	0	-0.00228716439159649	0.04782840394351186	0.04209965361044498	0.00572875033306687	Control	ENSG00000134852	0.0572875033306688	0.00451684385078188	FALSE	5	CLOCK	CLOCK
ENSG00000262155	1	1	0	-0.00228716439159649	0.04782840394351186	0.04209965361044498	0.00572875033306687	Control	ENSG00000262155	0.0572875033306688	0.06754746346079887	FALSE	5	LINC02175	LINC02175
ENSG00000196705	1	1	0	-0.00228716439159649	0.04782840394351186	0.04209965361044498	0.00572875033306687	Control	ENSG00000196705	0.0572875033306688	0.15855730323668735	FALSE	5	ZNF431	ZNF431
ENSG00000147113	1	1	0	-0.00228716439159649	0.04782840394351186	0.04209965361044498	0.00572875033306687	Control	ENSG00000147113	0.0572875033306688	0.10836957278068128	FALSE	5	DIPK2B	DIPK2B
ENSG00000155506	1	1	0	-0.00228716439159649	0.04782840394351186	0.04209965361044498	0.00572875033306687	Control	ENSG00000155506	0.0572875033306688	0.0693310914177463	FALSE	5	LARP1	LARP1
ENSG00000186814	1	1	0	-0.00228716439159649	0.04782840394351186	0.04209965361044498	0.00572875033306687	Control	ENSG00000186814	0.0572875033306688	0.06428808155837196	FALSE	5	ZSCAN30	ZSCAN30
ENSG00000108518	1	1	0	-0.00228716439159649	0.04782840394351186	0.04209965361044498	0.00572875033306687	Control	ENSG00000108518	0.0572875033306688	-0.07808880755441905	FALSE	5	PFN1	PFN1
ENSG00000162817	398	396	2	0.03041275165282881	0.9059419131361578	0.9116706634692248	-0.00572875033306685	AD	ENSG00000162817	0.04209965361044498	-0.08812980375484614	FALSE	5	C1orf115	C1orf115
ENSG00000230551	34	42	-8	-0.1330868285692977	0.5731414868105515	0.5788702371436184	-0.00572875033306685	Control	ENSG00000230551	0.04209965361044498	0.09393041592088558	FALSE	5	NA	ENSG00000230551
ENSG00000213445	36	41	-5	-0.08403695450265977	0.5808686384225953	0.5751398880895284	0.00572875033306685	Control	ENSG00000213445	0.04209965361044498	0.184672609309656	FALSE	5	SIPA1	SIPA1
ENSG00000146701	839	765	74	1.2076097292521395	1	0.9944044764188648	0.00559552358113513	AD	ENSG00000146701	0.04156674660271783	-0.14746681938762407	FALSE	5	MDH2	MDH2
ENSG00000042753	577	583	-6	-0.10038691252487242	0.9653610444977352	0.9709565680788702	-0.00559552358113502	Control	ENSG00000042753	0.04130029309885425	-0.13584266257593747	FALSE	5	AP2S1	AP2S1
ENSG00000154518	240	215	25	0.40646178616371986	0.8330668798294698	0.8276045830002664	0.0054622968292034	AD	ENSG00000154518	0.04103383959499068	-0.11581686398790936	FALSE	5	ATP5MC3	ATP5MC3
ENSG00000128245	446	451	-5	-0.08403695450265977	0.9276578737010392	0.9329869437783108	-0.00532907007727156	Control	ENSG00000128245	0.0407673860911271	-0.13919227401986412	FALSE	5	YWHAH	YWHAH
ENSG00000213585	736	807	-71	-1.163134183968695	0.9936051159072742	0.9989341859845456	-0.00532907007727145	Control	ENSG00000213585	0.040500932587263526	-0.19330466088141307	FALSE	5	VDAC1	VDAC1
ENSG00000149313	690	729	-39	-0.6399355272578899	0.9870770050626164	0.9922728483879564	-0.00519584332533973	Control	ENSG00000149313	0.040101252331468155	-0.11049701937960776	FALSE	5	AASDHPPT	AASDHPPT
ENSG00000134265	681	644	37	0.6026612824302717	0.9856115107913668	0.9804156674660272	0.00519584332533973	AD	ENSG00000134265	0.040101252331468155	-0.1290628070547939	FALSE	5	NAPG	NAPG
ENSG00000197217	88	91	-3	-0.05133703845823445	0.709832134292566	0.704769517719158	0.005062616573408	Control	ENSG00000197217	0.039568345323741004	-0.11815123408719508	FALSE	5	ENTPD4	ENTPD4
ENSG00000151025	70	75	-5	-0.08403695450265977	0.6793232081001865	0.6742605915267785	0.005062616573408	Control	ENSG00000151025	0.039568345323741004	-0.18297678128706177	FALSE	5	GPR158	GPR158
ENSG00000106723	782	752	30	0.4882115762747831	0.998134825472955	0.9930722088995472	0.00506261657340789	AD	ENSG00000106723	0.03903543831601385	-0.04267237915008159	FALSE	5	SPIN1	SPIN1
ENSG00000204946	21	24	-3	-0.05133703845823445	0.4845456967759126	0.4794830802025047	0.00506261657340789	Control	ENSG00000204946	0.03903543831601385	0.04708739481304391	FALSE	5	ZNF783	ZNF783
ENSG00000072609	148	155	-7	-0.11673687054708508	0.7768451905142553	0.7817745803357314	-0.00492938982147617	Control	ENSG00000072609	0.038236077804423126	0.06176086063193509	FALSE	5	CHFR	CHFR
ENSG00000143158	550	515	35	0.5699613663858464	0.957367439381828	0.9524380495603516	0.00492938982147617	AD	ENSG00000143158	0.038236077804423126	-0.15072549394603385	FALSE	5	MPC2	MPC2
ENSG00000168092	390	384	6	0.09581258374167942	0.9023447908339994	0.9072741806554756	-0.00492938982147617	AD	ENSG00000168092	0.038236077804423126	-0.03848778440532818	FALSE	5	PAFAH1B2	PAFAH1B2
ENSG00000172301	434	409	25	0.40646178616371986	0.9219291233679724	0.916999733546496	0.00492938982147617	AD	ENSG00000172301	0.038236077804423126	-0.03812835330257869	FALSE	5	COPRS	COPRS
ENSG00000069345	754	889	-135	-2.2095314973903046	0.9953370636823874	1	-0.0046629363176126	Control	ENSG00000069345	0.037569944044764186	-0.11290620780506087	FALSE	5	DNAJA2	DNAJA2
ENSG00000129636	593	610	-17	-0.2802364507692116	0.969757527311484	0.9742872368771648	-0.00452970956568077	Control	ENSG00000129636	0.03677058353317346	-0.1944561642995115	FALSE	5	ITFG1	ITFG1
ENSG00000102409	408	379	29	0.4718616182525705	0.910738076205702	0.9062083666400214	0.00452970956568077	AD	ENSG00000102409	0.03677058353317346	-0.2400307861231248	FALSE	5	BEX4	BEX4
ENSG00000266472	575	546	29	0.4718616182525705	0.9640287769784172	0.9594990674127364	0.00452970956568077	AD	ENSG00000266472	0.03677058353317346	-0.1054355357222576	FALSE	5	MRPS21	MRPS21
ENSG00000092201	265	236	29	0.4718616182525705	0.8485211830535572	0.8439914734878764	0.00452970956568077	AD	ENSG00000092201	0.03677058353317346	-0.0965389714989442	FALSE	5	SUPT16H	SUPT16H
ENSG00000172348	41	51	-10	-0.16578674461372303	0.6021849187316813	0.6067146282973621	-0.00452970956568077	Control	ENSG00000172348	0.03677058353317346	-0.30028686147105965	FALSE	5	RCAN2	RCAN2
ENSG00000089737	770	738	32	0.5209114923192084	0.9972022382094324	0.9928057553956836	0.00439648281374893	AD	ENSG00000089737	0.035837996269650944	-0.06465770816554972	FALSE	5	DDX24	DDX24
ENSG00000151690	163	166	-3	-0.05133703845823445	0.7897681854516387	0.7941646682653877	-0.00439648281374893	Control	ENSG00000151690	0.035837996269650944	-0.08016834188714306	FALSE	5	MFSD6	MFSD6
ENSG00000138430	771	755	16	0.25931216396380596	0.9976019184652278	0.9933386624034106	0.00426325606181721	AD	ENSG00000138430	0.03530508926192379	-0.13387119717618212	FALSE	5	OLA1	OLA1
ENSG00000157219	77	82	-5	-0.08403695450265977	0.6938449240607514	0.6895816679989342	0.00426325606181721	Control	ENSG00000157219	0.03530508926192379	-0.20840958514734087	FALSE	5	HTR5A	HTR5A
ENSG00000131469	17	20	-3	-0.05133703845823445	0.4495070610178524	0.44537703170796694	0.00413002930988543	Control	ENSG00000131469	0.03490540900612843	-0.11242434697090076	FALSE	5	RPL27	RPL27
ENSG00000124702	673	648	25	0.40646178616371986	0.984945377031708	0.9808153477218226	0.00413002930988537	AD	ENSG00000124702	0.034505728750333066	-0.07965342088043137	FALSE	5	KLHDC3	KLHDC3
ENSG00000129933	26	30	-4	-0.06768699648044711	0.5242472688515853	0.5201172395417	0.00413002930988537	Control	ENSG00000129933	0.034505728750333066	0.05896206215510347	FALSE	5	MAU2	MAU2
ENSG00000050165	5	6	-1	-0.01863712241380915	0.24260591526778577	0.24660271782573945	-0.00399680255795364	Control	ENSG00000050165	0.03357314148681055	0.05816268736483465	FALSE	5	DKK3	DKK3
ENSG00000131196	5	6	-1	-0.01863712241380915	0.24260591526778577	0.24660271782573945	-0.00399680255795364	Control	ENSG00000131196	0.03357314148681055	0.15269575271630045	FALSE	5	NFATC1	NFATC1
ENSG00000187609	5	6	-1	-0.01863712241380915	0.24260591526778577	0.24660271782573945	-0.00399680255795364	Control	ENSG00000187609	0.03357314148681055	0.02445244139779667	FALSE	5	EXD3	EXD3
ENSG00000119408	5	6	-1	-0.01863712241380915	0.24260591526778577	0.24660271782573945	-0.00399680255795364	Control	ENSG00000119408	0.03357314148681055	-0.00842889277095437	FALSE	5	NEK6	NEK6
ENSG00000163029	5	6	-1	-0.01863712241380915	0.24260591526778577	0.24660271782573945	-0.00399680255795364	Control	ENSG00000163029	0.03357314148681055	0.065226038138265	FALSE	5	SMC6	SMC6
ENSG00000151729	616	639	-23	-0.37833619890248754	0.9757527311484148	0.9796163069544364	-0.00386357580602181	Control	ENSG00000151729	0.03250732747135625	-0.08134553432013014	FALSE	5	SLC25A4	SLC25A4
ENSG00000182220	691	722	-31	-0.5091358630801888	0.9876099120703438	0.9914734878763656	-0.00386357580602181	Control	ENSG00000182220	0.03250732747135625	-0.19856183841983463	FALSE	5	ATP6AP2	ATP6AP2
ENSG00000165704	608	578	30	0.4882115762747831	0.9733546496136424	0.9694910738076206	0.00386357580602181	AD	ENSG00000165704	0.03250732747135625	-0.2285703435669557	FALSE	5	HPRT1	HPRT1
ENSG00000167770	780	764	16	0.25931216396380596	0.9978683719690914	0.9941380229150012	0.00373034905409008	AD	ENSG00000167770	0.0319744204636291	-0.15306688394250045	FALSE	5	OTUB1	OTUB1
ENSG00000122873	730	783	-53	-0.8688349395688671	0.9930722088995472	0.996802557953637	-0.00373034905408997	Control	ENSG00000122873	0.03170796695976552	-0.1368076257037405	FALSE	5	CISD1	CISD1
ENSG00000136867	16	19	-3	-0.05133703845823445	0.4373834265920597	0.4337863042899014	0.0035971223021583	Control	ENSG00000136867	0.031441513455901945	0.06617460479663251	FALSE	5	SLC31A2	SLC31A2
ENSG00000092096	664	682	-18	-0.2965864087914242	0.9825472954969358	0.986144417799094	-0.00359712230215825	Control	ENSG00000092096	0.030775379696243006	-0.1202218648247193	FALSE	5	SLC22A17	SLC22A17
ENSG00000144567	606	578	28	0.45551166023035783	0.9730881961097788	0.9694910738076206	0.00359712230215825	AD	ENSG00000144567	0.030775379696243006	-0.03430883518787908	FALSE	5	RETREG2	RETREG2
ENSG00000174780	245	230	15	0.24296220594159332	0.8351985078603784	0.8387956301625367	-0.00359712230215825	AD	ENSG00000174780	0.030775379696243006	-0.07715558209960527	FALSE	5	SRP72	SRP72
ENSG00000092439	48	58	-10	-0.16578674461372303	0.6268318678390621	0.6304289901412203	-0.00359712230215825	Control	ENSG00000092439	0.030775379696243006	0.08917493545581223	FALSE	5	TRPM7	TRPM7
ENSG00000085433	663	677	-14	-0.23118657670257364	0.9818811617372768	0.9853450572875032	-0.00346389555022652	Control	ENSG00000085433	0.029576338928856916	-0.11847943234836757	FALSE	5	WDR47	WDR47
ENSG00000082213	591	597	-6	-0.10038691252487242	0.969224620303757	0.9726885158539836	-0.00346389555022652	Control	ENSG00000082213	0.029576338928856916	-0.15832381964452225	FALSE	5	C5orf22	C5orf22
ENSG00000100934	652	623	29	0.4718616182525705	0.9802824407140954	0.9768185451638688	0.00346389555022652	AD	ENSG00000100934	0.029576338928856916	-0.10119654998191407	FALSE	5	SEC23A	SEC23A
ENSG00000157741	103	111	-8	-0.1330868285692977	0.7303490540900612	0.7338129496402878	-0.00346389555022652	Control	ENSG00000157741	0.029576338928856916	0.0830397952819304	FALSE	5	UBN2	UBN2
ENSG00000188042	42	52	-10	-0.16578674461372303	0.6060484945377032	0.6095123900879297	-0.00346389555022652	Control	ENSG00000188042	0.029576338928856916	-0.26772868037557096	FALSE	5	ARL4C	ARL4C
ENSG00000143727	615	591	24	0.3901118281415072	0.9752198241406874	0.971755928590461	0.00346389555022641	AD	ENSG00000143727	0.02877697841726619	-0.07937549378923414	FALSE	5	ACP1	ACP1
ENSG00000240694	564	563	1	0.01406279363061616	0.9612310151878496	0.9645616839861444	-0.00333066879829468	AD	ENSG00000240694	0.028377298161470825	-0.09107613962692972	FALSE	5	PNMA2	PNMA2
ENSG00000137409	86	94	-8	-0.1330868285692977	0.7065014654942713	0.709832134292566	-0.00333066879829468	Control	ENSG00000137409	0.028377298161470825	-0.08796100193185197	FALSE	5	MTCH1	MTCH1
ENSG00000106976	44	54	-10	-0.16578674461372303	0.614308553157474	0.617505995203837	-0.00319744204636296	Control	ENSG00000106976	0.027977617905675458	-0.193918312572551	FALSE	5	DNM1	DNM1
ENSG00000129625	690	661	29	0.4718616182525705	0.9870770050626164	0.9838795630162536	0.00319744204636285	AD	ENSG00000129625	0.027577937649880094	-0.092188597733404265	FALSE	5	REEP5	REEP5
ENSG00000198910	292	286	6	0.09581258374167942	0.8646416200373035	0.8678390620836663	-0.00319744204636285	AD	ENSG00000198910	0.027577937649880094	-0.0908248976786492	FALSE	5	L1CAM	L1CAM
ENSG00000068912	699	683	16	0.25931216396380596	0.9896083133493204	0.9865440980548894	0.00306421529443112	AD	ENSG00000068912	0.02664535038635758	-0.1534187186583491	FALSE	5	ERLEC1	ERLEC1
ENSG00000277791	335	317	18	0.2920120800082313	0.878763655742073	0.8818278710365042	-0.00306421529443112	AD	ENSG00000277791	0.02664535038635758	-0.1143881739128858	FALSE	5	PSMB3	PSMB3
ENSG00000047315	524	505	19	0.30836203803044393	0.9521715960564882	0.949107380762057	0.00306421529443112	AD	ENSG00000047315	0.02664535038635758	-0.10914833083765352	FALSE	5	POLR2B	POLR2B
ENSG00000138814	89	96	-7	-0.11673687054708508	0.7112976285638156	0.7143618438582467	-0.00306421529443112	Control	ENSG00000138814	0.02664535038635758	-0.05667554733796542	FALSE	5	PPP3CA	PPP3CA
ENSG00000130226	37	45	-8	-0.1330868285692977	0.5855315747402078	0.5885957900346389	-0.00306421529443112	Control	ENSG00000130226	0.02664535038635758	-0.1791116697940467	FALSE	5	DPP6	DPP6
ENSG00000166197	614	589	25	0.40646178616371986	0.9745536903810283	0.9714894750865974	0.00306421529443101	AD	ENSG00000166197	0.025845989874766852	-0.08151065616440079	FALSE	5	NOLC1	NOLC1
ENSG00000164091	729	698	31	0.5045615342969958	0.9928057553956836	0.989874766853184	0.0029309885424994	AD	ENSG00000164091	0.02544630961897149	-0.0795119029215261	FALSE	5	WDR82	WDR82
ENSG00000111052	74	80	-6	-0.10038691252487242	0.687849720223821	0.6849187316813216	0.0029309885424994	Control	ENSG00000111052	0.02544630961897149	-0.05619805627907759	FALSE	5	LIN7A	LIN7A
ENSG00000196305	396	385	11	0.1775623738527427	0.9052757793764988	0.908206767918998	-0.00293098854249929	AD	ENSG00000196305	0.025046629363176125	-0.17029413432876694	FALSE	5	IARS1	IARS1
ENSG00000156642	509	495	14	0.22661224791938067	0.9483080202504665	0.9455102584598988	0.00279776179056756	AD	ENSG00000156642	0.02478017585931255	-0.07942387759897152	FALSE	5	NPTN	NPTN
ENSG00000140854	158	160	-2	-0.0349870804360218	0.784572342126299	0.7873701039168665	-0.0027977617905674498	Control	ENSG00000140854	0.024513722355448974	-0.09964613632279472	FALSE	5	KATNB1	KATNB1
ENSG00000126698	192	185	7	0.11216254176389208	0.8101518784972023	0.8074873434585664	0.00266453503863584	AD	ENSG00000126698	0.0242472688515854	-0.02054111987298945	FALSE	5	DNAJC8	DNAJC8
ENSG00000111726	598	610	-12	-0.19848666065814832	0.9716227018385292	0.9742872368771648	-0.00266453503863572	Control	ENSG00000111726	0.02344790833999467	-0.102022773663073	FALSE	5	CMAS	CMAS
ENSG00000126247	481	464	17	0.27566212198601864	0.9399147348787636	0.937250199840128	0.00266453503863572	AD	ENSG00000126247	0.02344790833999467	-0.13260433816675032	FALSE	5	CAPNS1	CAPNS1
ENSG00000115762	461	443	18	0.2920120800082313	0.933386624034106	0.9307220889954704	0.00266453503863572	AD	ENSG00000115762	0.02344790833999467	-0.12089296541991246	FALSE	5	PLEKHB2	PLEKHB2
ENSG00000135624	633	653	-20	-0.3292863248358496	0.9784172661870504	0.981081801225686	-0.00266453503863572	Control	ENSG00000135624	0.02344790833999467	-0.06484512501142703	FALSE	5	CCT7	CCT7
ENSG00000092203	443	438	5	0.07946262571946677	0.9265920596855848	0.9292565947242206	-0.00266453503863572	AD	ENSG00000092203	0.02344790833999467	-0.0834821894981932	FALSE	5	TOX4	TOX4
ENSG00000173660	526	510	16	0.25931216396380596	0.9532374100719424	0.9507061017852384	0.00253130828670389	AD	ENSG00000173660	0.022648547828403944	-0.17486257110150838	FALSE	5	UQCRH	UQCRH
ENSG00000003756	111	117	-6	-0.10038691252487242	0.7398081534772182	0.7422062350119905	-0.00239808153477227	Control	ENSG00000003756	0.02224886757260858	0.05520158225721872	FALSE	5	RBM5	RBM5
ENSG00000158445	111	117	-6	-0.10038691252487242	0.7398081534772182	0.7422062350119905	-0.00239808153477227	Control	ENSG00000158445	0.02224886757260858	-0.11217810335294764	FALSE	5	KCNB1	KCNB1
ENSG00000213760	581	563	18	0.2920120800082313	0.9669597655209166	0.9645616839861444	0.00239808153477216	AD	ENSG00000213760	0.021449507061017854	-0.2281659133176479	FALSE	5	ATP6V1G2	ATP6V1G2
ENSG00000069329	755	758	-3	-0.05133703845823445	0.9960031974420464	0.9936051159072742	0.00239808153477216	Control	ENSG00000069329	0.021449507061017854	-0.14519219991315424	FALSE	5	VPS35	VPS35
ENSG00000102471	459	440	19	0.30836203803044393	0.9325872635225152	0.9301891819877433	0.00239808153477216	AD	ENSG00000102471	0.021449507061017854	-0.176557855384063	FALSE	5	NDFIP2	NDFIP2
ENSG00000164405	101	108	-7	-0.11673687054708508	0.7278177458033573	0.7302158273381295	-0.00239808153477216	Control	ENSG00000164405	0.021449507061017854	-0.1406187406077528	FALSE	5	UQCRQ	UQCRQ
ENSG00000104388	752	785	-33	-0.5418357791246141	0.9948041566746604	0.9970690114575008	-0.00226485478284044	Control	ENSG00000104388	0.020783373301358914	-0.12727986675876757	FALSE	5	RAB2A	RAB2A
ENSG00000159720	732	718	14	0.22661224791938067	0.9933386624034106	0.991207034372502	0.0021316280309086	AD	ENSG00000159720	0.019184652278177457	-0.11656537430236467	FALSE	5	ATP6V0D1	ATP6V0D1
ENSG00000147676	204	198	6	0.09581258374167942	0.8174793498534506	0.815347721822542	0.0021316280309086	AD	ENSG00000147676	0.019184652278177457	-0.29099132637906067	FALSE	5	MAL2	MAL2
ENSG00000253719	535	536	-1	-0.01863712241380915	0.9549693578470556	0.9571009858779644	-0.0021316280309086	Control	ENSG00000253719	0.019184652278177457	-0.08995439835213404	FALSE	5	ATXN7L3B	ATXN7L3B
ENSG00000250903	6	7	-1	-0.01863712241380915	0.2696509459099387	0.2675193178790301	0.0021316280309086	Control	ENSG00000250903	0.019184652278177457	-0.02774857485723103	FALSE	5	GMDS-DT	GMDS-DT
ENSG00000116984	6	7	-1	-0.01863712241380915	0.2696509459099387	0.2675193178790301	0.0021316280309086	Control	ENSG00000116984	0.019184652278177457	-0.03910441553751731	FALSE	5	MTR	MTR
ENSG00000124574	6	7	-1	-0.01863712241380915	0.2696509459099387	0.2675193178790301	0.0021316280309086	Control	ENSG00000124574	0.019184652278177457	0.10123631661532428	FALSE	5	ABCC10	ABCC10
ENSG00000189410	6	7	-1	-0.01863712241380915	0.2696509459099387	0.2675193178790301	0.0021316280309086	Control	ENSG00000189410	0.019184652278177457	-0.20641807275084825	FALSE	5	SH2D5	SH2D5
ENSG00000198130	6	7	-1	-0.01863712241380915	0.2696509459099387	0.2675193178790301	0.0021316280309086	Control	ENSG00000198130	0.019184652278177457	0.07602846964249288	FALSE	5	HIBCH	HIBCH
ENSG00000107738	6	7	-1	-0.01863712241380915	0.2696509459099387	0.2675193178790301	0.0021316280309086	Control	ENSG00000107738	0.019184652278177457	0.07697730834466299	FALSE	5	VSIR	VSIR
ENSG00000225783	6	7	-1	-0.01863712241380915	0.2696509459099387	0.2675193178790301	0.0021316280309086	Control	ENSG00000225783	0.019184652278177457	0.01913609562697793	FALSE	5	MIAT	MIAT
ENSG00000125352	6	7	-1	-0.01863712241380915	0.2696509459099387	0.2675193178790301	0.0021316280309086	Control	ENSG00000125352	0.019184652278177457	-0.07193830700062342	FALSE	5	RNF113A	RNF113A
ENSG00000161980	189	184	5	0.07946262571946677	0.8086863842259526	0.8066879829469757	0.00199840127897688	AD	ENSG00000161980	0.017452704503064215	-0.09002741480932386	FALSE	5	POLR3K	POLR3K
ENSG00000185158	57	66	-9	-0.14943678659151036	0.65201172395417	0.6540101252331468	-0.00199840127897688	Control	ENSG00000185158	0.017452704503064215	0.13836487036063438	FALSE	5	LRRC37B	LRRC37B
ENSG00000113595	523	520	3	0.04676270967504147	0.951638689048761	0.9536370903277378	-0.00199840127897676	AD	ENSG00000113595	0.016786570743405275	-0.08488154048109209	FALSE	5	TRIM23	TRIM23
ENSG00000110048	280	270	10	0.16121241583053006	0.8582467359445777	0.8602451372235544	-0.00199840127897676	AD	ENSG00000110048	0.016786570743405275	-0.06317108277409211	FALSE	5	OSBP	OSBP
ENSG00000181722	104	111	-7	-0.11673687054708508	0.731814548361311	0.7338129496402878	-0.00199840127897676	Control	ENSG00000181722	0.016786570743405275	0.17697937214581216	FALSE	5	ZBTB20	ZBTB20
ENSG00000113575	755	790	-35	-0.5745356951690394	0.9960031974420464	0.9978683719690914	-0.00186517452704504	Control	ENSG00000113575	0.01598721023181455	-0.15389765227370056	FALSE	5	PPP2CA	PPP2CA
ENSG00000175582	725	699	26	0.42281174418593254	0.9920063948840928	0.9901412203570475	0.00186517452704504	AD	ENSG00000175582	0.01598721023181455	-0.13635454807823244	FALSE	5	RAB6A	RAB6A
ENSG00000099341	568	558	10	0.16121241583053006	0.9617639221955768	0.963629096722622	-0.00186517452704504	AD	ENSG00000099341	0.01598721023181455	-0.15429416201305557	FALSE	5	PSMD8	PSMD8
ENSG00000106537	251	234	17	0.27566212198601864	0.8403943511857181	0.8422595257127631	-0.00186517452704493	AD	ENSG00000106537	0.015454303224087397	-0.08707185321214261	FALSE	5	TSPAN13	TSPAN13
ENSG00000167792	407	385	22	0.3574119120970819	0.9099387156941112	0.908206767918998	0.0017319477751132	AD	ENSG00000167792	0.014921396216360246	-0.12240711920297365	FALSE	5	NDUFV1	NDUFV1
ENSG00000137040	386	355	31	0.5045615342969958	0.9006128430588862	0.898880895283773	0.0017319477751132	AD	ENSG00000137040	0.014921396216360246	-0.17015610229686118	FALSE	5	RANBP6	RANBP6
ENSG00000011258	27	32	-5	-0.08403695450265977	0.5325073274713562	0.530775379696243	0.0017319477751132	Control	ENSG00000011258	0.014921396216360246	0.11014625698261504	FALSE	5	MBTD1	MBTD1
ENSG00000174684	357	335	22	0.3574119120970819	0.8903543831601386	0.8887556621369571	0.00159872102318148	AD	ENSG00000174684	0.014255262456701306	-0.08371499514958103	FALSE	5	B4GAT1	B4GAT1
ENSG00000078902	457	440	17	0.27566212198601864	0.9317879030109246	0.9301891819877433	0.00159872102318148	AD	ENSG00000078902	0.014255262456701306	-0.06774886588351592	FALSE	5	TOLLIP	TOLLIP
ENSG00000198513	444	428	16	0.25931216396380596	0.9269917399413802	0.9253930189181988	0.00159872102318137	AD	ENSG00000198513	0.013589128697042365	-0.1873127399322314	FALSE	5	ATL1	ATL1
ENSG00000163875	793	786	7	0.11216254176389208	0.9989341859845456	0.9973354649613644	0.00159872102318137	AD	ENSG00000163875	0.013589128697042365	-0.12382896543416776	FALSE	5	MEAF6	MEAF6
ENSG00000141385	416	396	20	0.3247119960526566	0.913269384492406	0.9116706634692248	0.00159872102318137	AD	ENSG00000141385	0.013589128697042365	-0.10244886214433002	FALSE	5	AFG3L2	AFG3L2
ENSG00000167815	484	468	16	0.25931216396380596	0.940980548894218	0.9395150546229682	0.00146549427124975	AD	ENSG00000167815	0.012922994937383426	-0.16088507659340578	FALSE	5	PRDX2	PRDX2
ENSG00000044115	26	31	-5	-0.08403695450265977	0.5242472688515853	0.5257127631228351	-0.00146549427124975	Control	ENSG00000044115	0.012922994937383426	0.02813483842597897	FALSE	5	CTNNA1	CTNNA1
ENSG00000176903	494	479	15	0.24296220594159332	0.9436450839328536	0.942179589661604	0.00146549427124964	AD	ENSG00000176903	0.012390087929656275	-0.1300265971122485	FALSE	5	PNMA1	PNMA1
ENSG00000167258	53	62	-9	-0.14943678659151036	0.6406874500399681	0.6421529443112177	-0.00146549427124964	Control	ENSG00000167258	0.012390087929656275	0.06671650351801439	FALSE	5	CDK12	CDK12
ENSG00000177889	828	800	28	0.45551166023035783	0.9997335464961364	0.9984012789768184	0.00133226751931792	AD	ENSG00000177889	0.011324273914201972	-0.1844532507435055	FALSE	5	UBE2N	UBE2N
ENSG00000126777	137	135	2	0.03041275165282881	0.7651212363442579	0.7664535038635758	-0.00133226751931792	AD	ENSG00000126777	0.011324273914201972	0.1382041708395274	FALSE	5	KTN1	KTN1
ENSG00000143155	485	482	3	0.04676270967504147	0.9413802291500132	0.9427124966693312	-0.00133226751931792	AD	ENSG00000143155	0.011324273914201972	-0.19747166057325496	FALSE	5	TIPRL	TIPRL
ENSG00000168159	555	539	16	0.25931216396380596	0.9589661604050094	0.9576338928856916	0.00133226751931792	AD	ENSG00000168159	0.011324273914201972	-0.08470099379651685	FALSE	5	RNF187	RNF187
ENSG00000126733	143	143	0	-0.00228716439159649	0.7721822541966427	0.7735145217159606	-0.00133226751931792	Control	ENSG00000126733	0.011324273914201972	-0.07022177403274377	FALSE	5	DACH2	DACH2
ENSG00000183978	242	222	20	0.3247119960526566	0.8338662403410605	0.8325339728217426	0.00133226751931792	AD	ENSG00000183978	0.011324273914201972	-0.15330821250434568	FALSE	5	COA3	COA3
ENSG00000161203	765	768	-3	-0.05133703845823445	0.996802557953637	0.9954702904343192	0.0013322675193178	Control	ENSG00000161203	0.01025845989874767	-0.15208113134225876	FALSE	5	AP2M1	AP2M1
ENSG00000158864	536	533	3	0.04676270967504147	0.9552358113509192	0.9565680788702372	-0.0013322675193178	AD	ENSG00000158864	0.01025845989874767	-0.1342276738049346	FALSE	5	NDUFS2	NDUFS2
ENSG00000198836	528	529	-1	-0.01863712241380915	0.9539035438316014	0.9551025845989874	-0.00119904076738608	Control	ENSG00000198836	0.00945909938715694	-0.17120395678690414	FALSE	5	OPA1	OPA1
ENSG00000159658	133	131	2	0.03041275165282881	0.7612576605382361	0.7624567013056222	-0.00119904076738608	AD	ENSG00000159658	0.00945909938715694	0.09287792386745508	FALSE	5	EFCAB14	EFCAB14
ENSG00000109158	22	26	-4	-0.06768699648044711	0.49213962163602454	0.4933386624034106	-0.00119904076738608	Control	ENSG00000109158	0.00945909938715694	-0.06990105431532534	FALSE	5	GABRA4	GABRA4
ENSG00000148400	22	26	-4	-0.06768699648044711	0.49213962163602454	0.4933386624034106	-0.00119904076738608	Control	ENSG00000148400	0.00945909938715694	0.13865129673303933	FALSE	5	NOTCH1	NOTCH1
ENSG00000014641	196	189	7	0.11216254176389208	0.8125499600319744	0.8114841460165201	0.00106581401545435	AD	ENSG00000014641	0.008659738875566213	-0.26754116461562916	FALSE	5	MDH1	MDH1
ENSG00000086065	334	314	20	0.3247119960526566	0.8782307487343458	0.8792965627498002	-0.00106581401545435	AD	ENSG00000086065	0.008659738875566213	-0.1090728019494076	FALSE	5	CHMP5	CHMP5
ENSG00000101365	672	660	12	0.19391233187495535	0.9844124700239808	0.9833466560085266	0.00106581401545424	AD	ENSG00000101365	0.008126831867839062	-0.09512103027065244	FALSE	5	IDH3B	IDH3B
ENSG00000169727	167	165	2	0.03041275165282881	0.7921662669864109	0.7932320810018652	-0.00106581401545424	AD	ENSG00000169727	0.008126831867839062	-0.06501218886772797	FALSE	5	GPS1	GPS1
ENSG00000173726	663	659	4	0.06311266769725413	0.9818811617372768	0.9828137490007992	-9.32587263522522e-4	AD	ENSG00000173726	0.007327471356248335	-0.1141781848168968	FALSE	5	TOMM20	TOMM20
ENSG00000185787	741	767	-26	-0.4273860729691255	0.9941380229150012	0.9950706101785238	-9.32587263522522e-4	Control	ENSG00000185787	0.007327471356248335	-0.07482749069279926	FALSE	5	MORF4L1	MORF4L1
ENSG00000100519	363	342	21	0.3410619540748692	0.8920863309352518	0.8930189181987743	-9.32587263522522e-4	AD	ENSG00000100519	0.007327471356248335	-0.10274073633094716	FALSE	5	PSMC6	PSMC6
ENSG00000175073	381	356	25	0.40646178616371986	0.8987476685318412	0.8996802557953637	-9.32587263522522e-4	AD	ENSG00000175073	0.007327471356248335	-0.09546265958131173	FALSE	5	VCPIP1	VCPIP1
ENSG00000010256	557	544	13	0.21026228989716805	0.9594990674127364	0.9586997069011456	7.993605115907965e-4	AD	ENSG00000010256	0.006661337596589395	-0.14068148604653707	FALSE	5	UQCRC1	UQCRC1
ENSG00000156515	789	789	0	-0.00228716439159649	0.9984012789768184	0.9976019184652278	7.993605115906854e-4	Control	ENSG00000156515	0.005995203836930456	-0.117795065706515	FALSE	5	HK1	HK1
ENSG00000186106	726	725	1	0.01406279363061616	0.9925393018918198	0.9917399413802293	7.993605115906854e-4	AD	ENSG00000186106	0.005995203836930456	-0.1040545360655738	FALSE	5	ANKRD46	ANKRD46
ENSG00000102978	389	366	23	0.37376187011929457	0.901945110578204	0.9027444710897948	-7.993605115906854e-4	AD	ENSG00000102978	0.005995203836930456	-0.0750840746801611	FALSE	5	POLR2C	POLR2C
ENSG00000166257	33	40	-7	-0.11673687054708508	0.5692779110045297	0.5700772715161204	-7.993605115906854e-4	Control	ENSG00000166257	0.005995203836930456	-0.02386501588355649	FALSE	5	SCN3B	SCN3B
ENSG00000115839	584	576	8	0.12851249978610474	0.9678923527844392	0.968558486544098	-6.6613375965896e-4	AD	ENSG00000115839	0.0045297095656807885	-0.06791653421229427	FALSE	5	RAB3GAP1	RAB3GAP1
ENSG00000139973	210	204	6	0.09581258374167942	0.8208100186517453	0.8201438848920863	6.6613375965896e-4	AD	ENSG00000139973	0.0045297095656807885	-0.04278892581197802	FALSE	5	SYT16	SYT16
ENSG00000138078	182	181	1	0.01406279363061616	0.8042899014122036	0.8049560351718625	-6.6613375965896e-4	AD	ENSG00000138078	0.0045297095656807885	-0.17907581524179506	FALSE	5	PREPL	PREPL
ENSG00000142937	9	11	-2	-0.0349870804360218	0.3361310951239009	0.33679722888355984	-6.6613375965896e-4	Control	ENSG00000142937	0.0045297095656807885	-0.09189770235714788	FALSE	5	RPS8	RPS8
ENSG00000143947	15	18	-3	-0.05133703845823445	0.4237942978950173	0.4231281641353584	6.6613375965896e-4	Control	ENSG00000143947	0.0045297095656807885	-0.03012877919348078	FALSE	5	RPS27A	RPS27A
ENSG00000113966	148	149	-1	-0.01863712241380915	0.7768451905142553	0.7775113242739142	-6.6613375965896e-4	Control	ENSG00000113966	0.0045297095656807885	-0.04718400978116754	FALSE	5	ARL6	ARL6
ENSG00000123349	15	18	-3	-0.05133703845823445	0.4237942978950173	0.4231281641353584	6.6613375965896e-4	Control	ENSG00000123349	0.0045297095656807885	-0.03548534438840534	FALSE	5	PFDN5	PFDN5
ENSG00000102316	286	278	8	0.12851249978610474	0.8626432187583267	0.8633093525179856	-6.66133759658849e-4	AD	ENSG00000102316	0.0034638955502264853	-0.07558138070828946	FALSE	5	MAGED2	MAGED2
ENSG00000125868	693	695	-2	-0.0349870804360218	0.9882760458300026	0.9888089528377298	-5.329070077272346e-4	Control	ENSG00000125868	0.0031974420463629096	-0.09912382761282323	FALSE	5	DSTN	DSTN
ENSG00000174173	74	81	-7	-0.11673687054708508	0.687849720223821	0.6873168132160938	5.329070077271236e-4	Control	ENSG00000174173	0.002797761790567546	-0.16122388047668768	FALSE	5	TRMT10C	TRMT10C
ENSG00000079805	48	57	-9	-0.14943678659151036	0.6268318678390621	0.6273647748467892	-5.329070077271236e-4	Control	ENSG00000079805	0.002797761790567546	0.08213390305839852	FALSE	5	DNM2	DNM2
ENSG00000196419	708	712	-4	-0.06768699648044711	0.9905409006128432	0.9909405808686385	-3.9968025579539823e-4	Control	ENSG00000196419	0.002398081534772182	-0.13415245090671313	FALSE	5	XRCC6	XRCC6
ENSG00000129691	356	337	19	0.30836203803044393	0.8898214761524114	0.890087929656275	-2.6645350386367284e-4	AD	ENSG00000129691	0.0021316280309086064	-0.07931294785184839	FALSE	5	ASH2L	ASH2L
ENSG00000143198	23	27	-4	-0.06768699648044711	0.5001332267519318	0.4998667732480682	2.664535038636173e-4	Control	ENSG00000143198	0.0017319477751132426	-0.11718137362035108	FALSE	5	MGST3	MGST3
ENSG00000198815	11	13	-2	-0.0349870804360218	0.3675726085798029	0.3673061550759392	2.664535038636173e-4	Control	ENSG00000198815	0.0017319477751132426	-0.04292720003214256	FALSE	5	FOXJ3	FOXJ3
ENSG00000071553	664	658	6	0.09581258374167942	0.9825472954969358	0.9822808419930722	2.664535038635618e-4	AD	ENSG00000071553	0.001332267519317879	-0.12163761664581152	FALSE	5	ATP6AP1	ATP6AP1
ENSG00000132718	383	358	25	0.40646178616371986	0.9002131628030908	0.9003463895550227	-1.3322675193183642e-4	AD	ENSG00000132718	9.325872635225154e-4	-0.1138905364466023	FALSE	5	SYT11	SYT11
ENSG00000108854	75	82	-7	-0.11673687054708508	0.689714894750866	0.6895816679989342	1.3322675193183642e-4	Control	ENSG00000108854	9.325872635225154e-4	0.05295263591679244	FALSE	5	SMURF2	SMURF2
ENSG00000124920	31	37	-6	-0.10038691252487242	0.5567545963229417	0.5568878230748734	-1.332267519317254e-4	Control	ENSG00000124920	3.996802557953637e-4	0.15529463962571022	FALSE	5	MYRF	MYRF
ENSG00000185090	65	73	-8	-0.1330868285692977	0.6697308819610978	0.669597655209166	1.332267519317254e-4	Control	ENSG00000185090	3.996802557953637e-4	-0.1183249957978738	FALSE	5	MANEAL	MANEAL
