file,n_nodes,n_edges,avg_path_len,diameter,global_density,size_giant_component,frac_giant_component,n_components,clustering_local_mean,clustering_global,assortativity,deg_mean,deg_median,deg_sd,kcore_max,Q_modularity,perc_targeted_50,perc_random_50,n_communities,largest_community_size,largest_community_id,network
network_1_edgelist.csv,100,233,3.15717171717172,7,0.0470707070707071,100,1,1,0.0507301587301587,0.0569259962049336,0.0277227816564503,4.66,5,2.01619704023454,3,0.434397391736816,0.34,,12,15,3,1_edgelist
network_2_edgelist.csv,100,232,3.11131313131313,6,0.0468686868686869,100,1,1,0.0400007215007215,0.0334883720930233,-0.0822059752685262,4.64,5,2.15800131996477,3,0.42352853745541,0.34,0.6,13,17,4,2_edgelist
network_3_edgelist.csv,99,242,3.06287363430221,6,0.0498866213151927,99,1,1,0.0431566749748568,0.0439655172413793,0.0169464824233695,4.88888888888889,5,2.11355628773068,4,0.382811966395738,0.34,,13,34,4,3_edgelist
network_4_edgelist.csv,100,294,2.61414141414141,4,0.0593939393939394,100,1,1,0.101230221275113,0.0817021276595745,-0.123014135773518,5.88,4.5,4.30005872640189,3,0,0.28,,1,100,1,4_edgelist
network_5_edgelist.csv,100,294,2.61717171717172,5,0.0593939393939394,100,1,1,0.140542939770629,0.10609756097561,-0.143960725454443,5.88,4,4.55112373735622,3,0,0.28,,1,100,1,5_edgelist
