gene	AD	CTL	delta	z_change	perc_AD	perc_CTL	delta_perc	HigherNetwork
ENSG00000131095	10	1	9	0.09132272630900674	0.437360732854667	0.03986135181975736	0.3974993810349096	AD
ENSG00000225523	52	114	-62	-0.8696183407627855	0.6666254023273087	0.7530329289428076	-0.08640752661549889	Control
ENSG00000168875	54	113	-59	-0.8290151970836958	0.6717009160683337	0.7520425847982174	-0.08034166872988369	Control
ENSG00000230342	47	105	-58	-0.8154808158573325	0.6548650656102996	0.7376825947016589	-0.08281752909135931	Control
ENSG00000128683	299	140	159	2.121479910263498	0.8785590492696211	0.7784104976479327	0.10014855162168845	AD
ENSG00000163295	43	90	-47	-0.6666026223673365	0.6438474870017331	0.716142609556821	-0.07229512255508785	Control
ENSG00000175175	668	501	167	2.2297549600744038	0.9830403565238921	0.9616241643971281	0.021416192126764044	AD
ENSG00000225275	52	112	-60	-0.8425495783100589	0.6666254023273087	0.7504332755632582	-0.08380787323594951	Control
ENSG00000211599	43	112	-69	-0.9643590093473284	0.6438474870017331	0.7504332755632582	-0.10658578856152512	Control
ENSG00000149269	742	612	130	1.7289828546989627	0.9957910373854915	0.985887595939589	0.009903441445902494	AD
ENSG00000155097	828	795	33	0.4161478757417253	1	0.9997524139638524	2.4758603614760677e-4	AD
ENSG00000102409	256	110	146	1.945532954320775	0.85751423619707845	0.7462243129487497	0.11128992324832876	AD
ENSG00000157064	792	782	10	0.10485710753537002	0.9982668977469671	0.9995048279277049	-0.0012379301807378118	AD
ENSG00000061918	766	686	80	1.052263793380799	0.9972765536023769	0.9954196583312701	0.0018568952711067732	AD
ENSG00000133169	316	177	139	1.8507922857362322	0.885986630354048	0.8109680614013369	0.07501856895271108	AD
ENSG00000198888	5	11	-6	-0.11169299208644234	0.3247090864075266	0.35070562020302054	-0.025996533795493937	Control
ENSG00000113327	824	758	66	0.8627824562117133	0.9995048279277049	0.9985144837831146	9.90344144590316e-4	AD
ENSG00000147416	725	600	125	1.6613109485671465	0.9936865560782372	0.9839069076504086	0.009779648427828636	AD
ENSG00000178828	57	67	-10	-0.16583051699189544	0.6794998762069819	0.672691260212924	0.006808615994057909	Control
ENSG00000107295	699	557	142	1.891395429415322	0.9878682842287695	0.9752413963852439	0.012626887843525614	AD
ENSG00000114573	749	760	-11	-0.1793648982182587	0.9965337954939342	0.9988858628373359	-0.0023520673434017647	Control
ENSG00000213190	827	720	107	1.4176920864926075	0.9997524139638524	0.997771725674672	0.00198068828918041	AD
ENSG00000163536	718	677	41	0.5244229255526315	0.9919534538252043	0.9933151770240158	-0.0013617231988115597	AD
ENSG00000073969	793	682	111	1.4718296113980605	0.9986382768011884	0.9945531072047537	0.00408516959643479	AD
ENSG00000050748	761	747	14	0.1589946324408231	0.9970289675662293	0.9982668977469671	-0.0012379301807378118	AD
ENSG00000198825	777	620	157	2.094411147810771	0.997771725674672	0.9873731121564744	0.010398613518197597	AD
ENSG00000133083	708	557	151	2.0132048604525914	0.9896013864818024	0.9752413963852439	0.014359990096558528	AD
ENSG00000114279	711	534	177	2.3650987723380363	0.9903441445902451	0.9697945035899975	0.020549641000247587	AD
ENSG00000014641	634	458	176	2.351564391111673	0.9783362218370883	0.9507303788066354	0.027605843030452992	AD
ENSG00000173726	645	590	55	0.7139042627217173	0.9799455310720475	0.9816786333250804	-0.0017331022530329143	AD
ENSG00000198763	7	7	0	-0.030486704728262697	0.3815300817033919	0.2742015350334241	0.10732854666996783	Control
ENSG00000158560	693	615	78	1.0251950309280726	0.987001733102253	0.9866303540480317	3.7137905422135464e-4	AD
ENSG00000139112	748	683	65	0.84924807498535	0.9962862094577866	0.9950482792770488	0.0012379301807378118	AD
ENSG00000165943	590	598	-8	-0.1387617545391689	0.9707848477345877	0.9834117355781133	-0.012626887843525614	Control
ENSG00000070087	793	767	26	0.32140720715718235	0.9986382768011884	0.9992572418915573	-6.189650903688504e-4	AD
ENSG00000107758	800	799	1	-0.016952323501899427	0.9990096558554098	1	-9.90344144590205e-4	AD
ENSG00000185760	623	649	-26	-0.38238061661370776	0.9761079475117603	0.9900965585540975	-0.013988611042337173	Control
ENSG00000138757	580	609	-29	-0.4229837602927976	0.9670710571923743	0.9853924238672939	-0.01832136667491957	Control
ENSG00000164588	538	604	-66	-0.9237558656682386	0.9535776182223322	0.9848972517949988	-0.03131963357266654	Control
ENSG00000125814	786	668	118	1.5665702799826033	0.9980193117108195	0.9925724189155731	0.00544689279524635	AD
ENSG00000198513	805	686	119	1.5801046612089666	0.9992572418915573	0.9954196583312701	0.0038375835602871833	AD
ENSG00000213585	671	633	38	0.4838197818735417	0.9837831146323347	0.9884872493191385	-0.0047041346868037515	AD
ENSG00000120265	700	719	-19	-0.28763994802916487	0.9882396632829908	0.9975241396385244	-0.009284476355533533	Control
ENSG00000133134	236	106	130	1.7289828546989627	0.8460014855162169	0.7395394899727655	0.10646199554345137	AD
ENSG00000019505	706	690	16	0.18606339489354964	0.9888586283733597	0.9960386234216391	-0.007179995048279375	AD
ENSG00000091972	725	595	130	1.7289828546989627	0.9936865560782372	0.9826689774696707	0.011017578608566447	AD
ENSG00000057757	621	387	234	3.136558502240743	0.9756127754394652	0.9262193612280267	0.0493934142114385	AD
ENSG00000075340	504	461	43	0.5514916880053581	0.9461500371379055	0.9515969299331518	-0.00544689279524635	AD
ENSG00000040933	535	557	-22	-0.3282430917082547	0.9524634810596683	0.9752413963852439	-0.022777915325575604	Control
ENSG00000065154	456	379	77	1.0116606497017093	0.9326565981678633	0.9234959148304036	0.009160683337459674	AD
ENSG00000097021	554	612	-58	-0.8154808158573325	0.9603862342163902	0.985887595939589	-0.025501361723198723	Control
ENSG00000109738	681	613	68	0.8898512186644398	0.9853924238672939	0.9863827680118842	-9.90344144590316e-4	AD
ENSG00000120053	770	709	61	0.795110550079897	0.9975241396385244	0.9967813815300817	7.427581084427093e-4	AD
ENSG00000154174	708	663	45	0.5785604504580846	0.9896013864818024	0.9914582817529092	-0.0018568952711067732	AD
ENSG00000131100	715	631	84	1.1064013182862522	0.9913344887348353	0.9878682842287695	0.0034662045060658286	AD
ENSG00000168824	739	594	145	1.9319985730944118	0.9955434513493439	0.9824213914335231	0.013122059915820716	AD
ENSG00000239513	64	120	-56	-0.7884120534046059	0.6934884872493191	0.758479821738054	-0.06499133448873484	Control
ENSG00000240694	584	529	55	0.7139042627217173	0.9689279524634811	0.967813815300817	0.001114137162664064	AD
ENSG00000197885	591	553	38	0.4838197818735417	0.9714038128249567	0.9742510522406537	-0.0028472394156969782	AD
ENSG00000118733	733	640	93	1.2282107493235217	0.9948006932409013	0.9893538004456549	0.00544689279524635	AD
ENSG00000171132	510	495	15	0.17252901366718637	0.9480069324090121	0.9601386481802426	-0.012131715771230511	AD
ENSG00000119125	656	535	121	1.6071734236616932	0.9810596682347116	0.9702896756622926	0.010769992572418952	AD
ENSG00000142875	721	666	55	0.7139042627217173	0.9925724189155731	0.9919534538252043	6.189650903688504e-4	AD
ENSG00000066248	390	434	-44	-0.6259994786882467	0.911983164149542	0.9433027977222085	-0.03131963357266654	Control
ENSG00000257732	51	88	-37	-0.5312588101037037	0.6641495419658331	0.713295370141124	-0.049145828175290895	Control
ENSG00000183715	724	760	-36	-0.5177244288773405	0.9931913840059421	0.9988858628373359	-0.0056944788313938455	Control
ENSG00000250497	24	58	-34	-0.4906556664246139	0.5630106461995543	0.6531319633572666	-0.09012131715771232	Control
ENSG00000102003	698	544	154	2.0538080041316813	0.9874969051745481	0.9720227779153255	0.015474127259222592	AD
ENSG00000085433	707	711	-4	-0.08462422963371578	0.9891062144095073	0.9970289675662293	-0.007922753156721973	Control
ENSG00000129636	714	669	45	0.5785604504580846	0.9910869026986878	0.9928200049517207	-0.0017331022530329143	AD
ENSG00000089818	629	444	185	2.4733738221489427	0.9774696707105719	0.9457786580836841	0.03169101262688778	AD
ENSG00000065609	645	579	66	0.8627824562117133	0.9799455310720475	0.9789551869274573	9.90344144590205e-4	AD
ENSG00000198934	609	490	119	1.5801046612089666	0.9743748452587274	0.958281752909136	0.016093092349591442	AD
ENSG00000174469	639	608	31	0.38907911328899875	0.9788313939093836	0.9851448378311464	-0.006313443921762807	AD
ENSG00000153130	210	156	54	0.7003698814953541	0.8297846001485516	0.7905422134191632	0.0392423867293884	AD
ENSG00000182013	700	657	43	0.5514916880053581	0.9882396632829908	0.9907155236444665	-0.0024758603614756236	AD
ENSG00000141030	501	433	68	0.8898512186644398	0.9447883139390938	0.942436246595692	0.0023520673434017647	AD
ENSG00000170091	698	663	35	0.44321663819445184	0.9874969051745481	0.9914582817529092	-0.003961376578361042	AD
ENSG00000104490	618	514	104	1.3770889428135176	0.9752413963852439	0.9650903689031939	0.01015102748204999	AD
ENSG00000128245	716	510	206	2.757595827902571	0.9915820747709829	0.9637286457043823	0.0278534290666006	AD
ENSG00000177432	678	561	117	1.5530358987562403	0.9846496657588512	0.9761079475117603	0.008541718247090824	AD
ENSG00000115840	526	329	197	2.635786396865302	0.9507303788066354	0.9036890319385986	0.04704134686803674	AD
ENSG00000184613	736	612	124	1.6477765673407831	0.9952958653131964	0.985887595939589	0.009408269373607392	AD
ENSG00000213760	674	512	162	2.1620830539425873	0.9842782867046299	0.9644714038128249	0.01980688289180499	AD
ENSG00000078328	498	371	127	1.6883797110198728	0.943550383758356	0.9215152265412231	0.022035157217132895	AD
ENSG00000068615	724	581	143	1.9049298106416852	0.9931913840059421	0.9795741520178262	0.01361723198811593	AD
ENSG00000157152	549	352	197	2.635786396865302	0.958281752909136	0.9156969546917554	0.04258479821738059	AD
ENSG00000117152	683	450	233	3.12302412101438	0.9861351819757366	0.9483783114632335	0.03775687051250309	AD
ENSG00000110427	560	583	-23	-0.34177747293461797	0.9617479574152018	0.9799455310720475	-0.01819757365684571	Control
ENSG00000127824	612	341	271	3.6373306076161835	0.9747462243129488	0.9106214409507304	0.06412478336221838	AD
ENSG00000172348	732	629	103	1.3635545615871543	0.9945531072047537	0.9876206981926219	0.006932409012131768	AD
ENSG00000138430	649	596	53	0.6868355002689908	0.9806882891804902	0.9829165635058182	-0.002228274325328017	AD
ENSG00000108395	744	718	26	0.32140720715718235	0.9960386234216391	0.9972765536023769	-0.0012379301807378118	AD
ENSG00000151025	710	667	43	0.5514916880053581	0.9900965585540975	0.9923248328794256	-0.002228274325328128	AD
ENSG00000139182	683	687	-4	-0.08462422963371578	0.9861351819757366	0.9957910373854915	-0.009655855409754888	Control
ENSG00000129625	734	679	55	0.7139042627217173	0.9950482792770488	0.9935627630601634	0.0014855162168853075	AD
ENSG00000110107	403	428	-25	-0.3688462353873445	0.9170586778905669	0.9407031443426591	-0.023644466452092172	Control
ENSG00000163032	590	377	213	2.8523364964871143	0.9707848477345877	0.9228769497400346	0.047907897994553084	AD
ENSG00000196876	481	417	64	0.8357136937589867	0.9385986630354048	0.9367417677642981	0.0018568952711067732	AD
ENSG00000146267	671	671	0	-0.030486704728262697	0.9837831146323347	0.9930675909878682	-0.009284476355533533	Control
ENSG00000136854	564	634	-70	-0.9778933905736917	0.9628620945778658	0.9889824213914336	-0.026120326813567796	Control
ENSG00000144746	465	293	172	2.2974268662062203	0.9351324585293389	0.8854914582817529	0.049641000247586	AD
ENSG00000164924	642	534	108	1.4312264677189708	0.9792027729636048	0.9697945035899975	0.009408269373607281	AD
ENSG00000104388	549	566	-17	-0.2605711855764383	0.958281752909136	0.976850705620203	-0.018568952711067066	Control
ENSG00000047249	627	440	187	2.5004425846016693	0.9767269126021293	0.94466452092102	0.03206239168110925	AD
ENSG00000166006	613	540	73	0.9575231247962562	0.9749938103490963	0.9714038128249567	0.0035899975241395765	AD
ENSG00000100554	547	476	71	0.9304543623435296	0.9572914087645457	0.955434513493439	0.0018568952711066622	AD
ENSG00000177889	592	483	109	1.444760848945334	0.971775191879178	0.956548650656103	0.015226541223075096	AD
ENSG00000101079	674	617	57	0.7409730251744439	0.9842782867046299	0.987001733102253	-0.0027234463976231194	AD
ENSG00000149313	542	467	75	0.9845918872489827	0.955434513493439	0.9537014112404061	0.0017331022530329143	AD
ENSG00000171617	693	548	145	1.9319985730944118	0.987001733102253	0.9723941569695469	0.014607576132706135	AD
ENSG00000186462	755	561	194	2.595183253186212	0.9967813815300817	0.9761079475117603	0.020673434018321335	AD
ENSG00000152932	661	484	177	2.3650987723380363	0.981926219361228	0.9571676157464719	0.024758603614756125	AD
ENSG00000087470	598	369	229	3.0688865961089267	0.9727655360237683	0.9202772963604853	0.052488239663282976	AD
ENSG00000105649	713	680	33	0.4161478757417253	0.9907155236444665	0.9938103490963109	-0.003094825451844474	AD
ENSG00000154917	632	650	-18	-0.2741055668028016	0.977964842782867	0.9903441445902451	-0.012379301807378118	Control
ENSG00000115419	543	484	59	0.7680417876271703	0.9558058925476604	0.9571676157464719	-0.0013617231988115597	AD
ENSG00000132872	726	590	136	1.8101891420571423	0.9941817281505323	0.9816786333250804	0.012503094825451866	AD
ENSG00000144290	634	466	168	2.243289341300767	0.9783362218370883	0.9534538252042585	0.024882396632829873	AD
ENSG00000167770	541	424	117	1.5530358987562403	0.95481554840307	0.9393414211438474	0.015474127259222592	AD
ENSG00000197043	554	532	22	0.26726968225172926	0.9603862342163902	0.968432780391186	-0.008046546174795721	AD
ENSG00000075945	598	534	64	0.8357136937589867	0.9727655360237683	0.9697945035899975	0.002971032433770726	AD
ENSG00000156642	639	539	100	1.3229514179080646	0.9788313939093836	0.9709086407526616	0.007922753156721973	AD
ENSG00000170027	721	700	21	0.253735301025366	0.9925724189155731	0.9965337954939342	-0.003961376578361042	AD
ENSG00000163875	552	469	83	1.092866937059889	0.9591483040356524	0.9541965833127012	0.004951720722951247	AD
ENSG00000170579	500	576	-76	-1.0590996779318713	0.9442931418667987	0.9784600148551622	-0.03416687298836352	Control
ENSG00000110786	382	334	48	0.6191635941371744	0.9085169596434761	0.9066600643723693	0.0018568952711067732	AD
ENSG00000031698	413	304	109	1.444760848945334	0.9213914335231493	0.891062144095073	0.030329289428076334	AD
ENSG00000081189	665	520	145	1.9319985730944118	0.9824213914335231	0.9659569200297103	0.016464471403812797	AD
ENSG00000139174	579	591	-12	-0.19289927944462198	0.9664520921020054	0.9821738053973756	-0.0157217132953702	Control
ENSG00000110955	502	434	68	0.8898512186644398	0.945283486011389	0.9433027977222085	0.001980688289180521	AD
ENSG00000120727	188	258	-70	-0.9778933905736917	0.8138153008170339	0.8655607823718742	-0.05174548155484027	Control
ENSG00000181789	537	522	15	0.17252901366718637	0.9532062391681109	0.9668234711562268	-0.01361723198811593	AD
ENSG00000084444	679	681	-2	-0.057555467180989243	0.9848972517949988	0.9940579351324585	-0.009160683337459785	Control
ENSG00000145335	468	292	176	2.351564391111673	0.9359990096558554	0.8847487001733102	0.051250309482545164	AD
ENSG00000102471	575	493	82	1.0793325558335256	0.9657093339935627	0.9592720970537262	0.006437236939836555	AD
ENSG00000111726	565	450	115	1.5259671363035137	0.9636048526863085	0.9483783114632335	0.015226541223074985	AD
ENSG00000078053	502	503	-1	-0.04402108595462597	0.945283486011389	0.9618717504332756	-0.016588264421886545	Control
ENSG00000151729	660	734	-74	-1.0320309154791447	0.9816786333250804	0.9980193117108195	-0.01634067838573905	Control
ENSG00000136099	257	181	76	0.998126268475346	0.8581332012874474	0.8146818519435504	0.04345134934389705	AD
ENSG00000134440	448	420	28	0.3484759696099089	0.9316662540232731	0.9376083188908145	-0.005942064867541452	AD
ENSG00000182901	584	383	201	2.689923921770755	0.9689279524634811	0.9246100519930676	0.04431790047041351	AD
ENSG00000164951	646	441	205	2.7440614466762083	0.9804407031443426	0.9450358999752414	0.03540480316910122	AD
ENSG00000280800	6	62	-56	-0.7884120534046059	0.35528596187175043	0.6634067838573905	-0.30812082198564006	Control
ENSG00000116675	490	537	-47	-0.6666026223673365	0.9405793513245853	0.9705372616984402	-0.02995791037385498	Control
ENSG00000185518	687	644	43	0.5514916880053581	0.9866303540480317	0.98984897251795	-0.003218618469918333	AD
ENSG00000162188	391	218	173	2.3109612474325836	0.912478336221837	0.8403070066848229	0.0721713295370141	AD
ENSG00000166922	607	372	235	3.1500928834671065	0.9737558801683585	0.9217628125773706	0.051993067590987874	AD
ENSG00000079785	470	513	-43	-0.6124650974618834	0.9367417677642981	0.9648427828670463	-0.028101015102748206	Control
ENSG00000120805	339	435	-96	-1.3297873024591367	0.8930428323842535	0.9439217628125773	-0.05087893042832381	Control
ENSG00000022355	564	349	215	2.879405258939841	0.9628620945778658	0.9144590245110176	0.048403070066848186	AD
ENSG00000058091	658	632	26	0.32140720715718235	0.9814310472889329	0.9881158702649171	-0.0066848229759841615	AD
ENSG00000221823	536	193	343	4.6118060559143395	0.9529586531319634	0.8219856400099035	0.1309730131220599	AD
ENSG00000197106	476	432	44	0.5650260692317213	0.9376083188908145	0.9418172815053231	-0.004208962614508538	AD
ENSG00000169116	628	602	26	0.32140720715718235	0.9770982916563505	0.9844020797227037	-0.007303788066353123	AD
ENSG00000144834	541	329	212	2.838802115260751	0.95481554840307	0.9036890319385986	0.051126516464471417	AD
ENSG00000163947	587	457	130	1.7289828546989627	0.9696707105719238	0.9499876206981926	0.01968308987373113	AD
ENSG00000104381	573	463	110	1.4582952301716972	0.9650903689031939	0.9524634810596683	0.012626887843525614	AD
ENSG00000101911	705	602	103	1.3635545615871543	0.9886110423372122	0.9844020797227037	0.004208962614508538	AD
ENSG00000165238	180	314	-134	-1.844093789060941	0.8076256499133448	0.896137657836098	-0.08851200792275316	Control
ENSG00000139973	668	490	178	2.3786331535643996	0.9830403565238921	0.958281752909136	0.024758603614756125	AD
ENSG00000109158	455	324	131	1.742517235925326	0.9320376330774944	0.901832136667492	0.030205496410002475	AD
ENSG00000131507	721	641	80	1.052263793380799	0.9925724189155731	0.9896013864818024	0.002971032433770726	AD
ENSG00000130540	626	436	190	2.541045728280759	0.9764793265659817	0.9442931418667987	0.032186184699182996	AD
ENSG00000013016	603	540	63	0.8221793125326234	0.973508294132211	0.9714038128249567	0.002104481307254269	AD
ENSG00000163399	583	521	62	0.8086449313062603	0.9683089873731121	0.9664520921020054	0.0018568952711066622	AD
ENSG00000177614	384	407	-23	-0.34177747293461797	0.9092597177519188	0.9329041842040109	-0.02364446645209206	Control
ENSG00000165868	590	590	0	-0.030486704728262697	0.9707848477345877	0.9816786333250804	-0.0108937855904927	Control
ENSG00000142686	491	551	-60	-0.8425495783100589	0.9408269373607329	0.9736320871502847	-0.032805149789551846	Control
ENSG00000148798	713	551	162	2.1620830539425873	0.9907155236444665	0.9736320871502847	0.01708343649418176	AD
ENSG00000109436	554	570	-16	-0.24703680435007505	0.9603862342163902	0.9773458776924981	-0.0169596434761079	Control
ENSG00000058335	480	445	35	0.44321663819445184	0.9381034909631096	0.9461500371379055	-0.008046546174795832	AD
ENSG00000157680	316	244	72	0.9439887435698929	0.885986630354048	0.85751423619707845	0.02847239415696956	AD
ENSG00000114948	588	292	296	3.9756901382752656	0.9700420896261451	0.8847487001733102	0.08529338945283493	AD
ENSG00000106105	495	263	232	3.1094897397880166	0.9429314186679871	0.8687794008417925	0.07415201782619463	AD
ENSG00000145087	500	355	145	1.9319985730944118	0.9442931418667987	0.9168110918544194	0.027482050012379244	AD
ENSG00000103316	682	386	296	3.9756901382752656	0.9856400099034415	0.9258479821738054	0.0597920277296361	AD
ENSG00000175395	575	508	67	0.8763168374380765	0.9657093339935627	0.9629858875959396	0.0027234463976231194	AD
ENSG00000175426	431	257	174	2.324495628658947	0.9269621193364694	0.8648180242634316	0.062144095073037864	AD
ENSG00000168546	504	425	79	1.038729412154436	0.9461500371379055	0.9398365932161427	0.006313443921762807	AD
ENSG00000109180	489	269	220	2.9470771650716574	0.9400841792522902	0.8724931913840059	0.06759098786828421	AD
ENSG00000153814	600	570	30	0.37554473206263544	0.9732607080960634	0.9773458776924981	-0.00408516959643479	AD
ENSG00000147676	680	587	93	1.2282107493235217	0.9851448378311464	0.980812082198564	0.004332755632582397	AD
ENSG00000013293	631	449	182	2.432770678469853	0.9777172567467195	0.9480069324090121	0.029710324337707372	AD
ENSG00000146701	569	634	-65	-0.9102214844418753	0.9644714038128249	0.9889824213914336	-0.02451101757860863	Control
ENSG00000164031	262	193	69	0.9033855998908031	0.8618469918296608	0.8219856400099035	0.03986135181975736	AD
ENSG00000082397	547	574	-27	-0.39591499784007106	0.9572914087645457	0.9782124288190146	-0.020921020054468942	Control
ENSG00000171224	485	393	92	1.2146763680971584	0.9392176281257737	0.9264669472641743	0.012750680861599362	AD
ENSG00000134121	608	539	69	0.9033855998908031	0.9740034662045061	0.9709086407526616	0.003094825451844474	AD
ENSG00000196937	593	504	89	1.1740732244180685	0.9720227779153255	0.9621193364694232	0.009903441445902383	AD
ENSG00000164830	581	682	-101	-1.3974592085909532	0.9675662292646695	0.9945531072047537	-0.026986877940084142	Control
ENSG00000132386	535	334	201	2.689923921770755	0.9524634810596683	0.9066600643723693	0.045803416687298926	AD
ENSG00000106537	587	386	201	2.689923921770755	0.9696707105719238	0.9258479821738054	0.043822728398118405	AD
ENSG00000002746	344	401	-57	-0.8019464346309692	0.8947759346372864	0.9301807378063878	-0.03540480316910133	Control
ENSG00000172292	598	554	44	0.5650260692317213	0.9727655360237683	0.9744986382768012	-0.0017331022530329143	AD
ENSG00000219073	39	52	-13	-0.20643366067098526	0.632087150284724	0.6370388710076752	-0.004951720722951247	Control
ENSG00000134108	561	472	89	1.1740732244180685	0.9621193364694232	0.95481554840307	0.007303788066353123	AD
ENSG00000154277	644	338	306	4.111033950538898	0.9794503589997524	0.9090121317157712	0.07043822728398119	AD
ENSG00000125868	464	533	-69	-0.9643590093473284	0.9346372864570438	0.9690517454815548	-0.03441445902451101	Control
ENSG00000086300	506	228	278	3.7320712762007267	0.9467690022282743	0.8458776924981432	0.10089130973013116	AD
ENSG00000112290	573	381	192	2.5681144907334854	0.9650903689031939	0.9239910869026987	0.041099282000495174	AD
ENSG00000078668	513	195	318	4.273446525255258	0.9486258974993811	0.8238425352810101	0.12478336221837094	AD
ENSG00000104093	515	493	22	0.26726968225172926	0.9489972765536023	0.9592720970537262	-0.010274820500123849	AD
ENSG00000112186	669	599	70	0.9169199811171663	0.9834117355781133	0.983659321614261	-2.4758603614760677e-4	AD
ENSG00000125166	665	597	68	0.8898512186644398	0.9824213914335231	0.9831641495419658	-7.427581084427093e-4	AD
ENSG00000165678	511	377	134	1.7831203796044157	0.9482545184451597	0.9228769497400346	0.025377568705125086	AD
ENSG00000085377	609	381	228	3.0553522148825634	0.9743748452587274	0.9239910869026987	0.05038375835602871	AD
ENSG00000108924	516	533	-17	-0.2605711855764383	0.9492448625897499	0.9690517454815548	-0.019806882891804878	Control
ENSG00000069345	513	508	5	0.037185201403553664	0.9486258974993811	0.9629858875959396	-0.014359990096558528	AD
ENSG00000159082	708	602	106	1.4041577052662442	0.9896013864818024	0.9844020797227037	0.005199306759098743	AD
ENSG00000086289	499	221	278	3.7320712762007267	0.9437979697945036	0.8422876949740035	0.10151027482050012	AD
ENSG00000138018	527	321	206	2.757595827902571	0.9509779648427829	0.8999752413963853	0.05100272344639756	AD
ENSG00000160145	236	323	-87	-1.2079778714218674	0.8460014855162169	0.9013369645951969	-0.055335479078979954	Control
ENSG00000160753	362	414	-52	-0.7342745284991528	0.8997276553602377	0.9353800445654865	-0.035652389205248824	Control
ENSG00000165637	240	262	-22	-0.3282430917082547	0.8489725179499876	0.867912849715276	-0.01894033176528842	Control
ENSG00000074590	562	494	68	0.8898512186644398	0.9623669225055707	0.9597672691260213	0.0025996533795493715	AD
ENSG00000110675	583	658	-75	-1.045565296705508	0.9683089873731121	0.9910869026986878	-0.022777915325575715	Control
ENSG00000170500	503	511	-8	-0.1387617545391689	0.9457786580836841	0.9641000247586036	-0.01832136667491946	Control
ENSG00000101210	540	509	31	0.38907911328899875	0.9540727902946274	0.963357266650161	-0.009284476355533533	AD
ENSG00000010256	297	204	93	1.2282107493235217	0.8776924981431047	0.8310225303292894	0.04666996781381527	AD
ENSG00000124140	585	617	-32	-0.46358690397188734	0.9692993315177024	0.987001733102253	-0.01770240158455061	Control
ENSG00000112137	182	272	-90	-1.248581015100957	0.8096063382025254	0.8739787076008914	-0.06437236939836599	Control
ENSG00000189241	582	526	56	0.7274386439480806	0.967813815300817	0.9673186432285219	4.951720722951025e-4	AD
ENSG00000092096	568	472	96	1.2688138930026114	0.9641000247586036	0.95481554840307	0.009284476355533533	AD
ENSG00000041353	552	319	233	3.12302412101438	0.9591483040356524	0.8986135181975736	0.06053478583807881	AD
ENSG00000166206	594	527	67	0.8763168374380765	0.9722703639514731	0.9675662292646695	0.0047041346868036404	AD
ENSG00000169744	665	464	201	2.689923921770755	0.9824213914335231	0.9529586531319634	0.029462738301559765	AD
ENSG00000198886	6	8	-2	-0.057555467180989243	0.35528596187175043	0.2948749690517455	0.06041099282000495	Control
ENSG00000136143	425	481	-56	-0.7884120534046059	0.9243624659569201	0.9561772716018817	-0.03181480564496164	Control
ENSG00000154027	530	447	83	1.092866937059889	0.9513493438970042	0.9470165882644219	0.004332755632582286	AD
ENSG00000113595	437	304	133	1.7695859983780524	0.9293141866798712	0.891062144095073	0.038252042584798196	AD
ENSG00000183454	565	521	44	0.5650260692317213	0.9636048526863085	0.9664520921020054	-0.0028472394156969782	AD
ENSG00000117600	502	507	-5	-0.09815861086007906	0.945283486011389	0.9626145085417183	-0.017331022530329254	Control
ENSG00000198836	343	337	6	0.05071958262991694	0.894528348601139	0.9081455805892548	-0.013617231988115819	AD
ENSG00000161203	230	202	28	0.3484759696099089	0.8417925229017084	0.8295370141124041	0.012255508789304259	AD
ENSG00000107404	56	61	-5	-0.09815861086007906	0.6770240158455063	0.660807130477841	0.0162168853676653	Control
ENSG00000196972	11	22	-11	-0.1793648982182587	0.45233968804159447	0.47623174052983414	-0.023892052488239668	Control
ENSG00000152234	412	366	46	0.5920948316844479	0.9206486754147066	0.9191631591978212	0.0014855162168854186	AD
ENSG00000174684	559	573	-14	-0.21996804189734853	0.9613765783609804	0.977964842782867	-0.016588264421886545	Control
ENSG00000182220	556	556	0	-0.030486704728262697	0.9608814062886853	0.9747462243129488	-0.013864818024263426	Control
ENSG00000173898	204	340	-136	-1.8711625515136676	0.8264421886605595	0.9101262688784353	-0.08368408021787577	Control
ENSG00000186106	469	428	41	0.5244229255526315	0.9363703887100767	0.9407031443426591	-0.004332755632582397	AD
ENSG00000166448	569	457	112	1.4853639926244238	0.9644714038128249	0.9499876206981926	0.014483783114632276	AD
ENSG00000237622	28	94	-66	-0.9237558656682386	0.5865313196335726	0.7224560534785838	-0.13592473384501114	Control
ENSG00000277531	589	484	105	1.3906233240398809	0.9702896756622926	0.9571676157464719	0.013122059915820716	AD
ENSG00000173372	8	49	-41	-0.5853963350091568	0.4022035157217133	0.6266402574894776	-0.2244367417677643	Control
ENSG00000116106	548	566	-18	-0.2741055668028016	0.9577865808368408	0.976850705620203	-0.01906412478336228	Control
ENSG00000131370	509	149	360	4.841890536762515	0.9473879673186433	0.7869522158950235	0.16043575142361977	AD
ENSG00000196230	169	11	158	2.1079455290371345	0.8001980688289181	0.35070562020302054	0.44949244862589754	AD
ENSG00000165152	459	433	26	0.32140720715718235	0.933399356276306	0.942436246595692	-0.009036890319386037	AD
ENSG00000164061	168	313	-145	-1.992971982550937	0.799083931666254	0.8953948997276554	-0.09631096806140138	Control
ENSG00000040341	546	532	14	0.1589946324408231	0.956548650656103	0.968432780391186	-0.011884129735083016	AD
ENSG00000156735	391	75	316	4.246377762802531	0.912478336221837	0.6921267640505075	0.2203515721713295	AD
ENSG00000034053	210	359	-149	-2.04710950745639	0.8297846001485516	0.918172815053231	-0.08838821490467941	Control
ENSG00000085415	576	530	46	0.5920948316844479	0.9660807130477841	0.9680614013369646	-0.001980688289180521	AD
ENSG00000172209	550	283	267	3.583193082710731	0.9586531319633572	0.8789304283238425	0.07972270363951472	AD
ENSG00000197959	546	492	54	0.7003698814953541	0.956548650656103	0.9587769249814311	-0.002228274325328128	AD
ENSG00000164715	253	415	-162	-2.2230564633991126	0.855533547907898	0.9361228026739292	-0.08058925476603118	Control
ENSG00000187189	583	496	87	1.1470044619653421	0.9683089873731121	0.960510027234464	0.0077989601386481144	AD
ENSG00000134265	552	533	19	0.22666653857263946	0.9591483040356524	0.9690517454815548	-0.009903441445902383	AD
ENSG00000151948	656	682	-26	-0.38238061661370776	0.9810596682347116	0.9945531072047537	-0.013493438970042071	Control
ENSG00000083720	405	512	-107	-1.4786654959491328	0.918172815053231	0.9644714038128249	-0.04629858875959392	Control
ENSG00000159720	335	309	26	0.32140720715718235	0.8915573161673681	0.8934142114384749	-0.0018568952711067732	AD
ENSG00000139970	509	345	164	2.189151816395314	0.9473879673186433	0.911983164149542	0.03540480316910133	AD
ENSG00000198961	427	424	3	0.010116438950827119	0.925476603119584	0.9393414211438474	-0.013864818024263426	AD
ENSG00000197872	463	335	128	1.7019140922462361	0.9341421143847487	0.907402822480812	0.026739291903936646	AD
ENSG00000168785	393	285	108	1.4312264677189708	0.9133448873483535	0.8807873235949493	0.03255756375340424	AD
ENSG00000103769	411	332	79	1.038729412154436	0.9196583312701163	0.9054221341916316	0.01423619707848467	AD
ENSG00000007168	375	420	-45	-0.6395338599146099	0.9059173062639267	0.9376083188908145	-0.03169101262688778	Control
ENSG00000175931	341	485	-144	-1.9794376013245738	0.8937855904926962	0.957662787818767	-0.06387719732607078	Control
ENSG00000173660	124	93	31	0.38907911328899875	0.7666501609309235	0.7208467442436246	0.045803416687298926	AD
ENSG00000136531	285	89	196	2.6222520156389386	0.8721218123297846	0.7147808863580094	0.15734092597177518	AD
ENSG00000165434	244	35	209	2.798198971581661	0.8512007922753156	0.5685813320128744	0.2826194602624412	AD
ENSG00000054356	338	400	-62	-0.8696183407627855	0.8923000742758108	0.9296855657340926	-0.03738549145828174	Control
ENSG00000004059	492	458	34	0.42968225696808854	0.9414459024511017	0.9507303788066354	-0.009284476355533644	AD
ENSG00000144959	478	399	79	1.038729412154436	0.9378559049269621	0.9288190146075761	0.009036890319386037	AD
ENSG00000157087	312	267	45	0.5785604504580846	0.8838821490467937	0.8713790542213419	0.012503094825451866	AD
ENSG00000151320	373	239	134	1.7831203796044157	0.9043079970289676	0.8541718247090864	0.05013617231988121	AD
ENSG00000099365	546	400	146	1.945532954320775	0.956548650656103	0.9296855657340926	0.026863084922010394	AD
ENSG00000153310	564	496	68	0.8898512186644398	0.9628620945778658	0.960510027234464	0.0023520673434017647	AD
ENSG00000119801	456	295	161	2.148548672716224	0.9326565981678633	0.8873483535528596	0.04530824461500371	AD
ENSG00000124785	518	462	56	0.7274386439480806	0.949740034662045	0.9520921020054469	-0.0023520673434018757	AD
ENSG00000169891	628	666	-38	-0.544793191330067	0.9770982916563505	0.9919534538252043	-0.014855162168853742	Control
ENSG00000084070	379	394	-15	-0.23350242312371178	0.9077742015350334	0.9270859123545432	-0.019311710819509775	Control
ENSG00000277586	375	378	-3	-0.07108984840735251	0.9059173062639267	0.923248328794256	-0.017331022530329254	Control
ENSG00000157219	553	550	3	0.010116438950827119	0.9597672691260213	0.9731369150779896	-0.013369645951968323	AD
ENSG00000186212	497	416	81	1.0657981746071623	0.9433027977222085	0.9363703887100767	0.006932409012131768	AD
ENSG00000162636	495	331	164	2.189151816395314	0.9429314186679871	0.9050507551374103	0.03788066353057684	AD
ENSG00000072201	505	494	11	0.11839148876173328	0.9465214161921268	0.9597672691260213	-0.013245852933894464	AD
ENSG00000131779	353	236	117	1.5530358987562403	0.8976231740529834	0.852191136419906	0.04543203763307746	AD
ENSG00000168959	428	325	103	1.3635545615871543	0.9259717751918792	0.9023273087397871	0.023644466452092172	AD
ENSG00000198121	26	18	8	0.07778834508264348	0.5757613270611538	0.4371131468185194	0.13864818024263437	AD
ENSG00000220323	1	1	0	-0.030486704728262697	0.07279029462738301	0.03986135181975736	0.03292894280762565	Control
ENSG00000171914	346	417	-71	-0.9914277718000549	0.8956424857638029	0.9367417677642981	-0.041099282000495174	Control
ENSG00000151229	402	249	153	2.040273622905318	0.9164397128001981	0.8601138895766279	0.05632582322357016	AD
ENSG00000051382	383	448	-65	-0.9102214844418753	0.9088883386976975	0.9476355533547908	-0.0387472146570933	Control
ENSG00000132341	359	458	-99	-1.3703904461382266	0.898984897251795	0.9507303788066354	-0.05174548155484038	Control
ENSG00000140854	225	347	-122	-1.6816812143445818	0.8383263183956425	0.9133448873483535	-0.07501856895271097	Control
ENSG00000154518	396	315	81	1.0657981746071623	0.9138400594206487	0.896756622926467	0.01708343649418176	AD
ENSG00000156687	433	420	13	0.14546025121445982	0.9278286704629859	0.9376083188908145	-0.009779648427828636	AD
ENSG00000155876	312	402	-90	-1.248581015100957	0.8838821490467937	0.9306759098786829	-0.04679376083188913	Control
ENSG00000177875	493	251	242	3.244833552051649	0.9421886605595444	0.8618469918296608	0.08034166872988358	AD
ENSG00000110148	182	236	-54	-0.7613432909518794	0.8096063382025254	0.852191136419906	-0.04258479821738059	Control
ENSG00000088986	225	43	182	2.432770678469853	0.8383263183956425	0.6043575142361971	0.23396880415944543	AD
ENSG00000047597	683	581	102	1.3500201803607912	0.9861351819757366	0.9795741520178262	0.006561029957910414	AD
ENSG00000085365	399	276	123	1.6342421861144198	0.9147066105471652	0.8760831889081456	0.03862342163901955	AD
ENSG00000198010	252	175	77	1.0116606497017093	0.8550383758356028	0.8086159940579352	0.046422381777667665	AD
ENSG00000254585	316	66	250	3.3531086018625555	0.885986630354048	0.6704629858875959	0.2155236444664521	AD
ENSG00000153956	411	114	297	3.989224519501629	0.9196583312701163	0.7530329289428076	0.1666254023273087	AD
ENSG00000104723	446	448	-2	-0.057555467180989243	0.931171081950978	0.9476355533547908	-0.016464471403812797	Control
ENSG00000070718	399	369	30	0.37554473206263544	0.9147066105471652	0.9202772963604853	-0.005570685813320098	AD
ENSG00000143106	323	194	129	1.7154484734725994	0.8875959395890072	0.8229759841544937	0.06461995543451349	AD
ENSG00000164209	373	302	71	0.9304543623435296	0.9043079970289676	0.8900717999504828	0.01423619707848478	AD
ENSG00000189195	623	434	189	2.527511347054396	0.9761079475117603	0.9433027977222085	0.032805149789551846	AD
ENSG00000082213	427	209	218	2.920008402618931	0.925476603119584	0.8342411487992077	0.09123545432037627	AD
ENSG00000129250	131	25	106	1.4041577052662442	0.7730873978707601	0.505694478831394	0.26739291903936613	AD
ENSG00000151690	349	394	-45	-0.6395338599146099	0.8963852438722456	0.9270859123545432	-0.030700668482297577	Control
ENSG00000129159	205	279	-74	-1.0320309154791447	0.8270611537509285	0.8770735330527358	-0.05001237930180735	Control
ENSG00000123178	338	83	255	3.4207805079943716	0.8923000742758108	0.7062391681109186	0.18606090616489224	AD
ENSG00000164794	420	399	21	0.253735301025366	0.923248328794256	0.9288190146075761	-0.005570685813320098	AD
ENSG00000136003	548	310	238	3.190696027146196	0.9577865808368408	0.8937855904926962	0.06400099034414453	AD
ENSG00000142235	90	230	-140	-1.9253000764191208	0.7316167368160436	0.8468680366427334	-0.1152512998266898	Control
ENSG00000131966	314	228	86	1.1334700807389788	0.8849962862094578	0.8458776924981432	0.03911859371131465	AD
ENSG00000162817	532	357	175	2.3380300098853097	0.9518445159692993	0.9176776429809359	0.034166872988363406	AD
ENSG00000164112	466	383	83	1.092866937059889	0.9353800445654865	0.9246100519930676	0.010769992572418952	AD
ENSG00000133318	432	211	221	2.9606115462980203	0.9273334983906908	0.8351076999257242	0.09222579846496659	AD
ENSG00000171603	322	356	-34	-0.4906556664246139	0.8871007675167121	0.9173062639267145	-0.030205496410002475	Control
ENSG00000282164	447	470	-23	-0.34177747293461797	0.9314186679871256	0.9544441693488487	-0.0230255013617231	Control
ENSG00000070159	500	457	43	0.5514916880053581	0.9442931418667987	0.9499876206981926	-0.0056944788313939565	AD
ENSG00000138378	524	125	399	5.3697314045906825	0.9501114137162664	0.7652884377321119	0.18482297598415454	AD
ENSG00000089199	541	443	98	1.295882655455338	0.95481554840307	0.9455310720475365	0.009284476355533533	AD
ENSG00000068912	353	506	-153	-2.1012470323618433	0.8976231740529834	0.9623669225055707	-0.06474374845258724	Control
ENSG00000091157	509	454	55	0.7139042627217173	0.9473879673186433	0.9487496905174548	-0.0013617231988115597	AD
ENSG00000164076	406	267	139	1.8507922857362322	0.9185441941074524	0.8713790542213419	0.047165139886110485	AD
ENSG00000178974	565	552	13	0.14546025121445982	0.9636048526863085	0.9740034662045061	-0.010398613518197597	AD
ENSG00000167699	130	62	68	0.8898512186644398	0.771973260708096	0.6634067838573905	0.10856647685070553	AD
ENSG00000127561	541	586	-45	-0.6395338599146099	0.95481554840307	0.9804407031443426	-0.025625154741272582	Control
ENSG00000220575	412	355	57	0.7409730251744439	0.9206486754147066	0.9168110918544194	0.0038375835602871833	AD
ENSG00000171951	388	79	309	4.151637094217988	0.9107452339688041	0.6993067590987868	0.21143847487001732	AD
ENSG00000169567	262	173	89	1.1740732244180685	0.8618469918296608	0.8071304778410497	0.054716513988611104	AD
ENSG00000138069	121	212	-91	-1.2621153963273204	0.7633077494429314	0.8359742510522407	-0.07266650160930921	Control
ENSG00000008277	393	292	101	1.3364857991344279	0.9133448873483535	0.8847487001733102	0.02859618717504331	AD
ENSG00000118402	509	418	91	1.201141986870795	0.9473879673186433	0.9371131468185194	0.010274820500123849	AD
ENSG00000054793	374	520	-146	-2.0065063637773	0.9052983411735578	0.9659569200297103	-0.060658578856152556	Control
ENSG00000112640	524	633	-109	-1.5057342584018594	0.9501114137162664	0.9884872493191385	-0.038375835602872055	Control
ENSG00000175874	432	315	117	1.5530358987562403	0.9273334983906908	0.896756622926467	0.03057687546422383	AD
ENSG00000165973	461	381	80	1.052263793380799	0.9337707353305273	0.9239910869026987	0.009779648427828636	AD
ENSG00000166111	437	406	31	0.38907911328899875	0.9293141866798712	0.932285219113642	-0.002971032433770837	AD
ENSG00000201321	34	98	-64	-0.896687103215512	0.6109185441941074	0.7285219113641991	-0.11760336717009168	Control
ENSG00000171798	154	255	-101	-1.3974592085909532	0.788932904184204	0.8635800940826938	-0.07464718989848973	Control
ENSG00000138095	254	229	25	0.3078728259308191	0.8562763060163406	0.846496657588512	0.009779648427828636	AD
ENSG00000196072	372	201	171	2.283892484979857	0.9033176528843774	0.8280514978955187	0.07526615498885869	AD
ENSG00000113966	517	422	95	1.255279511776248	0.9494924486258975	0.938474870017331	0.011017578608566558	AD
ENSG00000143473	371	455	-84	-1.1673747277427775	0.9025748947759347	0.9489972765536023	-0.046422381777667665	Control
ENSG00000116750	472	588	-116	-1.6004749269864023	0.9371131468185194	0.9811834612527853	-0.0440703144342659	Control
ENSG00000138002	27	44	-17	-0.2605711855764383	0.5817033919286952	0.6093092349591483	-0.027605843030453103	Control
ENSG00000158856	373	338	35	0.44321663819445184	0.9043079970289676	0.9090121317157712	-0.0047041346868036404	AD
ENSG00000113575	338	94	244	3.2719023145043757	0.8923000742758108	0.7224560534785838	0.16984402079722705	AD
ENSG00000145864	579	265	314	4.219309000349805	0.9664520921020054	0.8697697449863828	0.09668234711562262	AD
ENSG00000248485	352	86	266	3.5696587014843675	0.8972517949987621	0.7095815795989107	0.1876702153998514	AD
ENSG00000006740	231	351	-120	-1.6546124518918552	0.8430304530824462	0.9150779896013865	-0.07204753651894036	Control
ENSG00000197860	393	301	92	1.2146763680971584	0.9133448873483535	0.8890814558058926	0.02426343154246091	AD
ENSG00000159658	134	124	10	0.10485710753537002	0.7761822233226046	0.7641743005694479	0.012007922753156652	AD
ENSG00000114993	12	10	2	-0.0034179422755361536	0.46595692002971034	0.33473632087150285	0.1312205991582075	AD
ENSG00000165169	443	351	92	1.2146763680971584	0.9306759098786829	0.9150779896013865	0.01559792027729634	AD
ENSG00000146731	207	202	5	0.037185201403553664	0.8275563258232236	0.8295370141124041	-0.001980688289180521	AD
ENSG00000163810	21	54	-33	-0.47712128519825064	0.5432037633077494	0.6423619707848477	-0.09915820747709825	Control
ENSG00000156976	370	326	44	0.5650260692317213	0.9017083436494182	0.9026986877940084	-9.90344144590205e-4	AD
ENSG00000183117	89	60	29	0.3620103508362722	0.7298836345630106	0.6582074770982916	0.071676157464719	AD
ENSG00000171450	261	334	-73	-1.0184965342527814	0.8604852686308492	0.9066600643723693	-0.04617479574152017	Control
ENSG00000084731	188	431	-243	-3.3193413427345377	0.8138153008170339	0.9415696954691756	-0.12775439465214167	Control
ENSG00000134717	290	305	-15	-0.23350242312371178	0.8750928447635553	0.8915573161673681	-0.016464471403812797	Control
ENSG00000185924	241	311	-70	-0.9778933905736917	0.8495914830403565	0.8942807625649913	-0.04468927952463486	Control
ENSG00000133019	218	206	12	0.13192586998809655	0.835231492943798	0.8320128744738797	0.003218618469918222	AD
ENSG00000159363	145	289	-144	-1.9794376013245738	0.7829908393166626	0.8830155979202773	-0.1000247586036147	Control
ENSG00000102466	425	424	1	-0.016952323501899427	0.9243624659569201	0.9393414211438474	-0.014978955186927378	AD
ENSG00000111110	419	578	-159	-2.182453319720023	0.9228769497400346	0.9787076008913097	-0.05583065115127506	Control
ENSG00000163482	20	36	-16	-0.24703680435007505	0.5360237682594702	0.5753899480069324	-0.03936617974746226	Control
ENSG00000128524	238	58	180	2.4057019160171262	0.8473632087150285	0.6531319633572666	0.19423124535776182	AD
ENSG00000152503	489	134	355	4.774218630630698	0.9400841792522902	0.7743253280514979	0.16575885120079226	AD
ENSG00000197562	120	267	-147	-2.0200407450036635	0.762441198316415	0.8713790542213419	-0.10893785590492688	Control
ENSG00000087095	433	461	-28	-0.4094493790664343	0.9278286704629859	0.9515969299331518	-0.02376825947016592	Control
ENSG00000197217	364	351	13	0.14546025121445982	0.9002228274325328	0.9150779896013865	-0.014855162168853742	AD
ENSG00000156261	242	81	161	2.148548672716224	0.8502104481307254	0.7025253775687051	0.1476850705620203	AD
ENSG00000187079	52	50	2	-0.0034179422755361536	0.6666254023273087	0.630354048031691	0.036271354295617675	AD
ENSG00000074706	361	134	227	3.0418178336562	0.8994800693240901	0.7743253280514979	0.12515474127259218	AD
ENSG00000197147	411	483	-72	-1.0049621530264183	0.9196583312701163	0.956548650656103	-0.036890319385986636	Control
ENSG00000166924	186	369	-183	-2.5072784691527414	0.8127011636543698	0.9202772963604853	-0.10757613270611543	Control
ENSG00000162706	275	430	-155	-2.12831579481457	0.866798712552612	0.941322109433028	-0.07452339688041598	Control
ENSG00000135624	212	294	-82	-1.140305965290051	0.8313939093835108	0.8863580094082694	-0.0549641000247586	Control
ENSG00000159164	436	283	153	2.040273622905318	0.92894280762565	0.8789304283238425	0.050012379301807464	AD
ENSG00000185352	389	279	110	1.4582952301716972	0.9113641990591731	0.8770735330527358	0.034290666006437265	AD
ENSG00000169282	414	316	98	1.295882655455338	0.9218866055954444	0.8976231740529834	0.024263431542461023	AD
ENSG00000106723	557	560	-3	-0.07108984840735251	0.9611289923248328	0.975736568457539	-0.014607576132706135	Control
ENSG00000204116	540	402	138	1.837257904509869	0.9540727902946274	0.9306759098786829	0.023396880415944565	AD
ENSG00000100934	494	548	-54	-0.7613432909518794	0.9425600396137658	0.9723941569695469	-0.02983411735578112	Control
ENSG00000089737	427	333	94	1.241745130549885	0.925476603119584	0.9057935132458529	0.01968308987373113	AD
ENSG00000130368	493	321	172	2.2974268662062203	0.9421886605595444	0.8999752413963853	0.04221341916315913	AD
ENSG00000168539	257	353	-96	-1.3297873024591367	0.8581332012874474	0.9161921267640505	-0.058058925476603074	Control
ENSG00000113387	274	165	109	1.444760848945334	0.8664273334983907	0.7989601386481803	0.06746719485021047	AD
ENSG00000133627	485	585	-100	-1.3839248273645899	0.9392176281257737	0.9801931171081951	-0.040975488982421426	Control
ENSG00000173915	71	36	35	0.44321663819445184	0.7051250309482545	0.5753899480069324	0.12973508294132208	AD
ENSG00000113763	125	190	-65	-0.9102214844418753	0.7672691260212924	0.8205001237930181	-0.053230997771725685	Control
ENSG00000144285	350	144	206	2.757595827902571	0.8968804159445407	0.7812577370636297	0.11562267888091105	AD
ENSG00000198932	355	268	87	1.1470044619653421	0.8982421391433523	0.8719980193117108	0.026244119831641433	AD
ENSG00000178662	300	97	203	2.7169926842234817	0.8794256003961377	0.7269126021292399	0.1525129982668978	AD
ENSG00000124507	204	307	-103	-1.4245279710436798	0.8264421886605595	0.8921762812577371	-0.06573409259717755	Control
ENSG00000111674	360	165	195	2.6087176344125753	0.8992324832879426	0.7989601386481803	0.10027234463976231	AD
ENSG00000099814	162	352	-190	-2.6020191377372845	0.7951225550878931	0.9156969546917554	-0.12057439960386229	Control
ENSG00000156959	133	235	-102	-1.4109935898173165	0.7750680861599406	0.8509532062391681	-0.07588512007922754	Control
ENSG00000132932	291	212	79	1.038729412154436	0.875835602871998	0.8359742510522407	0.03986135181975736	AD
ENSG00000198216	240	249	-9	-0.15229613576553216	0.8489725179499876	0.8601138895766279	-0.011141371626640306	Control
ENSG00000053108	266	288	-22	-0.3282430917082547	0.8635800940826938	0.8822728398118346	-0.018692745729140814	Control
ENSG00000148408	214	201	13	0.14546025121445982	0.832384253528101	0.8280514978955187	0.004332755632582286	AD
ENSG00000164885	314	127	187	2.5004425846016693	0.8849962862094578	0.7685070562020302	0.11648923000742761	AD
ENSG00000107282	171	311	-140	-1.9253000764191208	0.8021787571180985	0.8942807625649913	-0.09210200544689284	Control
ENSG00000135119	312	330	-18	-0.2741055668028016	0.8838821490467937	0.9044317900470413	-0.020549641000247587	Control
ENSG00000114784	386	231	155	2.0673423853580446	0.910250061896509	0.8476107947511761	0.06263926714533297	AD
ENSG00000126950	645	440	205	2.7440614466762083	0.9799455310720475	0.94466452092102	0.03528101015102747	AD
ENSG00000003987	401	320	81	1.0657981746071623	0.915944540727903	0.8991086902698687	0.016835850458034263	AD
ENSG00000112149	464	191	273	3.66439937006891	0.9346372864570438	0.8208715028472394	0.11376578360980438	AD
ENSG00000175582	580	657	-77	-1.0726340591582346	0.9670710571923743	0.9907155236444665	-0.023644466452092172	Control
ENSG00000060709	341	232	109	1.444760848945334	0.8937855904926962	0.84872493191384	0.045060658578856216	AD
ENSG00000138071	114	188	-74	-1.0320309154791447	0.7560039613765783	0.8191384005942065	-0.06313443921762818	Control
ENSG00000169783	155	230	-75	-1.045565296705508	0.7896756622926467	0.8468680366427334	-0.05719237435008662	Control
ENSG00000075391	99	60	39	0.49735416309990493	0.7406536271354296	0.6582074770982916	0.08244615003713796	AD
ENSG00000184156	382	256	126	1.6748453297935095	0.9085169596434761	0.8641990591730626	0.04431790047041351	AD
ENSG00000166912	38	25	13	0.14546025121445982	0.6278781876702154	0.505694478831394	0.12218370883882146	AD
ENSG00000187730	412	456	-44	-0.6259994786882467	0.9206486754147066	0.9493686556078237	-0.028719980193117056	Control
ENSG00000176788	403	330	73	0.9575231247962562	0.9170586778905669	0.9044317900470413	0.012626887843525614	AD
ENSG00000188674	456	312	144	1.9184641918680485	0.9326565981678633	0.8947759346372864	0.03788066353057684	AD
ENSG00000163590	373	414	-41	-0.5853963350091568	0.9043079970289676	0.9353800445654865	-0.031072047536518932	Control
ENSG00000135540	32	35	-3	-0.07108984840735251	0.6033671700916068	0.5685813320128744	0.03478583807873237	Control
ENSG00000167654	426	523	-97	-1.3433216836855	0.9249814310472889	0.9670710571923743	-0.04208962614508538	Control
ENSG00000145632	430	148	282	3.78620880110618	0.9264669472641743	0.7857142857142857	0.14075266154988864	AD
ENSG00000196872	242	299	-57	-0.8019464346309692	0.8502104481307254	0.8883386976974499	-0.03812824956672445	Control
ENSG00000185742	445	479	-34	-0.4906556664246139	0.9309234959148304	0.9559296855657341	-0.025006189650903732	Control
ENSG00000088538	288	342	-54	-0.7613432909518794	0.8738549145828175	0.9109928200049517	-0.03713790542213424	Control
ENSG00000121769	116	13	103	1.3635545615871543	0.7579846496657588	0.37880663530576875	0.3791780143599901	AD
ENSG00000144406	194	104	90	1.1876076056444318	0.8186432285219114	0.7361970784847734	0.08244615003713796	AD
ENSG00000110076	97	238	-141	-1.9388344576454841	0.7384253528101015	0.8536766526367913	-0.1152512998266898	Control
ENSG00000176490	573	385	188	2.5139769658280327	0.9650903689031939	0.9253528101015103	0.039737558801683615	AD
ENSG00000136521	258	127	131	1.742517235925326	0.8586283733597425	0.7685070562020302	0.09012131715771232	AD
ENSG00000125851	475	468	7	0.06425396385628021	0.937360732854667	0.9539489972765536	-0.016588264421886545	AD
ENSG00000166257	248	116	132	1.7560516171516893	0.8529338945283486	0.7553849962862095	0.09754889824213908	AD
ENSG00000177954	11	22	-11	-0.1793648982182587	0.45233968804159447	0.47623174052983414	-0.023892052488239668	Control
ENSG00000169490	301	133	168	2.243289341300767	0.8801683585045803	0.7733349839069077	0.10683337459767261	AD
ENSG00000108557	74	178	-104	-1.4380623522700429	0.7106957167615746	0.8119584055459272	-0.10126268878435263	Control
ENSG00000103056	173	252	-79	-1.0997028216109612	0.8035404803169102	0.8627135429561773	-0.05917306263926714	Control
ENSG00000084764	254	257	-3	-0.07108984840735251	0.8562763060163406	0.8648180242634316	-0.008541718247090935	Control
ENSG00000065559	438	549	-111	-1.5328030208545858	0.9296855657340926	0.9727655360237683	-0.043079970289675695	Control
ENSG00000186310	553	410	143	1.9049298106416852	0.9597672691260213	0.9336469423124536	0.026120326813567685	AD
ENSG00000174672	116	208	-92	-1.2756497775536837	0.7579846496657588	0.8333745976726913	-0.07538994800693244	Control
ENSG00000221288	28	65	-37	-0.5312588101037037	0.5865313196335726	0.668729883634563	-0.08219856400099035	Control
ENSG00000163577	397	208	189	2.527511347054396	0.9140876454567962	0.8333745976726913	0.08071304778410493	AD
ENSG00000105696	481	394	87	1.1470044619653421	0.9385986630354048	0.9270859123545432	0.011512750680861661	AD
ENSG00000196368	546	167	379	5.099043780063417	0.956548650656103	0.8009408269373607	0.15560782371874227	AD
ENSG00000164919	28	21	7	0.06425396385628021	0.5865313196335726	0.46521416192126763	0.121317157712305	AD
ENSG00000107105	535	308	227	3.0418178336562	0.9524634810596683	0.8929190393661798	0.05954444169348849	AD
ENSG00000116752	307	231	76	0.998126268475346	0.8825204258479822	0.8476107947511761	0.034909631096806115	AD
ENSG00000126733	580	301	279	3.74560565742709	0.9670710571923743	0.8890814558058926	0.0779896013864817	AD
ENSG00000169032	357	394	-37	-0.5312588101037037	0.8987373112156475	0.9270859123545432	-0.0283486011388957	Control
ENSG00000162981	105	135	-30	-0.4365181415191608	0.7462243129487497	0.7755632582322357	-0.029338945283486018	Control
ENSG00000143158	221	231	-10	-0.16583051699189544	0.8365932161426095	0.8476107947511761	-0.011017578608566558	Control
ENSG00000131437	399	250	149	1.9861360979998648	0.9147066105471652	0.8608566476850705	0.05384996286209465	AD
ENSG00000145242	403	337	66	0.8627824562117133	0.9170586778905669	0.9081455805892548	0.008913097301312178	AD
ENSG00000205629	375	175	200	2.676389540544392	0.9059173062639267	0.8086159940579352	0.09730131220599159	AD
ENSG00000115233	99	78	21	0.253735301025366	0.7406536271354296	0.6978212428819015	0.04283238425352809	AD
ENSG00000158301	591	427	164	2.189151816395314	0.9714038128249567	0.9402079722703639	0.03119584055459279	AD
ENSG00000165264	71	72	-1	-0.04402108595462597	0.7051250309482545	0.6865560782371875	0.018568952711067066	Control
ENSG00000113319	253	348	-95	-1.3162529212327736	0.855533547907898	0.9140876454567962	-0.058554097548898176	Control
ENSG00000101474	425	375	50	0.646232356589901	0.9243624659569201	0.9225055706858133	0.0018568952711067732	AD
ENSG00000150760	62	44	18	0.2131321573462762	0.6887843525625155	0.6093092349591483	0.07947511760336712	AD
ENSG00000114541	20	20	0	-0.030486704728262697	0.5360237682594702	0.4548155484030701	0.08120821985640009	Control
ENSG00000196262	194	80	114	1.5124327550771504	0.8186432285219114	0.7010398613518197	0.11760336717009168	AD
ENSG00000132704	42	54	-12	-0.19289927944462198	0.6413716266402575	0.6423619707848477	-9.90344144590205e-4	Control
ENSG00000186951	118	103	15	0.17252901366718637	0.7599653379549394	0.7352067343401832	0.024758603614756125	AD
ENSG00000152495	410	349	61	0.795110550079897	0.9189155731616737	0.9144590245110176	0.004456548650656145	AD
ENSG00000106367	208	176	32	0.402613494515362	0.8282990839316663	0.8099777172567467	0.01832136667491957	AD
ENSG00000180044	415	329	86	1.1334700807389788	0.9222579846496658	0.9036890319385986	0.018568952711067177	AD
ENSG00000135002	371	292	79	1.038729412154436	0.9025748947759347	0.8847487001733102	0.017826194602624468	AD
ENSG00000112367	377	269	108	1.4312264677189708	0.906907650408517	0.8724931913840059	0.03441445902451101	AD
ENSG00000177383	126	236	-110	-1.5192686396282227	0.7681356771478088	0.852191136419906	-0.08405545927209712	Control
ENSG00000006116	304	266	38	0.4838197818735417	0.8811587026491706	0.8705125030948254	0.010646199554345204	AD
ENSG00000177570	312	179	133	1.7695859983780524	0.8838821490467937	0.8130725427085912	0.07080960633820255	AD
ENSG00000133101	492	126	366	4.9230968241206945	0.9414459024511017	0.7670215399851449	0.17442436246595683	AD
ENSG00000137693	124	149	-25	-0.3688462353873445	0.7666501609309235	0.7869522158950235	-0.02030205496409998	Control
ENSG00000069424	273	344	-71	-0.9914277718000549	0.8658083684080218	0.9114879920772468	-0.04567962366922507	Control
ENSG00000169933	489	587	-98	-1.3568560649118633	0.9400841792522902	0.980812082198564	-0.04072790294627382	Control
ENSG00000143727	301	373	-72	-1.0049621530264183	0.8801683585045803	0.9220103986135182	-0.041842040108937884	Control
ENSG00000167005	368	262	106	1.4041577052662442	0.9009655855409755	0.867912849715276	0.03305273582569945	AD
ENSG00000165832	388	404	-16	-0.24703680435007505	0.9107452339688041	0.9312948749690517	-0.020549641000247587	Control
ENSG00000082458	718	695	23	0.28080406347809256	0.9919534538252043	0.9962862094577866	-0.004332755632582286	AD
ENSG00000131089	532	517	15	0.17252901366718637	0.9518445159692993	0.9653379549393414	-0.013493438970042071	AD
ENSG00000280614	3	55	-52	-0.7342745284991528	0.2442436246595692	0.6454567962366923	-0.4012131715771231	Control
ENSG00000143514	30	75	-45	-0.6395338599146099	0.5963109680614014	0.6921267640505075	-0.09581579598910617	Control
ENSG00000134684	371	313	58	0.7545074064008072	0.9025748947759347	0.8953948997276554	0.007179995048279264	AD
ENSG00000118160	247	355	-108	-1.492199877175496	0.852191136419906	0.9168110918544194	-0.06461995543451349	Control
ENSG00000082781	125	84	41	0.5244229255526315	0.7672691260212924	0.7077246843278039	0.05954444169348849	AD
ENSG00000123636	417	133	284	3.813277563558906	0.9225055706858133	0.7733349839069077	0.1491705867789056	AD
ENSG00000108773	22	16	6	0.05071958262991694	0.5505075513741025	0.41718247090864075	0.1333250804654617	AD
ENSG00000123562	405	212	193	2.5816488719598487	0.918172815053231	0.8359742510522407	0.08219856400099035	AD
ENSG00000242261	35	102	-67	-0.9372902468946019	0.6147561277543947	0.7342163901955929	-0.11946026244119823	Control
ENSG00000128463	210	183	27	0.33494158838354565	0.8297846001485516	0.8156721960881407	0.014112404060410921	AD
ENSG00000138138	166	221	-55	-0.7748776721782427	0.7978460014855162	0.8422876949740035	-0.044441693488487255	Control
ENSG00000185274	205	284	-79	-1.0997028216109612	0.8270611537509285	0.8799207724684328	-0.05285961871750433	Control
ENSG00000159199	118	54	64	0.8357136937589867	0.7599653379549394	0.6423619707848477	0.11760336717009168	AD
ENSG00000119042	136	176	-40	-0.5718619537827936	0.7775439465214162	0.8099777172567467	-0.03243377073533049	Control
ENSG00000013392	210	129	81	1.0657981746071623	0.8297846001485516	0.7698687794008418	0.05991582074770985	AD
ENSG00000072832	389	345	44	0.5650260692317213	0.9113641990591731	0.911983164149542	-6.189650903688504e-4	AD
ENSG00000064763	410	294	116	1.539501517529877	0.9189155731616737	0.8863580094082694	0.03255756375340435	AD
ENSG00000204851	461	519	-58	-0.8154808158573325	0.9337707353305273	0.965585540975489	-0.03181480564496164	Control
ENSG00000138311	492	300	192	2.5681144907334854	0.9414459024511017	0.8885862837335974	0.05285961871750433	AD
ENSG00000154945	36	13	23	0.28080406347809256	0.6192126764050507	0.37880663530576875	0.240406041099282	AD
ENSG00000172350	285	159	126	1.6748453297935095	0.8721218123297846	0.7937608318890814	0.07836098044070317	AD
ENSG00000117069	252	275	-23	-0.34177747293461797	0.8550383758356028	0.8750928447635553	-0.020054468927952485	Control
ENSG00000069966	271	232	39	0.49735416309990493	0.8649418172815053	0.84872493191384	0.0162168853676653	AD
ENSG00000215218	455	497	-42	-0.5989307162355201	0.9320376330774944	0.9608814062886853	-0.028843773211190915	Control
ENSG00000124207	159	178	-19	-0.28763994802916487	0.7931418667987126	0.8119584055459272	-0.018816538747214673	Control
ENSG00000111667	280	290	-10	-0.16583051699189544	0.8693983659321615	0.88375835602872	-0.014359990096558528	Control
ENSG00000033122	113	38	75	0.9845918872489827	0.7546422381777668	0.5855409754889824	0.16910126268878434	AD
ENSG00000196776	430	123	307	4.1245683317652615	0.9264669472641743	0.763555335479079	0.1629116117850954	AD
ENSG00000168159	262	374	-112	-1.546337402080949	0.8618469918296608	0.9222579846496658	-0.06041099282000495	Control
ENSG00000174514	289	217	72	0.9439887435698929	0.8744738796731865	0.8394404555583065	0.035033424114879974	AD
ENSG00000165731	385	271	114	1.5124327550771504	0.9097548898242139	0.8733597425105224	0.036395147313691534	AD
ENSG00000165914	134	261	-127	-1.7493531204763981	0.7761822233226046	0.8670462985887596	-0.09086407526615503	Control
ENSG00000186469	425	122	303	4.070430806859808	0.9243624659569201	0.7616984402079723	0.16266402574894778	AD
ENSG00000198729	413	243	170	2.2703581037534937	0.9213914335231493	0.8567714780886359	0.06461995543451349	AD
ENSG00000138078	400	14	386	5.19378444864796	0.9154493686556078	0.3932904184204011	0.5221589502352066	AD
ENSG00000165704	621	442	179	2.392167534790763	0.9756127754394652	0.945283486011389	0.030329289428076223	AD
ENSG00000163995	341	340	1	-0.016952323501899427	0.8937855904926962	0.9101262688784353	-0.01634067838573905	AD
ENSG00000169139	345	293	52	0.6733011190426275	0.8951473136915078	0.8854914582817529	0.009655855409754888	AD
ENSG00000145349	404	185	219	2.933542783845294	0.9176776429809359	0.8170339192869522	0.10064372369398367	AD
ENSG00000221866	270	251	19	0.22666653857263946	0.864570438227284	0.8618469918296608	0.0027234463976231194	AD
ENSG00000031081	104	126	-22	-0.3282430917082547	0.7449863827680119	0.7670215399851449	-0.022035157217133006	Control
ENSG00000130477	332	290	42	0.5379573067789948	0.8900717999504828	0.88375835602872	0.006313443921762807	AD
ENSG00000151414	88	21	67	0.8763168374380765	0.7287694974003466	0.46521416192126763	0.26355533547907894	AD
ENSG00000183826	28	68	-40	-0.5718619537827936	0.5865313196335726	0.6754147066105471	-0.08888338697697451	Control
ENSG00000156564	134	271	-137	-1.884696932740031	0.7761822233226046	0.8733597425105224	-0.09717751918791784	Control
ENSG00000147465	440	248	192	2.5681144907334854	0.9301807378063878	0.859494924486259	0.0706858133201288	AD
ENSG00000078140	235	168	67	0.8763168374380765	0.8451349343897004	0.8020549641000247	0.043079970289675695	AD
ENSG00000153558	255	73	182	2.432770678469853	0.8570190641247833	0.6884129735082941	0.16860609061648923	AD
ENSG00000132821	147	202	-55	-0.7748776721782427	0.7848477345877692	0.8295370141124041	-0.04468927952463486	Control
ENSG00000214517	235	162	73	0.9575231247962562	0.8451349343897004	0.7971032433770735	0.04803169101262694	AD
ENSG00000198417	2	1	1	-0.016952323501899427	0.18209952958653133	0.03986135181975736	0.14223817776677397	AD
ENSG00000099901	81	31	50	0.646232356589901	0.7217132953701412	0.5456796236692251	0.1760336717009161	AD
ENSG00000196090	195	245	-50	-0.7072057660464263	0.8201287447387967	0.8580094082693736	-0.03788066353057684	Control
ENSG00000162105	139	127	12	0.13192586998809655	0.7792770487744491	0.7685070562020302	0.010769992572418952	AD
ENSG00000006432	284	188	96	1.2688138930026114	0.8715028472394157	0.8191384005942065	0.05236444664520923	AD
ENSG00000265354	229	110	119	1.5801046612089666	0.8410497647932657	0.7462243129487497	0.09482545184451596	AD
ENSG00000130764	148	407	-259	-3.5358914423563506	0.7857142857142857	0.9329041842040109	-0.1471898984897252	Control
ENSG00000183248	54	196	-142	-1.9523688388718472	0.6717009160683337	0.8244615003713791	-0.1527605843030454	Control
ENSG00000120645	123	184	-61	-0.8560839595364222	0.7655360237682595	0.8161673681604358	-0.050631344392176314	Control
ENSG00000095002	190	183	7	0.06425396385628021	0.8148056449616241	0.8156721960881407	-8.665511265165682e-4	AD
ENSG00000124374	19	10	9	0.09132272630900674	0.5283486011388958	0.33473632087150285	0.19361228026739297	AD
ENSG00000135638	168	167	1	-0.016952323501899427	0.799083931666254	0.8009408269373607	-0.0018568952711066622	AD
ENSG00000179832	7	32	-25	-0.3688462353873445	0.3815300817033919	0.5529834117355781	-0.17145333003218616	Control
ENSG00000169255	290	240	50	0.646232356589901	0.8750928447635553	0.8547907897994553	0.02030205496409998	AD
ENSG00000167863	114	59	55	0.7139042627217173	0.7560039613765783	0.6558554097548899	0.10014855162168845	AD
ENSG00000171004	492	353	139	1.8507922857362322	0.9414459024511017	0.9161921267640505	0.025253775687051228	AD
ENSG00000164506	369	253	116	1.539501517529877	0.901213171577123	0.8630849220103987	0.03812824956672434	AD
ENSG00000072041	327	315	12	0.13192586998809655	0.8890814558058926	0.896756622926467	-0.0076751671205743666	AD
ENSG00000111652	251	433	-182	-2.493744087926378	0.8542956177271602	0.942436246595692	-0.0881406288685318	Control
ENSG00000135709	285	477	-192	-2.6290879001900107	0.8721218123297846	0.9556820995295865	-0.08356028719980191	Control
ENSG00000144583	83	94	-11	-0.1793648982182587	0.7238177766773954	0.7224560534785838	0.0013617231988116707	Control
ENSG00000158445	319	275	44	0.5650260692317213	0.8868531814805645	0.8750928447635553	0.011760336717009157	AD
ENSG00000196990	130	269	-139	-1.9117656951927575	0.771973260708096	0.8724931913840059	-0.10051993067590992	Control
ENSG00000132429	85	5	80	1.052263793380799	0.7249319138400594	0.22295122555087893	0.5019806882891804	AD
ENSG00000167971	59	122	-63	-0.8831527219891488	0.6835850458034167	0.7616984402079723	-0.07811339440455556	Control
ENSG00000170419	326	414	-88	-1.2215122526482307	0.888833869769745	0.9353800445654865	-0.046546174795741524	Control
ENSG00000090020	144	188	-44	-0.6259994786882467	0.7820004951720723	0.8191384005942065	-0.03713790542213424	Control
ENSG00000198954	179	284	-105	-1.4515967334964062	0.8065115127506809	0.8799207724684328	-0.07340925971775192	Control
ENSG00000172500	86	88	-2	-0.057555467180989243	0.7261698440207972	0.713295370141124	0.01287447387967322	Control
ENSG00000123360	305	202	103	1.3635545615871543	0.8817776677395395	0.8295370141124041	0.05224065362713537	AD
ENSG00000005486	90	111	-21	-0.3147087104818914	0.7316167368160436	0.748328794256004	-0.016712057439960404	Control
ENSG00000117632	251	38	213	2.8523364964871143	0.8542956177271602	0.5855409754889824	0.2687546422381778	AD
ENSG00000162426	132	301	-169	-2.3177971319836557	0.7740777420153503	0.8890814558058926	-0.1150037137905423	Control
ENSG00000198853	127	267	-140	-1.9253000764191208	0.7692498143104729	0.8713790542213419	-0.10212923991086897	Control
ENSG00000166226	85	83	2	-0.0034179422755361536	0.7249319138400594	0.7062391681109186	0.018692745729140814	AD
ENSG00000157470	525	295	230	3.08242097733529	0.95048279277048775	0.8873483535528596	0.06313443921762818	AD
ENSG00000144635	372	510	-138	-1.8982313139663942	0.9033176528843774	0.9637286457043823	-0.06041099282000495	Control
ENSG00000156486	439	288	151	2.0132048604525914	0.9299331517702402	0.8822728398118346	0.04766031195840559	AD
ENSG00000162951	214	321	-107	-1.4786654959491328	0.832384253528101	0.8999752413963853	-0.06759098786828432	Control
ENSG00000107643	332	338	-6	-0.11169299208644234	0.8900717999504828	0.9090121317157712	-0.01894033176528842	Control
ENSG00000175203	262	411	-149	-2.04710950745639	0.8618469918296608	0.9338945283486011	-0.07204753651894025	Control
ENSG00000105778	182	182	0	-0.030486704728262697	0.8096063382025254	0.8153008170339193	-0.0056944788313939565	Control
ENSG00000069329	333	285	48	0.6191635941371744	0.8908145580589255	0.8807873235949493	0.010027234463976242	AD
ENSG00000166342	370	198	172	2.2974268662062203	0.9017083436494182	0.8255756375340431	0.07613270611537515	AD
ENSG00000180543	333	316	17	0.19959777611991292	0.8908145580589255	0.8976231740529834	-0.006808615994057909	AD
ENSG00000159189	7	47	-40	-0.5718619537827936	0.3815300817033919	0.620203020549641	-0.23867293884624913	Control
ENSG00000171163	36	42	-6	-0.11169299208644234	0.6192126764050507	0.5996533795493935	0.01955929685565727	Control
ENSG00000148498	194	47	147	1.9590673355471384	0.8186432285219114	0.620203020549641	0.19844020797227035	AD
ENSG00000116120	182	38	144	1.9184641918680485	0.8096063382025254	0.5855409754889824	0.22406536271354294	AD
ENSG00000152061	400	123	277	3.7185368949743633	0.9154493686556078	0.763555335479079	0.15189403317652883	AD
ENSG00000096092	283	111	172	2.2974268662062203	0.8708838821490468	0.748328794256004	0.12255508789304281	AD
ENSG00000239911	109	21	88	1.1605388431917052	0.7504332755632582	0.46521416192126763	0.2852191136419906	AD
ENSG00000155858	198	148	50	0.646232356589901	0.8219856400099035	0.7857142857142857	0.036271354295617786	AD
ENSG00000116141	247	165	82	1.0793325558335256	0.852191136419906	0.7989601386481803	0.053230997771725685	AD
ENSG00000067842	538	313	225	3.0147490712034735	0.9535776182223322	0.8953948997276554	0.05818271849467682	AD
ENSG00000008118	334	106	228	3.0553522148825634	0.8913097301312206	0.7395394899727655	0.15177024015845508	AD
ENSG00000156471	307	71	236	3.1636272646934693	0.8825204258479822	0.6842040108937856	0.1983164149541966	AD
ENSG00000198673	434	464	-30	-0.4365181415191608	0.9284476355533547	0.9529586531319634	-0.02451101757860863	Control
ENSG00000135018	161	360	-199	-2.723828568774554	0.7942560039613766	0.9186679871255261	-0.12441198316414948	Control
ENSG00000109519	146	82	64	0.8357136937589867	0.7839811834612528	0.7043822728398118	0.07959891062144098	AD
ENSG00000118276	411	235	176	2.351564391111673	0.9196583312701163	0.8509532062391681	0.06870512503094817	AD
ENSG00000138663	163	266	-103	-1.4245279710436798	0.7959891062144095	0.8705125030948254	-0.07452339688041587	Control
ENSG00000136535	300	119	181	2.4192362972434895	0.8794256003961377	0.7576132706115375	0.12181232978460022	AD
ENSG00000139505	285	294	-9	-0.15229613576553216	0.8721218123297846	0.8863580094082694	-0.01423619707848478	Control
ENSG00000078902	231	406	-175	-2.3990034193418355	0.8430304530824462	0.932285219113642	-0.08925476603119586	Control
ENSG00000162374	171	11	160	2.1350142914898607	0.8021787571180985	0.35070562020302054	0.45147313691507795	AD
ENSG00000144820	16	66	-50	-0.7072057660464263	0.5049517207229512	0.6704629858875959	-0.16551126516464465	Control
ENSG00000162694	294	258	36	0.45675101942081514	0.8763307749442931	0.8655607823718742	0.010769992572418952	AD
ENSG00000004779	230	284	-54	-0.7613432909518794	0.8417925229017084	0.8799207724684328	-0.03812824956672445	Control
ENSG00000176396	421	462	-41	-0.5853963350091568	0.9234959148304036	0.9520921020054469	-0.02859618717504331	Control
ENSG00000133243	40	24	16	0.18606339489354964	0.6358009408269374	0.49690517454815547	0.13889576627878192	AD
ENSG00000008086	200	195	5	0.037185201403553664	0.8235949492448625	0.8238425352810101	-2.4758603614760677e-4	AD
ENSG00000183230	14	8	6	0.05071958262991694	0.48601138895766277	0.2948749690517455	0.1911364199059173	AD
ENSG00000117118	125	117	8	0.07778834508264348	0.7672691260212924	0.7561277543946522	0.011141371626640195	AD
ENSG00000142168	303	223	80	1.052263793380799	0.880911116613023	0.8431542461005199	0.03775687051250309	AD
ENSG00000136928	66	95	-29	-0.4229837602927976	0.6973260708096063	0.7244367417677643	-0.027110670958158	Control
ENSG00000198739	203	339	-136	-1.8711625515136676	0.8253280514978956	0.9096310968061402	-0.08430304530824462	Control
ENSG00000120899	169	72	97	1.2823482742289747	0.8001980688289181	0.6865560782371875	0.11364199059173063	AD
ENSG00000175497	376	357	19	0.22666653857263946	0.9064124783362218	0.9176776429809359	-0.011265164644714054	AD
ENSG00000115194	146	110	36	0.45675101942081514	0.7839811834612528	0.7462243129487497	0.03775687051250309	AD
ENSG00000188191	209	223	-14	-0.21996804189734853	0.8290418420401089	0.8431542461005199	-0.014112404060411032	Control
ENSG00000186416	543	500	43	0.5514916880053581	0.9558058925476604	0.9612527853429067	-0.00544689279524635	AD
ENSG00000198689	726	572	154	2.0538080041316813	0.9941817281505323	0.9777172567467195	0.016464471403812797	AD
ENSG00000166780	366	307	59	0.7680417876271703	0.9007179995048279	0.8921762812577371	0.008541718247090824	AD
ENSG00000047315	227	294	-67	-0.9372902468946019	0.8395642485763803	0.8863580094082694	-0.04679376083188902	Control
ENSG00000132305	243	135	108	1.4312264677189708	0.8507056202030205	0.7755632582322357	0.07514236197078483	AD
ENSG00000171314	158	176	-18	-0.2741055668028016	0.7921515226541223	0.8099777172567467	-0.017826194602624468	Control
ENSG00000174099	105	24	81	1.0657981746071623	0.7462243129487497	0.49690517454815547	0.24931913840059422	AD
ENSG00000137100	219	270	-51	-0.7207401472727896	0.8359742510522407	0.872988363456301	-0.037014112404060384	Control
ENSG00000182636	101	68	33	0.4161478757417253	0.7423867293884625	0.6754147066105471	0.06697202277791536	AD
ENSG00000168490	157	97	60	0.7815761688535336	0.7910373854914583	0.7269126021292399	0.06412478336221838	AD
ENSG00000006530	211	245	-34	-0.4906556664246139	0.8305273582569943	0.8580094082693736	-0.027482050012379244	Control
ENSG00000136950	231	308	-77	-1.0726340591582346	0.8430304530824462	0.8929190393661798	-0.049888586283733605	Control
ENSG00000140945	470	342	128	1.7019140922462361	0.9367417677642981	0.9109928200049517	0.02574894775934633	AD
ENSG00000156515	333	399	-66	-0.9237558656682386	0.8908145580589255	0.9288190146075761	-0.03800445654865059	Control
ENSG00000046889	63	51	12	0.13192586998809655	0.6912602129239911	0.6340678385739045	0.05719237435008662	AD
ENSG00000204856	434	408	26	0.32140720715718235	0.9284476355533547	0.933399356276306	-0.004951720722951247	AD
ENSG00000135324	199	67	132	1.7560516171516893	0.8229759841544937	0.672691260212924	0.15028472394156966	AD
ENSG00000140740	283	132	151	2.0132048604525914	0.8708838821490468	0.7724684327803912	0.09841544936865554	AD
ENSG00000149823	43	165	-122	-1.6816812143445818	0.6438474870017331	0.7989601386481803	-0.15511265164644716	Control
ENSG00000189159	442	205	237	3.1771616459198326	0.9304283238425353	0.8313939093835108	0.0990344144590245	AD
ENSG00000146216	47	152	-105	-1.4515967334964062	0.6548650656102996	0.7881901460757613	-0.13332508046546176	Control
ENSG00000123119	288	11	277	3.7185368949743633	0.8738549145828175	0.35070562020302054	0.523149294379797	AD
ENSG00000138686	291	79	212	2.838802115260751	0.875835602871998	0.6993067590987868	0.1765288437732112	AD
ENSG00000114686	114	180	-66	-0.9237558656682386	0.7560039613765783	0.8138153008170339	-0.05781133944045558	Control
ENSG00000213619	148	32	116	1.539501517529877	0.7857142857142857	0.5529834117355781	0.23273087397870762	AD
ENSG00000184388	379	131	248	3.326039839409829	0.9077742015350334	0.7718494676900223	0.13592473384501114	AD
ENSG00000137040	331	337	-6	-0.11169299208644234	0.8895766278781877	0.9081455805892548	-0.018568952711067066	Control
ENSG00000116544	80	145	-65	-0.9102214844418753	0.7202277791532558	0.7823718742262936	-0.062144095073037864	Control
ENSG00000115944	142	82	60	0.7815761688535336	0.7810101510274821	0.7043822728398118	0.07662787818767025	AD
ENSG00000108797	381	251	130	1.7289828546989627	0.9081455805892548	0.8618469918296608	0.04629858875959392	AD
ENSG00000163220	1	2	-1	-0.04402108595462597	0.07279029462738301	0.10497647932656598	-0.03218618469918297	Control
ENSG00000164442	127	213	-86	-1.194443490195504	0.7692498143104729	0.8370883882149047	-0.06783857390443182	Control
ENSG00000163001	323	255	68	0.8898512186644398	0.8875959395890072	0.8635800940826938	0.024015845506313416	AD
ENSG00000135932	161	435	-274	-3.7389071607517996	0.7942560039613766	0.9439217628125773	-0.1496657588512007	Control
ENSG00000273079	191	173	18	0.2131321573462762	0.8156721960881407	0.8071304778410497	0.008541718247090935	AD
ENSG00000089169	220	291	-71	-0.9914277718000549	0.836345630106462	0.8841297350829413	-0.047784104976479336	Control
ENSG00000108349	8	2	6	0.05071958262991694	0.4022035157217133	0.10497647932656598	0.29722703639514736	AD
ENSG00000156411	133	94	39	0.49735416309990493	0.7750680861599406	0.7224560534785838	0.052612032681356835	AD
ENSG00000138028	158	201	-43	-0.6124650974618834	0.7921515226541223	0.8280514978955187	-0.03589997524139643	Control
ENSG00000166908	311	201	110	1.4582952301716972	0.883139390938351	0.8280514978955187	0.05508789304283235	AD
ENSG00000165023	315	243	72	0.9439887435698929	0.8853676652636792	0.8567714780886359	0.02859618717504331	AD
ENSG00000117395	217	322	-105	-1.4515967334964062	0.8339935627630601	0.9008417925229018	-0.06684822975984162	Control
ENSG00000117598	390	91	299	4.016293281954355	0.911983164149542	0.7176281257737064	0.19435503837583556	AD
ENSG00000176903	169	160	9	0.09132272630900674	0.8001980688289181	0.7948749690517455	0.005323099777172602	AD
ENSG00000162599	290	98	192	2.5681144907334854	0.8750928447635553	0.7285219113641991	0.14657093339935623	AD
ENSG00000116161	27	46	-19	-0.28763994802916487	0.5817033919286952	0.616860609061649	-0.03515721713295372	Control
ENSG00000154975	458	459	-1	-0.04402108595462597	0.9331517702401585	0.9512255508789305	-0.018073780638771964	Control
ENSG00000154118	72	178	-106	-1.4651311147227695	0.7077246843278039	0.8119584055459272	-0.10423372121812335	Control
ENSG00000136541	26	22	4	0.02365082017719039	0.5757613270611538	0.47623174052983414	0.09952958653131966	AD
ENSG00000182400	350	338	12	0.13192586998809655	0.8968804159445407	0.9090121317157712	-0.012131715771230511	AD
ENSG00000174938	133	101	32	0.402613494515362	0.7750680861599406	0.7327308739787076	0.042337212181232986	AD
ENSG00000196290	280	218	62	0.8086449313062603	0.8693983659321615	0.8403070066848229	0.029091359247338522	AD
ENSG00000157693	348	414	-66	-0.9237558656682386	0.8960138648180243	0.9353800445654865	-0.03936617974746226	Control
ENSG00000130643	225	37	188	2.5139769658280327	0.8383263183956425	0.5809606338202525	0.25736568457539	AD
ENSG00000082701	229	447	-218	-2.980981812075456	0.8410497647932657	0.9470165882644219	-0.10596682347115627	Control
ENSG00000157214	412	10	402	5.4103345482697724	0.9206486754147066	0.33473632087150285	0.5859123545432038	AD
ENSG00000124659	286	231	55	0.7139042627217173	0.872988363456301	0.8476107947511761	0.025377568705124975	AD
ENSG00000102226	365	98	267	3.583193082710731	0.9004704134686804	0.7285219113641991	0.17194850210448132	AD
ENSG00000152556	103	158	-55	-0.7748776721782427	0.7437484525872741	0.7923991086902699	-0.04865065610299579	Control
ENSG00000197386	81	241	-160	-2.1959877009463864	0.7217132953701412	0.8554097548898242	-0.133696459519683	Control
ENSG00000266472	109	40	69	0.9033855998908031	0.7504332755632582	0.5921020054468928	0.15833127011636539	AD
ENSG00000178171	286	276	10	0.10485710753537002	0.872988363456301	0.8760831889081456	-0.003094825451844585	AD
ENSG00000167680	63	175	-112	-1.546337402080949	0.6912602129239911	0.8086159940579352	-0.11735578113394407	Control
ENSG00000161057	101	101	0	-0.030486704728262697	0.7423867293884625	0.7327308739787076	0.009655855409754888	Control
ENSG00000104427	194	74	120	1.59363904243533	0.8186432285219114	0.690146075761327	0.12849715276058438	AD
ENSG00000168314	9	9	0	-0.030486704728262697	0.4207724684327804	0.3161673681604357	0.10460510027234465	Control
ENSG00000114790	114	56	58	0.7545074064008072	0.7560039613765783	0.6485516216885368	0.10745233968804158	AD
ENSG00000232434	49	100	-51	-0.7207401472727896	0.6600643723693984	0.7311215647437485	-0.07105719237435004	Control
ENSG00000162639	267	110	157	2.094411147810771	0.8638276801188413	0.7462243129487497	0.11760336717009157	AD
ENSG00000055070	71	73	-2	-0.057555467180989243	0.7051250309482545	0.6884129735082941	0.016712057439960404	Control
ENSG00000130758	58	95	-37	-0.5312588101037037	0.6818519435503838	0.7244367417677643	-0.04258479821738048	Control
ENSG00000099364	90	212	-122	-1.6816812143445818	0.7316167368160436	0.8359742510522407	-0.1043575142361971	Control
ENSG00000159377	74	20	54	0.7003698814953541	0.7106957167615746	0.4548155484030701	0.2558801683585045	AD
ENSG00000111218	244	161	83	1.092866937059889	0.8512007922753156	0.7961128992324833	0.05508789304283235	AD
ENSG00000152931	262	65	197	2.635786396865302	0.8618469918296608	0.668729883634563	0.19311710819509786	AD
ENSG00000172375	277	422	-145	-1.992971982550937	0.8675414706610547	0.938474870017331	-0.0709333993562763	Control
ENSG00000006128	26	6	20	0.24020091979900274	0.5757613270611538	0.25043327556325823	0.32532805149789557	AD
ENSG00000185272	237	24	213	2.8523364964871143	0.8466204506065858	0.49690517454815547	0.3497152760584303	AD
ENSG00000167778	281	264	17	0.19959777611991292	0.8701411240406041	0.8692745729140876	8.665511265164572e-4	AD
ENSG00000170921	168	226	-58	-0.8154808158573325	0.799083931666254	0.8446397623174053	-0.04555583065115132	Control
ENSG00000187601	325	492	-167	-2.290728369530929	0.8884624907155236	0.9587769249814311	-0.07031443426590744	Control
ENSG00000163468	7	9	-2	-0.057555467180989243	0.3815300817033919	0.3161673681604357	0.0653627135429562	Control
ENSG00000233508	324	64	260	3.4884524141261877	0.8880911116613023	0.6673681604357514	0.22072295122555086	AD
ENSG00000240764	225	191	34	0.42968225696808854	0.8383263183956425	0.8208715028472394	0.017454815548403113	AD
ENSG00000091656	91	14	77	1.0116606497017093	0.7332260460510027	0.3932904184204011	0.33993562763060164	AD
ENSG00000233705	354	266	88	1.1605388431917052	0.8979945531072048	0.8705125030948254	0.027482050012379355	AD
ENSG00000174996	342	347	-5	-0.09815861086007906	0.8942807625649913	0.9133448873483535	-0.01906412478336217	Control
ENSG00000250020	31	64	-33	-0.47712128519825064	0.6000247586036147	0.6673681604357514	-0.06734340183213672	Control
ENSG00000144227	218	35	183	2.446305059696216	0.835231492943798	0.5685813320128744	0.26665016093092353	AD
ENSG00000177971	75	76	-1	-0.04402108595462597	0.7126764050507551	0.6947264174300569	0.017949987620698216	Control
ENSG00000185008	279	171	108	1.4312264677189708	0.868531814805645	0.8055211686060906	0.06301064619955443	AD
ENSG00000075790	384	244	140	1.8643266669625955	0.9092597177519188	0.85751423619707845	0.05174548155484038	AD
ENSG00000118898	254	272	-18	-0.2741055668028016	0.8562763060163406	0.8739787076008914	-0.01770240158455072	Control
ENSG00000172336	274	370	-96	-1.3297873024591367	0.8664273334983907	0.921020054468928	-0.054592720970537245	Control
ENSG00000076554	251	50	201	2.689923921770755	0.8542956177271602	0.630354048031691	0.2239415696954692	AD
ENSG00000143164	279	400	-121	-1.6681468331182185	0.868531814805645	0.9296855657340926	-0.06115375092844755	Control
ENSG00000122733	254	447	-193	-2.642622281416374	0.8562763060163406	0.9470165882644219	-0.09074028224808128	Control
ENSG00000108094	299	580	-281	-3.8336478293363423	0.8785590492696211	0.9792027729636048	-0.10064372369398367	Control
ENSG00000186260	265	159	106	1.4041577052662442	0.8633325080465462	0.7937608318890814	0.06957167615746473	AD
ENSG00000151952	223	413	-190	-2.6020191377372845	0.8369645951968309	0.93451349343897006	-0.09754889824213919	Control
ENSG00000128609	197	132	65	0.84924807498535	0.821119088883387	0.7724684327803912	0.04865065610299579	AD
ENSG00000110514	161	330	-169	-2.3177971319836557	0.7942560039613766	0.9044317900470413	-0.1101757860856647	Control
ENSG00000198612	209	125	84	1.1064013182862522	0.8290418420401089	0.7652884377321119	0.06375340430799703	AD
ENSG00000005249	195	30	165	2.202686197621677	0.8201287447387967	0.5396137657836098	0.28051497895518696	AD
ENSG00000181754	228	316	-88	-1.2215122526482307	0.8403070066848229	0.8976231740529834	-0.057316167368160476	Control
ENSG00000168993	49	86	-37	-0.5312588101037037	0.6600643723693984	0.7095815795989107	-0.04951720722951225	Control
ENSG00000157445	96	37	59	0.7680417876271703	0.7370636296112899	0.5809606338202525	0.15610299579103737	AD
ENSG00000174437	299	550	-251	-3.427616392545444	0.8785590492696211	0.9731369150779896	-0.09457786580836847	Control
ENSG00000133816	152	224	-72	-1.0049621530264183	0.7881901460757613	0.8437732111908889	-0.05558306511512756	Control
ENSG00000196305	212	122	90	1.1876076056444318	0.8313939093835108	0.7616984402079723	0.06969546917553848	AD
ENSG00000196950	328	427	-99	-1.3703904461382266	0.8893290418420401	0.9402079722703639	-0.05087893042832381	Control
ENSG00000110171	227	206	21	0.253735301025366	0.8395642485763803	0.8320128744738797	0.007551374102500619	AD
ENSG00000141367	377	384	-7	-0.12522737331280562	0.906907650408517	0.9249814310472889	-0.018073780638771964	Control
ENSG00000186288	363	235	128	1.7019140922462361	0.8999752413963853	0.8509532062391681	0.04902203515721715	AD
ENSG00000124688	201	261	-60	-0.8425495783100589	0.8240901213171578	0.8670462985887596	-0.042956177271601836	Control
ENSG00000072062	278	189	89	1.1740732244180685	0.8680366427333498	0.820004951720723	0.04803169101262683	AD
ENSG00000147655	345	242	103	1.3635545615871543	0.8951473136915078	0.8559049269621193	0.03924238672938851	AD
ENSG00000117016	164	280	-116	-1.6004749269864023	0.7967318643228521	0.8775687051250309	-0.08083684080217879	Control
ENSG00000145730	235	284	-49	-0.693671384820063	0.8451349343897004	0.8799207724684328	-0.03478583807873237	Control
ENSG00000110931	423	259	164	2.189151816395314	0.9237435008665511	0.8661797474622431	0.05756375340430797	AD
ENSG00000077152	181	38	143	1.9049298106416852	0.8086159940579352	0.5855409754889824	0.22307501856895273	AD
ENSG00000138207	219	258	-39	-0.5583275725564303	0.8359742510522407	0.8655607823718742	-0.029586531319633513	Control
ENSG00000225697	19	13	6	0.05071958262991694	0.5283486011388958	0.37880663530576875	0.14954196583312707	AD
ENSG00000172031	373	88	285	3.8268119447852693	0.9043079970289676	0.713295370141124	0.1910126268878436	AD
ENSG00000166579	316	543	-227	-3.1027912431127254	0.885986630354048	0.971775191879178	-0.08578856152513004	Control
ENSG00000215712	297	340	-43	-0.6124650974618834	0.8776924981431047	0.9101262688784353	-0.0324337707353306	Control
ENSG00000169231	10	13	-3	-0.07108984840735251	0.437360732854667	0.37880663530576875	0.05855409754889823	Control
ENSG00000228474	10	24	-14	-0.21996804189734853	0.437360732854667	0.49690517454815547	-0.05954444169348849	Control
ENSG00000146072	177	210	-33	-0.47712128519825064	0.8055211686060906	0.8346125278534291	-0.029091359247338522	Control
ENSG00000163618	339	136	203	2.7169926842234817	0.8930428323842535	0.7766773953948998	0.11636543698935375	AD
ENSG00000101152	202	405	-203	-2.777966093680007	0.8244615003713791	0.9317900470413468	-0.10732854666996772	Control
ENSG00000177511	481	328	153	2.040273622905318	0.9385986630354048	0.9030700668482298	0.03552859618717508	AD
ENSG00000196542	305	90	215	2.879405258939841	0.8817776677395395	0.716142609556821	0.1656350581827185	AD
ENSG00000055130	299	396	-97	-1.3433216836855	0.8785590492696211	0.9279524634810596	-0.0493934142114385	Control
ENSG00000136750	255	105	150	1.999670479226228	0.8570190641247833	0.7376825947016589	0.11933646942312448	AD
ENSG00000137727	134	286	-152	-2.08771265113548	0.7761822233226046	0.8814062886853181	-0.10522406536271356	Control
ENSG00000142655	67	153	-86	-1.194443490195504	0.6993067590987868	0.788932904184204	-0.08962614508541722	Control
ENSG00000241859	4	24	-20	-0.3011743292555282	0.2896756622926467	0.49690517454815547	-0.20722951225550879	Control
ENSG00000170214	56	95	-39	-0.5583275725564303	0.6770240158455063	0.7244367417677643	-0.04741272592225798	Control
ENSG00000126461	106	261	-155	-2.12831579481457	0.7475860361475613	0.8670462985887596	-0.11946026244119834	Control
ENSG00000121753	98	206	-108	-1.492199877175496	0.7394156969546918	0.8320128744738797	-0.09259717751918795	Control
ENSG00000146006	325	47	278	3.7320712762007267	0.8884624907155236	0.620203020549641	0.2682594701658826	AD
ENSG00000021645	190	145	45	0.5785604504580846	0.8148056449616241	0.7823718742262936	0.03243377073533049	AD
ENSG00000100852	72	41	31	0.38907911328899875	0.7077246843278039	0.5958157959891062	0.11190888833869772	AD
ENSG00000136842	228	43	185	2.4733738221489427	0.8403070066848229	0.6043575142361971	0.23594949244862584	AD
ENSG00000170786	374	243	131	1.742517235925326	0.9052983411735578	0.8567714780886359	0.048526863084921934	AD
ENSG00000102078	261	124	137	1.8237235232835056	0.8604852686308492	0.7641743005694479	0.09631096806140127	AD
ENSG00000171435	89	48	41	0.5244229255526315	0.7298836345630106	0.6234216390195593	0.10646199554345137	AD
ENSG00000113558	169	108	61	0.795110550079897	0.8001980688289181	0.74263431542461	0.05756375340430808	AD
ENSG00000163013	80	201	-121	-1.6681468331182185	0.7202277791532558	0.8280514978955187	-0.10782371874226293	Control
ENSG00000241973	332	464	-132	-1.8170250266082146	0.8900717999504828	0.9529586531319634	-0.06288685318148057	Control
ENSG00000132975	346	187	159	2.121479910263498	0.8956424857638029	0.8185194355038375	0.07712305025996535	AD
ENSG00000176749	197	147	50	0.646232356589901	0.821119088883387	0.7846001485516216	0.03651894033176539	AD
ENSG00000182916	244	179	65	0.84924807498535	0.8512007922753156	0.8130725427085912	0.03812824956672445	AD
ENSG00000151322	10	14	-4	-0.08462422963371578	0.437360732854667	0.3932904184204011	0.0440703144342659	Control
ENSG00000143520	4	21	-17	-0.2605711855764383	0.2896756622926467	0.46521416192126763	-0.17553849962862095	Control
ENSG00000180440	414	385	29	0.3620103508362722	0.9218866055954444	0.9253528101015103	-0.0034662045060658286	AD
ENSG00000116731	57	20	37	0.4702854006471784	0.6794998762069819	0.4548155484030701	0.22468432780391184	AD
ENSG00000204580	34	63	-29	-0.4229837602927976	0.6109185441941074	0.6655112651646448	-0.054592720970537356	Control
ENSG00000130226	118	218	-100	-1.3839248273645899	0.7599653379549394	0.8403070066848229	-0.08034166872988358	Control
ENSG00000189410	259	97	162	2.1620830539425873	0.8591235454320376	0.7269126021292399	0.1322109433027977	AD
ENSG00000071054	34	6	28	0.3484759696099089	0.6109185441941074	0.25043327556325823	0.3604852686308492	AD
ENSG00000148411	64	56	8	0.07778834508264348	0.6934884872493191	0.6485516216885368	0.04493686556078236	AD
ENSG00000066422	74	112	-38	-0.544793191330067	0.7106957167615746	0.7504332755632582	-0.039737558801683615	Control
ENSG00000165985	214	194	20	0.24020091979900274	0.832384253528101	0.8229759841544937	0.009408269373607281	AD
ENSG00000136942	5	18	-13	-0.20643366067098526	0.3247090864075266	0.4371131468185194	-0.11240406041099282	Control
ENSG00000158286	13	36	-23	-0.34177747293461797	0.47660311958405543	0.5753899480069324	-0.098786828422877	Control
ENSG00000075651	5	6	-1	-0.04402108595462597	0.3247090864075266	0.25043327556325823	0.07427581084426838	Control
ENSG00000163818	288	219	69	0.9033855998908031	0.8738549145828175	0.8412973508294133	0.03255756375340424	AD
ENSG00000225359	13	24	-11	-0.1793648982182587	0.47660311958405543	0.49690517454815547	-0.020302054964100036	Control
ENSG00000137726	190	79	111	1.4718296113980605	0.8148056449616241	0.6993067590987868	0.1154988858628373	AD
ENSG00000170899	45	21	24	0.2943384447044558	0.6496657588512008	0.46521416192126763	0.18445159692993318	AD
ENSG00000178567	273	1	272	3.650864988842547	0.8658083684080218	0.03986135181975736	0.8259470165882644	AD
ENSG00000083168	71	24	47	0.6056292129108112	0.7051250309482545	0.49690517454815547	0.20821985640009905	AD
ENSG00000151490	401	226	175	2.3380300098853097	0.915944540727903	0.8446397623174053	0.07130477841049765	AD
ENSG00000168135	146	203	-57	-0.8019464346309692	0.7839811834612528	0.8304035652389206	-0.046422381777667776	Control
ENSG00000099341	75	55	20	0.24020091979900274	0.7126764050507551	0.6454567962366923	0.06721960881406286	AD
ENSG00000143502	231	137	94	1.241745130549885	0.8430304530824462	0.7772963604852686	0.06573409259717755	AD
ENSG00000152954	240	107	133	1.7695859983780524	0.8489725179499876	0.7411487992077247	0.10782371874226293	AD
ENSG00000211900	27	32	-5	-0.09815861086007906	0.5817033919286952	0.5529834117355781	0.028719980193117167	Control
ENSG00000104738	170	117	53	0.6868355002689908	0.8011884129735083	0.7561277543946522	0.045060658578856105	AD
ENSG00000103415	263	304	-41	-0.5853963350091568	0.862837335974251	0.891062144095073	-0.028224808120821954	Control
ENSG00000111669	32	40	-8	-0.1387617545391689	0.6033671700916068	0.5921020054468928	0.011265164644713943	Control
ENSG00000175182	250	309	-59	-0.8290151970836958	0.8536766526367913	0.8934142114384749	-0.039737558801683615	Control
ENSG00000242419	14	12	2	-0.0034179422755361536	0.48601138895766277	0.36568457538994803	0.12032681356771474	AD
ENSG00000119862	228	158	70	0.9169199811171663	0.8403070066848229	0.7923991086902699	0.047907897994553084	AD
ENSG00000081803	191	126	65	0.84924807498535	0.8156721960881407	0.7670215399851449	0.04865065610299579	AD
ENSG00000003402	235	30	205	2.7440614466762083	0.8451349343897004	0.5396137657836098	0.3055211686060907	AD
ENSG00000261115	192	272	-80	-1.1132372028373245	0.8165387472146571	0.8739787076008914	-0.05743996038623422	Control
ENSG00000104888	377	334	43	0.5514916880053581	0.906907650408517	0.9066600643723693	2.4758603614760677e-4	AD
ENSG00000109756	126	302	-176	-2.4125378005681983	0.7681356771478088	0.8900717999504828	-0.12193612280267396	Control
ENSG00000004660	386	238	148	1.9726017167735015	0.910250061896509	0.8536766526367913	0.056573409259717766	AD
ENSG00000162618	11	29	-18	-0.2741055668028016	0.45233968804159447	0.5324337707353305	-0.08009408269373602	Control
ENSG00000155093	149	323	-174	-2.385469038115472	0.7864570438227284	0.9013369645951969	-0.11487992077246845	Control
ENSG00000134333	118	79	39	0.49735416309990493	0.7599653379549394	0.6993067590987868	0.060658578856152556	AD
ENSG00000225953	217	69	148	1.9726017167735015	0.8339935627630601	0.6783857390443179	0.15560782371874227	AD
ENSG00000152784	175	213	-38	-0.544793191330067	0.8046546174795741	0.8370883882149047	-0.0324337707353306	Control
ENSG00000144597	118	186	-68	-0.9508246281209651	0.7599653379549394	0.8180242634315424	-0.058058925476603074	Control
ENSG00000157764	184	171	13	0.14546025121445982	0.8114632334736321	0.8055211686060906	0.005942064867541563	AD
ENSG00000105223	261	359	-98	-1.3568560649118633	0.8604852686308492	0.918172815053231	-0.05768754642238183	Control
ENSG00000104447	81	50	31	0.38907911328899875	0.7217132953701412	0.630354048031691	0.09135924733845013	AD
ENSG00000197535	249	397	-148	-2.033575126230027	0.8534290666006438	0.9282000495172072	-0.07477098291656348	Control
ENSG00000182934	183	171	12	0.13192586998809655	0.8105966823471156	0.8055211686060906	0.005075513741024995	AD
ENSG00000188229	195	17	178	2.3786331535643996	0.8201287447387967	0.42696211933646944	0.3931666254023273	AD
ENSG00000019582	5	33	-28	-0.4094493790664343	0.3247090864075266	0.5590492696211934	-0.2343401832136668	Control
ENSG00000134504	192	199	-7	-0.12522737331280562	0.8165387472146571	0.8264421886605595	-0.009903441445902383	Control
ENSG00000150394	385	325	60	0.7815761688535336	0.9097548898242139	0.9023273087397871	0.007427581084426871	AD
ENSG00000196935	193	40	153	2.040273622905318	0.8174052983411736	0.5921020054468928	0.22530329289428075	AD
ENSG00000061938	17	24	-7	-0.12522737331280562	0.5127506808615994	0.49690517454815547	0.01584550631344389	Control
ENSG00000253368	318	99	219	2.933542783845294	0.886605595444417	0.7298836345630106	0.15672196088140633	AD
ENSG00000150995	198	225	-27	-0.39591499784007106	0.8219856400099035	0.8440207972270364	-0.022035157217132895	Control
ENSG00000184672	182	61	121	1.6071734236616932	0.8096063382025254	0.660807130477841	0.14879920772468436	AD
ENSG00000060140	430	194	236	3.1636272646934693	0.9264669472641743	0.8229759841544937	0.10349096310968064	AD
ENSG00000186377	115	47	68	0.8898512186644398	0.7568705125030948	0.620203020549641	0.13666749195345373	AD
ENSG00000106123	139	92	47	0.6056292129108112	0.7792770487744491	0.7191136419905917	0.060163406783857454	AD
ENSG00000245293	12	3	9	0.09132272630900674	0.46595692002971034	0.15139886110423373	0.3145580589254766	AD
ENSG00000198380	261	105	156	2.080876766584408	0.8604852686308492	0.7376825947016589	0.12280267392919031	AD
ENSG00000113594	22	31	-9	-0.15229613576553216	0.5505075513741025	0.5456796236692251	0.004827927704877388	Control
ENSG00000115828	313	197	116	1.539501517529877	0.8846249071552365	0.8247090864075266	0.05991582074770985	AD
ENSG00000172915	280	565	-285	-3.8877853542417955	0.8693983659321615	0.9764793265659817	-0.10708096063382022	Control
ENSG00000077080	152	95	57	0.7409730251744439	0.7881901460757613	0.7244367417677643	0.06375340430799703	AD
ENSG00000164109	230	95	135	1.796654760830779	0.8417925229017084	0.7244367417677643	0.11735578113394407	AD
ENSG00000100138	419	368	51	0.6597667378162642	0.9228769497400346	0.9196583312701163	0.003218618469918333	AD
ENSG00000107104	180	22	158	2.1079455290371345	0.8076256499133448	0.47623174052983414	0.3313939093835107	AD
ENSG00000062485	273	214	59	0.7680417876271703	0.8658083684080218	0.8380787323594949	0.02772963604852685	AD
ENSG00000166848	185	143	42	0.5379573067789948	0.8122059915820747	0.7801435999009656	0.03206239168110914	AD
ENSG00000164332	140	156	-16	-0.24703680435007505	0.7800198068828919	0.7905422134191632	-0.010522406536271345	Control
ENSG00000137547	157	44	113	1.498898373850787	0.7910373854914583	0.6093092349591483	0.18172815053230995	AD
ENSG00000110697	31	114	-83	-1.1538403465164142	0.6000247586036147	0.7530329289428076	-0.1530081703391929	Control
ENSG00000204314	152	63	89	1.1740732244180685	0.7881901460757613	0.6655112651646448	0.12267888091111656	AD
ENSG00000172824	21	41	-20	-0.3011743292555282	0.5432037633077494	0.5958157959891062	-0.052612032681356724	Control
ENSG00000144357	136	165	-29	-0.4229837602927976	0.7775439465214162	0.7989601386481803	-0.021416192126764044	Control
ENSG00000076826	144	316	-172	-2.3584002756627456	0.7820004951720723	0.8976231740529834	-0.11562267888091116	Control
ENSG00000023330	79	107	-28	-0.4094493790664343	0.7186184699182966	0.7411487992077247	-0.022530329289428108	Control
ENSG00000124194	371	276	95	1.255279511776248	0.9025748947759347	0.8760831889081456	0.02649170586778904	AD
ENSG00000143155	288	226	62	0.8086449313062603	0.8738549145828175	0.8446397623174053	0.02921515226541216	AD
ENSG00000133872	129	366	-237	-3.238135055376358	0.7709829165635058	0.9191631591978212	-0.1481802426343154	Control
ENSG00000139190	280	69	211	2.8252677340343877	0.8693983659321615	0.6783857390443179	0.1910126268878436	AD
ENSG00000105605	71	141	-70	-0.9778933905736917	0.7051250309482545	0.7789056697202278	-0.07378063877197327	Control
ENSG00000181191	217	161	56	0.7274386439480806	0.8339935627630601	0.7961128992324833	0.03788066353057684	AD
ENSG00000149582	261	262	-1	-0.04402108595462597	0.8604852686308492	0.867912849715276	-0.007427581084426871	Control
ENSG00000156113	170	106	64	0.8357136937589867	0.8011884129735083	0.7395394899727655	0.06164892300074276	AD
ENSG00000145428	370	122	248	3.326039839409829	0.9017083436494182	0.7616984402079723	0.14000990344144593	AD
ENSG00000150768	89	195	-106	-1.4651311147227695	0.7298836345630106	0.8238425352810101	-0.0939589007179995	Control
ENSG00000148082	18	68	-50	-0.7072057660464263	0.5199306759098787	0.6754147066105471	-0.1554840307006684	Control
ENSG00000115762	295	161	134	1.7831203796044157	0.8768259470165882	0.7961128992324833	0.08071304778410493	AD
ENSG00000038274	204	298	-94	-1.3027185400064103	0.8264421886605595	0.8880911116613023	-0.06164892300074276	Control
ENSG00000198794	123	240	-117	-1.6140093082127656	0.7655360237682595	0.8547907897994553	-0.08925476603119586	Control
ENSG00000083857	19	40	-21	-0.3147087104818914	0.5283486011388958	0.5921020054468928	-0.06375340430799703	Control
ENSG00000126583	290	200	90	1.1876076056444318	0.8750928447635553	0.8268135677147809	0.04827927704877444	AD
ENSG00000135631	100	289	-189	-2.5884847565109212	0.7416439712800198	0.8830155979202773	-0.1413716266402575	Control
ENSG00000172260	165	55	110	1.4582952301716972	0.7973508294132211	0.6454567962366923	0.15189403317652883	AD
ENSG00000138834	120	219	-99	-1.3703904461382266	0.762441198316415	0.8412973508294133	-0.07885615251299827	Control
ENSG00000178965	166	52	114	1.5124327550771504	0.7978460014855162	0.6370388710076752	0.160807130477841	AD
ENSG00000138698	167	346	-179	-2.4531409442472882	0.7983411735578113	0.912478336221837	-0.11413716266402574	Control
ENSG00000132669	100	63	37	0.4702854006471784	0.7416439712800198	0.6655112651646448	0.07613270611537504	AD
ENSG00000160716	323	226	97	1.2823482742289747	0.8875959395890072	0.8446397623174053	0.042956177271601836	AD
ENSG00000168653	21	21	0	-0.030486704728262697	0.5432037633077494	0.46521416192126763	0.07798960138648181	Control
ENSG00000162377	123	344	-221	-3.021584955754546	0.7655360237682595	0.9114879920772468	-0.14595196830898738	Control
ENSG00000263874	259	174	85	1.1199356995126155	0.8591235454320376	0.8077494429314187	0.05137410250061891	AD
ENSG00000122705	67	66	1	-0.016952323501899427	0.6993067590987868	0.6704629858875959	0.028843773211190915	AD
ENSG00000176771	27	2	25	0.3078728259308191	0.5817033919286952	0.10497647932656598	0.4767269126021293	AD
ENSG00000182836	283	97	186	2.486908203375306	0.8708838821490468	0.7269126021292399	0.14397128001980686	AD
ENSG00000273841	113	21	92	1.2146763680971584	0.7546422381777668	0.46521416192126763	0.28942807625649913	AD
ENSG00000248905	115	103	12	0.13192586998809655	0.7568705125030948	0.7352067343401832	0.02166377816291154	AD
ENSG00000075415	312	250	62	0.8086449313062603	0.8838821490467937	0.8608566476850705	0.02302550136172321	AD
ENSG00000155324	76	57	19	0.22666653857263946	0.714409507303788	0.6509036890319386	0.06350581827184942	AD
ENSG00000158815	10	20	-10	-0.16583051699189544	0.437360732854667	0.4548155484030701	-0.017454815548403113	Control
ENSG00000135423	69	29	40	0.5108885443262682	0.7011636543698936	0.5324337707353305	0.1687298836345631	AD
ENSG00000070761	242	302	-60	-0.8425495783100589	0.8502104481307254	0.8900717999504828	-0.03986135181975736	Control
ENSG00000009844	148	331	-183	-2.5072784691527414	0.7857142857142857	0.9050507551374103	-0.11933646942312459	Control
ENSG00000133985	248	433	-185	-2.534347231605468	0.8529338945283486	0.942436246595692	-0.08950235206734347	Control
ENSG00000144331	87	185	-98	-1.3568560649118633	0.7275315672196088	0.8170339192869522	-0.08950235206734347	Control
ENSG00000163412	305	346	-41	-0.5853963350091568	0.8817776677395395	0.912478336221837	-0.030700668482297577	Control
ENSG00000272031	194	242	-48	-0.6801370035936998	0.8186432285219114	0.8559049269621193	-0.03726169844020788	Control
ENSG00000100095	260	157	103	1.3635545615871543	0.8596187175043327	0.7912849715276058	0.06833374597672692	AD
ENSG00000107864	103	64	39	0.49735416309990493	0.7437484525872741	0.6673681604357514	0.07638029215152264	AD
ENSG00000102978	96	55	41	0.5244229255526315	0.7370636296112899	0.6454567962366923	0.09160683337459763	AD
ENSG00000196642	6	2	4	0.02365082017719039	0.35528596187175043	0.10497647932656598	0.2503094825451845	AD
ENSG00000175602	19	56	-37	-0.5312588101037037	0.5283486011388958	0.6485516216885368	-0.12020302054964094	Control
ENSG00000158195	93	76	17	0.19959777611991292	0.7347115622678881	0.6947264174300569	0.03998514483783122	AD
ENSG00000184349	23	7	16	0.18606339489354964	0.5565734092597178	0.2742015350334241	0.2823718742262937	AD
ENSG00000143061	156	201	-45	-0.6395338599146099	0.7904184204010893	0.8280514978955187	-0.037633077494429346	Control
ENSG00000185479	4	8	-4	-0.08462422963371578	0.2896756622926467	0.2948749690517455	-0.0051993067590987985	Control
ENSG00000135070	212	370	-158	-2.16891893849366	0.8313939093835108	0.921020054468928	-0.08962614508541722	Control
ENSG00000148925	154	500	-346	-4.7133826090499555	0.788932904184204	0.9612527853429067	-0.17231988115870267	Control
ENSG00000145555	71	32	39	0.49735416309990493	0.7051250309482545	0.5529834117355781	0.15214161921267644	AD
ENSG00000134375	165	155	10	0.10485710753537002	0.7973508294132211	0.7899232483287942	0.007427581084426871	AD
ENSG00000068366	389	289	100	1.3229514179080646	0.9113641990591731	0.8830155979202773	0.028348601138895813	AD
ENSG00000179841	378	259	119	1.5801046612089666	0.907402822480812	0.8661797474622431	0.04122307501856892	AD
ENSG00000144645	181	79	102	1.3500201803607912	0.8086159940579352	0.6993067590987868	0.10930923495914835	AD
ENSG00000132694	55	153	-98	-1.3568560649118633	0.6744243624659569	0.788932904184204	-0.11450854171824709	Control
ENSG00000179222	64	106	-42	-0.5989307162355201	0.6934884872493191	0.7395394899727655	-0.04605100272344642	Control
ENSG00000171126	113	68	45	0.5785604504580846	0.7546422381777668	0.6754147066105471	0.07922753156721962	AD
ENSG00000189043	85	38	47	0.6056292129108112	0.7249319138400594	0.5855409754889824	0.13939093835107697	AD
ENSG00000263503	2	2	0	-0.030486704728262697	0.18209952958653133	0.10497647932656598	0.07712305025996535	Control
ENSG00000183648	4	6	-2	-0.057555467180989243	0.2896756622926467	0.25043327556325823	0.039242386729388457	Control
ENSG00000090565	37	185	-148	-2.033575126230027	0.6239168110918544	0.8170339192869522	-0.19311710819509786	Control
ENSG00000286214	126	7	119	1.5801046612089666	0.7681356771478088	0.2742015350334241	0.49393414211438474	AD
ENSG00000069956	111	93	18	0.2131321573462762	0.7527853429066601	0.7208467442436246	0.0319385986630355	AD
ENSG00000138107	99	49	50	0.646232356589901	0.7406536271354296	0.6266402574894776	0.11401336964595199	AD
ENSG00000116478	173	157	16	0.18606339489354964	0.8035404803169102	0.7912849715276058	0.01225550878930437	AD
ENSG00000174516	259	421	-162	-2.2230564633991126	0.8591235454320376	0.9381034909631096	-0.07897994553107202	Control
ENSG00000122873	271	150	121	1.6071734236616932	0.8649418172815053	0.7876949740034662	0.0772468432780391	AD
ENSG00000119865	237	334	-97	-1.3433216836855	0.8466204506065858	0.9066600643723693	-0.060039613765783595	Control
ENSG00000171316	227	130	97	1.2823482742289747	0.8395642485763803	0.7709829165635058	0.06858133201287453	AD
ENSG00000174607	20	10	10	0.10485710753537002	0.5360237682594702	0.33473632087150285	0.20128744738796733	AD
ENSG00000011083	11	9	2	-0.0034179422755361536	0.45233968804159447	0.3161673681604357	0.13617231988115874	AD
ENSG00000160963	86	159	-73	-1.0184965342527814	0.7261698440207972	0.7937608318890814	-0.06759098786828421	Control
ENSG00000213983	29	30	-1	-0.04402108595462597	0.5914830403565239	0.5396137657836098	0.051869274572914126	Control
ENSG00000172037	38	42	-4	-0.08462422963371578	0.6278781876702154	0.5996533795493935	0.028224808120821954	Control
ENSG00000103723	61	45	16	0.18606339489354964	0.6866798712552612	0.6132706115375093	0.07340925971775192	AD
ENSG00000143436	45	4	41	0.5244229255526315	0.6496657588512008	0.19076504085169596	0.4589007179995048	AD
ENSG00000196814	9	2	7	0.06425396385628021	0.4207724684327804	0.10497647932656598	0.3157959891062144	AD
ENSG00000142937	18	24	-6	-0.11169299208644234	0.5199306759098787	0.49690517454815547	0.023025501361723266	Control
ENSG00000111961	93	76	17	0.19959777611991292	0.7347115622678881	0.6947264174300569	0.03998514483783122	AD
ENSG00000242265	105	16	89	1.1740732244180685	0.7462243129487497	0.41718247090864075	0.32904184204010894	AD
ENSG00000166685	53	10	43	0.5514916880053581	0.6692250557068581	0.33473632087150285	0.33448873483535524	AD
ENSG00000157827	25	2	23	0.28080406347809256	0.5692002971032434	0.10497647932656598	0.46422381777667743	AD
ENSG00000164853	21	88	-67	-0.9372902468946019	0.5432037633077494	0.713295370141124	-0.17009160683337454	Control
ENSG00000160877	31	30	1	-0.016952323501899427	0.6000247586036147	0.5396137657836098	0.06041099282000495	AD
ENSG00000011677	560	360	200	2.676389540544392	0.9617479574152018	0.9186679871255261	0.043079970289675695	AD
ENSG00000150093	35	37	-2	-0.057555467180989243	0.6147561277543947	0.5809606338202525	0.03379549393414216	Control
ENSG00000148834	105	13	92	1.2146763680971584	0.7462243129487497	0.37880663530576875	0.36741767764298094	AD
ENSG00000145882	39	12	27	0.33494158838354565	0.632087150284724	0.36568457538994803	0.2664025748947759	AD
ENSG00000163950	251	48	203	2.7169926842234817	0.8542956177271602	0.6234216390195593	0.23087397870760096	AD
ENSG00000113658	65	87	-22	-0.3282430917082547	0.6953453825204259	0.7111908888338697	-0.015845506313443836	Control
ENSG00000115685	211	446	-235	-3.2110662929236318	0.8305273582569943	0.9465214161921268	-0.11599405793513251	Control
ENSG00000151067	79	105	-26	-0.38238061661370776	0.7186184699182966	0.7376825947016589	-0.01906412478336228	Control
ENSG00000128849	70	36	34	0.42968225696808854	0.7026491705867789	0.5753899480069324	0.12725922257984645	AD
ENSG00000101856	404	321	83	1.092866937059889	0.9176776429809359	0.8999752413963853	0.01770240158455061	AD
ENSG00000121957	39	9	30	0.37554473206263544	0.632087150284724	0.3161673681604357	0.31591978212428823	AD
ENSG00000204071	85	91	-6	-0.11169299208644234	0.7249319138400594	0.7176281257737064	0.007303788066353012	Control
ENSG00000249877	9	54	-45	-0.6395338599146099	0.4207724684327804	0.6423619707848477	-0.2215895023520673	Control
ENSG00000259153	159	189	-30	-0.4365181415191608	0.7931418667987126	0.820004951720723	-0.026863084922010394	Control
ENSG00000123545	160	273	-113	-1.5598717833073124	0.7936370388710077	0.8744738796731865	-0.08083684080217879	Control
ENSG00000226762	305	104	201	2.689923921770755	0.8817776677395395	0.7361970784847734	0.14558058925476602	AD
ENSG00000127220	62	106	-44	-0.6259994786882467	0.6887843525625155	0.7395394899727655	-0.05075513741025006	Control
ENSG00000105613	41	58	-17	-0.2605711855764383	0.6387719732607081	0.6531319633572666	-0.014359990096558528	Control
ENSG00000100320	212	172	40	0.5108885443262682	0.8313939093835108	0.806387719732607	0.025006189650903732	AD
ENSG00000164619	128	52	76	0.998126268475346	0.7702401584550631	0.6370388710076752	0.1332012874473879	AD
ENSG00000198840	4	4	0	-0.030486704728262697	0.2896756622926467	0.19076504085169596	0.09891062144095072	Control
ENSG00000122574	67	6	61	0.795110550079897	0.6993067590987868	0.25043327556325823	0.4488734835355286	AD
ENSG00000237190	177	234	-57	-0.8019464346309692	0.8055211686060906	0.8500866551126517	-0.044565486506561114	Control
ENSG00000179115	224	395	-171	-2.3448658944363823	0.8374597672691261	0.9277048774449121	-0.09024511017578607	Control
ENSG00000054277	198	3	195	2.6087176344125753	0.8219856400099035	0.15139886110423373	0.6705867789056698	AD
ENSG00000129116	35	51	-16	-0.24703680435007505	0.6147561277543947	0.6340678385739045	-0.019311710819509775	Control
ENSG00000007237	392	297	95	1.255279511776248	0.9128497152760584	0.8878435256251548	0.02500618965090362	AD
ENSG00000179091	50	57	-7	-0.12522737331280562	0.6622926466947264	0.6509036890319386	0.011388957662787802	Control
ENSG00000121905	179	31	148	1.9726017167735015	0.8065115127506809	0.5456796236692251	0.2608318890814558	AD
ENSG00000122824	283	286	-3	-0.07108984840735251	0.8708838821490468	0.8814062886853181	-0.010522406536271345	Control
ENSG00000152382	116	192	-76	-1.0590996779318713	0.7579846496657588	0.8212428819014608	-0.06325823223570193	Control
ENSG00000144711	51	146	-95	-1.3162529212327736	0.6641495419658331	0.7836098044070314	-0.11946026244119834	Control
ENSG00000173905	18	28	-10	-0.16583051699189544	0.5199306759098787	0.5251299826689775	-0.005199306759098743	Control
ENSG00000116117	108	41	67	0.8763168374380765	0.7491953453825204	0.5958157959891062	0.15337954939341425	AD
ENSG00000165629	160	133	27	0.33494158838354565	0.7936370388710077	0.7733349839069077	0.02030205496409998	AD
ENSG00000174460	402	161	241	3.231299170825286	0.9164397128001981	0.7961128992324833	0.1203268135677148	AD
ENSG00000054803	356	286	70	0.9169199811171663	0.8984897251794999	0.8814062886853181	0.01708343649418176	AD
ENSG00000275342	61	156	-95	-1.3162529212327736	0.6866798712552612	0.7905422134191632	-0.103862342163902	Control
ENSG00000129355	207	95	112	1.4853639926244238	0.8275563258232236	0.7244367417677643	0.10311958405545929	AD
ENSG00000108946	106	159	-53	-0.7478089097255161	0.7475860361475613	0.7937608318890814	-0.04617479574152017	Control
ENSG00000111490	281	107	174	2.324495628658947	0.8701411240406041	0.7411487992077247	0.12899232483287937	AD
ENSG00000048991	33	20	13	0.14546025121445982	0.6070809606338202	0.4548155484030701	0.15226541223075013	AD
ENSG00000144021	54	148	-94	-1.3027185400064103	0.6717009160683337	0.7857142857142857	-0.11401336964595199	Control
ENSG00000101365	103	198	-95	-1.3162529212327736	0.7437484525872741	0.8255756375340431	-0.081827184946769	Control
ENSG00000143653	88	56	32	0.402613494515362	0.7287694974003466	0.6485516216885368	0.08021787571180983	AD
ENSG00000008056	132	70	62	0.8086449313062603	0.7740777420153503	0.6812329784600148	0.09284476355533544	AD
ENSG00000146535	72	60	12	0.13192586998809655	0.7077246843278039	0.6582074770982916	0.04951720722951225	AD
ENSG00000149091	52	73	-21	-0.3147087104818914	0.6666254023273087	0.6884129735082941	-0.0217875711809854	Control
ENSG00000178234	95	101	-6	-0.11169299208644234	0.735949492448626	0.7327308739787076	0.003218618469918333	Control
ENSG00000138442	135	228	-93	-1.289184158780047	0.7769249814310473	0.8458776924981432	-0.06895271106709588	Control
ENSG00000005339	15	27	-12	-0.19289927944462198	0.4961624164397128	0.5183213666749196	-0.022158950235206754	Control
ENSG00000143858	3	3	0	-0.030486704728262697	0.2442436246595692	0.15139886110423373	0.09284476355533547	Control
ENSG00000177542	104	110	-6	-0.11169299208644234	0.7449863827680119	0.7462243129487497	-0.0012379301807378118	Control
ENSG00000186479	127	232	-105	-1.4515967334964062	0.7692498143104729	0.84872493191384	-0.07947511760336712	Control
ENSG00000162989	144	153	-9	-0.15229613576553216	0.7820004951720723	0.788932904184204	-0.006932409012131768	Control
ENSG00000116199	118	399	-281	-3.8336478293363423	0.7599653379549394	0.9288190146075761	-0.16885367665263673	Control
ENSG00000188021	467	328	139	1.8507922857362322	0.9356276306016341	0.9030700668482298	0.03255756375340435	AD
ENSG00000172380	11	61	-50	-0.7072057660464263	0.45233968804159447	0.660807130477841	-0.20846744243624654	Control
ENSG00000115825	75	105	-30	-0.4365181415191608	0.7126764050507551	0.7376825947016589	-0.025006189650903732	Control
ENSG00000067191	295	263	32	0.402613494515362	0.8768259470165882	0.8687794008417925	0.008046546174795721	AD
ENSG00000126088	29	23	6	0.05071958262991694	0.5914830403565239	0.4866303540480317	0.1048526863084922	AD
ENSG00000133026	187	250	-63	-0.8831527219891488	0.813196335726665	0.8608566476850705	-0.04766031195840548	Control
ENSG00000163516	17	19	-2	-0.057555467180989243	0.5127506808615994	0.4461500371379054	0.06660064372369395	Control
ENSG00000102468	90	15	75	0.9845918872489827	0.7316167368160436	0.4067838573904432	0.32483287942560035	AD
ENSG00000172602	158	3	155	2.0673423853580446	0.7921515226541223	0.15139886110423373	0.6407526615498885	AD
ENSG00000119771	33	32	1	-0.016952323501899427	0.6070809606338202	0.5529834117355781	0.05409754889824214	AD
ENSG00000163820	91	62	29	0.3620103508362722	0.7332260460510027	0.6634067838573905	0.06981926219361223	AD
ENSG00000102678	66	2	64	0.8357136937589867	0.6973260708096063	0.10497647932656598	0.5923495914830403	AD
ENSG00000179604	80	36	44	0.5650260692317213	0.7202277791532558	0.5753899480069324	0.14483783114632331	AD
ENSG00000168032	247	105	142	1.891395429415322	0.852191136419906	0.7376825947016589	0.11450854171824709	AD
ENSG00000130881	30	46	-16	-0.24703680435007505	0.5963109680614014	0.616860609061649	-0.020549641000247587	Control
ENSG00000105270	101	213	-112	-1.546337402080949	0.7423867293884625	0.8370883882149047	-0.09470165882644221	Control
ENSG00000257127	31	71	-40	-0.5718619537827936	0.6000247586036147	0.6842040108937856	-0.08417925229017087	Control
ENSG00000196961	110	247	-137	-1.884696932740031	0.7519187917801436	0.8589997524139639	-0.10708096063382022	Control
ENSG00000160469	63	109	-46	-0.6530682411409732	0.6912602129239911	0.7442436246595692	-0.05298341173557808	Control
ENSG00000145526	110	36	74	0.9710575060226194	0.7519187917801436	0.5753899480069324	0.1765288437732112	AD
ENSG00000131263	434	311	123	1.6342421861144198	0.9284476355533547	0.8942807625649913	0.034166872988363406	AD
ENSG00000142676	9	19	-10	-0.16583051699189544	0.4207724684327804	0.4461500371379054	-0.02537756870512503	Control
ENSG00000274576	17	71	-54	-0.7613432909518794	0.5127506808615994	0.6842040108937856	-0.1714533300321862	Control
ENSG00000140262	59	43	16	0.18606339489354964	0.6835850458034167	0.6043575142361971	0.07922753156721962	AD
ENSG00000251643	10	50	-40	-0.5718619537827936	0.437360732854667	0.630354048031691	-0.19299331517702406	Control
ENSG00000260197	5	23	-18	-0.2741055668028016	0.3247090864075266	0.4866303540480317	-0.16192126764050507	Control
ENSG00000134343	215	63	152	2.0267392416789547	0.8330032186184699	0.6655112651646448	0.16749195345382517	AD
ENSG00000095713	113	176	-63	-0.8831527219891488	0.7546422381777668	0.8099777172567467	-0.055335479078979954	Control
ENSG00000183783	231	174	57	0.7409730251744439	0.8430304530824462	0.8077494429314187	0.03528101015102747	AD
ENSG00000107954	62	129	-67	-0.9372902468946019	0.6887843525625155	0.7698687794008418	-0.08108442683832628	Control
ENSG00000150672	38	104	-66	-0.9237558656682386	0.6278781876702154	0.7361970784847734	-0.10831889081455803	Control
ENSG00000162975	107	232	-125	-1.7222843580236717	0.7485763802921516	0.84872493191384	-0.10014855162168845	Control
ENSG00000165886	26	8	18	0.2131321573462762	0.5757613270611538	0.2948749690517455	0.2808863580094083	AD
ENSG00000103034	269	161	108	1.4312264677189708	0.8641990591730626	0.7961128992324833	0.06808615994057932	AD
ENSG00000152578	138	88	50	0.646232356589901	0.778781876702154	0.713295370141124	0.06548650656103006	AD
ENSG00000175606	232	38	194	2.595183253186212	0.8440207972270364	0.5855409754889824	0.25847982173805395	AD
ENSG00000185567	148	84	64	0.8357136937589867	0.7857142857142857	0.7077246843278039	0.07798960138648181	AD
ENSG00000148730	30	57	-27	-0.39591499784007106	0.5963109680614014	0.6509036890319386	-0.054592720970537245	Control
ENSG00000168496	122	248	-126	-1.735818739250035	0.7641743005694479	0.859494924486259	-0.09532062391681106	Control
ENSG00000137076	74	93	-19	-0.28763994802916487	0.7106957167615746	0.7208467442436246	-0.01015102748204999	Control
ENSG00000168502	127	215	-88	-1.2215122526482307	0.7692498143104729	0.8386976974498638	-0.06944788313939088	Control
ENSG00000197324	87	111	-24	-0.35531185416098127	0.7275315672196088	0.748328794256004	-0.020797227036395194	Control
ENSG00000139637	234	68	166	2.2162205788480405	0.8445159692993315	0.6754147066105471	0.16910126268878434	AD
ENSG00000177181	174	178	-4	-0.08462422963371578	0.8040356523892053	0.8119584055459272	-0.007922753156721973	Control
ENSG00000067992	464	413	51	0.6597667378162642	0.9346372864570438	0.93451349343897006	1.2379301807374787e-4	AD
ENSG00000103512	119	176	-57	-0.8019464346309692	0.7614508541718247	0.8099777172567467	-0.048526863084922045	Control
ENSG00000136930	184	75	109	1.444760848945334	0.8114632334736321	0.6921267640505075	0.11933646942312459	AD
ENSG00000154582	106	41	65	0.84924807498535	0.7475860361475613	0.5958157959891062	0.15177024015845508	AD
ENSG00000174145	110	36	74	0.9710575060226194	0.7519187917801436	0.5753899480069324	0.1765288437732112	AD
ENSG00000184524	62	119	-57	-0.8019464346309692	0.6887843525625155	0.7576132706115375	-0.06882891804902203	Control
ENSG00000146386	203	49	154	2.0538080041316813	0.8253280514978956	0.6266402574894776	0.19868779400841796	AD
ENSG00000151136	78	23	55	0.7139042627217173	0.7166377816291161	0.4866303540480317	0.2300074275810844	AD
ENSG00000184368	78	12	66	0.8627824562117133	0.7166377816291161	0.36568457538994803	0.35095320623916804	AD
ENSG00000162783	45	43	2	-0.0034179422755361536	0.6496657588512008	0.6043575142361971	0.04530824461500371	AD
ENSG00000272163	106	313	-207	-2.83210361858546	0.7475860361475613	0.8953948997276554	-0.14780886358009415	Control
ENSG00000055163	175	126	49	0.6326979753635377	0.8046546174795741	0.7670215399851449	0.037633077494429235	AD
ENSG00000186732	225	414	-189	-2.5884847565109212	0.8383263183956425	0.9353800445654865	-0.09705372616984398	Control
ENSG00000162407	4	15	-11	-0.1793648982182587	0.2896756622926467	0.4067838573904432	-0.11710819509779652	Control
ENSG00000170477	30	110	-80	-1.1132372028373245	0.5963109680614014	0.7462243129487497	-0.1499133448873483	Control
ENSG00000147642	229	144	85	1.1199356995126155	0.8410497647932657	0.7812577370636297	0.05979202772963599	AD
ENSG00000074317	92	1	91	1.201141986870795	0.7339688041594454	0.03986135181975736	0.6941074523396881	AD
ENSG00000198815	98	90	8	0.07778834508264348	0.7394156969546918	0.716142609556821	0.023273087397870817	AD
ENSG00000106133	9	32	-23	-0.34177747293461797	0.4207724684327804	0.5529834117355781	-0.1322109433027977	Control
ENSG00000140284	238	14	224	3.00121468997711	0.8473632087150285	0.3932904184204011	0.4540727902946274	AD
ENSG00000164032	60	61	-1	-0.04402108595462597	0.6849467690022283	0.660807130477841	0.024139638524387275	Control
ENSG00000198492	170	90	80	1.052263793380799	0.8011884129735083	0.716142609556821	0.08504580341668733	AD
ENSG00000163634	147	87	60	0.7815761688535336	0.7848477345877692	0.7111908888338697	0.07365684575389952	AD
ENSG00000112972	2	4	-2	-0.057555467180989243	0.18209952958653133	0.19076504085169596	-0.008665511265164627	Control
ENSG00000164405	26	26	0	-0.030486704728262697	0.5757613270611538	0.5118841297350829	0.06387719732607089	Control
ENSG00000186111	57	145	-88	-1.2215122526482307	0.6794998762069819	0.7823718742262936	-0.10287199801931168	Control
ENSG00000237737	145	25	120	1.59363904243533	0.7829908393166626	0.505694478831394	0.2772963604852686	AD
ENSG00000198478	286	429	-143	-1.9659032200982105	0.872988363456301	0.9410745233968805	-0.06808615994057943	Control
ENSG00000114631	46	40	6	0.05071958262991694	0.6522654122307502	0.5921020054468928	0.06016340678385734	AD
ENSG00000122126	277	257	20	0.24020091979900274	0.8675414706610547	0.8648180242634316	0.0027234463976231194	AD
ENSG00000129682	530	456	74	0.9710575060226194	0.9513493438970042	0.9493686556078237	0.001980688289180521	AD
ENSG00000184144	12	9	3	0.010116438950827119	0.46595692002971034	0.3161673681604357	0.14978955186927462	AD
ENSG00000204655	14	16	-2	-0.057555467180989243	0.48601138895766277	0.41718247090864075	0.06882891804902203	Control
ENSG00000117410	76	45	31	0.38907911328899875	0.714409507303788	0.6132706115375093	0.10113889576627877	AD
ENSG00000149972	80	29	51	0.6597667378162642	0.7202277791532558	0.5324337707353305	0.18779400841792526	AD
ENSG00000254122	6	10	-4	-0.08462422963371578	0.35528596187175043	0.33473632087150285	0.020549641000247587	Control
ENSG00000008869	130	218	-88	-1.2215122526482307	0.771973260708096	0.8403070066848229	-0.06833374597672692	Control
ENSG00000149926	65	113	-48	-0.6801370035936998	0.6953453825204259	0.7520425847982174	-0.056697202277791514	Control
ENSG00000180720	130	130	0	-0.030486704728262697	0.771973260708096	0.7709829165635058	9.90344144590205e-4	Control
ENSG00000177380	120	246	-126	-1.735818739250035	0.762441198316415	0.8585045803416688	-0.09606338202525377	Control
ENSG00000180611	217	402	-185	-2.534347231605468	0.8339935627630601	0.9306759098786829	-0.09668234711562274	Control
ENSG00000126602	194	160	34	0.42968225696808854	0.8186432285219114	0.7948749690517455	0.02376825947016592	AD
ENSG00000178385	63	121	-58	-0.8154808158573325	0.6912602129239911	0.759593958900718	-0.06833374597672692	Control
ENSG00000144567	24	237	-213	-2.9133099059436396	0.5630106461995543	0.8530576875464224	-0.2900470413468681	Control
ENSG00000005194	108	211	-103	-1.4245279710436798	0.7491953453825204	0.8351076999257242	-0.08591235454320378	Control
ENSG00000137267	215	165	50	0.646232356589901	0.8330032186184699	0.7989601386481803	0.03404307997028966	AD
ENSG00000136205	38	15	23	0.28080406347809256	0.6278781876702154	0.4067838573904432	0.2210943302797722	AD
ENSG00000162337	19	14	5	0.037185201403553664	0.5283486011388958	0.3932904184204011	0.13505818271849473	AD
ENSG00000175535	19	52	-33	-0.47712128519825064	0.5283486011388958	0.6370388710076752	-0.10869026986877939	Control
ENSG00000128285	373	235	138	1.837257904509869	0.9043079970289676	0.8509532062391681	0.05335479078979943	AD
ENSG00000101557	238	262	-24	-0.35531185416098127	0.8473632087150285	0.867912849715276	-0.020549641000247587	Control
ENSG00000134775	118	302	-184	-2.5208128503791047	0.7599653379549394	0.8900717999504828	-0.13010646199554343	Control
ENSG00000167815	168	77	91	1.201141986870795	0.799083931666254	0.6967071057192374	0.10237682594701658	AD
ENSG00000186487	34	44	-10	-0.16583051699189544	0.6109185441941074	0.6093092349591483	0.0016093092349590554	Control
ENSG00000117298	55	31	24	0.2943384447044558	0.6744243624659569	0.5456796236692251	0.12874473879673187	AD
ENSG00000101654	256	80	176	2.351564391111673	0.85751423619707845	0.7010398613518197	0.15647437484525872	AD
ENSG00000077254	167	91	76	0.998126268475346	0.7983411735578113	0.7176281257737064	0.08071304778410493	AD
ENSG00000164742	132	185	-53	-0.7478089097255161	0.7740777420153503	0.8170339192869522	-0.04295617727160195	Control
ENSG00000168439	4	8	-4	-0.08462422963371578	0.2896756622926467	0.2948749690517455	-0.0051993067590987985	Control
ENSG00000147669	34	30	4	0.02365082017719039	0.6109185441941074	0.5396137657836098	0.07130477841049765	AD
ENSG00000164038	104	170	-66	-0.9237558656682386	0.7449863827680119	0.8040356523892053	-0.05904926962119339	Control
ENSG00000253719	236	295	-59	-0.8290151970836958	0.8460014855162169	0.8873483535528596	-0.04134686803664267	Control
ENSG00000107518	149	347	-198	-2.7102941875481905	0.7864570438227284	0.9133448873483535	-0.1268878435256251	Control
ENSG00000133878	272	170	102	1.3500201803607912	0.8653131963357267	0.8040356523892053	0.06127754394652141	AD
ENSG00000108883	131	112	19	0.22666653857263946	0.7730873978707601	0.7504332755632582	0.022654122307501856	AD
ENSG00000158985	175	405	-230	-3.1433943867918153	0.8046546174795741	0.9317900470413468	-0.1271354295617727	Control
ENSG00000141668	248	169	79	1.038729412154436	0.8529338945283486	0.8027977222084675	0.0501361723198811	AD
ENSG00000148606	241	84	157	2.094411147810771	0.8495914830403565	0.7077246843278039	0.1418667987125526	AD
ENSG00000166159	300	219	81	1.0657981746071623	0.8794256003961377	0.8412973508294133	0.03812824956672445	AD
ENSG00000196498	26	28	-2	-0.057555467180989243	0.5757613270611538	0.5251299826689775	0.050631344392176314	Control
ENSG00000135454	32	7	25	0.3078728259308191	0.6033671700916068	0.2742015350334241	0.3291656350581827	AD
ENSG00000175906	203	10	193	2.5816488719598487	0.8253280514978956	0.33473632087150285	0.4905917306263927	AD
ENSG00000185721	277	118	159	2.121479910263498	0.8675414706610547	0.7568705125030948	0.11067095815795991	AD
ENSG00000168878	18	44	-26	-0.38238061661370776	0.5199306759098787	0.6093092349591483	-0.08937855904926961	Control
ENSG00000169247	5	5	0	-0.030486704728262697	0.3247090864075266	0.22295122555087893	0.10175786085664767	Control
ENSG00000168291	58	70	-12	-0.19289927944462198	0.6818519435503838	0.6812329784600148	6.189650903689614e-4	Control
ENSG00000205937	186	232	-46	-0.6530682411409732	0.8127011636543698	0.84872493191384	-0.03602376825947018	Control
ENSG00000067606	231	237	-6	-0.11169299208644234	0.8430304530824462	0.8530576875464224	-0.010027234463976242	Control
ENSG00000112695	16	20	-4	-0.08462422963371578	0.5049517207229512	0.4548155484030701	0.050136172319881156	Control
ENSG00000184277	150	71	79	1.038729412154436	0.7868284228769498	0.6842040108937856	0.10262441198316419	AD
ENSG00000149575	90	45	45	0.5785604504580846	0.7316167368160436	0.6132706115375093	0.11834612527853428	AD
ENSG00000115665	11	43	-32	-0.46358690397188734	0.45233968804159447	0.6043575142361971	-0.15201782619460263	Control
ENSG00000171992	56	75	-19	-0.28763994802916487	0.6770240158455063	0.6921267640505075	-0.015102748205001237	Control
ENSG00000011426	14	2	12	0.13192586998809655	0.48601138895766277	0.10497647932656598	0.38103490963109676	AD
ENSG00000108509	84	314	-230	-3.1433943867918153	0.7241891557316167	0.896137657836098	-0.17194850210448132	Control
ENSG00000137221	3	5	-2	-0.057555467180989243	0.2442436246595692	0.22295122555087893	0.02129239910869027	Control
ENSG00000186908	208	110	98	1.295882655455338	0.8282990839316663	0.7462243129487497	0.0820747709829166	AD
ENSG00000106976	143	26	117	1.5530358987562403	0.7813815300817034	0.5118841297350829	0.2694974003466205	AD
ENSG00000106608	67	98	-31	-0.4500525227455241	0.6993067590987868	0.7285219113641991	-0.02921515226541227	Control
ENSG00000169710	20	80	-60	-0.8425495783100589	0.5360237682594702	0.7010398613518197	-0.16501609309234955	Control
ENSG00000105402	257	281	-24	-0.35531185416098127	0.8581332012874474	0.8779400841792523	-0.019806882891804878	Control
ENSG00000116747	29	55	-26	-0.38238061661370776	0.5914830403565239	0.6454567962366923	-0.053973755880168395	Control
ENSG00000119866	85	51	34	0.42968225696808854	0.7249319138400594	0.6340678385739045	0.09086407526615492	AD
ENSG00000101977	297	193	104	1.3770889428135176	0.8776924981431047	0.8219856400099035	0.0557068581332012	AD
ENSG00000049769	119	280	-161	-2.2095220821727493	0.7614508541718247	0.8775687051250309	-0.11611785095320626	Control
ENSG00000204789	200	116	84	1.1064013182862522	0.8235949492448625	0.7553849962862095	0.06820995295865306	AD
ENSG00000168843	189	57	132	1.7560516171516893	0.814310472889329	0.6509036890319386	0.16340678385739038	AD
ENSG00000125510	308	42	266	3.5696587014843675	0.8828918049022035	0.5996533795493935	0.2832384253528101	AD
ENSG00000055609	50	17	33	0.4161478757417253	0.6622926466947264	0.42696211933646944	0.235330527358257	AD
ENSG00000228794	151	233	-82	-1.140305965290051	0.7873235949492449	0.8495914830403565	-0.06226788809111161	Control
ENSG00000146352	132	322	-190	-2.6020191377372845	0.7740777420153503	0.9008417925229018	-0.12676405050755146	Control
ENSG00000182247	195	122	73	0.9575231247962562	0.8201287447387967	0.7616984402079723	0.05843030453082443	AD
ENSG00000255302	140	165	-25	-0.3688462353873445	0.7800198068828919	0.7989601386481803	-0.01894033176528842	Control
ENSG00000187094	245	213	32	0.402613494515362	0.8516959643476107	0.8370883882149047	0.014607576132706024	AD
ENSG00000152214	137	18	119	1.5801046612089666	0.7782867046298588	0.4371131468185194	0.3411735578113394	AD
ENSG00000198804	10	9	1	-0.016952323501899427	0.437360732854667	0.3161673681604357	0.12119336469423125	AD
ENSG00000149927	263	46	217	2.9064740213925675	0.862837335974251	0.616860609061649	0.24597672691260208	AD
ENSG00000095203	96	62	34	0.42968225696808854	0.7370636296112899	0.6634067838573905	0.07365684575389941	AD
ENSG00000162729	162	143	19	0.22666653857263946	0.7951225550878931	0.7801435999009656	0.01497895518692749	AD
ENSG00000164070	6	3	3	0.010116438950827119	0.35528596187175043	0.15139886110423373	0.2038871007675167	AD
ENSG00000163938	151	87	64	0.8357136937589867	0.7873235949492449	0.7111908888338697	0.07613270611537515	AD
ENSG00000186166	5	14	-9	-0.15229613576553216	0.3247090864075266	0.3932904184204011	-0.06858133201287447	Control
ENSG00000143772	38	57	-19	-0.28763994802916487	0.6278781876702154	0.6509036890319386	-0.02302550136172321	Control
ENSG00000159069	46	86	-40	-0.5718619537827936	0.6522654122307502	0.7095815795989107	-0.057316167368160476	Control
ENSG00000165280	112	141	-29	-0.4229837602927976	0.753404307997029	0.7789056697202278	-0.025501361723198834	Control
ENSG00000136738	183	289	-106	-1.4651311147227695	0.8105966823471156	0.8830155979202773	-0.07241891557316171	Control
ENSG00000186350	41	23	18	0.2131321573462762	0.6387719732607081	0.4866303540480317	0.15214161921267644	AD
ENSG00000154237	44	21	23	0.28080406347809256	0.6468185194355038	0.46521416192126763	0.1816043575142362	AD
ENSG00000154380	60	24	36	0.45675101942081514	0.6849467690022283	0.49690517454815547	0.1880415944540728	AD
ENSG00000211459	1	1	0	-0.030486704728262697	0.07279029462738301	0.03986135181975736	0.03292894280762565	Control
ENSG00000010818	111	276	-165	-2.2636596070782025	0.7527853429066601	0.8760831889081456	-0.12329784600148552	Control
ENSG00000166181	179	59	120	1.59363904243533	0.8065115127506809	0.6558554097548899	0.15065610299579102	AD
ENSG00000169018	208	275	-67	-0.9372902468946019	0.8282990839316663	0.8750928447635553	-0.04679376083188902	Control
ENSG00000118596	94	43	51	0.6597667378162642	0.7354543203763307	0.6043575142361971	0.13109680614013364	AD
ENSG00000013275	174	103	71	0.9304543623435296	0.8040356523892053	0.7352067343401832	0.06882891804902203	AD
ENSG00000124570	261	41	220	2.9470771650716574	0.8604852686308492	0.5958157959891062	0.264669472641743	AD
ENSG00000163285	19	26	-7	-0.12522737331280562	0.5283486011388958	0.5118841297350829	0.016464471403812908	Control
ENSG00000143970	34	9	25	0.3078728259308191	0.6109185441941074	0.3161673681604357	0.2947511760336717	AD
ENSG00000139220	44	168	-124	-1.7087499767973084	0.6468185194355038	0.8020549641000247	-0.1552364446645209	Control
ENSG00000184831	185	38	147	1.9590673355471384	0.8122059915820747	0.5855409754889824	0.2266650160930923	AD
ENSG00000115839	103	307	-204	-2.7915004749063703	0.7437484525872741	0.8921762812577371	-0.148427828670463	Control
ENSG00000143198	23	19	4	0.02365082017719039	0.5565734092597178	0.4461500371379054	0.11042337212181236	AD
ENSG00000201185	21	57	-36	-0.5177244288773405	0.5432037633077494	0.6509036890319386	-0.10769992572418918	Control
ENSG00000084234	56	214	-158	-2.16891893849366	0.6770240158455063	0.8380787323594949	-0.16105471651398862	Control
ENSG00000075035	43	170	-127	-1.7493531204763981	0.6438474870017331	0.8040356523892053	-0.16018816538747216	Control
ENSG00000091483	56	8	48	0.6191635941371744	0.6770240158455063	0.2948749690517455	0.3821490467937608	AD
ENSG00000178531	28	94	-66	-0.9237558656682386	0.5865313196335726	0.7224560534785838	-0.13592473384501114	Control
ENSG00000115252	70	2	68	0.8898512186644398	0.7026491705867789	0.10497647932656598	0.5976726912602129	AD
ENSG00000182095	23	30	-7	-0.12522737331280562	0.5565734092597178	0.5396137657836098	0.01695964347610801	Control
ENSG00000095059	13	27	-14	-0.21996804189734853	0.47660311958405543	0.5183213666749196	-0.041718247090864136	Control
ENSG00000131409	65	123	-58	-0.8154808158573325	0.6953453825204259	0.763555335479079	-0.06820995295865306	Control
ENSG00000171791	37	25	12	0.13192586998809655	0.6239168110918544	0.505694478831394	0.11822233226046042	AD
ENSG00000148700	25	26	-1	-0.04402108595462597	0.5692002971032434	0.5118841297350829	0.057316167368160476	Control
ENSG00000119242	44	28	16	0.18606339489354964	0.6468185194355038	0.5251299826689775	0.12168853676652636	AD
ENSG00000151465	80	29	51	0.6597667378162642	0.7202277791532558	0.5324337707353305	0.18779400841792526	AD
ENSG00000175215	116	9	107	1.4176920864926075	0.7579846496657588	0.3161673681604357	0.4418172815053231	AD
ENSG00000130382	23	18	5	0.037185201403553664	0.5565734092597178	0.4371131468185194	0.11946026244119834	AD
ENSG00000139200	157	134	23	0.28080406347809256	0.7910373854914583	0.7743253280514979	0.016712057439960404	AD
ENSG00000260804	193	198	-5	-0.09815861086007906	0.8174052983411736	0.8255756375340431	-0.008170339192869469	Control
ENSG00000165061	156	138	18	0.2131321573462762	0.7904184204010893	0.7779153255756376	0.012503094825451755	AD
ENSG00000122550	192	51	141	1.8778610481889586	0.8165387472146571	0.6340678385739045	0.18247090864075266	AD
ENSG00000184905	45	23	22	0.26726968225172926	0.6496657588512008	0.4866303540480317	0.16303540480316914	AD
ENSG00000137177	155	6	149	1.9861360979998648	0.7896756622926467	0.25043327556325823	0.5392423867293885	AD
ENSG00000050438	87	109	-22	-0.3282430917082547	0.7275315672196088	0.7442436246595692	-0.016712057439960404	Control
ENSG00000212864	40	82	-42	-0.5989307162355201	0.6358009408269374	0.7043822728398118	-0.06858133201287442	Control
ENSG00000164190	68	35	33	0.4161478757417253	0.7005446892795246	0.5685813320128744	0.1319633572666502	AD
ENSG00000180875	155	73	82	1.0793325558335256	0.7896756622926467	0.6884129735082941	0.10126268878435263	AD
ENSG00000166479	217	109	108	1.4312264677189708	0.8339935627630601	0.7442436246595692	0.08974993810349097	AD
ENSG00000111249	20	71	-51	-0.7207401472727896	0.5360237682594702	0.6842040108937856	-0.1481802426343154	Control
ENSG00000147488	22	16	6	0.05071958262991694	0.5505075513741025	0.41718247090864075	0.1333250804654617	AD
ENSG00000023516	134	215	-81	-1.1267715840636876	0.7761822233226046	0.8386976974498638	-0.06251547412725922	Control
ENSG00000018189	121	4	117	1.5530358987562403	0.7633077494429314	0.19076504085169596	0.5725427085912355	AD
ENSG00000275896	7	29	-22	-0.3282430917082547	0.3815300817033919	0.5324337707353305	-0.15090368903193857	Control
ENSG00000183020	158	294	-136	-1.8711625515136676	0.7921515226541223	0.8863580094082694	-0.09420648675414711	Control
ENSG00000164161	13	9	4	0.02365082017719039	0.47660311958405543	0.3161673681604357	0.1604357514236197	AD
ENSG00000119318	50	144	-94	-1.3027185400064103	0.6622926466947264	0.7812577370636297	-0.11896509036890324	Control
ENSG00000130479	60	223	-163	-2.236590844625476	0.6849467690022283	0.8431542461005199	-0.15820747709829164	Control
ENSG00000073670	55	32	23	0.28080406347809256	0.6744243624659569	0.5529834117355781	0.12144095073037886	AD
ENSG00000168329	1	1	0	-0.030486704728262697	0.07279029462738301	0.03986135181975736	0.03292894280762565	Control
ENSG00000198899	8	6	2	-0.0034179422755361536	0.4022035157217133	0.25043327556325823	0.15177024015845508	AD
ENSG00000129484	22	18	4	0.02365082017719039	0.5505075513741025	0.4371131468185194	0.11339440455558303	AD
ENSG00000129990	276	175	101	1.3364857991344279	0.8670462985887596	0.8086159940579352	0.05843030453082443	AD
ENSG00000155970	42	5	37	0.4702854006471784	0.6413716266402575	0.22295122555087893	0.41842040108937856	AD
ENSG00000162889	50	75	-25	-0.3688462353873445	0.6622926466947264	0.6921267640505075	-0.02983411735578112	Control
ENSG00000116251	2	2	0	-0.030486704728262697	0.18209952958653133	0.10497647932656598	0.07712305025996535	Control
ENSG00000109790	45	13	32	0.402613494515362	0.6496657588512008	0.37880663530576875	0.27085912354543207	AD
ENSG00000165959	9	1	8	0.07778834508264348	0.4207724684327804	0.03986135181975736	0.380911116613023	AD
ENSG00000122026	11	19	-8	-0.1387617545391689	0.45233968804159447	0.4461500371379054	0.006189650903689059	Control
ENSG00000112514	90	44	46	0.5920948316844479	0.7316167368160436	0.6093092349591483	0.1223075018568952	AD
ENSG00000205562	158	208	-50	-0.7072057660464263	0.7921515226541223	0.8333745976726913	-0.04122307501856903	Control
ENSG00000126267	39	31	8	0.07778834508264348	0.632087150284724	0.5456796236692251	0.08640752661549889	AD
ENSG00000115484	8	30	-22	-0.3282430917082547	0.4022035157217133	0.5396137657836098	-0.13741025006189644	Control
ENSG00000147799	45	41	4	0.02365082017719039	0.6496657588512008	0.5958157959891062	0.05384996286209465	AD
ENSG00000165478	27	24	3	0.010116438950827119	0.5817033919286952	0.49690517454815547	0.08479821738053978	AD
ENSG00000107263	35	22	13	0.14546025121445982	0.6147561277543947	0.47623174052983414	0.13852438722456056	AD
ENSG00000213186	3	7	-4	-0.08462422963371578	0.2442436246595692	0.2742015350334241	-0.029957910373854896	Control
ENSG00000165495	188	181	7	0.06425396385628021	0.8138153008170339	0.8146818519435504	-8.665511265164572e-4	AD
ENSG00000177182	187	181	6	0.05071958262991694	0.813196335726665	0.8146818519435504	-0.0014855162168853075	AD
ENSG00000180998	171	35	136	1.8101891420571423	0.8021787571180985	0.5685813320128744	0.23359742510522408	AD
ENSG00000139132	47	36	11	0.11839148876173328	0.6548650656102996	0.5753899480069324	0.07947511760336712	AD
ENSG00000168090	49	28	21	0.253735301025366	0.6600643723693984	0.5251299826689775	0.13493438970042093	AD
ENSG00000198300	294	115	179	2.392167534790763	0.8763307749442931	0.7542708591235454	0.12205991582074771	AD
ENSG00000007080	13	17	-4	-0.08462422963371578	0.47660311958405543	0.42696211933646944	0.049641000247586	Control
ENSG00000141385	263	319	-56	-0.7884120534046059	0.862837335974251	0.8986135181975736	-0.03577618222332257	Control
ENSG00000261934	3	5	-2	-0.057555467180989243	0.2442436246595692	0.22295122555087893	0.02129239910869027	Control
ENSG00000136861	180	9	171	2.283892484979857	0.8076256499133448	0.3161673681604357	0.4914582817529091	AD
ENSG00000176105	65	78	-13	-0.20643366067098526	0.6953453825204259	0.6978212428819015	-0.0024758603614756236	Control
ENSG00000133265	49	109	-60	-0.8425495783100589	0.6600643723693984	0.7442436246595692	-0.08417925229017076	Control
ENSG00000163110	64	66	-2	-0.057555467180989243	0.6934884872493191	0.6704629858875959	0.02302550136172321	Control
ENSG00000135426	177	70	107	1.4176920864926075	0.8055211686060906	0.6812329784600148	0.12428819014607573	AD
ENSG00000198780	86	100	-14	-0.21996804189734853	0.7261698440207972	0.7311215647437485	-0.004951720722951247	Control
ENSG00000103647	46	28	18	0.2131321573462762	0.6522654122307502	0.5251299826689775	0.1271354295617727	AD
ENSG00000186907	40	71	-31	-0.4500525227455241	0.6358009408269374	0.6842040108937856	-0.048403070066848186	Control
ENSG00000097033	41	54	-13	-0.20643366067098526	0.6387719732607081	0.6423619707848477	-0.0035899975241395765	Control
ENSG00000213672	123	213	-90	-1.248581015100957	0.7655360237682595	0.8370883882149047	-0.07155236444664526	Control
ENSG00000277739	2	22	-20	-0.3011743292555282	0.18209952958653133	0.47623174052983414	-0.2941322109433028	Control
ENSG00000070182	70	67	3	0.010116438950827119	0.7026491705867789	0.672691260212924	0.029957910373854868	AD
ENSG00000152082	9	47	-38	-0.544793191330067	0.4207724684327804	0.620203020549641	-0.19943055211686067	Control
ENSG00000115947	172	256	-84	-1.1673747277427775	0.803045308244615	0.8641990591730626	-0.06115375092844766	Control
ENSG00000167972	79	198	-119	-1.641078070665492	0.7186184699182966	0.8255756375340431	-0.10695716761574647	Control
ENSG00000039560	55	5	50	0.646232356589901	0.6744243624659569	0.22295122555087893	0.451473136915078	AD
ENSG00000135439	118	247	-129	-1.7764218829291247	0.7599653379549394	0.8589997524139639	-0.0990344144590245	Control
ENSG00000145293	63	129	-66	-0.9237558656682386	0.6912602129239911	0.7698687794008418	-0.07860856647685066	Control
ENSG00000184384	59	87	-28	-0.4094493790664343	0.6835850458034167	0.7111908888338697	-0.027605843030452992	Control
ENSG00000130956	164	275	-111	-1.5328030208545858	0.7967318643228521	0.8750928447635553	-0.07836098044070317	Control
ENSG00000134250	44	53	-9	-0.15229613576553216	0.6468185194355038	0.6396385243872246	0.007179995048279264	Control
ENSG00000145451	28	14	14	0.1589946324408231	0.5865313196335726	0.3932904184204011	0.19324090121317156	AD
ENSG00000196419	223	283	-60	-0.8425495783100589	0.8369645951968309	0.8789304283238425	-0.04196583312701163	Control
ENSG00000113645	27	4	23	0.28080406347809256	0.5817033919286952	0.19076504085169596	0.39093835107699926	AD
ENSG00000196353	129	75	54	0.7003698814953541	0.7709829165635058	0.6921267640505075	0.07885615251299827	AD
ENSG00000010017	31	55	-24	-0.35531185416098127	0.6000247586036147	0.6454567962366923	-0.04543203763307757	Control
ENSG00000182870	67	147	-80	-1.1132372028373245	0.6993067590987868	0.7846001485516216	-0.08529338945283482	Control
ENSG00000182568	91	252	-161	-2.2095220821727493	0.7332260460510027	0.8627135429561773	-0.12948749690517458	Control
ENSG00000119950	26	4	22	0.26726968225172926	0.5757613270611538	0.19076504085169596	0.3849962862094578	AD
ENSG00000106665	10	3	7	0.06425396385628021	0.437360732854667	0.15139886110423373	0.28596187175043325	AD
ENSG00000139668	184	46	138	1.837257904509869	0.8114632334736321	0.616860609061649	0.19460262441198317	AD
ENSG00000188647	29	76	-47	-0.6666026223673365	0.5914830403565239	0.6947264174300569	-0.10324337707353304	Control
ENSG00000179915	109	45	64	0.8357136937589867	0.7504332755632582	0.6132706115375093	0.13716266402574895	AD
ENSG00000135519	113	109	4	0.02365082017719039	0.7546422381777668	0.7442436246595692	0.010398613518197597	AD
ENSG00000159352	29	32	-3	-0.07108984840735251	0.5914830403565239	0.5529834117355781	0.0384996286209458	Control
ENSG00000079313	42	80	-38	-0.544793191330067	0.6413716266402575	0.7010398613518197	-0.05966823471156224	Control
ENSG00000166508	28	19	9	0.09132272630900674	0.5865313196335726	0.4461500371379054	0.14038128249566723	AD
ENSG00000163346	15	15	0	-0.030486704728262697	0.4961624164397128	0.4067838573904432	0.08937855904926961	Control
ENSG00000131808	26	32	-6	-0.11169299208644234	0.5757613270611538	0.5529834117355781	0.022777915325575715	Control
ENSG00000111647	66	83	-17	-0.2605711855764383	0.6973260708096063	0.7062391681109186	-0.00891309730131229	Control
ENSG00000224051	24	77	-53	-0.7478089097255161	0.5630106461995543	0.6967071057192374	-0.13369645951968312	Control
ENSG00000173064	36	147	-111	-1.5328030208545858	0.6192126764050507	0.7846001485516216	-0.1653874721465709	Control
ENSG00000225465	106	25	81	1.0657981746071623	0.7475860361475613	0.505694478831394	0.2418915573161673	AD
ENSG00000114405	98	28	70	0.9169199811171663	0.7394156969546918	0.5251299826689775	0.2142857142857143	AD
ENSG00000184007	13	2	11	0.11839148876173328	0.47660311958405543	0.10497647932656598	0.3716266402574895	AD
ENSG00000084093	63	74	-11	-0.1793648982182587	0.6912602129239911	0.690146075761327	0.001114137162664064	Control
ENSG00000164124	6	14	-8	-0.1387617545391689	0.35528596187175043	0.3932904184204011	-0.038004456548650645	Control
ENSG00000114353	1	2	-1	-0.04402108595462597	0.07279029462738301	0.10497647932656598	-0.03218618469918297	Control
ENSG00000072840	30	16	14	0.1589946324408231	0.5963109680614014	0.41718247090864075	0.17912849715276064	AD
ENSG00000181220	37	62	-25	-0.3688462353873445	0.6239168110918544	0.6634067838573905	-0.03948997276553612	Control
ENSG00000105642	19	42	-23	-0.34177747293461797	0.5283486011388958	0.5996533795493935	-0.07130477841049765	Control
ENSG00000070214	16	11	5	0.037185201403553664	0.5049517207229512	0.35070562020302054	0.1542461005199307	AD
ENSG00000105376	129	170	-41	-0.5853963350091568	0.7709829165635058	0.8040356523892053	-0.03305273582569945	Control
ENSG00000105063	10	73	-63	-0.8831527219891488	0.437360732854667	0.6884129735082941	-0.25105224065362713	Control
ENSG00000123384	6	11	-5	-0.09815861086007906	0.35528596187175043	0.35070562020302054	0.004580341668729893	Control
ENSG00000104067	35	31	4	0.02365082017719039	0.6147561277543947	0.5456796236692251	0.06907650408516963	AD
ENSG00000156475	164	149	15	0.17252901366718637	0.7967318643228521	0.7869522158950235	0.009779648427828636	AD
ENSG00000145147	54	81	-27	-0.39591499784007106	0.6717009160683337	0.7025253775687051	-0.030824461500371436	Control
ENSG00000165995	144	45	99	1.3094170366817013	0.7820004951720723	0.6132706115375093	0.16872988363456298	AD
ENSG00000215580	13	23	-10	-0.16583051699189544	0.47660311958405543	0.4866303540480317	-0.010027234463976242	Control
ENSG00000204983	4	27	-23	-0.34177747293461797	0.2896756622926467	0.5183213666749196	-0.22864570438227289	Control
ENSG00000152642	136	236	-100	-1.3839248273645899	0.7775439465214162	0.852191136419906	-0.07464718989848973	Control
ENSG00000116030	88	93	-5	-0.09815861086007906	0.7287694974003466	0.7208467442436246	0.007922753156721973	Control
ENSG00000136267	199	307	-108	-1.492199877175496	0.8229759841544937	0.8921762812577371	-0.06920029710324338	Control
ENSG00000136167	9	49	-40	-0.5718619537827936	0.4207724684327804	0.6266402574894776	-0.20586778905669723	Control
ENSG00000173175	26	134	-108	-1.492199877175496	0.5757613270611538	0.7743253280514979	-0.1985640009903441	Control
ENSG00000033627	191	238	-47	-0.6666026223673365	0.8156721960881407	0.8536766526367913	-0.03800445654865059	Control
ENSG00000149654	183	336	-153	-2.1012470323618433	0.8105966823471156	0.9076504085169597	-0.09705372616984409	Control
ENSG00000085733	1	1	0	-0.030486704728262697	0.07279029462738301	0.03986135181975736	0.03292894280762565	Control
ENSG00000213023	198	407	-209	-2.8591723810381864	0.8219856400099035	0.9329041842040109	-0.1109185441941074	Control
ENSG00000185090	53	31	22	0.26726968225172926	0.6692250557068581	0.5456796236692251	0.12354543203763302	AD
ENSG00000160972	30	25	5	0.037185201403553664	0.5963109680614014	0.505694478831394	0.09061648923000742	AD
ENSG00000143409	19	12	7	0.06425396385628021	0.5283486011388958	0.36568457538994803	0.16266402574894778	AD
ENSG00000107745	109	22	87	1.1470044619653421	0.7504332755632582	0.47623174052983414	0.2742015350334241	AD
ENSG00000088812	96	255	-159	-2.182453319720023	0.7370636296112899	0.8635800940826938	-0.12651646447140386	Control
ENSG00000134490	239	133	106	1.4041577052662442	0.8482297598415449	0.7733349839069077	0.07489477593463723	AD
ENSG00000117643	58	26	32	0.402613494515362	0.6818519435503838	0.5118841297350829	0.1699678138153009	AD
ENSG00000135750	231	203	28	0.3484759696099089	0.8430304530824462	0.8304035652389206	0.012626887843525614	AD
ENSG00000088888	208	66	142	1.891395429415322	0.8282990839316663	0.6704629858875959	0.1578360980440704	AD
ENSG00000197170	279	42	237	3.1771616459198326	0.868531814805645	0.5996533795493935	0.26887843525625155	AD
ENSG00000177169	55	97	-42	-0.5989307162355201	0.6744243624659569	0.7269126021292399	-0.052488239663282976	Control
ENSG00000099991	8	23	-15	-0.23350242312371178	0.4022035157217133	0.4866303540480317	-0.08442683832631837	Control
ENSG00000197971	7	4	3	0.010116438950827119	0.3815300817033919	0.19076504085169596	0.19076504085169596	AD
ENSG00000197586	180	278	-98	-1.3568560649118633	0.8076256499133448	0.8767021539985145	-0.06907650408516963	Control
ENSG00000105738	36	43	-7	-0.12522737331280562	0.6192126764050507	0.6043575142361971	0.01485516216885363	Control
ENSG00000011523	17	70	-53	-0.7478089097255161	0.5127506808615994	0.6812329784600148	-0.1684822975984155	Control
ENSG00000198712	4	1	3	0.010116438950827119	0.2896756622926467	0.03986135181975736	0.24981431047288932	AD
ENSG00000138326	8	18	-10	-0.16583051699189544	0.4022035157217133	0.4371131468185194	-0.034909631096806115	Control
ENSG00000131697	4	4	0	-0.030486704728262697	0.2896756622926467	0.19076504085169596	0.09891062144095072	Control
ENSG00000117245	82	23	59	0.7680417876271703	0.722951225550879	0.4866303540480317	0.2363208715028473	AD
ENSG00000167004	1	1	0	-0.030486704728262697	0.07279029462738301	0.03986135181975736	0.03292894280762565	Control
ENSG00000078725	48	154	-106	-1.4651311147227695	0.6574647189898489	0.7895518692745729	-0.13208715028472395	Control
ENSG00000170075	12	6	6	0.05071958262991694	0.46595692002971034	0.25043327556325823	0.2155236444664521	AD
ENSG00000124920	12	17	-5	-0.09815861086007906	0.46595692002971034	0.42696211933646944	0.038994800693240905	Control
ENSG00000146122	16	7	9	0.09132272630900674	0.5049517207229512	0.2742015350334241	0.23075018568952715	AD
ENSG00000141568	46	115	-69	-0.9643590093473284	0.6522654122307502	0.7542708591235454	-0.10200544689279523	Control
ENSG00000119471	20	24	-4	-0.08462422963371578	0.5360237682594702	0.49690517454815547	0.03911859371131471	Control
ENSG00000120896	36	31	5	0.037185201403553664	0.6192126764050507	0.5456796236692251	0.07353305273582567	AD
ENSG00000140299	109	54	55	0.7139042627217173	0.7504332755632582	0.6423619707848477	0.10807130477841054	AD
ENSG00000144218	29	74	-45	-0.6395338599146099	0.5914830403565239	0.690146075761327	-0.09866303540480315	Control
ENSG00000158258	58	27	31	0.38907911328899875	0.6818519435503838	0.5183213666749196	0.16353057687546424	AD
ENSG00000198910	488	474	14	0.1589946324408231	0.939589007179995	0.9551869274572914	-0.01559792027729634	AD
ENSG00000038382	32	48	-16	-0.24703680435007505	0.6033671700916068	0.6234216390195593	-0.020054468927952485	Control
ENSG00000100744	113	146	-33	-0.47712128519825064	0.7546422381777668	0.7836098044070314	-0.028967566229264663	Control
ENSG00000119421	25	21	4	0.02365082017719039	0.5692002971032434	0.46521416192126763	0.10398613518197575	AD
ENSG00000158869	2	35	-33	-0.47712128519825064	0.18209952958653133	0.5685813320128744	-0.3864818024263431	Control
ENSG00000229847	18	28	-10	-0.16583051699189544	0.5199306759098787	0.5251299826689775	-0.005199306759098743	Control
ENSG00000232040	82	88	-6	-0.11169299208644234	0.722951225550879	0.713295370141124	0.009655855409754999	Control
ENSG00000018408	41	72	-31	-0.4500525227455241	0.6387719732607081	0.6865560782371875	-0.047784104976479336	Control
ENSG00000152822	75	67	8	0.07778834508264348	0.7126764050507551	0.672691260212924	0.03998514483783111	AD
ENSG00000065526	9	5	4	0.02365082017719039	0.4207724684327804	0.22295122555087893	0.19782124288190145	AD
ENSG00000149970	184	62	122	1.6207078048880565	0.8114632334736321	0.6634067838573905	0.14805644961624165	AD
ENSG00000154096	52	24	28	0.3484759696099089	0.6666254023273087	0.49690517454815547	0.16972022777915324	AD
ENSG00000117155	110	122	-12	-0.19289927944462198	0.7519187917801436	0.7616984402079723	-0.009779648427828636	Control
ENSG00000130414	25	22	3	0.010116438950827119	0.5692002971032434	0.47623174052983414	0.09296855657340924	AD
ENSG00000182674	98	150	-52	-0.7342745284991528	0.7394156969546918	0.7876949740034662	-0.04827927704877444	Control
ENSG00000179104	3	1	2	-0.0034179422755361536	0.2442436246595692	0.03986135181975736	0.20438227283981183	AD
ENSG00000023572	117	61	56	0.7274386439480806	0.7588512007922753	0.660807130477841	0.0980440703144343	AD
ENSG00000075539	7	2	5	0.037185201403553664	0.3815300817033919	0.10497647932656598	0.2765536023768259	AD
ENSG00000163565	2	25	-23	-0.34177747293461797	0.18209952958653133	0.505694478831394	-0.32359494924486265	Control
ENSG00000156711	99	43	56	0.7274386439480806	0.7406536271354296	0.6043575142361971	0.1362961128992325	AD
ENSG00000163798	74	208	-134	-1.844093789060941	0.7106957167615746	0.8333745976726913	-0.12267888091111667	Control
ENSG00000154548	224	7	217	2.9064740213925675	0.8374597672691261	0.2742015350334241	0.563258232235702	AD
ENSG00000112851	24	41	-17	-0.2605711855764383	0.5630106461995543	0.5958157959891062	-0.032805149789551846	Control
ENSG00000148400	21	19	2	-0.0034179422755361536	0.5432037633077494	0.4461500371379054	0.09705372616984403	AD
ENSG00000161016	9	18	-9	-0.15229613576553216	0.4207724684327804	0.4371131468185194	-0.01634067838573905	Control
ENSG00000108947	140	71	69	0.9033855998908031	0.7800198068828919	0.6842040108937856	0.09581579598910628	AD
ENSG00000242808	9	18	-9	-0.15229613576553216	0.4207724684327804	0.4371131468185194	-0.01634067838573905	Control
ENSG00000196453	30	59	-29	-0.4229837602927976	0.5963109680614014	0.6558554097548899	-0.05954444169348849	Control
ENSG00000146966	41	4	37	0.4702854006471784	0.6387719732607081	0.19076504085169596	0.4480069324090121	AD
ENSG00000134780	87	235	-148	-2.033575126230027	0.7275315672196088	0.8509532062391681	-0.12342163901955938	Control
ENSG00000182481	131	89	42	0.5379573067789948	0.7730873978707601	0.7147808863580094	0.05830651151275068	AD
ENSG00000207389	13	56	-43	-0.6124650974618834	0.47660311958405543	0.6485516216885368	-0.17194850210448132	Control
ENSG00000178764	36	45	-9	-0.15229613576553216	0.6192126764050507	0.6132706115375093	0.005942064867541452	Control
ENSG00000159248	336	158	178	2.3786331535643996	0.8918049022035157	0.7923991086902699	0.09940579351324585	AD
ENSG00000155744	47	2	45	0.5785604504580846	0.6548650656102996	0.10497647932656598	0.5498885862837336	AD
ENSG00000123570	296	80	216	2.892939640166204	0.8771973260708096	0.7010398613518197	0.17615746471898985	AD
ENSG00000197444	141	27	114	1.5124327550771504	0.7806387719732607	0.5183213666749196	0.26231740529834113	AD
ENSG00000165895	47	44	3	0.010116438950827119	0.6548650656102996	0.6093092349591483	0.04555583065115121	AD
ENSG00000172115	99	44	55	0.7139042627217173	0.7406536271354296	0.6093092349591483	0.13134439217628124	AD
ENSG00000011347	77	35	42	0.5379573067789948	0.7152760584303045	0.5685813320128744	0.1466947264174301	AD
ENSG00000183775	78	74	4	0.02365082017719039	0.7166377816291161	0.690146075761327	0.02649170586778904	AD
ENSG00000151376	43	32	11	0.11839148876173328	0.6438474870017331	0.5529834117355781	0.09086407526615503	AD
ENSG00000184867	66	20	46	0.5920948316844479	0.6973260708096063	0.4548155484030701	0.2425105224065362	AD
ENSG00000143013	151	188	-37	-0.5312588101037037	0.7873235949492449	0.8191384005942065	-0.03181480564496164	Control
ENSG00000129493	191	13	178	2.3786331535643996	0.8156721960881407	0.37880663530576875	0.43686556078237193	AD
ENSG00000185774	121	81	40	0.5108885443262682	0.7633077494429314	0.7025253775687051	0.060782371874226304	AD
ENSG00000005448	49	15	34	0.42968225696808854	0.6600643723693984	0.4067838573904432	0.2532805149789552	AD
ENSG00000187122	119	34	85	1.1199356995126155	0.7614508541718247	0.5628868531814806	0.1985640009903441	AD
ENSG00000131238	48	13	35	0.44321663819445184	0.6574647189898489	0.37880663530576875	0.2786580836840802	AD
ENSG00000085719	28	73	-45	-0.6395338599146099	0.5865313196335726	0.6884129735082941	-0.10188165387472148	Control
ENSG00000131143	33	24	9	0.09132272630900674	0.6070809606338202	0.49690517454815547	0.11017578608566475	AD
ENSG00000015676	8	122	-114	-1.5734061645336757	0.4022035157217133	0.7616984402079723	-0.35949492448625897	Control
ENSG00000175115	6	19	-13	-0.20643366067098526	0.35528596187175043	0.4461500371379054	-0.09086407526615498	Control
ENSG00000162944	88	35	53	0.6868355002689908	0.7287694974003466	0.5685813320128744	0.16018816538747216	AD
ENSG00000061794	55	113	-58	-0.8154808158573325	0.6744243624659569	0.7520425847982174	-0.07761822233226046	Control
ENSG00000057663	104	251	-147	-2.0200407450036635	0.7449863827680119	0.8618469918296608	-0.11686060906164897	Control
ENSG00000134057	138	9	129	1.7154484734725994	0.778781876702154	0.3161673681604357	0.4626145085417183	AD
ENSG00000155511	62	25	37	0.4702854006471784	0.6887843525625155	0.505694478831394	0.1830898737311215	AD
ENSG00000145545	107	263	-156	-2.141850176040933	0.7485763802921516	0.8687794008417925	-0.12020302054964094	Control
ENSG00000154146	53	69	-16	-0.24703680435007505	0.6692250557068581	0.6783857390443179	-0.009160683337459785	Control
ENSG00000268182	147	5	142	1.891395429415322	0.7848477345877692	0.22295122555087893	0.5618965090368904	AD
ENSG00000288062	53	77	-24	-0.35531185416098127	0.6692250557068581	0.6967071057192374	-0.027482050012379355	Control
ENSG00000171956	34	56	-22	-0.3282430917082547	0.6109185441941074	0.6485516216885368	-0.037633077494429346	Control
ENSG00000184557	3	24	-21	-0.3147087104818914	0.2442436246595692	0.49690517454815547	-0.25266154988858625	Control
ENSG00000099917	11	32	-21	-0.3147087104818914	0.45233968804159447	0.5529834117355781	-0.10064372369398361	Control
ENSG00000166441	17	34	-17	-0.2605711855764383	0.5127506808615994	0.5628868531814806	-0.05013617231988121	Control
ENSG00000150753	13	18	-5	-0.09815861086007906	0.47660311958405543	0.4371131468185194	0.03948997276553601	Control
ENSG00000196220	6	5	1	-0.016952323501899427	0.35528596187175043	0.22295122555087893	0.1323347363208715	AD
ENSG00000028116	19	1	18	0.2131321573462762	0.5283486011388958	0.03986135181975736	0.48848724931913845	AD
ENSG00000273611	10	15	-5	-0.09815861086007906	0.437360732854667	0.4067838573904432	0.030576875464223774	Control
ENSG00000135837	60	13	47	0.6056292129108112	0.6849467690022283	0.37880663530576875	0.30614013369645954	AD
ENSG00000116299	145	16	129	1.7154484734725994	0.7829908393166626	0.41718247090864075	0.36580836840802183	AD
ENSG00000136040	239	220	19	0.22666653857263946	0.8482297598415449	0.8417925229017084	0.006437236939836555	AD
ENSG00000075303	171	148	23	0.28080406347809256	0.8021787571180985	0.7857142857142857	0.016464471403812797	AD
ENSG00000286220	3	6	-3	-0.07108984840735251	0.2442436246595692	0.25043327556325823	-0.006189650903689031	Control
ENSG00000127946	46	17	29	0.3620103508362722	0.6522654122307502	0.42696211933646944	0.22530329289428075	AD
ENSG00000111696	104	29	75	0.9845918872489827	0.7449863827680119	0.5324337707353305	0.2125526120326814	AD
ENSG00000106682	31	102	-71	-0.9914277718000549	0.6000247586036147	0.7342163901955929	-0.13419163159197822	Control
ENSG00000134569	52	63	-11	-0.1793648982182587	0.6666254023273087	0.6655112651646448	0.001114137162663953	Control
ENSG00000182899	7	10	-3	-0.07108984840735251	0.3815300817033919	0.33473632087150285	0.046793760831889075	Control
ENSG00000181666	6	5	1	-0.016952323501899427	0.35528596187175043	0.22295122555087893	0.1323347363208715	AD
ENSG00000136827	62	143	-81	-1.1267715840636876	0.6887843525625155	0.7801435999009656	-0.09135924733845013	Control
ENSG00000171867	179	193	-14	-0.21996804189734853	0.8065115127506809	0.8219856400099035	-0.015474127259222592	Control
ENSG00000173473	120	30	90	1.1876076056444318	0.762441198316415	0.5396137657836098	0.22282743253280524	AD
ENSG00000146476	29	5	24	0.2943384447044558	0.5914830403565239	0.22295122555087893	0.36853181480564495	AD
ENSG00000250510	10	2	8	0.07778834508264348	0.437360732854667	0.10497647932656598	0.33238425352810097	AD
ENSG00000136770	2	1	1	-0.016952323501899427	0.18209952958653133	0.03986135181975736	0.14223817776677397	AD
ENSG00000131473	89	138	-49	-0.693671384820063	0.7298836345630106	0.7779153255756376	-0.04803169101262694	Control
ENSG00000063015	199	93	106	1.4041577052662442	0.8229759841544937	0.7208467442436246	0.10212923991086909	AD
ENSG00000174132	24	21	3	0.010116438950827119	0.5630106461995543	0.46521416192126763	0.09779648427828669	AD
ENSG00000121871	61	155	-94	-1.3027185400064103	0.6866798712552612	0.7899232483287942	-0.10324337707353304	Control
ENSG00000197322	37	40	-3	-0.07108984840735251	0.6239168110918544	0.5921020054468928	0.03181480564496153	Control
ENSG00000164889	14	3	11	0.11839148876173328	0.48601138895766277	0.15139886110423373	0.33461252785342904	AD
ENSG00000104852	12	27	-15	-0.23350242312371178	0.46595692002971034	0.5183213666749196	-0.05236444664520923	Control
ENSG00000163053	158	121	37	0.4702854006471784	0.7921515226541223	0.759593958900718	0.03255756375340424	AD
ENSG00000004897	218	333	-115	-1.586940545760039	0.835231492943798	0.9057935132458529	-0.07056202030205494	Control
ENSG00000232044	6	5	1	-0.016952323501899427	0.35528596187175043	0.22295122555087893	0.1323347363208715	AD
ENSG00000179388	19	21	-2	-0.057555467180989243	0.5283486011388958	0.46521416192126763	0.06313443921762818	Control
ENSG00000127511	110	132	-22	-0.3282430917082547	0.7519187917801436	0.7724684327803912	-0.020549641000247587	Control
ENSG00000172995	33	9	24	0.2943384447044558	0.6070809606338202	0.3161673681604357	0.2909135924733845	AD
ENSG00000113638	71	21	50	0.646232356589901	0.7051250309482545	0.46521416192126763	0.23991086902698688	AD
ENSG00000122490	24	66	-42	-0.5989307162355201	0.5630106461995543	0.6704629858875959	-0.10745233968804158	Control
ENSG00000173320	82	158	-76	-1.0590996779318713	0.722951225550879	0.7923991086902699	-0.06944788313939088	Control
ENSG00000108389	91	50	41	0.5244229255526315	0.7332260460510027	0.630354048031691	0.10287199801931168	AD
ENSG00000127995	102	8	94	1.241745130549885	0.7430056944788314	0.2948749690517455	0.4481307254270859	AD
ENSG00000126432	55	58	-3	-0.07108984840735251	0.6744243624659569	0.6531319633572666	0.021292399108690296	Control
ENSG00000135503	89	36	53	0.6868355002689908	0.7298836345630106	0.5753899480069324	0.1544936865560782	AD
ENSG00000160539	43	85	-42	-0.5989307162355201	0.6438474870017331	0.708838821490468	-0.06499133448873484	Control
ENSG00000188322	34	29	5	0.037185201403553664	0.6109185441941074	0.5324337707353305	0.07848477345877691	AD
ENSG00000092820	13	13	0	-0.030486704728262697	0.47660311958405543	0.37880663530576875	0.09779648427828669	Control
ENSG00000115216	26	67	-41	-0.5853963350091568	0.5757613270611538	0.672691260212924	-0.09692993315177023	Control
ENSG00000104327	54	29	25	0.3078728259308191	0.6717009160683337	0.5324337707353305	0.13926714533300322	AD
ENSG00000172466	17	42	-25	-0.3688462353873445	0.5127506808615994	0.5996533795493935	-0.0869026986877941	Control
ENSG00000067369	74	84	-10	-0.16583051699189544	0.7106957167615746	0.7077246843278039	0.002971032433770726	Control
ENSG00000158008	25	45	-20	-0.3011743292555282	0.5692002971032434	0.6132706115375093	-0.0440703144342659	Control
ENSG00000070831	33	12	21	0.253735301025366	0.6070809606338202	0.36568457538994803	0.2413963852438722	AD
ENSG00000138134	83	59	24	0.2943384447044558	0.7238177766773954	0.6558554097548899	0.06796236692250557	AD
ENSG00000134996	155	105	50	0.646232356589901	0.7896756622926467	0.7376825947016589	0.051993067590987874	AD
ENSG00000067900	181	58	123	1.6342421861144198	0.8086159940579352	0.6531319633572666	0.15548403070066852	AD
ENSG00000188730	54	67	-13	-0.20643366067098526	0.6717009160683337	0.672691260212924	-9.90344144590316e-4	Control
ENSG00000139722	6	8	-2	-0.057555467180989243	0.35528596187175043	0.2948749690517455	0.06041099282000495	Control
ENSG00000099624	9	29	-20	-0.3011743292555282	0.4207724684327804	0.5324337707353305	-0.11166130230255011	Control
ENSG00000233476	1	6	-5	-0.09815861086007906	0.07279029462738301	0.25043327556325823	-0.17764298093587522	Control
ENSG00000140474	5	4	1	-0.016952323501899427	0.3247090864075266	0.19076504085169596	0.13394404555583064	AD
ENSG00000180488	22	12	10	0.10485710753537002	0.5505075513741025	0.36568457538994803	0.18482297598415443	AD
ENSG00000162852	101	60	41	0.5244229255526315	0.7423867293884625	0.6582074770982916	0.08417925229017087	AD
ENSG00000101846	233	214	19	0.22666653857263946	0.844268383263184	0.8380787323594949	0.006189650903689059	AD
ENSG00000172888	217	8	209	2.798198971581661	0.8339935627630601	0.2948749690517455	0.5391185937113147	AD
ENSG00000132153	29	173	-144	-1.9794376013245738	0.5914830403565239	0.8071304778410497	-0.21564743748452586	Control
ENSG00000163462	11	22	-11	-0.1793648982182587	0.45233968804159447	0.47623174052983414	-0.023892052488239668	Control
ENSG00000004961	218	370	-152	-2.08771265113548	0.835231492943798	0.921020054468928	-0.08578856152513004	Control
ENSG00000173621	23	21	2	-0.0034179422755361536	0.5565734092597178	0.46521416192126763	0.09135924733845013	AD
ENSG00000059377	6	21	-15	-0.23350242312371178	0.35528596187175043	0.46521416192126763	-0.1099282000495172	Control
ENSG00000169851	72	109	-37	-0.5312588101037037	0.7077246843278039	0.7442436246595692	-0.03651894033176528	Control
ENSG00000154511	73	48	25	0.3078728259308191	0.709333993562763	0.6234216390195593	0.08591235454320378	AD
ENSG00000013297	6	2	4	0.02365082017719039	0.35528596187175043	0.10497647932656598	0.2503094825451845	AD
ENSG00000169439	6	52	-46	-0.6530682411409732	0.35528596187175043	0.6370388710076752	-0.28175290913592477	Control
ENSG00000103326	18	14	4	0.02365082017719039	0.5199306759098787	0.3932904184204011	0.12664025748947766	AD
ENSG00000189223	1	1	0	-0.030486704728262697	0.07279029462738301	0.03986135181975736	0.03292894280762565	Control
ENSG00000158864	12	19	-7	-0.12522737331280562	0.46595692002971034	0.4461500371379054	0.019806882891804933	Control
ENSG00000214376	116	103	13	0.14546025121445982	0.7579846496657588	0.7352067343401832	0.022777915325575604	AD
ENSG00000158467	17	35	-18	-0.2741055668028016	0.5127506808615994	0.5685813320128744	-0.05583065115127506	Control
ENSG00000106571	21	22	-1	-0.04402108595462597	0.5432037633077494	0.47623174052983414	0.06697202277791531	Control
ENSG00000165121	72	34	38	0.4838197818735417	0.7077246843278039	0.5628868531814806	0.14483783114632331	AD
ENSG00000101421	133	209	-76	-1.0590996779318713	0.7750680861599406	0.8342411487992077	-0.05917306263926714	Control
ENSG00000166167	52	170	-118	-1.6275436894391289	0.6666254023273087	0.8040356523892053	-0.13741025006189655	Control
ENSG00000178233	17	122	-105	-1.4515967334964062	0.5127506808615994	0.7616984402079723	-0.24894775934637292	Control
ENSG00000189079	56	7	49	0.6326979753635377	0.6770240158455063	0.2742015350334241	0.4028224808120822	AD
ENSG00000167535	31	34	-3	-0.07108984840735251	0.6000247586036147	0.5628868531814806	0.03713790542213413	Control
ENSG00000073910	109	179	-70	-0.9778933905736917	0.7504332755632582	0.8130725427085912	-0.06263926714533297	Control
ENSG00000143756	63	106	-43	-0.6124650974618834	0.6912602129239911	0.7395394899727655	-0.04827927704877444	Control
ENSG00000157778	22	91	-69	-0.9643590093473284	0.5505075513741025	0.7176281257737064	-0.16712057439960393	Control
ENSG00000166681	239	153	86	1.1334700807389788	0.8482297598415449	0.788932904184204	0.059296855657340886	AD
ENSG00000185122	12	7	5	0.037185201403553664	0.46595692002971034	0.2742015350334241	0.19175538499628625	AD
ENSG00000185787	75	161	-86	-1.194443490195504	0.7126764050507551	0.7961128992324833	-0.08343649418172816	Control
ENSG00000154822	163	227	-64	-0.896687103215512	0.7959891062144095	0.8452587274077742	-0.04926962119336464	Control
ENSG00000115966	71	117	-46	-0.6530682411409732	0.7051250309482545	0.7561277543946522	-0.05100272344639767	Control
ENSG00000063245	58	176	-118	-1.6275436894391289	0.6818519435503838	0.8099777172567467	-0.1281257737063629	Control
ENSG00000065665	26	11	15	0.17252901366718637	0.5757613270611538	0.35070562020302054	0.22505570685813325	AD
ENSG00000008735	162	160	2	-0.0034179422755361536	0.7951225550878931	0.7948749690517455	2.4758603614760677e-4	AD
ENSG00000261678	18	34	-16	-0.24703680435007505	0.5199306759098787	0.5628868531814806	-0.042956177271601836	Control
ENSG00000116604	119	233	-114	-1.5734061645336757	0.7614508541718247	0.8495914830403565	-0.0881406288685318	Control
ENSG00000173369	13	49	-36	-0.5177244288773405	0.47660311958405543	0.6266402574894776	-0.15003713790542217	Control
ENSG00000079335	35	32	3	0.010116438950827119	0.6147561277543947	0.5529834117355781	0.06177271601881662	AD
ENSG00000173611	71	21	50	0.646232356589901	0.7051250309482545	0.46521416192126763	0.23991086902698688	AD
ENSG00000125848	201	53	148	1.9726017167735015	0.8240901213171578	0.6396385243872246	0.18445159692993318	AD
ENSG00000136830	53	27	26	0.32140720715718235	0.6692250557068581	0.5183213666749196	0.15090368903193851	AD
ENSG00000133703	193	423	-230	-3.1433943867918153	0.8174052983411736	0.9388462490715523	-0.12144095073037875	Control
ENSG00000128482	38	22	16	0.18606339489354964	0.6278781876702154	0.47623174052983414	0.15164644714038128	AD
ENSG00000121481	64	1	63	0.8221793125326234	0.6934884872493191	0.03986135181975736	0.6536271354295617	AD
ENSG00000126705	39	59	-20	-0.3011743292555282	0.632087150284724	0.6558554097548899	-0.02376825947016592	Control
ENSG00000183049	32	38	-6	-0.11169299208644234	0.6033671700916068	0.5855409754889824	0.017826194602624357	Control
ENSG00000136280	16	27	-11	-0.1793648982182587	0.5049517207229512	0.5183213666749196	-0.013369645951968323	Control
ENSG00000196187	7	16	-9	-0.15229613576553216	0.3815300817033919	0.41718247090864075	-0.035652389205248824	Control
ENSG00000264522	55	16	39	0.49735416309990493	0.6744243624659569	0.41718247090864075	0.2572418915573162	AD
ENSG00000144730	11	12	-1	-0.04402108595462597	0.45233968804159447	0.36568457538994803	0.08665511265164644	Control
ENSG00000136810	27	5	22	0.26726968225172926	0.5817033919286952	0.22295122555087893	0.3587521663778163	AD
ENSG00000258890	8	5	3	0.010116438950827119	0.4022035157217133	0.22295122555087893	0.17925229017083438	AD
ENSG00000162373	36	39	-3	-0.07108984840735251	0.6192126764050507	0.589130973013122	0.030081703391928727	Control
ENSG00000167491	10	5	5	0.037185201403553664	0.437360732854667	0.22295122555087893	0.21440950730378805	AD
ENSG00000166073	65	170	-105	-1.4515967334964062	0.6953453825204259	0.8040356523892053	-0.10869026986877939	Control
ENSG00000057608	35	55	-20	-0.3011743292555282	0.6147561277543947	0.6454567962366923	-0.030700668482297577	Control
ENSG00000204248	4	16	-12	-0.19289927944462198	0.2896756622926467	0.41718247090864075	-0.12750680861599406	Control
ENSG00000101849	122	111	11	0.11839148876173328	0.7641743005694479	0.748328794256004	0.015845506313443947	AD
ENSG00000143952	93	7	86	1.1334700807389788	0.7347115622678881	0.2742015350334241	0.46051002723446405	AD
ENSG00000125037	57	21	36	0.45675101942081514	0.6794998762069819	0.46521416192126763	0.2142857142857143	AD
ENSG00000108528	12	15	-3	-0.07108984840735251	0.46595692002971034	0.4067838573904432	0.05917306263926714	Control
ENSG00000137996	108	82	26	0.32140720715718235	0.7491953453825204	0.7043822728398118	0.04481307254270861	AD
ENSG00000150051	75	5	70	0.9169199811171663	0.7126764050507551	0.22295122555087893	0.4897251794998762	AD
ENSG00000171444	14	27	-13	-0.20643366067098526	0.48601138895766277	0.5183213666749196	-0.0323099777172568	Control
ENSG00000181915	10	71	-61	-0.8560839595364222	0.437360732854667	0.6842040108937856	-0.2468432780391186	Control
ENSG00000137409	35	148	-113	-1.5598717833073124	0.6147561277543947	0.7857142857142857	-0.170958157959891	Control
ENSG00000101400	21	16	5	0.037185201403553664	0.5432037633077494	0.41718247090864075	0.1260212923991087	AD
ENSG00000114166	58	83	-25	-0.3688462353873445	0.6818519435503838	0.7062391681109186	-0.02438722456053477	Control
ENSG00000182621	78	11	67	0.8763168374380765	0.7166377816291161	0.35070562020302054	0.3659321614260955	AD
ENSG00000137166	21	100	-79	-1.0997028216109612	0.5432037633077494	0.7311215647437485	-0.187917801435999	Control
ENSG00000143786	37	15	22	0.26726968225172926	0.6239168110918544	0.4067838573904432	0.21713295370141117	AD
ENSG00000272321	37	2	35	0.44321663819445184	0.6239168110918544	0.10497647932656598	0.5189403317652884	AD
ENSG00000078114	26	48	-22	-0.3282430917082547	0.5757613270611538	0.6234216390195593	-0.04766031195840548	Control
ENSG00000134986	54	13	41	0.5244229255526315	0.6717009160683337	0.37880663530576875	0.29289428076256496	AD
ENSG00000103591	96	138	-42	-0.5989307162355201	0.7370636296112899	0.7779153255756376	-0.04085169596434768	Control
ENSG00000247556	76	61	15	0.17252901366718637	0.714409507303788	0.660807130477841	0.05360237682594704	AD
ENSG00000122786	26	24	2	-0.0034179422755361536	0.5757613270611538	0.49690517454815547	0.07885615251299832	AD
ENSG00000134909	37	38	-1	-0.04402108595462597	0.6239168110918544	0.5855409754889824	0.038375835602871944	Control
ENSG00000170465	8	24	-16	-0.24703680435007505	0.4022035157217133	0.49690517454815547	-0.09470165882644216	Control
ENSG00000126067	70	4	66	0.8627824562117133	0.7026491705867789	0.19076504085169596	0.5118841297350829	AD
ENSG00000076555	2	1	1	-0.016952323501899427	0.18209952958653133	0.03986135181975736	0.14223817776677397	AD
ENSG00000069702	4	51	-47	-0.6666026223673365	0.2896756622926467	0.6340678385739045	-0.3443921762812578	Control
ENSG00000139767	92	28	64	0.8357136937589867	0.7339688041594454	0.5251299826689775	0.20883882149046795	AD
ENSG00000164292	42	67	-25	-0.3688462353873445	0.6413716266402575	0.672691260212924	-0.03131963357266654	Control
ENSG00000158109	52	243	-191	-2.6155535189636474	0.6666254023273087	0.8567714780886359	-0.19014607576132714	Control
ENSG00000148154	131	35	96	1.2688138930026114	0.7730873978707601	0.5685813320128744	0.20450606585788567	AD
ENSG00000104369	39	64	-25	-0.3688462353873445	0.632087150284724	0.6673681604357514	-0.03528101015102747	Control
ENSG00000156639	15	12	3	0.010116438950827119	0.4961624164397128	0.36568457538994803	0.1304778410497648	AD
ENSG00000179918	30	49	-19	-0.28763994802916487	0.5963109680614014	0.6266402574894776	-0.030329289428076223	Control
ENSG00000204287	6	24	-18	-0.2741055668028016	0.35528596187175043	0.49690517454815547	-0.14161921267640504	Control
ENSG00000109065	3	6	-3	-0.07108984840735251	0.2442436246595692	0.25043327556325823	-0.006189650903689031	Control
ENSG00000189369	269	70	199	2.6628551593180285	0.8641990591730626	0.6812329784600148	0.18296608071304776	AD
ENSG00000125743	21	13	8	0.07778834508264348	0.5432037633077494	0.37880663530576875	0.1643971280019807	AD
ENSG00000146426	49	1	48	0.6191635941371744	0.6600643723693984	0.03986135181975736	0.620203020549641	AD
ENSG00000132613	51	12	39	0.49735416309990493	0.6641495419658331	0.36568457538994803	0.29846496657588506	AD
ENSG00000148175	21	59	-38	-0.544793191330067	0.5432037633077494	0.6558554097548899	-0.11265164644714043	Control
ENSG00000063176	19	33	-14	-0.21996804189734853	0.5283486011388958	0.5590492696211934	-0.030700668482297577	Control
ENSG00000130559	41	189	-148	-2.033575126230027	0.6387719732607081	0.820004951720723	-0.18123297846001485	Control
ENSG00000128011	23	76	-53	-0.7478089097255161	0.5565734092597178	0.6947264174300569	-0.13815300817033915	Control
ENSG00000183780	23	18	5	0.037185201403553664	0.5565734092597178	0.4371131468185194	0.11946026244119834	AD
ENSG00000239779	2	1	1	-0.016952323501899427	0.18209952958653133	0.03986135181975736	0.14223817776677397	AD
ENSG00000164100	54	78	-24	-0.35531185416098127	0.6717009160683337	0.6978212428819015	-0.026120326813567796	Control
ENSG00000197555	12	21	-9	-0.15229613576553216	0.46595692002971034	0.46521416192126763	7.427581084427093e-4	Control
ENSG00000110925	112	50	62	0.8086449313062603	0.753404307997029	0.630354048031691	0.12305025996533792	AD
ENSG00000164266	8	41	-33	-0.47712128519825064	0.4022035157217133	0.5958157959891062	-0.19361228026739286	Control
ENSG00000114388	16	9	7	0.06425396385628021	0.5049517207229512	0.3161673681604357	0.18878435256251552	AD
ENSG00000119522	6	22	-16	-0.24703680435007505	0.35528596187175043	0.47623174052983414	-0.1209457786580837	Control
ENSG00000111530	22	160	-138	-1.8982313139663942	0.5505075513741025	0.7948749690517455	-0.24436741767764303	Control
ENSG00000277791	78	33	45	0.5785604504580846	0.7166377816291161	0.5590492696211934	0.15758851200792268	AD
ENSG00000132359	27	76	-49	-0.693671384820063	0.5817033919286952	0.6947264174300569	-0.11302302550136167	Control
ENSG00000006283	50	20	30	0.37554473206263544	0.6622926466947264	0.4548155484030701	0.20747709829165634	AD
ENSG00000218336	63	170	-107	-1.4786654959491328	0.6912602129239911	0.8040356523892053	-0.11277543946521418	Control
ENSG00000159733	36	17	19	0.22666653857263946	0.6192126764050507	0.42696211933646944	0.1922505570685813	AD
ENSG00000147604	14	16	-2	-0.057555467180989243	0.48601138895766277	0.41718247090864075	0.06882891804902203	Control
ENSG00000102935	36	22	14	0.1589946324408231	0.6192126764050507	0.47623174052983414	0.1429809358752166	AD
ENSG00000133135	339	125	214	2.8658708777134776	0.8930428323842535	0.7652884377321119	0.12775439465214167	AD
ENSG00000116396	25	90	-65	-0.9102214844418753	0.5692002971032434	0.716142609556821	-0.14694231245357758	Control
ENSG00000109787	20	19	1	-0.016952323501899427	0.5360237682594702	0.4461500371379054	0.08987373112156477	AD
ENSG00000150907	35	99	-64	-0.896687103215512	0.6147561277543947	0.7298836345630106	-0.11512750680861594	Control
ENSG00000104866	47	172	-125	-1.7222843580236717	0.6548650656102996	0.806387719732607	-0.15152265412230748	Control
ENSG00000104331	74	61	13	0.14546025121445982	0.7106957167615746	0.660807130477841	0.049888586283733605	AD
ENSG00000168385	10	5	5	0.037185201403553664	0.437360732854667	0.22295122555087893	0.21440950730378805	AD
ENSG00000197892	13	2	11	0.11839148876173328	0.47660311958405543	0.10497647932656598	0.3716266402574895	AD
ENSG00000166793	38	7	31	0.38907911328899875	0.6278781876702154	0.2742015350334241	0.3536766526367913	AD
ENSG00000215788	19	24	-5	-0.09815861086007906	0.5283486011388958	0.49690517454815547	0.03144342659074034	Control
ENSG00000163513	15	27	-12	-0.19289927944462198	0.4961624164397128	0.5183213666749196	-0.022158950235206754	Control
ENSG00000128602	45	29	16	0.18606339489354964	0.6496657588512008	0.5324337707353305	0.11723198811587032	AD
ENSG00000092051	66	122	-56	-0.7884120534046059	0.6973260708096063	0.7616984402079723	-0.06437236939836599	Control
ENSG00000172493	18	15	3	0.010116438950827119	0.5199306759098787	0.4067838573904432	0.11314681851943553	AD
ENSG00000166224	198	3	195	2.6087176344125753	0.8219856400099035	0.15139886110423373	0.6705867789056698	AD
ENSG00000084754	4	7	-3	-0.07108984840735251	0.2896756622926467	0.2742015350334241	0.015474127259222592	Control
ENSG00000096654	94	21	73	0.9575231247962562	0.7354543203763307	0.46521416192126763	0.2702401584550631	AD
ENSG00000184545	11	25	-14	-0.21996804189734853	0.45233968804159447	0.505694478831394	-0.05335479078979949	Control
ENSG00000198113	3	4	-1	-0.04402108595462597	0.2442436246595692	0.19076504085169596	0.05347858380787324	Control
ENSG00000198242	17	30	-13	-0.20643366067098526	0.5127506808615994	0.5396137657836098	-0.026863084922010394	Control
ENSG00000169604	8	30	-22	-0.3282430917082547	0.4022035157217133	0.5396137657836098	-0.13741025006189644	Control
ENSG00000167615	18	20	-2	-0.057555467180989243	0.5199306759098787	0.4548155484030701	0.06511512750680865	Control
ENSG00000126464	44	126	-82	-1.140305965290051	0.6468185194355038	0.7670215399851449	-0.12020302054964105	Control
ENSG00000141458	2	3	-1	-0.04402108595462597	0.18209952958653133	0.15139886110423373	0.030700668482297605	Control
ENSG00000184117	116	218	-102	-1.4109935898173165	0.7579846496657588	0.8403070066848229	-0.0823223570190641	Control
ENSG00000166411	146	320	-174	-2.385469038115472	0.7839811834612528	0.8991086902698687	-0.11512750680861594	Control
ENSG00000152689	11	2	9	0.09132272630900674	0.45233968804159447	0.10497647932656598	0.34736320871502846	AD
ENSG00000070778	36	9	27	0.33494158838354565	0.6192126764050507	0.3161673681604357	0.303045308244615	AD
ENSG00000260838	10	1	9	0.09132272630900674	0.437360732854667	0.03986135181975736	0.3974993810349096	AD
ENSG00000165406	23	2	21	0.253735301025366	0.5565734092597178	0.10497647932656598	0.4515969299331518	AD
ENSG00000119986	162	164	-2	-0.057555467180989243	0.7951225550878931	0.7975984154493686	-0.0024758603614755126	Control
ENSG00000229238	2	1	1	-0.016952323501899427	0.18209952958653133	0.03986135181975736	0.14223817776677397	AD
ENSG00000144550	3	1	2	-0.0034179422755361536	0.2442436246595692	0.03986135181975736	0.20438227283981183	AD
ENSG00000170606	1	9	-8	-0.1387617545391689	0.07279029462738301	0.3161673681604357	-0.2433770735330527	Control
ENSG00000188352	69	8	61	0.795110550079897	0.7011636543698936	0.2948749690517455	0.4062886853181481	AD
ENSG00000067141	24	28	-4	-0.08462422963371578	0.5630106461995543	0.5251299826689775	0.03788066353057684	Control
ENSG00000115641	152	45	107	1.4176920864926075	0.7881901460757613	0.6132706115375093	0.17491953453825204	AD
ENSG00000091622	70	152	-82	-1.140305965290051	0.7026491705867789	0.7881901460757613	-0.08554097548898243	Control
ENSG00000204052	79	122	-43	-0.6124650974618834	0.7186184699182966	0.7616984402079723	-0.043079970289675695	Control
ENSG00000128654	78	49	29	0.3620103508362722	0.7166377816291161	0.6266402574894776	0.08999752413963846	AD
ENSG00000136710	42	92	-50	-0.7072057660464263	0.6413716266402575	0.7191136419905917	-0.0777420153503342	Control
ENSG00000104643	36	25	11	0.11839148876173328	0.6192126764050507	0.505694478831394	0.11351819757365678	AD
ENSG00000205189	23	32	-9	-0.15229613576553216	0.5565734092597178	0.5529834117355781	0.0035899975241396875	Control
ENSG00000154429	70	38	32	0.402613494515362	0.7026491705867789	0.5855409754889824	0.11710819509779646	AD
ENSG00000170989	24	53	-29	-0.4229837602927976	0.5630106461995543	0.6396385243872246	-0.07662787818767025	Control
ENSG00000125846	8	13	-5	-0.09815861086007906	0.4022035157217133	0.37880663530576875	0.023396880415944565	Control
ENSG00000127666	29	95	-66	-0.9237558656682386	0.5914830403565239	0.7244367417677643	-0.1329537014112404	Control
ENSG00000184203	37	68	-31	-0.4500525227455241	0.6239168110918544	0.6754147066105471	-0.05149789551869277	Control
ENSG00000077522	38	23	15	0.17252901366718637	0.6278781876702154	0.4866303540480317	0.14124783362218374	AD
ENSG00000114270	11	17	-6	-0.11169299208644234	0.45233968804159447	0.42696211933646944	0.02537756870512503	Control
ENSG00000015592	17	1	16	0.18606339489354964	0.5127506808615994	0.03986135181975736	0.472889329041842	AD
ENSG00000145012	24	22	2	-0.0034179422755361536	0.5630106461995543	0.47623174052983414	0.08677890566972019	AD
ENSG00000115386	5	23	-18	-0.2741055668028016	0.3247090864075266	0.4866303540480317	-0.16192126764050507	Control
ENSG00000184983	25	9	16	0.18606339489354964	0.5692002971032434	0.3161673681604357	0.25303292894280766	AD
ENSG00000111058	37	37	0	-0.030486704728262697	0.6239168110918544	0.5809606338202525	0.042956177271601836	Control
ENSG00000184347	23	20	3	0.010116438950827119	0.5565734092597178	0.4548155484030701	0.10175786085664767	AD
ENSG00000001629	72	15	57	0.7409730251744439	0.7077246843278039	0.4067838573904432	0.3009408269373607	AD
ENSG00000131174	70	43	27	0.33494158838354565	0.7026491705867789	0.6043575142361971	0.09829165635058179	AD
ENSG00000124243	203	282	-79	-1.0997028216109612	0.8253280514978956	0.8783114632334736	-0.05298341173557808	Control
ENSG00000134748	16	7	9	0.09132272630900674	0.5049517207229512	0.2742015350334241	0.23075018568952715	AD
ENSG00000144713	14	20	-6	-0.11169299208644234	0.48601138895766277	0.4548155484030701	0.03119584055459268	Control
ENSG00000150054	171	5	166	2.2162205788480405	0.8021787571180985	0.22295122555087893	0.5792275315672195	AD
ENSG00000077585	12	23	-11	-0.1793648982182587	0.46595692002971034	0.4866303540480317	-0.020673434018321335	Control
ENSG00000092068	82	37	45	0.5785604504580846	0.722951225550879	0.5809606338202525	0.14199059173062645	AD
ENSG00000112232	16	15	1	-0.016952323501899427	0.5049517207229512	0.4067838573904432	0.09816786333250804	AD
ENSG00000146648	11	19	-8	-0.1387617545391689	0.45233968804159447	0.4461500371379054	0.006189650903689059	Control
ENSG00000203761	11	20	-9	-0.15229613576553216	0.45233968804159447	0.4548155484030701	-0.0024758603614756236	Control
ENSG00000108018	34	8	26	0.32140720715718235	0.6109185441941074	0.2948749690517455	0.3160435751423619	AD
ENSG00000132463	26	181	-155	-2.12831579481457	0.5757613270611538	0.8146818519435504	-0.23892052488239657	Control
ENSG00000124702	11	24	-13	-0.20643366067098526	0.45233968804159447	0.49690517454815547	-0.044565486506561	Control
ENSG00000115977	19	24	-5	-0.09815861086007906	0.5283486011388958	0.49690517454815547	0.03144342659074034	Control
ENSG00000197157	3	14	-11	-0.1793648982182587	0.2442436246595692	0.3932904184204011	-0.14904679376083188	Control
ENSG00000119705	4	6	-2	-0.057555467180989243	0.2896756622926467	0.25043327556325823	0.039242386729388457	Control
ENSG00000166197	39	130	-91	-1.2621153963273204	0.632087150284724	0.7709829165635058	-0.13889576627878186	Control
ENSG00000143575	19	8	11	0.11839148876173328	0.5283486011388958	0.2948749690517455	0.23347363208715033	AD
ENSG00000114738	1	3	-2	-0.057555467180989243	0.07279029462738301	0.15139886110423373	-0.07860856647685072	Control
ENSG00000143499	37	27	10	0.10485710753537002	0.6239168110918544	0.5183213666749196	0.1055954444169348	AD
ENSG00000204396	53	16	37	0.4702854006471784	0.6692250557068581	0.41718247090864075	0.25204258479821734	AD
ENSG00000185811	1	17	-16	-0.24703680435007505	0.07279029462738301	0.42696211933646944	-0.3541718247090864	Control
ENSG00000116221	41	167	-126	-1.735818739250035	0.6387719732607081	0.8009408269373607	-0.16216885367665257	Control
ENSG00000144355	4	12	-8	-0.1387617545391689	0.2896756622926467	0.36568457538994803	-0.07600891309730134	Control
ENSG00000261786	4	6	-2	-0.057555467180989243	0.2896756622926467	0.25043327556325823	0.039242386729388457	Control
ENSG00000167881	93	144	-51	-0.7207401472727896	0.7347115622678881	0.7812577370636297	-0.046546174795741524	Control
ENSG00000157782	21	2	19	0.22666653857263946	0.5432037633077494	0.10497647932656598	0.4382272839811835	AD
ENSG00000007264	37	42	-5	-0.09815861086007906	0.6239168110918544	0.5996533795493935	0.02426343154246091	Control
ENSG00000073464	177	412	-235	-3.2110662929236318	0.8055211686060906	0.9341421143847487	-0.12862094577865812	Control
ENSG00000116459	44	24	20	0.24020091979900274	0.6468185194355038	0.49690517454815547	0.14991334488734837	AD
ENSG00000012232	12	79	-67	-0.9372902468946019	0.46595692002971034	0.6993067590987868	-0.23334983906907647	Control
ENSG00000134030	32	76	-44	-0.6259994786882467	0.6033671700916068	0.6947264174300569	-0.09135924733845013	Control
ENSG00000101298	13	18	-5	-0.09815861086007906	0.47660311958405543	0.4371131468185194	0.03948997276553601	Control
ENSG00000138696	35	50	-15	-0.23350242312371178	0.6147561277543947	0.630354048031691	-0.01559792027729634	Control
ENSG00000125869	109	18	91	1.201141986870795	0.7504332755632582	0.4371131468185194	0.3133201287447388	AD
ENSG00000055208	7	3	4	0.02365082017719039	0.3815300817033919	0.15139886110423373	0.2301312205991582	AD
ENSG00000163349	5	18	-13	-0.20643366067098526	0.3247090864075266	0.4371131468185194	-0.11240406041099282	Control
ENSG00000180370	28	68	-40	-0.5718619537827936	0.5865313196335726	0.6754147066105471	-0.08888338697697451	Control
ENSG00000124733	27	26	1	-0.016952323501899427	0.5817033919286952	0.5118841297350829	0.06981926219361234	AD
ENSG00000175352	127	72	55	0.7139042627217173	0.7692498143104729	0.6865560782371875	0.08269373607328545	AD
ENSG00000101438	95	165	-70	-0.9778933905736917	0.735949492448626	0.7989601386481803	-0.06301064619955432	Control
ENSG00000167037	212	62	150	1.999670479226228	0.8313939093835108	0.6634067838573905	0.16798712552612027	AD
ENSG00000124134	145	33	112	1.4853639926244238	0.7829908393166626	0.5590492696211934	0.2239415696954692	AD
ENSG00000129646	4	12	-8	-0.1387617545391689	0.2896756622926467	0.36568457538994803	-0.07600891309730134	Control
ENSG00000198604	99	66	33	0.4161478757417253	0.7406536271354296	0.6704629858875959	0.0701906412478337	AD
ENSG00000147724	76	87	-11	-0.1793648982182587	0.714409507303788	0.7111908888338697	0.003218618469918333	Control
ENSG00000119446	43	46	-3	-0.07108984840735251	0.6438474870017331	0.616860609061649	0.026986877940084142	Control
ENSG00000160695	47	95	-48	-0.6801370035936998	0.6548650656102996	0.7244367417677643	-0.06957167615746473	Control
ENSG00000125827	180	249	-69	-0.9643590093473284	0.8076256499133448	0.8601138895766279	-0.05248823966328309	Control
ENSG00000113552	8	4	4	0.02365082017719039	0.4022035157217133	0.19076504085169596	0.21143847487001735	AD
ENSG00000140941	57	44	13	0.14546025121445982	0.6794998762069819	0.6093092349591483	0.07019064124783359	AD
ENSG00000080822	12	13	-1	-0.04402108595462597	0.46595692002971034	0.37880663530576875	0.0871502847239416	Control
ENSG00000183580	25	36	-11	-0.1793648982182587	0.5692002971032434	0.5753899480069324	-0.006189650903689059	Control
ENSG00000100485	61	18	43	0.5514916880053581	0.6866798712552612	0.4371131468185194	0.24956672443674177	AD
ENSG00000097007	49	24	25	0.3078728259308191	0.6600643723693984	0.49690517454815547	0.16315919782124294	AD
ENSG00000078804	10	4	6	0.05071958262991694	0.437360732854667	0.19076504085169596	0.24659569200297102	AD
ENSG00000116133	61	112	-51	-0.7207401472727896	0.6866798712552612	0.7504332755632582	-0.06375340430799703	Control
ENSG00000153443	21	29	-8	-0.1387617545391689	0.5432037633077494	0.5324337707353305	0.010769992572418952	Control
ENSG00000115568	8	75	-67	-0.9372902468946019	0.4022035157217133	0.6921267640505075	-0.28992324832879424	Control
ENSG00000111731	36	18	18	0.2131321573462762	0.6192126764050507	0.4371131468185194	0.1820995295865313	AD
ENSG00000100519	18	30	-12	-0.19289927944462198	0.5199306759098787	0.5396137657836098	-0.01968308987373102	Control
ENSG00000112697	28	20	8	0.07778834508264348	0.5865313196335726	0.4548155484030701	0.13171577123050254	AD
ENSG00000035720	20	36	-16	-0.24703680435007505	0.5360237682594702	0.5753899480069324	-0.03936617974746226	Control
ENSG00000181072	33	1	32	0.402613494515362	0.6070809606338202	0.03986135181975736	0.5672196088140629	AD
ENSG00000023228	29	23	6	0.05071958262991694	0.5914830403565239	0.4866303540480317	0.1048526863084922	AD
ENSG00000139636	12	5	7	0.06425396385628021	0.46595692002971034	0.22295122555087893	0.2430056944788314	AD
ENSG00000147459	10	7	3	0.010116438950827119	0.437360732854667	0.2742015350334241	0.16315919782124289	AD
ENSG00000175265	12	30	-18	-0.2741055668028016	0.46595692002971034	0.5396137657836098	-0.07365684575389941	Control
ENSG00000166501	37	37	0	-0.030486704728262697	0.6239168110918544	0.5809606338202525	0.042956177271601836	Control
ENSG00000091129	67	42	25	0.3078728259308191	0.6993067590987868	0.5996533795493935	0.09965337954939335	AD
ENSG00000091513	9	7	2	-0.0034179422755361536	0.4207724684327804	0.2742015350334241	0.14657093339935628	AD
ENSG00000004478	2	3	-1	-0.04402108595462597	0.18209952958653133	0.15139886110423373	0.030700668482297605	Control
ENSG00000064393	24	17	7	0.06425396385628021	0.5630106461995543	0.42696211933646944	0.13604852686308488	AD
ENSG00000108176	57	7	50	0.646232356589901	0.6794998762069819	0.2742015350334241	0.40529834117355784	AD
ENSG00000140398	21	33	-12	-0.19289927944462198	0.5432037633077494	0.5590492696211934	-0.015845506313443947	Control
ENSG00000155886	69	45	24	0.2943384447044558	0.7011636543698936	0.6132706115375093	0.0878930428323843	AD
ENSG00000133624	9	8	1	-0.016952323501899427	0.4207724684327804	0.2948749690517455	0.1258974993810349	AD
ENSG00000198563	3	8	-5	-0.09815861086007906	0.2442436246595692	0.2948749690517455	-0.050631344392176286	Control
ENSG00000074054	20	87	-67	-0.9372902468946019	0.5360237682594702	0.7111908888338697	-0.17516712057439954	Control
ENSG00000187984	5	6	-1	-0.04402108595462597	0.3247090864075266	0.25043327556325823	0.07427581084426838	Control
ENSG00000075043	106	204	-98	-1.3568560649118633	0.7475860361475613	0.8310225303292894	-0.08343649418172816	Control
ENSG00000004534	10	22	-12	-0.19289927944462198	0.437360732854667	0.47623174052983414	-0.03887100767516716	Control
ENSG00000169258	122	211	-89	-1.2350466338745938	0.7641743005694479	0.8351076999257242	-0.0709333993562763	Control
ENSG00000081237	7	41	-34	-0.4906556664246139	0.3815300817033919	0.5958157959891062	-0.21428571428571425	Control
ENSG00000188419	226	135	91	1.201141986870795	0.8390690765040851	0.7755632582322357	0.06350581827184942	AD
ENSG00000153820	6	10	-4	-0.08462422963371578	0.35528596187175043	0.33473632087150285	0.020549641000247587	Control
ENSG00000079134	14	10	4	0.02365082017719039	0.48601138895766277	0.33473632087150285	0.15127506808615993	AD
ENSG00000187498	1	1	0	-0.030486704728262697	0.07279029462738301	0.03986135181975736	0.03292894280762565	Control
ENSG00000164418	16	9	7	0.06425396385628021	0.5049517207229512	0.3161673681604357	0.18878435256251552	AD
ENSG00000133424	169	302	-133	-1.830559407834578	0.8001980688289181	0.8900717999504828	-0.089873731121564715	Control
ENSG00000090861	78	208	-130	-1.789956264155488	0.7166377816291161	0.8333745976726913	-0.11673681604357522	Control
ENSG00000129055	43	21	22	0.26726968225172926	0.6438474870017331	0.46521416192126763	0.17863332508046548	AD
ENSG00000042753	195	88	107	1.4176920864926075	0.8201287447387967	0.713295370141124	0.10683337459767273	AD
ENSG00000213949	8	8	0	-0.030486704728262697	0.4022035157217133	0.2948749690517455	0.10732854666996783	Control
ENSG00000166913	90	11	79	1.038729412154436	0.7316167368160436	0.35070562020302054	0.380911116613023	AD
ENSG00000136848	15	8	7	0.06425396385628021	0.4961624164397128	0.2948749690517455	0.20128744738796733	AD
ENSG00000198258	26	21	5	0.037185201403553664	0.5757613270611538	0.46521416192126763	0.11054716513988616	AD
ENSG00000099308	23	121	-98	-1.3568560649118633	0.5565734092597178	0.759593958900718	-0.20302054964100025	Control
ENSG00000114439	27	23	4	0.02365082017719039	0.5817033919286952	0.4866303540480317	0.09507303788066357	AD
ENSG00000054690	10	13	-3	-0.07108984840735251	0.437360732854667	0.37880663530576875	0.05855409754889823	Control
ENSG00000067646	2	22	-20	-0.3011743292555282	0.18209952958653133	0.47623174052983414	-0.2941322109433028	Control
ENSG00000143947	1	1	0	-0.030486704728262697	0.07279029462738301	0.03986135181975736	0.03292894280762565	Control
ENSG00000237515	19	21	-2	-0.057555467180989243	0.5283486011388958	0.46521416192126763	0.06313443921762818	Control
ENSG00000211456	72	110	-38	-0.544793191330067	0.7077246843278039	0.7462243129487497	-0.0384996286209458	Control
ENSG00000136720	6	11	-5	-0.09815861086007906	0.35528596187175043	0.35070562020302054	0.004580341668729893	Control
ENSG00000158941	97	445	-348	-4.740451371502682	0.7384253528101015	0.9461500371379055	-0.207724684327804	Control
ENSG00000135365	21	7	14	0.1589946324408231	0.5432037633077494	0.2742015350334241	0.26900222827432535	AD
ENSG00000006831	26	10	16	0.18606339489354964	0.5757613270611538	0.33473632087150285	0.24102500618965095	AD
ENSG00000129422	31	6	25	0.3078728259308191	0.6000247586036147	0.25043327556325823	0.3495914830403565	AD
ENSG00000164880	5	65	-60	-0.8425495783100589	0.3247090864075266	0.668729883634563	-0.3440207972270364	Control
ENSG00000259583	203	265	-62	-0.8696183407627855	0.8253280514978956	0.8697697449863828	-0.044441693488487255	Control
ENSG00000130193	7	24	-17	-0.2605711855764383	0.3815300817033919	0.49690517454815547	-0.11537509284476355	Control
ENSG00000099864	18	12	6	0.05071958262991694	0.5199306759098787	0.36568457538994803	0.1542461005199307	AD
ENSG00000206579	66	46	20	0.24020091979900274	0.6973260708096063	0.616860609061649	0.08046546174795732	AD
ENSG00000142961	38	56	-18	-0.2741055668028016	0.6278781876702154	0.6485516216885368	-0.020673434018321335	Control
ENSG00000124406	65	20	45	0.5785604504580846	0.6953453825204259	0.4548155484030701	0.2405298341173558	AD
ENSG00000131002	2	22	-20	-0.3011743292555282	0.18209952958653133	0.47623174052983414	-0.2941322109433028	Control
ENSG00000156097	96	29	67	0.8763168374380765	0.7370636296112899	0.5324337707353305	0.20462985887595941	AD
ENSG00000240891	86	5	81	1.0657981746071623	0.7261698440207972	0.22295122555087893	0.5032186184699183	AD
ENSG00000167114	46	216	-170	-2.331331513210019	0.6522654122307502	0.8390690765040851	-0.18680366427333495	Control
ENSG00000127838	21	3	18	0.2131321573462762	0.5432037633077494	0.15139886110423373	0.3918049022035157	AD
ENSG00000187486	11	24	-13	-0.20643366067098526	0.45233968804159447	0.49690517454815547	-0.044565486506561	Control
ENSG00000135940	1	2	-1	-0.04402108595462597	0.07279029462738301	0.10497647932656598	-0.03218618469918297	Control
ENSG00000182326	1	2	-1	-0.04402108595462597	0.07279029462738301	0.10497647932656598	-0.03218618469918297	Control
ENSG00000176171	16	3	13	0.14546025121445982	0.5049517207229512	0.15139886110423373	0.3535528596187175	AD
ENSG00000169715	2	1	1	-0.016952323501899427	0.18209952958653133	0.03986135181975736	0.14223817776677397	AD
ENSG00000183317	19	6	13	0.14546025121445982	0.5283486011388958	0.25043327556325823	0.2779153255756376	AD
ENSG00000159409	43	32	11	0.11839148876173328	0.6438474870017331	0.5529834117355781	0.09086407526615503	AD
ENSG00000262655	5	14	-9	-0.15229613576553216	0.3247090864075266	0.3932904184204011	-0.06858133201287447	Control
ENSG00000126947	123	136	-13	-0.20643366067098526	0.7655360237682595	0.7766773953948998	-0.011141371626640306	Control
ENSG00000159176	5	2	3	0.010116438950827119	0.3247090864075266	0.10497647932656598	0.21973260708096062	AD
ENSG00000044459	48	1	47	0.6056292129108112	0.6574647189898489	0.03986135181975736	0.6176033671700916	AD
ENSG00000177807	4	5	-1	-0.04402108595462597	0.2896756622926467	0.22295122555087893	0.06672443674176776	Control
ENSG00000171823	17	125	-108	-1.492199877175496	0.5127506808615994	0.7652884377321119	-0.2525377568705125	Control
ENSG00000140280	41	13	28	0.3484759696099089	0.6387719732607081	0.37880663530576875	0.25996533795493937	AD
ENSG00000167674	6	32	-26	-0.38238061661370776	0.35528596187175043	0.5529834117355781	-0.19769744986382765	Control
ENSG00000132535	52	41	11	0.11839148876173328	0.6666254023273087	0.5958157959891062	0.07080960633820255	AD
ENSG00000168309	2	2	0	-0.030486704728262697	0.18209952958653133	0.10497647932656598	0.07712305025996535	Control
ENSG00000143337	12	22	-10	-0.16583051699189544	0.46595692002971034	0.47623174052983414	-0.010274820500123794	Control
ENSG00000214106	16	17	-1	-0.04402108595462597	0.5049517207229512	0.42696211933646944	0.07798960138648181	Control
ENSG00000136802	11	14	-3	-0.07108984840735251	0.45233968804159447	0.3932904184204011	0.05904926962119339	Control
ENSG00000112651	71	37	34	0.42968225696808854	0.7051250309482545	0.5809606338202525	0.12416439712800198	AD
ENSG00000118432	57	8	49	0.6326979753635377	0.6794998762069819	0.2948749690517455	0.38462490715523645	AD
ENSG00000151917	76	195	-119	-1.641078070665492	0.714409507303788	0.8238425352810101	-0.1094330279772221	Control
ENSG00000182578	7	31	-24	-0.35531185416098127	0.3815300817033919	0.5456796236692251	-0.16414954196583315	Control
ENSG00000177119	16	42	-26	-0.38238061661370776	0.5049517207229512	0.5996533795493935	-0.09470165882644221	Control
ENSG00000023171	38	131	-93	-1.289184158780047	0.6278781876702154	0.7718494676900223	-0.14397128001980686	Control
ENSG00000174917	27	3	24	0.2943384447044558	0.5817033919286952	0.15139886110423373	0.4303045308244615	AD
ENSG00000134709	29	4	25	0.3078728259308191	0.5914830403565239	0.19076504085169596	0.4007179995048279	AD
ENSG00000067221	44	92	-48	-0.6801370035936998	0.6468185194355038	0.7191136419905917	-0.07229512255508785	Control
ENSG00000276547	1	8	-7	-0.12522737331280562	0.07279029462738301	0.2948749690517455	-0.22208467442436247	Control
ENSG00000143384	2	8	-6	-0.11169299208644234	0.18209952958653133	0.2948749690517455	-0.11277543946521415	Control
ENSG00000143761	16	3	13	0.14546025121445982	0.5049517207229512	0.15139886110423373	0.3535528596187175	AD
ENSG00000049245	9	9	0	-0.030486704728262697	0.4207724684327804	0.3161673681604357	0.10460510027234465	Control
ENSG00000247596	5	35	-30	-0.4365181415191608	0.3247090864075266	0.5685813320128744	-0.24387224560534781	Control
ENSG00000145675	54	368	-314	-4.280282409806331	0.6717009160683337	0.9196583312701163	-0.2479574152017826	Control
ENSG00000115307	6	52	-46	-0.6530682411409732	0.35528596187175043	0.6370388710076752	-0.28175290913592477	Control
ENSG00000123091	14	79	-65	-0.9102214844418753	0.48601138895766277	0.6993067590987868	-0.21329537014112404	Control
ENSG00000180900	15	17	-2	-0.057555467180989243	0.4961624164397128	0.42696211933646944	0.06920029710324338	Control
ENSG00000125841	43	115	-72	-1.0049621530264183	0.6438474870017331	0.7542708591235454	-0.1104233721218123	Control
ENSG00000135404	11	14	-3	-0.07108984840735251	0.45233968804159447	0.3932904184204011	0.05904926962119339	Control
ENSG00000080493	5	17	-12	-0.19289927944462198	0.3247090864075266	0.42696211933646944	-0.10225303292894283	Control
ENSG00000164129	26	4	22	0.26726968225172926	0.5757613270611538	0.19076504085169596	0.3849962862094578	AD
ENSG00000230910	5	42	-37	-0.5312588101037037	0.3247090864075266	0.5996533795493935	-0.27494429314186686	Control
ENSG00000114554	10	37	-27	-0.39591499784007106	0.437360732854667	0.5809606338202525	-0.14359990096558556	Control
ENSG00000100030	63	63	0	-0.030486704728262697	0.6912602129239911	0.6655112651646448	0.02574894775934633	Control
ENSG00000168461	25	35	-10	-0.16583051699189544	0.5692002971032434	0.5685813320128744	6.189650903689614e-4	Control
ENSG00000142634	10	3	7	0.06425396385628021	0.437360732854667	0.15139886110423373	0.28596187175043325	AD
ENSG00000143847	4	12	-8	-0.1387617545391689	0.2896756622926467	0.36568457538994803	-0.07600891309730134	Control
ENSG00000139631	13	40	-27	-0.39591499784007106	0.47660311958405543	0.5921020054468928	-0.11549888586283741	Control
ENSG00000107862	12	53	-41	-0.5853963350091568	0.46595692002971034	0.6396385243872246	-0.17368160435751423	Control
ENSG00000116786	1	1	0	-0.030486704728262697	0.07279029462738301	0.03986135181975736	0.03292894280762565	Control
ENSG00000267056	1	2	-1	-0.04402108595462597	0.07279029462738301	0.10497647932656598	-0.03218618469918297	Control
ENSG00000067225	87	30	57	0.7409730251744439	0.7275315672196088	0.5396137657836098	0.187917801435999	AD
ENSG00000105855	18	30	-12	-0.19289927944462198	0.5199306759098787	0.5396137657836098	-0.01968308987373102	Control
ENSG00000175662	6	18	-12	-0.19289927944462198	0.35528596187175043	0.4371131468185194	-0.081827184946769	Control
ENSG00000117308	3	6	-3	-0.07108984840735251	0.2442436246595692	0.25043327556325823	-0.006189650903689031	Control
ENSG00000112996	78	228	-150	-2.0606438886827534	0.7166377816291161	0.8458776924981432	-0.12923991086902709	Control
ENSG00000278727	115	41	74	0.9710575060226194	0.7568705125030948	0.5958157959891062	0.16105471651398862	AD
ENSG00000127837	6	1	5	0.037185201403553664	0.35528596187175043	0.03986135181975736	0.31542461005199307	AD
ENSG00000198843	6	2	4	0.02365082017719039	0.35528596187175043	0.10497647932656598	0.2503094825451845	AD
ENSG00000145623	10	43	-33	-0.47712128519825064	0.437360732854667	0.6043575142361971	-0.16699678138153012	Control
ENSG00000286190	81	145	-64	-0.896687103215512	0.7217132953701412	0.7823718742262936	-0.060658578856152445	Control
ENSG00000220875	20	25	-5	-0.09815861086007906	0.5360237682594702	0.505694478831394	0.030329289428076223	Control
ENSG00000136869	20	13	7	0.06425396385628021	0.5360237682594702	0.37880663530576875	0.15721713295370143	AD
ENSG00000181826	8	35	-27	-0.39591499784007106	0.4022035157217133	0.5685813320128744	-0.1663778162911611	Control
ENSG00000137507	4	11	-7	-0.12522737331280562	0.2896756622926467	0.35070562020302054	-0.061029957910373855	Control
ENSG00000172023	18	18	0	-0.030486704728262697	0.5199306759098787	0.4371131468185194	0.08281752909135931	Control
ENSG00000171051	5	24	-19	-0.28763994802916487	0.3247090864075266	0.49690517454815547	-0.17219608814062887	Control
ENSG00000077264	301	109	192	2.5681144907334854	0.8801683585045803	0.7442436246595692	0.13592473384501114	AD
ENSG00000112576	3	2	1	-0.016952323501899427	0.2442436246595692	0.10497647932656598	0.13926714533300322	AD
ENSG00000148143	38	14	24	0.2943384447044558	0.6278781876702154	0.3932904184204011	0.23458776924981434	AD
ENSG00000157191	36	28	8	0.07778834508264348	0.6192126764050507	0.5251299826689775	0.09408269373607325	AD
ENSG00000107738	17	22	-5	-0.09815861086007906	0.5127506808615994	0.47623174052983414	0.036518940331765226	Control
ENSG00000144619	113	70	43	0.5514916880053581	0.7546422381777668	0.6812329784600148	0.07340925971775192	AD
ENSG00000149657	87	141	-54	-0.7613432909518794	0.7275315672196088	0.7789056697202278	-0.05137410250061902	Control
ENSG00000162430	32	18	14	0.1589946324408231	0.6033671700916068	0.4371131468185194	0.16625402327308736	AD
ENSG00000270170	34	234	-200	-2.737362950000917	0.6109185441941074	0.8500866551126517	-0.23916811091854429	Control
ENSG00000197177	128	55	73	0.9575231247962562	0.7702401584550631	0.6454567962366923	0.12478336221837083	AD
ENSG00000224531	48	41	7	0.06425396385628021	0.6574647189898489	0.5958157959891062	0.06164892300074276	AD
ENSG00000125492	9	59	-50	-0.7072057660464263	0.4207724684327804	0.6558554097548899	-0.2350829413221095	Control
ENSG00000162378	6	8	-2	-0.057555467180989243	0.35528596187175043	0.2948749690517455	0.06041099282000495	Control
ENSG00000138629	46	48	-2	-0.057555467180989243	0.6522654122307502	0.6234216390195593	0.028843773211190915	Control
ENSG00000152990	7	9	-2	-0.057555467180989243	0.3815300817033919	0.3161673681604357	0.0653627135429562	Control
ENSG00000184515	31	4	27	0.33494158838354565	0.6000247586036147	0.19076504085169596	0.4092597177519187	AD
ENSG00000187164	11	7	4	0.02365082017719039	0.45233968804159447	0.2742015350334241	0.17813815300817037	AD
ENSG00000169871	72	28	44	0.5650260692317213	0.7077246843278039	0.5251299826689775	0.1825947016588264	AD
ENSG00000143153	36	1	35	0.44321663819445184	0.6192126764050507	0.03986135181975736	0.5793513245852934	AD
ENSG00000170445	47	18	29	0.3620103508362722	0.6548650656102996	0.4371131468185194	0.21775191879178013	AD
ENSG00000198618	2	3	-1	-0.04402108595462597	0.18209952958653133	0.15139886110423373	0.030700668482297605	Control
ENSG00000204394	73	54	19	0.22666653857263946	0.709333993562763	0.6423619707848477	0.06697202277791536	AD
ENSG00000116001	1	3	-2	-0.057555467180989243	0.07279029462738301	0.15139886110423373	-0.07860856647685072	Control
ENSG00000285668	2	3	-1	-0.04402108595462597	0.18209952958653133	0.15139886110423373	0.030700668482297605	Control
ENSG00000148334	55	200	-145	-1.992971982550937	0.6744243624659569	0.8268135677147809	-0.15238920524882393	Control
ENSG00000133789	45	29	16	0.18606339489354964	0.6496657588512008	0.5324337707353305	0.11723198811587032	AD
ENSG00000104059	23	77	-54	-0.7613432909518794	0.5565734092597178	0.6967071057192374	-0.14013369645951967	Control
ENSG00000178741	53	87	-34	-0.4906556664246139	0.6692250557068581	0.7111908888338697	-0.04196583312701163	Control
ENSG00000139625	15	28	-13	-0.20643366067098526	0.4961624164397128	0.5251299826689775	-0.028967566229264663	Control
ENSG00000125675	302	87	215	2.879405258939841	0.8806635305768755	0.7111908888338697	0.1694726417430058	AD
ENSG00000157388	3	1	2	-0.0034179422755361536	0.2442436246595692	0.03986135181975736	0.20438227283981183	AD
ENSG00000100938	38	185	-147	-2.0200407450036635	0.6278781876702154	0.8170339192869522	-0.18915573161673682	Control
ENSG00000253305	2	3	-1	-0.04402108595462597	0.18209952958653133	0.15139886110423373	0.030700668482297605	Control
ENSG00000153048	34	28	6	0.05071958262991694	0.6109185441941074	0.5251299826689775	0.08578856152512992	AD
ENSG00000118181	9	14	-5	-0.09815861086007906	0.4207724684327804	0.3932904184204011	0.0274820500123793	Control
ENSG00000163902	15	17	-2	-0.057555467180989243	0.4961624164397128	0.42696211933646944	0.06920029710324338	Control
ENSG00000126878	10	7	3	0.010116438950827119	0.437360732854667	0.2742015350334241	0.16315919782124289	AD
ENSG00000286728	7	9	-2	-0.057555467180989243	0.3815300817033919	0.3161673681604357	0.0653627135429562	Control
ENSG00000125966	40	70	-30	-0.4365181415191608	0.6358009408269374	0.6812329784600148	-0.04543203763307746	Control
ENSG00000167889	33	97	-64	-0.896687103215512	0.6070809606338202	0.7269126021292399	-0.1198316414954197	Control
ENSG00000183258	16	30	-14	-0.21996804189734853	0.5049517207229512	0.5396137657836098	-0.03466204506065851	Control
ENSG00000104365	10	4	6	0.05071958262991694	0.437360732854667	0.19076504085169596	0.24659569200297102	AD
ENSG00000188042	34	25	9	0.09132272630900674	0.6109185441941074	0.505694478831394	0.10522406536271345	AD
ENSG00000204843	14	236	-222	-3.035119336980909	0.48601138895766277	0.852191136419906	-0.3661797474622432	Control
ENSG00000132970	2	2	0	-0.030486704728262697	0.18209952958653133	0.10497647932656598	0.07712305025996535	Control
ENSG00000223705	21	33	-12	-0.19289927944462198	0.5432037633077494	0.5590492696211934	-0.015845506313443947	Control
ENSG00000244627	19	46	-27	-0.39591499784007106	0.5283486011388958	0.616860609061649	-0.08851200792275316	Control
ENSG00000128731	1	26	-25	-0.3688462353873445	0.07279029462738301	0.5118841297350829	-0.4390938351076999	Control
ENSG00000184900	22	38	-16	-0.24703680435007505	0.5505075513741025	0.5855409754889824	-0.035033424114879974	Control
ENSG00000184408	105	146	-41	-0.5853963350091568	0.7462243129487497	0.7836098044070314	-0.03738549145828174	Control
ENSG00000133275	24	20	4	0.02365082017719039	0.5630106461995543	0.4548155484030701	0.10819509779648423	AD
ENSG00000145934	5	19	-14	-0.21996804189734853	0.3247090864075266	0.4461500371379054	-0.1214409507303788	Control
ENSG00000154914	29	3	26	0.32140720715718235	0.5914830403565239	0.15139886110423373	0.44008417925229015	AD
ENSG00000079308	18	22	-4	-0.08462422963371578	0.5199306759098787	0.47623174052983414	0.0436989353800446	Control
ENSG00000004766	56	207	-151	-2.0741782699091167	0.6770240158455063	0.8326318395642486	-0.15560782371874227	Control
ENSG00000010322	16	26	-10	-0.16583051699189544	0.5049517207229512	0.5118841297350829	-0.006932409012131657	Control
ENSG00000236901	11	47	-36	-0.5177244288773405	0.45233968804159447	0.620203020549641	-0.16786333250804658	Control
ENSG00000111912	78	29	49	0.6326979753635377	0.7166377816291161	0.5324337707353305	0.18420401089378557	AD
ENSG00000115520	42	21	21	0.253735301025366	0.6413716266402575	0.46521416192126763	0.17615746471898985	AD
ENSG00000165916	10	13	-3	-0.07108984840735251	0.437360732854667	0.37880663530576875	0.05855409754889823	Control
ENSG00000101132	80	18	62	0.8086449313062603	0.7202277791532558	0.4371131468185194	0.2831146323347363	AD
ENSG00000169884	47	1	46	0.5920948316844479	0.6548650656102996	0.03986135181975736	0.6150037137905422	AD
ENSG00000134308	7	69	-62	-0.8696183407627855	0.3815300817033919	0.6783857390443179	-0.29685565734092595	Control
ENSG00000170653	8	14	-6	-0.11169299208644234	0.4022035157217133	0.3932904184204011	0.008913097301312234	Control
ENSG00000151743	44	24	20	0.24020091979900274	0.6468185194355038	0.49690517454815547	0.14991334488734837	AD
ENSG00000008282	5	22	-17	-0.2605711855764383	0.3247090864075266	0.47623174052983414	-0.15152265412230753	Control
ENSG00000172757	56	55	1	-0.016952323501899427	0.6770240158455063	0.6454567962366923	0.031567219608814034	AD
ENSG00000181656	53	1	52	0.6733011190426275	0.6692250557068581	0.03986135181975736	0.6293637038871007	AD
ENSG00000104660	15	3	12	0.13192586998809655	0.4961624164397128	0.15139886110423373	0.3447635553354791	AD
ENSG00000181291	5	8	-3	-0.07108984840735251	0.3247090864075266	0.2948749690517455	0.02983411735578112	Control
ENSG00000167524	6	18	-12	-0.19289927944462198	0.35528596187175043	0.4371131468185194	-0.081827184946769	Control
ENSG00000118046	4	1	3	0.010116438950827119	0.2896756622926467	0.03986135181975736	0.24981431047288932	AD
ENSG00000143631	4	17	-13	-0.20643366067098526	0.2896756622926467	0.42696211933646944	-0.13728645704382275	Control
ENSG00000131469	8	21	-13	-0.20643366067098526	0.4022035157217133	0.46521416192126763	-0.06301064619955432	Control
ENSG00000163534	6	11	-5	-0.09815861086007906	0.35528596187175043	0.35070562020302054	0.004580341668729893	Control
ENSG00000103852	123	4	119	1.5801046612089666	0.7655360237682595	0.19076504085169596	0.5747709829165635	AD
ENSG00000006025	17	35	-18	-0.2741055668028016	0.5127506808615994	0.5685813320128744	-0.05583065115127506	Control
ENSG00000071967	6	27	-21	-0.3147087104818914	0.35528596187175043	0.5183213666749196	-0.16303540480316914	Control
ENSG00000211653	1	8	-7	-0.12522737331280562	0.07279029462738301	0.2948749690517455	-0.22208467442436247	Control
ENSG00000146242	65	31	34	0.42968225696808854	0.6953453825204259	0.5456796236692251	0.14966575885120081	AD
ENSG00000243232	23	129	-106	-1.4651311147227695	0.5565734092597178	0.7698687794008418	-0.21329537014112399	Control
ENSG00000186174	5	11	-6	-0.11169299208644234	0.3247090864075266	0.35070562020302054	-0.025996533795493937	Control
ENSG00000065809	20	25	-5	-0.09815861086007906	0.5360237682594702	0.505694478831394	0.030329289428076223	Control
ENSG00000153815	32	15	17	0.19959777611991292	0.6033671700916068	0.4067838573904432	0.19658331270116358	AD
ENSG00000143294	8	43	-35	-0.5041900476509772	0.4022035157217133	0.6043575142361971	-0.2021539985144838	Control
ENSG00000213445	6	17	-11	-0.1793648982182587	0.35528596187175043	0.42696211933646944	-0.071676157464719	Control
ENSG00000132507	5	1	4	0.02365082017719039	0.3247090864075266	0.03986135181975736	0.28484773458776924	AD
ENSG00000138279	23	10	13	0.14546025121445982	0.5565734092597178	0.33473632087150285	0.22183708838821492	AD
ENSG00000168348	29	10	19	0.22666653857263946	0.5914830403565239	0.33473632087150285	0.25674671948502104	AD
ENSG00000131495	15	10	5	0.037185201403553664	0.4961624164397128	0.33473632087150285	0.16142609556820997	AD
ENSG00000135596	23	35	-12	-0.19289927944462198	0.5565734092597178	0.5685813320128744	-0.012007922753156652	Control
ENSG00000055813	15	158	-143	-1.9659032200982105	0.4961624164397128	0.7923991086902699	-0.29623669225055704	Control
ENSG00000164938	97	8	89	1.1740732244180685	0.7384253528101015	0.2948749690517455	0.443550383758356	AD
ENSG00000116871	5	121	-116	-1.6004749269864023	0.3247090864075266	0.759593958900718	-0.4348848724931914	Control
ENSG00000103657	90	58	32	0.402613494515362	0.7316167368160436	0.6531319633572666	0.07848477345877691	AD
ENSG00000152492	27	18	9	0.09132272630900674	0.5817033919286952	0.4371131468185194	0.14459024511017582	AD
ENSG00000119699	7	4	3	0.010116438950827119	0.3815300817033919	0.19076504085169596	0.19076504085169596	AD
ENSG00000196715	10	45	-35	-0.5041900476509772	0.437360732854667	0.6132706115375093	-0.1759098786828423	Control
ENSG00000204352	20	82	-62	-0.8696183407627855	0.5360237682594702	0.7043822728398118	-0.16835850458034163	Control
ENSG00000174501	1	9	-8	-0.1387617545391689	0.07279029462738301	0.3161673681604357	-0.2433770735330527	Control
ENSG00000108854	122	4	118	1.5665702799826033	0.7641743005694479	0.19076504085169596	0.5734092597177519	AD
ENSG00000161204	49	148	-99	-1.3703904461382266	0.6600643723693984	0.7857142857142857	-0.1256499133448873	Control
ENSG00000143842	63	2	61	0.795110550079897	0.6912602129239911	0.10497647932656598	0.5862837335974251	AD
ENSG00000154856	19	15	4	0.02365082017719039	0.5283486011388958	0.4067838573904432	0.12156474374845261	AD
ENSG00000174306	54	18	36	0.45675101942081514	0.6717009160683337	0.4371131468185194	0.23458776924981428	AD
ENSG00000106089	23	15	8	0.07778834508264348	0.5565734092597178	0.4067838573904432	0.14978955186927456	AD
ENSG00000166348	8	1	7	0.06425396385628021	0.4022035157217133	0.03986135181975736	0.36234216390195595	AD
ENSG00000113597	48	10	38	0.4838197818735417	0.6574647189898489	0.33473632087150285	0.3227283981183461	AD
ENSG00000103160	42	184	-142	-1.9523688388718472	0.6413716266402575	0.8161673681604358	-0.1747957415201783	Control
ENSG00000143226	5	54	-49	-0.693671384820063	0.3247090864075266	0.6423619707848477	-0.3176528843773211	Control
ENSG00000106299	66	19	47	0.6056292129108112	0.6973260708096063	0.4461500371379054	0.2511760336717009	AD
ENSG00000132329	4	6	-2	-0.057555467180989243	0.2896756622926467	0.25043327556325823	0.039242386729388457	Control
ENSG00000081913	20	12	8	0.07778834508264348	0.5360237682594702	0.36568457538994803	0.17033919286952215	AD
ENSG00000166136	4	9	-5	-0.09815861086007906	0.2896756622926467	0.3161673681604357	-0.02649170586778904	Control
ENSG00000165283	21	75	-54	-0.7613432909518794	0.5432037633077494	0.6921267640505075	-0.1489230007427581	Control
ENSG00000134779	163	165	-2	-0.057555467180989243	0.7959891062144095	0.7989601386481803	-0.002971032433770726	Control
ENSG00000076864	12	6	6	0.05071958262991694	0.46595692002971034	0.25043327556325823	0.2155236444664521	AD
ENSG00000225828	1	1	0	-0.030486704728262697	0.07279029462738301	0.03986135181975736	0.03292894280762565	Control
ENSG00000163444	41	240	-199	-2.723828568774554	0.6387719732607081	0.8547907897994553	-0.21601881653874722	Control
ENSG00000077549	7	1	6	0.05071958262991694	0.3815300817033919	0.03986135181975736	0.34166872988363456	AD
ENSG00000169862	4	18	-14	-0.21996804189734853	0.2896756622926467	0.4371131468185194	-0.14743748452587274	Control
ENSG00000168374	26	2	24	0.2943384447044558	0.5757613270611538	0.10497647932656598	0.47078484773458784	AD
ENSG00000157796	16	19	-3	-0.07108984840735251	0.5049517207229512	0.4461500371379054	0.05880168358504584	Control
ENSG00000115353	25	4	21	0.253735301025366	0.5692002971032434	0.19076504085169596	0.3784352562515474	AD
ENSG00000142408	14	1	13	0.14546025121445982	0.48601138895766277	0.03986135181975736	0.4461500371379054	AD
ENSG00000120690	27	71	-44	-0.6259994786882467	0.5817033919286952	0.6842040108937856	-0.10250061896509033	Control
ENSG00000237289	16	1	15	0.17252901366718637	0.5049517207229512	0.03986135181975736	0.4650903689031939	AD
ENSG00000173418	59	111	-52	-0.7342745284991528	0.6835850458034167	0.748328794256004	-0.06474374845258724	Control
ENSG00000086065	21	82	-61	-0.8560839595364222	0.5432037633077494	0.7043822728398118	-0.16117850953206236	Control
ENSG00000076067	23	11	12	0.13192586998809655	0.5565734092597178	0.35070562020302054	0.20586778905669723	AD
ENSG00000181610	34	146	-112	-1.546337402080949	0.6109185441941074	0.7836098044070314	-0.17269126021292402	Control
ENSG00000014824	22	246	-224	-3.0621880994336355	0.5505075513741025	0.8585045803416688	-0.3079970289675663	Control
ENSG00000113758	17	22	-5	-0.09815861086007906	0.5127506808615994	0.47623174052983414	0.036518940331765226	Control
ENSG00000157540	26	122	-96	-1.3297873024591367	0.5757613270611538	0.7616984402079723	-0.1859371131468185	Control
ENSG00000189212	6	17	-11	-0.1793648982182587	0.35528596187175043	0.42696211933646944	-0.071676157464719	Control
ENSG00000127585	30	74	-44	-0.6259994786882467	0.5963109680614014	0.690146075761327	-0.09383510769992565	Control
ENSG00000020129	19	53	-34	-0.4906556664246139	0.5283486011388958	0.6396385243872246	-0.11128992324832876	Control
ENSG00000087085	64	97	-33	-0.47712128519825064	0.6934884872493191	0.7269126021292399	-0.03342411487992081	Control
ENSG00000266714	1	1	0	-0.030486704728262697	0.07279029462738301	0.03986135181975736	0.03292894280762565	Control
ENSG00000133574	1	8	-7	-0.12522737331280562	0.07279029462738301	0.2948749690517455	-0.22208467442436247	Control
ENSG00000164050	17	11	6	0.05071958262991694	0.5127506808615994	0.35070562020302054	0.16204506065857882	AD
ENSG00000066739	10	11	-1	-0.04402108595462597	0.437360732854667	0.35070562020302054	0.08665511265164644	Control
ENSG00000102144	203	198	5	0.037185201403553664	0.8253280514978956	0.8255756375340431	-2.4758603614749575e-4	AD
ENSG00000059588	9	28	-19	-0.28763994802916487	0.4207724684327804	0.5251299826689775	-0.1043575142361971	Control
ENSG00000161681	41	171	-130	-1.789956264155488	0.6387719732607081	0.8055211686060906	-0.16674919534538246	Control
ENSG00000178381	2	3	-1	-0.04402108595462597	0.18209952958653133	0.15139886110423373	0.030700668482297605	Control
ENSG00000119401	39	251	-212	-2.8997755247172763	0.632087150284724	0.8618469918296608	-0.2297598415449369	Control
ENSG00000066557	27	23	4	0.02365082017719039	0.5817033919286952	0.4866303540480317	0.09507303788066357	AD
ENSG00000197457	36	49	-13	-0.20643366067098526	0.6192126764050507	0.6266402574894776	-0.007427581084426871	Control
ENSG00000125691	4	14	-10	-0.16583051699189544	0.2896756622926467	0.3932904184204011	-0.10361475612775439	Control
ENSG00000283183	18	10	8	0.07778834508264348	0.5199306759098787	0.33473632087150285	0.1851943550383759	AD
ENSG00000089693	48	38	10	0.10485710753537002	0.6574647189898489	0.5855409754889824	0.0719237435008665	AD
ENSG00000129691	30	177	-147	-2.0200407450036635	0.5963109680614014	0.8109680614013369	-0.21465709333993555	Control
ENSG00000214765	2	3	-1	-0.04402108595462597	0.18209952958653133	0.15139886110423373	0.030700668482297605	Control
ENSG00000186001	1	7	-6	-0.11169299208644234	0.07279029462738301	0.2742015350334241	-0.20141124040604108	Control
ENSG00000126247	40	23	17	0.19959777611991292	0.6358009408269374	0.4866303540480317	0.1491705867789057	AD
ENSG00000129824	4	22	-18	-0.2741055668028016	0.2896756622926467	0.47623174052983414	-0.18655607823718745	Control
ENSG00000164542	29	6	23	0.28080406347809256	0.5914830403565239	0.25043327556325823	0.34104976479326565	AD
ENSG00000126785	79	4	75	0.9845918872489827	0.7186184699182966	0.19076504085169596	0.5278534290666006	AD
ENSG00000159784	40	158	-118	-1.6275436894391289	0.6358009408269374	0.7923991086902699	-0.15659816786333247	Control
ENSG00000122584	3	4	-1	-0.04402108595462597	0.2442436246595692	0.19076504085169596	0.05347858380787324	Control
ENSG00000128881	33	16	17	0.19959777611991292	0.6070809606338202	0.41718247090864075	0.18989848972517948	AD
ENSG00000185278	39	1	38	0.4838197818735417	0.632087150284724	0.03986135181975736	0.5922257984649666	AD
ENSG00000138496	2	15	-13	-0.20643366067098526	0.18209952958653133	0.4067838573904432	-0.22468432780391187	Control
ENSG00000077420	6	20	-14	-0.21996804189734853	0.35528596187175043	0.4548155484030701	-0.09952958653131966	Control
ENSG00000175471	9	6	3	0.010116438950827119	0.4207724684327804	0.25043327556325823	0.17033919286952215	AD
ENSG00000182732	33	32	1	-0.016952323501899427	0.6070809606338202	0.5529834117355781	0.05409754889824214	AD
ENSG00000099822	2	3	-1	-0.04402108595462597	0.18209952958653133	0.15139886110423373	0.030700668482297605	Control
ENSG00000116885	37	5	32	0.402613494515362	0.6239168110918544	0.22295122555087893	0.40096558554097544	AD
ENSG00000163840	5	41	-36	-0.5177244288773405	0.3247090864075266	0.5958157959891062	-0.27110670958157956	Control
ENSG00000075826	27	50	-23	-0.34177747293461797	0.5817033919286952	0.630354048031691	-0.04865065610299579	Control
ENSG00000100804	28	92	-64	-0.896687103215512	0.5865313196335726	0.7191136419905917	-0.13258232235701906	Control
ENSG00000105245	23	18	5	0.037185201403553664	0.5565734092597178	0.4371131468185194	0.11946026244119834	AD
ENSG00000197694	37	221	-184	-2.5208128503791047	0.6239168110918544	0.8422876949740035	-0.2183708838821491	Control
ENSG00000145354	72	23	49	0.6326979753635377	0.7077246843278039	0.4866303540480317	0.2210943302797722	AD
ENSG00000167306	7	16	-9	-0.15229613576553216	0.3815300817033919	0.41718247090864075	-0.035652389205248824	Control
ENSG00000198598	8	5	3	0.010116438950827119	0.4022035157217133	0.22295122555087893	0.17925229017083438	AD
ENSG00000159423	5	5	0	-0.030486704728262697	0.3247090864075266	0.22295122555087893	0.10175786085664767	Control
ENSG00000151090	19	71	-52	-0.7342745284991528	0.5283486011388958	0.6842040108937856	-0.15585540975488976	Control
ENSG00000243970	7	1	6	0.05071958262991694	0.3815300817033919	0.03986135181975736	0.34166872988363456	AD
ENSG00000244038	11	37	-26	-0.38238061661370776	0.45233968804159447	0.5809606338202525	-0.12862094577865807	Control
ENSG00000104722	11	8	3	0.010116438950827119	0.45233968804159447	0.2948749690517455	0.15746471898984898	AD
ENSG00000120549	40	101	-61	-0.8560839595364222	0.6358009408269374	0.7327308739787076	-0.09692993315177023	Control
ENSG00000169271	49	4	45	0.5785604504580846	0.6600643723693984	0.19076504085169596	0.4692993315177024	AD
ENSG00000235711	82	55	27	0.33494158838354565	0.722951225550879	0.6454567962366923	0.07749442931418671	AD
ENSG00000169714	1	2	-1	-0.04402108595462597	0.07279029462738301	0.10497647932656598	-0.03218618469918297	Control
ENSG00000164916	6	36	-30	-0.4365181415191608	0.35528596187175043	0.5753899480069324	-0.220103986135182	Control
ENSG00000056050	19	10	9	0.09132272630900674	0.5283486011388958	0.33473632087150285	0.19361228026739297	AD
ENSG00000050426	12	1	11	0.11839148876173328	0.46595692002971034	0.03986135181975736	0.426095568209953	AD
ENSG00000197858	5	48	-43	-0.6124650974618834	0.3247090864075266	0.6234216390195593	-0.29871255261203267	Control
ENSG00000171863	4	11	-7	-0.12522737331280562	0.2896756622926467	0.35070562020302054	-0.061029957910373855	Control
ENSG00000101463	39	111	-72	-1.0049621530264183	0.632087150284724	0.748328794256004	-0.11624164397128	Control
ENSG00000119927	8	11	-3	-0.07108984840735251	0.4022035157217133	0.35070562020302054	0.05149789551869277	Control
ENSG00000143621	14	29	-15	-0.23350242312371178	0.48601138895766277	0.5324337707353305	-0.04642238177766772	Control
ENSG00000169047	16	69	-53	-0.7478089097255161	0.5049517207229512	0.6783857390443179	-0.17343401832136662	Control
ENSG00000203747	9	39	-30	-0.4365181415191608	0.4207724684327804	0.589130973013122	-0.16835850458034163	Control
ENSG00000155629	9	49	-40	-0.5718619537827936	0.4207724684327804	0.6266402574894776	-0.20586778905669723	Control
ENSG00000140455	126	28	98	1.295882655455338	0.7681356771478088	0.5251299826689775	0.24300569447883136	AD
ENSG00000114841	15	37	-22	-0.3282430917082547	0.4961624164397128	0.5809606338202525	-0.08479821738053972	Control
ENSG00000176884	21	17	4	0.02365082017719039	0.5432037633077494	0.42696211933646944	0.11624164397128	AD
ENSG00000119574	40	120	-80	-1.1132372028373245	0.6358009408269374	0.758479821738054	-0.12267888091111656	Control
ENSG00000281160	20	37	-17	-0.2605711855764383	0.5360237682594702	0.5809606338202525	-0.04493686556078236	Control
ENSG00000166813	2	1	1	-0.016952323501899427	0.18209952958653133	0.03986135181975736	0.14223817776677397	AD
ENSG00000102878	10	27	-17	-0.2605711855764383	0.437360732854667	0.5183213666749196	-0.08096063382025259	Control
ENSG00000067066	3	8	-5	-0.09815861086007906	0.2442436246595692	0.2948749690517455	-0.050631344392176286	Control
ENSG00000130147	8	20	-12	-0.19289927944462198	0.4022035157217133	0.4548155484030701	-0.05261203268135678	Control
ENSG00000117154	36	76	-40	-0.5718619537827936	0.6192126764050507	0.6947264174300569	-0.07551374102500619	Control
ENSG00000162650	14	6	8	0.07778834508264348	0.48601138895766277	0.25043327556325823	0.23557811339440454	AD
ENSG00000148396	9	22	-13	-0.20643366067098526	0.4207724684327804	0.47623174052983414	-0.05545927209705376	Control
ENSG00000206418	51	76	-25	-0.3688462353873445	0.6641495419658331	0.6947264174300569	-0.03057687546422383	Control
ENSG00000158710	8	32	-24	-0.35531185416098127	0.4022035157217133	0.5529834117355781	-0.15077989601386477	Control
ENSG00000095139	15	116	-101	-1.3974592085909532	0.4961624164397128	0.7553849962862095	-0.25922257984649666	Control
ENSG00000127463	52	87	-35	-0.5041900476509772	0.6666254023273087	0.7111908888338697	-0.044565486506561	Control
ENSG00000245213	36	1	35	0.44321663819445184	0.6192126764050507	0.03986135181975736	0.5793513245852934	AD
ENSG00000076201	7	61	-54	-0.7613432909518794	0.3815300817033919	0.660807130477841	-0.2792770487744491	Control
ENSG00000171735	11	2	9	0.09132272630900674	0.45233968804159447	0.10497647932656598	0.34736320871502846	AD
ENSG00000183023	55	22	33	0.4161478757417253	0.6744243624659569	0.47623174052983414	0.1981926219361228	AD
ENSG00000124762	3	20	-17	-0.2605711855764383	0.2442436246595692	0.4548155484030701	-0.2105719237435009	Control
ENSG00000197249	10	50	-40	-0.5718619537827936	0.437360732854667	0.630354048031691	-0.19299331517702406	Control
ENSG00000103449	25	37	-12	-0.19289927944462198	0.5692002971032434	0.5809606338202525	-0.011760336717009157	Control
ENSG00000036530	19	120	-101	-1.3974592085909532	0.5283486011388958	0.758479821738054	-0.23013122059915814	Control
ENSG00000254245	3	6	-3	-0.07108984840735251	0.2442436246595692	0.25043327556325823	-0.006189650903689031	Control
ENSG00000169641	3	4	-1	-0.04402108595462597	0.2442436246595692	0.19076504085169596	0.05347858380787324	Control
ENSG00000091536	8	8	0	-0.030486704728262697	0.4022035157217133	0.2948749690517455	0.10732854666996783	Control
ENSG00000144579	46	12	34	0.42968225696808854	0.6522654122307502	0.36568457538994803	0.28658083684080216	AD
ENSG00000133958	40	42	-2	-0.057555467180989243	0.6358009408269374	0.5996533795493935	0.03614756127754393	Control
ENSG00000272505	4	14	-10	-0.16583051699189544	0.2896756622926467	0.3932904184204011	-0.10361475612775439	Control
ENSG00000233384	12	1	11	0.11839148876173328	0.46595692002971034	0.03986135181975736	0.426095568209953	AD
ENSG00000287677	3	1	2	-0.0034179422755361536	0.2442436246595692	0.03986135181975736	0.20438227283981183	AD
ENSG00000172575	68	5	63	0.8221793125326234	0.7005446892795246	0.22295122555087893	0.4775934637286457	AD
ENSG00000134516	6	17	-11	-0.1793648982182587	0.35528596187175043	0.42696211933646944	-0.071676157464719	Control
ENSG00000105143	86	51	35	0.44321663819445184	0.7261698440207972	0.6340678385739045	0.09210200544689273	AD
ENSG00000104221	51	167	-116	-1.6004749269864023	0.6641495419658331	0.8009408269373607	-0.1367912849715276	Control
ENSG00000163170	7	3	4	0.02365082017719039	0.3815300817033919	0.15139886110423373	0.2301312205991582	AD
ENSG00000123143	14	6	8	0.07778834508264348	0.48601138895766277	0.25043327556325823	0.23557811339440454	AD
ENSG00000163704	6	28	-22	-0.3282430917082547	0.35528596187175043	0.5251299826689775	-0.16984402079722705	Control
ENSG00000076344	9	16	-7	-0.12522737331280562	0.4207724684327804	0.41718247090864075	0.003589997524139632	Control
ENSG00000101019	33	9	24	0.2943384447044558	0.6070809606338202	0.3161673681604357	0.2909135924733845	AD
ENSG00000006377	2	2	0	-0.030486704728262697	0.18209952958653133	0.10497647932656598	0.07712305025996535	Control
ENSG00000132780	4	19	-15	-0.23350242312371178	0.2896756622926467	0.4461500371379054	-0.15647437484525872	Control
ENSG00000162733	11	24	-13	-0.20643366067098526	0.45233968804159447	0.49690517454815547	-0.044565486506561	Control
ENSG00000170604	19	186	-167	-2.290728369530929	0.5283486011388958	0.8180242634315424	-0.28967566229264663	Control
ENSG00000100650	14	20	-6	-0.11169299208644234	0.48601138895766277	0.4548155484030701	0.03119584055459268	Control
ENSG00000132938	7	3	4	0.02365082017719039	0.3815300817033919	0.15139886110423373	0.2301312205991582	AD
ENSG00000141252	37	66	-29	-0.4229837602927976	0.6239168110918544	0.6704629858875959	-0.046546174795741524	Control
ENSG00000211947	21	29	-8	-0.1387617545391689	0.5432037633077494	0.5324337707353305	0.010769992572418952	Control
ENSG00000221978	4	12	-8	-0.1387617545391689	0.2896756622926467	0.36568457538994803	-0.07600891309730134	Control
ENSG00000135334	14	35	-21	-0.3147087104818914	0.48601138895766277	0.5685813320128744	-0.08256994305521165	Control
ENSG00000068308	128	178	-50	-0.7072057660464263	0.7702401584550631	0.8119584055459272	-0.041718247090864136	Control
ENSG00000171222	25	60	-35	-0.5041900476509772	0.5692002971032434	0.6582074770982916	-0.08900717999504826	Control
ENSG00000196781	9	3	6	0.05071958262991694	0.4207724684327804	0.15139886110423373	0.26937360732854665	AD
ENSG00000111262	79	60	19	0.22666653857263946	0.7186184699182966	0.6582074770982916	0.06041099282000495	AD
ENSG00000153922	10	26	-16	-0.24703680435007505	0.437360732854667	0.5118841297350829	-0.07452339688041593	Control
ENSG00000142892	15	42	-27	-0.39591499784007106	0.4961624164397128	0.5996533795493935	-0.10349096310968064	Control
ENSG00000151500	27	8	19	0.22666653857263946	0.5817033919286952	0.2948749690517455	0.28682842287694976	AD
ENSG00000188573	23	23	0	-0.030486704728262697	0.5565734092597178	0.4866303540480317	0.06994305521168609	Control
ENSG00000180769	11	15	-4	-0.08462422963371578	0.45233968804159447	0.4067838573904432	0.04555583065115126	Control
ENSG00000011114	59	10	49	0.6326979753635377	0.6835850458034167	0.33473632087150285	0.3488487249319139	AD
ENSG00000101146	48	2	46	0.5920948316844479	0.6574647189898489	0.10497647932656598	0.552488239663283	AD
ENSG00000130748	4	31	-27	-0.39591499784007106	0.2896756622926467	0.5456796236692251	-0.2560039613765784	Control
ENSG00000136518	31	37	-6	-0.11169299208644234	0.6000247586036147	0.5809606338202525	0.01906412478336217	Control
ENSG00000108344	72	142	-70	-0.9778933905736917	0.7077246843278039	0.7794008417925229	-0.071676157464719	Control
ENSG00000057935	30	146	-116	-1.6004749269864023	0.5963109680614014	0.7836098044070314	-0.18729883634563005	Control
ENSG00000279419	5	7	-2	-0.057555467180989243	0.3247090864075266	0.2742015350334241	0.05050755137410251	Control
ENSG00000181016	1	1	0	-0.030486704728262697	0.07279029462738301	0.03986135181975736	0.03292894280762565	Control
ENSG00000240771	7	51	-44	-0.6259994786882467	0.3815300817033919	0.6340678385739045	-0.25253775687051255	Control
ENSG00000075089	48	68	-20	-0.3011743292555282	0.6574647189898489	0.6754147066105471	-0.017949987620698216	Control
ENSG00000127184	5	8	-3	-0.07108984840735251	0.3247090864075266	0.2948749690517455	0.02983411735578112	Control
ENSG00000105568	13	4	9	0.09132272630900674	0.47660311958405543	0.19076504085169596	0.28583807873235945	AD
ENSG00000156345	75	39	36	0.45675101942081514	0.7126764050507551	0.589130973013122	0.12354543203763313	AD
ENSG00000179958	35	51	-16	-0.24703680435007505	0.6147561277543947	0.6340678385739045	-0.019311710819509775	Control
ENSG00000120279	7	9	-2	-0.057555467180989243	0.3815300817033919	0.3161673681604357	0.0653627135429562	Control
ENSG00000175110	11	6	5	0.037185201403553664	0.45233968804159447	0.25043327556325823	0.20190641247833624	AD
ENSG00000141905	3	6	-3	-0.07108984840735251	0.2442436246595692	0.25043327556325823	-0.006189650903689031	Control
ENSG00000060982	62	31	31	0.38907911328899875	0.6887843525625155	0.5456796236692251	0.1431047288932904	AD
ENSG00000173960	3	3	0	-0.030486704728262697	0.2442436246595692	0.15139886110423373	0.09284476355533547	Control
ENSG00000178075	9	9	0	-0.030486704728262697	0.4207724684327804	0.3161673681604357	0.10460510027234465	Control
ENSG00000160360	14	12	2	-0.0034179422755361536	0.48601138895766277	0.36568457538994803	0.12032681356771474	AD
ENSG00000241697	2	42	-40	-0.5718619537827936	0.18209952958653133	0.5996533795493935	-0.41755384996286216	Control
ENSG00000075151	18	201	-183	-2.5072784691527414	0.5199306759098787	0.8280514978955187	-0.30812082198563995	Control
ENSG00000103740	9	15	-6	-0.11169299208644234	0.4207724684327804	0.4067838573904432	0.013988611042337173	Control
ENSG00000198626	20	5	15	0.17252901366718637	0.5360237682594702	0.22295122555087893	0.31307254270859125	AD
ENSG00000132361	8	58	-50	-0.7072057660464263	0.4022035157217133	0.6531319633572666	-0.25092844763555333	Control
ENSG00000065978	14	8	6	0.05071958262991694	0.48601138895766277	0.2948749690517455	0.1911364199059173	AD
ENSG00000100077	112	284	-172	-2.3584002756627456	0.753404307997029	0.8799207724684328	-0.12651646447140386	Control
ENSG00000003756	7	19	-12	-0.19289927944462198	0.3815300817033919	0.4461500371379054	-0.06461995543451349	Control
ENSG00000085276	7	2	5	0.037185201403553664	0.3815300817033919	0.10497647932656598	0.2765536023768259	AD
ENSG00000131323	26	30	-4	-0.08462422963371578	0.5757613270611538	0.5396137657836098	0.03614756127754404	Control
ENSG00000152377	50	1	49	0.6326979753635377	0.6622926466947264	0.03986135181975736	0.6224312948749691	AD
ENSG00000167986	23	53	-30	-0.4365181415191608	0.5565734092597178	0.6396385243872246	-0.0830651151275068	Control
ENSG00000182768	5	95	-90	-1.248581015100957	0.3247090864075266	0.7244367417677643	-0.3997276553602377	Control
ENSG00000135414	2	1	1	-0.016952323501899427	0.18209952958653133	0.03986135181975736	0.14223817776677397	AD
ENSG00000160255	12	54	-42	-0.5989307162355201	0.46595692002971034	0.6423619707848477	-0.17640505075513735	Control
ENSG00000198752	9	24	-15	-0.23350242312371178	0.4207724684327804	0.49690517454815547	-0.07613270611537509	Control
ENSG00000114698	12	38	-26	-0.38238061661370776	0.46595692002971034	0.5855409754889824	-0.11958405545927209	Control
ENSG00000151422	15	7	8	0.07778834508264348	0.4961624164397128	0.2742015350334241	0.22196088140628872	AD
ENSG00000197381	136	287	-151	-2.0741782699091167	0.7775439465214162	0.8819014607576132	-0.10435751423619699	Control
ENSG00000227706	18	39	-21	-0.3147087104818914	0.5199306759098787	0.589130973013122	-0.06920029710324327	Control
ENSG00000165424	30	46	-16	-0.24703680435007505	0.5963109680614014	0.616860609061649	-0.020549641000247587	Control
ENSG00000163428	5	10	-5	-0.09815861086007906	0.3247090864075266	0.33473632087150285	-0.010027234463976242	Control
ENSG00000120437	22	4	18	0.2131321573462762	0.5505075513741025	0.19076504085169596	0.35974251052240647	AD
ENSG00000141564	41	87	-46	-0.6530682411409732	0.6387719732607081	0.7111908888338697	-0.0724189155731616	Control
ENSG00000196604	4	22	-18	-0.2741055668028016	0.2896756622926467	0.47623174052983414	-0.18655607823718745	Control
ENSG00000181481	2	5	-3	-0.07108984840735251	0.18209952958653133	0.22295122555087893	-0.040851695964347595	Control
ENSG00000183090	9	11	-2	-0.057555467180989243	0.4207724684327804	0.35070562020302054	0.07006684822975984	Control
ENSG00000179950	5	15	-10	-0.16583051699189544	0.3247090864075266	0.4067838573904432	-0.0820747709829166	Control
ENSG00000141433	8	1	7	0.06425396385628021	0.4022035157217133	0.03986135181975736	0.36234216390195595	AD
ENSG00000088367	63	101	-38	-0.544793191330067	0.6912602129239911	0.7327308739787076	-0.04147066105471653	Control
ENSG00000133606	15	198	-183	-2.5072784691527414	0.4961624164397128	0.8255756375340431	-0.32941322109433024	Control
ENSG00000170043	25	21	4	0.02365082017719039	0.5692002971032434	0.46521416192126763	0.10398613518197575	AD
ENSG00000083097	9	15	-6	-0.11169299208644234	0.4207724684327804	0.4067838573904432	0.013988611042337173	Control
ENSG00000181852	40	240	-200	-2.737362950000917	0.6358009408269374	0.8547907897994553	-0.21898984897251794	Control
ENSG00000099860	1	4	-3	-0.07108984840735251	0.07279029462738301	0.19076504085169596	-0.11797474622431295	Control
ENSG00000115183	8	1	7	0.06425396385628021	0.4022035157217133	0.03986135181975736	0.36234216390195595	AD
ENSG00000132640	103	136	-33	-0.47712128519825064	0.7437484525872741	0.7766773953948998	-0.032928942807625705	Control
ENSG00000065923	97	48	49	0.6326979753635377	0.7384253528101015	0.6234216390195593	0.1150037137905422	AD
ENSG00000065548	6	12	-6	-0.11169299208644234	0.35528596187175043	0.36568457538994803	-0.010398613518197597	Control
ENSG00000009709	19	5	14	0.1589946324408231	0.5283486011388958	0.22295122555087893	0.3053973755880169	AD
ENSG00000126934	16	21	-5	-0.09815861086007906	0.5049517207229512	0.46521416192126763	0.039737558801683615	Control
ENSG00000145715	30	135	-105	-1.4515967334964062	0.5963109680614014	0.7755632582322357	-0.17925229017083433	Control
ENSG00000151366	8	14	-6	-0.11169299208644234	0.4022035157217133	0.3932904184204011	0.008913097301312234	Control
ENSG00000115266	4	5	-1	-0.04402108595462597	0.2896756622926467	0.22295122555087893	0.06672443674176776	Control
ENSG00000152284	6	9	-3	-0.07108984840735251	0.35528596187175043	0.3161673681604357	0.03911859371131471	Control
ENSG00000161981	4	5	-1	-0.04402108595462597	0.2896756622926467	0.22295122555087893	0.06672443674176776	Control
ENSG00000151176	23	50	-27	-0.39591499784007106	0.5565734092597178	0.630354048031691	-0.07378063877197327	Control
ENSG00000188313	2	38	-36	-0.5177244288773405	0.18209952958653133	0.5855409754889824	-0.4034414459024511	Control
ENSG00000128915	130	98	32	0.402613494515362	0.771973260708096	0.7285219113641991	0.04345134934389694	AD
ENSG00000167771	38	4	34	0.42968225696808854	0.6278781876702154	0.19076504085169596	0.4371131468185194	AD
ENSG00000118680	39	43	-4	-0.08462422963371578	0.632087150284724	0.6043575142361971	0.02772963604852685	Control
ENSG00000114391	3	8	-5	-0.09815861086007906	0.2442436246595692	0.2948749690517455	-0.050631344392176286	Control
ENSG00000119711	12	20	-8	-0.1387617545391689	0.46595692002971034	0.4548155484030701	0.01114137162664025	Control
ENSG00000117713	8	6	2	-0.0034179422755361536	0.4022035157217133	0.25043327556325823	0.15177024015845508	AD
ENSG00000037241	51	7	44	0.5650260692317213	0.6641495419658331	0.2742015350334241	0.389948006932409	AD
ENSG00000221869	1	2	-1	-0.04402108595462597	0.07279029462738301	0.10497647932656598	-0.03218618469918297	Control
ENSG00000175550	2	14	-12	-0.19289927944462198	0.18209952958653133	0.3932904184204011	-0.21119088883386974	Control
ENSG00000075975	14	2	12	0.13192586998809655	0.48601138895766277	0.10497647932656598	0.38103490963109676	AD
ENSG00000122966	27	13	14	0.1589946324408231	0.5817033919286952	0.37880663530576875	0.2028967566229265	AD
ENSG00000164620	16	2	14	0.1589946324408231	0.5049517207229512	0.10497647932656598	0.3999752413963853	AD
ENSG00000070061	2	1	1	-0.016952323501899427	0.18209952958653133	0.03986135181975736	0.14223817776677397	AD
ENSG00000169347	25	95	-70	-0.9778933905736917	0.5692002971032434	0.7244367417677643	-0.1552364446645209	Control
ENSG00000129968	22	25	-3	-0.07108984840735251	0.5505075513741025	0.505694478831394	0.0448130725427085	Control
ENSG00000129559	2	8	-6	-0.11169299208644234	0.18209952958653133	0.2948749690517455	-0.11277543946521415	Control
ENSG00000105483	71	24	47	0.6056292129108112	0.7051250309482545	0.49690517454815547	0.20821985640009905	AD
ENSG00000184076	24	14	10	0.10485710753537002	0.5630106461995543	0.3932904184204011	0.16972022777915324	AD
ENSG00000149428	3	1	2	-0.0034179422755361536	0.2442436246595692	0.03986135181975736	0.20438227283981183	AD
ENSG00000010810	11	6	5	0.037185201403553664	0.45233968804159447	0.25043327556325823	0.20190641247833624	AD
ENSG00000106565	1	5	-4	-0.08462422963371578	0.07279029462738301	0.22295122555087893	-0.15016093092349592	Control
ENSG00000112531	61	22	39	0.49735416309990493	0.6866798712552612	0.47623174052983414	0.21044813072542706	AD
ENSG00000014216	11	56	-45	-0.6395338599146099	0.45233968804159447	0.6485516216885368	-0.19621193364694228	Control
ENSG00000118873	1	1	0	-0.030486704728262697	0.07279029462738301	0.03986135181975736	0.03292894280762565	Control
ENSG00000112787	10	17	-7	-0.12522737331280562	0.437360732854667	0.42696211933646944	0.010398613518197541	Control
ENSG00000096070	5	34	-29	-0.4229837602927976	0.3247090864075266	0.5628868531814806	-0.23817776677395397	Control
ENSG00000162076	4	6	-2	-0.057555467180989243	0.2896756622926467	0.25043327556325823	0.039242386729388457	Control
ENSG00000144677	62	4	58	0.7545074064008072	0.6887843525625155	0.19076504085169596	0.4980193117108195	AD
ENSG00000136878	29	70	-41	-0.5853963350091568	0.5914830403565239	0.6812329784600148	-0.08974993810349097	Control
ENSG00000172081	39	18	21	0.253735301025366	0.632087150284724	0.4371131468185194	0.19497400346620453	AD
ENSG00000165672	6	2	4	0.02365082017719039	0.35528596187175043	0.10497647932656598	0.2503094825451845	AD
ENSG00000034713	25	9	16	0.18606339489354964	0.5692002971032434	0.3161673681604357	0.25303292894280766	AD
ENSG00000166925	10	8	2	-0.0034179422755361536	0.437360732854667	0.2948749690517455	0.1424857638029215	AD
ENSG00000105723	14	12	2	-0.0034179422755361536	0.48601138895766277	0.36568457538994803	0.12032681356771474	AD
ENSG00000258647	1	2	-1	-0.04402108595462597	0.07279029462738301	0.10497647932656598	-0.03218618469918297	Control
ENSG00000177301	15	108	-93	-1.289184158780047	0.4961624164397128	0.74263431542461	-0.2464718989848972	Control
ENSG00000132842	13	11	2	-0.0034179422755361536	0.47660311958405543	0.35070562020302054	0.1258974993810349	AD
ENSG00000103260	3	4	-1	-0.04402108595462597	0.2442436246595692	0.19076504085169596	0.05347858380787324	Control
ENSG00000270607	39	22	17	0.19959777611991292	0.632087150284724	0.47623174052983414	0.15585540975488982	AD
ENSG00000227057	14	10	4	0.02365082017719039	0.48601138895766277	0.33473632087150285	0.15127506808615993	AD
ENSG00000100441	32	20	12	0.13192586998809655	0.6033671700916068	0.4548155484030701	0.1485516216885367	AD
ENSG00000170759	6	7	-1	-0.04402108595462597	0.35528596187175043	0.2742015350334241	0.08108442683832634	Control
ENSG00000146670	67	169	-102	-1.4109935898173165	0.6993067590987868	0.8027977222084675	-0.10349096310968064	Control
ENSG00000160683	5	18	-13	-0.20643366067098526	0.3247090864075266	0.4371131468185194	-0.11240406041099282	Control
ENSG00000164985	1	4	-3	-0.07108984840735251	0.07279029462738301	0.19076504085169596	-0.11797474622431295	Control
ENSG00000006210	8	98	-90	-1.248581015100957	0.4022035157217133	0.7285219113641991	-0.32631839564248577	Control
ENSG00000068971	96	130	-34	-0.4906556664246139	0.7370636296112899	0.7709829165635058	-0.03391928695221591	Control
ENSG00000185324	6	12	-6	-0.11169299208644234	0.35528596187175043	0.36568457538994803	-0.010398613518197597	Control
ENSG00000117758	12	11	1	-0.016952323501899427	0.46595692002971034	0.35070562020302054	0.1152512998266898	AD
ENSG00000147036	56	1	55	0.7139042627217173	0.6770240158455063	0.03986135181975736	0.637162664025749	AD
ENSG00000145945	6	68	-62	-0.8696183407627855	0.35528596187175043	0.6754147066105471	-0.3201287447387967	Control
ENSG00000197969	32	2	30	0.37554473206263544	0.6033671700916068	0.10497647932656598	0.49839069076504083	AD
ENSG00000175264	14	80	-66	-0.9237558656682386	0.48601138895766277	0.7010398613518197	-0.21502847239415696	Control
ENSG00000135164	6	8	-2	-0.057555467180989243	0.35528596187175043	0.2948749690517455	0.06041099282000495	Control
ENSG00000163558	36	3	33	0.4161478757417253	0.6192126764050507	0.15139886110423373	0.467813815300817	AD
ENSG00000170265	12	21	-9	-0.15229613576553216	0.46595692002971034	0.46521416192126763	7.427581084427093e-4	Control
ENSG00000178996	2	12	-10	-0.16583051699189544	0.18209952958653133	0.36568457538994803	-0.1835850458034167	Control
ENSG00000140400	26	32	-6	-0.11169299208644234	0.5757613270611538	0.5529834117355781	0.022777915325575715	Control
ENSG00000155304	67	83	-16	-0.24703680435007505	0.6993067590987868	0.7062391681109186	-0.006932409012131768	Control
ENSG00000142507	15	15	0	-0.030486704728262697	0.4961624164397128	0.4067838573904432	0.08937855904926961	Control
ENSG00000183978	12	11	1	-0.016952323501899427	0.46595692002971034	0.35070562020302054	0.1152512998266898	AD
ENSG00000118058	2	2	0	-0.030486704728262697	0.18209952958653133	0.10497647932656598	0.07712305025996535	Control
ENSG00000129518	13	6	7	0.06425396385628021	0.47660311958405543	0.25043327556325823	0.2261698440207972	AD
ENSG00000114638	6	32	-26	-0.38238061661370776	0.35528596187175043	0.5529834117355781	-0.19769744986382765	Control
ENSG00000071553	468	488	-20	-0.3011743292555282	0.9359990096558554	0.9579103738549146	-0.021911364199059258	Control
ENSG00000141582	9	12	-3	-0.07108984840735251	0.4207724684327804	0.36568457538994803	0.05508789304283235	Control
ENSG00000113621	11	4	7	0.06425396385628021	0.45233968804159447	0.19076504085169596	0.26157464718989853	AD
ENSG00000053438	123	99	24	0.2943384447044558	0.7655360237682595	0.7298836345630106	0.035652389205248824	AD
ENSG00000176204	5	7	-2	-0.057555467180989243	0.3247090864075266	0.2742015350334241	0.05050755137410251	Control
ENSG00000113578	12	3	9	0.09132272630900674	0.46595692002971034	0.15139886110423373	0.3145580589254766	AD
ENSG00000138029	5	23	-18	-0.2741055668028016	0.3247090864075266	0.4866303540480317	-0.16192126764050507	Control
ENSG00000124574	16	28	-12	-0.19289927944462198	0.5049517207229512	0.5251299826689775	-0.020178261946026232	Control
ENSG00000137055	29	3	26	0.32140720715718235	0.5914830403565239	0.15139886110423373	0.44008417925229015	AD
ENSG00000174136	26	180	-154	-2.1147814135882066	0.5757613270611538	0.8138153008170339	-0.2380539737558801	Control
ENSG00000134042	14	17	-3	-0.07108984840735251	0.48601138895766277	0.42696211933646944	0.059049269621193334	Control
ENSG00000167123	3	9	-6	-0.11169299208644234	0.2442436246595692	0.3161673681604357	-0.07192374350086653	Control
ENSG00000169612	10	68	-58	-0.8154808158573325	0.437360732854667	0.6754147066105471	-0.23805397375588017	Control
ENSG00000181215	30	8	22	0.26726968225172926	0.5963109680614014	0.2948749690517455	0.3014359990096559	AD
ENSG00000112333	2	25	-23	-0.34177747293461797	0.18209952958653133	0.505694478831394	-0.32359494924486265	Control
ENSG00000161642	2	1	1	-0.016952323501899427	0.18209952958653133	0.03986135181975736	0.14223817776677397	AD
ENSG00000154310	5	3	2	-0.0034179422755361536	0.3247090864075266	0.15139886110423373	0.17331022530329288	AD
ENSG00000156050	41	38	3	0.010116438950827119	0.6387719732607081	0.5855409754889824	0.053230997771725685	AD
ENSG00000116016	6	14	-8	-0.1387617545391689	0.35528596187175043	0.3932904184204011	-0.038004456548650645	Control
ENSG00000117362	2	2	0	-0.030486704728262697	0.18209952958653133	0.10497647932656598	0.07712305025996535	Control
ENSG00000213339	5	17	-12	-0.19289927944462198	0.3247090864075266	0.42696211933646944	-0.10225303292894283	Control
ENSG00000102385	20	23	-3	-0.07108984840735251	0.5360237682594702	0.4866303540480317	0.0493934142114385	Control
ENSG00000164176	3	1	2	-0.0034179422755361536	0.2442436246595692	0.03986135181975736	0.20438227283981183	AD
ENSG00000157110	39	1	38	0.4838197818735417	0.632087150284724	0.03986135181975736	0.5922257984649666	AD
ENSG00000113649	1	1	0	-0.030486704728262697	0.07279029462738301	0.03986135181975736	0.03292894280762565	Control
ENSG00000198755	6	4	2	-0.0034179422755361536	0.35528596187175043	0.19076504085169596	0.16452092102005447	AD
ENSG00000142149	60	81	-21	-0.3147087104818914	0.6849467690022283	0.7025253775687051	-0.01757860856647686	Control
ENSG00000175073	5	14	-9	-0.15229613576553216	0.3247090864075266	0.3932904184204011	-0.06858133201287447	Control
ENSG00000196878	11	2	9	0.09132272630900674	0.45233968804159447	0.10497647932656598	0.34736320871502846	AD
ENSG00000003137	18	9	9	0.09132272630900674	0.5199306759098787	0.3161673681604357	0.203763307749443	AD
ENSG00000204628	6	17	-11	-0.1793648982182587	0.35528596187175043	0.42696211933646944	-0.071676157464719	Control
ENSG00000234741	1	4	-3	-0.07108984840735251	0.07279029462738301	0.19076504085169596	-0.11797474622431295	Control
ENSG00000198019	1	1	0	-0.030486704728262697	0.07279029462738301	0.03986135181975736	0.03292894280762565	Control
ENSG00000146151	44	126	-82	-1.140305965290051	0.6468185194355038	0.7670215399851449	-0.12020302054964105	Control
ENSG00000056972	6	17	-11	-0.1793648982182587	0.35528596187175043	0.42696211933646944	-0.071676157464719	Control
ENSG00000246363	74	50	24	0.2943384447044558	0.7106957167615746	0.630354048031691	0.08034166872988358	AD
ENSG00000085644	5	49	-44	-0.6259994786882467	0.3247090864075266	0.6266402574894776	-0.301931171081951	Control
ENSG00000114098	35	112	-77	-1.0726340591582346	0.6147561277543947	0.7504332755632582	-0.13567714780886353	Control
ENSG00000137876	15	52	-37	-0.5312588101037037	0.4961624164397128	0.6370388710076752	-0.14087645456796238	Control
ENSG00000243069	8	2	6	0.05071958262991694	0.4022035157217133	0.10497647932656598	0.29722703639514736	AD
ENSG00000249715	4	7	-3	-0.07108984840735251	0.2896756622926467	0.2742015350334241	0.015474127259222592	Control
ENSG00000007171	44	7	37	0.4702854006471784	0.6468185194355038	0.2742015350334241	0.37261698440207974	AD
ENSG00000144712	15	61	-46	-0.6530682411409732	0.4961624164397128	0.660807130477841	-0.1646447140381282	Control
ENSG00000082074	1	29	-28	-0.4094493790664343	0.07279029462738301	0.5324337707353305	-0.4596434761079475	Control
ENSG00000091640	19	22	-3	-0.07108984840735251	0.5283486011388958	0.47623174052983414	0.05211686060906168	Control
ENSG00000110497	18	107	-89	-1.2350466338745938	0.5199306759098787	0.7411487992077247	-0.22121812329784596	Control
ENSG00000175756	1	1	0	-0.030486704728262697	0.07279029462738301	0.03986135181975736	0.03292894280762565	Control
ENSG00000164188	7	29	-22	-0.3282430917082547	0.3815300817033919	0.5324337707353305	-0.15090368903193857	Control
ENSG00000116754	1	2	-1	-0.04402108595462597	0.07279029462738301	0.10497647932656598	-0.03218618469918297	Control
ENSG00000007402	2	1	1	-0.016952323501899427	0.18209952958653133	0.03986135181975736	0.14223817776677397	AD
ENSG00000259236	23	90	-67	-0.9372902468946019	0.5565734092597178	0.716142609556821	-0.1595692002971032	Control
ENSG00000109458	3	1	2	-0.0034179422755361536	0.2442436246595692	0.03986135181975736	0.20438227283981183	AD
ENSG00000155366	1	14	-13	-0.20643366067098526	0.07279029462738301	0.3932904184204011	-0.32050012379301807	Control
ENSG00000131187	3	51	-48	-0.6801370035936998	0.2442436246595692	0.6340678385739045	-0.3898242139143353	Control
ENSG00000104341	11	15	-4	-0.08462422963371578	0.45233968804159447	0.4067838573904432	0.04555583065115126	Control
ENSG00000134453	33	1	32	0.402613494515362	0.6070809606338202	0.03986135181975736	0.5672196088140629	AD
ENSG00000073605	22	26	-4	-0.08462422963371578	0.5505075513741025	0.5118841297350829	0.03862342163901955	Control
ENSG00000182809	4	8	-4	-0.08462422963371578	0.2896756622926467	0.2948749690517455	-0.0051993067590987985	Control
ENSG00000130638	73	110	-37	-0.5312588101037037	0.709333993562763	0.7462243129487497	-0.036890319385986636	Control
ENSG00000177272	9	27	-18	-0.2741055668028016	0.4207724684327804	0.5183213666749196	-0.09754889824213919	Control
ENSG00000112079	25	113	-88	-1.2215122526482307	0.5692002971032434	0.7520425847982174	-0.18284228769497402	Control
ENSG00000112077	7	35	-28	-0.4094493790664343	0.3815300817033919	0.5685813320128744	-0.1870512503094825	Control
ENSG00000104142	48	63	-15	-0.23350242312371178	0.6574647189898489	0.6655112651646448	-0.008046546174795832	Control
ENSG00000110700	9	10	-1	-0.04402108595462597	0.4207724684327804	0.33473632087150285	0.08603614756127753	Control
ENSG00000211460	3	3	0	-0.030486704728262697	0.2442436246595692	0.15139886110423373	0.09284476355533547	Control
ENSG00000107874	7	44	-37	-0.5312588101037037	0.3815300817033919	0.6093092349591483	-0.22777915325575643	Control
ENSG00000164574	24	14	10	0.10485710753537002	0.5630106461995543	0.3932904184204011	0.16972022777915324	AD
ENSG00000136295	3	25	-22	-0.3282430917082547	0.2442436246595692	0.505694478831394	-0.2614508541718248	Control
ENSG00000253877	3	7	-4	-0.08462422963371578	0.2442436246595692	0.2742015350334241	-0.029957910373854896	Control
ENSG00000145592	5	14	-9	-0.15229613576553216	0.3247090864075266	0.3932904184204011	-0.06858133201287447	Control
ENSG00000165025	8	37	-29	-0.4229837602927976	0.4022035157217133	0.5809606338202525	-0.17875711809853922	Control
ENSG00000145912	12	54	-42	-0.5989307162355201	0.46595692002971034	0.6423619707848477	-0.17640505075513735	Control
ENSG00000080845	90	206	-116	-1.6004749269864023	0.7316167368160436	0.8320128744738797	-0.10039613765783617	Control
ENSG00000233123	32	137	-105	-1.4515967334964062	0.6033671700916068	0.7772963604852686	-0.17392919039366184	Control
ENSG00000078369	4	85	-81	-1.1267715840636876	0.2896756622926467	0.708838821490468	-0.41916315919782127	Control
ENSG00000183696	1	6	-5	-0.09815861086007906	0.07279029462738301	0.25043327556325823	-0.17764298093587522	Control
ENSG00000162104	17	44	-27	-0.39591499784007106	0.5127506808615994	0.6093092349591483	-0.09655855409754899	Control
ENSG00000083937	2	5	-3	-0.07108984840735251	0.18209952958653133	0.22295122555087893	-0.040851695964347595	Control
ENSG00000100129	4	13	-9	-0.15229613576553216	0.2896756622926467	0.37880663530576875	-0.08913097301312206	Control
ENSG00000119280	1	40	-39	-0.5583275725564303	0.07279029462738301	0.5921020054468928	-0.5193117108195098	Control
ENSG00000170846	25	17	8	0.07778834508264348	0.5692002971032434	0.42696211933646944	0.14223817776677394	AD
ENSG00000166200	56	76	-20	-0.3011743292555282	0.6770240158455063	0.6947264174300569	-0.01770240158455061	Control
ENSG00000146950	45	127	-82	-1.140305965290051	0.6496657588512008	0.7685070562020302	-0.11884129735082938	Control
ENSG00000109501	3	3	0	-0.030486704728262697	0.2442436246595692	0.15139886110423373	0.09284476355533547	Control
ENSG00000115468	2	3	-1	-0.04402108595462597	0.18209952958653133	0.15139886110423373	0.030700668482297605	Control
ENSG00000118473	35	12	23	0.28080406347809256	0.6147561277543947	0.36568457538994803	0.24907155236444667	AD
ENSG00000151233	12	9	3	0.010116438950827119	0.46595692002971034	0.3161673681604357	0.14978955186927462	AD
ENSG00000163655	21	126	-105	-1.4515967334964062	0.5432037633077494	0.7670215399851449	-0.22381777667739544	Control
ENSG00000108510	21	8	13	0.14546025121445982	0.5432037633077494	0.2948749690517455	0.24832879425600396	AD
ENSG00000141380	51	14	37	0.4702854006471784	0.6641495419658331	0.3932904184204011	0.270859123545432	AD
ENSG00000171159	8	12	-4	-0.08462422963371578	0.4022035157217133	0.36568457538994803	0.03651894033176528	Control
ENSG00000185737	22	21	1	-0.016952323501899427	0.5505075513741025	0.46521416192126763	0.08529338945283482	AD
ENSG00000242485	8	1	7	0.06425396385628021	0.4022035157217133	0.03986135181975736	0.36234216390195595	AD
ENSG00000138768	5	59	-54	-0.7613432909518794	0.3247090864075266	0.6558554097548899	-0.33114632334736327	Control
ENSG00000153944	17	16	1	-0.016952323501899427	0.5127506808615994	0.41718247090864075	0.09556820995295862	AD
ENSG00000125844	1	1	0	-0.030486704728262697	0.07279029462738301	0.03986135181975736	0.03292894280762565	Control
ENSG00000180353	1	32	-31	-0.4500525227455241	0.07279029462738301	0.5529834117355781	-0.48019311710819507	Control
ENSG00000166170	16	28	-12	-0.19289927944462198	0.5049517207229512	0.5251299826689775	-0.020178261946026232	Control
ENSG00000163625	9	5	4	0.02365082017719039	0.4207724684327804	0.22295122555087893	0.19782124288190145	AD
ENSG00000175087	8	23	-15	-0.23350242312371178	0.4022035157217133	0.4866303540480317	-0.08442683832631837	Control
ENSG00000167363	23	61	-38	-0.544793191330067	0.5565734092597178	0.660807130477841	-0.10423372121812324	Control
ENSG00000167550	5	2	3	0.010116438950827119	0.3247090864075266	0.10497647932656598	0.21973260708096062	AD
ENSG00000144407	47	14	33	0.4161478757417253	0.6548650656102996	0.3932904184204011	0.2615746471898985	AD
ENSG00000272661	3	24	-21	-0.3147087104818914	0.2442436246595692	0.49690517454815547	-0.25266154988858625	Control
ENSG00000279118	47	4	43	0.5514916880053581	0.6548650656102996	0.19076504085169596	0.46410002475860357	AD
ENSG00000032389	7	13	-6	-0.11169299208644234	0.3815300817033919	0.37880663530576875	0.002723446397623175	Control
ENSG00000138801	22	9	13	0.14546025121445982	0.5505075513741025	0.3161673681604357	0.23434018321366673	AD
ENSG00000182606	1	1	0	-0.030486704728262697	0.07279029462738301	0.03986135181975736	0.03292894280762565	Control
ENSG00000084453	18	8	10	0.10485710753537002	0.5199306759098787	0.2948749690517455	0.22505570685813325	AD
ENSG00000187244	28	21	7	0.06425396385628021	0.5865313196335726	0.46521416192126763	0.121317157712305	AD
ENSG00000267272	30	19	11	0.11839148876173328	0.5963109680614014	0.4461500371379054	0.15016093092349597	AD
ENSG00000112812	32	96	-64	-0.896687103215512	0.6033671700916068	0.7259222579846497	-0.12255508789304292	Control
ENSG00000168890	28	92	-64	-0.896687103215512	0.5865313196335726	0.7191136419905917	-0.13258232235701906	Control
ENSG00000152402	12	5	7	0.06425396385628021	0.46595692002971034	0.22295122555087893	0.2430056944788314	AD
ENSG00000100599	7	13	-6	-0.11169299208644234	0.3815300817033919	0.37880663530576875	0.002723446397623175	Control
ENSG00000113161	60	3	57	0.7409730251744439	0.6849467690022283	0.15139886110423373	0.5335479078979946	AD
ENSG00000197102	34	26	8	0.07778834508264348	0.6109185441941074	0.5118841297350829	0.0990344144590245	AD
ENSG00000176340	2	4	-2	-0.057555467180989243	0.18209952958653133	0.19076504085169596	-0.008665511265164627	Control
ENSG00000158966	2	1	1	-0.016952323501899427	0.18209952958653133	0.03986135181975736	0.14223817776677397	AD
ENSG00000072736	20	10	10	0.10485710753537002	0.5360237682594702	0.33473632087150285	0.20128744738796733	AD
ENSG00000079805	7	1	6	0.05071958262991694	0.3815300817033919	0.03986135181975736	0.34166872988363456	AD
ENSG00000123444	10	81	-71	-0.9914277718000549	0.437360732854667	0.7025253775687051	-0.26516464471403817	Control
ENSG00000176454	30	11	19	0.22666653857263946	0.5963109680614014	0.35070562020302054	0.24560534785838084	AD
ENSG00000184752	17	16	1	-0.016952323501899427	0.5127506808615994	0.41718247090864075	0.09556820995295862	AD
ENSG00000130669	23	19	4	0.02365082017719039	0.5565734092597178	0.4461500371379054	0.11042337212181236	AD
ENSG00000148842	1	77	-76	-1.0590996779318713	0.07279029462738301	0.6967071057192374	-0.6239168110918545	Control
ENSG00000167755	7	12	-5	-0.09815861086007906	0.3815300817033919	0.36568457538994803	0.01584550631344389	Control
ENSG00000165548	46	20	26	0.32140720715718235	0.6522654122307502	0.4548155484030701	0.1974498638276801	AD
ENSG00000167601	10	39	-29	-0.4229837602927976	0.437360732854667	0.589130973013122	-0.15177024015845503	Control
ENSG00000168016	4	20	-16	-0.24703680435007505	0.2896756622926467	0.4548155484030701	-0.1651398861104234	Control
ENSG00000279348	4	11	-7	-0.12522737331280562	0.2896756622926467	0.35070562020302054	-0.061029957910373855	Control
ENSG00000127445	49	162	-113	-1.5598717833073124	0.6600643723693984	0.7971032433770735	-0.1370388710076751	Control
ENSG00000105329	17	25	-8	-0.1387617545391689	0.5127506808615994	0.505694478831394	0.007056202030205405	Control
ENSG00000177098	4	22	-18	-0.2741055668028016	0.2896756622926467	0.47623174052983414	-0.18655607823718745	Control
ENSG00000101542	22	10	12	0.13192586998809655	0.5505075513741025	0.33473632087150285	0.2157712305025996	AD
ENSG00000167642	78	20	58	0.7545074064008072	0.7166377816291161	0.4548155484030701	0.261822233226046	AD
ENSG00000167515	7	14	-7	-0.12522737331280562	0.3815300817033919	0.3932904184204011	-0.011760336717009157	Control
ENSG00000100321	28	201	-173	-2.371934656889109	0.5865313196335726	0.8280514978955187	-0.24152017826194605	Control
ENSG00000085563	5	5	0	-0.030486704728262697	0.3247090864075266	0.22295122555087893	0.10175786085664767	Control
ENSG00000166313	20	91	-71	-0.9914277718000549	0.5360237682594702	0.7176281257737064	-0.1816043575142362	Control
ENSG00000128564	4	4	0	-0.030486704728262697	0.2896756622926467	0.19076504085169596	0.09891062144095072	Control
ENSG00000279675	12	61	-49	-0.693671384820063	0.46595692002971034	0.660807130477841	-0.19485021044813067	Control
ENSG00000139641	16	43	-27	-0.39591499784007106	0.5049517207229512	0.6043575142361971	-0.09940579351324585	Control
ENSG00000124313	195	321	-126	-1.735818739250035	0.8201287447387967	0.8999752413963853	-0.07984649665758858	Control
ENSG00000164615	43	3	40	0.5108885443262682	0.6438474870017331	0.15139886110423373	0.4924486258974994	AD
ENSG00000129450	2	32	-30	-0.4365181415191608	0.18209952958653133	0.5529834117355781	-0.3708838821490468	Control
ENSG00000067182	4	50	-46	-0.6530682411409732	0.2896756622926467	0.630354048031691	-0.34067838573904435	Control
ENSG00000124126	50	29	21	0.253735301025366	0.6622926466947264	0.5324337707353305	0.12985887595939594	AD
ENSG00000140022	21	34	-13	-0.20643366067098526	0.5432037633077494	0.5628868531814806	-0.01968308987373113	Control
ENSG00000140990	13	15	-2	-0.057555467180989243	0.47660311958405543	0.4067838573904432	0.06981926219361223	Control
ENSG00000274070	2	2	0	-0.030486704728262697	0.18209952958653133	0.10497647932656598	0.07712305025996535	Control
ENSG00000016391	12	46	-34	-0.4906556664246139	0.46595692002971034	0.616860609061649	-0.15090368903193863	Control
ENSG00000105854	10	16	-6	-0.11169299208644234	0.437360732854667	0.41718247090864075	0.020178261946026232	Control
ENSG00000146147	11	36	-25	-0.3688462353873445	0.45233968804159447	0.5753899480069324	-0.12305025996533797	Control
ENSG00000126945	55	72	-17	-0.2605711855764383	0.6744243624659569	0.6865560782371875	-0.012131715771230511	Control
ENSG00000145920	38	3	35	0.44321663819445184	0.6278781876702154	0.15139886110423373	0.4764793265659817	AD
ENSG00000173402	6	22	-16	-0.24703680435007505	0.35528596187175043	0.47623174052983414	-0.1209457786580837	Control
ENSG00000011485	58	172	-114	-1.5734061645336757	0.6818519435503838	0.806387719732607	-0.12453577618222322	Control
ENSG00000103353	66	102	-36	-0.5177244288773405	0.6973260708096063	0.7342163901955929	-0.036890319385986636	Control
ENSG00000116983	19	14	5	0.037185201403553664	0.5283486011388958	0.3932904184204011	0.13505818271849473	AD
ENSG00000204217	7	35	-28	-0.4094493790664343	0.3815300817033919	0.5685813320128744	-0.1870512503094825	Control
ENSG00000166689	10	5	5	0.037185201403553664	0.437360732854667	0.22295122555087893	0.21440950730378805	AD
ENSG00000221890	9	17	-8	-0.1387617545391689	0.4207724684327804	0.42696211933646944	-0.006189650903689059	Control
ENSG00000174748	7	3	4	0.02365082017719039	0.3815300817033919	0.15139886110423373	0.2301312205991582	AD
ENSG00000210194	1	1	0	-0.030486704728262697	0.07279029462738301	0.03986135181975736	0.03292894280762565	Control
ENSG00000116574	3	3	0	-0.030486704728262697	0.2442436246595692	0.15139886110423373	0.09284476355533547	Control
ENSG00000126254	4	2	2	-0.0034179422755361536	0.2896756622926467	0.10497647932656598	0.1846991829660807	AD
ENSG00000174720	3	3	0	-0.030486704728262697	0.2442436246595692	0.15139886110423373	0.09284476355533547	Control
ENSG00000235194	2	4	-2	-0.057555467180989243	0.18209952958653133	0.19076504085169596	-0.008665511265164627	Control
ENSG00000134954	6	3	3	0.010116438950827119	0.35528596187175043	0.15139886110423373	0.2038871007675167	AD
ENSG00000134056	15	3	12	0.13192586998809655	0.4961624164397128	0.15139886110423373	0.3447635553354791	AD
ENSG00000152193	64	5	59	0.7680417876271703	0.6934884872493191	0.22295122555087893	0.4705372616984402	AD
ENSG00000100628	9	3	6	0.05071958262991694	0.4207724684327804	0.15139886110423373	0.26937360732854665	AD
ENSG00000104870	24	24	0	-0.030486704728262697	0.5630106461995543	0.49690517454815547	0.06610547165139885	Control
ENSG00000167614	3	3	0	-0.030486704728262697	0.2442436246595692	0.15139886110423373	0.09284476355533547	Control
ENSG00000137776	1	1	0	-0.030486704728262697	0.07279029462738301	0.03986135181975736	0.03292894280762565	Control
ENSG00000145794	2	7	-5	-0.09815861086007906	0.18209952958653133	0.2742015350334241	-0.09210200544689276	Control
ENSG00000137843	30	52	-22	-0.3282430917082547	0.5963109680614014	0.6370388710076752	-0.04072790294627382	Control
ENSG00000196465	7	17	-10	-0.16583051699189544	0.3815300817033919	0.42696211933646944	-0.045432037633077516	Control
ENSG00000130770	1	2	-1	-0.04402108595462597	0.07279029462738301	0.10497647932656598	-0.03218618469918297	Control
ENSG00000197958	4	9	-5	-0.09815861086007906	0.2896756622926467	0.3161673681604357	-0.02649170586778904	Control
ENSG00000139874	5	32	-27	-0.39591499784007106	0.3247090864075266	0.5529834117355781	-0.22827432532805148	Control
ENSG00000111237	41	38	3	0.010116438950827119	0.6387719732607081	0.5855409754889824	0.053230997771725685	AD
ENSG00000116329	3	6	-3	-0.07108984840735251	0.2442436246595692	0.25043327556325823	-0.006189650903689031	Control
ENSG00000103222	15	2	13	0.14546025121445982	0.4961624164397128	0.10497647932656598	0.39118593711314686	AD
ENSG00000086598	10	32	-22	-0.3282430917082547	0.437360732854667	0.5529834117355781	-0.1156226788809111	Control
ENSG00000198816	13	10	3	0.010116438950827119	0.47660311958405543	0.33473632087150285	0.1418667987125526	AD
ENSG00000213064	8	27	-19	-0.28763994802916487	0.4022035157217133	0.5183213666749196	-0.11611785095320626	Control
ENSG00000255112	32	33	-1	-0.04402108595462597	0.6033671700916068	0.5590492696211934	0.044317900470413396	Control
ENSG00000135077	1	19	-18	-0.2741055668028016	0.07279029462738301	0.4461500371379054	-0.3733597425105224	Control
ENSG00000145214	14	45	-31	-0.4500525227455241	0.48601138895766277	0.6132706115375093	-0.1272592225798465	Control
ENSG00000130511	22	32	-10	-0.16583051699189544	0.5505075513741025	0.5529834117355781	-0.0024758603614756236	Control
ENSG00000170540	17	3	14	0.1589946324408231	0.5127506808615994	0.15139886110423373	0.36135181975736563	AD
ENSG00000214050	29	1	28	0.3484759696099089	0.5914830403565239	0.03986135181975736	0.5516216885367665	AD
ENSG00000132824	70	282	-212	-2.8997755247172763	0.7026491705867789	0.8783114632334736	-0.17566229264669475	Control
ENSG00000019144	2	10	-8	-0.1387617545391689	0.18209952958653133	0.33473632087150285	-0.1526367912849715	Control
ENSG00000213411	1	13	-12	-0.19289927944462198	0.07279029462738301	0.37880663530576875	-0.30601634067838573	Control
ENSG00000167613	10	51	-41	-0.5853963350091568	0.437360732854667	0.6340678385739045	-0.1967071057192375	Control
ENSG00000176095	6	36	-30	-0.4365181415191608	0.35528596187175043	0.5753899480069324	-0.220103986135182	Control
ENSG00000181090	8	1	7	0.06425396385628021	0.4022035157217133	0.03986135181975736	0.36234216390195595	AD
ENSG00000018625	3	2	1	-0.016952323501899427	0.2442436246595692	0.10497647932656598	0.13926714533300322	AD
ENSG00000079482	25	29	-4	-0.08462422963371578	0.5692002971032434	0.5324337707353305	0.03676652636791289	Control
ENSG00000160766	15	5	10	0.10485710753537002	0.4961624164397128	0.22295122555087893	0.2732111908888339	AD
ENSG00000084092	8	16	-8	-0.1387617545391689	0.4022035157217133	0.41718247090864075	-0.014978955186927434	Control
ENSG00000204220	5	3	2	-0.0034179422755361536	0.3247090864075266	0.15139886110423373	0.17331022530329288	AD
ENSG00000102096	11	8	3	0.010116438950827119	0.45233968804159447	0.2948749690517455	0.15746471898984898	AD
ENSG00000111052	34	23	11	0.11839148876173328	0.6109185441941074	0.4866303540480317	0.12428819014607573	AD
ENSG00000106524	24	35	-11	-0.1793648982182587	0.5630106461995543	0.5685813320128744	-0.005570685813320098	Control
ENSG00000049759	12	9	3	0.010116438950827119	0.46595692002971034	0.3161673681604357	0.14978955186927462	AD
ENSG00000060749	21	20	1	-0.016952323501899427	0.5432037633077494	0.4548155484030701	0.08838821490467935	AD
ENSG00000065600	1	1	0	-0.030486704728262697	0.07279029462738301	0.03986135181975736	0.03292894280762565	Control
ENSG00000071051	14	39	-25	-0.3688462353873445	0.48601138895766277	0.589130973013122	-0.10311958405545923	Control
ENSG00000161980	53	265	-212	-2.8997755247172763	0.6692250557068581	0.8697697449863828	-0.20054468927952473	Control
ENSG00000137563	17	8	9	0.09132272630900674	0.5127506808615994	0.2948749690517455	0.21787571180985388	AD
ENSG00000253230	17	22	-5	-0.09815861086007906	0.5127506808615994	0.47623174052983414	0.036518940331765226	Control
ENSG00000115073	6	43	-37	-0.5312588101037037	0.35528596187175043	0.6043575142361971	-0.24907155236444667	Control
ENSG00000176769	7	2	5	0.037185201403553664	0.3815300817033919	0.10497647932656598	0.2765536023768259	AD
ENSG00000162433	5	8	-3	-0.07108984840735251	0.3247090864075266	0.2948749690517455	0.02983411735578112	Control
ENSG00000188582	12	13	-1	-0.04402108595462597	0.46595692002971034	0.37880663530576875	0.0871502847239416	Control
ENSG00000102452	27	180	-153	-2.1012470323618433	0.5817033919286952	0.8138153008170339	-0.23211190888833866	Control
ENSG00000113732	10	19	-9	-0.15229613576553216	0.437360732854667	0.4461500371379054	-0.00878930428323843	Control
ENSG00000061676	14	127	-113	-1.5598717833073124	0.48601138895766277	0.7685070562020302	-0.2824956672443674	Control
ENSG00000184207	26	14	12	0.13192586998809655	0.5757613270611538	0.3932904184204011	0.18247090864075272	AD
ENSG00000151835	25	112	-87	-1.2079778714218674	0.5692002971032434	0.7504332755632582	-0.18123297846001485	Control
ENSG00000187446	57	223	-166	-2.2771939883045658	0.6794998762069819	0.8431542461005199	-0.163654369893538	Control
ENSG00000178038	7	9	-2	-0.057555467180989243	0.3815300817033919	0.3161673681604357	0.0653627135429562	Control
ENSG00000135966	1	28	-27	-0.39591499784007106	0.07279029462738301	0.5251299826689775	-0.45233968804159447	Control
ENSG00000148090	58	14	44	0.5650260692317213	0.6818519435503838	0.3932904184204011	0.28856152512998273	AD
ENSG00000185920	11	4	7	0.06425396385628021	0.45233968804159447	0.19076504085169596	0.26157464718989853	AD
ENSG00000138411	1	3	-2	-0.057555467180989243	0.07279029462738301	0.15139886110423373	-0.07860856647685072	Control
ENSG00000175455	3	15	-12	-0.19289927944462198	0.2442436246595692	0.4067838573904432	-0.162540232730874	Control
ENSG00000164181	5	9	-4	-0.08462422963371578	0.3247090864075266	0.3161673681604357	0.00854171824709088	Control
ENSG00000105737	25	82	-57	-0.8019464346309692	0.5692002971032434	0.7043822728398118	-0.13518197573656843	Control
ENSG00000090975	10	35	-25	-0.3688462353873445	0.437360732854667	0.5685813320128744	-0.13122059915820744	Control
ENSG00000138081	39	39	0	-0.030486704728262697	0.632087150284724	0.589130973013122	0.04295617727160195	Control
ENSG00000144895	31	6	25	0.3078728259308191	0.6000247586036147	0.25043327556325823	0.3495914830403565	AD
ENSG00000160781	3	1	2	-0.0034179422755361536	0.2442436246595692	0.03986135181975736	0.20438227283981183	AD
ENSG00000110888	19	34	-15	-0.23350242312371178	0.5283486011388958	0.5628868531814806	-0.03453825204258476	Control
ENSG00000150457	20	36	-16	-0.24703680435007505	0.5360237682594702	0.5753899480069324	-0.03936617974746226	Control
ENSG00000080815	6	7	-1	-0.04402108595462597	0.35528596187175043	0.2742015350334241	0.08108442683832634	Control
ENSG00000172586	1	1	0	-0.030486704728262697	0.07279029462738301	0.03986135181975736	0.03292894280762565	Control
ENSG00000115365	19	168	-149	-2.04710950745639	0.5283486011388958	0.8020549641000247	-0.27370636296112894	Control
ENSG00000172936	2	32	-30	-0.4365181415191608	0.18209952958653133	0.5529834117355781	-0.3708838821490468	Control
ENSG00000197816	9	32	-23	-0.34177747293461797	0.4207724684327804	0.5529834117355781	-0.1322109433027977	Control
ENSG00000165572	1	1	0	-0.030486704728262697	0.07279029462738301	0.03986135181975736	0.03292894280762565	Control
ENSG00000171860	9	40	-31	-0.4500525227455241	0.4207724684327804	0.5921020054468928	-0.17132953701411247	Control
ENSG00000198682	4	4	0	-0.030486704728262697	0.2896756622926467	0.19076504085169596	0.09891062144095072	Control
ENSG00000101144	21	26	-5	-0.09815861086007906	0.5432037633077494	0.5118841297350829	0.03131963357266654	Control
ENSG00000118515	4	1	3	0.010116438950827119	0.2896756622926467	0.03986135181975736	0.24981431047288932	AD
ENSG00000106683	14	16	-2	-0.057555467180989243	0.48601138895766277	0.41718247090864075	0.06882891804902203	Control
ENSG00000102316	43	27	16	0.18606339489354964	0.6438474870017331	0.5183213666749196	0.12552612032681354	AD
ENSG00000172508	3	4	-1	-0.04402108595462597	0.2442436246595692	0.19076504085169596	0.05347858380787324	Control
ENSG00000107897	9	3	6	0.05071958262991694	0.4207724684327804	0.15139886110423373	0.26937360732854665	AD
ENSG00000141698	3	35	-32	-0.46358690397188734	0.2442436246595692	0.5685813320128744	-0.32433770735330525	Control
ENSG00000116138	11	16	-5	-0.09815861086007906	0.45233968804159447	0.41718247090864075	0.03515721713295372	Control
ENSG00000155506	9	175	-166	-2.2771939883045658	0.4207724684327804	0.8086159940579352	-0.3878435256251548	Control
ENSG00000106591	7	1	6	0.05071958262991694	0.3815300817033919	0.03986135181975736	0.34166872988363456	AD
ENSG00000165209	4	3	1	-0.016952323501899427	0.2896756622926467	0.15139886110423373	0.13827680118841296	AD
ENSG00000183662	24	29	-5	-0.09815861086007906	0.5630106461995543	0.5324337707353305	0.03057687546422383	Control
ENSG00000116209	9	4	5	0.037185201403553664	0.4207724684327804	0.19076504085169596	0.23000742758108442	AD
ENSG00000104325	1	4	-3	-0.07108984840735251	0.07279029462738301	0.19076504085169596	-0.11797474622431295	Control
ENSG00000182771	4	5	-1	-0.04402108595462597	0.2896756622926467	0.22295122555087893	0.06672443674176776	Control
ENSG00000172247	11	112	-101	-1.3974592085909532	0.45233968804159447	0.7504332755632582	-0.29809358752166376	Control
ENSG00000136153	39	10	29	0.3620103508362722	0.632087150284724	0.33473632087150285	0.2973508294132211	AD
ENSG00000114923	8	2	6	0.05071958262991694	0.4022035157217133	0.10497647932656598	0.29722703639514736	AD
ENSG00000144040	6	1	5	0.037185201403553664	0.35528596187175043	0.03986135181975736	0.31542461005199307	AD
ENSG00000123684	19	217	-198	-2.7102941875481905	0.5283486011388958	0.8394404555583065	-0.3110918544194107	Control
ENSG00000166946	29	121	-92	-1.2756497775536837	0.5914830403565239	0.759593958900718	-0.16811091854419413	Control
ENSG00000139044	2	5	-3	-0.07108984840735251	0.18209952958653133	0.22295122555087893	-0.040851695964347595	Control
ENSG00000124782	17	28	-11	-0.1793648982182587	0.5127506808615994	0.5251299826689775	-0.012379301807378118	Control
ENSG00000173113	15	3	12	0.13192586998809655	0.4961624164397128	0.15139886110423373	0.3447635553354791	AD
ENSG00000087448	16	10	6	0.05071958262991694	0.5049517207229512	0.33473632087150285	0.1702153998514484	AD
ENSG00000182256	14	13	1	-0.016952323501899427	0.48601138895766277	0.37880663530576875	0.10720475365189402	AD
ENSG00000100600	54	74	-20	-0.3011743292555282	0.6717009160683337	0.690146075761327	-0.018445159692993318	Control
ENSG00000152092	3	40	-37	-0.5312588101037037	0.2442436246595692	0.5921020054468928	-0.3478583807873237	Control
ENSG00000188859	17	85	-68	-0.9508246281209651	0.5127506808615994	0.708838821490468	-0.1960881406288686	Control
ENSG00000231535	4	24	-20	-0.3011743292555282	0.2896756622926467	0.49690517454815547	-0.20722951225550879	Control
ENSG00000134287	32	21	11	0.11839148876173328	0.6033671700916068	0.46521416192126763	0.13815300817033915	AD
ENSG00000128815	6	4	2	-0.0034179422755361536	0.35528596187175043	0.19076504085169596	0.16452092102005447	AD
ENSG00000103423	16	58	-42	-0.5989307162355201	0.5049517207229512	0.6531319633572666	-0.1481802426343154	Control
ENSG00000127418	3	5	-2	-0.057555467180989243	0.2442436246595692	0.22295122555087893	0.02129239910869027	Control
ENSG00000085978	2	11	-9	-0.15229613576553216	0.18209952958653133	0.35070562020302054	-0.1686060906164892	Control
ENSG00000152128	26	5	21	0.253735301025366	0.5757613270611538	0.22295122555087893	0.35281010151027486	AD
ENSG00000105963	3	13	-10	-0.16583051699189544	0.2442436246595692	0.37880663530576875	-0.13456301064619955	Control
ENSG00000255909	9	12	-3	-0.07108984840735251	0.4207724684327804	0.36568457538994803	0.05508789304283235	Control
ENSG00000150337	2	22	-20	-0.3011743292555282	0.18209952958653133	0.47623174052983414	-0.2941322109433028	Control
ENSG00000140323	8	12	-4	-0.08462422963371578	0.4022035157217133	0.36568457538994803	0.03651894033176528	Control
ENSG00000137124	24	1	23	0.28080406347809256	0.5630106461995543	0.03986135181975736	0.523149294379797	AD
ENSG00000122512	5	1	4	0.02365082017719039	0.3247090864075266	0.03986135181975736	0.28484773458776924	AD
ENSG00000213719	3	32	-29	-0.4229837602927976	0.2442436246595692	0.5529834117355781	-0.3087397870760089	Control
ENSG00000132405	1	2	-1	-0.04402108595462597	0.07279029462738301	0.10497647932656598	-0.03218618469918297	Control
ENSG00000134313	11	6	5	0.037185201403553664	0.45233968804159447	0.25043327556325823	0.20190641247833624	AD
ENSG00000110811	10	9	1	-0.016952323501899427	0.437360732854667	0.3161673681604357	0.12119336469423125	AD
ENSG00000136404	9	18	-9	-0.15229613576553216	0.4207724684327804	0.4371131468185194	-0.01634067838573905	Control
ENSG00000165671	3	2	1	-0.016952323501899427	0.2442436246595692	0.10497647932656598	0.13926714533300322	AD
ENSG00000138448	2	25	-23	-0.34177747293461797	0.18209952958653133	0.505694478831394	-0.32359494924486265	Control
ENSG00000135127	4	6	-2	-0.057555467180989243	0.2896756622926467	0.25043327556325823	0.039242386729388457	Control
ENSG00000113100	8	13	-5	-0.09815861086007906	0.4022035157217133	0.37880663530576875	0.023396880415944565	Control
ENSG00000169020	2	6	-4	-0.08462422963371578	0.18209952958653133	0.25043327556325823	-0.0683337459767269	Control
ENSG00000040608	61	99	-38	-0.544793191330067	0.6866798712552612	0.7298836345630106	-0.04320376330774944	Control
ENSG00000099625	16	47	-31	-0.4500525227455241	0.5049517207229512	0.620203020549641	-0.1152512998266898	Control
ENSG00000120438	6	11	-5	-0.09815861086007906	0.35528596187175043	0.35070562020302054	0.004580341668729893	Control
ENSG00000168894	6	4	2	-0.0034179422755361536	0.35528596187175043	0.19076504085169596	0.16452092102005447	AD
ENSG00000166171	11	11	0	-0.030486704728262697	0.45233968804159447	0.35070562020302054	0.10163406783857393	Control
ENSG00000099725	1	23	-22	-0.3282430917082547	0.07279029462738301	0.4866303540480317	-0.41384005942064866	Control
ENSG00000198925	1	14	-13	-0.20643366067098526	0.07279029462738301	0.3932904184204011	-0.32050012379301807	Control
ENSG00000170775	3	4	-1	-0.04402108595462597	0.2442436246595692	0.19076504085169596	0.05347858380787324	Control
ENSG00000085788	3	65	-62	-0.8696183407627855	0.2442436246595692	0.668729883634563	-0.4244862589749938	Control
ENSG00000164600	24	28	-4	-0.08462422963371578	0.5630106461995543	0.5251299826689775	0.03788066353057684	Control
ENSG00000115687	7	3	4	0.02365082017719039	0.3815300817033919	0.15139886110423373	0.2301312205991582	AD
ENSG00000228212	7	36	-29	-0.4229837602927976	0.3815300817033919	0.5753899480069324	-0.19385986630354052	Control
ENSG00000125730	9	46	-37	-0.5312588101037037	0.4207724684327804	0.616860609061649	-0.1960881406288686	Control
ENSG00000028839	28	11	17	0.19959777611991292	0.5865313196335726	0.35070562020302054	0.2358256994305521	AD
ENSG00000011021	6	115	-109	-1.5057342584018594	0.35528596187175043	0.7542708591235454	-0.398984897251795	Control
ENSG00000184307	11	1	10	0.10485710753537002	0.45233968804159447	0.03986135181975736	0.4124783362218371	AD
ENSG00000120251	3	3	0	-0.030486704728262697	0.2442436246595692	0.15139886110423373	0.09284476355533547	Control
ENSG00000118200	2	4	-2	-0.057555467180989243	0.18209952958653133	0.19076504085169596	-0.008665511265164627	Control
ENSG00000107882	11	3	8	0.07778834508264348	0.45233968804159447	0.15139886110423373	0.30094082693736074	AD
ENSG00000150787	14	7	7	0.06425396385628021	0.48601138895766277	0.2742015350334241	0.21180985392423868	AD
ENSG00000185414	12	47	-35	-0.5041900476509772	0.46595692002971034	0.620203020549641	-0.1542461005199307	Control
ENSG00000128590	15	20	-5	-0.09815861086007906	0.4961624164397128	0.4548155484030701	0.041346868036642725	Control
ENSG00000088899	6	125	-119	-1.641078070665492	0.35528596187175043	0.7652884377321119	-0.4100024758603614	Control
ENSG00000168002	1	3	-2	-0.057555467180989243	0.07279029462738301	0.15139886110423373	-0.07860856647685072	Control
ENSG00000119013	11	4	7	0.06425396385628021	0.45233968804159447	0.19076504085169596	0.26157464718989853	AD
ENSG00000005483	2	2	0	-0.030486704728262697	0.18209952958653133	0.10497647932656598	0.07712305025996535	Control
ENSG00000256008	15	1	14	0.1589946324408231	0.4961624164397128	0.03986135181975736	0.45630106461995545	AD
ENSG00000174482	4	2	2	-0.0034179422755361536	0.2896756622926467	0.10497647932656598	0.1846991829660807	AD
ENSG00000187555	3	34	-31	-0.4500525227455241	0.2442436246595692	0.5628868531814806	-0.3186432285219114	Control
ENSG00000105856	40	2	38	0.4838197818735417	0.6358009408269374	0.10497647932656598	0.5308244615003714	AD
ENSG00000117519	1	49	-48	-0.6801370035936998	0.07279029462738301	0.6266402574894776	-0.5538499628620945	Control
ENSG00000134376	3	3	0	-0.030486704728262697	0.2442436246595692	0.15139886110423373	0.09284476355533547	Control
ENSG00000128309	58	10	48	0.6191635941371744	0.6818519435503838	0.33473632087150285	0.34711562267888096	AD
ENSG00000116044	12	69	-57	-0.8019464346309692	0.46595692002971034	0.6783857390443179	-0.21242881901460753	Control
ENSG00000086061	3	6	-3	-0.07108984840735251	0.2442436246595692	0.25043327556325823	-0.006189650903689031	Control
ENSG00000212694	7	20	-13	-0.20643366067098526	0.3815300817033919	0.4548155484030701	-0.07328546669967817	Control
ENSG00000129084	2	3	-1	-0.04402108595462597	0.18209952958653133	0.15139886110423373	0.030700668482297605	Control
ENSG00000170382	5	65	-60	-0.8425495783100589	0.3247090864075266	0.668729883634563	-0.3440207972270364	Control
ENSG00000088808	3	3	0	-0.030486704728262697	0.2442436246595692	0.15139886110423373	0.09284476355533547	Control
ENSG00000204619	25	95	-70	-0.9778933905736917	0.5692002971032434	0.7244367417677643	-0.1552364446645209	Control
ENSG00000120694	3	8	-5	-0.09815861086007906	0.2442436246595692	0.2948749690517455	-0.050631344392176286	Control
ENSG00000144647	12	159	-147	-2.0200407450036635	0.46595692002971034	0.7937608318890814	-0.3278039118593711	Control
ENSG00000217236	4	1	3	0.010116438950827119	0.2896756622926467	0.03986135181975736	0.24981431047288932	AD
ENSG00000147862	14	5	9	0.09132272630900674	0.48601138895766277	0.22295122555087893	0.26306016340678384	AD
ENSG00000154144	39	72	-33	-0.47712128519825064	0.632087150284724	0.6865560782371875	-0.0544689279524635	Control
ENSG00000241468	6	7	-1	-0.04402108595462597	0.35528596187175043	0.2742015350334241	0.08108442683832634	Control
ENSG00000158014	2	23	-21	-0.3147087104818914	0.18209952958653133	0.4866303540480317	-0.30453082446150037	Control
ENSG00000124191	70	101	-31	-0.4500525227455241	0.7026491705867789	0.7327308739787076	-0.030081703391928727	Control
ENSG00000110987	14	75	-61	-0.8560839595364222	0.48601138895766277	0.6921267640505075	-0.20611537509284478	Control
ENSG00000162511	10	69	-59	-0.8290151970836958	0.437360732854667	0.6783857390443179	-0.2410250061896509	Control
ENSG00000067829	76	70	6	0.05071958262991694	0.714409507303788	0.6812329784600148	0.0331765288437732	AD
ENSG00000105401	12	21	-9	-0.15229613576553216	0.46595692002971034	0.46521416192126763	7.427581084427093e-4	Control
ENSG00000074416	7	1	6	0.05071958262991694	0.3815300817033919	0.03986135181975736	0.34166872988363456	AD
ENSG00000064655	16	12	4	0.02365082017719039	0.5049517207229512	0.36568457538994803	0.13926714533300322	AD
ENSG00000100567	8	1	7	0.06425396385628021	0.4022035157217133	0.03986135181975736	0.36234216390195595	AD
ENSG00000139998	19	7	12	0.13192586998809655	0.5283486011388958	0.2742015350334241	0.2541470661054717	AD
ENSG00000182158	3	30	-27	-0.39591499784007106	0.2442436246595692	0.5396137657836098	-0.2953701411240406	Control
ENSG00000119782	3	3	0	-0.030486704728262697	0.2442436246595692	0.15139886110423373	0.09284476355533547	Control
ENSG00000204138	28	7	21	0.253735301025366	0.5865313196335726	0.2742015350334241	0.31232978460014854	AD
ENSG00000159692	4	40	-36	-0.5177244288773405	0.2896756622926467	0.5921020054468928	-0.30242634315424616	Control
ENSG00000109832	13	7	6	0.05071958262991694	0.47660311958405543	0.2742015350334241	0.20240158455063134	AD
ENSG00000158715	8	10	-2	-0.057555467180989243	0.4022035157217133	0.33473632087150285	0.06746719485021047	Control
ENSG00000188822	2	16	-14	-0.21996804189734853	0.18209952958653133	0.41718247090864075	-0.2350829413221094	Control
ENSG00000135929	3	3	0	-0.030486704728262697	0.2442436246595692	0.15139886110423373	0.09284476355533547	Control
ENSG00000107223	7	16	-9	-0.15229613576553216	0.3815300817033919	0.41718247090864075	-0.035652389205248824	Control
ENSG00000066322	1	9	-8	-0.1387617545391689	0.07279029462738301	0.3161673681604357	-0.2433770735330527	Control
ENSG00000172301	5	4	1	-0.016952323501899427	0.3247090864075266	0.19076504085169596	0.13394404555583064	AD
ENSG00000278259	7	19	-12	-0.19289927944462198	0.3815300817033919	0.4461500371379054	-0.06461995543451349	Control
ENSG00000114978	2	45	-43	-0.6124650974618834	0.18209952958653133	0.6132706115375093	-0.431171081950978	Control
ENSG00000125149	26	9	17	0.19959777611991292	0.5757613270611538	0.3161673681604357	0.25959395890071807	AD
ENSG00000132718	4	32	-28	-0.4094493790664343	0.2896756622926467	0.5529834117355781	-0.2633077494429314	Control
ENSG00000070047	8	13	-5	-0.09815861086007906	0.4022035157217133	0.37880663530576875	0.023396880415944565	Control
ENSG00000197724	13	5	8	0.07778834508264348	0.47660311958405543	0.22295122555087893	0.2536518940331765	AD
ENSG00000109475	6	20	-14	-0.21996804189734853	0.35528596187175043	0.4548155484030701	-0.09952958653131966	Control
ENSG00000164091	10	14	-4	-0.08462422963371578	0.437360732854667	0.3932904184204011	0.0440703144342659	Control
ENSG00000164535	29	1	28	0.3484759696099089	0.5914830403565239	0.03986135181975736	0.5516216885367665	AD
ENSG00000171861	1	2	-1	-0.04402108595462597	0.07279029462738301	0.10497647932656598	-0.03218618469918297	Control
ENSG00000126777	10	6	4	0.02365082017719039	0.437360732854667	0.25043327556325823	0.18692745729140875	AD
ENSG00000111711	5	3	2	-0.0034179422755361536	0.3247090864075266	0.15139886110423373	0.17331022530329288	AD
ENSG00000108684	52	9	43	0.5514916880053581	0.6666254023273087	0.3161673681604357	0.350458034166873	AD
ENSG00000246922	8	36	-28	-0.4094493790664343	0.4022035157217133	0.5753899480069324	-0.17318643228521913	Control
ENSG00000178922	5	15	-10	-0.16583051699189544	0.3247090864075266	0.4067838573904432	-0.0820747709829166	Control
ENSG00000163273	6	2	4	0.02365082017719039	0.35528596187175043	0.10497647932656598	0.2503094825451845	AD
ENSG00000007047	17	102	-85	-1.1809091089691408	0.5127506808615994	0.7342163901955929	-0.22146570933399357	Control
ENSG00000075785	9	27	-18	-0.2741055668028016	0.4207724684327804	0.5183213666749196	-0.09754889824213919	Control
ENSG00000115514	14	30	-16	-0.24703680435007505	0.48601138895766277	0.5396137657836098	-0.053602376825946985	Control
ENSG00000116793	4	22	-18	-0.2741055668028016	0.2896756622926467	0.47623174052983414	-0.18655607823718745	Control
ENSG00000215021	8	4	4	0.02365082017719039	0.4022035157217133	0.19076504085169596	0.21143847487001735	AD
ENSG00000163093	7	8	-1	-0.04402108595462597	0.3815300817033919	0.2948749690517455	0.08665511265164644	Control
ENSG00000173548	30	47	-17	-0.2605711855764383	0.5963109680614014	0.620203020549641	-0.023892052488239668	Control
ENSG00000120063	51	100	-49	-0.693671384820063	0.6641495419658331	0.7311215647437485	-0.06697202277791536	Control
ENSG00000272944	6	104	-98	-1.3568560649118633	0.35528596187175043	0.7361970784847734	-0.380911116613023	Control
ENSG00000136888	10	5	5	0.037185201403553664	0.437360732854667	0.22295122555087893	0.21440950730378805	AD
ENSG00000168994	12	50	-38	-0.544793191330067	0.46595692002971034	0.630354048031691	-0.1643971280019807	Control
ENSG00000175061	12	11	1	-0.016952323501899427	0.46595692002971034	0.35070562020302054	0.1152512998266898	AD
ENSG00000164172	24	70	-46	-0.6530682411409732	0.5630106461995543	0.6812329784600148	-0.11822233226046053	Control
ENSG00000168874	6	1	5	0.037185201403553664	0.35528596187175043	0.03986135181975736	0.31542461005199307	AD
ENSG00000197756	4	7	-3	-0.07108984840735251	0.2896756622926467	0.2742015350334241	0.015474127259222592	Control
ENSG00000179010	13	19	-6	-0.11169299208644234	0.47660311958405543	0.4461500371379054	0.030453082446150026	Control
ENSG00000102172	35	6	29	0.3620103508362722	0.6147561277543947	0.25043327556325823	0.36432285219113647	AD
ENSG00000255136	2	7	-5	-0.09815861086007906	0.18209952958653133	0.2742015350334241	-0.09210200544689276	Control
ENSG00000138685	10	55	-45	-0.6395338599146099	0.437360732854667	0.6454567962366923	-0.2080960633820253	Control
ENSG00000158806	6	8	-2	-0.057555467180989243	0.35528596187175043	0.2948749690517455	0.06041099282000495	Control
ENSG00000176244	5	1	4	0.02365082017719039	0.3247090864075266	0.03986135181975736	0.28484773458776924	AD
ENSG00000148229	4	53	-49	-0.693671384820063	0.2896756622926467	0.6396385243872246	-0.3499628620945779	Control
ENSG00000124496	1	1	0	-0.030486704728262697	0.07279029462738301	0.03986135181975736	0.03292894280762565	Control
ENSG00000152034	36	69	-33	-0.47712128519825064	0.6192126764050507	0.6783857390443179	-0.05917306263926714	Control
ENSG00000185933	22	57	-35	-0.5041900476509772	0.5505075513741025	0.6509036890319386	-0.10039613765783617	Control
ENSG00000163823	3	26	-23	-0.34177747293461797	0.2442436246595692	0.5118841297350829	-0.26764050507551373	Control
ENSG00000021300	25	2	23	0.28080406347809256	0.5692002971032434	0.10497647932656598	0.46422381777667743	AD
ENSG00000075234	11	34	-23	-0.34177747293461797	0.45233968804159447	0.5628868531814806	-0.1105471651398861	Control
ENSG00000182796	5	44	-39	-0.5583275725564303	0.3247090864075266	0.6093092349591483	-0.28460014855162175	Control
ENSG00000114383	6	26	-20	-0.3011743292555282	0.35528596187175043	0.5118841297350829	-0.15659816786333247	Control
ENSG00000130558	17	8	9	0.09132272630900674	0.5127506808615994	0.2948749690517455	0.21787571180985388	AD
ENSG00000038427	4	5	-1	-0.04402108595462597	0.2896756622926467	0.22295122555087893	0.06672443674176776	Control
ENSG00000156482	10	17	-7	-0.12522737331280562	0.437360732854667	0.42696211933646944	0.010398613518197541	Control
ENSG00000167315	19	12	7	0.06425396385628021	0.5283486011388958	0.36568457538994803	0.16266402574894778	AD
ENSG00000135930	3	242	-239	-3.2652038178290845	0.2442436246595692	0.8559049269621193	-0.6116613023025501	Control
ENSG00000129951	9	31	-22	-0.3282430917082547	0.4207724684327804	0.5456796236692251	-0.12490715523644469	Control
ENSG00000280650	1	11	-10	-0.16583051699189544	0.07279029462738301	0.35070562020302054	-0.27791532557563753	Control
ENSG00000011198	13	4	9	0.09132272630900674	0.47660311958405543	0.19076504085169596	0.28583807873235945	AD
ENSG00000204186	7	2	5	0.037185201403553664	0.3815300817033919	0.10497647932656598	0.2765536023768259	AD
ENSG00000215559	1	2	-1	-0.04402108595462597	0.07279029462738301	0.10497647932656598	-0.03218618469918297	Control
ENSG00000122756	8	6	2	-0.0034179422755361536	0.4022035157217133	0.25043327556325823	0.15177024015845508	AD
ENSG00000234771	3	11	-8	-0.1387617545391689	0.2442436246595692	0.35070562020302054	-0.10646199554345134	Control
ENSG00000173227	1	6	-5	-0.09815861086007906	0.07279029462738301	0.25043327556325823	-0.17764298093587522	Control
ENSG00000259891	19	14	5	0.037185201403553664	0.5283486011388958	0.3932904184204011	0.13505818271849473	AD
ENSG00000105819	6	3	3	0.010116438950827119	0.35528596187175043	0.15139886110423373	0.2038871007675167	AD
ENSG00000108381	6	3	3	0.010116438950827119	0.35528596187175043	0.15139886110423373	0.2038871007675167	AD
ENSG00000121413	21	34	-13	-0.20643366067098526	0.5432037633077494	0.5628868531814806	-0.01968308987373113	Control
ENSG00000008710	15	32	-17	-0.2605711855764383	0.4961624164397128	0.5529834117355781	-0.05682099529586526	Control
ENSG00000132424	1	2	-1	-0.04402108595462597	0.07279029462738301	0.10497647932656598	-0.03218618469918297	Control
ENSG00000107929	1	45	-44	-0.6259994786882467	0.07279029462738301	0.6132706115375093	-0.5404803169101262	Control
ENSG00000251623	5	7	-2	-0.057555467180989243	0.3247090864075266	0.2742015350334241	0.05050755137410251	Control
ENSG00000155966	140	135	5	0.037185201403553664	0.7800198068828919	0.7755632582322357	0.004456548650656145	AD
ENSG00000111775	6	9	-3	-0.07108984840735251	0.35528596187175043	0.3161673681604357	0.03911859371131471	Control
ENSG00000105887	3	10	-7	-0.12522737331280562	0.2442436246595692	0.33473632087150285	-0.09049269621193365	Control
ENSG00000177303	12	26	-14	-0.21996804189734853	0.46595692002971034	0.5118841297350829	-0.04592720970537256	Control
ENSG00000186517	4	36	-32	-0.46358690397188734	0.2896756622926467	0.5753899480069324	-0.28571428571428575	Control
ENSG00000184481	23	5	18	0.2131321573462762	0.5565734092597178	0.22295122555087893	0.33362218370883884	AD
ENSG00000115652	3	3	0	-0.030486704728262697	0.2442436246595692	0.15139886110423373	0.09284476355533547	Control
ENSG00000266094	3	17	-14	-0.21996804189734853	0.2442436246595692	0.42696211933646944	-0.18271849467690024	Control
ENSG00000173264	2	3	-1	-0.04402108595462597	0.18209952958653133	0.15139886110423373	0.030700668482297605	Control
ENSG00000185127	3	20	-17	-0.2605711855764383	0.2442436246595692	0.4548155484030701	-0.2105719237435009	Control
ENSG00000137207	1	2	-1	-0.04402108595462597	0.07279029462738301	0.10497647932656598	-0.03218618469918297	Control
ENSG00000171385	7	2	5	0.037185201403553664	0.3815300817033919	0.10497647932656598	0.2765536023768259	AD
ENSG00000119414	4	2	2	-0.0034179422755361536	0.2896756622926467	0.10497647932656598	0.1846991829660807	AD
ENSG00000260328	4	4	0	-0.030486704728262697	0.2896756622926467	0.19076504085169596	0.09891062144095072	Control
ENSG00000166164	26	1	25	0.3078728259308191	0.5757613270611538	0.03986135181975736	0.5358999752413964	AD
ENSG00000198354	137	68	69	0.9033855998908031	0.7782867046298588	0.6754147066105471	0.10287199801931168	AD
ENSG00000055118	12	100	-88	-1.2215122526482307	0.46595692002971034	0.7311215647437485	-0.2651646447140381	Control
ENSG00000164236	12	35	-23	-0.34177747293461797	0.46595692002971034	0.5685813320128744	-0.10262441198316408	Control
ENSG00000104853	9	48	-39	-0.5583275725564303	0.4207724684327804	0.6234216390195593	-0.2026491705867789	Control
ENSG00000196730	7	37	-30	-0.4365181415191608	0.3815300817033919	0.5809606338202525	-0.19943055211686062	Control
ENSG00000072858	10	5	5	0.037185201403553664	0.437360732854667	0.22295122555087893	0.21440950730378805	AD
ENSG00000184371	4	21	-17	-0.2605711855764383	0.2896756622926467	0.46521416192126763	-0.17553849962862095	Control
ENSG00000176946	8	4	4	0.02365082017719039	0.4022035157217133	0.19076504085169596	0.21143847487001735	AD
ENSG00000168781	8	4	4	0.02365082017719039	0.4022035157217133	0.19076504085169596	0.21143847487001735	AD
ENSG00000129932	8	20	-12	-0.19289927944462198	0.4022035157217133	0.4548155484030701	-0.05261203268135678	Control
ENSG00000115540	6	23	-17	-0.2605711855764383	0.35528596187175043	0.4866303540480317	-0.13134439217628124	Control
ENSG00000070423	5	25	-20	-0.3011743292555282	0.3247090864075266	0.505694478831394	-0.18098539242386735	Control
ENSG00000086015	2	18	-16	-0.24703680435007505	0.18209952958653133	0.4371131468185194	-0.2550136172319881	Control
ENSG00000204348	1	1	0	-0.030486704728262697	0.07279029462738301	0.03986135181975736	0.03292894280762565	Control
ENSG00000114770	6	13	-7	-0.12522737331280562	0.35528596187175043	0.37880663530576875	-0.023520673434018313	Control
ENSG00000115594	1	10	-9	-0.15229613576553216	0.07279029462738301	0.33473632087150285	-0.26194602624411983	Control
ENSG00000143093	1	4	-3	-0.07108984840735251	0.07279029462738301	0.19076504085169596	-0.11797474622431295	Control
ENSG00000223959	10	8	2	-0.0034179422755361536	0.437360732854667	0.2948749690517455	0.1424857638029215	AD
ENSG00000165801	33	31	2	-0.0034179422755361536	0.6070809606338202	0.5456796236692251	0.061401336964595155	AD
ENSG00000206503	1	1	0	-0.030486704728262697	0.07279029462738301	0.03986135181975736	0.03292894280762565	Control
ENSG00000115602	1	1	0	-0.030486704728262697	0.07279029462738301	0.03986135181975736	0.03292894280762565	Control
ENSG00000086504	14	15	-1	-0.04402108595462597	0.48601138895766277	0.4067838573904432	0.07922753156721957	Control
ENSG00000288049	4	24	-20	-0.3011743292555282	0.2896756622926467	0.49690517454815547	-0.20722951225550879	Control
ENSG00000183283	3	3	0	-0.030486704728262697	0.2442436246595692	0.15139886110423373	0.09284476355533547	Control
ENSG00000170458	5	29	-24	-0.35531185416098127	0.3247090864075266	0.5324337707353305	-0.2077246843278039	Control
ENSG00000179820	18	8	10	0.10485710753537002	0.5199306759098787	0.2948749690517455	0.22505570685813325	AD
ENSG00000165458	18	5	13	0.14546025121445982	0.5199306759098787	0.22295122555087893	0.2969794503589998	AD
ENSG00000100216	48	35	13	0.14546025121445982	0.6574647189898489	0.5685813320128744	0.08888338697697451	AD
ENSG00000085465	5	12	-7	-0.12522737331280562	0.3247090864075266	0.36568457538994803	-0.040975488982421426	Control
ENSG00000090316	2	83	-81	-1.1267715840636876	0.18209952958653133	0.7062391681109186	-0.5241396385243873	Control
ENSG00000159685	6	46	-40	-0.5718619537827936	0.35528596187175043	0.616860609061649	-0.26157464718989853	Control
ENSG00000141540	9	16	-7	-0.12522737331280562	0.4207724684327804	0.41718247090864075	0.003589997524139632	Control
ENSG00000006071	2	10	-8	-0.1387617545391689	0.18209952958653133	0.33473632087150285	-0.1526367912849715	Control
ENSG00000178149	7	4	3	0.010116438950827119	0.3815300817033919	0.19076504085169596	0.19076504085169596	AD
ENSG00000143549	3	67	-64	-0.896687103215512	0.2442436246595692	0.672691260212924	-0.42844763555335486	Control
ENSG00000110218	5	29	-24	-0.35531185416098127	0.3247090864075266	0.5324337707353305	-0.2077246843278039	Control
ENSG00000184743	8	47	-39	-0.5583275725564303	0.4022035157217133	0.620203020549641	-0.21799950482792774	Control
ENSG00000174442	14	11	3	0.010116438950827119	0.48601138895766277	0.35070562020302054	0.13530576875464223	AD
ENSG00000151491	33	51	-18	-0.2741055668028016	0.6070809606338202	0.6340678385739045	-0.026986877940084253	Control
ENSG00000162441	2	3	-1	-0.04402108595462597	0.18209952958653133	0.15139886110423373	0.030700668482297605	Control
ENSG00000247199	9	7	2	-0.0034179422755361536	0.4207724684327804	0.2742015350334241	0.14657093339935628	AD
ENSG00000105220	46	93	-47	-0.6666026223673365	0.6522654122307502	0.7208467442436246	-0.06858133201287442	Control
ENSG00000118482	4	4	0	-0.030486704728262697	0.2896756622926467	0.19076504085169596	0.09891062144095072	Control
ENSG00000140836	35	25	10	0.10485710753537002	0.6147561277543947	0.505694478831394	0.10906164892300074	AD
ENSG00000248487	3	4	-1	-0.04402108595462597	0.2442436246595692	0.19076504085169596	0.05347858380787324	Control
ENSG00000136261	19	6	13	0.14546025121445982	0.5283486011388958	0.25043327556325823	0.2779153255756376	AD
ENSG00000116903	15	46	-31	-0.4500525227455241	0.4961624164397128	0.616860609061649	-0.12069819262193615	Control
ENSG00000135047	3	4	-1	-0.04402108595462597	0.2442436246595692	0.19076504085169596	0.05347858380787324	Control
ENSG00000090372	11	22	-11	-0.1793648982182587	0.45233968804159447	0.47623174052983414	-0.023892052488239668	Control
ENSG00000163694	1	21	-20	-0.3011743292555282	0.07279029462738301	0.46521416192126763	-0.3924238672938846	Control
ENSG00000160445	7	14	-7	-0.12522737331280562	0.3815300817033919	0.3932904184204011	-0.011760336717009157	Control
ENSG00000135766	1	38	-37	-0.5312588101037037	0.07279029462738301	0.5855409754889824	-0.5127506808615994	Control
ENSG00000175416	2	32	-30	-0.4365181415191608	0.18209952958653133	0.5529834117355781	-0.3708838821490468	Control
ENSG00000117153	6	79	-73	-1.0184965342527814	0.35528596187175043	0.6993067590987868	-0.3440207972270364	Control
ENSG00000112561	3	10	-7	-0.12522737331280562	0.2442436246595692	0.33473632087150285	-0.09049269621193365	Control
ENSG00000080200	4	3	1	-0.016952323501899427	0.2896756622926467	0.15139886110423373	0.13827680118841296	AD
ENSG00000174173	4	1	3	0.010116438950827119	0.2896756622926467	0.03986135181975736	0.24981431047288932	AD
ENSG00000100883	5	9	-4	-0.08462422963371578	0.3247090864075266	0.3161673681604357	0.00854171824709088	Control
ENSG00000141622	52	6	46	0.5920948316844479	0.6666254023273087	0.25043327556325823	0.4161921267640505	AD
ENSG00000151502	19	347	-328	-4.469763746975416	0.5283486011388958	0.9133448873483535	-0.3849962862094577	Control
ENSG00000134444	28	14	14	0.1589946324408231	0.5865313196335726	0.3932904184204011	0.19324090121317156	AD
ENSG00000175216	4	27	-23	-0.34177747293461797	0.2896756622926467	0.5183213666749196	-0.22864570438227289	Control
ENSG00000149273	7	22	-15	-0.23350242312371178	0.3815300817033919	0.47623174052983414	-0.09470165882644221	Control
ENSG00000161682	26	101	-75	-1.045565296705508	0.5757613270611538	0.7327308739787076	-0.15696954691755383	Control
ENSG00000124198	21	47	-26	-0.38238061661370776	0.5432037633077494	0.620203020549641	-0.0769992572418916	Control
ENSG00000165185	5	2	3	0.010116438950827119	0.3247090864075266	0.10497647932656598	0.21973260708096062	AD
ENSG00000183036	81	3	78	1.0251950309280726	0.7217132953701412	0.15139886110423373	0.5703144342659074	AD
ENSG00000227063	7	9	-2	-0.057555467180989243	0.3815300817033919	0.3161673681604357	0.0653627135429562	Control
ENSG00000173786	9	13	-4	-0.08462422963371578	0.4207724684327804	0.37880663530576875	0.04196583312701163	Control
ENSG00000175221	3	9	-6	-0.11169299208644234	0.2442436246595692	0.3161673681604357	-0.07192374350086653	Control
ENSG00000027075	13	8	5	0.037185201403553664	0.47660311958405543	0.2948749690517455	0.18172815053230995	AD
ENSG00000267680	5	5	0	-0.030486704728262697	0.3247090864075266	0.22295122555087893	0.10175786085664767	Control
ENSG00000163221	1	1	0	-0.030486704728262697	0.07279029462738301	0.03986135181975736	0.03292894280762565	Control
ENSG00000135905	3	1	2	-0.0034179422755361536	0.2442436246595692	0.03986135181975736	0.20438227283981183	AD
ENSG00000166272	28	10	18	0.2131321573462762	0.5865313196335726	0.33473632087150285	0.2517949987620698	AD
ENSG00000105426	21	164	-143	-1.9659032200982105	0.5432037633077494	0.7975984154493686	-0.25439465214161916	Control
ENSG00000176444	2	4	-2	-0.057555467180989243	0.18209952958653133	0.19076504085169596	-0.008665511265164627	Control
ENSG00000188786	5	2	3	0.010116438950827119	0.3247090864075266	0.10497647932656598	0.21973260708096062	AD
ENSG00000116922	5	6	-1	-0.04402108595462597	0.3247090864075266	0.25043327556325823	0.07427581084426838	Control
ENSG00000148399	4	9	-5	-0.09815861086007906	0.2896756622926467	0.3161673681604357	-0.02649170586778904	Control
ENSG00000160055	5	3	2	-0.0034179422755361536	0.3247090864075266	0.15139886110423373	0.17331022530329288	AD
ENSG00000057704	8	4	4	0.02365082017719039	0.4022035157217133	0.19076504085169596	0.21143847487001735	AD
ENSG00000106153	8	6	2	-0.0034179422755361536	0.4022035157217133	0.25043327556325823	0.15177024015845508	AD
ENSG00000161912	2	5	-3	-0.07108984840735251	0.18209952958653133	0.22295122555087893	-0.040851695964347595	Control
ENSG00000169554	2	3	-1	-0.04402108595462597	0.18209952958653133	0.15139886110423373	0.030700668482297605	Control
ENSG00000110693	21	7	14	0.1589946324408231	0.5432037633077494	0.2742015350334241	0.26900222827432535	AD
ENSG00000161249	6	3	3	0.010116438950827119	0.35528596187175043	0.15139886110423373	0.2038871007675167	AD
ENSG00000242574	1	2	-1	-0.04402108595462597	0.07279029462738301	0.10497647932656598	-0.03218618469918297	Control
ENSG00000186187	9	107	-98	-1.3568560649118633	0.4207724684327804	0.7411487992077247	-0.3203763307749443	Control
ENSG00000186522	2	9	-7	-0.12522737331280562	0.18209952958653133	0.3161673681604357	-0.1340678385739044	Control
ENSG00000187605	1	3	-2	-0.057555467180989243	0.07279029462738301	0.15139886110423373	-0.07860856647685072	Control
ENSG00000253729	3	27	-24	-0.35531185416098127	0.2442436246595692	0.5183213666749196	-0.2740777420153504	Control
ENSG00000131368	4	13	-9	-0.15229613576553216	0.2896756622926467	0.37880663530576875	-0.08913097301312206	Control
ENSG00000054116	2	19	-17	-0.2605711855764383	0.18209952958653133	0.4461500371379054	-0.26405050755137405	Control
ENSG00000164751	22	1	21	0.253735301025366	0.5505075513741025	0.03986135181975736	0.5106461995543451	AD
ENSG00000100997	24	36	-12	-0.19289927944462198	0.5630106461995543	0.5753899480069324	-0.012379301807378118	Control
ENSG00000203772	3	28	-25	-0.3688462353873445	0.2442436246595692	0.5251299826689775	-0.2808863580094083	Control
ENSG00000166263	19	1	18	0.2131321573462762	0.5283486011388958	0.03986135181975736	0.48848724931913845	AD
ENSG00000119812	14	18	-4	-0.08462422963371578	0.48601138895766277	0.4371131468185194	0.048898242139143344	Control
ENSG00000278845	18	130	-112	-1.546337402080949	0.5199306759098787	0.7709829165635058	-0.2510522406536271	Control
ENSG00000136002	4	50	-46	-0.6530682411409732	0.2896756622926467	0.630354048031691	-0.34067838573904435	Control
ENSG00000164465	21	1	20	0.24020091979900274	0.5432037633077494	0.03986135181975736	0.5033424114879921	AD
ENSG00000236859	8	2	6	0.05071958262991694	0.4022035157217133	0.10497647932656598	0.29722703639514736	AD
ENSG00000261221	10	89	-79	-1.0997028216109612	0.437360732854667	0.7147808863580094	-0.2774201535033424	Control
ENSG00000164068	4	14	-10	-0.16583051699189544	0.2896756622926467	0.3932904184204011	-0.10361475612775439	Control
ENSG00000148291	2	1	1	-0.016952323501899427	0.18209952958653133	0.03986135181975736	0.14223817776677397	AD
ENSG00000124440	7	2	5	0.037185201403553664	0.3815300817033919	0.10497647932656598	0.2765536023768259	AD
ENSG00000198786	17	15	2	-0.0034179422755361536	0.5127506808615994	0.4067838573904432	0.10596682347115616	AD
ENSG00000181218	1	3	-2	-0.057555467180989243	0.07279029462738301	0.15139886110423373	-0.07860856647685072	Control
ENSG00000213199	3	8	-5	-0.09815861086007906	0.2442436246595692	0.2948749690517455	-0.050631344392176286	Control
ENSG00000099246	11	18	-7	-0.12522737331280562	0.45233968804159447	0.4371131468185194	0.01522654122307504	Control
ENSG00000239839	3	5	-2	-0.057555467180989243	0.2442436246595692	0.22295122555087893	0.02129239910869027	Control
ENSG00000175054	1	1	0	-0.030486704728262697	0.07279029462738301	0.03986135181975736	0.03292894280762565	Control
ENSG00000122515	6	23	-17	-0.2605711855764383	0.35528596187175043	0.4866303540480317	-0.13134439217628124	Control
ENSG00000162543	6	31	-25	-0.3688462353873445	0.35528596187175043	0.5456796236692251	-0.19039366179747463	Control
ENSG00000281383	6	92	-86	-1.194443490195504	0.35528596187175043	0.7191136419905917	-0.36382768011884126	Control
ENSG00000259090	5	27	-22	-0.3282430917082547	0.3247090864075266	0.5183213666749196	-0.19361228026739297	Control
ENSG00000149806	1	1	0	-0.030486704728262697	0.07279029462738301	0.03986135181975736	0.03292894280762565	Control
ENSG00000105953	1	2	-1	-0.04402108595462597	0.07279029462738301	0.10497647932656598	-0.03218618469918297	Control
ENSG00000164111	1	9	-8	-0.1387617545391689	0.07279029462738301	0.3161673681604357	-0.2433770735330527	Control
ENSG00000153914	1	4	-3	-0.07108984840735251	0.07279029462738301	0.19076504085169596	-0.11797474622431295	Control
ENSG00000248508	4	5	-1	-0.04402108595462597	0.2896756622926467	0.22295122555087893	0.06672443674176776	Control
ENSG00000215386	15	145	-130	-1.789956264155488	0.4961624164397128	0.7823718742262936	-0.2862094577865808	Control
ENSG00000145725	1	2	-1	-0.04402108595462597	0.07279029462738301	0.10497647932656598	-0.03218618469918297	Control
ENSG00000142599	6	5	1	-0.016952323501899427	0.35528596187175043	0.22295122555087893	0.1323347363208715	AD
ENSG00000270953	4	39	-35	-0.5041900476509772	0.2896756622926467	0.589130973013122	-0.2994553107204753	Control
ENSG00000179403	1	1	0	-0.030486704728262697	0.07279029462738301	0.03986135181975736	0.03292894280762565	Control
ENSG00000145990	5	11	-6	-0.11169299208644234	0.3247090864075266	0.35070562020302054	-0.025996533795493937	Control
ENSG00000107147	3	2	1	-0.016952323501899427	0.2442436246595692	0.10497647932656598	0.13926714533300322	AD
ENSG00000230715	1	1	0	-0.030486704728262697	0.07279029462738301	0.03986135181975736	0.03292894280762565	Control
ENSG00000186297	20	9	11	0.11839148876173328	0.5360237682594702	0.3161673681604357	0.21985640009903445	AD
ENSG00000234614	3	24	-21	-0.3147087104818914	0.2442436246595692	0.49690517454815547	-0.25266154988858625	Control
ENSG00000106278	3	20	-17	-0.2605711855764383	0.2442436246595692	0.4548155484030701	-0.2105719237435009	Control
ENSG00000108091	34	19	15	0.17252901366718637	0.6109185441941074	0.4461500371379054	0.164768507056202	AD
ENSG00000104218	3	22	-19	-0.28763994802916487	0.2442436246595692	0.47623174052983414	-0.23198811587026494	Control
ENSG00000154122	9	43	-34	-0.4906556664246139	0.4207724684327804	0.6043575142361971	-0.18358504580341672	Control
ENSG00000253846	2	2	0	-0.030486704728262697	0.18209952958653133	0.10497647932656598	0.07712305025996535	Control
ENSG00000165275	1	5	-4	-0.08462422963371578	0.07279029462738301	0.22295122555087893	-0.15016093092349592	Control
ENSG00000172340	4	10	-6	-0.11169299208644234	0.2896756622926467	0.33473632087150285	-0.04506065857885616	Control
ENSG00000225630	2	4	-2	-0.057555467180989243	0.18209952958653133	0.19076504085169596	-0.008665511265164627	Control
ENSG00000204498	1	15	-14	-0.21996804189734853	0.07279029462738301	0.4067838573904432	-0.3339935627630602	Control
ENSG00000186094	3	1	2	-0.0034179422755361536	0.2442436246595692	0.03986135181975736	0.20438227283981183	AD
ENSG00000143149	2	9	-7	-0.12522737331280562	0.18209952958653133	0.3161673681604357	-0.1340678385739044	Control
ENSG00000086205	8	4	4	0.02365082017719039	0.4022035157217133	0.19076504085169596	0.21143847487001735	AD
ENSG00000133065	1	10	-9	-0.15229613576553216	0.07279029462738301	0.33473632087150285	-0.26194602624411983	Control
ENSG00000223403	1	8	-7	-0.12522737331280562	0.07279029462738301	0.2948749690517455	-0.22208467442436247	Control
ENSG00000117013	2	75	-73	-1.0184965342527814	0.18209952958653133	0.6921267640505075	-0.5100272344639762	Control
ENSG00000136960	8	13	-5	-0.09815861086007906	0.4022035157217133	0.37880663530576875	0.023396880415944565	Control
ENSG00000198420	4	3	1	-0.016952323501899427	0.2896756622926467	0.15139886110423373	0.13827680118841296	AD
ENSG00000169291	3	2	1	-0.016952323501899427	0.2442436246595692	0.10497647932656598	0.13926714533300322	AD
ENSG00000139725	6	16	-10	-0.16583051699189544	0.35528596187175043	0.41718247090864075	-0.06189650903689031	Control
ENSG00000041357	5	1	4	0.02365082017719039	0.3247090864075266	0.03986135181975736	0.28484773458776924	AD
ENSG00000171813	5	47	-42	-0.5989307162355201	0.3247090864075266	0.620203020549641	-0.29549393414211444	Control
ENSG00000286217	2	23	-21	-0.3147087104818914	0.18209952958653133	0.4866303540480317	-0.30453082446150037	Control
ENSG00000148303	6	9	-3	-0.07108984840735251	0.35528596187175043	0.3161673681604357	0.03911859371131471	Control
ENSG00000171634	6	4	2	-0.0034179422755361536	0.35528596187175043	0.19076504085169596	0.16452092102005447	AD
ENSG00000085982	4	16	-12	-0.19289927944462198	0.2896756622926467	0.41718247090864075	-0.12750680861599406	Control
ENSG00000136451	17	12	5	0.037185201403553664	0.5127506808615994	0.36568457538994803	0.14706610547165133	AD
ENSG00000180035	16	58	-42	-0.5989307162355201	0.5049517207229512	0.6531319633572666	-0.1481802426343154	Control
ENSG00000149289	19	21	-2	-0.057555467180989243	0.5283486011388958	0.46521416192126763	0.06313443921762818	Control
ENSG00000167291	3	4	-1	-0.04402108595462597	0.2442436246595692	0.19076504085169596	0.05347858380787324	Control
ENSG00000060138	5	30	-25	-0.3688462353873445	0.3247090864075266	0.5396137657836098	-0.21490467937608315	Control
ENSG00000148572	8	108	-100	-1.3839248273645899	0.4022035157217133	0.74263431542461	-0.3404307997028967	Control
ENSG00000113504	2	2	0	-0.030486704728262697	0.18209952958653133	0.10497647932656598	0.07712305025996535	Control
ENSG00000065361	19	24	-5	-0.09815861086007906	0.5283486011388958	0.49690517454815547	0.03144342659074034	Control
ENSG00000091317	9	19	-10	-0.16583051699189544	0.4207724684327804	0.4461500371379054	-0.02537756870512503	Control
ENSG00000158042	19	58	-39	-0.5583275725564303	0.5283486011388958	0.6531319633572666	-0.12478336221837083	Control
ENSG00000182255	9	5	4	0.02365082017719039	0.4207724684327804	0.22295122555087893	0.19782124288190145	AD
ENSG00000107099	2	9	-7	-0.12522737331280562	0.18209952958653133	0.3161673681604357	-0.1340678385739044	Control
ENSG00000172086	13	4	9	0.09132272630900674	0.47660311958405543	0.19076504085169596	0.28583807873235945	AD
ENSG00000117448	4	4	0	-0.030486704728262697	0.2896756622926467	0.19076504085169596	0.09891062144095072	Control
ENSG00000047056	4	28	-24	-0.35531185416098127	0.2896756622926467	0.5251299826689775	-0.2354543203763308	Control
ENSG00000161267	2	4	-2	-0.057555467180989243	0.18209952958653133	0.19076504085169596	-0.008665511265164627	Control
ENSG00000130159	2	52	-50	-0.7072057660464263	0.18209952958653133	0.6370388710076752	-0.4549393414211439	Control
ENSG00000140798	7	6	1	-0.016952323501899427	0.3815300817033919	0.25043327556325823	0.1310968061401337	AD
ENSG00000253636	2	4	-2	-0.057555467180989243	0.18209952958653133	0.19076504085169596	-0.008665511265164627	Control
ENSG00000184574	3	8	-5	-0.09815861086007906	0.2442436246595692	0.2948749690517455	-0.050631344392176286	Control
ENSG00000029534	4	47	-43	-0.6124650974618834	0.2896756622926467	0.620203020549641	-0.33052735825699436	Control
ENSG00000143418	4	13	-9	-0.15229613576553216	0.2896756622926467	0.37880663530576875	-0.08913097301312206	Control
ENSG00000156650	5	2	3	0.010116438950827119	0.3247090864075266	0.10497647932656598	0.21973260708096062	AD
ENSG00000196586	24	56	-32	-0.46358690397188734	0.5630106461995543	0.6485516216885368	-0.08554097548898243	Control
ENSG00000123094	17	53	-36	-0.5177244288773405	0.5127506808615994	0.6396385243872246	-0.1268878435256252	Control
ENSG00000128594	4	54	-50	-0.7072057660464263	0.2896756622926467	0.6423619707848477	-0.352686308492201	Control
ENSG00000169599	5	36	-31	-0.4500525227455241	0.3247090864075266	0.5753899480069324	-0.25068086159940584	Control
ENSG00000131398	14	29	-15	-0.23350242312371178	0.48601138895766277	0.5324337707353305	-0.04642238177766772	Control
ENSG00000174695	1	1	0	-0.030486704728262697	0.07279029462738301	0.03986135181975736	0.03292894280762565	Control
ENSG00000149256	5	3	2	-0.0034179422755361536	0.3247090864075266	0.15139886110423373	0.17331022530329288	AD
ENSG00000202515	1	21	-20	-0.3011743292555282	0.07279029462738301	0.46521416192126763	-0.3924238672938846	Control
ENSG00000127870	25	157	-132	-1.8170250266082146	0.5692002971032434	0.7912849715276058	-0.22208467442436242	Control
ENSG00000204065	57	44	13	0.14546025121445982	0.6794998762069819	0.6093092349591483	0.07019064124783359	AD
ENSG00000154783	2	5	-3	-0.07108984840735251	0.18209952958653133	0.22295122555087893	-0.040851695964347595	Control
ENSG00000259383	16	59	-43	-0.6124650974618834	0.5049517207229512	0.6558554097548899	-0.15090368903193863	Control
ENSG00000162601	1	7	-6	-0.11169299208644234	0.07279029462738301	0.2742015350334241	-0.20141124040604108	Control
ENSG00000180537	2	4	-2	-0.057555467180989243	0.18209952958653133	0.19076504085169596	-0.008665511265164627	Control
ENSG00000128585	3	5	-2	-0.057555467180989243	0.2442436246595692	0.22295122555087893	0.02129239910869027	Control
ENSG00000104967	2	13	-11	-0.1793648982182587	0.18209952958653133	0.37880663530576875	-0.1967071057192374	Control
ENSG00000155096	4	32	-28	-0.4094493790664343	0.2896756622926467	0.5529834117355781	-0.2633077494429314	Control
ENSG00000099622	1	2	-1	-0.04402108595462597	0.07279029462738301	0.10497647932656598	-0.03218618469918297	Control
ENSG00000196376	2	2	0	-0.030486704728262697	0.18209952958653133	0.10497647932656598	0.07712305025996535	Control
ENSG00000134769	6	11	-5	-0.09815861086007906	0.35528596187175043	0.35070562020302054	0.004580341668729893	Control
ENSG00000166295	4	1	3	0.010116438950827119	0.2896756622926467	0.03986135181975736	0.24981431047288932	AD
ENSG00000187621	4	3	1	-0.016952323501899427	0.2896756622926467	0.15139886110423373	0.13827680118841296	AD
ENSG00000132254	4	9	-5	-0.09815861086007906	0.2896756622926467	0.3161673681604357	-0.02649170586778904	Control
ENSG00000279668	2	13	-11	-0.1793648982182587	0.18209952958653133	0.37880663530576875	-0.1967071057192374	Control
ENSG00000106078	5	1	4	0.02365082017719039	0.3247090864075266	0.03986135181975736	0.28484773458776924	AD
ENSG00000127337	5	1	4	0.02365082017719039	0.3247090864075266	0.03986135181975736	0.28484773458776924	AD
ENSG00000175166	3	52	-49	-0.693671384820063	0.2442436246595692	0.6370388710076752	-0.39279524634810603	Control
ENSG00000213066	3	2	1	-0.016952323501899427	0.2442436246595692	0.10497647932656598	0.13926714533300322	AD
ENSG00000204389	1	1	0	-0.030486704728262697	0.07279029462738301	0.03986135181975736	0.03292894280762565	Control
ENSG00000111817	6	1	5	0.037185201403553664	0.35528596187175043	0.03986135181975736	0.31542461005199307	AD
ENSG00000109919	6	5	1	-0.016952323501899427	0.35528596187175043	0.22295122555087893	0.1323347363208715	AD
ENSG00000108561	32	53	-21	-0.3147087104818914	0.6033671700916068	0.6396385243872246	-0.036271354295617786	Control
ENSG00000182134	1	56	-55	-0.7748776721782427	0.07279029462738301	0.6485516216885368	-0.5757613270611537	Control
ENSG00000172164	1	2	-1	-0.04402108595462597	0.07279029462738301	0.10497647932656598	-0.03218618469918297	Control
ENSG00000143641	2	7	-5	-0.09815861086007906	0.18209952958653133	0.2742015350334241	-0.09210200544689276	Control
ENSG00000163793	1	1	0	-0.030486704728262697	0.07279029462738301	0.03986135181975736	0.03292894280762565	Control
ENSG00000196588	37	56	-19	-0.28763994802916487	0.6239168110918544	0.6485516216885368	-0.024634810596682377	Control
ENSG00000119599	4	6	-2	-0.057555467180989243	0.2896756622926467	0.25043327556325823	0.039242386729388457	Control
ENSG00000273007	2	2	0	-0.030486704728262697	0.18209952958653133	0.10497647932656598	0.07712305025996535	Control
ENSG00000100632	3	2	1	-0.016952323501899427	0.2442436246595692	0.10497647932656598	0.13926714533300322	AD
ENSG00000187239	3	1	2	-0.0034179422755361536	0.2442436246595692	0.03986135181975736	0.20438227283981183	AD
ENSG00000119778	4	34	-30	-0.4365181415191608	0.2896756622926467	0.5628868531814806	-0.2732111908888339	Control
ENSG00000142534	9	25	-16	-0.24703680435007505	0.4207724684327804	0.505694478831394	-0.08492201039861358	Control
ENSG00000144589	3	5	-2	-0.057555467180989243	0.2442436246595692	0.22295122555087893	0.02129239910869027	Control
ENSG00000135473	5	9	-4	-0.08462422963371578	0.3247090864075266	0.3161673681604357	0.00854171824709088	Control
ENSG00000227242	7	16	-9	-0.15229613576553216	0.3815300817033919	0.41718247090864075	-0.035652389205248824	Control
ENSG00000117528	1	1	0	-0.030486704728262697	0.07279029462738301	0.03986135181975736	0.03292894280762565	Control
ENSG00000151353	1	1	0	-0.030486704728262697	0.07279029462738301	0.03986135181975736	0.03292894280762565	Control
ENSG00000107872	2	10	-8	-0.1387617545391689	0.18209952958653133	0.33473632087150285	-0.1526367912849715	Control
ENSG00000118496	5	13	-8	-0.1387617545391689	0.3247090864075266	0.37880663530576875	-0.05409754889824214	Control
ENSG00000138756	2	14	-12	-0.19289927944462198	0.18209952958653133	0.3932904184204011	-0.21119088883386974	Control
ENSG00000100167	39	122	-83	-1.1538403465164142	0.632087150284724	0.7616984402079723	-0.12961128992324833	Control
ENSG00000167671	1	24	-23	-0.34177747293461797	0.07279029462738301	0.49690517454815547	-0.42411487992077246	Control
ENSG00000149305	17	29	-12	-0.19289927944462198	0.5127506808615994	0.5324337707353305	-0.01968308987373113	Control
ENSG00000006747	6	34	-28	-0.4094493790664343	0.35528596187175043	0.5628868531814806	-0.20760089130973014	Control
ENSG00000231500	7	23	-16	-0.24703680435007505	0.3815300817033919	0.4866303540480317	-0.10510027234463976	Control
ENSG00000204469	1	23	-22	-0.3282430917082547	0.07279029462738301	0.4866303540480317	-0.41384005942064866	Control
ENSG00000099904	22	32	-10	-0.16583051699189544	0.5505075513741025	0.5529834117355781	-0.0024758603614756236	Control
ENSG00000143318	5	5	0	-0.030486704728262697	0.3247090864075266	0.22295122555087893	0.10175786085664767	Control
ENSG00000124942	6	26	-20	-0.3011743292555282	0.35528596187175043	0.5118841297350829	-0.15659816786333247	Control
ENSG00000142784	3	52	-49	-0.693671384820063	0.2442436246595692	0.6370388710076752	-0.39279524634810603	Control
ENSG00000120907	1	1	0	-0.030486704728262697	0.07279029462738301	0.03986135181975736	0.03292894280762565	Control
ENSG00000143612	2	11	-9	-0.15229613576553216	0.18209952958653133	0.35070562020302054	-0.1686060906164892	Control
ENSG00000126860	3	11	-8	-0.1387617545391689	0.2442436246595692	0.35070562020302054	-0.10646199554345134	Control
ENSG00000131828	6	2	4	0.02365082017719039	0.35528596187175043	0.10497647932656598	0.2503094825451845	AD
ENSG00000106852	3	5	-2	-0.057555467180989243	0.2442436246595692	0.22295122555087893	0.02129239910869027	Control
ENSG00000122482	4	1	3	0.010116438950827119	0.2896756622926467	0.03986135181975736	0.24981431047288932	AD
ENSG00000169598	1	1	0	-0.030486704728262697	0.07279029462738301	0.03986135181975736	0.03292894280762565	Control
ENSG00000189067	1	9	-8	-0.1387617545391689	0.07279029462738301	0.3161673681604357	-0.2433770735330527	Control
ENSG00000100604	21	6	15	0.17252901366718637	0.5432037633077494	0.25043327556325823	0.2927704877444912	AD
ENSG00000159433	3	5	-2	-0.057555467180989243	0.2442436246595692	0.22295122555087893	0.02129239910869027	Control
ENSG00000158773	2	4	-2	-0.057555467180989243	0.18209952958653133	0.19076504085169596	-0.008665511265164627	Control
ENSG00000100330	7	2	5	0.037185201403553664	0.3815300817033919	0.10497647932656598	0.2765536023768259	AD
ENSG00000073614	2	5	-3	-0.07108984840735251	0.18209952958653133	0.22295122555087893	-0.040851695964347595	Control
ENSG00000127329	4	1	3	0.010116438950827119	0.2896756622926467	0.03986135181975736	0.24981431047288932	AD
ENSG00000012779	2	13	-11	-0.1793648982182587	0.18209952958653133	0.37880663530576875	-0.1967071057192374	Control
ENSG00000087086	4	6	-2	-0.057555467180989243	0.2896756622926467	0.25043327556325823	0.039242386729388457	Control
ENSG00000108666	7	2	5	0.037185201403553664	0.3815300817033919	0.10497647932656598	0.2765536023768259	AD
ENSG00000087191	15	3	12	0.13192586998809655	0.4961624164397128	0.15139886110423373	0.3447635553354791	AD
ENSG00000155256	1	3	-2	-0.057555467180989243	0.07279029462738301	0.15139886110423373	-0.07860856647685072	Control
ENSG00000127314	2	3	-1	-0.04402108595462597	0.18209952958653133	0.15139886110423373	0.030700668482297605	Control
ENSG00000185049	2	1	1	-0.016952323501899427	0.18209952958653133	0.03986135181975736	0.14223817776677397	AD
ENSG00000132965	7	27	-20	-0.3011743292555282	0.3815300817033919	0.5183213666749196	-0.13679128497152765	Control
ENSG00000165644	2	2	0	-0.030486704728262697	0.18209952958653133	0.10497647932656598	0.07712305025996535	Control
ENSG00000119227	1	1	0	-0.030486704728262697	0.07279029462738301	0.03986135181975736	0.03292894280762565	Control
ENSG00000148841	4	11	-7	-0.12522737331280562	0.2896756622926467	0.35070562020302054	-0.061029957910373855	Control
ENSG00000067560	1	5	-4	-0.08462422963371578	0.07279029462738301	0.22295122555087893	-0.15016093092349592	Control
ENSG00000122406	2	2	0	-0.030486704728262697	0.18209952958653133	0.10497647932656598	0.07712305025996535	Control
ENSG00000184792	23	31	-8	-0.1387617545391689	0.5565734092597178	0.5456796236692251	0.0108937855904927	Control
ENSG00000237950	1	1	0	-0.030486704728262697	0.07279029462738301	0.03986135181975736	0.03292894280762565	Control
ENSG00000153233	26	27	-1	-0.04402108595462597	0.5757613270611538	0.5183213666749196	0.05743996038623422	Control
ENSG00000174059	1	2	-1	-0.04402108595462597	0.07279029462738301	0.10497647932656598	-0.03218618469918297	Control
ENSG00000127054	4	3	1	-0.016952323501899427	0.2896756622926467	0.15139886110423373	0.13827680118841296	AD
ENSG00000236279	9	4	5	0.037185201403553664	0.4207724684327804	0.19076504085169596	0.23000742758108442	AD
ENSG00000187531	4	8	-4	-0.08462422963371578	0.2896756622926467	0.2948749690517455	-0.0051993067590987985	Control
ENSG00000185591	6	20	-14	-0.21996804189734853	0.35528596187175043	0.4548155484030701	-0.09952958653131966	Control
ENSG00000074181	6	3	3	0.010116438950827119	0.35528596187175043	0.15139886110423373	0.2038871007675167	AD
ENSG00000160785	19	186	-167	-2.290728369530929	0.5283486011388958	0.8180242634315424	-0.28967566229264663	Control
ENSG00000074935	2	10	-8	-0.1387617545391689	0.18209952958653133	0.33473632087150285	-0.1526367912849715	Control
ENSG00000188986	6	6	0	-0.030486704728262697	0.35528596187175043	0.25043327556325823	0.1048526863084922	Control
ENSG00000198301	1	17	-16	-0.24703680435007505	0.07279029462738301	0.42696211933646944	-0.3541718247090864	Control
ENSG00000168970	2	8	-6	-0.11169299208644234	0.18209952958653133	0.2948749690517455	-0.11277543946521415	Control
ENSG00000104324	4	14	-10	-0.16583051699189544	0.2896756622926467	0.3932904184204011	-0.10361475612775439	Control
ENSG00000171533	10	14	-4	-0.08462422963371578	0.437360732854667	0.3932904184204011	0.0440703144342659	Control
ENSG00000110274	3	3	0	-0.030486704728262697	0.2442436246595692	0.15139886110423373	0.09284476355533547	Control
ENSG00000186642	1	1	0	-0.030486704728262697	0.07279029462738301	0.03986135181975736	0.03292894280762565	Control
ENSG00000135899	1	8	-7	-0.12522737331280562	0.07279029462738301	0.2948749690517455	-0.22208467442436247	Control
ENSG00000197977	4	12	-8	-0.1387617545391689	0.2896756622926467	0.36568457538994803	-0.07600891309730134	Control
ENSG00000139433	7	7	0	-0.030486704728262697	0.3815300817033919	0.2742015350334241	0.10732854666996783	Control
ENSG00000095380	9	35	-26	-0.38238061661370776	0.4207724684327804	0.5685813320128744	-0.14780886358009404	Control
ENSG00000240204	13	12	1	-0.016952323501899427	0.47660311958405543	0.36568457538994803	0.1109185441941074	AD
ENSG00000102934	1	3	-2	-0.057555467180989243	0.07279029462738301	0.15139886110423373	-0.07860856647685072	Control
ENSG00000092531	3	58	-55	-0.7748776721782427	0.2442436246595692	0.6531319633572666	-0.4088883386976975	Control
ENSG00000162910	4	2	2	-0.0034179422755361536	0.2896756622926467	0.10497647932656598	0.1846991829660807	AD
ENSG00000170919	1	41	-40	-0.5718619537827936	0.07279029462738301	0.5958157959891062	-0.5230255013617231	Control
ENSG00000182175	8	3	5	0.037185201403553664	0.4022035157217133	0.15139886110423373	0.2508046546174796	AD
ENSG00000119714	13	2	11	0.11839148876173328	0.47660311958405543	0.10497647932656598	0.3716266402574895	AD
ENSG00000166225	2	10	-8	-0.1387617545391689	0.18209952958653133	0.33473632087150285	-0.1526367912849715	Control
ENSG00000082684	2	1	1	-0.016952323501899427	0.18209952958653133	0.03986135181975736	0.14223817776677397	AD
ENSG00000149633	1	3	-2	-0.057555467180989243	0.07279029462738301	0.15139886110423373	-0.07860856647685072	Control
ENSG00000169221	1	89	-88	-1.2215122526482307	0.07279029462738301	0.7147808863580094	-0.6419905917306263	Control
ENSG00000127419	2	7	-5	-0.09815861086007906	0.18209952958653133	0.2742015350334241	-0.09210200544689276	Control
ENSG00000130032	29	1	28	0.3484759696099089	0.5914830403565239	0.03986135181975736	0.5516216885367665	AD
ENSG00000155816	3	1	2	-0.0034179422755361536	0.2442436246595692	0.03986135181975736	0.20438227283981183	AD
ENSG00000072071	3	3	0	-0.030486704728262697	0.2442436246595692	0.15139886110423373	0.09284476355533547	Control
ENSG00000110074	2	2	0	-0.030486704728262697	0.18209952958653133	0.10497647932656598	0.07712305025996535	Control
ENSG00000072518	2	1	1	-0.016952323501899427	0.18209952958653133	0.03986135181975736	0.14223817776677397	AD
ENSG00000165804	1	4	-3	-0.07108984840735251	0.07279029462738301	0.19076504085169596	-0.11797474622431295	Control
ENSG00000167702	6	1	5	0.037185201403553664	0.35528596187175043	0.03986135181975736	0.31542461005199307	AD
ENSG00000183624	3	67	-64	-0.896687103215512	0.2442436246595692	0.672691260212924	-0.42844763555335486	Control
ENSG00000151640	12	89	-77	-1.0726340591582346	0.46595692002971034	0.7147808863580094	-0.24882396632829906	Control
ENSG00000237949	1	7	-6	-0.11169299208644234	0.07279029462738301	0.2742015350334241	-0.20141124040604108	Control
ENSG00000198668	17	59	-42	-0.5989307162355201	0.5127506808615994	0.6558554097548899	-0.1431047288932905	Control
ENSG00000154723	6	11	-5	-0.09815861086007906	0.35528596187175043	0.35070562020302054	0.004580341668729893	Control
ENSG00000188389	3	4	-1	-0.04402108595462597	0.2442436246595692	0.19076504085169596	0.05347858380787324	Control
ENSG00000111679	1	7	-6	-0.11169299208644234	0.07279029462738301	0.2742015350334241	-0.20141124040604108	Control
ENSG00000198356	24	143	-119	-1.641078070665492	0.5630106461995543	0.7801435999009656	-0.21713295370141128	Control
ENSG00000059758	5	12	-7	-0.12522737331280562	0.3247090864075266	0.36568457538994803	-0.040975488982421426	Control
ENSG00000184178	4	6	-2	-0.057555467180989243	0.2896756622926467	0.25043327556325823	0.039242386729388457	Control
ENSG00000026036	1	16	-15	-0.23350242312371178	0.07279029462738301	0.41718247090864075	-0.34439217628125773	Control
ENSG00000110844	5	18	-13	-0.20643366067098526	0.3247090864075266	0.4371131468185194	-0.11240406041099282	Control
ENSG00000101605	3	2	1	-0.016952323501899427	0.2442436246595692	0.10497647932656598	0.13926714533300322	AD
ENSG00000277437	1	11	-10	-0.16583051699189544	0.07279029462738301	0.35070562020302054	-0.27791532557563753	Control
ENSG00000176401	38	17	21	0.253735301025366	0.6278781876702154	0.42696211933646944	0.20091606833374598	AD
ENSG00000164284	18	66	-48	-0.6801370035936998	0.5199306759098787	0.6704629858875959	-0.15053230997771716	Control
ENSG00000227825	15	21	-6	-0.11169299208644234	0.4961624164397128	0.46521416192126763	0.030948254518445184	Control
ENSG00000178951	1	3	-2	-0.057555467180989243	0.07279029462738301	0.15139886110423373	-0.07860856647685072	Control
ENSG00000172239	2	14	-12	-0.19289927944462198	0.18209952958653133	0.3932904184204011	-0.21119088883386974	Control
ENSG00000070495	2	3	-1	-0.04402108595462597	0.18209952958653133	0.15139886110423373	0.030700668482297605	Control
ENSG00000258684	3	11	-8	-0.1387617545391689	0.2442436246595692	0.35070562020302054	-0.10646199554345134	Control
ENSG00000136045	1	1	0	-0.030486704728262697	0.07279029462738301	0.03986135181975736	0.03292894280762565	Control
ENSG00000151247	1	1	0	-0.030486704728262697	0.07279029462738301	0.03986135181975736	0.03292894280762565	Control
ENSG00000109339	1	166	-165	-2.2636596070782025	0.07279029462738301	0.8001980688289181	-0.727407774201535	Control
ENSG00000120738	13	2	11	0.11839148876173328	0.47660311958405543	0.10497647932656598	0.3716266402574895	AD
ENSG00000156136	3	10	-7	-0.12522737331280562	0.2442436246595692	0.33473632087150285	-0.09049269621193365	Control
ENSG00000120729	6	1	5	0.037185201403553664	0.35528596187175043	0.03986135181975736	0.31542461005199307	AD
ENSG00000081052	1	1	0	-0.030486704728262697	0.07279029462738301	0.03986135181975736	0.03292894280762565	Control
ENSG00000176533	7	1	6	0.05071958262991694	0.3815300817033919	0.03986135181975736	0.34166872988363456	AD
ENSG00000050030	238	48	190	2.541045728280759	0.8473632087150285	0.6234216390195593	0.2239415696954692	AD
ENSG00000067955	36	6	30	0.37554473206263544	0.6192126764050507	0.25043327556325823	0.3687794008417925	AD
ENSG00000247092	1	1	0	-0.030486704728262697	0.07279029462738301	0.03986135181975736	0.03292894280762565	Control
ENSG00000093010	4	14	-10	-0.16583051699189544	0.2896756622926467	0.3932904184204011	-0.10361475612775439	Control
ENSG00000287771	1	17	-16	-0.24703680435007505	0.07279029462738301	0.42696211933646944	-0.3541718247090864	Control
ENSG00000105372	1	6	-5	-0.09815861086007906	0.07279029462738301	0.25043327556325823	-0.17764298093587522	Control
ENSG00000081138	18	1	17	0.19959777611991292	0.5199306759098787	0.03986135181975736	0.4800693240901214	AD
ENSG00000276045	2	2	0	-0.030486704728262697	0.18209952958653133	0.10497647932656598	0.07712305025996535	Control
ENSG00000260261	5	4	1	-0.016952323501899427	0.3247090864075266	0.19076504085169596	0.13394404555583064	AD
ENSG00000130255	6	18	-12	-0.19289927944462198	0.35528596187175043	0.4371131468185194	-0.081827184946769	Control
ENSG00000108309	22	31	-9	-0.15229613576553216	0.5505075513741025	0.5456796236692251	0.004827927704877388	Control
ENSG00000101290	1	35	-34	-0.4906556664246139	0.07279029462738301	0.5685813320128744	-0.4957910373854914	Control
ENSG00000129657	14	2	12	0.13192586998809655	0.48601138895766277	0.10497647932656598	0.38103490963109676	AD
ENSG00000159079	3	16	-13	-0.20643366067098526	0.2442436246595692	0.41718247090864075	-0.17293884624907155	Control
ENSG00000198824	1	8	-7	-0.12522737331280562	0.07279029462738301	0.2948749690517455	-0.22208467442436247	Control
ENSG00000152818	4	4	0	-0.030486704728262697	0.2896756622926467	0.19076504085169596	0.09891062144095072	Control
ENSG00000007923	3	15	-12	-0.19289927944462198	0.2442436246595692	0.4067838573904432	-0.162540232730874	Control
ENSG00000023734	1	106	-105	-1.4515967334964062	0.07279029462738301	0.7395394899727655	-0.6667491953453826	Control
ENSG00000102606	11	31	-20	-0.3011743292555282	0.45233968804159447	0.5456796236692251	-0.0933399356276306	Control
ENSG00000125354	22	22	0	-0.030486704728262697	0.5505075513741025	0.47623174052983414	0.07427581084426832	Control
ENSG00000114030	5	41	-36	-0.5177244288773405	0.3247090864075266	0.5958157959891062	-0.27110670958157956	Control
ENSG00000137478	15	6	9	0.09132272630900674	0.4961624164397128	0.25043327556325823	0.2457291408764546	AD
ENSG00000138101	4	14	-10	-0.16583051699189544	0.2896756622926467	0.3932904184204011	-0.10361475612775439	Control
ENSG00000170915	3	2	1	-0.016952323501899427	0.2442436246595692	0.10497647932656598	0.13926714533300322	AD
ENSG00000137269	13	31	-18	-0.2741055668028016	0.47660311958405543	0.5456796236692251	-0.06907650408516963	Control
ENSG00000280798	10	203	-193	-2.642622281416374	0.437360732854667	0.8304035652389206	-0.3930428323842536	Control
ENSG00000239672	9	14	-5	-0.09815861086007906	0.4207724684327804	0.3932904184204011	0.0274820500123793	Control
ENSG00000073150	42	76	-34	-0.4906556664246139	0.6413716266402575	0.6947264174300569	-0.05335479078979943	Control
ENSG00000198964	5	1	4	0.02365082017719039	0.3247090864075266	0.03986135181975736	0.28484773458776924	AD
ENSG00000181790	2	6	-4	-0.08462422963371578	0.18209952958653133	0.25043327556325823	-0.0683337459767269	Control
ENSG00000008294	2	1	1	-0.016952323501899427	0.18209952958653133	0.03986135181975736	0.14223817776677397	AD
ENSG00000196123	7	13	-6	-0.11169299208644234	0.3815300817033919	0.37880663530576875	0.002723446397623175	Control
ENSG00000116005	2	4	-2	-0.057555467180989243	0.18209952958653133	0.19076504085169596	-0.008665511265164627	Control
ENSG00000278811	1	10	-9	-0.15229613576553216	0.07279029462738301	0.33473632087150285	-0.26194602624411983	Control
ENSG00000205922	2	17	-15	-0.23350242312371178	0.18209952958653133	0.42696211933646944	-0.2448625897499381	Control
ENSG00000140406	1	3	-2	-0.057555467180989243	0.07279029462738301	0.15139886110423373	-0.07860856647685072	Control
ENSG00000196405	4	4	0	-0.030486704728262697	0.2896756622926467	0.19076504085169596	0.09891062144095072	Control
ENSG00000177885	1	36	-35	-0.5041900476509772	0.07279029462738301	0.5753899480069324	-0.5025996533795494	Control
ENSG00000030419	2	2	0	-0.030486704728262697	0.18209952958653133	0.10497647932656598	0.07712305025996535	Control
ENSG00000171509	3	3	0	-0.030486704728262697	0.2442436246595692	0.15139886110423373	0.09284476355533547	Control
ENSG00000103335	15	13	2	-0.0034179422755361536	0.4961624164397128	0.37880663530576875	0.11735578113394407	AD
ENSG00000105509	6	112	-106	-1.4651311147227695	0.35528596187175043	0.7504332755632582	-0.3951473136915078	Control
ENSG00000127415	2	6	-4	-0.08462422963371578	0.18209952958653133	0.25043327556325823	-0.0683337459767269	Control
ENSG00000172731	1	12	-11	-0.1793648982182587	0.07279029462738301	0.36568457538994803	-0.292894280762565	Control
ENSG00000149564	4	9	-5	-0.09815861086007906	0.2896756622926467	0.3161673681604357	-0.02649170586778904	Control
ENSG00000112306	1	2	-1	-0.04402108595462597	0.07279029462738301	0.10497647932656598	-0.03218618469918297	Control
ENSG00000067167	4	14	-10	-0.16583051699189544	0.2896756622926467	0.3932904184204011	-0.10361475612775439	Control
ENSG00000047644	24	1	23	0.28080406347809256	0.5630106461995543	0.03986135181975736	0.523149294379797	AD
ENSG00000198075	2	1	1	-0.016952323501899427	0.18209952958653133	0.03986135181975736	0.14223817776677397	AD
ENSG00000196581	2	11	-9	-0.15229613576553216	0.18209952958653133	0.35070562020302054	-0.1686060906164892	Control
ENSG00000149489	14	7	7	0.06425396385628021	0.48601138895766277	0.2742015350334241	0.21180985392423868	AD
ENSG00000106052	1	30	-29	-0.4229837602927976	0.07279029462738301	0.5396137657836098	-0.46682347115622674	Control
ENSG00000180828	7	1	6	0.05071958262991694	0.3815300817033919	0.03986135181975736	0.34166872988363456	AD
ENSG00000154493	9	4	5	0.037185201403553664	0.4207724684327804	0.19076504085169596	0.23000742758108442	AD
ENSG00000116353	9	2	7	0.06425396385628021	0.4207724684327804	0.10497647932656598	0.3157959891062144	AD
ENSG00000135250	1	1	0	-0.030486704728262697	0.07279029462738301	0.03986135181975736	0.03292894280762565	Control
ENSG00000189423	1	3	-2	-0.057555467180989243	0.07279029462738301	0.15139886110423373	-0.07860856647685072	Control
ENSG00000100678	2	1	1	-0.016952323501899427	0.18209952958653133	0.03986135181975736	0.14223817776677397	AD
ENSG00000234899	21	3	18	0.2131321573462762	0.5432037633077494	0.15139886110423373	0.3918049022035157	AD
ENSG00000172932	1	1	0	-0.030486704728262697	0.07279029462738301	0.03986135181975736	0.03292894280762565	Control
ENSG00000124209	12	111	-99	-1.3703904461382266	0.46595692002971034	0.748328794256004	-0.2823718742262936	Control
ENSG00000121310	2	35	-33	-0.47712128519825064	0.18209952958653133	0.5685813320128744	-0.3864818024263431	Control
ENSG00000166619	21	69	-48	-0.6801370035936998	0.5432037633077494	0.6783857390443179	-0.13518197573656843	Control
ENSG00000267002	1	2	-1	-0.04402108595462597	0.07279029462738301	0.10497647932656598	-0.03218618469918297	Control
ENSG00000134532	10	14	-4	-0.08462422963371578	0.437360732854667	0.3932904184204011	0.0440703144342659	Control
ENSG00000107242	3	84	-81	-1.1267715840636876	0.2442436246595692	0.7077246843278039	-0.4634810596682347	Control
ENSG00000163884	4	5	-1	-0.04402108595462597	0.2896756622926467	0.22295122555087893	0.06672443674176776	Control
ENSG00000077147	2	7	-5	-0.09815861086007906	0.18209952958653133	0.2742015350334241	-0.09210200544689276	Control
ENSG00000091140	8	22	-14	-0.21996804189734853	0.4022035157217133	0.47623174052983414	-0.07402822480812082	Control
ENSG00000125962	3	5	-2	-0.057555467180989243	0.2442436246595692	0.22295122555087893	0.02129239910869027	Control
ENSG00000247828	2	46	-44	-0.6259994786882467	0.18209952958653133	0.616860609061649	-0.43476107947511766	Control
ENSG00000106605	9	115	-106	-1.4651311147227695	0.4207724684327804	0.7542708591235454	-0.33349839069076503	Control
ENSG00000174405	16	14	2	-0.0034179422755361536	0.5049517207229512	0.3932904184204011	0.11166130230255017	AD
ENSG00000100429	5	11	-6	-0.11169299208644234	0.3247090864075266	0.35070562020302054	-0.025996533795493937	Control
ENSG00000165752	2	22	-20	-0.3011743292555282	0.18209952958653133	0.47623174052983414	-0.2941322109433028	Control
ENSG00000124772	1	1	0	-0.030486704728262697	0.07279029462738301	0.03986135181975736	0.03292894280762565	Control
ENSG00000132664	12	11	1	-0.016952323501899427	0.46595692002971034	0.35070562020302054	0.1152512998266898	AD
ENSG00000166762	1	9	-8	-0.1387617545391689	0.07279029462738301	0.3161673681604357	-0.2433770735330527	Control
ENSG00000095587	5	24	-19	-0.28763994802916487	0.3247090864075266	0.49690517454815547	-0.17219608814062887	Control
ENSG00000146592	4	6	-2	-0.057555467180989243	0.2896756622926467	0.25043327556325823	0.039242386729388457	Control
ENSG00000140632	1	31	-30	-0.4365181415191608	0.07279029462738301	0.5456796236692251	-0.47288932904184205	Control
ENSG00000181163	4	5	-1	-0.04402108595462597	0.2896756622926467	0.22295122555087893	0.06672443674176776	Control
ENSG00000171695	1	11	-10	-0.16583051699189544	0.07279029462738301	0.35070562020302054	-0.27791532557563753	Control
ENSG00000137710	7	13	-6	-0.11169299208644234	0.3815300817033919	0.37880663530576875	0.002723446397623175	Control
ENSG00000115657	3	4	-1	-0.04402108595462597	0.2442436246595692	0.19076504085169596	0.05347858380787324	Control
ENSG00000011451	9	4	5	0.037185201403553664	0.4207724684327804	0.19076504085169596	0.23000742758108442	AD
ENSG00000099821	2	34	-32	-0.46358690397188734	0.18209952958653133	0.5628868531814806	-0.38078732359494927	Control
ENSG00000267909	12	84	-72	-1.0049621530264183	0.46595692002971034	0.7077246843278039	-0.24176776429809355	Control
ENSG00000131408	10	8	2	-0.0034179422755361536	0.437360732854667	0.2948749690517455	0.1424857638029215	AD
ENSG00000075292	1	3	-2	-0.057555467180989243	0.07279029462738301	0.15139886110423373	-0.07860856647685072	Control
ENSG00000197965	3	2	1	-0.016952323501899427	0.2442436246595692	0.10497647932656598	0.13926714533300322	AD
ENSG00000275004	39	7	32	0.402613494515362	0.632087150284724	0.2742015350334241	0.35788561525129986	AD
ENSG00000022567	1	5	-4	-0.08462422963371578	0.07279029462738301	0.22295122555087893	-0.15016093092349592	Control
ENSG00000111843	1	1	0	-0.030486704728262697	0.07279029462738301	0.03986135181975736	0.03292894280762565	Control
ENSG00000138835	15	1	14	0.1589946324408231	0.4961624164397128	0.03986135181975736	0.45630106461995545	AD
ENSG00000062650	2	11	-9	-0.15229613576553216	0.18209952958653133	0.35070562020302054	-0.1686060906164892	Control
ENSG00000002016	1	1	0	-0.030486704728262697	0.07279029462738301	0.03986135181975736	0.03292894280762565	Control
ENSG00000167851	2	44	-42	-0.5989307162355201	0.18209952958653133	0.6093092349591483	-0.42720970537261704	Control
ENSG00000132313	2	40	-38	-0.544793191330067	0.18209952958653133	0.5921020054468928	-0.41000247586036154	Control
ENSG00000120278	5	8	-3	-0.07108984840735251	0.3247090864075266	0.2948749690517455	0.02983411735578112	Control
ENSG00000164548	1	2	-1	-0.04402108595462597	0.07279029462738301	0.10497647932656598	-0.03218618469918297	Control
ENSG00000172465	75	11	64	0.8357136937589867	0.7126764050507551	0.35070562020302054	0.3619707848477346	AD
ENSG00000111664	8	2	6	0.05071958262991694	0.4022035157217133	0.10497647932656598	0.29722703639514736	AD
ENSG00000198915	1	15	-14	-0.21996804189734853	0.07279029462738301	0.4067838573904432	-0.3339935627630602	Control
ENSG00000242866	5	1	4	0.02365082017719039	0.3247090864075266	0.03986135181975736	0.28484773458776924	AD
ENSG00000132382	11	82	-71	-0.9914277718000549	0.45233968804159447	0.7043822728398118	-0.25204258479821734	Control
ENSG00000138735	1	1	0	-0.030486704728262697	0.07279029462738301	0.03986135181975736	0.03292894280762565	Control
ENSG00000185615	14	27	-13	-0.20643366067098526	0.48601138895766277	0.5183213666749196	-0.0323099777172568	Control
ENSG00000135441	2	9	-7	-0.12522737331280562	0.18209952958653133	0.3161673681604357	-0.1340678385739044	Control
ENSG00000131462	36	125	-89	-1.2350466338745938	0.6192126764050507	0.7652884377321119	-0.14607576132706113	Control
ENSG00000171680	1	3	-2	-0.057555467180989243	0.07279029462738301	0.15139886110423373	-0.07860856647685072	Control
ENSG00000147475	1	11	-10	-0.16583051699189544	0.07279029462738301	0.35070562020302054	-0.27791532557563753	Control
ENSG00000168610	7	49	-42	-0.5989307162355201	0.3815300817033919	0.6266402574894776	-0.24511017578608568	Control
ENSG00000188747	2	4	-2	-0.057555467180989243	0.18209952958653133	0.19076504085169596	-0.008665511265164627	Control
ENSG00000063854	5	71	-66	-0.9237558656682386	0.3247090864075266	0.6842040108937856	-0.35949492448625897	Control
ENSG00000155363	1	4	-3	-0.07108984840735251	0.07279029462738301	0.19076504085169596	-0.11797474622431295	Control
ENSG00000214193	3	8	-5	-0.09815861086007906	0.2442436246595692	0.2948749690517455	-0.050631344392176286	Control
ENSG00000155034	2	7	-5	-0.09815861086007906	0.18209952958653133	0.2742015350334241	-0.09210200544689276	Control
ENSG00000134917	6	6	0	-0.030486704728262697	0.35528596187175043	0.25043327556325823	0.1048526863084922	Control
ENSG00000160856	3	13	-10	-0.16583051699189544	0.2442436246595692	0.37880663530576875	-0.13456301064619955	Control
ENSG00000185236	2	14	-12	-0.19289927944462198	0.18209952958653133	0.3932904184204011	-0.21119088883386974	Control
ENSG00000092621	1	6	-5	-0.09815861086007906	0.07279029462738301	0.25043327556325823	-0.17764298093587522	Control
ENSG00000179178	1	2	-1	-0.04402108595462597	0.07279029462738301	0.10497647932656598	-0.03218618469918297	Control
ENSG00000145425	5	1	4	0.02365082017719039	0.3247090864075266	0.03986135181975736	0.28484773458776924	AD
ENSG00000154217	7	15	-8	-0.1387617545391689	0.3815300817033919	0.4067838573904432	-0.025253775687051283	Control
ENSG00000066136	1	9	-8	-0.1387617545391689	0.07279029462738301	0.3161673681604357	-0.2433770735330527	Control
ENSG00000146007	4	34	-30	-0.4365181415191608	0.2896756622926467	0.5628868531814806	-0.2732111908888339	Control
ENSG00000137494	8	11	-3	-0.07108984840735251	0.4022035157217133	0.35070562020302054	0.05149789551869277	Control
ENSG00000183458	1	13	-12	-0.19289927944462198	0.07279029462738301	0.37880663530576875	-0.30601634067838573	Control
ENSG00000170049	2	2	0	-0.030486704728262697	0.18209952958653133	0.10497647932656598	0.07712305025996535	Control
ENSG00000116254	4	2	2	-0.0034179422755361536	0.2896756622926467	0.10497647932656598	0.1846991829660807	AD
ENSG00000142583	2	32	-30	-0.4365181415191608	0.18209952958653133	0.5529834117355781	-0.3708838821490468	Control
ENSG00000198586	1	6	-5	-0.09815861086007906	0.07279029462738301	0.25043327556325823	-0.17764298093587522	Control
ENSG00000183527	8	1	7	0.06425396385628021	0.4022035157217133	0.03986135181975736	0.36234216390195595	AD
ENSG00000124422	2	16	-14	-0.21996804189734853	0.18209952958653133	0.41718247090864075	-0.2350829413221094	Control
ENSG00000138795	2	1	1	-0.016952323501899427	0.18209952958653133	0.03986135181975736	0.14223817776677397	AD
ENSG00000256463	12	10	2	-0.0034179422755361536	0.46595692002971034	0.33473632087150285	0.1312205991582075	AD
ENSG00000117592	1	5	-4	-0.08462422963371578	0.07279029462738301	0.22295122555087893	-0.15016093092349592	Control
ENSG00000163751	2	9	-7	-0.12522737331280562	0.18209952958653133	0.3161673681604357	-0.1340678385739044	Control
ENSG00000179818	2	7	-5	-0.09815861086007906	0.18209952958653133	0.2742015350334241	-0.09210200544689276	Control
ENSG00000130202	8	18	-10	-0.16583051699189544	0.4022035157217133	0.4371131468185194	-0.034909631096806115	Control
ENSG00000171530	2	1	1	-0.016952323501899427	0.18209952958653133	0.03986135181975736	0.14223817776677397	AD
ENSG00000141985	8	1	7	0.06425396385628021	0.4022035157217133	0.03986135181975736	0.36234216390195595	AD
ENSG00000188976	1	8	-7	-0.12522737331280562	0.07279029462738301	0.2948749690517455	-0.22208467442436247	Control
ENSG00000149136	1	1	0	-0.030486704728262697	0.07279029462738301	0.03986135181975736	0.03292894280762565	Control
ENSG00000123064	2	29	-27	-0.39591499784007106	0.18209952958653133	0.5324337707353305	-0.3503342411487992	Control
ENSG00000176182	4	99	-95	-1.3162529212327736	0.2896756622926467	0.7298836345630106	-0.44020797227036396	Control
ENSG00000164904	2	4	-2	-0.057555467180989243	0.18209952958653133	0.19076504085169596	-0.008665511265164627	Control
ENSG00000117425	1	10	-9	-0.15229613576553216	0.07279029462738301	0.33473632087150285	-0.26194602624411983	Control
ENSG00000069509	45	13	32	0.402613494515362	0.6496657588512008	0.37880663530576875	0.27085912354543207	AD
ENSG00000144468	3	2	1	-0.016952323501899427	0.2442436246595692	0.10497647932656598	0.13926714533300322	AD
ENSG00000156395	3	2	1	-0.016952323501899427	0.2442436246595692	0.10497647932656598	0.13926714533300322	AD
ENSG00000110321	1	23	-22	-0.3282430917082547	0.07279029462738301	0.4866303540480317	-0.41384005942064866	Control
ENSG00000039523	3	43	-40	-0.5718619537827936	0.2442436246595692	0.6043575142361971	-0.36011388957662793	Control
ENSG00000143850	1	6	-5	-0.09815861086007906	0.07279029462738301	0.25043327556325823	-0.17764298093587522	Control
ENSG00000137193	1	4	-3	-0.07108984840735251	0.07279029462738301	0.19076504085169596	-0.11797474622431295	Control
ENSG00000184083	4	19	-15	-0.23350242312371178	0.2896756622926467	0.4461500371379054	-0.15647437484525872	Control
ENSG00000171208	2	7	-5	-0.09815861086007906	0.18209952958653133	0.2742015350334241	-0.09210200544689276	Control
ENSG00000177733	1	51	-50	-0.7072057660464263	0.07279029462738301	0.6340678385739045	-0.5612775439465214	Control
ENSG00000181722	3	2	1	-0.016952323501899427	0.2442436246595692	0.10497647932656598	0.13926714533300322	AD
ENSG00000184014	9	2	7	0.06425396385628021	0.4207724684327804	0.10497647932656598	0.3157959891062144	AD
ENSG00000102755	2	4	-2	-0.057555467180989243	0.18209952958653133	0.19076504085169596	-0.008665511265164627	Control
ENSG00000140750	2	35	-33	-0.47712128519825064	0.18209952958653133	0.5685813320128744	-0.3864818024263431	Control
ENSG00000155849	4	30	-26	-0.38238061661370776	0.2896756622926467	0.5396137657836098	-0.24993810349096307	Control
ENSG00000177105	1	2	-1	-0.04402108595462597	0.07279029462738301	0.10497647932656598	-0.03218618469918297	Control
ENSG00000164219	1	1	0	-0.030486704728262697	0.07279029462738301	0.03986135181975736	0.03292894280762565	Control
ENSG00000065989	14	51	-37	-0.5312588101037037	0.48601138895766277	0.6340678385739045	-0.1480564496162417	Control
ENSG00000139800	1	1	0	-0.030486704728262697	0.07279029462738301	0.03986135181975736	0.03292894280762565	Control
ENSG00000102901	21	24	-3	-0.07108984840735251	0.5432037633077494	0.49690517454815547	0.04629858875959397	Control
ENSG00000272597	1	1	0	-0.030486704728262697	0.07279029462738301	0.03986135181975736	0.03292894280762565	Control
ENSG00000169504	1	17	-16	-0.24703680435007505	0.07279029462738301	0.42696211933646944	-0.3541718247090864	Control
ENSG00000198911	7	36	-29	-0.4229837602927976	0.3815300817033919	0.5753899480069324	-0.19385986630354052	Control
ENSG00000136463	7	30	-23	-0.34177747293461797	0.3815300817033919	0.5396137657836098	-0.15808368408021783	Control
ENSG00000122012	3	1	2	-0.0034179422755361536	0.2442436246595692	0.03986135181975736	0.20438227283981183	AD
ENSG00000166233	4	48	-44	-0.6259994786882467	0.2896756622926467	0.6234216390195593	-0.3337459767269126	Control
ENSG00000151702	2	7	-5	-0.09815861086007906	0.18209952958653133	0.2742015350334241	-0.09210200544689276	Control
ENSG00000100302	7	26	-19	-0.28763994802916487	0.3815300817033919	0.5118841297350829	-0.13035404803169098	Control
ENSG00000160752	1	1	0	-0.030486704728262697	0.07279029462738301	0.03986135181975736	0.03292894280762565	Control
ENSG00000204592	3	20	-17	-0.2605711855764383	0.2442436246595692	0.4548155484030701	-0.2105719237435009	Control
ENSG00000126005	2	12	-10	-0.16583051699189544	0.18209952958653133	0.36568457538994803	-0.1835850458034167	Control
ENSG00000169403	2	5	-3	-0.07108984840735251	0.18209952958653133	0.22295122555087893	-0.040851695964347595	Control
ENSG00000134590	172	93	79	1.038729412154436	0.803045308244615	0.7208467442436246	0.08219856400099035	AD
ENSG00000144591	1	6	-5	-0.09815861086007906	0.07279029462738301	0.25043327556325823	-0.17764298093587522	Control
ENSG00000274118	2	27	-25	-0.3688462353873445	0.18209952958653133	0.5183213666749196	-0.33622183708838826	Control
ENSG00000143815	1	6	-5	-0.09815861086007906	0.07279029462738301	0.25043327556325823	-0.17764298093587522	Control
ENSG00000184787	2	8	-6	-0.11169299208644234	0.18209952958653133	0.2948749690517455	-0.11277543946521415	Control
ENSG00000119403	7	4	3	0.010116438950827119	0.3815300817033919	0.19076504085169596	0.19076504085169596	AD
ENSG00000168830	1	1	0	-0.030486704728262697	0.07279029462738301	0.03986135181975736	0.03292894280762565	Control
ENSG00000251429	2	2	0	-0.030486704728262697	0.18209952958653133	0.10497647932656598	0.07712305025996535	Control
ENSG00000180263	1	3	-2	-0.057555467180989243	0.07279029462738301	0.15139886110423373	-0.07860856647685072	Control
ENSG00000188643	2	4	-2	-0.057555467180989243	0.18209952958653133	0.19076504085169596	-0.008665511265164627	Control
ENSG00000007516	2	1	1	-0.016952323501899427	0.18209952958653133	0.03986135181975736	0.14223817776677397	AD
ENSG00000136867	3	12	-9	-0.15229613576553216	0.2442436246595692	0.36568457538994803	-0.12144095073037883	Control
ENSG00000130997	1	1	0	-0.030486704728262697	0.07279029462738301	0.03986135181975736	0.03292894280762565	Control
ENSG00000137462	2	21	-19	-0.28763994802916487	0.18209952958653133	0.46521416192126763	-0.2831146323347363	Control
ENSG00000148248	1	3	-2	-0.057555467180989243	0.07279029462738301	0.15139886110423373	-0.07860856647685072	Control
ENSG00000105278	11	3	8	0.07778834508264348	0.45233968804159447	0.15139886110423373	0.30094082693736074	AD
ENSG00000185986	1	9	-8	-0.1387617545391689	0.07279029462738301	0.3161673681604357	-0.2433770735330527	Control
ENSG00000154319	2	4	-2	-0.057555467180989243	0.18209952958653133	0.19076504085169596	-0.008665511265164627	Control
ENSG00000130024	3	5	-2	-0.057555467180989243	0.2442436246595692	0.22295122555087893	0.02129239910869027	Control
ENSG00000008988	1	3	-2	-0.057555467180989243	0.07279029462738301	0.15139886110423373	-0.07860856647685072	Control
ENSG00000108861	5	23	-18	-0.2741055668028016	0.3247090864075266	0.4866303540480317	-0.16192126764050507	Control
ENSG00000112146	2	4	-2	-0.057555467180989243	0.18209952958653133	0.19076504085169596	-0.008665511265164627	Control
ENSG00000090539	1	6	-5	-0.09815861086007906	0.07279029462738301	0.25043327556325823	-0.17764298093587522	Control
ENSG00000197774	5	15	-10	-0.16583051699189544	0.3247090864075266	0.4067838573904432	-0.0820747709829166	Control
ENSG00000149571	11	107	-96	-1.3297873024591367	0.45233968804159447	0.7411487992077247	-0.28880911116613023	Control
ENSG00000113712	1	12	-11	-0.1793648982182587	0.07279029462738301	0.36568457538994803	-0.292894280762565	Control
ENSG00000109133	1	10	-9	-0.15229613576553216	0.07279029462738301	0.33473632087150285	-0.26194602624411983	Control
ENSG00000271601	3	2	1	-0.016952323501899427	0.2442436246595692	0.10497647932656598	0.13926714533300322	AD
ENSG00000185513	4	10	-6	-0.11169299208644234	0.2896756622926467	0.33473632087150285	-0.04506065857885616	Control
ENSG00000167549	27	45	-18	-0.2741055668028016	0.5817033919286952	0.6132706115375093	-0.031567219608814034	Control
ENSG00000109684	6	16	-10	-0.16583051699189544	0.35528596187175043	0.41718247090864075	-0.06189650903689031	Control
ENSG00000146112	3	28	-25	-0.3688462353873445	0.2442436246595692	0.5251299826689775	-0.2808863580094083	Control
ENSG00000187514	2	5	-3	-0.07108984840735251	0.18209952958653133	0.22295122555087893	-0.040851695964347595	Control
ENSG00000179335	1	2	-1	-0.04402108595462597	0.07279029462738301	0.10497647932656598	-0.03218618469918297	Control
ENSG00000174197	2	1	1	-0.016952323501899427	0.18209952958653133	0.03986135181975736	0.14223817776677397	AD
ENSG00000034510	2	2	0	-0.030486704728262697	0.18209952958653133	0.10497647932656598	0.07712305025996535	Control
ENSG00000162409	1	1	0	-0.030486704728262697	0.07279029462738301	0.03986135181975736	0.03292894280762565	Control
ENSG00000130707	2	6	-4	-0.08462422963371578	0.18209952958653133	0.25043327556325823	-0.0683337459767269	Control
ENSG00000053900	2	1	1	-0.016952323501899427	0.18209952958653133	0.03986135181975736	0.14223817776677397	AD
ENSG00000060237	8	7	1	-0.016952323501899427	0.4022035157217133	0.2742015350334241	0.12800198068828922	AD
ENSG00000178467	1	9	-8	-0.1387617545391689	0.07279029462738301	0.3161673681604357	-0.2433770735330527	Control
ENSG00000079337	2	8	-6	-0.11169299208644234	0.18209952958653133	0.2948749690517455	-0.11277543946521415	Control
ENSG00000170629	2	70	-68	-0.9508246281209651	0.18209952958653133	0.6812329784600148	-0.49913344887348354	Control
ENSG00000122390	1	2	-1	-0.04402108595462597	0.07279029462738301	0.10497647932656598	-0.03218618469918297	Control
ENSG00000174446	4	71	-67	-0.9372902468946019	0.2896756622926467	0.6842040108937856	-0.3945283486011389	Control
ENSG00000174705	2	2	0	-0.030486704728262697	0.18209952958653133	0.10497647932656598	0.07712305025996535	Control
ENSG00000170835	2	4	-2	-0.057555467180989243	0.18209952958653133	0.19076504085169596	-0.008665511265164627	Control
ENSG00000001460	1	2	-1	-0.04402108595462597	0.07279029462738301	0.10497647932656598	-0.03218618469918297	Control
ENSG00000264112	8	43	-35	-0.5041900476509772	0.4022035157217133	0.6043575142361971	-0.2021539985144838	Control
ENSG00000169946	3	60	-57	-0.8019464346309692	0.2442436246595692	0.6582074770982916	-0.41396385243872247	Control
ENSG00000141522	3	5	-2	-0.057555467180989243	0.2442436246595692	0.22295122555087893	0.02129239910869027	Control
ENSG00000103254	3	27	-24	-0.35531185416098127	0.2442436246595692	0.5183213666749196	-0.2740777420153504	Control
ENSG00000104140	6	7	-1	-0.04402108595462597	0.35528596187175043	0.2742015350334241	0.08108442683832634	Control
ENSG00000169021	21	108	-87	-1.2079778714218674	0.5432037633077494	0.74263431542461	-0.19943055211686056	Control
ENSG00000241058	1	2	-1	-0.04402108595462597	0.07279029462738301	0.10497647932656598	-0.03218618469918297	Control
ENSG00000123066	3	2	1	-0.016952323501899427	0.2442436246595692	0.10497647932656598	0.13926714533300322	AD
ENSG00000183579	6	10	-4	-0.08462422963371578	0.35528596187175043	0.33473632087150285	0.020549641000247587	Control
ENSG00000100220	1	16	-15	-0.23350242312371178	0.07279029462738301	0.41718247090864075	-0.34439217628125773	Control
ENSG00000143379	1	2	-1	-0.04402108595462597	0.07279029462738301	0.10497647932656598	-0.03218618469918297	Control
ENSG00000164035	1	1	0	-0.030486704728262697	0.07279029462738301	0.03986135181975736	0.03292894280762565	Control
ENSG00000139350	3	9	-6	-0.11169299208644234	0.2442436246595692	0.3161673681604357	-0.07192374350086653	Control
ENSG00000066336	1	10	-9	-0.15229613576553216	0.07279029462738301	0.33473632087150285	-0.26194602624411983	Control
ENSG00000184005	1	1	0	-0.030486704728262697	0.07279029462738301	0.03986135181975736	0.03292894280762565	Control
ENSG00000154727	3	12	-9	-0.15229613576553216	0.2442436246595692	0.36568457538994803	-0.12144095073037883	Control
ENSG00000273899	7	9	-2	-0.057555467180989243	0.3815300817033919	0.3161673681604357	0.0653627135429562	Control
ENSG00000272871	2	1	1	-0.016952323501899427	0.18209952958653133	0.03986135181975736	0.14223817776677397	AD
ENSG00000130962	1	3	-2	-0.057555467180989243	0.07279029462738301	0.15139886110423373	-0.07860856647685072	Control
ENSG00000196428	1	111	-110	-1.5192686396282227	0.07279029462738301	0.748328794256004	-0.6755384996286209	Control
ENSG00000144118	2	68	-66	-0.9237558656682386	0.18209952958653133	0.6754147066105471	-0.49331517702401584	Control
ENSG00000198791	3	50	-47	-0.6666026223673365	0.2442436246595692	0.630354048031691	-0.38611042337212187	Control
ENSG00000102030	15	45	-30	-0.4365181415191608	0.4961624164397128	0.6132706115375093	-0.11710819509779646	Control
ENSG00000144566	2	9	-7	-0.12522737331280562	0.18209952958653133	0.3161673681604357	-0.1340678385739044	Control
ENSG00000100395	13	19	-6	-0.11169299208644234	0.47660311958405543	0.4461500371379054	0.030453082446150026	Control
ENSG00000165633	1	3	-2	-0.057555467180989243	0.07279029462738301	0.15139886110423373	-0.07860856647685072	Control
ENSG00000178913	1	7	-6	-0.11169299208644234	0.07279029462738301	0.2742015350334241	-0.20141124040604108	Control
ENSG00000179295	1	1	0	-0.030486704728262697	0.07279029462738301	0.03986135181975736	0.03292894280762565	Control
ENSG00000278962	3	33	-30	-0.4365181415191608	0.2442436246595692	0.5590492696211934	-0.3148056449616242	Control
ENSG00000119487	5	1	4	0.02365082017719039	0.3247090864075266	0.03986135181975736	0.28484773458776924	AD
ENSG00000150867	3	6	-3	-0.07108984840735251	0.2442436246595692	0.25043327556325823	-0.006189650903689031	Control
ENSG00000093000	18	170	-152	-2.08771265113548	0.5199306759098787	0.8040356523892053	-0.28410497647932653	Control
ENSG00000242613	3	25	-22	-0.3282430917082547	0.2442436246595692	0.505694478831394	-0.2614508541718248	Control
ENSG00000120509	9	6	3	0.010116438950827119	0.4207724684327804	0.25043327556325823	0.17033919286952215	AD
ENSG00000247077	5	13	-8	-0.1387617545391689	0.3247090864075266	0.37880663530576875	-0.05409754889824214	Control
ENSG00000086730	1	18	-17	-0.2605711855764383	0.07279029462738301	0.4371131468185194	-0.3643228521911364	Control
ENSG00000152558	6	20	-14	-0.21996804189734853	0.35528596187175043	0.4548155484030701	-0.09952958653131966	Control
ENSG00000073712	12	43	-31	-0.4500525227455241	0.46595692002971034	0.6043575142361971	-0.13840059420648676	Control
ENSG00000214595	2	3	-1	-0.04402108595462597	0.18209952958653133	0.15139886110423373	0.030700668482297605	Control
ENSG00000250722	1	5	-4	-0.08462422963371578	0.07279029462738301	0.22295122555087893	-0.15016093092349592	Control
ENSG00000205981	1	2	-1	-0.04402108595462597	0.07279029462738301	0.10497647932656598	-0.03218618469918297	Control
ENSG00000062282	7	1	6	0.05071958262991694	0.3815300817033919	0.03986135181975736	0.34166872988363456	AD
ENSG00000145907	1	9	-8	-0.1387617545391689	0.07279029462738301	0.3161673681604357	-0.2433770735330527	Control
ENSG00000069869	11	31	-20	-0.3011743292555282	0.45233968804159447	0.5456796236692251	-0.0933399356276306	Control
ENSG00000250461	1	5	-4	-0.08462422963371578	0.07279029462738301	0.22295122555087893	-0.15016093092349592	Control
ENSG00000107165	10	78	-68	-0.9508246281209651	0.437360732854667	0.6978212428819015	-0.2604605100272345	Control
ENSG00000140497	8	55	-47	-0.6666026223673365	0.4022035157217133	0.6454567962366923	-0.24325328051497896	Control
ENSG00000102401	33	115	-82	-1.140305965290051	0.6070809606338202	0.7542708591235454	-0.1471898984897252	Control
ENSG00000115459	2	2	0	-0.030486704728262697	0.18209952958653133	0.10497647932656598	0.07712305025996535	Control
ENSG00000168026	2	11	-9	-0.15229613576553216	0.18209952958653133	0.35070562020302054	-0.1686060906164892	Control
ENSG00000141576	6	6	0	-0.030486704728262697	0.35528596187175043	0.25043327556325823	0.1048526863084922	Control
ENSG00000211964	12	69	-57	-0.8019464346309692	0.46595692002971034	0.6783857390443179	-0.21242881901460753	Control
ENSG00000261326	1	1	0	-0.030486704728262697	0.07279029462738301	0.03986135181975736	0.03292894280762565	Control
ENSG00000147123	11	10	1	-0.016952323501899427	0.45233968804159447	0.33473632087150285	0.11760336717009162	AD
ENSG00000130158	8	5	3	0.010116438950827119	0.4022035157217133	0.22295122555087893	0.17925229017083438	AD
ENSG00000134186	1	1	0	-0.030486704728262697	0.07279029462738301	0.03986135181975736	0.03292894280762565	Control
ENSG00000196367	1	3	-2	-0.057555467180989243	0.07279029462738301	0.15139886110423373	-0.07860856647685072	Control
ENSG00000157985	1	23	-22	-0.3282430917082547	0.07279029462738301	0.4866303540480317	-0.41384005942064866	Control
ENSG00000160049	2	4	-2	-0.057555467180989243	0.18209952958653133	0.19076504085169596	-0.008665511265164627	Control
ENSG00000002330	3	12	-9	-0.15229613576553216	0.2442436246595692	0.36568457538994803	-0.12144095073037883	Control
ENSG00000100294	31	260	-229	-3.129860005565452	0.6000247586036147	0.8665511265164645	-0.2665263679128498	Control
ENSG00000123338	10	50	-40	-0.5718619537827936	0.437360732854667	0.630354048031691	-0.19299331517702406	Control
ENSG00000187091	1	7	-6	-0.11169299208644234	0.07279029462738301	0.2742015350334241	-0.20141124040604108	Control
ENSG00000108604	1	2	-1	-0.04402108595462597	0.07279029462738301	0.10497647932656598	-0.03218618469918297	Control
ENSG00000183307	7	36	-29	-0.4229837602927976	0.3815300817033919	0.5753899480069324	-0.19385986630354052	Control
ENSG00000110077	2	25	-23	-0.34177747293461797	0.18209952958653133	0.505694478831394	-0.32359494924486265	Control
ENSG00000128578	2	1	1	-0.016952323501899427	0.18209952958653133	0.03986135181975736	0.14223817776677397	AD
ENSG00000139697	1	1	0	-0.030486704728262697	0.07279029462738301	0.03986135181975736	0.03292894280762565	Control
ENSG00000100764	4	7	-3	-0.07108984840735251	0.2896756622926467	0.2742015350334241	0.015474127259222592	Control
ENSG00000112335	4	8	-4	-0.08462422963371578	0.2896756622926467	0.2948749690517455	-0.0051993067590987985	Control
ENSG00000130204	6	5	1	-0.016952323501899427	0.35528596187175043	0.22295122555087893	0.1323347363208715	AD
ENSG00000233967	1	1	0	-0.030486704728262697	0.07279029462738301	0.03986135181975736	0.03292894280762565	Control
ENSG00000145247	5	10	-5	-0.09815861086007906	0.3247090864075266	0.33473632087150285	-0.010027234463976242	Control
ENSG00000213694	1	2	-1	-0.04402108595462597	0.07279029462738301	0.10497647932656598	-0.03218618469918297	Control
ENSG00000156140	1	1	0	-0.030486704728262697	0.07279029462738301	0.03986135181975736	0.03292894280762565	Control
ENSG00000167700	2	93	-91	-1.2621153963273204	0.18209952958653133	0.7208467442436246	-0.5387472146570933	Control
ENSG00000104904	8	13	-5	-0.09815861086007906	0.4022035157217133	0.37880663530576875	0.023396880415944565	Control
ENSG00000137414	1	5	-4	-0.08462422963371578	0.07279029462738301	0.22295122555087893	-0.15016093092349592	Control
ENSG00000197430	1	1	0	-0.030486704728262697	0.07279029462738301	0.03986135181975736	0.03292894280762565	Control
ENSG00000111676	6	3	3	0.010116438950827119	0.35528596187175043	0.15139886110423373	0.2038871007675167	AD
ENSG00000204386	5	37	-32	-0.46358690397188734	0.3247090864075266	0.5809606338202525	-0.25625154741272593	Control
ENSG00000174453	1	1	0	-0.030486704728262697	0.07279029462738301	0.03986135181975736	0.03292894280762565	Control
ENSG00000153560	2	91	-89	-1.2350466338745938	0.18209952958653133	0.7176281257737064	-0.5355285961871751	Control
ENSG00000004455	4	20	-16	-0.24703680435007505	0.2896756622926467	0.4548155484030701	-0.1651398861104234	Control
ENSG00000167657	5	50	-45	-0.6395338599146099	0.3247090864075266	0.630354048031691	-0.30564496162416444	Control
ENSG00000174238	10	118	-108	-1.492199877175496	0.437360732854667	0.7568705125030948	-0.3195097796484278	Control
ENSG00000003393	2	8	-6	-0.11169299208644234	0.18209952958653133	0.2948749690517455	-0.11277543946521415	Control
ENSG00000185345	1	2	-1	-0.04402108595462597	0.07279029462738301	0.10497647932656598	-0.03218618469918297	Control
ENSG00000197712	2	2	0	-0.030486704728262697	0.18209952958653133	0.10497647932656598	0.07712305025996535	Control
ENSG00000280222	1	14	-13	-0.20643366067098526	0.07279029462738301	0.3932904184204011	-0.32050012379301807	Control
ENSG00000196104	1	1	0	-0.030486704728262697	0.07279029462738301	0.03986135181975736	0.03292894280762565	Control
ENSG00000143420	1	108	-107	-1.4786654959491328	0.07279029462738301	0.74263431542461	-0.6698440207972269	Control
ENSG00000102858	1	39	-38	-0.544793191330067	0.07279029462738301	0.589130973013122	-0.5163406783857389	Control
ENSG00000278535	2	1	1	-0.016952323501899427	0.18209952958653133	0.03986135181975736	0.14223817776677397	AD
ENSG00000132357	1	3	-2	-0.057555467180989243	0.07279029462738301	0.15139886110423373	-0.07860856647685072	Control
ENSG00000288011	1	1	0	-0.030486704728262697	0.07279029462738301	0.03986135181975736	0.03292894280762565	Control
ENSG00000248367	1	8	-7	-0.12522737331280562	0.07279029462738301	0.2948749690517455	-0.22208467442436247	Control
ENSG00000231389	3	12	-9	-0.15229613576553216	0.2442436246595692	0.36568457538994803	-0.12144095073037883	Control
ENSG00000058453	1	3	-2	-0.057555467180989243	0.07279029462738301	0.15139886110423373	-0.07860856647685072	Control
ENSG00000170633	2	9	-7	-0.12522737331280562	0.18209952958653133	0.3161673681604357	-0.1340678385739044	Control
ENSG00000157077	3	318	-315	-4.293816791032694	0.2442436246595692	0.8982421391433523	-0.6539985144837831	Control
ENSG00000176485	2	4	-2	-0.057555467180989243	0.18209952958653133	0.19076504085169596	-0.008665511265164627	Control
ENSG00000146425	2	2	0	-0.030486704728262697	0.18209952958653133	0.10497647932656598	0.07712305025996535	Control
ENSG00000127955	1	1	0	-0.030486704728262697	0.07279029462738301	0.03986135181975736	0.03292894280762565	Control
ENSG00000169427	1	2	-1	-0.04402108595462597	0.07279029462738301	0.10497647932656598	-0.03218618469918297	Control
ENSG00000196954	1	5	-4	-0.08462422963371578	0.07279029462738301	0.22295122555087893	-0.15016093092349592	Control
ENSG00000173141	1	6	-5	-0.09815861086007906	0.07279029462738301	0.25043327556325823	-0.17764298093587522	Control
ENSG00000185340	10	3	7	0.06425396385628021	0.437360732854667	0.15139886110423373	0.28596187175043325	AD
ENSG00000196663	1	3	-2	-0.057555467180989243	0.07279029462738301	0.15139886110423373	-0.07860856647685072	Control
ENSG00000254363	2	1	1	-0.016952323501899427	0.18209952958653133	0.03986135181975736	0.14223817776677397	AD
ENSG00000164258	2	4	-2	-0.057555467180989243	0.18209952958653133	0.19076504085169596	-0.008665511265164627	Control
ENSG00000226419	1	43	-42	-0.5989307162355201	0.07279029462738301	0.6043575142361971	-0.5315672196088141	Control
ENSG00000125733	2	6	-4	-0.08462422963371578	0.18209952958653133	0.25043327556325823	-0.0683337459767269	Control
ENSG00000157978	1	1	0	-0.030486704728262697	0.07279029462738301	0.03986135181975736	0.03292894280762565	Control
ENSG00000175229	1	30	-29	-0.4229837602927976	0.07279029462738301	0.5396137657836098	-0.46682347115622674	Control
ENSG00000232931	1	18	-17	-0.2605711855764383	0.07279029462738301	0.4371131468185194	-0.3643228521911364	Control
ENSG00000178719	2	27	-25	-0.3688462353873445	0.18209952958653133	0.5183213666749196	-0.33622183708838826	Control
ENSG00000175634	1	1	0	-0.030486704728262697	0.07279029462738301	0.03986135181975736	0.03292894280762565	Control
ENSG00000138944	24	11	13	0.14546025121445982	0.5630106461995543	0.35070562020302054	0.21230502599653378	AD
ENSG00000237720	2	2	0	-0.030486704728262697	0.18209952958653133	0.10497647932656598	0.07712305025996535	Control
ENSG00000272645	1	2	-1	-0.04402108595462597	0.07279029462738301	0.10497647932656598	-0.03218618469918297	Control
ENSG00000167283	1	3	-2	-0.057555467180989243	0.07279029462738301	0.15139886110423373	-0.07860856647685072	Control
ENSG00000168288	2	11	-9	-0.15229613576553216	0.18209952958653133	0.35070562020302054	-0.1686060906164892	Control
ENSG00000014164	1	1	0	-0.030486704728262697	0.07279029462738301	0.03986135181975736	0.03292894280762565	Control
ENSG00000273066	3	3	0	-0.030486704728262697	0.2442436246595692	0.15139886110423373	0.09284476355533547	Control
ENSG00000137802	2	2	0	-0.030486704728262697	0.18209952958653133	0.10497647932656598	0.07712305025996535	Control
ENSG00000204264	2	13	-11	-0.1793648982182587	0.18209952958653133	0.37880663530576875	-0.1967071057192374	Control
ENSG00000140983	2	6	-4	-0.08462422963371578	0.18209952958653133	0.25043327556325823	-0.0683337459767269	Control
ENSG00000165792	3	5	-2	-0.057555467180989243	0.2442436246595692	0.22295122555087893	0.02129239910869027	Control
ENSG00000157350	3	18	-15	-0.23350242312371178	0.2442436246595692	0.4371131468185194	-0.19286952215895023	Control
ENSG00000221946	1	3	-2	-0.057555467180989243	0.07279029462738301	0.15139886110423373	-0.07860856647685072	Control
ENSG00000224066	1	1	0	-0.030486704728262697	0.07279029462738301	0.03986135181975736	0.03292894280762565	Control
ENSG00000143740	1	11	-10	-0.16583051699189544	0.07279029462738301	0.35070562020302054	-0.27791532557563753	Control
ENSG00000164024	1	40	-39	-0.5583275725564303	0.07279029462738301	0.5921020054468928	-0.5193117108195098	Control
ENSG00000122367	1	1	0	-0.030486704728262697	0.07279029462738301	0.03986135181975736	0.03292894280762565	Control
ENSG00000137968	1	1	0	-0.030486704728262697	0.07279029462738301	0.03986135181975736	0.03292894280762565	Control
ENSG00000169217	1	3	-2	-0.057555467180989243	0.07279029462738301	0.15139886110423373	-0.07860856647685072	Control
ENSG00000171421	2	4	-2	-0.057555467180989243	0.18209952958653133	0.19076504085169596	-0.008665511265164627	Control
ENSG00000173327	4	1	3	0.010116438950827119	0.2896756622926467	0.03986135181975736	0.24981431047288932	AD
ENSG00000174231	5	24	-19	-0.28763994802916487	0.3247090864075266	0.49690517454815547	-0.17219608814062887	Control
ENSG00000116266	2	1	1	-0.016952323501899427	0.18209952958653133	0.03986135181975736	0.14223817776677397	AD
ENSG00000119946	2	9	-7	-0.12522737331280562	0.18209952958653133	0.3161673681604357	-0.1340678385739044	Control
ENSG00000063169	3	19	-16	-0.24703680435007505	0.2442436246595692	0.4461500371379054	-0.2019064124783362	Control
ENSG00000133561	4	5	-1	-0.04402108595462597	0.2896756622926467	0.22295122555087893	0.06672443674176776	Control
ENSG00000259002	3	29	-26	-0.38238061661370776	0.2442436246595692	0.5324337707353305	-0.2881901460757613	Control
ENSG00000183401	4	22	-18	-0.2741055668028016	0.2896756622926467	0.47623174052983414	-0.18655607823718745	Control
ENSG00000180817	2	11	-9	-0.15229613576553216	0.18209952958653133	0.35070562020302054	-0.1686060906164892	Control
ENSG00000181804	1	14	-13	-0.20643366067098526	0.07279029462738301	0.3932904184204011	-0.32050012379301807	Control
ENSG00000142197	44	22	22	0.26726968225172926	0.6468185194355038	0.47623174052983414	0.1705867789056697	AD
ENSG00000180385	1	4	-3	-0.07108984840735251	0.07279029462738301	0.19076504085169596	-0.11797474622431295	Control
ENSG00000196313	2	22	-20	-0.3011743292555282	0.18209952958653133	0.47623174052983414	-0.2941322109433028	Control
ENSG00000158805	2	4	-2	-0.057555467180989243	0.18209952958653133	0.19076504085169596	-0.008665511265164627	Control
ENSG00000254999	2	11	-9	-0.15229613576553216	0.18209952958653133	0.35070562020302054	-0.1686060906164892	Control
ENSG00000235750	1	33	-32	-0.46358690397188734	0.07279029462738301	0.5590492696211934	-0.4862589749938104	Control
ENSG00000171840	2	3	-1	-0.04402108595462597	0.18209952958653133	0.15139886110423373	0.030700668482297605	Control
ENSG00000257621	2	10	-8	-0.1387617545391689	0.18209952958653133	0.33473632087150285	-0.1526367912849715	Control
ENSG00000114857	1	17	-16	-0.24703680435007505	0.07279029462738301	0.42696211933646944	-0.3541718247090864	Control
ENSG00000105088	3	1	2	-0.0034179422755361536	0.2442436246595692	0.03986135181975736	0.20438227283981183	AD
ENSG00000142347	1	28	-27	-0.39591499784007106	0.07279029462738301	0.5251299826689775	-0.45233968804159447	Control
ENSG00000180155	1	15	-14	-0.21996804189734853	0.07279029462738301	0.4067838573904432	-0.3339935627630602	Control
ENSG00000218819	1	26	-25	-0.3688462353873445	0.07279029462738301	0.5118841297350829	-0.4390938351076999	Control
ENSG00000164062	3	9	-6	-0.11169299208644234	0.2442436246595692	0.3161673681604357	-0.07192374350086653	Control
ENSG00000040633	3	4	-1	-0.04402108595462597	0.2442436246595692	0.19076504085169596	0.05347858380787324	Control
ENSG00000278996	2	30	-28	-0.4094493790664343	0.18209952958653133	0.5396137657836098	-0.35751423619707845	Control
ENSG00000170085	2	2	0	-0.030486704728262697	0.18209952958653133	0.10497647932656598	0.07712305025996535	Control
ENSG00000146067	1	1	0	-0.030486704728262697	0.07279029462738301	0.03986135181975736	0.03292894280762565	Control
ENSG00000101460	15	20	-5	-0.09815861086007906	0.4961624164397128	0.4548155484030701	0.041346868036642725	Control
ENSG00000008196	1	5	-4	-0.08462422963371578	0.07279029462738301	0.22295122555087893	-0.15016093092349592	Control
ENSG00000146083	1	27	-26	-0.38238061661370776	0.07279029462738301	0.5183213666749196	-0.44553107204753656	Control
ENSG00000102103	6	1	5	0.037185201403553664	0.35528596187175043	0.03986135181975736	0.31542461005199307	AD
ENSG00000136098	3	3	0	-0.030486704728262697	0.2442436246595692	0.15139886110423373	0.09284476355533547	Control
ENSG00000109911	2	4	-2	-0.057555467180989243	0.18209952958653133	0.19076504085169596	-0.008665511265164627	Control
ENSG00000008853	1	11	-10	-0.16583051699189544	0.07279029462738301	0.35070562020302054	-0.27791532557563753	Control
ENSG00000167394	1	15	-14	-0.21996804189734853	0.07279029462738301	0.4067838573904432	-0.3339935627630602	Control
ENSG00000281026	1	12	-11	-0.1793648982182587	0.07279029462738301	0.36568457538994803	-0.292894280762565	Control
ENSG00000146215	1	9	-8	-0.1387617545391689	0.07279029462738301	0.3161673681604357	-0.2433770735330527	Control
ENSG00000279789	1	1	0	-0.030486704728262697	0.07279029462738301	0.03986135181975736	0.03292894280762565	Control
ENSG00000115694	1	16	-15	-0.23350242312371178	0.07279029462738301	0.41718247090864075	-0.34439217628125773	Control
ENSG00000105251	1	1	0	-0.030486704728262697	0.07279029462738301	0.03986135181975736	0.03292894280762565	Control
ENSG00000149260	3	1	2	-0.0034179422755361536	0.2442436246595692	0.03986135181975736	0.20438227283981183	AD
ENSG00000165821	1	4	-3	-0.07108984840735251	0.07279029462738301	0.19076504085169596	-0.11797474622431295	Control
ENSG00000123159	1	2	-1	-0.04402108595462597	0.07279029462738301	0.10497647932656598	-0.03218618469918297	Control
ENSG00000196295	2	4	-2	-0.057555467180989243	0.18209952958653133	0.19076504085169596	-0.008665511265164627	Control
ENSG00000163554	2	6	-4	-0.08462422963371578	0.18209952958653133	0.25043327556325823	-0.0683337459767269	Control
ENSG00000178028	1	1	0	-0.030486704728262697	0.07279029462738301	0.03986135181975736	0.03292894280762565	Control
ENSG00000071655	2	2	0	-0.030486704728262697	0.18209952958653133	0.10497647932656598	0.07712305025996535	Control
ENSG00000221829	1	4	-3	-0.07108984840735251	0.07279029462738301	0.19076504085169596	-0.11797474622431295	Control
ENSG00000074603	1	2	-1	-0.04402108595462597	0.07279029462738301	0.10497647932656598	-0.03218618469918297	Control
ENSG00000163785	1	5	-4	-0.08462422963371578	0.07279029462738301	0.22295122555087893	-0.15016093092349592	Control
ENSG00000180008	2	4	-2	-0.057555467180989243	0.18209952958653133	0.19076504085169596	-0.008665511265164627	Control
ENSG00000116288	1	1	0	-0.030486704728262697	0.07279029462738301	0.03986135181975736	0.03292894280762565	Control
ENSG00000081320	1	9	-8	-0.1387617545391689	0.07279029462738301	0.3161673681604357	-0.2433770735330527	Control
ENSG00000101247	9	8	1	-0.016952323501899427	0.4207724684327804	0.2948749690517455	0.1258974993810349	AD
ENSG00000187068	2	2	0	-0.030486704728262697	0.18209952958653133	0.10497647932656598	0.07712305025996535	Control
ENSG00000152404	3	3	0	-0.030486704728262697	0.2442436246595692	0.15139886110423373	0.09284476355533547	Control
ENSG00000183943	28	7	21	0.253735301025366	0.5865313196335726	0.2742015350334241	0.31232978460014854	AD
ENSG00000117385	1	1	0	-0.030486704728262697	0.07279029462738301	0.03986135181975736	0.03292894280762565	Control
ENSG00000162878	2	1	1	-0.016952323501899427	0.18209952958653133	0.03986135181975736	0.14223817776677397	AD
ENSG00000079246	1	5	-4	-0.08462422963371578	0.07279029462738301	0.22295122555087893	-0.15016093092349592	Control
ENSG00000206573	1	18	-17	-0.2605711855764383	0.07279029462738301	0.4371131468185194	-0.3643228521911364	Control
ENSG00000163624	1	1	0	-0.030486704728262697	0.07279029462738301	0.03986135181975736	0.03292894280762565	Control
ENSG00000099385	7	2	5	0.037185201403553664	0.3815300817033919	0.10497647932656598	0.2765536023768259	AD
ENSG00000040199	6	14	-8	-0.1387617545391689	0.35528596187175043	0.3932904184204011	-0.038004456548650645	Control
ENSG00000183166	2	2	0	-0.030486704728262697	0.18209952958653133	0.10497647932656598	0.07712305025996535	Control
ENSG00000071537	1	25	-24	-0.35531185416098127	0.07279029462738301	0.505694478831394	-0.43290418420401094	Control
ENSG00000105698	6	1	5	0.037185201403553664	0.35528596187175043	0.03986135181975736	0.31542461005199307	AD
ENSG00000116729	1	8	-7	-0.12522737331280562	0.07279029462738301	0.2948749690517455	-0.22208467442436247	Control
ENSG00000046651	5	29	-24	-0.35531185416098127	0.3247090864075266	0.5324337707353305	-0.2077246843278039	Control
ENSG00000134851	1	2	-1	-0.04402108595462597	0.07279029462738301	0.10497647932656598	-0.03218618469918297	Control
ENSG00000167325	1	2	-1	-0.04402108595462597	0.07279029462738301	0.10497647932656598	-0.03218618469918297	Control
ENSG00000213930	5	9	-4	-0.08462422963371578	0.3247090864075266	0.3161673681604357	0.00854171824709088	Control
ENSG00000168884	1	9	-8	-0.1387617545391689	0.07279029462738301	0.3161673681604357	-0.2433770735330527	Control
ENSG00000176871	1	31	-30	-0.4365181415191608	0.07279029462738301	0.5456796236692251	-0.47288932904184205	Control
ENSG00000161551	1	3	-2	-0.057555467180989243	0.07279029462738301	0.15139886110423373	-0.07860856647685072	Control
ENSG00000168481	2	16	-14	-0.21996804189734853	0.18209952958653133	0.41718247090864075	-0.2350829413221094	Control
ENSG00000255182	1	2	-1	-0.04402108595462597	0.07279029462738301	0.10497647932656598	-0.03218618469918297	Control
ENSG00000180964	29	12	17	0.19959777611991292	0.5914830403565239	0.36568457538994803	0.22579846496657585	AD
ENSG00000183837	80	34	46	0.5920948316844479	0.7202277791532558	0.5628868531814806	0.15734092597177518	AD
ENSG00000281181	2	56	-54	-0.7613432909518794	0.18209952958653133	0.6485516216885368	-0.46645209210200544	Control
ENSG00000100721	25	59	-34	-0.4906556664246139	0.5692002971032434	0.6558554097548899	-0.0866551126516465	Control
ENSG00000178947	6	4	2	-0.0034179422755361536	0.35528596187175043	0.19076504085169596	0.16452092102005447	AD
ENSG00000064787	15	11	4	0.02365082017719039	0.4961624164397128	0.35070562020302054	0.14545679623669228	AD
ENSG00000261716	1	1	0	-0.030486704728262697	0.07279029462738301	0.03986135181975736	0.03292894280762565	Control
ENSG00000130830	349	178	171	2.283892484979857	0.8963852438722456	0.8119584055459272	0.08442683832631837	AD
ENSG00000102181	142	324	-182	-2.493744087926378	0.7810101510274821	0.901832136667492	-0.1208219856400099	Control
ENSG00000155961	399	404	-5	-0.09815861086007906	0.9147066105471652	0.9312948749690517	-0.016588264421886545	Control
ENSG00000125144	1	1	0	-0.030486704728262697	0.07279029462738301	0.03986135181975736	0.03292894280762565	Control
ENSG00000126016	65	53	12	0.13192586998809655	0.6953453825204259	0.6396385243872246	0.05570685813320131	AD
ENSG00000143546	2	2	0	-0.030486704728262697	0.18209952958653133	0.10497647932656598	0.07712305025996535	Control
ENSG00000102109	25	43	-18	-0.2741055668028016	0.5692002971032434	0.6043575142361971	-0.03515721713295372	Control
ENSG00000160213	2	3	-1	-0.04402108595462597	0.18209952958653133	0.15139886110423373	0.030700668482297605	Control
ENSG00000005022	57	55	2	-0.0034179422755361536	0.6794998762069819	0.6454567962366923	0.03404307997028966	AD
ENSG00000251322	44	62	-18	-0.2741055668028016	0.6468185194355038	0.6634067838573905	-0.016588264421886656	Control
ENSG00000261371	13	34	-21	-0.3147087104818914	0.47660311958405543	0.5628868531814806	-0.08628373359742514	Control
ENSG00000100241	27	120	-93	-1.289184158780047	0.5817033919286952	0.758479821738054	-0.1767764298093587	Control
ENSG00000224711	10	25	-15	-0.23350242312371178	0.437360732854667	0.505694478831394	-0.06833374597672698	Control
ENSG00000141867	3	1	2	-0.0034179422755361536	0.2442436246595692	0.03986135181975736	0.20438227283981183	AD
ENSG00000262500	2	2	0	-0.030486704728262697	0.18209952958653133	0.10497647932656598	0.07712305025996535	Control
ENSG00000125356	6	9	-3	-0.07108984840735251	0.35528596187175043	0.3161673681604357	0.03911859371131471	Control
ENSG00000101972	33	37	-4	-0.08462422963371578	0.6070809606338202	0.5809606338202525	0.026120326813567685	Control
ENSG00000160460	4	9	-5	-0.09815861086007906	0.2896756622926467	0.3161673681604357	-0.02649170586778904	Control
ENSG00000212907	5	2	3	0.010116438950827119	0.3247090864075266	0.10497647932656598	0.21973260708096062	AD
ENSG00000100393	9	5	4	0.02365082017719039	0.4207724684327804	0.22295122555087893	0.19782124288190145	AD
ENSG00000260135	5	21	-16	-0.24703680435007505	0.3247090864075266	0.46521416192126763	-0.14050507551374103	Control
ENSG00000179542	37	4	33	0.4161478757417253	0.6239168110918544	0.19076504085169596	0.4331517702401584	AD
ENSG00000198692	4	22	-18	-0.2741055668028016	0.2896756622926467	0.47623174052983414	-0.18655607823718745	Control
ENSG00000240184	3	8	-5	-0.09815861086007906	0.2442436246595692	0.2948749690517455	-0.050631344392176286	Control
ENSG00000182195	61	135	-74	-1.0320309154791447	0.6866798712552612	0.7755632582322357	-0.08888338697697451	Control
ENSG00000100591	4	6	-2	-0.057555467180989243	0.2896756622926467	0.25043327556325823	0.039242386729388457	Control
ENSG00000012124	3	9	-6	-0.11169299208644234	0.2442436246595692	0.3161673681604357	-0.07192374350086653	Control
ENSG00000007392	2	2	0	-0.030486704728262697	0.18209952958653133	0.10497647932656598	0.07712305025996535	Control
ENSG00000210082	1	23	-22	-0.3282430917082547	0.07279029462738301	0.4866303540480317	-0.41384005942064866	Control
ENSG00000100427	19	19	0	-0.030486704728262697	0.5283486011388958	0.4461500371379054	0.0821985640009904	Control
ENSG00000183206	5	15	-10	-0.16583051699189544	0.3247090864075266	0.4067838573904432	-0.0820747709829166	Control
ENSG00000169313	1	3	-2	-0.057555467180989243	0.07279029462738301	0.15139886110423373	-0.07860856647685072	Control
ENSG00000259601	6	32	-26	-0.38238061661370776	0.35528596187175043	0.5529834117355781	-0.19769744986382765	Control
ENSG00000196531	4	2	2	-0.0034179422755361536	0.2896756622926467	0.10497647932656598	0.1846991829660807	AD
ENSG00000147403	11	15	-4	-0.08462422963371578	0.45233968804159447	0.4067838573904432	0.04555583065115126	Control
ENSG00000160007	1	4	-3	-0.07108984840735251	0.07279029462738301	0.19076504085169596	-0.11797474622431295	Control
ENSG00000154642	16	10	6	0.05071958262991694	0.5049517207229512	0.33473632087150285	0.1702153998514484	AD
ENSG00000278189	1	43	-42	-0.5989307162355201	0.07279029462738301	0.6043575142361971	-0.5315672196088141	Control
ENSG00000198832	3	5	-2	-0.057555467180989243	0.2442436246595692	0.22295122555087893	0.02129239910869027	Control
ENSG00000235961	193	69	124	1.6477765673407831	0.8174052983411736	0.6783857390443179	0.13901955929685572	AD
ENSG00000155659	6	34	-28	-0.4094493790664343	0.35528596187175043	0.5628868531814806	-0.20760089130973014	Control
ENSG00000179218	1	1	0	-0.030486704728262697	0.07279029462738301	0.03986135181975736	0.03292894280762565	Control
ENSG00000126822	5	3	2	-0.0034179422755361536	0.3247090864075266	0.15139886110423373	0.17331022530329288	AD
ENSG00000223865	3	4	-1	-0.04402108595462597	0.2442436246595692	0.19076504085169596	0.05347858380787324	Control
ENSG00000128016	4	14	-10	-0.16583051699189544	0.2896756622926467	0.3932904184204011	-0.10361475612775439	Control
ENSG00000171858	11	14	-3	-0.07108984840735251	0.45233968804159447	0.3932904184204011	0.05904926962119339	Control
ENSG00000198918	4	18	-14	-0.21996804189734853	0.2896756622926467	0.4371131468185194	-0.14743748452587274	Control
ENSG00000070413	11	68	-57	-0.8019464346309692	0.45233968804159447	0.6754147066105471	-0.22307501856895268	Control
ENSG00000196205	1	8	-7	-0.12522737331280562	0.07279029462738301	0.2948749690517455	-0.22208467442436247	Control
ENSG00000125618	1	1	0	-0.030486704728262697	0.07279029462738301	0.03986135181975736	0.03292894280762565	Control
ENSG00000139737	3	2	1	-0.016952323501899427	0.2442436246595692	0.10497647932656598	0.13926714533300322	AD
ENSG00000103089	3	6	-3	-0.07108984840735251	0.2442436246595692	0.25043327556325823	-0.006189650903689031	Control
ENSG00000186998	4	2	2	-0.0034179422755361536	0.2896756622926467	0.10497647932656598	0.1846991829660807	AD
ENSG00000165588	4	14	-10	-0.16583051699189544	0.2896756622926467	0.3932904184204011	-0.10361475612775439	Control
ENSG00000100285	4	4	0	-0.030486704728262697	0.2896756622926467	0.19076504085169596	0.09891062144095072	Control
ENSG00000100387	7	5	2	-0.0034179422755361536	0.3815300817033919	0.22295122555087893	0.158578856152513	AD
ENSG00000137070	2	2	0	-0.030486704728262697	0.18209952958653133	0.10497647932656598	0.07712305025996535	Control
ENSG00000101361	3	4	-1	-0.04402108595462597	0.2442436246595692	0.19076504085169596	0.05347858380787324	Control
ENSG00000147065	8	63	-55	-0.7748776721782427	0.4022035157217133	0.6655112651646448	-0.26330774944293145	Control
ENSG00000001497	13	20	-7	-0.12522737331280562	0.47660311958405543	0.4548155484030701	0.021787571180985343	Control
ENSG00000005893	5	6	-1	-0.04402108595462597	0.3247090864075266	0.25043327556325823	0.07427581084426838	Control
ENSG00000215506	2	1	1	-0.016952323501899427	0.18209952958653133	0.03986135181975736	0.14223817776677397	AD
ENSG00000250067	7	7	0	-0.030486704728262697	0.3815300817033919	0.2742015350334241	0.10732854666996783	Control
ENSG00000147224	45	143	-98	-1.3568560649118633	0.6496657588512008	0.7801435999009656	-0.1304778410497648	Control
ENSG00000155959	9	12	-3	-0.07108984840735251	0.4207724684327804	0.36568457538994803	0.05508789304283235	Control
ENSG00000198727	4	5	-1	-0.04402108595462597	0.2896756622926467	0.22295122555087893	0.06672443674176776	Control
ENSG00000138867	3	2	1	-0.016952323501899427	0.2442436246595692	0.10497647932656598	0.13926714533300322	AD
ENSG00000173757	1	1	0	-0.030486704728262697	0.07279029462738301	0.03986135181975736	0.03292894280762565	Control
ENSG00000147174	4	5	-1	-0.04402108595462597	0.2896756622926467	0.22295122555087893	0.06672443674176776	Control
ENSG00000101367	24	73	-49	-0.693671384820063	0.5630106461995543	0.6884129735082941	-0.1254023273087398	Control
ENSG00000101638	15	43	-28	-0.4094493790664343	0.4961624164397128	0.6043575142361971	-0.10819509779648429	Control
ENSG00000215252	1	2	-1	-0.04402108595462597	0.07279029462738301	0.10497647932656598	-0.03218618469918297	Control
ENSG00000154864	3	2	1	-0.016952323501899427	0.2442436246595692	0.10497647932656598	0.13926714533300322	AD
ENSG00000134871	1	1	0	-0.030486704728262697	0.07279029462738301	0.03986135181975736	0.03292894280762565	Control
ENSG00000272763	7	32	-25	-0.3688462353873445	0.3815300817033919	0.5529834117355781	-0.17145333003218616	Control
ENSG00000188153	4	3	1	-0.016952323501899427	0.2896756622926467	0.15139886110423373	0.13827680118841296	AD
ENSG00000131067	22	21	1	-0.016952323501899427	0.5505075513741025	0.46521416192126763	0.08529338945283482	AD
ENSG00000278195	10	8	2	-0.0034179422755361536	0.437360732854667	0.2948749690517455	0.1424857638029215	AD
ENSG00000186575	2	6	-4	-0.08462422963371578	0.18209952958653133	0.25043327556325823	-0.0683337459767269	Control
ENSG00000159403	1	13	-12	-0.19289927944462198	0.07279029462738301	0.37880663530576875	-0.30601634067838573	Control
ENSG00000205364	1	1	0	-0.030486704728262697	0.07279029462738301	0.03986135181975736	0.03292894280762565	Control
ENSG00000179399	4	7	-3	-0.07108984840735251	0.2896756622926467	0.2742015350334241	0.015474127259222592	Control
ENSG00000072864	6	2	4	0.02365082017719039	0.35528596187175043	0.10497647932656598	0.2503094825451845	AD
ENSG00000092010	2	4	-2	-0.057555467180989243	0.18209952958653133	0.19076504085169596	-0.008665511265164627	Control
ENSG00000171903	1	3	-2	-0.057555467180989243	0.07279029462738301	0.15139886110423373	-0.07860856647685072	Control
ENSG00000101265	9	16	-7	-0.12522737331280562	0.4207724684327804	0.41718247090864075	0.003589997524139632	Control
ENSG00000101336	12	44	-32	-0.46358690397188734	0.46595692002971034	0.6093092349591483	-0.143352314929438	Control
ENSG00000089472	13	10	3	0.010116438950827119	0.47660311958405543	0.33473632087150285	0.1418667987125526	AD
ENSG00000104164	6	40	-34	-0.4906556664246139	0.35528596187175043	0.5921020054468928	-0.2368160435751424	Control
ENSG00000165194	49	168	-119	-1.641078070665492	0.6600643723693984	0.8020549641000247	-0.14199059173062634	Control
ENSG00000177679	1	1	0	-0.030486704728262697	0.07279029462738301	0.03986135181975736	0.03292894280762565	Control
ENSG00000102125	14	22	-8	-0.1387617545391689	0.48601138895766277	0.47623174052983414	0.009779648427828636	Control
ENSG00000123104	4	6	-2	-0.057555467180989243	0.2896756622926467	0.25043327556325823	0.039242386729388457	Control
ENSG00000020577	5	3	2	-0.0034179422755361536	0.3247090864075266	0.15139886110423373	0.17331022530329288	AD
ENSG00000102158	6	16	-10	-0.16583051699189544	0.35528596187175043	0.41718247090864075	-0.06189650903689031	Control
ENSG00000147246	62	3	59	0.7680417876271703	0.6887843525625155	0.15139886110423373	0.5373854914582817	AD
ENSG00000211659	1	7	-6	-0.11169299208644234	0.07279029462738301	0.2742015350334241	-0.20141124040604108	Control
ENSG00000232406	6	9	-3	-0.07108984840735251	0.35528596187175043	0.3161673681604357	0.03911859371131471	Control
ENSG00000089289	4	38	-34	-0.4906556664246139	0.2896756622926467	0.5855409754889824	-0.29586531319633574	Control
ENSG00000258986	8	3	5	0.037185201403553664	0.4022035157217133	0.15139886110423373	0.2508046546174796	AD
ENSG00000135976	1	4	-3	-0.07108984840735251	0.07279029462738301	0.19076504085169596	-0.11797474622431295	Control
ENSG00000241837	7	12	-5	-0.09815861086007906	0.3815300817033919	0.36568457538994803	0.01584550631344389	Control
ENSG00000141934	3	5	-2	-0.057555467180989243	0.2442436246595692	0.22295122555087893	0.02129239910869027	Control
ENSG00000171817	10	2	8	0.07778834508264348	0.437360732854667	0.10497647932656598	0.33238425352810097	AD
ENSG00000090376	1	2	-1	-0.04402108595462597	0.07279029462738301	0.10497647932656598	-0.03218618469918297	Control
ENSG00000254377	1	1	0	-0.030486704728262697	0.07279029462738301	0.03986135181975736	0.03292894280762565	Control
ENSG00000076928	1	3	-2	-0.057555467180989243	0.07279029462738301	0.15139886110423373	-0.07860856647685072	Control
ENSG00000172809	4	11	-7	-0.12522737331280562	0.2896756622926467	0.35070562020302054	-0.061029957910373855	Control
ENSG00000138623	4	6	-2	-0.057555467180989243	0.2896756622926467	0.25043327556325823	0.039242386729388457	Control
ENSG00000147027	1	16	-15	-0.23350242312371178	0.07279029462738301	0.41718247090864075	-0.34439217628125773	Control
ENSG00000125744	23	118	-95	-1.3162529212327736	0.5565734092597178	0.7568705125030948	-0.20029710324337702	Control
ENSG00000221963	1	25	-24	-0.35531185416098127	0.07279029462738301	0.505694478831394	-0.43290418420401094	Control
ENSG00000126524	2	8	-6	-0.11169299208644234	0.18209952958653133	0.2948749690517455	-0.11277543946521415	Control
ENSG00000134508	5	4	1	-0.016952323501899427	0.3247090864075266	0.19076504085169596	0.13394404555583064	AD
ENSG00000185640	1	1	0	-0.030486704728262697	0.07279029462738301	0.03986135181975736	0.03292894280762565	Control
ENSG00000122122	5	30	-25	-0.3688462353873445	0.3247090864075266	0.5396137657836098	-0.21490467937608315	Control
ENSG00000198455	15	13	2	-0.0034179422755361536	0.4961624164397128	0.37880663530576875	0.11735578113394407	AD
ENSG00000178982	6	12	-6	-0.11169299208644234	0.35528596187175043	0.36568457538994803	-0.010398613518197597	Control
ENSG00000112343	1	4	-3	-0.07108984840735251	0.07279029462738301	0.19076504085169596	-0.11797474622431295	Control
ENSG00000171574	4	36	-32	-0.46358690397188734	0.2896756622926467	0.5753899480069324	-0.28571428571428575	Control
ENSG00000166265	7	9	-2	-0.057555467180989243	0.3815300817033919	0.3161673681604357	0.0653627135429562	Control
ENSG00000172752	2	4	-2	-0.057555467180989243	0.18209952958653133	0.19076504085169596	-0.008665511265164627	Control
ENSG00000196976	18	81	-63	-0.8831527219891488	0.5199306759098787	0.7025253775687051	-0.1825947016588264	Control
ENSG00000129675	21	24	-3	-0.07108984840735251	0.5432037633077494	0.49690517454815547	0.04629858875959397	Control
ENSG00000128923	3	7	-4	-0.08462422963371578	0.2442436246595692	0.2742015350334241	-0.029957910373854896	Control
ENSG00000007372	4	6	-2	-0.057555467180989243	0.2896756622926467	0.25043327556325823	0.039242386729388457	Control
ENSG00000258429	1	31	-30	-0.4365181415191608	0.07279029462738301	0.5456796236692251	-0.47288932904184205	Control
ENSG00000071859	1	12	-11	-0.1793648982182587	0.07279029462738301	0.36568457538994803	-0.292894280762565	Control
ENSG00000215769	8	10	-2	-0.057555467180989243	0.4022035157217133	0.33473632087150285	0.06746719485021047	Control
ENSG00000067445	12	4	8	0.07778834508264348	0.46595692002971034	0.19076504085169596	0.27519187917801435	AD
ENSG00000086717	8	6	2	-0.0034179422755361536	0.4022035157217133	0.25043327556325823	0.15177024015845508	AD
ENSG00000125863	1	15	-14	-0.21996804189734853	0.07279029462738301	0.4067838573904432	-0.3339935627630602	Control
ENSG00000220201	2	13	-11	-0.1793648982182587	0.18209952958653133	0.37880663530576875	-0.1967071057192374	Control
ENSG00000224470	6	3	3	0.010116438950827119	0.35528596187175043	0.15139886110423373	0.2038871007675167	AD
ENSG00000172458	1	4	-3	-0.07108984840735251	0.07279029462738301	0.19076504085169596	-0.11797474622431295	Control
ENSG00000224924	9	4	5	0.037185201403553664	0.4207724684327804	0.19076504085169596	0.23000742758108442	AD
ENSG00000172216	1	1	0	-0.030486704728262697	0.07279029462738301	0.03986135181975736	0.03292894280762565	Control
ENSG00000147162	2	3	-1	-0.04402108595462597	0.18209952958653133	0.15139886110423373	0.030700668482297605	Control
ENSG00000002933	1	2	-1	-0.04402108595462597	0.07279029462738301	0.10497647932656598	-0.03218618469918297	Control
ENSG00000131943	5	8	-3	-0.07108984840735251	0.3247090864075266	0.2948749690517455	0.02983411735578112	Control
ENSG00000260337	1	1	0	-0.030486704728262697	0.07279029462738301	0.03986135181975736	0.03292894280762565	Control
ENSG00000064961	3	4	-1	-0.04402108595462597	0.2442436246595692	0.19076504085169596	0.05347858380787324	Control
ENSG00000085382	1	5	-4	-0.08462422963371578	0.07279029462738301	0.22295122555087893	-0.15016093092349592	Control
ENSG00000088826	6	3	3	0.010116438950827119	0.35528596187175043	0.15139886110423373	0.2038871007675167	AD
ENSG00000078687	1	1	0	-0.030486704728262697	0.07279029462738301	0.03986135181975736	0.03292894280762565	Control
ENSG00000203879	11	2	9	0.09132272630900674	0.45233968804159447	0.10497647932656598	0.34736320871502846	AD
ENSG00000185133	9	37	-28	-0.4094493790664343	0.4207724684327804	0.5809606338202525	-0.16018816538747216	Control
ENSG00000100146	4	7	-3	-0.07108984840735251	0.2896756622926467	0.2742015350334241	0.015474127259222592	Control
ENSG00000262223	4	6	-2	-0.057555467180989243	0.2896756622926467	0.25043327556325823	0.039242386729388457	Control
ENSG00000275385	6	14	-8	-0.1387617545391689	0.35528596187175043	0.3932904184204011	-0.038004456548650645	Control
ENSG00000160014	5	2	3	0.010116438950827119	0.3247090864075266	0.10497647932656598	0.21973260708096062	AD
ENSG00000165168	3	26	-23	-0.34177747293461797	0.2442436246595692	0.5118841297350829	-0.26764050507551373	Control
ENSG00000101493	1	9	-8	-0.1387617545391689	0.07279029462738301	0.3161673681604357	-0.2433770735330527	Control
ENSG00000123349	2	12	-10	-0.16583051699189544	0.18209952958653133	0.36568457538994803	-0.1835850458034167	Control
ENSG00000101337	7	33	-26	-0.38238061661370776	0.3815300817033919	0.5590492696211934	-0.17751918791780147	Control
ENSG00000099795	1	3	-2	-0.057555467180989243	0.07279029462738301	0.15139886110423373	-0.07860856647685072	Control
ENSG00000108848	2	8	-6	-0.11169299208644234	0.18209952958653133	0.2948749690517455	-0.11277543946521415	Control
ENSG00000102302	8	2	6	0.05071958262991694	0.4022035157217133	0.10497647932656598	0.29722703639514736	AD
ENSG00000183207	6	23	-17	-0.2605711855764383	0.35528596187175043	0.4866303540480317	-0.13134439217628124	Control
ENSG00000103995	4	2	2	-0.0034179422755361536	0.2896756622926467	0.10497647932656598	0.1846991829660807	AD
ENSG00000186472	1	1	0	-0.030486704728262697	0.07279029462738301	0.03986135181975736	0.03292894280762565	Control
ENSG00000175267	1	5	-4	-0.08462422963371578	0.07279029462738301	0.22295122555087893	-0.15016093092349592	Control
ENSG00000130684	3	3	0	-0.030486704728262697	0.2442436246595692	0.15139886110423373	0.09284476355533547	Control
ENSG00000024422	7	4	3	0.010116438950827119	0.3815300817033919	0.19076504085169596	0.19076504085169596	AD
ENSG00000154832	3	6	-3	-0.07108984840735251	0.2442436246595692	0.25043327556325823	-0.006189650903689031	Control
ENSG00000105254	5	2	3	0.010116438950827119	0.3247090864075266	0.10497647932656598	0.21973260708096062	AD
ENSG00000169562	1	2	-1	-0.04402108595462597	0.07279029462738301	0.10497647932656598	-0.03218618469918297	Control
ENSG00000011600	2	26	-24	-0.35531185416098127	0.18209952958653133	0.5118841297350829	-0.3297846001485516	Control
ENSG00000232119	6	7	-1	-0.04402108595462597	0.35528596187175043	0.2742015350334241	0.08108442683832634	Control
ENSG00000128274	8	6	2	-0.0034179422755361536	0.4022035157217133	0.25043327556325823	0.15177024015845508	AD
ENSG00000140015	3	11	-8	-0.1387617545391689	0.2442436246595692	0.35070562020302054	-0.10646199554345134	Control
ENSG00000172534	1	24	-23	-0.34177747293461797	0.07279029462738301	0.49690517454815547	-0.42411487992077246	Control
ENSG00000259425	7	12	-5	-0.09815861086007906	0.3815300817033919	0.36568457538994803	0.01584550631344389	Control
ENSG00000167191	2	11	-9	-0.15229613576553216	0.18209952958653133	0.35070562020302054	-0.1686060906164892	Control
ENSG00000166716	2	1	1	-0.016952323501899427	0.18209952958653133	0.03986135181975736	0.14223817776677397	AD
ENSG00000134460	6	8	-2	-0.057555467180989243	0.35528596187175043	0.2948749690517455	0.06041099282000495	Control
ENSG00000130822	11	3	8	0.07778834508264348	0.45233968804159447	0.15139886110423373	0.30094082693736074	AD
ENSG00000210196	1	1	0	-0.030486704728262697	0.07279029462738301	0.03986135181975736	0.03292894280762565	Control
ENSG00000005513	1	2	-1	-0.04402108595462597	0.07279029462738301	0.10497647932656598	-0.03218618469918297	Control
ENSG00000276241	4	7	-3	-0.07108984840735251	0.2896756622926467	0.2742015350334241	0.015474127259222592	Control
ENSG00000243279	2	3	-1	-0.04402108595462597	0.18209952958653133	0.15139886110423373	0.030700668482297605	Control
ENSG00000125676	2	4	-2	-0.057555467180989243	0.18209952958653133	0.19076504085169596	-0.008665511265164627	Control
ENSG00000140859	1	6	-5	-0.09815861086007906	0.07279029462738301	0.25043327556325823	-0.17764298093587522	Control
ENSG00000180957	2	347	-345	-4.699848227823592	0.18209952958653133	0.9133448873483535	-0.7312453577618222	Control
ENSG00000232489	1	2	-1	-0.04402108595462597	0.07279029462738301	0.10497647932656598	-0.03218618469918297	Control
ENSG00000241749	1	16	-15	-0.23350242312371178	0.07279029462738301	0.41718247090864075	-0.34439217628125773	Control
ENSG00000257103	14	1	13	0.14546025121445982	0.48601138895766277	0.03986135181975736	0.4461500371379054	AD
ENSG00000172638	2	1	1	-0.016952323501899427	0.18209952958653133	0.03986135181975736	0.14223817776677397	AD
ENSG00000125817	4	2	2	-0.0034179422755361536	0.2896756622926467	0.10497647932656598	0.1846991829660807	AD
ENSG00000109083	3	8	-5	-0.09815861086007906	0.2442436246595692	0.2948749690517455	-0.050631344392176286	Control
ENSG00000140612	10	7	3	0.010116438950827119	0.437360732854667	0.2742015350334241	0.16315919782124289	AD
ENSG00000166123	5	11	-6	-0.11169299208644234	0.3247090864075266	0.35070562020302054	-0.025996533795493937	Control
ENSG00000198920	1	4	-3	-0.07108984840735251	0.07279029462738301	0.19076504085169596	-0.11797474622431295	Control
ENSG00000119688	3	5	-2	-0.057555467180989243	0.2442436246595692	0.22295122555087893	0.02129239910869027	Control
ENSG00000196227	1	2	-1	-0.04402108595462597	0.07279029462738301	0.10497647932656598	-0.03218618469918297	Control
ENSG00000141759	1	17	-16	-0.24703680435007505	0.07279029462738301	0.42696211933646944	-0.3541718247090864	Control
ENSG00000066468	2	5	-3	-0.07108984840735251	0.18209952958653133	0.22295122555087893	-0.040851695964347595	Control
ENSG00000250658	1	6	-5	-0.09815861086007906	0.07279029462738301	0.25043327556325823	-0.17764298093587522	Control
ENSG00000280660	1	1	0	-0.030486704728262697	0.07279029462738301	0.03986135181975736	0.03292894280762565	Control
ENSG00000169896	2	21	-19	-0.28763994802916487	0.18209952958653133	0.46521416192126763	-0.2831146323347363	Control
ENSG00000108474	1	6	-5	-0.09815861086007906	0.07279029462738301	0.25043327556325823	-0.17764298093587522	Control
ENSG00000125901	4	1	3	0.010116438950827119	0.2896756622926467	0.03986135181975736	0.24981431047288932	AD
ENSG00000122862	1	10	-9	-0.15229613576553216	0.07279029462738301	0.33473632087150285	-0.26194602624411983	Control
ENSG00000198959	2	6	-4	-0.08462422963371578	0.18209952958653133	0.25043327556325823	-0.0683337459767269	Control
ENSG00000142185	4	7	-3	-0.07108984840735251	0.2896756622926467	0.2742015350334241	0.015474127259222592	Control
ENSG00000189221	8	18	-10	-0.16583051699189544	0.4022035157217133	0.4371131468185194	-0.034909631096806115	Control
ENSG00000206159	1	23	-22	-0.3282430917082547	0.07279029462738301	0.4866303540480317	-0.41384005942064866	Control
ENSG00000167447	1	12	-11	-0.1793648982182587	0.07279029462738301	0.36568457538994803	-0.292894280762565	Control
ENSG00000108298	1	14	-13	-0.20643366067098526	0.07279029462738301	0.3932904184204011	-0.32050012379301807	Control
ENSG00000180879	1	2	-1	-0.04402108595462597	0.07279029462738301	0.10497647932656598	-0.03218618469918297	Control
ENSG00000140403	4	7	-3	-0.07108984840735251	0.2896756622926467	0.2742015350334241	0.015474127259222592	Control
ENSG00000099960	8	27	-19	-0.28763994802916487	0.4022035157217133	0.5183213666749196	-0.11611785095320626	Control
ENSG00000110958	1	5	-4	-0.08462422963371578	0.07279029462738301	0.22295122555087893	-0.15016093092349592	Control
ENSG00000171703	10	36	-26	-0.38238061661370776	0.437360732854667	0.5753899480069324	-0.13802921515226546	Control
ENSG00000105221	2	11	-9	-0.15229613576553216	0.18209952958653133	0.35070562020302054	-0.1686060906164892	Control
ENSG00000101558	2	4	-2	-0.057555467180989243	0.18209952958653133	0.19076504085169596	-0.008665511265164627	Control
ENSG00000158352	4	1	3	0.010116438950827119	0.2896756622926467	0.03986135181975736	0.24981431047288932	AD
ENSG00000171401	4	32	-28	-0.4094493790664343	0.2896756622926467	0.5529834117355781	-0.2633077494429314	Control
ENSG00000087152	2	8	-6	-0.11169299208644234	0.18209952958653133	0.2948749690517455	-0.11277543946521415	Control
ENSG00000197122	6	13	-7	-0.12522737331280562	0.35528596187175043	0.37880663530576875	-0.023520673434018313	Control
ENSG00000108798	1	42	-41	-0.5853963350091568	0.07279029462738301	0.5996533795493935	-0.5268630849220104	Control
ENSG00000210195	2	1	1	-0.016952323501899427	0.18209952958653133	0.03986135181975736	0.14223817776677397	AD
ENSG00000113851	1	2	-1	-0.04402108595462597	0.07279029462738301	0.10497647932656598	-0.03218618469918297	Control
ENSG00000071564	5	11	-6	-0.11169299208644234	0.3247090864075266	0.35070562020302054	-0.025996533795493937	Control
ENSG00000079432	8	24	-16	-0.24703680435007505	0.4022035157217133	0.49690517454815547	-0.09470165882644216	Control
ENSG00000129538	1	6	-5	-0.09815861086007906	0.07279029462738301	0.25043327556325823	-0.17764298093587522	Control
ENSG00000182902	4	3	1	-0.016952323501899427	0.2896756622926467	0.15139886110423373	0.13827680118841296	AD
ENSG00000033327	3	3	0	-0.030486704728262697	0.2442436246595692	0.15139886110423373	0.09284476355533547	Control
ENSG00000107833	2	10	-8	-0.1387617545391689	0.18209952958653133	0.33473632087150285	-0.1526367912849715	Control
ENSG00000173193	2	3	-1	-0.04402108595462597	0.18209952958653133	0.15139886110423373	0.030700668482297605	Control
ENSG00000175899	1	1	0	-0.030486704728262697	0.07279029462738301	0.03986135181975736	0.03292894280762565	Control
ENSG00000136436	9	6	3	0.010116438950827119	0.4207724684327804	0.25043327556325823	0.17033919286952215	AD
ENSG00000173926	1	1	0	-0.030486704728262697	0.07279029462738301	0.03986135181975736	0.03292894280762565	Control
ENSG00000179134	5	6	-1	-0.04402108595462597	0.3247090864075266	0.25043327556325823	0.07427581084426838	Control
ENSG00000072778	3	3	0	-0.030486704728262697	0.2442436246595692	0.15139886110423373	0.09284476355533547	Control
ENSG00000005810	2	29	-27	-0.39591499784007106	0.18209952958653133	0.5324337707353305	-0.3503342411487992	Control
ENSG00000185246	3	1	2	-0.0034179422755361536	0.2442436246595692	0.03986135181975736	0.20438227283981183	AD
ENSG00000160182	5	42	-37	-0.5312588101037037	0.3247090864075266	0.5996533795493935	-0.27494429314186686	Control
ENSG00000171766	2	14	-12	-0.19289927944462198	0.18209952958653133	0.3932904184204011	-0.21119088883386974	Control
ENSG00000287243	3	1	2	-0.0034179422755361536	0.2442436246595692	0.03986135181975736	0.20438227283981183	AD
ENSG00000219438	6	1	5	0.037185201403553664	0.35528596187175043	0.03986135181975736	0.31542461005199307	AD
ENSG00000179292	1	11	-10	-0.16583051699189544	0.07279029462738301	0.35070562020302054	-0.27791532557563753	Control
ENSG00000096384	1	2	-1	-0.04402108595462597	0.07279029462738301	0.10497647932656598	-0.03218618469918297	Control
ENSG00000108106	12	125	-113	-1.5598717833073124	0.46595692002971034	0.7652884377321119	-0.2993315177024015	Control
ENSG00000198732	1	1	0	-0.030486704728262697	0.07279029462738301	0.03986135181975736	0.03292894280762565	Control
ENSG00000131873	1	2	-1	-0.04402108595462597	0.07279029462738301	0.10497647932656598	-0.03218618469918297	Control
ENSG00000129353	3	6	-3	-0.07108984840735251	0.2442436246595692	0.25043327556325823	-0.006189650903689031	Control
ENSG00000227248	1	7	-6	-0.11169299208644234	0.07279029462738301	0.2742015350334241	-0.20141124040604108	Control
ENSG00000144724	1	1	0	-0.030486704728262697	0.07279029462738301	0.03986135181975736	0.03292894280762565	Control
ENSG00000203616	1	1	0	-0.030486704728262697	0.07279029462738301	0.03986135181975736	0.03292894280762565	Control
ENSG00000126603	2	6	-4	-0.08462422963371578	0.18209952958653133	0.25043327556325823	-0.0683337459767269	Control
ENSG00000184271	2	60	-58	-0.8154808158573325	0.18209952958653133	0.6582074770982916	-0.47610794751176033	Control
ENSG00000109113	1	1	0	-0.030486704728262697	0.07279029462738301	0.03986135181975736	0.03292894280762565	Control
ENSG00000227640	3	3	0	-0.030486704728262697	0.2442436246595692	0.15139886110423373	0.09284476355533547	Control
ENSG00000176014	2	14	-12	-0.19289927944462198	0.18209952958653133	0.3932904184204011	-0.21119088883386974	Control
ENSG00000135387	1	30	-29	-0.4229837602927976	0.07279029462738301	0.5396137657836098	-0.46682347115622674	Control
ENSG00000074696	2	2	0	-0.030486704728262697	0.18209952958653133	0.10497647932656598	0.07712305025996535	Control
ENSG00000161671	1	1	0	-0.030486704728262697	0.07279029462738301	0.03986135181975736	0.03292894280762565	Control
ENSG00000225783	3	10	-7	-0.12522737331280562	0.2442436246595692	0.33473632087150285	-0.09049269621193365	Control
ENSG00000013619	6	12	-6	-0.11169299208644234	0.35528596187175043	0.36568457538994803	-0.010398613518197597	Control
ENSG00000183255	3	36	-33	-0.47712128519825064	0.2442436246595692	0.5753899480069324	-0.33114632334736327	Control
ENSG00000122254	1	1	0	-0.030486704728262697	0.07279029462738301	0.03986135181975736	0.03292894280762565	Control
ENSG00000092529	1	4	-3	-0.07108984840735251	0.07279029462738301	0.19076504085169596	-0.11797474622431295	Control
ENSG00000124203	1	1	0	-0.030486704728262697	0.07279029462738301	0.03986135181975736	0.03292894280762565	Control
ENSG00000104979	1	1	0	-0.030486704728262697	0.07279029462738301	0.03986135181975736	0.03292894280762565	Control
ENSG00000091542	4	61	-57	-0.8019464346309692	0.2896756622926467	0.660807130477841	-0.3711314681851943	Control
ENSG00000234745	1	1	0	-0.030486704728262697	0.07279029462738301	0.03986135181975736	0.03292894280762565	Control
ENSG00000115604	1	1	0	-0.030486704728262697	0.07279029462738301	0.03986135181975736	0.03292894280762565	Control
ENSG00000204650	1	1	0	-0.030486704728262697	0.07279029462738301	0.03986135181975736	0.03292894280762565	Control
ENSG00000061337	2	4	-2	-0.057555467180989243	0.18209952958653133	0.19076504085169596	-0.008665511265164627	Control
ENSG00000182841	2	3	-1	-0.04402108595462597	0.18209952958653133	0.15139886110423373	0.030700668482297605	Control
ENSG00000141543	4	1	3	0.010116438950827119	0.2896756622926467	0.03986135181975736	0.24981431047288932	AD
ENSG00000168701	3	2	1	-0.016952323501899427	0.2442436246595692	0.10497647932656598	0.13926714533300322	AD
ENSG00000204472	1	12	-11	-0.1793648982182587	0.07279029462738301	0.36568457538994803	-0.292894280762565	Control
ENSG00000198089	1	3	-2	-0.057555467180989243	0.07279029462738301	0.15139886110423373	-0.07860856647685072	Control
ENSG00000159216	1	21	-20	-0.3011743292555282	0.07279029462738301	0.46521416192126763	-0.3924238672938846	Control
ENSG00000010404	5	33	-28	-0.4094493790664343	0.3247090864075266	0.5590492696211934	-0.2343401832136668	Control
ENSG00000101871	6	15	-9	-0.15229613576553216	0.35528596187175043	0.4067838573904432	-0.05149789551869277	Control
ENSG00000128203	1	105	-104	-1.4380623522700429	0.07279029462738301	0.7376825947016589	-0.6648923000742759	Control
ENSG00000100823	5	15	-10	-0.16583051699189544	0.3247090864075266	0.4067838573904432	-0.0820747709829166	Control
ENSG00000205138	3	82	-79	-1.0997028216109612	0.2442436246595692	0.7043822728398118	-0.46013864818024264	Control
ENSG00000141639	5	5	0	-0.030486704728262697	0.3247090864075266	0.22295122555087893	0.10175786085664767	Control
ENSG00000224812	1	1	0	-0.030486704728262697	0.07279029462738301	0.03986135181975736	0.03292894280762565	Control
ENSG00000168092	1	1	0	-0.030486704728262697	0.07279029462738301	0.03986135181975736	0.03292894280762565	Control
ENSG00000067840	6	12	-6	-0.11169299208644234	0.35528596187175043	0.36568457538994803	-0.010398613518197597	Control
ENSG00000130749	1	1	0	-0.030486704728262697	0.07279029462738301	0.03986135181975736	0.03292894280762565	Control
ENSG00000197256	2	6	-4	-0.08462422963371578	0.18209952958653133	0.25043327556325823	-0.0683337459767269	Control
ENSG00000119669	1	7	-6	-0.11169299208644234	0.07279029462738301	0.2742015350334241	-0.20141124040604108	Control
ENSG00000103091	1	3	-2	-0.057555467180989243	0.07279029462738301	0.15139886110423373	-0.07860856647685072	Control
ENSG00000012817	1	23	-22	-0.3282430917082547	0.07279029462738301	0.4866303540480317	-0.41384005942064866	Control
ENSG00000204257	1	1	0	-0.030486704728262697	0.07279029462738301	0.03986135181975736	0.03292894280762565	Control
ENSG00000108465	4	18	-14	-0.21996804189734853	0.2896756622926467	0.4371131468185194	-0.14743748452587274	Control
ENSG00000276368	2	33	-31	-0.4500525227455241	0.18209952958653133	0.5590492696211934	-0.3769497400346621	Control
ENSG00000142230	2	149	-147	-2.0200407450036635	0.18209952958653133	0.7869522158950235	-0.6048526863084922	Control
ENSG00000165476	2	3	-1	-0.04402108595462597	0.18209952958653133	0.15139886110423373	0.030700668482297605	Control
ENSG00000139436	2	7	-5	-0.09815861086007906	0.18209952958653133	0.2742015350334241	-0.09210200544689276	Control
ENSG00000183495	1	7	-6	-0.11169299208644234	0.07279029462738301	0.2742015350334241	-0.20141124040604108	Control
ENSG00000099995	2	28	-26	-0.38238061661370776	0.18209952958653133	0.5251299826689775	-0.3430304530824462	Control
ENSG00000181222	2	20	-18	-0.2741055668028016	0.18209952958653133	0.4548155484030701	-0.27271601881653873	Control
ENSG00000103269	1	2	-1	-0.04402108595462597	0.07279029462738301	0.10497647932656598	-0.03218618469918297	Control
ENSG00000273820	2	3	-1	-0.04402108595462597	0.18209952958653133	0.15139886110423373	0.030700668482297605	Control
ENSG00000085872	2	3	-1	-0.04402108595462597	0.18209952958653133	0.15139886110423373	0.030700668482297605	Control
ENSG00000100280	1	15	-14	-0.21996804189734853	0.07279029462738301	0.4067838573904432	-0.3339935627630602	Control
ENSG00000101608	3	26	-23	-0.34177747293461797	0.2442436246595692	0.5118841297350829	-0.26764050507551373	Control
ENSG00000135097	1	7	-6	-0.11169299208644234	0.07279029462738301	0.2742015350334241	-0.20141124040604108	Control
ENSG00000072134	3	1	2	-0.0034179422755361536	0.2442436246595692	0.03986135181975736	0.20438227283981183	AD
ENSG00000172890	1	1	0	-0.030486704728262697	0.07279029462738301	0.03986135181975736	0.03292894280762565	Control
ENSG00000142541	2	10	-8	-0.1387617545391689	0.18209952958653133	0.33473632087150285	-0.1526367912849715	Control
ENSG00000170315	5	4	1	-0.016952323501899427	0.3247090864075266	0.19076504085169596	0.13394404555583064	AD
ENSG00000102904	3	7	-4	-0.08462422963371578	0.2442436246595692	0.2742015350334241	-0.029957910373854896	Control
ENSG00000198785	1	2	-1	-0.04402108595462597	0.07279029462738301	0.10497647932656598	-0.03218618469918297	Control
ENSG00000243679	1	1	0	-0.030486704728262697	0.07279029462738301	0.03986135181975736	0.03292894280762565	Control
ENSG00000134575	1	6	-5	-0.09815861086007906	0.07279029462738301	0.25043327556325823	-0.17764298093587522	Control
ENSG00000075407	2	1	1	-0.016952323501899427	0.18209952958653133	0.03986135181975736	0.14223817776677397	AD
ENSG00000141456	1	4	-3	-0.07108984840735251	0.07279029462738301	0.19076504085169596	-0.11797474622431295	Control
ENSG00000092871	7	1	6	0.05071958262991694	0.3815300817033919	0.03986135181975736	0.34166872988363456	AD
ENSG00000137825	1	8	-7	-0.12522737331280562	0.07279029462738301	0.2948749690517455	-0.22208467442436247	Control
ENSG00000105355	2	29	-27	-0.39591499784007106	0.18209952958653133	0.5324337707353305	-0.3503342411487992	Control
ENSG00000125304	1	26	-25	-0.3688462353873445	0.07279029462738301	0.5118841297350829	-0.4390938351076999	Control
ENSG00000228315	8	20	-12	-0.19289927944462198	0.4022035157217133	0.4548155484030701	-0.05261203268135678	Control
ENSG00000077238	2	9	-7	-0.12522737331280562	0.18209952958653133	0.3161673681604357	-0.1340678385739044	Control
ENSG00000136758	1	33	-32	-0.46358690397188734	0.07279029462738301	0.5590492696211934	-0.4862589749938104	Control
ENSG00000091164	6	41	-35	-0.5041900476509772	0.35528596187175043	0.5958157959891062	-0.24052983411735573	Control
ENSG00000087460	11	64	-53	-0.7478089097255161	0.45233968804159447	0.6673681604357514	-0.21502847239415696	Control
ENSG00000258725	3	1	2	-0.0034179422755361536	0.2442436246595692	0.03986135181975736	0.20438227283981183	AD
ENSG00000134153	1	1	0	-0.030486704728262697	0.07279029462738301	0.03986135181975736	0.03292894280762565	Control
ENSG00000178502	3	49	-46	-0.6530682411409732	0.2442436246595692	0.6266402574894776	-0.38239663282990843	Control
ENSG00000182173	3	3	0	-0.030486704728262697	0.2442436246595692	0.15139886110423373	0.09284476355533547	Control
ENSG00000271287	1	17	-16	-0.24703680435007505	0.07279029462738301	0.42696211933646944	-0.3541718247090864	Control
ENSG00000070367	1	2	-1	-0.04402108595462597	0.07279029462738301	0.10497647932656598	-0.03218618469918297	Control
ENSG00000135678	3	1	2	-0.0034179422755361536	0.2442436246595692	0.03986135181975736	0.20438227283981183	AD
ENSG00000173272	1	20	-19	-0.28763994802916487	0.07279029462738301	0.4548155484030701	-0.3820252537756871	Control
ENSG00000109927	1	1	0	-0.030486704728262697	0.07279029462738301	0.03986135181975736	0.03292894280762565	Control
ENSG00000127663	2	4	-2	-0.057555467180989243	0.18209952958653133	0.19076504085169596	-0.008665511265164627	Control
ENSG00000102317	1	1	0	-0.030486704728262697	0.07279029462738301	0.03986135181975736	0.03292894280762565	Control
ENSG00000100442	1	1	0	-0.030486704728262697	0.07279029462738301	0.03986135181975736	0.03292894280762565	Control
ENSG00000140688	1	7	-6	-0.11169299208644234	0.07279029462738301	0.2742015350334241	-0.20141124040604108	Control
ENSG00000147099	3	54	-51	-0.7207401472727896	0.2442436246595692	0.6423619707848477	-0.3981183461252785	Control
ENSG00000147684	1	1	0	-0.030486704728262697	0.07279029462738301	0.03986135181975736	0.03292894280762565	Control
ENSG00000124217	7	21	-14	-0.21996804189734853	0.3815300817033919	0.46521416192126763	-0.08368408021787571	Control
ENSG00000183864	4	28	-24	-0.35531185416098127	0.2896756622926467	0.5251299826689775	-0.2354543203763308	Control
ENSG00000241360	1	22	-21	-0.3147087104818914	0.07279029462738301	0.47623174052983414	-0.4034414459024511	Control
ENSG00000132002	2	3	-1	-0.04402108595462597	0.18209952958653133	0.15139886110423373	0.030700668482297605	Control
ENSG00000125503	3	29	-26	-0.38238061661370776	0.2442436246595692	0.5324337707353305	-0.2881901460757613	Control
ENSG00000138100	1	1	0	-0.030486704728262697	0.07279029462738301	0.03986135181975736	0.03292894280762565	Control
ENSG00000186047	2	119	-117	-1.6140093082127656	0.18209952958653133	0.7576132706115375	-0.5755137410250062	Control
ENSG00000140157	2	64	-62	-0.8696183407627855	0.18209952958653133	0.6673681604357514	-0.4852686308492201	Control
ENSG00000111783	2	18	-16	-0.24703680435007505	0.18209952958653133	0.4371131468185194	-0.2550136172319881	Control
ENSG00000108829	3	101	-98	-1.3568560649118633	0.2442436246595692	0.7327308739787076	-0.48848724931913845	Control
ENSG00000111229	3	1	2	-0.0034179422755361536	0.2442436246595692	0.03986135181975736	0.20438227283981183	AD
ENSG00000262691	1	1	0	-0.030486704728262697	0.07279029462738301	0.03986135181975736	0.03292894280762565	Control
ENSG00000204278	1	5	-4	-0.08462422963371578	0.07279029462738301	0.22295122555087893	-0.15016093092349592	Control
ENSG00000147180	16	114	-98	-1.3568560649118633	0.5049517207229512	0.7530329289428076	-0.24808120821985635	Control
ENSG00000136044	3	14	-11	-0.1793648982182587	0.2442436246595692	0.3932904184204011	-0.14904679376083188	Control
ENSG00000100983	3	6	-3	-0.07108984840735251	0.2442436246595692	0.25043327556325823	-0.006189650903689031	Control
ENSG00000197702	1	2	-1	-0.04402108595462597	0.07279029462738301	0.10497647932656598	-0.03218618469918297	Control
ENSG00000197142	1	10	-9	-0.15229613576553216	0.07279029462738301	0.33473632087150285	-0.26194602624411983	Control
ENSG00000092295	2	6	-4	-0.08462422963371578	0.18209952958653133	0.25043327556325823	-0.0683337459767269	Control
ENSG00000287611	1	4	-3	-0.07108984840735251	0.07279029462738301	0.19076504085169596	-0.11797474622431295	Control
ENSG00000135446	2	2	0	-0.030486704728262697	0.18209952958653133	0.10497647932656598	0.07712305025996535	Control
ENSG00000235703	4	12	-8	-0.1387617545391689	0.2896756622926467	0.36568457538994803	-0.07600891309730134	Control
ENSG00000253496	1	8	-7	-0.12522737331280562	0.07279029462738301	0.2948749690517455	-0.22208467442436247	Control
ENSG00000131196	3	4	-1	-0.04402108595462597	0.2442436246595692	0.19076504085169596	0.05347858380787324	Control
ENSG00000101974	3	5	-2	-0.057555467180989243	0.2442436246595692	0.22295122555087893	0.02129239910869027	Control
ENSG00000241839	1	10	-9	-0.15229613576553216	0.07279029462738301	0.33473632087150285	-0.26194602624411983	Control
ENSG00000100612	1	1	0	-0.030486704728262697	0.07279029462738301	0.03986135181975736	0.03292894280762565	Control
ENSG00000140718	1	9	-8	-0.1387617545391689	0.07279029462738301	0.3161673681604357	-0.2433770735330527	Control
ENSG00000226555	1	3	-2	-0.057555467180989243	0.07279029462738301	0.15139886110423373	-0.07860856647685072	Control
ENSG00000264462	1	10	-9	-0.15229613576553216	0.07279029462738301	0.33473632087150285	-0.26194602624411983	Control
ENSG00000105677	1	1	0	-0.030486704728262697	0.07279029462738301	0.03986135181975736	0.03292894280762565	Control
ENSG00000160256	2	17	-15	-0.23350242312371178	0.18209952958653133	0.42696211933646944	-0.2448625897499381	Control
ENSG00000166862	1	3	-2	-0.057555467180989243	0.07279029462738301	0.15139886110423373	-0.07860856647685072	Control
ENSG00000169057	2	46	-44	-0.6259994786882467	0.18209952958653133	0.616860609061649	-0.43476107947511766	Control
ENSG00000110395	1	4	-3	-0.07108984840735251	0.07279029462738301	0.19076504085169596	-0.11797474622431295	Control
ENSG00000174028	5	128	-123	-1.6952155955709451	0.3247090864075266	0.7692498143104729	-0.4445407279029463	Control
ENSG00000065320	1	3	-2	-0.057555467180989243	0.07279029462738301	0.15139886110423373	-0.07860856647685072	Control
ENSG00000169031	1	1	0	-0.030486704728262697	0.07279029462738301	0.03986135181975736	0.03292894280762565	Control
ENSG00000100243	2	2	0	-0.030486704728262697	0.18209952958653133	0.10497647932656598	0.07712305025996535	Control
ENSG00000172006	1	1	0	-0.030486704728262697	0.07279029462738301	0.03986135181975736	0.03292894280762565	Control
ENSG00000063177	2	6	-4	-0.08462422963371578	0.18209952958653133	0.25043327556325823	-0.0683337459767269	Control
ENSG00000232593	1	21	-20	-0.3011743292555282	0.07279029462738301	0.46521416192126763	-0.3924238672938846	Control
ENSG00000005961	2	11	-9	-0.15229613576553216	0.18209952958653133	0.35070562020302054	-0.1686060906164892	Control
ENSG00000165506	1	9	-8	-0.1387617545391689	0.07279029462738301	0.3161673681604357	-0.2433770735330527	Control
ENSG00000077616	1	1	0	-0.030486704728262697	0.07279029462738301	0.03986135181975736	0.03292894280762565	Control
ENSG00000174939	1	4	-3	-0.07108984840735251	0.07279029462738301	0.19076504085169596	-0.11797474622431295	Control
ENSG00000127920	2	6	-4	-0.08462422963371578	0.18209952958653133	0.25043327556325823	-0.0683337459767269	Control
ENSG00000089091	1	7	-6	-0.11169299208644234	0.07279029462738301	0.2742015350334241	-0.20141124040604108	Control
ENSG00000132294	1	9	-8	-0.1387617545391689	0.07279029462738301	0.3161673681604357	-0.2433770735330527	Control
ENSG00000101182	3	2	1	-0.016952323501899427	0.2442436246595692	0.10497647932656598	0.13926714533300322	AD
ENSG00000125755	1	1	0	-0.030486704728262697	0.07279029462738301	0.03986135181975736	0.03292894280762565	Control
ENSG00000172867	1	4	-3	-0.07108984840735251	0.07279029462738301	0.19076504085169596	-0.11797474622431295	Control
ENSG00000108424	1	1	0	-0.030486704728262697	0.07279029462738301	0.03986135181975736	0.03292894280762565	Control
ENSG00000261329	2	6	-4	-0.08462422963371578	0.18209952958653133	0.25043327556325823	-0.0683337459767269	Control
ENSG00000156042	1	3	-2	-0.057555467180989243	0.07279029462738301	0.15139886110423373	-0.07860856647685072	Control
ENSG00000132256	1	1	0	-0.030486704728262697	0.07279029462738301	0.03986135181975736	0.03292894280762565	Control
ENSG00000230537	1	1	0	-0.030486704728262697	0.07279029462738301	0.03986135181975736	0.03292894280762565	Control
ENSG00000088340	1	1	0	-0.030486704728262697	0.07279029462738301	0.03986135181975736	0.03292894280762565	Control
ENSG00000259234	2	3	-1	-0.04402108595462597	0.18209952958653133	0.15139886110423373	0.030700668482297605	Control
ENSG00000171659	1	2	-1	-0.04402108595462597	0.07279029462738301	0.10497647932656598	-0.03218618469918297	Control
ENSG00000196440	3	1	2	-0.0034179422755361536	0.2442436246595692	0.03986135181975736	0.20438227283981183	AD
ENSG00000087077	2	14	-12	-0.19289927944462198	0.18209952958653133	0.3932904184204011	-0.21119088883386974	Control
ENSG00000185825	2	2	0	-0.030486704728262697	0.18209952958653133	0.10497647932656598	0.07712305025996535	Control
ENSG00000151239	3	10	-7	-0.12522737331280562	0.2442436246595692	0.33473632087150285	-0.09049269621193365	Control
ENSG00000103194	1	73	-72	-1.0049621530264183	0.07279029462738301	0.6884129735082941	-0.6156226788809112	Control
ENSG00000244560	1	15	-14	-0.21996804189734853	0.07279029462738301	0.4067838573904432	-0.3339935627630602	Control
ENSG00000102312	1	9	-8	-0.1387617545391689	0.07279029462738301	0.3161673681604357	-0.2433770735330527	Control
ENSG00000129151	3	8	-5	-0.09815861086007906	0.2442436246595692	0.2948749690517455	-0.050631344392176286	Control
ENSG00000169918	1	24	-23	-0.34177747293461797	0.07279029462738301	0.49690517454815547	-0.42411487992077246	Control
ENSG00000125352	5	7	-2	-0.057555467180989243	0.3247090864075266	0.2742015350334241	0.05050755137410251	Control
ENSG00000006744	3	7	-4	-0.08462422963371578	0.2442436246595692	0.2742015350334241	-0.029957910373854896	Control
ENSG00000164970	1	44	-43	-0.6124650974618834	0.07279029462738301	0.6093092349591483	-0.5365189403317654	Control
ENSG00000085185	1	1	0	-0.030486704728262697	0.07279029462738301	0.03986135181975736	0.03292894280762565	Control
ENSG00000204070	1	1	0	-0.030486704728262697	0.07279029462738301	0.03986135181975736	0.03292894280762565	Control
ENSG00000061273	1	2	-1	-0.04402108595462597	0.07279029462738301	0.10497647932656598	-0.03218618469918297	Control
ENSG00000121297	1	8	-7	-0.12522737331280562	0.07279029462738301	0.2948749690517455	-0.22208467442436247	Control
ENSG00000110799	1	2	-1	-0.04402108595462597	0.07279029462738301	0.10497647932656598	-0.03218618469918297	Control
ENSG00000166091	1	3	-2	-0.057555467180989243	0.07279029462738301	0.15139886110423373	-0.07860856647685072	Control
ENSG00000125398	1	26	-25	-0.3688462353873445	0.07279029462738301	0.5118841297350829	-0.4390938351076999	Control
ENSG00000112977	1	2	-1	-0.04402108595462597	0.07279029462738301	0.10497647932656598	-0.03218618469918297	Control
ENSG00000205746	1	6	-5	-0.09815861086007906	0.07279029462738301	0.25043327556325823	-0.17764298093587522	Control
ENSG00000105552	1	3	-2	-0.057555467180989243	0.07279029462738301	0.15139886110423373	-0.07860856647685072	Control
ENSG00000106868	1	48	-47	-0.6666026223673365	0.07279029462738301	0.6234216390195593	-0.5506313443921762	Control
ENSG00000099204	3	2	1	-0.016952323501899427	0.2442436246595692	0.10497647932656598	0.13926714533300322	AD
ENSG00000130706	1	4	-3	-0.07108984840735251	0.07279029462738301	0.19076504085169596	-0.11797474622431295	Control
ENSG00000158545	1	5	-4	-0.08462422963371578	0.07279029462738301	0.22295122555087893	-0.15016093092349592	Control
ENSG00000157554	1	2	-1	-0.04402108595462597	0.07279029462738301	0.10497647932656598	-0.03218618469918297	Control
ENSG00000165684	1	9	-8	-0.1387617545391689	0.07279029462738301	0.3161673681604357	-0.2433770735330527	Control
ENSG00000173933	1	6	-5	-0.09815861086007906	0.07279029462738301	0.25043327556325823	-0.17764298093587522	Control
ENSG00000087903	4	14	-10	-0.16583051699189544	0.2896756622926467	0.3932904184204011	-0.10361475612775439	Control
ENSG00000185442	1	1	0	-0.030486704728262697	0.07279029462738301	0.03986135181975736	0.03292894280762565	Control
ENSG00000119537	1	4	-3	-0.07108984840735251	0.07279029462738301	0.19076504085169596	-0.11797474622431295	Control
ENSG00000112659	1	2	-1	-0.04402108595462597	0.07279029462738301	0.10497647932656598	-0.03218618469918297	Control
ENSG00000141027	1	1	0	-0.030486704728262697	0.07279029462738301	0.03986135181975736	0.03292894280762565	Control
ENSG00000103671	1	1	0	-0.030486704728262697	0.07279029462738301	0.03986135181975736	0.03292894280762565	Control
ENSG00000111231	1	1	0	-0.030486704728262697	0.07279029462738301	0.03986135181975736	0.03292894280762565	Control
ENSG00000072958	1	15	-14	-0.21996804189734853	0.07279029462738301	0.4067838573904432	-0.3339935627630602	Control
ENSG00000182810	1	4	-3	-0.07108984840735251	0.07279029462738301	0.19076504085169596	-0.11797474622431295	Control
ENSG00000196664	2	7	-5	-0.09815861086007906	0.18209952958653133	0.2742015350334241	-0.09210200544689276	Control
ENSG00000182718	2	6	-4	-0.08462422963371578	0.18209952958653133	0.25043327556325823	-0.0683337459767269	Control
ENSG00000277200	1	5	-4	-0.08462422963371578	0.07279029462738301	0.22295122555087893	-0.15016093092349592	Control
ENSG00000128283	1	5	-4	-0.08462422963371578	0.07279029462738301	0.22295122555087893	-0.15016093092349592	Control
ENSG00000148672	2	5	-3	-0.07108984840735251	0.18209952958653133	0.22295122555087893	-0.040851695964347595	Control
ENSG00000043355	1	5	-4	-0.08462422963371578	0.07279029462738301	0.22295122555087893	-0.15016093092349592	Control
ENSG00000157450	1	108	-107	-1.4786654959491328	0.07279029462738301	0.74263431542461	-0.6698440207972269	Control
ENSG00000154001	2	1	1	-0.016952323501899427	0.18209952958653133	0.03986135181975736	0.14223817776677397	AD
ENSG00000073417	2	7	-5	-0.09815861086007906	0.18209952958653133	0.2742015350334241	-0.09210200544689276	Control
ENSG00000185432	1	14	-13	-0.20643366067098526	0.07279029462738301	0.3932904184204011	-0.32050012379301807	Control
ENSG00000184845	1	1	0	-0.030486704728262697	0.07279029462738301	0.03986135181975736	0.03292894280762565	Control
ENSG00000183160	1	5	-4	-0.08462422963371578	0.07279029462738301	0.22295122555087893	-0.15016093092349592	Control
ENSG00000099381	4	1	3	0.010116438950827119	0.2896756622926467	0.03986135181975736	0.24981431047288932	AD
ENSG00000074695	1	16	-15	-0.23350242312371178	0.07279029462738301	0.41718247090864075	-0.34439217628125773	Control
ENSG00000178449	2	1	1	-0.016952323501899427	0.18209952958653133	0.03986135181975736	0.14223817776677397	AD
ENSG00000100242	1	1	0	-0.030486704728262697	0.07279029462738301	0.03986135181975736	0.03292894280762565	Control
ENSG00000161298	4	16	-12	-0.19289927944462198	0.2896756622926467	0.41718247090864075	-0.12750680861599406	Control
ENSG00000120798	1	5	-4	-0.08462422963371578	0.07279029462738301	0.22295122555087893	-0.15016093092349592	Control
ENSG00000101391	3	4	-1	-0.04402108595462597	0.2442436246595692	0.19076504085169596	0.05347858380787324	Control
ENSG00000110651	1	9	-8	-0.1387617545391689	0.07279029462738301	0.3161673681604357	-0.2433770735330527	Control
ENSG00000277775	1	38	-37	-0.5312588101037037	0.07279029462738301	0.5855409754889824	-0.5127506808615994	Control
ENSG00000176155	3	18	-15	-0.23350242312371178	0.2442436246595692	0.4371131468185194	-0.19286952215895023	Control
ENSG00000100234	2	8	-6	-0.11169299208644234	0.18209952958653133	0.2948749690517455	-0.11277543946521415	Control
ENSG00000198034	3	11	-8	-0.1387617545391689	0.2442436246595692	0.35070562020302054	-0.10646199554345134	Control
ENSG00000100354	1	1	0	-0.030486704728262697	0.07279029462738301	0.03986135181975736	0.03292894280762565	Control
ENSG00000164117	1	8	-7	-0.12522737331280562	0.07279029462738301	0.2948749690517455	-0.22208467442436247	Control
ENSG00000177613	1	4	-3	-0.07108984840735251	0.07279029462738301	0.19076504085169596	-0.11797474622431295	Control
ENSG00000106991	1	3	-2	-0.057555467180989243	0.07279029462738301	0.15139886110423373	-0.07860856647685072	Control
ENSG00000179241	1	3	-2	-0.057555467180989243	0.07279029462738301	0.15139886110423373	-0.07860856647685072	Control
ENSG00000137218	1	21	-20	-0.3011743292555282	0.07279029462738301	0.46521416192126763	-0.3924238672938846	Control
ENSG00000113312	1	23	-22	-0.3282430917082547	0.07279029462738301	0.4866303540480317	-0.41384005942064866	Control
ENSG00000171130	1	1	0	-0.030486704728262697	0.07279029462738301	0.03986135181975736	0.03292894280762565	Control
ENSG00000134884	1	6	-5	-0.09815861086007906	0.07279029462738301	0.25043327556325823	-0.17764298093587522	Control
ENSG00000180448	1	6	-5	-0.09815861086007906	0.07279029462738301	0.25043327556325823	-0.17764298093587522	Control
ENSG00000182685	2	15	-13	-0.20643366067098526	0.18209952958653133	0.4067838573904432	-0.22468432780391187	Control
ENSG00000167323	1	8	-7	-0.12522737331280562	0.07279029462738301	0.2948749690517455	-0.22208467442436247	Control
ENSG00000169758	2	16	-14	-0.21996804189734853	0.18209952958653133	0.41718247090864075	-0.2350829413221094	Control
ENSG00000064607	1	3	-2	-0.057555467180989243	0.07279029462738301	0.15139886110423373	-0.07860856647685072	Control
ENSG00000144152	1	35	-34	-0.4906556664246139	0.07279029462738301	0.5685813320128744	-0.4957910373854914	Control
ENSG00000009335	1	72	-71	-0.9914277718000549	0.07279029462738301	0.6865560782371875	-0.6137657836098045	Control
ENSG00000167553	1	14	-13	-0.20643366067098526	0.07279029462738301	0.3932904184204011	-0.32050012379301807	Control
ENSG00000105393	1	6	-5	-0.09815861086007906	0.07279029462738301	0.25043327556325823	-0.17764298093587522	Control
ENSG00000140575	1	3	-2	-0.057555467180989243	0.07279029462738301	0.15139886110423373	-0.07860856647685072	Control
ENSG00000198728	1	3	-2	-0.057555467180989243	0.07279029462738301	0.15139886110423373	-0.07860856647685072	Control
ENSG00000106780	1	3	-2	-0.057555467180989243	0.07279029462738301	0.15139886110423373	-0.07860856647685072	Control
ENSG00000102699	2	61	-59	-0.8290151970836958	0.18209952958653133	0.660807130477841	-0.4787076008913097	Control
ENSG00000138190	1	6	-5	-0.09815861086007906	0.07279029462738301	0.25043327556325823	-0.17764298093587522	Control
ENSG00000171100	1	4	-3	-0.07108984840735251	0.07279029462738301	0.19076504085169596	-0.11797474622431295	Control
ENSG00000197951	1	17	-16	-0.24703680435007505	0.07279029462738301	0.42696211933646944	-0.3541718247090864	Control
ENSG00000152782	1	1	0	-0.030486704728262697	0.07279029462738301	0.03986135181975736	0.03292894280762565	Control
ENSG00000171310	3	4	-1	-0.04402108595462597	0.2442436246595692	0.19076504085169596	0.05347858380787324	Control
ENSG00000204442	1	1	0	-0.030486704728262697	0.07279029462738301	0.03986135181975736	0.03292894280762565	Control
ENSG00000111077	1	1	0	-0.030486704728262697	0.07279029462738301	0.03986135181975736	0.03292894280762565	Control
ENSG00000230637	1	18	-17	-0.2605711855764383	0.07279029462738301	0.4371131468185194	-0.3643228521911364	Control
ENSG00000198646	1	1	0	-0.030486704728262697	0.07279029462738301	0.03986135181975736	0.03292894280762565	Control
ENSG00000049130	1	167	-166	-2.2771939883045658	0.07279029462738301	0.8009408269373607	-0.7281505323099777	Control
ENSG00000125912	3	20	-17	-0.2605711855764383	0.2442436246595692	0.4548155484030701	-0.2105719237435009	Control
ENSG00000144908	1	4	-3	-0.07108984840735251	0.07279029462738301	0.19076504085169596	-0.11797474622431295	Control
ENSG00000050820	1	2	-1	-0.04402108595462597	0.07279029462738301	0.10497647932656598	-0.03218618469918297	Control
ENSG00000173530	1	5	-4	-0.08462422963371578	0.07279029462738301	0.22295122555087893	-0.15016093092349592	Control
ENSG00000058262	1	1	0	-0.030486704728262697	0.07279029462738301	0.03986135181975736	0.03292894280762565	Control
ENSG00000163539	1	1	0	-0.030486704728262697	0.07279029462738301	0.03986135181975736	0.03292894280762565	Control
ENSG00000197620	1	39	-38	-0.544793191330067	0.07279029462738301	0.589130973013122	-0.5163406783857389	Control
ENSG00000260645	1	1	0	-0.030486704728262697	0.07279029462738301	0.03986135181975736	0.03292894280762565	Control
ENSG00000108055	1	2	-1	-0.04402108595462597	0.07279029462738301	0.10497647932656598	-0.03218618469918297	Control
ENSG00000183092	1	10	-9	-0.15229613576553216	0.07279029462738301	0.33473632087150285	-0.26194602624411983	Control
ENSG00000166734	1	3	-2	-0.057555467180989243	0.07279029462738301	0.15139886110423373	-0.07860856647685072	Control
ENSG00000261123	1	13	-12	-0.19289927944462198	0.07279029462738301	0.37880663530576875	-0.30601634067838573	Control
ENSG00000095970	1	5	-4	-0.08462422963371578	0.07279029462738301	0.22295122555087893	-0.15016093092349592	Control
ENSG00000134873	2	1	1	-0.016952323501899427	0.18209952958653133	0.03986135181975736	0.14223817776677397	AD
ENSG00000101888	3	7	-4	-0.08462422963371578	0.2442436246595692	0.2742015350334241	-0.029957910373854896	Control
ENSG00000108588	1	19	-18	-0.2741055668028016	0.07279029462738301	0.4461500371379054	-0.3733597425105224	Control
ENSG00000086758	1	10	-9	-0.15229613576553216	0.07279029462738301	0.33473632087150285	-0.26194602624411983	Control
ENSG00000185666	1	8	-7	-0.12522737331280562	0.07279029462738301	0.2948749690517455	-0.22208467442436247	Control
ENSG00000106009	1	2	-1	-0.04402108595462597	0.07279029462738301	0.10497647932656598	-0.03218618469918297	Control
ENSG00000108387	1	3	-2	-0.057555467180989243	0.07279029462738301	0.15139886110423373	-0.07860856647685072	Control
ENSG00000134594	1	8	-7	-0.12522737331280562	0.07279029462738301	0.2948749690517455	-0.22208467442436247	Control
ENSG00000163637	1	1	0	-0.030486704728262697	0.07279029462738301	0.03986135181975736	0.03292894280762565	Control
ENSG00000168404	1	1	0	-0.030486704728262697	0.07279029462738301	0.03986135181975736	0.03292894280762565	Control
ENSG00000137338	1	1	0	-0.030486704728262697	0.07279029462738301	0.03986135181975736	0.03292894280762565	Control
ENSG00000140848	1	3	-2	-0.057555467180989243	0.07279029462738301	0.15139886110423373	-0.07860856647685072	Control
ENSG00000130052	1	1	0	-0.030486704728262697	0.07279029462738301	0.03986135181975736	0.03292894280762565	Control
ENSG00000146414	1	12	-11	-0.1793648982182587	0.07279029462738301	0.36568457538994803	-0.292894280762565	Control
ENSG00000213424	1	1	0	-0.030486704728262697	0.07279029462738301	0.03986135181975736	0.03292894280762565	Control
ENSG00000103404	1	5	-4	-0.08462422963371578	0.07279029462738301	0.22295122555087893	-0.15016093092349592	Control
ENSG00000092094	1	1	0	-0.030486704728262697	0.07279029462738301	0.03986135181975736	0.03292894280762565	Control
ENSG00000125447	1	23	-22	-0.3282430917082547	0.07279029462738301	0.4866303540480317	-0.41384005942064866	Control
ENSG00000179406	1	1	0	-0.030486704728262697	0.07279029462738301	0.03986135181975736	0.03292894280762565	Control
ENSG00000178921	1	15	-14	-0.21996804189734853	0.07279029462738301	0.4067838573904432	-0.3339935627630602	Control
ENSG00000254087	1	11	-10	-0.16583051699189544	0.07279029462738301	0.35070562020302054	-0.27791532557563753	Control
ENSG00000134262	1	2	-1	-0.04402108595462597	0.07279029462738301	0.10497647932656598	-0.03218618469918297	Control
ENSG00000064687	2	1	1	-0.016952323501899427	0.18209952958653133	0.03986135181975736	0.14223817776677397	AD
ENSG00000166710	1	2	-1	-0.04402108595462597	0.07279029462738301	0.10497647932656598	-0.03218618469918297	Control
ENSG00000183578	2	3	-1	-0.04402108595462597	0.18209952958653133	0.15139886110423373	0.030700668482297605	Control
ENSG00000130347	1	3	-2	-0.057555467180989243	0.07279029462738301	0.15139886110423373	-0.07860856647685072	Control
ENSG00000087253	1	3	-2	-0.057555467180989243	0.07279029462738301	0.15139886110423373	-0.07860856647685072	Control
ENSG00000146223	1	5	-4	-0.08462422963371578	0.07279029462738301	0.22295122555087893	-0.15016093092349592	Control
ENSG00000185115	1	4	-3	-0.07108984840735251	0.07279029462738301	0.19076504085169596	-0.11797474622431295	Control
ENSG00000171940	1	29	-28	-0.4094493790664343	0.07279029462738301	0.5324337707353305	-0.4596434761079475	Control
ENSG00000286522	1	48	-47	-0.6666026223673365	0.07279029462738301	0.6234216390195593	-0.5506313443921762	Control
ENSG00000170832	1	70	-69	-0.9643590093473284	0.07279029462738301	0.6812329784600148	-0.6084426838326318	Control
ENSG00000111371	2	193	-191	-2.6155535189636474	0.18209952958653133	0.8219856400099035	-0.6398861104233722	Control
ENSG00000117906	1	6	-5	-0.09815861086007906	0.07279029462738301	0.25043327556325823	-0.17764298093587522	Control
ENSG00000160211	2	5	-3	-0.07108984840735251	0.18209952958653133	0.22295122555087893	-0.040851695964347595	Control
ENSG00000071991	1	1	0	-0.030486704728262697	0.07279029462738301	0.03986135181975736	0.03292894280762565	Control
ENSG00000134825	1	1	0	-0.030486704728262697	0.07279029462738301	0.03986135181975736	0.03292894280762565	Control
ENSG00000167107	1	4	-3	-0.07108984840735251	0.07279029462738301	0.19076504085169596	-0.11797474622431295	Control
ENSG00000059915	1	1	0	-0.030486704728262697	0.07279029462738301	0.03986135181975736	0.03292894280762565	Control
ENSG00000105711	1	2	-1	-0.04402108595462597	0.07279029462738301	0.10497647932656598	-0.03218618469918297	Control
ENSG00000090905	1	9	-8	-0.1387617545391689	0.07279029462738301	0.3161673681604357	-0.2433770735330527	Control
ENSG00000015285	1	14	-13	-0.20643366067098526	0.07279029462738301	0.3932904184204011	-0.32050012379301807	Control
ENSG00000145191	1	3	-2	-0.057555467180989243	0.07279029462738301	0.15139886110423373	-0.07860856647685072	Control
ENSG00000160570	1	1	0	-0.030486704728262697	0.07279029462738301	0.03986135181975736	0.03292894280762565	Control
ENSG00000198876	1	3	-2	-0.057555467180989243	0.07279029462738301	0.15139886110423373	-0.07860856647685072	Control
ENSG00000189007	1	1	0	-0.030486704728262697	0.07279029462738301	0.03986135181975736	0.03292894280762565	Control
ENSG00000236104	1	4	-3	-0.07108984840735251	0.07279029462738301	0.19076504085169596	-0.11797474622431295	Control
ENSG00000092148	1	63	-62	-0.8696183407627855	0.07279029462738301	0.6655112651646448	-0.5927209705372618	Control
ENSG00000243466	1	6	-5	-0.09815861086007906	0.07279029462738301	0.25043327556325823	-0.17764298093587522	Control
ENSG00000151006	1	6	-5	-0.09815861086007906	0.07279029462738301	0.25043327556325823	-0.17764298093587522	Control
ENSG00000167566	1	1	0	-0.030486704728262697	0.07279029462738301	0.03986135181975736	0.03292894280762565	Control
ENSG00000102053	1	8	-7	-0.12522737331280562	0.07279029462738301	0.2948749690517455	-0.22208467442436247	Control
ENSG00000105676	1	36	-35	-0.5041900476509772	0.07279029462738301	0.5753899480069324	-0.5025996533795494	Control
ENSG00000125249	1	44	-43	-0.6124650974618834	0.07279029462738301	0.6093092349591483	-0.5365189403317654	Control
ENSG00000164089	1	2	-1	-0.04402108595462597	0.07279029462738301	0.10497647932656598	-0.03218618469918297	Control
ENSG00000169105	1	1	0	-0.030486704728262697	0.07279029462738301	0.03986135181975736	0.03292894280762565	Control
ENSG00000104765	1	3	-2	-0.057555467180989243	0.07279029462738301	0.15139886110423373	-0.07860856647685072	Control
ENSG00000103021	1	26	-25	-0.3688462353873445	0.07279029462738301	0.5118841297350829	-0.4390938351076999	Control
ENSG00000185963	1	23	-22	-0.3282430917082547	0.07279029462738301	0.4866303540480317	-0.41384005942064866	Control
ENSG00000022267	1	6	-5	-0.09815861086007906	0.07279029462738301	0.25043327556325823	-0.17764298093587522	Control
ENSG00000017427	1	4	-3	-0.07108984840735251	0.07279029462738301	0.19076504085169596	-0.11797474622431295	Control
ENSG00000100401	1	1	0	-0.030486704728262697	0.07279029462738301	0.03986135181975736	0.03292894280762565	Control
ENSG00000165782	1	5	-4	-0.08462422963371578	0.07279029462738301	0.22295122555087893	-0.15016093092349592	Control
ENSG00000152661	1	24	-23	-0.34177747293461797	0.07279029462738301	0.49690517454815547	-0.42411487992077246	Control
ENSG00000176148	1	43	-42	-0.5989307162355201	0.07279029462738301	0.6043575142361971	-0.5315672196088141	Control
ENSG00000064932	1	2	-1	-0.04402108595462597	0.07279029462738301	0.10497647932656598	-0.03218618469918297	Control
ENSG00000168453	1	4	-3	-0.07108984840735251	0.07279029462738301	0.19076504085169596	-0.11797474622431295	Control
ENSG00000138036	1	2	-1	-0.04402108595462597	0.07279029462738301	0.10497647932656598	-0.03218618469918297	Control
ENSG00000106399	1	1	0	-0.030486704728262697	0.07279029462738301	0.03986135181975736	0.03292894280762565	Control
ENSG00000100416	1	2	-1	-0.04402108595462597	0.07279029462738301	0.10497647932656598	-0.03218618469918297	Control
ENSG00000089048	1	3	-2	-0.057555467180989243	0.07279029462738301	0.15139886110423373	-0.07860856647685072	Control
ENSG00000080823	1	9	-8	-0.1387617545391689	0.07279029462738301	0.3161673681604357	-0.2433770735330527	Control
ENSG00000100979	1	2	-1	-0.04402108595462597	0.07279029462738301	0.10497647932656598	-0.03218618469918297	Control
ENSG00000089159	2	1	1	-0.016952323501899427	0.18209952958653133	0.03986135181975736	0.14223817776677397	AD
ENSG00000178235	1	9	-8	-0.1387617545391689	0.07279029462738301	0.3161673681604357	-0.2433770735330527	Control
ENSG00000105662	1	14	-13	-0.20643366067098526	0.07279029462738301	0.3932904184204011	-0.32050012379301807	Control
