gene	AD	CTL
ENSG00000131095	10	1
ENSG00000225523	52	114
ENSG00000168875	54	113
ENSG00000230342	47	105
ENSG00000128683	299	140
ENSG00000163295	43	90
ENSG00000175175	668	501
ENSG00000225275	52	112
ENSG00000211599	43	112
ENSG00000149269	742	612
ENSG00000155097	828	795
ENSG00000102409	256	110
ENSG00000157064	792	782
ENSG00000061918	766	686
ENSG00000133169	316	177
ENSG00000198888	5	11
ENSG00000113327	824	758
ENSG00000147416	725	600
ENSG00000178828	57	67
ENSG00000107295	699	557
ENSG00000114573	749	760
ENSG00000213190	827	720
ENSG00000163536	718	677
ENSG00000073969	793	682
ENSG00000050748	761	747
ENSG00000198825	777	620
ENSG00000133083	708	557
ENSG00000114279	711	534
ENSG00000014641	634	458
ENSG00000173726	645	590
ENSG00000198763	7	7
ENSG00000158560	693	615
ENSG00000139112	748	683
ENSG00000165943	590	598
ENSG00000070087	793	767
ENSG00000107758	800	799
ENSG00000185760	623	649
ENSG00000138757	580	609
ENSG00000164588	538	604
ENSG00000125814	786	668
ENSG00000198513	805	686
ENSG00000213585	671	633
ENSG00000120265	700	719
ENSG00000133134	236	106
ENSG00000019505	706	690
ENSG00000091972	725	595
ENSG00000057757	621	387
ENSG00000075340	504	461
ENSG00000040933	535	557
ENSG00000065154	456	379
ENSG00000097021	554	612
ENSG00000109738	681	613
ENSG00000120053	770	709
ENSG00000154174	708	663
ENSG00000131100	715	631
ENSG00000168824	739	594
ENSG00000239513	64	120
ENSG00000240694	584	529
ENSG00000197885	591	553
ENSG00000118733	733	640
ENSG00000171132	510	495
ENSG00000119125	656	535
ENSG00000142875	721	666
ENSG00000066248	390	434
ENSG00000257732	51	88
ENSG00000183715	724	760
ENSG00000250497	24	58
ENSG00000102003	698	544
ENSG00000085433	707	711
ENSG00000129636	714	669
ENSG00000089818	629	444
ENSG00000065609	645	579
ENSG00000198934	609	490
ENSG00000174469	639	608
ENSG00000153130	210	156
ENSG00000182013	700	657
ENSG00000141030	501	433
ENSG00000170091	698	663
ENSG00000104490	618	514
ENSG00000128245	716	510
ENSG00000177432	678	561
ENSG00000115840	526	329
ENSG00000184613	736	612
ENSG00000213760	674	512
ENSG00000078328	498	371
ENSG00000068615	724	581
ENSG00000157152	549	352
ENSG00000117152	683	450
ENSG00000110427	560	583
ENSG00000127824	612	341
ENSG00000172348	732	629
ENSG00000138430	649	596
ENSG00000108395	744	718
ENSG00000151025	710	667
ENSG00000139182	683	687
ENSG00000129625	734	679
ENSG00000110107	403	428
ENSG00000163032	590	377
ENSG00000196876	481	417
ENSG00000146267	671	671
ENSG00000136854	564	634
ENSG00000144746	465	293
ENSG00000164924	642	534
ENSG00000104388	549	566
ENSG00000047249	627	440
ENSG00000166006	613	540
ENSG00000100554	547	476
ENSG00000177889	592	483
ENSG00000101079	674	617
ENSG00000149313	542	467
ENSG00000171617	693	548
ENSG00000186462	755	561
ENSG00000152932	661	484
ENSG00000087470	598	369
ENSG00000105649	713	680
ENSG00000154917	632	650
ENSG00000115419	543	484
ENSG00000132872	726	590
ENSG00000144290	634	466
ENSG00000167770	541	424
ENSG00000197043	554	532
ENSG00000075945	598	534
ENSG00000156642	639	539
ENSG00000170027	721	700
ENSG00000163875	552	469
ENSG00000170579	500	576
ENSG00000110786	382	334
ENSG00000031698	413	304
ENSG00000081189	665	520
ENSG00000139174	579	591
ENSG00000110955	502	434
ENSG00000120727	188	258
ENSG00000181789	537	522
ENSG00000084444	679	681
ENSG00000145335	468	292
ENSG00000102471	575	493
ENSG00000111726	565	450
ENSG00000078053	502	503
ENSG00000151729	660	734
ENSG00000136099	257	181
ENSG00000134440	448	420
ENSG00000182901	584	383
ENSG00000164951	646	441
ENSG00000280800	6	62
ENSG00000116675	490	537
ENSG00000185518	687	644
ENSG00000162188	391	218
ENSG00000166922	607	372
ENSG00000079785	470	513
ENSG00000120805	339	435
ENSG00000022355	564	349
ENSG00000058091	658	632
ENSG00000221823	536	193
ENSG00000197106	476	432
ENSG00000169116	628	602
ENSG00000144834	541	329
ENSG00000163947	587	457
ENSG00000104381	573	463
ENSG00000101911	705	602
ENSG00000165238	180	314
ENSG00000139973	668	490
ENSG00000109158	455	324
ENSG00000131507	721	641
ENSG00000130540	626	436
ENSG00000013016	603	540
ENSG00000163399	583	521
ENSG00000177614	384	407
ENSG00000165868	590	590
ENSG00000142686	491	551
ENSG00000148798	713	551
ENSG00000109436	554	570
ENSG00000058335	480	445
ENSG00000157680	316	244
ENSG00000114948	588	292
ENSG00000106105	495	263
ENSG00000145087	500	355
ENSG00000103316	682	386
ENSG00000175395	575	508
ENSG00000175426	431	257
ENSG00000168546	504	425
ENSG00000109180	489	269
ENSG00000153814	600	570
ENSG00000147676	680	587
ENSG00000013293	631	449
ENSG00000146701	569	634
ENSG00000164031	262	193
ENSG00000082397	547	574
ENSG00000171224	485	393
ENSG00000134121	608	539
ENSG00000196937	593	504
ENSG00000164830	581	682
ENSG00000132386	535	334
ENSG00000106537	587	386
ENSG00000002746	344	401
ENSG00000172292	598	554
ENSG00000219073	39	52
ENSG00000134108	561	472
ENSG00000154277	644	338
ENSG00000125868	464	533
ENSG00000086300	506	228
ENSG00000112290	573	381
ENSG00000078668	513	195
ENSG00000104093	515	493
ENSG00000112186	669	599
ENSG00000125166	665	597
ENSG00000165678	511	377
ENSG00000085377	609	381
ENSG00000108924	516	533
ENSG00000069345	513	508
ENSG00000159082	708	602
ENSG00000086289	499	221
ENSG00000138018	527	321
ENSG00000160145	236	323
ENSG00000160753	362	414
ENSG00000165637	240	262
ENSG00000074590	562	494
ENSG00000110675	583	658
ENSG00000170500	503	511
ENSG00000101210	540	509
ENSG00000010256	297	204
ENSG00000124140	585	617
ENSG00000112137	182	272
ENSG00000189241	582	526
ENSG00000092096	568	472
ENSG00000041353	552	319
ENSG00000166206	594	527
ENSG00000169744	665	464
ENSG00000198886	6	8
ENSG00000136143	425	481
ENSG00000154027	530	447
ENSG00000113595	437	304
ENSG00000183454	565	521
ENSG00000117600	502	507
ENSG00000198836	343	337
ENSG00000161203	230	202
ENSG00000107404	56	61
ENSG00000196972	11	22
ENSG00000152234	412	366
ENSG00000174684	559	573
ENSG00000182220	556	556
ENSG00000173898	204	340
ENSG00000186106	469	428
ENSG00000166448	569	457
ENSG00000237622	28	94
ENSG00000277531	589	484
ENSG00000173372	8	49
ENSG00000116106	548	566
ENSG00000131370	509	149
ENSG00000196230	169	11
ENSG00000165152	459	433
ENSG00000164061	168	313
ENSG00000040341	546	532
ENSG00000156735	391	75
ENSG00000034053	210	359
ENSG00000085415	576	530
ENSG00000172209	550	283
ENSG00000197959	546	492
ENSG00000164715	253	415
ENSG00000187189	583	496
ENSG00000134265	552	533
ENSG00000151948	656	682
ENSG00000083720	405	512
ENSG00000159720	335	309
ENSG00000139970	509	345
ENSG00000198961	427	424
ENSG00000197872	463	335
ENSG00000168785	393	285
ENSG00000103769	411	332
ENSG00000007168	375	420
ENSG00000175931	341	485
ENSG00000173660	124	93
ENSG00000136531	285	89
ENSG00000165434	244	35
ENSG00000054356	338	400
ENSG00000004059	492	458
ENSG00000144959	478	399
ENSG00000157087	312	267
ENSG00000151320	373	239
ENSG00000099365	546	400
ENSG00000153310	564	496
ENSG00000119801	456	295
ENSG00000124785	518	462
ENSG00000169891	628	666
ENSG00000084070	379	394
ENSG00000277586	375	378
ENSG00000157219	553	550
ENSG00000186212	497	416
ENSG00000162636	495	331
ENSG00000072201	505	494
ENSG00000131779	353	236
ENSG00000168959	428	325
ENSG00000198121	26	18
ENSG00000220323	1	1
ENSG00000171914	346	417
ENSG00000151229	402	249
ENSG00000051382	383	448
ENSG00000132341	359	458
ENSG00000140854	225	347
ENSG00000154518	396	315
ENSG00000156687	433	420
ENSG00000155876	312	402
ENSG00000177875	493	251
ENSG00000110148	182	236
ENSG00000088986	225	43
ENSG00000047597	683	581
ENSG00000085365	399	276
ENSG00000198010	252	175
ENSG00000254585	316	66
ENSG00000153956	411	114
ENSG00000104723	446	448
ENSG00000070718	399	369
ENSG00000143106	323	194
ENSG00000164209	373	302
ENSG00000189195	623	434
ENSG00000082213	427	209
ENSG00000129250	131	25
ENSG00000151690	349	394
ENSG00000129159	205	279
ENSG00000123178	338	83
ENSG00000164794	420	399
ENSG00000136003	548	310
ENSG00000142235	90	230
ENSG00000131966	314	228
ENSG00000162817	532	357
ENSG00000164112	466	383
ENSG00000133318	432	211
ENSG00000171603	322	356
ENSG00000282164	447	470
ENSG00000070159	500	457
ENSG00000138378	524	125
ENSG00000089199	541	443
ENSG00000068912	353	506
ENSG00000091157	509	454
ENSG00000164076	406	267
ENSG00000178974	565	552
ENSG00000167699	130	62
ENSG00000127561	541	586
ENSG00000220575	412	355
ENSG00000171951	388	79
ENSG00000169567	262	173
ENSG00000138069	121	212
ENSG00000008277	393	292
ENSG00000118402	509	418
ENSG00000054793	374	520
ENSG00000112640	524	633
ENSG00000175874	432	315
ENSG00000165973	461	381
ENSG00000166111	437	406
ENSG00000201321	34	98
ENSG00000171798	154	255
ENSG00000138095	254	229
ENSG00000196072	372	201
ENSG00000113966	517	422
ENSG00000143473	371	455
ENSG00000116750	472	588
ENSG00000138002	27	44
ENSG00000158856	373	338
ENSG00000113575	338	94
ENSG00000145864	579	265
ENSG00000248485	352	86
ENSG00000006740	231	351
ENSG00000197860	393	301
ENSG00000159658	134	124
ENSG00000114993	12	10
ENSG00000165169	443	351
ENSG00000146731	207	202
ENSG00000163810	21	54
ENSG00000156976	370	326
ENSG00000183117	89	60
ENSG00000171450	261	334
ENSG00000084731	188	431
ENSG00000134717	290	305
ENSG00000185924	241	311
ENSG00000133019	218	206
ENSG00000159363	145	289
ENSG00000102466	425	424
ENSG00000111110	419	578
ENSG00000163482	20	36
ENSG00000128524	238	58
ENSG00000152503	489	134
ENSG00000197562	120	267
ENSG00000087095	433	461
ENSG00000197217	364	351
ENSG00000156261	242	81
ENSG00000187079	52	50
ENSG00000074706	361	134
ENSG00000197147	411	483
ENSG00000166924	186	369
ENSG00000162706	275	430
ENSG00000135624	212	294
ENSG00000159164	436	283
ENSG00000185352	389	279
ENSG00000169282	414	316
ENSG00000106723	557	560
ENSG00000204116	540	402
ENSG00000100934	494	548
ENSG00000089737	427	333
ENSG00000130368	493	321
ENSG00000168539	257	353
ENSG00000113387	274	165
ENSG00000133627	485	585
ENSG00000173915	71	36
ENSG00000113763	125	190
ENSG00000144285	350	144
ENSG00000198932	355	268
ENSG00000178662	300	97
ENSG00000124507	204	307
ENSG00000111674	360	165
ENSG00000099814	162	352
ENSG00000156959	133	235
ENSG00000132932	291	212
ENSG00000198216	240	249
ENSG00000053108	266	288
ENSG00000148408	214	201
ENSG00000164885	314	127
ENSG00000107282	171	311
ENSG00000135119	312	330
ENSG00000114784	386	231
ENSG00000126950	645	440
ENSG00000003987	401	320
ENSG00000112149	464	191
ENSG00000175582	580	657
ENSG00000060709	341	232
ENSG00000138071	114	188
ENSG00000169783	155	230
ENSG00000075391	99	60
ENSG00000184156	382	256
ENSG00000166912	38	25
ENSG00000187730	412	456
ENSG00000176788	403	330
ENSG00000188674	456	312
ENSG00000163590	373	414
ENSG00000135540	32	35
ENSG00000167654	426	523
ENSG00000145632	430	148
ENSG00000196872	242	299
ENSG00000185742	445	479
ENSG00000088538	288	342
ENSG00000121769	116	13
ENSG00000144406	194	104
ENSG00000110076	97	238
ENSG00000176490	573	385
ENSG00000136521	258	127
ENSG00000125851	475	468
ENSG00000166257	248	116
ENSG00000177954	11	22
ENSG00000169490	301	133
ENSG00000108557	74	178
ENSG00000103056	173	252
ENSG00000084764	254	257
ENSG00000065559	438	549
ENSG00000186310	553	410
ENSG00000174672	116	208
ENSG00000221288	28	65
ENSG00000163577	397	208
ENSG00000105696	481	394
ENSG00000196368	546	167
ENSG00000164919	28	21
ENSG00000107105	535	308
ENSG00000116752	307	231
ENSG00000126733	580	301
ENSG00000169032	357	394
ENSG00000162981	105	135
ENSG00000143158	221	231
ENSG00000131437	399	250
ENSG00000145242	403	337
ENSG00000205629	375	175
ENSG00000115233	99	78
ENSG00000158301	591	427
ENSG00000165264	71	72
ENSG00000113319	253	348
ENSG00000101474	425	375
ENSG00000150760	62	44
ENSG00000114541	20	20
ENSG00000196262	194	80
ENSG00000132704	42	54
ENSG00000186951	118	103
ENSG00000152495	410	349
ENSG00000106367	208	176
ENSG00000180044	415	329
ENSG00000135002	371	292
ENSG00000112367	377	269
ENSG00000177383	126	236
ENSG00000006116	304	266
ENSG00000177570	312	179
ENSG00000133101	492	126
ENSG00000137693	124	149
ENSG00000069424	273	344
ENSG00000169933	489	587
ENSG00000143727	301	373
ENSG00000167005	368	262
ENSG00000165832	388	404
ENSG00000082458	718	695
ENSG00000131089	532	517
ENSG00000280614	3	55
ENSG00000143514	30	75
ENSG00000134684	371	313
ENSG00000118160	247	355
ENSG00000082781	125	84
ENSG00000123636	417	133
ENSG00000108773	22	16
ENSG00000123562	405	212
ENSG00000242261	35	102
ENSG00000128463	210	183
ENSG00000138138	166	221
ENSG00000185274	205	284
ENSG00000159199	118	54
ENSG00000119042	136	176
ENSG00000013392	210	129
ENSG00000072832	389	345
ENSG00000064763	410	294
ENSG00000204851	461	519
ENSG00000138311	492	300
ENSG00000154945	36	13
ENSG00000172350	285	159
ENSG00000117069	252	275
ENSG00000069966	271	232
ENSG00000215218	455	497
ENSG00000124207	159	178
ENSG00000111667	280	290
ENSG00000033122	113	38
ENSG00000196776	430	123
ENSG00000168159	262	374
ENSG00000174514	289	217
ENSG00000165731	385	271
ENSG00000165914	134	261
ENSG00000186469	425	122
ENSG00000198729	413	243
ENSG00000138078	400	14
ENSG00000165704	621	442
ENSG00000163995	341	340
ENSG00000169139	345	293
ENSG00000145349	404	185
ENSG00000221866	270	251
ENSG00000031081	104	126
ENSG00000130477	332	290
ENSG00000151414	88	21
ENSG00000183826	28	68
ENSG00000156564	134	271
ENSG00000147465	440	248
ENSG00000078140	235	168
ENSG00000153558	255	73
ENSG00000132821	147	202
ENSG00000214517	235	162
ENSG00000198417	2	1
ENSG00000099901	81	31
ENSG00000196090	195	245
ENSG00000162105	139	127
ENSG00000006432	284	188
ENSG00000265354	229	110
ENSG00000130764	148	407
ENSG00000183248	54	196
ENSG00000120645	123	184
ENSG00000095002	190	183
ENSG00000124374	19	10
ENSG00000135638	168	167
ENSG00000179832	7	32
ENSG00000169255	290	240
ENSG00000167863	114	59
ENSG00000171004	492	353
ENSG00000164506	369	253
ENSG00000072041	327	315
ENSG00000111652	251	433
ENSG00000135709	285	477
ENSG00000144583	83	94
ENSG00000158445	319	275
ENSG00000196990	130	269
ENSG00000132429	85	5
ENSG00000167971	59	122
ENSG00000170419	326	414
ENSG00000090020	144	188
ENSG00000198954	179	284
ENSG00000172500	86	88
ENSG00000123360	305	202
ENSG00000005486	90	111
ENSG00000117632	251	38
ENSG00000162426	132	301
ENSG00000198853	127	267
ENSG00000166226	85	83
ENSG00000157470	525	295
ENSG00000144635	372	510
ENSG00000156486	439	288
ENSG00000162951	214	321
ENSG00000107643	332	338
ENSG00000175203	262	411
ENSG00000105778	182	182
ENSG00000069329	333	285
ENSG00000166342	370	198
ENSG00000180543	333	316
ENSG00000159189	7	47
ENSG00000171163	36	42
ENSG00000148498	194	47
ENSG00000116120	182	38
ENSG00000152061	400	123
ENSG00000096092	283	111
ENSG00000239911	109	21
ENSG00000155858	198	148
ENSG00000116141	247	165
ENSG00000067842	538	313
ENSG00000008118	334	106
ENSG00000156471	307	71
ENSG00000198673	434	464
ENSG00000135018	161	360
ENSG00000109519	146	82
ENSG00000118276	411	235
ENSG00000138663	163	266
ENSG00000136535	300	119
ENSG00000139505	285	294
ENSG00000078902	231	406
ENSG00000162374	171	11
ENSG00000144820	16	66
ENSG00000162694	294	258
ENSG00000004779	230	284
ENSG00000176396	421	462
ENSG00000133243	40	24
ENSG00000008086	200	195
ENSG00000183230	14	8
ENSG00000117118	125	117
ENSG00000142168	303	223
ENSG00000136928	66	95
ENSG00000198739	203	339
ENSG00000120899	169	72
ENSG00000175497	376	357
ENSG00000115194	146	110
ENSG00000188191	209	223
ENSG00000186416	543	500
ENSG00000198689	726	572
ENSG00000166780	366	307
ENSG00000047315	227	294
ENSG00000132305	243	135
ENSG00000171314	158	176
ENSG00000174099	105	24
ENSG00000137100	219	270
ENSG00000182636	101	68
ENSG00000168490	157	97
ENSG00000006530	211	245
ENSG00000136950	231	308
ENSG00000140945	470	342
ENSG00000156515	333	399
ENSG00000046889	63	51
ENSG00000204856	434	408
ENSG00000135324	199	67
ENSG00000140740	283	132
ENSG00000149823	43	165
ENSG00000189159	442	205
ENSG00000146216	47	152
ENSG00000123119	288	11
ENSG00000138686	291	79
ENSG00000114686	114	180
ENSG00000213619	148	32
ENSG00000184388	379	131
ENSG00000137040	331	337
ENSG00000116544	80	145
ENSG00000115944	142	82
ENSG00000108797	381	251
ENSG00000163220	1	2
ENSG00000164442	127	213
ENSG00000163001	323	255
ENSG00000135932	161	435
ENSG00000273079	191	173
ENSG00000089169	220	291
ENSG00000108349	8	2
ENSG00000156411	133	94
ENSG00000138028	158	201
ENSG00000166908	311	201
ENSG00000165023	315	243
ENSG00000117395	217	322
ENSG00000117598	390	91
ENSG00000176903	169	160
ENSG00000162599	290	98
ENSG00000116161	27	46
ENSG00000154975	458	459
ENSG00000154118	72	178
ENSG00000136541	26	22
ENSG00000182400	350	338
ENSG00000174938	133	101
ENSG00000196290	280	218
ENSG00000157693	348	414
ENSG00000130643	225	37
ENSG00000082701	229	447
ENSG00000157214	412	10
ENSG00000124659	286	231
ENSG00000102226	365	98
ENSG00000152556	103	158
ENSG00000197386	81	241
ENSG00000266472	109	40
ENSG00000178171	286	276
ENSG00000167680	63	175
ENSG00000161057	101	101
ENSG00000104427	194	74
ENSG00000168314	9	9
ENSG00000114790	114	56
ENSG00000232434	49	100
ENSG00000162639	267	110
ENSG00000055070	71	73
ENSG00000130758	58	95
ENSG00000099364	90	212
ENSG00000159377	74	20
ENSG00000111218	244	161
ENSG00000152931	262	65
ENSG00000172375	277	422
ENSG00000006128	26	6
ENSG00000185272	237	24
ENSG00000167778	281	264
ENSG00000170921	168	226
ENSG00000187601	325	492
ENSG00000163468	7	9
ENSG00000233508	324	64
ENSG00000240764	225	191
ENSG00000091656	91	14
ENSG00000233705	354	266
ENSG00000174996	342	347
ENSG00000250020	31	64
ENSG00000144227	218	35
ENSG00000177971	75	76
ENSG00000185008	279	171
ENSG00000075790	384	244
ENSG00000118898	254	272
ENSG00000172336	274	370
ENSG00000076554	251	50
ENSG00000143164	279	400
ENSG00000122733	254	447
ENSG00000108094	299	580
ENSG00000186260	265	159
ENSG00000151952	223	413
ENSG00000128609	197	132
ENSG00000110514	161	330
ENSG00000198612	209	125
ENSG00000005249	195	30
ENSG00000181754	228	316
ENSG00000168993	49	86
ENSG00000157445	96	37
ENSG00000174437	299	550
ENSG00000133816	152	224
ENSG00000196305	212	122
ENSG00000196950	328	427
ENSG00000110171	227	206
ENSG00000141367	377	384
ENSG00000186288	363	235
ENSG00000124688	201	261
ENSG00000072062	278	189
ENSG00000147655	345	242
ENSG00000117016	164	280
ENSG00000145730	235	284
ENSG00000110931	423	259
ENSG00000077152	181	38
ENSG00000138207	219	258
ENSG00000225697	19	13
ENSG00000172031	373	88
ENSG00000166579	316	543
ENSG00000215712	297	340
ENSG00000169231	10	13
ENSG00000228474	10	24
ENSG00000146072	177	210
ENSG00000163618	339	136
ENSG00000101152	202	405
ENSG00000177511	481	328
ENSG00000196542	305	90
ENSG00000055130	299	396
ENSG00000136750	255	105
ENSG00000137727	134	286
ENSG00000142655	67	153
ENSG00000241859	4	24
ENSG00000170214	56	95
ENSG00000126461	106	261
ENSG00000121753	98	206
ENSG00000146006	325	47
ENSG00000021645	190	145
ENSG00000100852	72	41
ENSG00000136842	228	43
ENSG00000170786	374	243
ENSG00000102078	261	124
ENSG00000171435	89	48
ENSG00000113558	169	108
ENSG00000163013	80	201
ENSG00000241973	332	464
ENSG00000132975	346	187
ENSG00000176749	197	147
ENSG00000182916	244	179
ENSG00000151322	10	14
ENSG00000143520	4	21
ENSG00000180440	414	385
ENSG00000116731	57	20
ENSG00000204580	34	63
ENSG00000130226	118	218
ENSG00000189410	259	97
ENSG00000071054	34	6
ENSG00000148411	64	56
ENSG00000066422	74	112
ENSG00000165985	214	194
ENSG00000136942	5	18
ENSG00000158286	13	36
ENSG00000075651	5	6
ENSG00000163818	288	219
ENSG00000225359	13	24
ENSG00000137726	190	79
ENSG00000170899	45	21
ENSG00000178567	273	1
ENSG00000083168	71	24
ENSG00000151490	401	226
ENSG00000168135	146	203
ENSG00000099341	75	55
ENSG00000143502	231	137
ENSG00000152954	240	107
ENSG00000211900	27	32
ENSG00000104738	170	117
ENSG00000103415	263	304
ENSG00000111669	32	40
ENSG00000175182	250	309
ENSG00000242419	14	12
ENSG00000119862	228	158
ENSG00000081803	191	126
ENSG00000003402	235	30
ENSG00000261115	192	272
ENSG00000104888	377	334
ENSG00000109756	126	302
ENSG00000004660	386	238
ENSG00000162618	11	29
ENSG00000155093	149	323
ENSG00000134333	118	79
ENSG00000225953	217	69
ENSG00000152784	175	213
ENSG00000144597	118	186
ENSG00000157764	184	171
ENSG00000105223	261	359
ENSG00000104447	81	50
ENSG00000197535	249	397
ENSG00000182934	183	171
ENSG00000188229	195	17
ENSG00000019582	5	33
ENSG00000134504	192	199
ENSG00000150394	385	325
ENSG00000196935	193	40
ENSG00000061938	17	24
ENSG00000253368	318	99
ENSG00000150995	198	225
ENSG00000184672	182	61
ENSG00000060140	430	194
ENSG00000186377	115	47
ENSG00000106123	139	92
ENSG00000245293	12	3
ENSG00000198380	261	105
ENSG00000113594	22	31
ENSG00000115828	313	197
ENSG00000172915	280	565
ENSG00000077080	152	95
ENSG00000164109	230	95
ENSG00000100138	419	368
ENSG00000107104	180	22
ENSG00000062485	273	214
ENSG00000166848	185	143
ENSG00000164332	140	156
ENSG00000137547	157	44
ENSG00000110697	31	114
ENSG00000204314	152	63
ENSG00000172824	21	41
ENSG00000144357	136	165
ENSG00000076826	144	316
ENSG00000023330	79	107
ENSG00000124194	371	276
ENSG00000143155	288	226
ENSG00000133872	129	366
ENSG00000139190	280	69
ENSG00000105605	71	141
ENSG00000181191	217	161
ENSG00000149582	261	262
ENSG00000156113	170	106
ENSG00000145428	370	122
ENSG00000150768	89	195
ENSG00000148082	18	68
ENSG00000115762	295	161
ENSG00000038274	204	298
ENSG00000198794	123	240
ENSG00000083857	19	40
ENSG00000126583	290	200
ENSG00000135631	100	289
ENSG00000172260	165	55
ENSG00000138834	120	219
ENSG00000178965	166	52
ENSG00000138698	167	346
ENSG00000132669	100	63
ENSG00000160716	323	226
ENSG00000168653	21	21
ENSG00000162377	123	344
ENSG00000263874	259	174
ENSG00000122705	67	66
ENSG00000176771	27	2
ENSG00000182836	283	97
ENSG00000273841	113	21
ENSG00000248905	115	103
ENSG00000075415	312	250
ENSG00000155324	76	57
ENSG00000158815	10	20
ENSG00000135423	69	29
ENSG00000070761	242	302
ENSG00000009844	148	331
ENSG00000133985	248	433
ENSG00000144331	87	185
ENSG00000163412	305	346
ENSG00000272031	194	242
ENSG00000100095	260	157
ENSG00000107864	103	64
ENSG00000102978	96	55
ENSG00000196642	6	2
ENSG00000175602	19	56
ENSG00000158195	93	76
ENSG00000184349	23	7
ENSG00000143061	156	201
ENSG00000185479	4	8
ENSG00000135070	212	370
ENSG00000148925	154	500
ENSG00000145555	71	32
ENSG00000134375	165	155
ENSG00000068366	389	289
ENSG00000179841	378	259
ENSG00000144645	181	79
ENSG00000132694	55	153
ENSG00000179222	64	106
ENSG00000171126	113	68
ENSG00000189043	85	38
ENSG00000263503	2	2
ENSG00000183648	4	6
ENSG00000090565	37	185
ENSG00000286214	126	7
ENSG00000069956	111	93
ENSG00000138107	99	49
ENSG00000116478	173	157
ENSG00000174516	259	421
ENSG00000122873	271	150
ENSG00000119865	237	334
ENSG00000171316	227	130
ENSG00000174607	20	10
ENSG00000011083	11	9
ENSG00000160963	86	159
ENSG00000213983	29	30
ENSG00000172037	38	42
ENSG00000103723	61	45
ENSG00000143436	45	4
ENSG00000196814	9	2
ENSG00000142937	18	24
ENSG00000111961	93	76
ENSG00000242265	105	16
ENSG00000166685	53	10
ENSG00000157827	25	2
ENSG00000164853	21	88
ENSG00000160877	31	30
ENSG00000011677	560	360
ENSG00000150093	35	37
ENSG00000148834	105	13
ENSG00000145882	39	12
ENSG00000163950	251	48
ENSG00000113658	65	87
ENSG00000115685	211	446
ENSG00000151067	79	105
ENSG00000128849	70	36
ENSG00000101856	404	321
ENSG00000121957	39	9
ENSG00000204071	85	91
ENSG00000249877	9	54
ENSG00000259153	159	189
ENSG00000123545	160	273
ENSG00000226762	305	104
ENSG00000127220	62	106
ENSG00000105613	41	58
ENSG00000100320	212	172
ENSG00000164619	128	52
ENSG00000198840	4	4
ENSG00000122574	67	6
ENSG00000237190	177	234
ENSG00000179115	224	395
ENSG00000054277	198	3
ENSG00000129116	35	51
ENSG00000007237	392	297
ENSG00000179091	50	57
ENSG00000121905	179	31
ENSG00000122824	283	286
ENSG00000152382	116	192
ENSG00000144711	51	146
ENSG00000173905	18	28
ENSG00000116117	108	41
ENSG00000165629	160	133
ENSG00000174460	402	161
ENSG00000054803	356	286
ENSG00000275342	61	156
ENSG00000129355	207	95
ENSG00000108946	106	159
ENSG00000111490	281	107
ENSG00000048991	33	20
ENSG00000144021	54	148
ENSG00000101365	103	198
ENSG00000143653	88	56
ENSG00000008056	132	70
ENSG00000146535	72	60
ENSG00000149091	52	73
ENSG00000178234	95	101
ENSG00000138442	135	228
ENSG00000005339	15	27
ENSG00000143858	3	3
ENSG00000177542	104	110
ENSG00000186479	127	232
ENSG00000162989	144	153
ENSG00000116199	118	399
ENSG00000188021	467	328
ENSG00000172380	11	61
ENSG00000115825	75	105
ENSG00000067191	295	263
ENSG00000126088	29	23
ENSG00000133026	187	250
ENSG00000163516	17	19
ENSG00000102468	90	15
ENSG00000172602	158	3
ENSG00000119771	33	32
ENSG00000163820	91	62
ENSG00000102678	66	2
ENSG00000179604	80	36
ENSG00000168032	247	105
ENSG00000130881	30	46
ENSG00000105270	101	213
ENSG00000257127	31	71
ENSG00000196961	110	247
ENSG00000160469	63	109
ENSG00000145526	110	36
ENSG00000131263	434	311
ENSG00000142676	9	19
ENSG00000274576	17	71
ENSG00000140262	59	43
ENSG00000251643	10	50
ENSG00000260197	5	23
ENSG00000134343	215	63
ENSG00000095713	113	176
ENSG00000183783	231	174
ENSG00000107954	62	129
ENSG00000150672	38	104
ENSG00000162975	107	232
ENSG00000165886	26	8
ENSG00000103034	269	161
ENSG00000152578	138	88
ENSG00000175606	232	38
ENSG00000185567	148	84
ENSG00000148730	30	57
ENSG00000168496	122	248
ENSG00000137076	74	93
ENSG00000168502	127	215
ENSG00000197324	87	111
ENSG00000139637	234	68
ENSG00000177181	174	178
ENSG00000067992	464	413
ENSG00000103512	119	176
ENSG00000136930	184	75
ENSG00000154582	106	41
ENSG00000174145	110	36
ENSG00000184524	62	119
ENSG00000146386	203	49
ENSG00000151136	78	23
ENSG00000184368	78	12
ENSG00000162783	45	43
ENSG00000272163	106	313
ENSG00000055163	175	126
ENSG00000186732	225	414
ENSG00000162407	4	15
ENSG00000170477	30	110
ENSG00000147642	229	144
ENSG00000074317	92	1
ENSG00000198815	98	90
ENSG00000106133	9	32
ENSG00000140284	238	14
ENSG00000164032	60	61
ENSG00000198492	170	90
ENSG00000163634	147	87
ENSG00000112972	2	4
ENSG00000164405	26	26
ENSG00000186111	57	145
ENSG00000237737	145	25
ENSG00000198478	286	429
ENSG00000114631	46	40
ENSG00000122126	277	257
ENSG00000129682	530	456
ENSG00000184144	12	9
ENSG00000204655	14	16
ENSG00000117410	76	45
ENSG00000149972	80	29
ENSG00000254122	6	10
ENSG00000008869	130	218
ENSG00000149926	65	113
ENSG00000180720	130	130
ENSG00000177380	120	246
ENSG00000180611	217	402
ENSG00000126602	194	160
ENSG00000178385	63	121
ENSG00000144567	24	237
ENSG00000005194	108	211
ENSG00000137267	215	165
ENSG00000136205	38	15
ENSG00000162337	19	14
ENSG00000175535	19	52
ENSG00000128285	373	235
ENSG00000101557	238	262
ENSG00000134775	118	302
ENSG00000167815	168	77
ENSG00000186487	34	44
ENSG00000117298	55	31
ENSG00000101654	256	80
ENSG00000077254	167	91
ENSG00000164742	132	185
ENSG00000168439	4	8
ENSG00000147669	34	30
ENSG00000164038	104	170
ENSG00000253719	236	295
ENSG00000107518	149	347
ENSG00000133878	272	170
ENSG00000108883	131	112
ENSG00000158985	175	405
ENSG00000141668	248	169
ENSG00000148606	241	84
ENSG00000166159	300	219
ENSG00000196498	26	28
ENSG00000135454	32	7
ENSG00000175906	203	10
ENSG00000185721	277	118
ENSG00000168878	18	44
ENSG00000169247	5	5
ENSG00000168291	58	70
ENSG00000205937	186	232
ENSG00000067606	231	237
ENSG00000112695	16	20
ENSG00000184277	150	71
ENSG00000149575	90	45
ENSG00000115665	11	43
ENSG00000171992	56	75
ENSG00000011426	14	2
ENSG00000108509	84	314
ENSG00000137221	3	5
ENSG00000186908	208	110
ENSG00000106976	143	26
ENSG00000106608	67	98
ENSG00000169710	20	80
ENSG00000105402	257	281
ENSG00000116747	29	55
ENSG00000119866	85	51
ENSG00000101977	297	193
ENSG00000049769	119	280
ENSG00000204789	200	116
ENSG00000168843	189	57
ENSG00000125510	308	42
ENSG00000055609	50	17
ENSG00000228794	151	233
ENSG00000146352	132	322
ENSG00000182247	195	122
ENSG00000255302	140	165
ENSG00000187094	245	213
ENSG00000152214	137	18
ENSG00000198804	10	9
ENSG00000149927	263	46
ENSG00000095203	96	62
ENSG00000162729	162	143
ENSG00000164070	6	3
ENSG00000163938	151	87
ENSG00000186166	5	14
ENSG00000143772	38	57
ENSG00000159069	46	86
ENSG00000165280	112	141
ENSG00000136738	183	289
ENSG00000186350	41	23
ENSG00000154237	44	21
ENSG00000154380	60	24
ENSG00000211459	1	1
ENSG00000010818	111	276
ENSG00000166181	179	59
ENSG00000169018	208	275
ENSG00000118596	94	43
ENSG00000013275	174	103
ENSG00000124570	261	41
ENSG00000163285	19	26
ENSG00000143970	34	9
ENSG00000139220	44	168
ENSG00000184831	185	38
ENSG00000115839	103	307
ENSG00000143198	23	19
ENSG00000201185	21	57
ENSG00000084234	56	214
ENSG00000075035	43	170
ENSG00000091483	56	8
ENSG00000178531	28	94
ENSG00000115252	70	2
ENSG00000182095	23	30
ENSG00000095059	13	27
ENSG00000131409	65	123
ENSG00000171791	37	25
ENSG00000148700	25	26
ENSG00000119242	44	28
ENSG00000151465	80	29
ENSG00000175215	116	9
ENSG00000130382	23	18
ENSG00000139200	157	134
ENSG00000260804	193	198
ENSG00000165061	156	138
ENSG00000122550	192	51
ENSG00000184905	45	23
ENSG00000137177	155	6
ENSG00000050438	87	109
ENSG00000212864	40	82
ENSG00000164190	68	35
ENSG00000180875	155	73
ENSG00000166479	217	109
ENSG00000111249	20	71
ENSG00000147488	22	16
ENSG00000023516	134	215
ENSG00000018189	121	4
ENSG00000275896	7	29
ENSG00000183020	158	294
ENSG00000164161	13	9
ENSG00000119318	50	144
ENSG00000130479	60	223
ENSG00000073670	55	32
ENSG00000168329	1	1
ENSG00000198899	8	6
ENSG00000129484	22	18
ENSG00000129990	276	175
ENSG00000155970	42	5
ENSG00000162889	50	75
ENSG00000116251	2	2
ENSG00000109790	45	13
ENSG00000165959	9	1
ENSG00000122026	11	19
ENSG00000112514	90	44
ENSG00000205562	158	208
ENSG00000126267	39	31
ENSG00000115484	8	30
ENSG00000147799	45	41
ENSG00000165478	27	24
ENSG00000107263	35	22
ENSG00000213186	3	7
ENSG00000165495	188	181
ENSG00000177182	187	181
ENSG00000180998	171	35
ENSG00000139132	47	36
ENSG00000168090	49	28
ENSG00000198300	294	115
ENSG00000007080	13	17
ENSG00000141385	263	319
ENSG00000261934	3	5
ENSG00000136861	180	9
ENSG00000176105	65	78
ENSG00000133265	49	109
ENSG00000163110	64	66
ENSG00000135426	177	70
ENSG00000198780	86	100
ENSG00000103647	46	28
ENSG00000186907	40	71
ENSG00000097033	41	54
ENSG00000213672	123	213
ENSG00000277739	2	22
ENSG00000070182	70	67
ENSG00000152082	9	47
ENSG00000115947	172	256
ENSG00000167972	79	198
ENSG00000039560	55	5
ENSG00000135439	118	247
ENSG00000145293	63	129
ENSG00000184384	59	87
ENSG00000130956	164	275
ENSG00000134250	44	53
ENSG00000145451	28	14
ENSG00000196419	223	283
ENSG00000113645	27	4
ENSG00000196353	129	75
ENSG00000010017	31	55
ENSG00000182870	67	147
ENSG00000182568	91	252
ENSG00000119950	26	4
ENSG00000106665	10	3
ENSG00000139668	184	46
ENSG00000188647	29	76
ENSG00000179915	109	45
ENSG00000135519	113	109
ENSG00000159352	29	32
ENSG00000079313	42	80
ENSG00000166508	28	19
ENSG00000163346	15	15
ENSG00000131808	26	32
ENSG00000111647	66	83
ENSG00000224051	24	77
ENSG00000173064	36	147
ENSG00000225465	106	25
ENSG00000114405	98	28
ENSG00000184007	13	2
ENSG00000084093	63	74
ENSG00000164124	6	14
ENSG00000114353	1	2
ENSG00000072840	30	16
ENSG00000181220	37	62
ENSG00000105642	19	42
ENSG00000070214	16	11
ENSG00000105376	129	170
ENSG00000105063	10	73
ENSG00000123384	6	11
ENSG00000104067	35	31
ENSG00000156475	164	149
ENSG00000145147	54	81
ENSG00000165995	144	45
ENSG00000215580	13	23
ENSG00000204983	4	27
ENSG00000152642	136	236
ENSG00000116030	88	93
ENSG00000136267	199	307
ENSG00000136167	9	49
ENSG00000173175	26	134
ENSG00000033627	191	238
ENSG00000149654	183	336
ENSG00000085733	1	1
ENSG00000213023	198	407
ENSG00000185090	53	31
ENSG00000160972	30	25
ENSG00000143409	19	12
ENSG00000107745	109	22
ENSG00000088812	96	255
ENSG00000134490	239	133
ENSG00000117643	58	26
ENSG00000135750	231	203
ENSG00000088888	208	66
ENSG00000197170	279	42
ENSG00000177169	55	97
ENSG00000099991	8	23
ENSG00000197971	7	4
ENSG00000197586	180	278
ENSG00000105738	36	43
ENSG00000011523	17	70
ENSG00000198712	4	1
ENSG00000138326	8	18
ENSG00000131697	4	4
ENSG00000117245	82	23
ENSG00000167004	1	1
ENSG00000078725	48	154
ENSG00000170075	12	6
ENSG00000124920	12	17
ENSG00000146122	16	7
ENSG00000141568	46	115
ENSG00000119471	20	24
ENSG00000120896	36	31
ENSG00000140299	109	54
ENSG00000144218	29	74
ENSG00000158258	58	27
ENSG00000198910	488	474
ENSG00000038382	32	48
ENSG00000100744	113	146
ENSG00000119421	25	21
ENSG00000158869	2	35
ENSG00000229847	18	28
ENSG00000232040	82	88
ENSG00000018408	41	72
ENSG00000152822	75	67
ENSG00000065526	9	5
ENSG00000149970	184	62
ENSG00000154096	52	24
ENSG00000117155	110	122
ENSG00000130414	25	22
ENSG00000182674	98	150
ENSG00000179104	3	1
ENSG00000023572	117	61
ENSG00000075539	7	2
ENSG00000163565	2	25
ENSG00000156711	99	43
ENSG00000163798	74	208
ENSG00000154548	224	7
ENSG00000112851	24	41
ENSG00000148400	21	19
ENSG00000161016	9	18
ENSG00000108947	140	71
ENSG00000242808	9	18
ENSG00000196453	30	59
ENSG00000146966	41	4
ENSG00000134780	87	235
ENSG00000182481	131	89
ENSG00000207389	13	56
ENSG00000178764	36	45
ENSG00000159248	336	158
ENSG00000155744	47	2
ENSG00000138434	100	NA
ENSG00000123570	296	80
ENSG00000197444	141	27
ENSG00000165895	47	44
ENSG00000172115	99	44
ENSG00000011347	77	35
ENSG00000183775	78	74
ENSG00000151376	43	32
ENSG00000184867	66	20
ENSG00000143013	151	188
ENSG00000129493	191	13
ENSG00000185774	121	81
ENSG00000005448	49	15
ENSG00000187122	119	34
ENSG00000131238	48	13
ENSG00000085719	28	73
ENSG00000131143	33	24
ENSG00000015676	8	122
ENSG00000175115	6	19
ENSG00000162944	88	35
ENSG00000061794	55	113
ENSG00000057663	104	251
ENSG00000134057	138	9
ENSG00000155511	62	25
ENSG00000145545	107	263
ENSG00000154146	53	69
ENSG00000268182	147	5
ENSG00000288062	53	77
ENSG00000171956	34	56
ENSG00000184557	3	24
ENSG00000099917	11	32
ENSG00000166441	17	34
ENSG00000150753	13	18
ENSG00000196220	6	5
ENSG00000028116	19	1
ENSG00000273611	10	15
ENSG00000135837	60	13
ENSG00000116299	145	16
ENSG00000136040	239	220
ENSG00000075303	171	148
ENSG00000286220	3	6
ENSG00000127946	46	17
ENSG00000111696	104	29
ENSG00000106682	31	102
ENSG00000134569	52	63
ENSG00000182899	7	10
ENSG00000181666	6	5
ENSG00000136827	62	143
ENSG00000171867	179	193
ENSG00000173473	120	30
ENSG00000146476	29	5
ENSG00000250510	10	2
ENSG00000136770	2	1
ENSG00000131473	89	138
ENSG00000063015	199	93
ENSG00000174132	24	21
ENSG00000121871	61	155
ENSG00000197322	37	40
ENSG00000164889	14	3
ENSG00000104852	12	27
ENSG00000163053	158	121
ENSG00000004897	218	333
ENSG00000232044	6	5
ENSG00000179388	19	21
ENSG00000127511	110	132
ENSG00000172995	33	9
ENSG00000113638	71	21
ENSG00000122490	24	66
ENSG00000173320	82	158
ENSG00000108389	91	50
ENSG00000127995	102	8
ENSG00000126432	55	58
ENSG00000135503	89	36
ENSG00000160539	43	85
ENSG00000188322	34	29
ENSG00000092820	13	13
ENSG00000115216	26	67
ENSG00000104327	54	29
ENSG00000172466	17	42
ENSG00000067369	74	84
ENSG00000158008	25	45
ENSG00000070831	33	12
ENSG00000138134	83	59
ENSG00000134996	155	105
ENSG00000067900	181	58
ENSG00000188730	54	67
ENSG00000139722	6	8
ENSG00000099624	9	29
ENSG00000233476	1	6
ENSG00000140474	5	4
ENSG00000180488	22	12
ENSG00000162852	101	60
ENSG00000101846	233	214
ENSG00000172888	217	8
ENSG00000132153	29	173
ENSG00000163462	11	22
ENSG00000004961	218	370
ENSG00000173621	23	21
ENSG00000059377	6	21
ENSG00000169851	72	109
ENSG00000154511	73	48
ENSG00000013297	6	2
ENSG00000169439	6	52
ENSG00000103326	18	14
ENSG00000189223	1	1
ENSG00000158864	12	19
ENSG00000214376	116	103
ENSG00000158467	17	35
ENSG00000106571	21	22
ENSG00000165121	72	34
ENSG00000101421	133	209
ENSG00000166167	52	170
ENSG00000178233	17	122
ENSG00000189079	56	7
ENSG00000167535	31	34
ENSG00000073910	109	179
ENSG00000143756	63	106
ENSG00000157778	22	91
ENSG00000166681	239	153
ENSG00000185122	12	7
ENSG00000185787	75	161
ENSG00000154822	163	227
ENSG00000115966	71	117
ENSG00000063245	58	176
ENSG00000065665	26	11
ENSG00000008735	162	160
ENSG00000261678	18	34
ENSG00000116604	119	233
ENSG00000173369	13	49
ENSG00000079335	35	32
ENSG00000173611	71	21
ENSG00000125848	201	53
ENSG00000136830	53	27
ENSG00000133703	193	423
ENSG00000128482	38	22
ENSG00000121481	64	1
ENSG00000126705	39	59
ENSG00000183049	32	38
ENSG00000136280	16	27
ENSG00000196187	7	16
ENSG00000264522	55	16
ENSG00000144730	11	12
ENSG00000136810	27	5
ENSG00000258890	8	5
ENSG00000162373	36	39
ENSG00000167491	10	5
ENSG00000166073	65	170
ENSG00000057608	35	55
ENSG00000204248	4	16
ENSG00000101849	122	111
ENSG00000143952	93	7
ENSG00000125037	57	21
ENSG00000108528	12	15
ENSG00000137996	108	82
ENSG00000150051	75	5
ENSG00000171444	14	27
ENSG00000204147	54	NA
ENSG00000181915	10	71
ENSG00000137409	35	148
ENSG00000101400	21	16
ENSG00000114166	58	83
ENSG00000182621	78	11
ENSG00000137166	21	100
ENSG00000143786	37	15
ENSG00000272321	37	2
ENSG00000078114	26	48
ENSG00000134986	54	13
ENSG00000103591	96	138
ENSG00000247556	76	61
ENSG00000122786	26	24
ENSG00000134909	37	38
ENSG00000170465	8	24
ENSG00000126067	70	4
ENSG00000076555	2	1
ENSG00000069702	4	51
ENSG00000139767	92	28
ENSG00000164292	42	67
ENSG00000158109	52	243
ENSG00000148154	131	35
ENSG00000104369	39	64
ENSG00000156639	15	12
ENSG00000179918	30	49
ENSG00000204287	6	24
ENSG00000109065	3	6
ENSG00000189369	269	70
ENSG00000125743	21	13
ENSG00000146426	49	1
ENSG00000132613	51	12
ENSG00000148175	21	59
ENSG00000063176	19	33
ENSG00000130559	41	189
ENSG00000128011	23	76
ENSG00000183780	23	18
ENSG00000239779	2	1
ENSG00000164100	54	78
ENSG00000197555	12	21
ENSG00000110925	112	50
ENSG00000164266	8	41
ENSG00000114388	16	9
ENSG00000119522	6	22
ENSG00000111530	22	160
ENSG00000129596	102	NA
ENSG00000277791	78	33
ENSG00000132359	27	76
ENSG00000006283	50	20
ENSG00000218336	63	170
ENSG00000159733	36	17
ENSG00000147604	14	16
ENSG00000102935	36	22
ENSG00000133135	339	125
ENSG00000116396	25	90
ENSG00000109787	20	19
ENSG00000150907	35	99
ENSG00000104866	47	172
ENSG00000104331	74	61
ENSG00000168385	10	5
ENSG00000197892	13	2
ENSG00000166793	38	7
ENSG00000215788	19	24
ENSG00000163513	15	27
ENSG00000128602	45	29
ENSG00000092051	66	122
ENSG00000172493	18	15
ENSG00000166224	198	3
ENSG00000084754	4	7
ENSG00000096654	94	21
ENSG00000184545	11	25
ENSG00000198113	3	4
ENSG00000198242	17	30
ENSG00000169604	8	30
ENSG00000167615	18	20
ENSG00000126464	44	126
ENSG00000141458	2	3
ENSG00000184117	116	218
ENSG00000166411	146	320
ENSG00000152689	11	2
ENSG00000070778	36	9
ENSG00000260838	10	1
ENSG00000165406	23	2
ENSG00000119986	162	164
ENSG00000229238	2	1
ENSG00000144550	3	1
ENSG00000170606	1	9
ENSG00000188352	69	8
ENSG00000067141	24	28
ENSG00000115641	152	45
ENSG00000091622	70	152
ENSG00000204052	79	122
ENSG00000128654	78	49
ENSG00000136710	42	92
ENSG00000104643	36	25
ENSG00000205189	23	32
ENSG00000085831	2	NA
ENSG00000154429	70	38
ENSG00000170989	24	53
ENSG00000125846	8	13
ENSG00000127666	29	95
ENSG00000184203	37	68
ENSG00000077522	38	23
ENSG00000114270	11	17
ENSG00000015592	17	1
ENSG00000111266	5	NA
ENSG00000145012	24	22
ENSG00000115386	5	23
ENSG00000184983	25	9
ENSG00000111058	37	37
ENSG00000184347	23	20
ENSG00000001629	72	15
ENSG00000131174	70	43
ENSG00000124243	203	282
ENSG00000134748	16	7
ENSG00000144713	14	20
ENSG00000150054	171	5
ENSG00000077585	12	23
ENSG00000092068	82	37
ENSG00000112232	16	15
ENSG00000146648	11	19
ENSG00000203761	11	20
ENSG00000108018	34	8
ENSG00000132463	26	181
ENSG00000124702	11	24
ENSG00000115977	19	24
ENSG00000197157	3	14
ENSG00000119705	4	6
ENSG00000166197	39	130
ENSG00000143575	19	8
ENSG00000114738	1	3
ENSG00000143499	37	27
ENSG00000204396	53	16
ENSG00000185811	1	17
ENSG00000116221	41	167
ENSG00000144355	4	12
ENSG00000261786	4	6
ENSG00000167881	93	144
ENSG00000157782	21	2
ENSG00000007264	37	42
ENSG00000073464	177	412
ENSG00000116459	44	24
ENSG00000012232	12	79
ENSG00000134030	32	76
ENSG00000101298	13	18
ENSG00000138696	35	50
ENSG00000125869	109	18
ENSG00000182389	8	NA
ENSG00000055208	7	3
ENSG00000163349	5	18
ENSG00000180370	28	68
ENSG00000124733	27	26
ENSG00000175352	127	72
ENSG00000101438	95	165
ENSG00000084623	17	NA
ENSG00000167037	212	62
ENSG00000124134	145	33
ENSG00000129646	4	12
ENSG00000198604	99	66
ENSG00000147724	76	87
ENSG00000119446	43	46
ENSG00000160695	47	95
ENSG00000125827	180	249
ENSG00000113552	8	4
ENSG00000140941	57	44
ENSG00000080822	12	13
ENSG00000183580	25	36
ENSG00000100485	61	18
ENSG00000097007	49	24
ENSG00000078804	10	4
ENSG00000116133	61	112
ENSG00000153443	21	29
ENSG00000115568	8	75
ENSG00000111731	36	18
ENSG00000100519	18	30
ENSG00000112697	28	20
ENSG00000035720	20	36
ENSG00000181072	33	1
ENSG00000023228	29	23
ENSG00000139636	12	5
ENSG00000147459	10	7
ENSG00000175265	12	30
ENSG00000166501	37	37
ENSG00000091129	67	42
ENSG00000091513	9	7
ENSG00000004478	2	3
ENSG00000064393	24	17
ENSG00000108176	57	7
ENSG00000140398	21	33
ENSG00000155886	69	45
ENSG00000133624	9	8
ENSG00000198563	3	8
ENSG00000074054	20	87
ENSG00000187984	5	6
ENSG00000075043	106	204
ENSG00000004534	10	22
ENSG00000169258	122	211
ENSG00000081237	7	41
ENSG00000188419	226	135
ENSG00000153820	6	10
ENSG00000079134	14	10
ENSG00000187498	1	1
ENSG00000114120	52	NA
ENSG00000164418	16	9
ENSG00000170743	8	NA
ENSG00000133424	169	302
ENSG00000090861	78	208
ENSG00000129055	43	21
ENSG00000042753	195	88
ENSG00000213949	8	8
ENSG00000166913	90	11
ENSG00000136848	15	8
ENSG00000198258	26	21
ENSG00000099308	23	121
ENSG00000114439	27	23
ENSG00000054690	10	13
ENSG00000067646	2	22
ENSG00000143947	1	1
ENSG00000237515	19	21
ENSG00000211456	72	110
ENSG00000136720	6	11
ENSG00000158941	97	445
ENSG00000135365	21	7
ENSG00000006831	26	10
ENSG00000129422	31	6
ENSG00000164880	5	65
ENSG00000259583	203	265
ENSG00000130193	7	24
ENSG00000099864	18	12
ENSG00000206579	66	46
ENSG00000142961	38	56
ENSG00000124406	65	20
ENSG00000131002	2	22
ENSG00000156097	96	29
ENSG00000240891	86	5
ENSG00000167114	46	216
ENSG00000127838	21	3
ENSG00000187486	11	24
ENSG00000135940	1	2
ENSG00000182326	1	2
ENSG00000176171	16	3
ENSG00000169715	2	1
ENSG00000183317	19	6
ENSG00000159409	43	32
ENSG00000262655	5	14
ENSG00000126947	123	136
ENSG00000159176	5	2
ENSG00000044459	48	1
ENSG00000177807	4	5
ENSG00000171823	17	125
ENSG00000140280	41	13
ENSG00000167674	6	32
ENSG00000132535	52	41
ENSG00000168309	2	2
ENSG00000143337	12	22
ENSG00000214106	16	17
ENSG00000136802	11	14
ENSG00000112651	71	37
ENSG00000118432	57	8
ENSG00000151917	76	195
ENSG00000182578	7	31
ENSG00000177119	16	42
ENSG00000023171	38	131
ENSG00000174917	27	3
ENSG00000134709	29	4
ENSG00000067221	44	92
ENSG00000276547	1	8
ENSG00000143384	2	8
ENSG00000143761	16	3
ENSG00000049245	9	9
ENSG00000247596	5	35
ENSG00000145675	54	368
ENSG00000115307	6	52
ENSG00000123091	14	79
ENSG00000180900	15	17
ENSG00000125841	43	115
ENSG00000135404	11	14
ENSG00000080493	5	17
ENSG00000164129	26	4
ENSG00000230910	5	42
ENSG00000114554	10	37
ENSG00000100030	63	63
ENSG00000168461	25	35
ENSG00000142634	10	3
ENSG00000143847	4	12
ENSG00000139631	13	40
ENSG00000107862	12	53
ENSG00000116786	1	1
ENSG00000267056	1	2
ENSG00000067225	87	30
ENSG00000105855	18	30
ENSG00000175662	6	18
ENSG00000117308	3	6
ENSG00000112996	78	228
ENSG00000278727	115	41
ENSG00000127837	6	1
ENSG00000113721	50	NA
ENSG00000198843	6	2
ENSG00000145623	10	43
ENSG00000286190	81	145
ENSG00000220875	20	25
ENSG00000136869	20	13
ENSG00000181826	8	35
ENSG00000137507	4	11
ENSG00000172023	18	18
ENSG00000171051	5	24
ENSG00000077264	301	109
ENSG00000112576	3	2
ENSG00000148143	38	14
ENSG00000163833	68	NA
ENSG00000157191	36	28
ENSG00000107738	17	22
ENSG00000144619	113	70
ENSG00000149657	87	141
ENSG00000162430	32	18
ENSG00000270170	34	234
ENSG00000197177	128	55
ENSG00000224531	48	41
ENSG00000125492	9	59
ENSG00000162378	6	8
ENSG00000138629	46	48
ENSG00000152990	7	9
ENSG00000184515	31	4
ENSG00000187164	11	7
ENSG00000169871	72	28
ENSG00000143153	36	1
ENSG00000170445	47	18
ENSG00000198618	2	3
ENSG00000204394	73	54
ENSG00000116001	1	3
ENSG00000285668	2	3
ENSG00000148334	55	200
ENSG00000133789	45	29
ENSG00000104059	23	77
ENSG00000178741	53	87
ENSG00000139625	15	28
ENSG00000125675	302	87
ENSG00000157388	3	1
ENSG00000100938	38	185
ENSG00000253305	2	3
ENSG00000153048	34	28
ENSG00000118181	9	14
ENSG00000163902	15	17
ENSG00000126878	10	7
ENSG00000286728	7	9
ENSG00000125966	40	70
ENSG00000167889	33	97
ENSG00000183258	16	30
ENSG00000104365	10	4
ENSG00000188042	34	25
ENSG00000204843	14	236
ENSG00000132970	2	2
ENSG00000223705	21	33
ENSG00000244627	19	46
ENSG00000128731	1	26
ENSG00000184900	22	38
ENSG00000184408	105	146
ENSG00000133275	24	20
ENSG00000145934	5	19
ENSG00000154914	29	3
ENSG00000079308	18	22
ENSG00000004766	56	207
ENSG00000010322	16	26
ENSG00000236901	11	47
ENSG00000109670	13	NA
ENSG00000111912	78	29
ENSG00000115520	42	21
ENSG00000165916	10	13
ENSG00000101132	80	18
ENSG00000169884	47	1
ENSG00000134308	7	69
ENSG00000170653	8	14
ENSG00000151743	44	24
ENSG00000008282	5	22
ENSG00000172757	56	55
ENSG00000181656	53	1
ENSG00000104660	15	3
ENSG00000181291	5	8
ENSG00000167524	6	18
ENSG00000118046	4	1
ENSG00000143631	4	17
ENSG00000131469	8	21
ENSG00000163534	6	11
ENSG00000103852	123	4
ENSG00000006025	17	35
ENSG00000071967	6	27
ENSG00000211653	1	8
ENSG00000146242	65	31
ENSG00000243232	23	129
ENSG00000186174	5	11
ENSG00000065809	20	25
ENSG00000153815	32	15
ENSG00000143294	8	43
ENSG00000213445	6	17
ENSG00000132507	5	1
ENSG00000138279	23	10
ENSG00000168348	29	10
ENSG00000131495	15	10
ENSG00000135596	23	35
ENSG00000055813	15	158
ENSG00000164938	97	8
ENSG00000116871	5	121
ENSG00000103657	90	58
ENSG00000152492	27	18
ENSG00000119699	7	4
ENSG00000196715	10	45
ENSG00000204352	20	82
ENSG00000174501	1	9
ENSG00000108854	122	4
ENSG00000161204	49	148
ENSG00000143842	63	2
ENSG00000154856	19	15
ENSG00000174306	54	18
ENSG00000106089	23	15
ENSG00000166348	8	1
ENSG00000113597	48	10
ENSG00000175893	22	NA
ENSG00000103160	42	184
ENSG00000143226	5	54
ENSG00000106299	66	19
ENSG00000132329	4	6
ENSG00000081913	20	12
ENSG00000166136	4	9
ENSG00000165283	21	75
ENSG00000134779	163	165
ENSG00000076864	12	6
ENSG00000225828	1	1
ENSG00000163444	41	240
ENSG00000077549	7	1
ENSG00000169862	4	18
ENSG00000168374	26	2
ENSG00000157796	16	19
ENSG00000115353	25	4
ENSG00000142408	14	1
ENSG00000120690	27	71
ENSG00000237289	16	1
ENSG00000173418	59	111
ENSG00000086065	21	82
ENSG00000076067	23	11
ENSG00000181610	34	146
ENSG00000164163	20	NA
ENSG00000014824	22	246
ENSG00000113758	17	22
ENSG00000157540	26	122
ENSG00000189212	6	17
ENSG00000127585	30	74
ENSG00000020129	19	53
ENSG00000087085	64	97
ENSG00000266714	1	1
ENSG00000133574	1	8
ENSG00000164050	17	11
ENSG00000184402	7	NA
ENSG00000066739	10	11
ENSG00000102144	203	198
ENSG00000059588	9	28
ENSG00000161681	41	171
ENSG00000178381	2	3
ENSG00000119401	39	251
ENSG00000066557	27	23
ENSG00000197457	36	49
ENSG00000125691	4	14
ENSG00000283183	18	10
ENSG00000089693	48	38
ENSG00000129691	30	177
ENSG00000214765	2	3
ENSG00000186001	1	7
ENSG00000126247	40	23
ENSG00000129824	4	22
ENSG00000164542	29	6
ENSG00000126785	79	4
ENSG00000159784	40	158
ENSG00000122584	3	4
ENSG00000204564	42	NA
ENSG00000128881	33	16
ENSG00000185278	39	1
ENSG00000138496	2	15
ENSG00000077420	6	20
ENSG00000223572	66	NA
ENSG00000175471	9	6
ENSG00000182732	33	32
ENSG00000099822	2	3
ENSG00000116885	37	5
ENSG00000163840	5	41
ENSG00000075826	27	50
ENSG00000100804	28	92
ENSG00000105245	23	18
ENSG00000197694	37	221
ENSG00000145354	72	23
ENSG00000167306	7	16
ENSG00000198598	8	5
ENSG00000159423	5	5
ENSG00000151090	19	71
ENSG00000243970	7	1
ENSG00000244038	11	37
ENSG00000104722	11	8
ENSG00000120549	40	101
ENSG00000169271	49	4
ENSG00000235711	82	55
ENSG00000169714	1	2
ENSG00000164916	6	36
ENSG00000056050	19	10
ENSG00000050426	12	1
ENSG00000197858	5	48
ENSG00000171863	4	11
ENSG00000101463	39	111
ENSG00000119927	8	11
ENSG00000143621	14	29
ENSG00000169047	16	69
ENSG00000203747	9	39
ENSG00000155629	9	49
ENSG00000140455	126	28
ENSG00000114841	15	37
ENSG00000176884	21	17
ENSG00000119574	40	120
ENSG00000281160	20	37
ENSG00000166813	2	1
ENSG00000102878	10	27
ENSG00000067066	3	8
ENSG00000130147	8	20
ENSG00000117154	36	76
ENSG00000162650	14	6
ENSG00000148396	9	22
ENSG00000206418	51	76
ENSG00000158710	8	32
ENSG00000095139	15	116
ENSG00000127463	52	87
ENSG00000245213	36	1
ENSG00000076201	7	61
ENSG00000171735	11	2
ENSG00000183023	55	22
ENSG00000103540	3	NA
ENSG00000124762	3	20
ENSG00000197249	10	50
ENSG00000103449	25	37
ENSG00000036530	19	120
ENSG00000254245	3	6
ENSG00000169641	3	4
ENSG00000091536	8	8
ENSG00000144579	46	12
ENSG00000133958	40	42
ENSG00000272505	4	14
ENSG00000233384	12	1
ENSG00000287677	3	1
ENSG00000172575	68	5
ENSG00000134516	6	17
ENSG00000105143	86	51
ENSG00000104221	51	167
ENSG00000163170	7	3
ENSG00000123143	14	6
ENSG00000163704	6	28
ENSG00000076344	9	16
ENSG00000101019	33	9
ENSG00000006377	2	2
ENSG00000132780	4	19
ENSG00000162733	11	24
ENSG00000170604	19	186
ENSG00000100650	14	20
ENSG00000132938	7	3
ENSG00000141252	37	66
ENSG00000211947	21	29
ENSG00000221978	4	12
ENSG00000135334	14	35
ENSG00000068308	128	178
ENSG00000171222	25	60
ENSG00000196781	9	3
ENSG00000111262	79	60
ENSG00000153922	10	26
ENSG00000142892	15	42
ENSG00000172548	4	NA
ENSG00000151500	27	8
ENSG00000188573	23	23
ENSG00000180769	11	15
ENSG00000011114	59	10
ENSG00000101146	48	2
ENSG00000130748	4	31
ENSG00000136518	31	37
ENSG00000108344	72	142
ENSG00000057935	30	146
ENSG00000279419	5	7
ENSG00000181016	1	1
ENSG00000240771	7	51
ENSG00000131374	2	NA
ENSG00000075089	48	68
ENSG00000145246	19	NA
ENSG00000127184	5	8
ENSG00000105568	13	4
ENSG00000156345	75	39
ENSG00000179958	35	51
ENSG00000120279	7	9
ENSG00000175110	11	6
ENSG00000141905	3	6
ENSG00000060982	62	31
ENSG00000173960	3	3
ENSG00000178075	9	9
ENSG00000160360	14	12
ENSG00000241697	2	42
ENSG00000075151	18	201
ENSG00000103740	9	15
ENSG00000198626	20	5
ENSG00000132361	8	58
ENSG00000065978	14	8
ENSG00000100077	112	284
ENSG00000003756	7	19
ENSG00000085276	7	2
ENSG00000131323	26	30
ENSG00000152377	50	1
ENSG00000167986	23	53
ENSG00000182768	5	95
ENSG00000135414	2	1
ENSG00000160255	12	54
ENSG00000198752	9	24
ENSG00000114698	12	38
ENSG00000151422	15	7
ENSG00000197381	136	287
ENSG00000260196	2	NA
ENSG00000227706	18	39
ENSG00000165424	30	46
ENSG00000163428	5	10
ENSG00000120437	22	4
ENSG00000141564	41	87
ENSG00000196604	4	22
ENSG00000181481	2	5
ENSG00000183090	9	11
ENSG00000179950	5	15
ENSG00000141433	8	1
ENSG00000088367	63	101
ENSG00000133606	15	198
ENSG00000170043	25	21
ENSG00000083097	9	15
ENSG00000181852	40	240
ENSG00000099860	1	4
ENSG00000115183	8	1
ENSG00000132640	103	136
ENSG00000065923	97	48
ENSG00000065548	6	12
ENSG00000113108	7	NA
ENSG00000009709	19	5
ENSG00000126934	16	21
ENSG00000145715	30	135
ENSG00000151366	8	14
ENSG00000179314	28	NA
ENSG00000115266	4	5
ENSG00000152284	6	9
ENSG00000161981	4	5
ENSG00000151176	23	50
ENSG00000188313	2	38
ENSG00000128915	130	98
ENSG00000167771	38	4
ENSG00000118680	39	43
ENSG00000114391	3	8
ENSG00000119711	12	20
ENSG00000117713	8	6
ENSG00000037241	51	7
ENSG00000221869	1	2
ENSG00000175550	2	14
ENSG00000075975	14	2
ENSG00000122966	27	13
ENSG00000164620	16	2
ENSG00000070061	2	1
ENSG00000169347	25	95
ENSG00000129968	22	25
ENSG00000129559	2	8
ENSG00000105483	71	24
ENSG00000184076	24	14
ENSG00000149428	3	1
ENSG00000010810	11	6
ENSG00000269958	23	NA
ENSG00000106565	1	5
ENSG00000112531	61	22
ENSG00000170522	21	NA
ENSG00000014216	11	56
ENSG00000165028	57	NA
ENSG00000118873	1	1
ENSG00000112787	10	17
ENSG00000096070	5	34
ENSG00000162076	4	6
ENSG00000144677	62	4
ENSG00000136878	29	70
ENSG00000172081	39	18
ENSG00000165672	6	2
ENSG00000034713	25	9
ENSG00000154240	8	NA
ENSG00000166925	10	8
ENSG00000105723	14	12
ENSG00000258647	1	2
ENSG00000177301	15	108
ENSG00000132842	13	11
ENSG00000103260	3	4
ENSG00000270607	39	22
ENSG00000227057	14	10
ENSG00000100441	32	20
ENSG00000170759	6	7
ENSG00000146670	67	169
ENSG00000160683	5	18
ENSG00000164985	1	4
ENSG00000006210	8	98
ENSG00000068971	96	130
ENSG00000185324	6	12
ENSG00000079739	1	NA
ENSG00000117758	12	11
ENSG00000147036	56	1
ENSG00000145945	6	68
ENSG00000197969	32	2
ENSG00000175264	14	80
ENSG00000171243	61	NA
ENSG00000171724	26	NA
ENSG00000135164	6	8
ENSG00000163558	36	3
ENSG00000170265	12	21
ENSG00000178996	2	12
ENSG00000140400	26	32
ENSG00000155304	67	83
ENSG00000142507	15	15
ENSG00000183978	12	11
ENSG00000118058	2	2
ENSG00000129518	13	6
ENSG00000114638	6	32
ENSG00000071553	468	488
ENSG00000141582	9	12
ENSG00000113621	11	4
ENSG00000053438	123	99
ENSG00000176204	5	7
ENSG00000113578	12	3
ENSG00000138029	5	23
ENSG00000124574	16	28
ENSG00000137055	29	3
ENSG00000174136	26	180
ENSG00000134042	14	17
ENSG00000167123	3	9
ENSG00000169612	10	68
ENSG00000181215	30	8
ENSG00000112333	2	25
ENSG00000161642	2	1
ENSG00000154310	5	3
ENSG00000156050	41	38
ENSG00000116016	6	14
ENSG00000117362	2	2
ENSG00000213339	5	17
ENSG00000102385	20	23
ENSG00000164176	3	1
ENSG00000157110	39	1
ENSG00000113649	1	1
ENSG00000198755	6	4
ENSG00000142149	60	81
ENSG00000175073	5	14
ENSG00000196878	11	2
ENSG00000003137	18	9
ENSG00000204628	6	17
ENSG00000234741	1	4
ENSG00000198019	1	1
ENSG00000146151	44	126
ENSG00000056972	6	17
ENSG00000246363	74	50
ENSG00000085644	5	49
ENSG00000114098	35	112
ENSG00000137876	15	52
ENSG00000243069	8	2
ENSG00000177917	3	NA
ENSG00000249715	4	7
ENSG00000007171	44	7
ENSG00000135720	8	NA
ENSG00000144712	15	61
ENSG00000082074	1	29
ENSG00000091640	19	22
ENSG00000087263	40	NA
ENSG00000110497	18	107
ENSG00000175756	1	1
ENSG00000164188	7	29
ENSG00000116754	1	2
ENSG00000007402	2	1
ENSG00000259236	23	90
ENSG00000109458	3	1
ENSG00000155366	1	14
ENSG00000131187	3	51
ENSG00000104341	11	15
ENSG00000134453	33	1
ENSG00000073605	22	26
ENSG00000182809	4	8
ENSG00000130787	1	NA
ENSG00000130638	73	110
ENSG00000177272	9	27
ENSG00000112079	25	113
ENSG00000187672	1	NA
ENSG00000112077	7	35
ENSG00000104142	48	63
ENSG00000110700	9	10
ENSG00000211460	3	3
ENSG00000107874	7	44
ENSG00000164574	24	14
ENSG00000136295	3	25
ENSG00000253877	3	7
ENSG00000145592	5	14
ENSG00000165025	8	37
ENSG00000145912	12	54
ENSG00000080845	90	206
ENSG00000233123	32	137
ENSG00000078369	4	85
ENSG00000183696	1	6
ENSG00000162104	17	44
ENSG00000137947	19	NA
ENSG00000083937	2	5
ENSG00000100129	4	13
ENSG00000119280	1	40
ENSG00000170846	25	17
ENSG00000166200	56	76
ENSG00000146950	45	127
ENSG00000109501	3	3
ENSG00000115468	2	3
ENSG00000118473	35	12
ENSG00000151233	12	9
ENSG00000163655	21	126
ENSG00000271614	1	NA
ENSG00000108510	21	8
ENSG00000141380	51	14
ENSG00000171159	8	12
ENSG00000185737	22	21
ENSG00000242485	8	1
ENSG00000138768	5	59
ENSG00000153944	17	16
ENSG00000125844	1	1
ENSG00000180353	1	32
ENSG00000166170	16	28
ENSG00000163625	9	5
ENSG00000175087	8	23
ENSG00000167363	23	61
ENSG00000167550	5	2
ENSG00000144407	47	14
ENSG00000272661	3	24
ENSG00000279118	47	4
ENSG00000235823	13	NA
ENSG00000032389	7	13
ENSG00000179195	10	NA
ENSG00000138801	22	9
ENSG00000182606	1	1
ENSG00000084453	18	8
ENSG00000187244	28	21
ENSG00000267272	30	19
ENSG00000112812	32	96
ENSG00000168890	28	92
ENSG00000152402	12	5
ENSG00000131446	7	NA
ENSG00000100599	7	13
ENSG00000113161	60	3
ENSG00000197102	34	26
ENSG00000142327	7	NA
ENSG00000176340	2	4
ENSG00000158966	2	1
ENSG00000072736	20	10
ENSG00000079805	7	1
ENSG00000123444	10	81
ENSG00000176454	30	11
ENSG00000184752	17	16
ENSG00000130669	23	19
ENSG00000148842	1	77
ENSG00000167755	7	12
ENSG00000166387	4	NA
ENSG00000165548	46	20
ENSG00000104435	51	NA
ENSG00000167601	10	39
ENSG00000168016	4	20
ENSG00000279348	4	11
ENSG00000127445	49	162
ENSG00000105329	17	25
ENSG00000177098	4	22
ENSG00000101542	22	10
ENSG00000167642	78	20
ENSG00000167515	7	14
ENSG00000100321	28	201
ENSG00000085563	5	5
ENSG00000166313	20	91
ENSG00000128564	4	4
ENSG00000279675	12	61
ENSG00000139641	16	43
ENSG00000124313	195	321
ENSG00000164615	43	3
ENSG00000129450	2	32
ENSG00000067182	4	50
ENSG00000124126	50	29
ENSG00000140022	21	34
ENSG00000140990	13	15
ENSG00000143127	1	NA
ENSG00000274070	2	2
ENSG00000016391	12	46
ENSG00000144283	1	NA
ENSG00000105854	10	16
ENSG00000146147	11	36
ENSG00000126945	55	72
ENSG00000145920	38	3
ENSG00000173402	6	22
ENSG00000011485	58	172
ENSG00000103353	66	102
ENSG00000116983	19	14
ENSG00000170275	4	NA
ENSG00000204217	7	35
ENSG00000166689	10	5
ENSG00000221890	9	17
ENSG00000174748	7	3
ENSG00000210194	1	1
ENSG00000116574	3	3
ENSG00000126254	4	2
ENSG00000174720	3	3
ENSG00000235194	2	4
ENSG00000134954	6	3
ENSG00000134056	15	3
ENSG00000152193	64	5
ENSG00000100628	9	3
ENSG00000104870	24	24
ENSG00000167614	3	3
ENSG00000137776	1	1
ENSG00000145794	2	7
ENSG00000137843	30	52
ENSG00000196465	7	17
ENSG00000130770	1	2
ENSG00000197958	4	9
ENSG00000139874	5	32
ENSG00000111237	41	38
ENSG00000116329	3	6
ENSG00000103222	15	2
ENSG00000086598	10	32
ENSG00000198816	13	10
ENSG00000213064	8	27
ENSG00000255112	32	33
ENSG00000103174	2	NA
ENSG00000135077	1	19
ENSG00000145214	14	45
ENSG00000130511	22	32
ENSG00000170540	17	3
ENSG00000214050	29	1
ENSG00000132824	70	282
ENSG00000019144	2	10
ENSG00000213411	1	13
ENSG00000167613	10	51
ENSG00000176095	6	36
ENSG00000181090	8	1
ENSG00000018625	3	2
ENSG00000079482	25	29
ENSG00000124767	5	NA
ENSG00000160766	15	5
ENSG00000084092	8	16
ENSG00000204220	5	3
ENSG00000102096	11	8
ENSG00000111052	34	23
ENSG00000106524	24	35
ENSG00000049759	12	9
ENSG00000060749	21	20
ENSG00000065600	1	1
ENSG00000071051	14	39
ENSG00000132471	32	NA
ENSG00000161980	53	265
ENSG00000137563	17	8
ENSG00000253230	17	22
ENSG00000115073	6	43
ENSG00000176769	7	2
ENSG00000162433	5	8
ENSG00000188582	12	13
ENSG00000109906	1	NA
ENSG00000103653	7	NA
ENSG00000102452	27	180
ENSG00000113732	10	19
ENSG00000061676	14	127
ENSG00000106404	1	NA
ENSG00000184207	26	14
ENSG00000151835	25	112
ENSG00000187446	57	223
ENSG00000178038	7	9
ENSG00000135966	1	28
ENSG00000148090	58	14
ENSG00000185920	11	4
ENSG00000138411	1	3
ENSG00000175455	3	15
ENSG00000164187	15	NA
ENSG00000164181	5	9
ENSG00000105737	25	82
ENSG00000090975	10	35
ENSG00000138081	39	39
ENSG00000144895	31	6
ENSG00000160781	3	1
ENSG00000110888	19	34
ENSG00000150457	20	36
ENSG00000129028	12	NA
ENSG00000070961	38	NA
ENSG00000080815	6	7
ENSG00000172586	1	1
ENSG00000115365	19	168
ENSG00000047365	4	NA
ENSG00000172936	2	32
ENSG00000164796	2	NA
ENSG00000213625	3	NA
ENSG00000197816	9	32
ENSG00000165572	1	1
ENSG00000127124	2	NA
ENSG00000171860	9	40
ENSG00000198682	4	4
ENSG00000101144	21	26
ENSG00000118515	4	1
ENSG00000106683	14	16
ENSG00000102316	43	27
ENSG00000172508	3	4
ENSG00000143367	18	NA
ENSG00000163630	26	NA
ENSG00000107897	9	3
ENSG00000141698	3	35
ENSG00000116138	11	16
ENSG00000155506	9	175
ENSG00000106591	7	1
ENSG00000165209	4	3
ENSG00000183662	24	29
ENSG00000116209	9	4
ENSG00000104325	1	4
ENSG00000182771	4	5
ENSG00000172247	11	112
ENSG00000136153	39	10
ENSG00000114923	8	2
ENSG00000144040	6	1
ENSG00000123684	19	217
ENSG00000166946	29	121
ENSG00000139044	2	5
ENSG00000124782	17	28
ENSG00000173113	15	3
ENSG00000087448	16	10
ENSG00000140443	1	NA
ENSG00000182256	14	13
ENSG00000100600	54	74
ENSG00000152092	3	40
ENSG00000188859	17	85
ENSG00000279289	1	NA
ENSG00000231535	4	24
ENSG00000249042	2	NA
ENSG00000134287	32	21
ENSG00000128815	6	4
ENSG00000103423	16	58
ENSG00000133731	19	NA
ENSG00000127418	3	5
ENSG00000179364	2	NA
ENSG00000085978	2	11
ENSG00000152128	26	5
ENSG00000105963	3	13
ENSG00000255909	9	12
ENSG00000150337	2	22
ENSG00000140323	8	12
ENSG00000137124	24	1
ENSG00000122512	5	1
ENSG00000213719	3	32
ENSG00000132405	1	2
ENSG00000185163	6	NA
ENSG00000134313	11	6
ENSG00000110811	10	9
ENSG00000136404	9	18
ENSG00000165671	3	2
ENSG00000134058	28	NA
ENSG00000138448	2	25
ENSG00000135127	4	6
ENSG00000113100	8	13
ENSG00000162755	5	NA
ENSG00000169020	2	6
ENSG00000040608	61	99
ENSG00000152154	1	NA
ENSG00000099625	16	47
ENSG00000120438	6	11
ENSG00000168894	6	4
ENSG00000166171	11	11
ENSG00000099725	1	23
ENSG00000025772	28	NA
ENSG00000198925	1	14
ENSG00000170775	3	4
ENSG00000085788	3	65
ENSG00000164600	24	28
ENSG00000115687	7	3
ENSG00000144134	1	NA
ENSG00000228212	7	36
ENSG00000125730	9	46
ENSG00000028839	28	11
ENSG00000011021	6	115
ENSG00000184307	11	1
ENSG00000120251	3	3
ENSG00000118200	2	4
ENSG00000107882	11	3
ENSG00000150787	14	7
ENSG00000185414	12	47
ENSG00000128590	15	20
ENSG00000088899	6	125
ENSG00000168002	1	3
ENSG00000119013	11	4
ENSG00000005483	2	2
ENSG00000256008	15	1
ENSG00000174482	4	2
ENSG00000187555	3	34
ENSG00000105856	40	2
ENSG00000117519	1	49
ENSG00000147421	5	NA
ENSG00000134376	3	3
ENSG00000128309	58	10
ENSG00000116044	12	69
ENSG00000086061	3	6
ENSG00000212694	7	20
ENSG00000129084	2	3
ENSG00000170382	5	65
ENSG00000088808	3	3
ENSG00000204619	25	95
ENSG00000120694	3	8
ENSG00000144647	12	159
ENSG00000217236	4	1
ENSG00000147862	14	5
ENSG00000154144	39	72
ENSG00000241468	6	7
ENSG00000158014	2	23
ENSG00000124191	70	101
ENSG00000110987	14	75
ENSG00000172889	3	NA
ENSG00000162511	10	69
ENSG00000067829	76	70
ENSG00000105401	12	21
ENSG00000074416	7	1
ENSG00000064655	16	12
ENSG00000100567	8	1
ENSG00000139998	19	7
ENSG00000182158	3	30
ENSG00000119782	3	3
ENSG00000204138	28	7
ENSG00000159692	4	40
ENSG00000109832	13	7
ENSG00000158715	8	10
ENSG00000188822	2	16
ENSG00000135929	3	3
ENSG00000107223	7	16
ENSG00000066322	1	9
ENSG00000172301	5	4
ENSG00000278259	7	19
ENSG00000149243	7	NA
ENSG00000114978	2	45
ENSG00000125149	26	9
ENSG00000132718	4	32
ENSG00000070047	8	13
ENSG00000169230	3	NA
ENSG00000197724	13	5
ENSG00000109475	6	20
ENSG00000164091	10	14
ENSG00000164535	29	1
ENSG00000171861	1	2
ENSG00000126777	10	6
ENSG00000111711	5	3
ENSG00000108684	52	9
ENSG00000246922	8	36
ENSG00000116205	6	NA
ENSG00000157833	3	NA
ENSG00000064042	1	NA
ENSG00000178922	5	15
ENSG00000163273	6	2
ENSG00000007047	17	102
ENSG00000075785	9	27
ENSG00000115514	14	30
ENSG00000116793	4	22
ENSG00000215021	8	4
ENSG00000163093	7	8
ENSG00000173548	30	47
ENSG00000120063	51	100
ENSG00000272944	6	104
ENSG00000136888	10	5
ENSG00000168994	12	50
ENSG00000175061	12	11
ENSG00000164172	24	70
ENSG00000173267	15	NA
ENSG00000168874	6	1
ENSG00000197756	4	7
ENSG00000179010	13	19
ENSG00000102172	35	6
ENSG00000255136	2	7
ENSG00000138685	10	55
ENSG00000158806	6	8
ENSG00000176244	5	1
ENSG00000148229	4	53
ENSG00000124496	1	1
ENSG00000152034	36	69
ENSG00000185933	22	57
ENSG00000163823	3	26
ENSG00000152944	3	NA
ENSG00000021300	25	2
ENSG00000075234	11	34
ENSG00000182796	5	44
ENSG00000114383	6	26
ENSG00000130558	17	8
ENSG00000038427	4	5
ENSG00000156482	10	17
ENSG00000167315	19	12
ENSG00000135930	3	242
ENSG00000129951	9	31
ENSG00000280650	1	11
ENSG00000011198	13	4
ENSG00000204186	7	2
ENSG00000215559	1	2
ENSG00000135736	3	NA
ENSG00000122756	8	6
ENSG00000234771	3	11
ENSG00000173227	1	6
ENSG00000259891	19	14
ENSG00000105819	6	3
ENSG00000108381	6	3
ENSG00000121413	21	34
ENSG00000008710	15	32
ENSG00000132424	1	2
ENSG00000107929	1	45
ENSG00000251623	5	7
ENSG00000155966	140	135
ENSG00000213463	2	NA
ENSG00000111775	6	9
ENSG00000105887	3	10
ENSG00000177303	12	26
ENSG00000119760	1	NA
ENSG00000186517	4	36
ENSG00000184481	23	5
ENSG00000115652	3	3
ENSG00000198331	24	NA
ENSG00000115756	12	NA
ENSG00000266094	3	17
ENSG00000173264	2	3
ENSG00000185127	3	20
ENSG00000137207	1	2
ENSG00000171385	7	2
ENSG00000119414	4	2
ENSG00000260328	4	4
ENSG00000166164	26	1
ENSG00000198354	137	68
ENSG00000055118	12	100
ENSG00000169213	4	NA
ENSG00000164236	12	35
ENSG00000104853	9	48
ENSG00000196730	7	37
ENSG00000072858	10	5
ENSG00000184371	4	21
ENSG00000164741	7	NA
ENSG00000176946	8	4
ENSG00000168781	8	4
ENSG00000129932	8	20
ENSG00000115540	6	23
ENSG00000070423	5	25
ENSG00000086015	2	18
ENSG00000204348	1	1
ENSG00000114770	6	13
ENSG00000115594	1	10
ENSG00000143093	1	4
ENSG00000223959	10	8
ENSG00000100106	19	NA
ENSG00000165801	33	31
ENSG00000206503	1	1
ENSG00000115602	1	1
ENSG00000086504	14	15
ENSG00000288049	4	24
ENSG00000183283	3	3
ENSG00000170458	5	29
ENSG00000179820	18	8
ENSG00000165458	18	5
ENSG00000100216	48	35
ENSG00000085465	5	12
ENSG00000088256	4	NA
ENSG00000090316	2	83
ENSG00000159685	6	46
ENSG00000141540	9	16
ENSG00000006071	2	10
ENSG00000178149	7	4
ENSG00000143549	3	67
ENSG00000204301	1	NA
ENSG00000110218	5	29
ENSG00000184743	8	47
ENSG00000174442	14	11
ENSG00000151491	33	51
ENSG00000162441	2	3
ENSG00000247199	9	7
ENSG00000105220	46	93
ENSG00000118482	4	4
ENSG00000140836	35	25
ENSG00000248487	3	4
ENSG00000136261	19	6
ENSG00000116903	15	46
ENSG00000135047	3	4
ENSG00000090372	11	22
ENSG00000131584	1	NA
ENSG00000163694	1	21
ENSG00000160445	7	14
ENSG00000135766	1	38
ENSG00000175416	2	32
ENSG00000117153	6	79
ENSG00000112561	3	10
ENSG00000080200	4	3
ENSG00000174173	4	1
ENSG00000100883	5	9
ENSG00000141622	52	6
ENSG00000151502	19	347
ENSG00000134444	28	14
ENSG00000175216	4	27
ENSG00000149273	7	22
ENSG00000224616	2	NA
ENSG00000161682	26	101
ENSG00000163681	2	NA
ENSG00000124198	21	47
ENSG00000165185	5	2
ENSG00000183036	81	3
ENSG00000156298	24	NA
ENSG00000227063	7	9
ENSG00000173786	9	13
ENSG00000175221	3	9
ENSG00000027075	13	8
ENSG00000267680	5	5
ENSG00000163221	1	1
ENSG00000135905	3	1
ENSG00000166272	28	10
ENSG00000105426	21	164
ENSG00000176444	2	4
ENSG00000188786	5	2
ENSG00000116922	5	6
ENSG00000148399	4	9
ENSG00000160055	5	3
ENSG00000057704	8	4
ENSG00000106153	8	6
ENSG00000161912	2	5
ENSG00000164649	11	NA
ENSG00000169554	2	3
ENSG00000110693	21	7
ENSG00000161249	6	3
ENSG00000242574	1	2
ENSG00000186187	9	107
ENSG00000186522	2	9
ENSG00000187605	1	3
ENSG00000253729	3	27
ENSG00000133704	3	NA
ENSG00000113269	2	NA
ENSG00000131368	4	13
ENSG00000054116	2	19
ENSG00000164751	22	1
ENSG00000100997	24	36
ENSG00000203772	3	28
ENSG00000166263	19	1
ENSG00000119812	14	18
ENSG00000278845	18	130
ENSG00000136002	4	50
ENSG00000164465	21	1
ENSG00000236859	8	2
ENSG00000261221	10	89
ENSG00000182010	26	NA
ENSG00000164068	4	14
ENSG00000148291	2	1
ENSG00000124440	7	2
ENSG00000198786	17	15
ENSG00000181218	1	3
ENSG00000213199	3	8
ENSG00000099246	11	18
ENSG00000239839	3	5
ENSG00000175054	1	1
ENSG00000122515	6	23
ENSG00000162543	6	31
ENSG00000281383	6	92
ENSG00000259090	5	27
ENSG00000149806	1	1
ENSG00000105953	1	2
ENSG00000164111	1	9
ENSG00000153914	1	4
ENSG00000286671	1	NA
ENSG00000248508	4	5
ENSG00000215386	15	145
ENSG00000145725	1	2
ENSG00000142599	6	5
ENSG00000134371	7	NA
ENSG00000270953	4	39
ENSG00000185619	1	NA
ENSG00000179403	1	1
ENSG00000174332	3	NA
ENSG00000145990	5	11
ENSG00000164300	1	NA
ENSG00000107147	3	2
ENSG00000230715	1	1
ENSG00000186297	20	9
ENSG00000234614	3	24
ENSG00000106278	3	20
ENSG00000108091	34	19
ENSG00000104218	3	22
ENSG00000154122	9	43
ENSG00000253846	2	2
ENSG00000165275	1	5
ENSG00000172340	4	10
ENSG00000225630	2	4
ENSG00000112981	8	NA
ENSG00000204498	1	15
ENSG00000186094	3	1
ENSG00000143149	2	9
ENSG00000086205	8	4
ENSG00000133065	1	10
ENSG00000223403	1	8
ENSG00000117013	2	75
ENSG00000136960	8	13
ENSG00000198420	4	3
ENSG00000169291	3	2
ENSG00000139725	6	16
ENSG00000041357	5	1
ENSG00000171813	5	47
ENSG00000286217	2	23
ENSG00000148303	6	9
ENSG00000158321	2	NA
ENSG00000171634	6	4
ENSG00000085982	4	16
ENSG00000101868	17	NA
ENSG00000136451	17	12
ENSG00000180035	16	58
ENSG00000149289	19	21
ENSG00000167291	3	4
ENSG00000060138	5	30
ENSG00000148572	8	108
ENSG00000113504	2	2
ENSG00000065361	19	24
ENSG00000091317	9	19
ENSG00000158042	19	58
ENSG00000182255	9	5
ENSG00000107099	2	9
ENSG00000172086	13	4
ENSG00000185046	2	NA
ENSG00000205250	2	NA
ENSG00000117448	4	4
ENSG00000047056	4	28
ENSG00000161267	2	4
ENSG00000130159	2	52
ENSG00000140798	7	6
ENSG00000253636	2	4
ENSG00000184574	3	8
ENSG00000029534	4	47
ENSG00000143418	4	13
ENSG00000156650	5	2
ENSG00000196586	24	56
ENSG00000123094	17	53
ENSG00000128594	4	54
ENSG00000169599	5	36
ENSG00000131398	14	29
ENSG00000174695	1	1
ENSG00000149256	5	3
ENSG00000202515	1	21
ENSG00000127870	25	157
ENSG00000204065	57	44
ENSG00000154783	2	5
ENSG00000165566	2	NA
ENSG00000259383	16	59
ENSG00000162601	1	7
ENSG00000180537	2	4
ENSG00000128585	3	5
ENSG00000104967	2	13
ENSG00000155096	4	32
ENSG00000099622	1	2
ENSG00000196376	2	2
ENSG00000134769	6	11
ENSG00000166295	4	1
ENSG00000187621	4	3
ENSG00000132254	4	9
ENSG00000279668	2	13
ENSG00000233487	2	NA
ENSG00000106078	5	1
ENSG00000127337	5	1
ENSG00000175166	3	52
ENSG00000213066	3	2
ENSG00000204389	1	1
ENSG00000111817	6	1
ENSG00000109919	6	5
ENSG00000108561	32	53
ENSG00000182134	1	56
ENSG00000172164	1	2
ENSG00000143641	2	7
ENSG00000163793	1	1
ENSG00000196588	37	56
ENSG00000119599	4	6
ENSG00000273007	2	2
ENSG00000100632	3	2
ENSG00000171681	2	NA
ENSG00000187239	3	1
ENSG00000119778	4	34
ENSG00000139218	5	NA
ENSG00000142534	9	25
ENSG00000144589	3	5
ENSG00000280776	3	NA
ENSG00000135473	5	9
ENSG00000227242	7	16
ENSG00000181450	1	NA
ENSG00000117528	1	1
ENSG00000151353	1	1
ENSG00000186675	6	NA
ENSG00000107872	2	10
ENSG00000168913	1	NA
ENSG00000118496	5	13
ENSG00000138756	2	14
ENSG00000100167	39	122
ENSG00000167671	1	24
ENSG00000149305	17	29
ENSG00000006747	6	34
ENSG00000231500	7	23
ENSG00000204469	1	23
ENSG00000111328	1	NA
ENSG00000099904	22	32
ENSG00000143318	5	5
ENSG00000124942	6	26
ENSG00000142784	3	52
ENSG00000120907	1	1
ENSG00000143612	2	11
ENSG00000126860	3	11
ENSG00000131828	6	2
ENSG00000091664	12	NA
ENSG00000106852	3	5
ENSG00000122482	4	1
ENSG00000169598	1	1
ENSG00000189067	1	9
ENSG00000100604	21	6
ENSG00000159433	3	5
ENSG00000114942	1	NA
ENSG00000158773	2	4
ENSG00000100330	7	2
ENSG00000073614	2	5
ENSG00000127329	4	1
ENSG00000181061	4	NA
ENSG00000012779	2	13
ENSG00000143869	1	NA
ENSG00000065243	3	NA
ENSG00000087086	4	6
ENSG00000108666	7	2
ENSG00000087191	15	3
ENSG00000155256	1	3
ENSG00000127314	2	3
ENSG00000185049	2	1
ENSG00000132965	7	27
ENSG00000165644	2	2
ENSG00000155111	3	NA
ENSG00000119227	1	1
ENSG00000148841	4	11
ENSG00000144445	1	NA
ENSG00000112033	2	NA
ENSG00000067560	1	5
ENSG00000122406	2	2
ENSG00000184792	23	31
ENSG00000237950	1	1
ENSG00000173706	1	NA
ENSG00000153233	26	27
ENSG00000174059	1	2
ENSG00000127054	4	3
ENSG00000236279	9	4
ENSG00000187531	4	8
ENSG00000185591	6	20
ENSG00000074181	6	3
ENSG00000160785	19	186
ENSG00000074047	1	NA
ENSG00000074935	2	10
ENSG00000188986	6	6
ENSG00000198301	1	17
ENSG00000168970	2	8
ENSG00000104324	4	14
ENSG00000137962	6	NA
ENSG00000171533	10	14
ENSG00000110274	3	3
ENSG00000186642	1	1
ENSG00000135899	1	8
ENSG00000154153	3	NA
ENSG00000197977	4	12
ENSG00000233087	8	NA
ENSG00000048740	1	NA
ENSG00000139433	7	7
ENSG00000095380	9	35
ENSG00000240204	13	12
ENSG00000102934	1	3
ENSG00000092531	3	58
ENSG00000162910	4	2
ENSG00000170919	1	41
ENSG00000182175	8	3
ENSG00000119714	13	2
ENSG00000166225	2	10
ENSG00000082684	2	1
ENSG00000149633	1	3
ENSG00000157657	4	NA
ENSG00000228203	2	NA
ENSG00000169221	1	89
ENSG00000127419	2	7
ENSG00000138760	1	NA
ENSG00000130032	29	1
ENSG00000155816	3	1
ENSG00000114416	1	NA
ENSG00000072071	3	3
ENSG00000110074	2	2
ENSG00000167522	2	NA
ENSG00000072518	2	1
ENSG00000133812	12	NA
ENSG00000165804	1	4
ENSG00000167702	6	1
ENSG00000183624	3	67
ENSG00000151640	12	89
ENSG00000237949	1	7
ENSG00000198668	17	59
ENSG00000154723	6	11
ENSG00000188389	3	4
ENSG00000111679	1	7
ENSG00000198356	24	143
ENSG00000059758	5	12
ENSG00000184178	4	6
ENSG00000026036	1	16
ENSG00000110844	5	18
ENSG00000101605	3	2
ENSG00000277437	1	11
ENSG00000176401	38	17
ENSG00000164284	18	66
ENSG00000177879	1	NA
ENSG00000165660	11	NA
ENSG00000227825	15	21
ENSG00000178951	1	3
ENSG00000172239	2	14
ENSG00000286971	1	NA
ENSG00000070495	2	3
ENSG00000258684	3	11
ENSG00000136045	1	1
ENSG00000151247	1	1
ENSG00000166398	7	NA
ENSG00000109339	1	166
ENSG00000120738	13	2
ENSG00000156136	3	10
ENSG00000120729	6	1
ENSG00000081052	1	1
ENSG00000176533	7	1
ENSG00000050030	238	48
ENSG00000067955	36	6
ENSG00000247092	1	1
ENSG00000093010	4	14
ENSG00000287771	1	17
ENSG00000105372	1	6
ENSG00000081138	18	1
ENSG00000276045	2	2
ENSG00000260261	5	4
ENSG00000130255	6	18
ENSG00000108309	22	31
ENSG00000101290	1	35
ENSG00000129657	14	2
ENSG00000159079	3	16
ENSG00000198824	1	8
ENSG00000152818	4	4
ENSG00000007923	3	15
ENSG00000154678	1	NA
ENSG00000023734	1	106
ENSG00000102606	11	31
ENSG00000125354	22	22
ENSG00000114030	5	41
ENSG00000137478	15	6
ENSG00000138101	4	14
ENSG00000183888	1	NA
ENSG00000170915	3	2
ENSG00000137269	13	31
ENSG00000280798	10	203
ENSG00000239672	9	14
ENSG00000073150	42	76
ENSG00000198964	5	1
ENSG00000181790	2	6
ENSG00000008294	2	1
ENSG00000196123	7	13
ENSG00000116005	2	4
ENSG00000278811	1	10
ENSG00000205922	2	17
ENSG00000140406	1	3
ENSG00000196405	4	4
ENSG00000177885	1	36
ENSG00000030419	2	2
ENSG00000171509	3	3
ENSG00000103335	15	13
ENSG00000105509	6	112
ENSG00000127415	2	6
ENSG00000172731	1	12
ENSG00000149564	4	9
ENSG00000112306	1	2
ENSG00000067167	4	14
ENSG00000188612	3	NA
ENSG00000047644	24	1
ENSG00000198075	2	1
ENSG00000196581	2	11
ENSG00000160678	2	NA
ENSG00000149489	14	7
ENSG00000106052	1	30
ENSG00000180828	7	1
ENSG00000154493	9	4
ENSG00000196510	2	NA
ENSG00000116353	9	2
ENSG00000135250	1	1
ENSG00000189423	1	3
ENSG00000100678	2	1
ENSG00000234899	21	3
ENSG00000172932	1	1
ENSG00000106477	2	NA
ENSG00000124209	12	111
ENSG00000121310	2	35
ENSG00000166619	21	69
ENSG00000267002	1	2
ENSG00000137831	29	NA
ENSG00000183111	1	NA
ENSG00000134532	10	14
ENSG00000100526	2	NA
ENSG00000107242	3	84
ENSG00000163884	4	5
ENSG00000000419	4	NA
ENSG00000112038	2	NA
ENSG00000180354	1	NA
ENSG00000077147	2	7
ENSG00000091140	8	22
ENSG00000125962	3	5
ENSG00000247828	2	46
ENSG00000171303	6	NA
ENSG00000138678	2	NA
ENSG00000106605	9	115
ENSG00000174405	16	14
ENSG00000149782	1	NA
ENSG00000100429	5	11
ENSG00000165752	2	22
ENSG00000124772	1	1
ENSG00000132664	12	11
ENSG00000166762	1	9
ENSG00000095587	5	24
ENSG00000107829	3	NA
ENSG00000146592	4	6
ENSG00000140632	1	31
ENSG00000181163	4	5
ENSG00000123352	6	NA
ENSG00000171695	1	11
ENSG00000137710	7	13
ENSG00000115657	3	4
ENSG00000011451	9	4
ENSG00000099821	2	34
ENSG00000267909	12	84
ENSG00000131408	10	8
ENSG00000075292	1	3
ENSG00000133398	7	NA
ENSG00000197965	3	2
ENSG00000187800	3	NA
ENSG00000275004	39	7
ENSG00000022567	1	5
ENSG00000111843	1	1
ENSG00000138835	15	1
ENSG00000062650	2	11
ENSG00000178773	2	NA
ENSG00000110013	5	NA
ENSG00000002016	1	1
ENSG00000167851	2	44
ENSG00000137145	1	NA
ENSG00000132313	2	40
ENSG00000120278	5	8
ENSG00000164548	1	2
ENSG00000172465	75	11
ENSG00000111664	8	2
ENSG00000198915	1	15
ENSG00000173269	1	NA
ENSG00000242866	5	1
ENSG00000132382	11	82
ENSG00000065357	2	NA
ENSG00000143630	2	NA
ENSG00000138735	1	1
ENSG00000185615	14	27
ENSG00000174130	1	NA
ENSG00000135441	2	9
ENSG00000131462	36	125
ENSG00000171680	1	3
ENSG00000183520	3	NA
ENSG00000147475	1	11
ENSG00000168610	7	49
ENSG00000188747	2	4
ENSG00000063854	5	71
ENSG00000155363	1	4
ENSG00000214193	3	8
ENSG00000001167	1	NA
ENSG00000133131	50	NA
ENSG00000155034	2	7
ENSG00000134917	6	6
ENSG00000160856	3	13
ENSG00000185236	2	14
ENSG00000092621	1	6
ENSG00000179178	1	2
ENSG00000145425	5	1
ENSG00000154217	7	15
ENSG00000137261	3	NA
ENSG00000066136	1	9
ENSG00000146007	4	34
ENSG00000137494	8	11
ENSG00000183458	1	13
ENSG00000170049	2	2
ENSG00000116254	4	2
ENSG00000142583	2	32
ENSG00000198586	1	6
ENSG00000183527	8	1
ENSG00000158748	1	NA
ENSG00000124422	2	16
ENSG00000053254	4	NA
ENSG00000183354	2	NA
ENSG00000138795	2	1
ENSG00000256463	12	10
ENSG00000117592	1	5
ENSG00000104863	5	NA
ENSG00000163751	2	9
ENSG00000179818	2	7
ENSG00000130202	8	18
ENSG00000171530	2	1
ENSG00000141985	8	1
ENSG00000188976	1	8
ENSG00000149136	1	1
ENSG00000140577	4	NA
ENSG00000115204	2	NA
ENSG00000123064	2	29
ENSG00000176182	4	99
ENSG00000164904	2	4
ENSG00000117425	1	10
ENSG00000069509	45	13
ENSG00000144468	3	2
ENSG00000156395	3	2
ENSG00000110321	1	23
ENSG00000165632	2	NA
ENSG00000141384	5	NA
ENSG00000039523	3	43
ENSG00000205279	3	NA
ENSG00000143314	1	NA
ENSG00000143850	1	6
ENSG00000137193	1	4
ENSG00000184083	4	19
ENSG00000171208	2	7
ENSG00000177733	1	51
ENSG00000181722	3	2
ENSG00000250366	2	NA
ENSG00000184014	9	2
ENSG00000102755	2	4
ENSG00000140750	2	35
ENSG00000196865	2	NA
ENSG00000155849	4	30
ENSG00000177105	1	2
ENSG00000164219	1	1
ENSG00000065989	14	51
ENSG00000139800	1	1
ENSG00000102901	21	24
ENSG00000272597	1	1
ENSG00000169504	1	17
ENSG00000198911	7	36
ENSG00000136463	7	30
ENSG00000122012	3	1
ENSG00000166233	4	48
ENSG00000151702	2	7
ENSG00000100302	7	26
ENSG00000160752	1	1
ENSG00000214655	2	NA
ENSG00000204592	3	20
ENSG00000126005	2	12
ENSG00000169403	2	5
ENSG00000229180	2	NA
ENSG00000134590	172	93
ENSG00000144591	1	6
ENSG00000274118	2	27
ENSG00000158186	2	NA
ENSG00000143815	1	6
ENSG00000160271	3	NA
ENSG00000107331	2	NA
ENSG00000047932	3	NA
ENSG00000105976	6	NA
ENSG00000184787	2	8
ENSG00000119403	7	4
ENSG00000168830	1	1
ENSG00000106789	1	NA
ENSG00000251429	2	2
ENSG00000180263	1	3
ENSG00000259953	4	NA
ENSG00000188643	2	4
ENSG00000007516	2	1
ENSG00000136867	3	12
ENSG00000130997	1	1
ENSG00000137462	2	21
ENSG00000148248	1	3
ENSG00000165606	2	NA
ENSG00000105278	11	3
ENSG00000185986	1	9
ENSG00000125703	1	NA
ENSG00000154319	2	4
ENSG00000215475	3	NA
ENSG00000130024	3	5
ENSG00000008988	1	3
ENSG00000204120	1	NA
ENSG00000108861	5	23
ENSG00000198015	1	NA
ENSG00000112146	2	4
ENSG00000090539	1	6
ENSG00000197774	5	15
ENSG00000206432	2	NA
ENSG00000149571	11	107
ENSG00000113712	1	12
ENSG00000154124	4	NA
ENSG00000109133	1	10
ENSG00000271601	3	2
ENSG00000185513	4	10
ENSG00000167549	27	45
ENSG00000109684	6	16
ENSG00000146112	3	28
ENSG00000187514	2	5
ENSG00000162909	1	NA
ENSG00000179335	1	2
ENSG00000174197	2	1
ENSG00000034510	2	2
ENSG00000162409	1	1
ENSG00000130707	2	6
ENSG00000053900	2	1
ENSG00000060237	8	7
ENSG00000178467	1	9
ENSG00000079337	2	8
ENSG00000170629	2	70
ENSG00000114812	2	NA
ENSG00000122390	1	2
ENSG00000174446	4	71
ENSG00000174705	2	2
ENSG00000170835	2	4
ENSG00000029153	4	NA
ENSG00000001460	1	2
ENSG00000174473	2	NA
ENSG00000264112	8	43
ENSG00000128965	1	NA
ENSG00000169946	3	60
ENSG00000178252	2	NA
ENSG00000141522	3	5
ENSG00000103254	3	27
ENSG00000104140	6	7
ENSG00000169021	21	108
ENSG00000241058	1	2
ENSG00000123066	3	2
ENSG00000183579	6	10
ENSG00000100220	1	16
ENSG00000143379	1	2
ENSG00000148516	8	NA
ENSG00000164035	1	1
ENSG00000139350	3	9
ENSG00000066336	1	10
ENSG00000184005	1	1
ENSG00000154727	3	12
ENSG00000273899	7	9
ENSG00000272871	2	1
ENSG00000130962	1	3
ENSG00000196504	1	NA
ENSG00000196428	1	111
ENSG00000144118	2	68
ENSG00000198791	3	50
ENSG00000132026	12	NA
ENSG00000102030	15	45
ENSG00000144566	2	9
ENSG00000102898	1	NA
ENSG00000100395	13	19
ENSG00000165633	1	3
ENSG00000164850	3	NA
ENSG00000178913	1	7
ENSG00000178209	2	NA
ENSG00000179295	1	1
ENSG00000278962	3	33
ENSG00000119487	5	1
ENSG00000157005	2	NA
ENSG00000150867	3	6
ENSG00000093000	18	170
ENSG00000242613	3	25
ENSG00000225733	2	NA
ENSG00000082805	2	NA
ENSG00000260230	4	NA
ENSG00000120509	9	6
ENSG00000247077	5	13
ENSG00000173221	2	NA
ENSG00000172985	1	NA
ENSG00000198929	1	NA
ENSG00000086730	1	18
ENSG00000152558	6	20
ENSG00000073712	12	43
ENSG00000214595	2	3
ENSG00000138769	2	NA
ENSG00000250722	1	5
ENSG00000205981	1	2
ENSG00000062282	7	1
ENSG00000137821	8	NA
ENSG00000145907	1	9
ENSG00000064989	1	NA
ENSG00000106028	3	NA
ENSG00000069869	11	31
ENSG00000250461	1	5
ENSG00000107165	10	78
ENSG00000140497	8	55
ENSG00000102401	33	115
ENSG00000115459	2	2
ENSG00000168026	2	11
ENSG00000141576	6	6
ENSG00000211964	12	69
ENSG00000166801	4	NA
ENSG00000261326	1	1
ENSG00000147123	11	10
ENSG00000130158	8	5
ENSG00000134186	1	1
ENSG00000196367	1	3
ENSG00000157985	1	23
ENSG00000160049	2	4
ENSG00000002330	3	12
ENSG00000155158	2	NA
ENSG00000100294	31	260
ENSG00000092421	1	NA
ENSG00000123338	10	50
ENSG00000187091	1	7
ENSG00000108604	1	2
ENSG00000183307	7	36
ENSG00000153107	1	NA
ENSG00000110077	2	25
ENSG00000128578	2	1
ENSG00000139697	1	1
ENSG00000167987	2	NA
ENSG00000253807	1	NA
ENSG00000100764	4	7
ENSG00000112335	4	8
ENSG00000130204	6	5
ENSG00000233967	1	1
ENSG00000145247	5	10
ENSG00000174842	2	NA
ENSG00000213694	1	2
ENSG00000137700	1	NA
ENSG00000130517	4	NA
ENSG00000070018	6	NA
ENSG00000156140	1	1
ENSG00000100714	1	NA
ENSG00000228624	1	NA
ENSG00000167700	2	93
ENSG00000157168	2	NA
ENSG00000104904	8	13
ENSG00000137414	1	5
ENSG00000166444	2	NA
ENSG00000145832	1	NA
ENSG00000197430	1	1
ENSG00000111676	6	3
ENSG00000120733	1	NA
ENSG00000204386	5	37
ENSG00000174453	1	1
ENSG00000184611	1	NA
ENSG00000153560	2	91
ENSG00000146063	1	NA
ENSG00000004455	4	20
ENSG00000167657	5	50
ENSG00000174238	10	118
ENSG00000003393	2	8
ENSG00000185345	1	2
ENSG00000164466	3	NA
ENSG00000197712	2	2
ENSG00000280222	1	14
ENSG00000178057	1	NA
ENSG00000196104	1	1
ENSG00000081479	1	NA
ENSG00000143420	1	108
ENSG00000102858	1	39
ENSG00000278535	2	1
ENSG00000132357	1	3
ENSG00000288011	1	1
ENSG00000104412	2	NA
ENSG00000248367	1	8
ENSG00000231389	3	12
ENSG00000287516	1	NA
ENSG00000058453	1	3
ENSG00000170633	2	9
ENSG00000157077	3	318
ENSG00000176485	2	4
ENSG00000146425	2	2
ENSG00000127955	1	1
ENSG00000157502	1	NA
ENSG00000169427	1	2
ENSG00000177108	3	NA
ENSG00000196954	1	5
ENSG00000134330	1	NA
ENSG00000173141	1	6
ENSG00000185340	10	3
ENSG00000196663	1	3
ENSG00000254363	2	1
ENSG00000164258	2	4
ENSG00000226419	1	43
ENSG00000170802	1	NA
ENSG00000125733	2	6
ENSG00000157978	1	1
ENSG00000175229	1	30
ENSG00000232931	1	18
ENSG00000140521	1	NA
ENSG00000074582	1	NA
ENSG00000178719	2	27
ENSG00000132155	1	NA
ENSG00000175634	1	1
ENSG00000138944	24	11
ENSG00000237720	2	2
ENSG00000164125	1	NA
ENSG00000272645	1	2
ENSG00000167283	1	3
ENSG00000168288	2	11
ENSG00000014164	1	1
ENSG00000273066	3	3
ENSG00000137802	2	2
ENSG00000204264	2	13
ENSG00000108352	2	NA
ENSG00000140983	2	6
ENSG00000269858	1	NA
ENSG00000165792	3	5
ENSG00000157350	3	18
ENSG00000221946	1	3
ENSG00000125652	1	NA
ENSG00000224066	1	1
ENSG00000143740	1	11
ENSG00000188039	2	NA
ENSG00000164024	1	40
ENSG00000122367	1	1
ENSG00000154553	1	NA
ENSG00000137968	1	1
ENSG00000169217	1	3
ENSG00000171421	2	4
ENSG00000173327	4	1
ENSG00000174231	5	24
ENSG00000118194	3	NA
ENSG00000116266	2	1
ENSG00000112305	1	NA
ENSG00000119946	2	9
ENSG00000063169	3	19
ENSG00000133561	4	5
ENSG00000259002	3	29
ENSG00000183401	4	22
ENSG00000180817	2	11
ENSG00000181804	1	14
ENSG00000142197	44	22
ENSG00000180385	1	4
ENSG00000196313	2	22
ENSG00000130413	4	NA
ENSG00000158805	2	4
ENSG00000254999	2	11
ENSG00000235750	1	33
ENSG00000148019	3	NA
ENSG00000149476	1	NA
ENSG00000171840	2	3
ENSG00000257621	2	10
ENSG00000114857	1	17
ENSG00000105088	3	1
ENSG00000142347	1	28
ENSG00000131885	2	NA
ENSG00000180155	1	15
ENSG00000218819	1	26
ENSG00000164062	3	9
ENSG00000132434	1	NA
ENSG00000040633	3	4
ENSG00000278996	2	30
ENSG00000170085	2	2
ENSG00000168538	1	NA
ENSG00000146067	1	1
ENSG00000101460	15	20
ENSG00000113300	1	NA
ENSG00000008196	1	5
ENSG00000083454	1	NA
ENSG00000117036	1	NA
ENSG00000166986	1	NA
ENSG00000146083	1	27
ENSG00000102103	6	1
ENSG00000106351	2	NA
ENSG00000176383	1	NA
ENSG00000136098	3	3
ENSG00000109911	2	4
ENSG00000082438	1	NA
ENSG00000008853	1	11
ENSG00000188763	1	NA
ENSG00000198740	4	NA
ENSG00000167394	1	15
ENSG00000281026	1	12
ENSG00000146215	1	9
ENSG00000100362	3	NA
ENSG00000083444	1	NA
ENSG00000056487	5	NA
ENSG00000286558	1	NA
ENSG00000279789	1	1
ENSG00000115694	1	16
ENSG00000171714	1	NA
ENSG00000105251	1	1
ENSG00000149260	3	1
ENSG00000165821	1	4
ENSG00000123159	1	2
ENSG00000196295	2	4
ENSG00000122884	1	NA
ENSG00000163554	2	6
ENSG00000173040	1	NA
ENSG00000196843	1	NA
ENSG00000053372	1	NA
ENSG00000178028	1	1
ENSG00000123983	1	NA
ENSG00000071655	2	2
ENSG00000287315	1	NA
ENSG00000221829	1	4
ENSG00000074603	1	2
ENSG00000163785	1	5
ENSG00000180008	2	4
ENSG00000116288	1	1
ENSG00000081320	1	9
ENSG00000101247	9	8
ENSG00000187068	2	2
ENSG00000113569	1	NA
ENSG00000104290	1	NA
ENSG00000152404	3	3
ENSG00000183943	28	7
ENSG00000147894	1	NA
ENSG00000117385	1	1
ENSG00000116977	1	NA
ENSG00000162878	2	1
ENSG00000079246	1	5
ENSG00000206573	1	18
ENSG00000163624	1	1
ENSG00000099385	7	2
ENSG00000040199	6	14
ENSG00000183166	2	2
ENSG00000012983	1	NA
ENSG00000136938	3	NA
ENSG00000071537	1	25
ENSG00000105698	6	1
ENSG00000112578	1	NA
ENSG00000116729	1	8
ENSG00000127588	3	NA
ENSG00000046651	5	29
ENSG00000134851	1	2
ENSG00000167325	1	2
ENSG00000213930	5	9
ENSG00000168884	1	9
ENSG00000176871	1	31
ENSG00000161551	1	3
ENSG00000168481	2	16
ENSG00000255182	1	2
ENSG00000180964	29	12
ENSG00000141076	1	NA
ENSG00000183837	80	34
ENSG00000145390	2	NA
ENSG00000279090	3	NA
ENSG00000281181	2	56
ENSG00000100721	25	59
ENSG00000178947	6	4
ENSG00000064787	15	11
ENSG00000261716	1	1
ENSG00000130830	349	178
ENSG00000102181	142	324
ENSG00000155961	399	404
ENSG00000125144	1	1
ENSG00000126016	65	53
ENSG00000143546	2	2
ENSG00000102109	25	43
ENSG00000160213	2	3
ENSG00000005022	57	55
ENSG00000251322	44	62
ENSG00000261371	13	34
ENSG00000100241	27	120
ENSG00000224711	10	25
ENSG00000141867	3	1
ENSG00000262500	2	2
ENSG00000125356	6	9
ENSG00000101972	33	37
ENSG00000160460	4	9
ENSG00000212907	5	2
ENSG00000100393	9	5
ENSG00000260135	5	21
ENSG00000179542	37	4
ENSG00000198692	4	22
ENSG00000240184	3	8
ENSG00000182195	61	135
ENSG00000100591	4	6
ENSG00000012124	3	9
ENSG00000007392	2	2
ENSG00000210082	1	23
ENSG00000100427	19	19
ENSG00000183206	5	15
ENSG00000169313	1	3
ENSG00000259601	6	32
ENSG00000196531	4	2
ENSG00000147403	11	15
ENSG00000160007	1	4
ENSG00000154642	16	10
ENSG00000278189	1	43
ENSG00000198832	3	5
ENSG00000235961	193	69
ENSG00000196576	5	NA
ENSG00000155659	6	34
ENSG00000179218	1	1
ENSG00000126822	5	3
ENSG00000223865	3	4
ENSG00000128016	4	14
ENSG00000171858	11	14
ENSG00000198918	4	18
ENSG00000070413	11	68
ENSG00000196205	1	8
ENSG00000125618	1	1
ENSG00000139737	3	2
ENSG00000103089	3	6
ENSG00000186998	4	2
ENSG00000165588	4	14
ENSG00000100285	4	4
ENSG00000100387	7	5
ENSG00000137070	2	2
ENSG00000101361	3	4
ENSG00000147065	8	63
ENSG00000001497	13	20
ENSG00000005893	5	6
ENSG00000215506	2	1
ENSG00000250067	7	7
ENSG00000147224	45	143
ENSG00000155959	9	12
ENSG00000198727	4	5
ENSG00000138867	3	2
ENSG00000279253	2	NA
ENSG00000173757	1	1
ENSG00000147174	4	5
ENSG00000101367	24	73
ENSG00000101638	15	43
ENSG00000215252	1	2
ENSG00000154864	3	2
ENSG00000134871	1	1
ENSG00000272763	7	32
ENSG00000188153	4	3
ENSG00000131067	22	21
ENSG00000278195	10	8
ENSG00000186575	2	6
ENSG00000159403	1	13
ENSG00000205364	1	1
ENSG00000179399	4	7
ENSG00000072864	6	2
ENSG00000092010	2	4
ENSG00000171903	1	3
ENSG00000101265	9	16
ENSG00000101336	12	44
ENSG00000089472	13	10
ENSG00000104164	6	40
ENSG00000165194	49	168
ENSG00000177679	1	1
ENSG00000102125	14	22
ENSG00000123104	4	6
ENSG00000020577	5	3
ENSG00000102158	6	16
ENSG00000147246	62	3
ENSG00000211659	1	7
ENSG00000232406	6	9
ENSG00000089289	4	38
ENSG00000187325	4	NA
ENSG00000258986	8	3
ENSG00000135976	1	4
ENSG00000241837	7	12
ENSG00000141934	3	5
ENSG00000171817	10	2
ENSG00000090376	1	2
ENSG00000254377	1	1
ENSG00000076928	1	3
ENSG00000172809	4	11
ENSG00000138623	4	6
ENSG00000147027	1	16
ENSG00000125744	23	118
ENSG00000221963	1	25
ENSG00000126524	2	8
ENSG00000134508	5	4
ENSG00000185640	1	1
ENSG00000105227	1	NA
ENSG00000122122	5	30
ENSG00000198455	15	13
ENSG00000065427	2	NA
ENSG00000178982	6	12
ENSG00000112343	1	4
ENSG00000171574	4	36
ENSG00000260788	5	NA
ENSG00000180357	6	NA
ENSG00000166265	7	9
ENSG00000172752	2	4
ENSG00000196976	18	81
ENSG00000129675	21	24
ENSG00000128923	3	7
ENSG00000007372	4	6
ENSG00000258429	1	31
ENSG00000071859	1	12
ENSG00000215769	8	10
ENSG00000067445	12	4
ENSG00000086717	8	6
ENSG00000205420	1	NA
ENSG00000183762	1	NA
ENSG00000125863	1	15
ENSG00000220201	2	13
ENSG00000224470	6	3
ENSG00000172458	1	4
ENSG00000224924	9	4
ENSG00000172216	1	1
ENSG00000147162	2	3
ENSG00000002933	1	2
ENSG00000131943	5	8
ENSG00000260337	1	1
ENSG00000165379	3	NA
ENSG00000064961	3	4
ENSG00000085382	1	5
ENSG00000088826	6	3
ENSG00000078687	1	1
ENSG00000203879	11	2
ENSG00000185133	9	37
ENSG00000100146	4	7
ENSG00000262223	4	6
ENSG00000275385	6	14
ENSG00000160014	5	2
ENSG00000165168	3	26
ENSG00000101493	1	9
ENSG00000123349	2	12
ENSG00000101337	7	33
ENSG00000099795	1	3
ENSG00000108848	2	8
ENSG00000102302	8	2
ENSG00000183207	6	23
ENSG00000099954	2	NA
ENSG00000103995	4	2
ENSG00000186472	1	1
ENSG00000175267	1	5
ENSG00000130684	3	3
ENSG00000024422	7	4
ENSG00000154832	3	6
ENSG00000105254	5	2
ENSG00000169562	1	2
ENSG00000011600	2	26
ENSG00000232119	6	7
ENSG00000128274	8	6
ENSG00000100139	2	NA
ENSG00000140015	3	11
ENSG00000172534	1	24
ENSG00000259425	7	12
ENSG00000167191	2	11
ENSG00000166716	2	1
ENSG00000134460	6	8
ENSG00000130822	11	3
ENSG00000210196	1	1
ENSG00000005513	1	2
ENSG00000276241	4	7
ENSG00000243279	2	3
ENSG00000125676	2	4
ENSG00000102221	5	NA
ENSG00000140859	1	6
ENSG00000180957	2	347
ENSG00000232489	1	2
ENSG00000241749	1	16
ENSG00000257103	14	1
ENSG00000172638	2	1
ENSG00000125817	4	2
ENSG00000135362	6	NA
ENSG00000109083	3	8
ENSG00000140612	10	7
ENSG00000108786	1	NA
ENSG00000166123	5	11
ENSG00000198920	1	4
ENSG00000119688	3	5
ENSG00000130584	1	NA
ENSG00000196227	1	2
ENSG00000141759	1	17
ENSG00000066468	2	5
ENSG00000250658	1	6
ENSG00000280660	1	1
ENSG00000169896	2	21
ENSG00000108474	1	6
ENSG00000088881	5	NA
ENSG00000125901	4	1
ENSG00000122862	1	10
ENSG00000198959	2	6
ENSG00000142185	4	7
ENSG00000189221	8	18
ENSG00000206159	1	23
ENSG00000167447	1	12
ENSG00000079974	1	NA
ENSG00000108298	1	14
ENSG00000180879	1	2
ENSG00000140403	4	7
ENSG00000099960	8	27
ENSG00000110958	1	5
ENSG00000171703	10	36
ENSG00000105221	2	11
ENSG00000101558	2	4
ENSG00000158352	4	1
ENSG00000171401	4	32
ENSG00000087152	2	8
ENSG00000197122	6	13
ENSG00000108798	1	42
ENSG00000210195	2	1
ENSG00000113851	1	2
ENSG00000071564	5	11
ENSG00000079432	8	24
ENSG00000129538	1	6
ENSG00000182902	4	3
ENSG00000169249	1	NA
ENSG00000033327	3	3
ENSG00000107833	2	10
ENSG00000173193	2	3
ENSG00000105058	1	NA
ENSG00000175899	1	1
ENSG00000197044	2	NA
ENSG00000132639	21	NA
ENSG00000136436	9	6
ENSG00000173926	1	1
ENSG00000179134	5	6
ENSG00000072778	3	3
ENSG00000005810	2	29
ENSG00000185246	3	1
ENSG00000160182	5	42
ENSG00000171766	2	14
ENSG00000287243	3	1
ENSG00000219438	6	1
ENSG00000179292	1	11
ENSG00000096384	1	2
ENSG00000108106	12	125
ENSG00000198732	1	1
ENSG00000131873	1	2
ENSG00000129353	3	6
ENSG00000227248	1	7
ENSG00000144724	1	1
ENSG00000203616	1	1
ENSG00000126603	2	6
ENSG00000141401	6	NA
ENSG00000184271	2	60
ENSG00000109113	1	1
ENSG00000227640	3	3
ENSG00000176014	2	14
ENSG00000135387	1	30
ENSG00000074696	2	2
ENSG00000161671	1	1
ENSG00000225783	3	10
ENSG00000184208	2	NA
ENSG00000013619	6	12
ENSG00000183255	3	36
ENSG00000168234	6	NA
ENSG00000122254	1	1
ENSG00000092529	1	4
ENSG00000124203	1	1
ENSG00000104979	1	1
ENSG00000091542	4	61
ENSG00000234745	1	1
ENSG00000115604	1	1
ENSG00000204650	1	1
ENSG00000061337	2	4
ENSG00000031823	5	NA
ENSG00000182841	2	3
ENSG00000141543	4	1
ENSG00000168701	3	2
ENSG00000204472	1	12
ENSG00000198089	1	3
ENSG00000159216	1	21
ENSG00000010404	5	33
ENSG00000101871	6	15
ENSG00000128203	1	105
ENSG00000100823	5	15
ENSG00000205138	3	82
ENSG00000141639	5	5
ENSG00000224812	1	1
ENSG00000168092	1	1
ENSG00000067840	6	12
ENSG00000130749	1	1
ENSG00000054654	4	NA
ENSG00000197256	2	6
ENSG00000241878	6	NA
ENSG00000119669	1	7
ENSG00000103091	1	3
ENSG00000012817	1	23
ENSG00000166974	1	NA
ENSG00000204257	1	1
ENSG00000108465	4	18
ENSG00000276368	2	33
ENSG00000142230	2	149
ENSG00000149100	2	NA
ENSG00000165476	2	3
ENSG00000139436	2	7
ENSG00000100346	2	NA
ENSG00000183495	1	7
ENSG00000099995	2	28
ENSG00000181222	2	20
ENSG00000103269	1	2
ENSG00000273820	2	3
ENSG00000125740	4	NA
ENSG00000060069	3	NA
ENSG00000085872	2	3
ENSG00000133739	1	NA
ENSG00000180891	1	NA
ENSG00000100280	1	15
ENSG00000101608	3	26
ENSG00000135097	1	7
ENSG00000072134	3	1
ENSG00000172890	1	1
ENSG00000142541	2	10
ENSG00000170315	5	4
ENSG00000102904	3	7
ENSG00000198792	1	NA
ENSG00000176624	1	NA
ENSG00000140479	2	NA
ENSG00000198785	1	2
ENSG00000243679	1	1
ENSG00000134575	1	6
ENSG00000075407	2	1
ENSG00000141456	1	4
ENSG00000092871	7	1
ENSG00000273507	1	NA
ENSG00000137825	1	8
ENSG00000105355	2	29
ENSG00000125304	1	26
ENSG00000228315	8	20
ENSG00000077238	2	9
ENSG00000136758	1	33
ENSG00000108641	2	NA
ENSG00000091164	6	41
ENSG00000087460	11	64
ENSG00000258725	3	1
ENSG00000134153	1	1
ENSG00000178502	3	49
ENSG00000182173	3	3
ENSG00000271287	1	17
ENSG00000070367	1	2
ENSG00000135678	3	1
ENSG00000173272	1	20
ENSG00000109927	1	1
ENSG00000127663	2	4
ENSG00000184640	2	NA
ENSG00000102317	1	1
ENSG00000100442	1	1
ENSG00000140688	1	7
ENSG00000147099	3	54
ENSG00000147684	1	1
ENSG00000124217	7	21
ENSG00000183864	4	28
ENSG00000241360	1	22
ENSG00000132002	2	3
ENSG00000125503	3	29
ENSG00000138100	1	1
ENSG00000115275	1	NA
ENSG00000157600	2	NA
ENSG00000186047	2	119
ENSG00000140157	2	64
ENSG00000111783	2	18
ENSG00000108829	3	101
ENSG00000111229	3	1
ENSG00000131097	2	NA
ENSG00000262691	1	1
ENSG00000204278	1	5
ENSG00000090060	4	NA
ENSG00000147180	16	114
ENSG00000198938	2	NA
ENSG00000136044	3	14
ENSG00000100983	3	6
ENSG00000197702	1	2
ENSG00000143797	1	NA
ENSG00000105643	3	NA
ENSG00000197142	1	10
ENSG00000146005	1	NA
ENSG00000092295	2	6
ENSG00000287611	1	4
ENSG00000135446	2	2
ENSG00000235703	4	12
ENSG00000253496	1	8
ENSG00000104044	2	NA
ENSG00000149218	1	NA
ENSG00000131196	3	4
ENSG00000094631	2	NA
ENSG00000101974	3	5
ENSG00000241839	1	10
ENSG00000100612	1	1
ENSG00000140718	1	9
ENSG00000226555	1	3
ENSG00000264462	1	10
ENSG00000105677	1	1
ENSG00000160256	2	17
ENSG00000166862	1	3
ENSG00000169057	2	46
ENSG00000110395	1	4
ENSG00000174028	5	128
ENSG00000065320	1	3
ENSG00000169031	1	1
ENSG00000100243	2	2
ENSG00000172006	1	1
ENSG00000063177	2	6
ENSG00000232593	1	21
ENSG00000005961	2	11
ENSG00000112293	1	NA
ENSG00000179148	2	NA
ENSG00000165506	1	9
ENSG00000077616	1	1
ENSG00000174939	1	4
ENSG00000111859	1	NA
ENSG00000127920	2	6
ENSG00000089091	1	7
ENSG00000132294	1	9
ENSG00000126803	1	NA
ENSG00000101182	3	2
ENSG00000125755	1	1
ENSG00000172867	1	4
ENSG00000108424	1	1
ENSG00000261329	2	6
ENSG00000233930	1	NA
ENSG00000092330	1	NA
ENSG00000156042	1	3
ENSG00000132256	1	1
ENSG00000168734	1	NA
ENSG00000230537	1	1
ENSG00000088340	1	1
ENSG00000259234	2	3
ENSG00000171659	1	2
ENSG00000196440	3	1
ENSG00000087077	2	14
ENSG00000170456	1	NA
ENSG00000185825	2	2
ENSG00000151239	3	10
ENSG00000103194	1	73
ENSG00000107819	2	NA
ENSG00000075413	1	NA
ENSG00000174521	1	NA
ENSG00000244560	1	15
ENSG00000102312	1	9
ENSG00000129151	3	8
ENSG00000266469	1	NA
ENSG00000169918	1	24
ENSG00000125352	5	7
ENSG00000006744	3	7
ENSG00000164970	1	44
ENSG00000085185	1	1
ENSG00000101444	1	NA
ENSG00000204070	1	1
ENSG00000101843	2	NA
ENSG00000061273	1	2
ENSG00000121297	1	8
ENSG00000110799	1	2
ENSG00000166091	1	3
ENSG00000125398	1	26
ENSG00000112977	1	2
ENSG00000205746	1	6
ENSG00000105552	1	3
ENSG00000106868	1	48
ENSG00000109084	1	NA
ENSG00000099204	3	2
ENSG00000130706	1	4
ENSG00000158545	1	5
ENSG00000157554	1	2
ENSG00000165684	1	9
ENSG00000184113	1	NA
ENSG00000173933	1	6
ENSG00000087903	4	14
ENSG00000161547	3	NA
ENSG00000185442	1	1
ENSG00000119537	1	4
ENSG00000250479	1	NA
ENSG00000112659	1	2
ENSG00000271425	1	NA
ENSG00000286330	1	NA
ENSG00000139438	1	NA
ENSG00000141027	1	1
ENSG00000103671	1	1
ENSG00000111231	1	1
ENSG00000072958	1	15
ENSG00000182810	1	4
ENSG00000105255	1	NA
ENSG00000196664	2	7
ENSG00000182718	2	6
ENSG00000277200	1	5
ENSG00000144857	1	NA
ENSG00000128283	1	5
ENSG00000148672	2	5
ENSG00000043355	1	5
ENSG00000074219	2	NA
ENSG00000157450	1	108
ENSG00000154001	2	1
ENSG00000073417	2	7
ENSG00000100353	1	NA
ENSG00000110680	1	NA
ENSG00000185432	1	14
ENSG00000184845	1	1
ENSG00000183160	1	5
ENSG00000198753	1	NA
ENSG00000100154	1	NA
ENSG00000099381	4	1
ENSG00000260412	1	NA
ENSG00000135298	2	NA
ENSG00000074695	1	16
ENSG00000178449	2	1
ENSG00000100242	1	1
ENSG00000161298	4	16
ENSG00000120798	1	5
ENSG00000101391	3	4
ENSG00000110651	1	9
ENSG00000277775	1	38
ENSG00000176155	3	18
ENSG00000100234	2	8
ENSG00000259070	1	NA
ENSG00000198034	3	11
ENSG00000100354	1	1
ENSG00000164117	1	8
ENSG00000177613	1	4
ENSG00000056736	1	NA
ENSG00000155463	2	NA
ENSG00000106991	1	3
ENSG00000177200	1	NA
ENSG00000179241	1	3
ENSG00000137218	1	21
ENSG00000110315	1	NA
ENSG00000113312	1	23
ENSG00000120458	1	NA
ENSG00000171130	1	1
ENSG00000134884	1	6
ENSG00000012048	2	NA
ENSG00000255366	1	NA
ENSG00000180448	1	6
ENSG00000182685	2	15
ENSG00000111790	2	NA
ENSG00000259319	1	NA
ENSG00000105699	1	NA
ENSG00000167323	1	8
ENSG00000169758	2	16
ENSG00000064607	1	3
ENSG00000144152	1	35
ENSG00000009335	1	72
ENSG00000167553	1	14
ENSG00000140548	2	NA
ENSG00000257267	1	NA
ENSG00000105393	1	6
ENSG00000140575	1	3
ENSG00000198728	1	3
ENSG00000106780	1	3
ENSG00000102699	2	61
ENSG00000138190	1	6
ENSG00000171100	1	4
ENSG00000197951	1	17
ENSG00000186298	1	NA
ENSG00000140807	1	NA
ENSG00000152782	1	1
ENSG00000171310	3	4
ENSG00000204442	1	1
ENSG00000173209	1	NA
ENSG00000111077	1	1
ENSG00000230637	1	18
ENSG00000198646	1	1
ENSG00000049130	1	167
ENSG00000125912	3	20
ENSG00000144908	1	4
ENSG00000050820	1	2
ENSG00000173530	1	5
ENSG00000101104	2	NA
ENSG00000058262	1	1
ENSG00000163539	1	1
ENSG00000197620	1	39
ENSG00000260645	1	1
ENSG00000108055	1	2
ENSG00000183092	1	10
ENSG00000166734	1	3
ENSG00000133195	2	NA
ENSG00000126545	1	NA
ENSG00000261123	1	13
ENSG00000095970	1	5
ENSG00000134873	2	1
ENSG00000101888	3	7
ENSG00000108588	1	19
ENSG00000108953	2	NA
ENSG00000086758	1	10
ENSG00000185666	1	8
ENSG00000141338	1	NA
ENSG00000106009	1	2
ENSG00000108387	1	3
ENSG00000134594	1	8
ENSG00000163637	1	1
ENSG00000168404	1	1
ENSG00000137338	1	1
ENSG00000134548	1	NA
ENSG00000140848	1	3
ENSG00000130052	1	1
ENSG00000285517	2	NA
ENSG00000146414	1	12
ENSG00000164815	1	NA
ENSG00000213424	1	1
ENSG00000213390	1	NA
ENSG00000103404	1	5
ENSG00000092094	1	1
ENSG00000125447	1	23
ENSG00000179406	1	1
ENSG00000178921	1	15
ENSG00000072110	1	NA
ENSG00000254087	1	11
ENSG00000134262	1	2
ENSG00000064687	2	1
ENSG00000166710	1	2
ENSG00000183578	2	3
ENSG00000171723	1	NA
ENSG00000130347	1	3
ENSG00000087253	1	3
ENSG00000146223	1	5
ENSG00000185115	1	4
ENSG00000171940	1	29
ENSG00000286522	1	48
ENSG00000170832	1	70
ENSG00000111371	2	193
ENSG00000117906	1	6
ENSG00000108961	1	NA
ENSG00000126653	1	NA
ENSG00000185716	1	NA
ENSG00000011332	1	NA
ENSG00000159259	2	NA
ENSG00000160211	2	5
ENSG00000116809	1	NA
ENSG00000157637	1	NA
ENSG00000071991	1	1
ENSG00000134825	1	1
ENSG00000167107	1	4
ENSG00000059915	1	1
ENSG00000105711	1	2
ENSG00000090905	1	9
ENSG00000015285	1	14
ENSG00000145191	1	3
ENSG00000160570	1	1
ENSG00000198876	1	3
ENSG00000189007	1	1
ENSG00000236104	1	4
ENSG00000108788	1	NA
ENSG00000092148	1	63
ENSG00000243466	1	6
ENSG00000236144	1	NA
ENSG00000151006	1	6
ENSG00000186635	1	NA
ENSG00000167566	1	1
ENSG00000166016	1	NA
ENSG00000102053	1	8
ENSG00000105676	1	36
ENSG00000125249	1	44
ENSG00000164089	1	2
ENSG00000169105	1	1
ENSG00000104765	1	3
ENSG00000196277	1	NA
ENSG00000103021	1	26
ENSG00000185963	1	23
ENSG00000022267	1	6
ENSG00000017427	1	4
ENSG00000253457	1	NA
ENSG00000074657	1	NA
ENSG00000100401	1	1
ENSG00000165782	1	5
ENSG00000152661	1	24
ENSG00000113805	1	NA
ENSG00000176148	1	43
ENSG00000064932	1	2
ENSG00000263878	1	NA
ENSG00000168453	1	4
ENSG00000138036	1	2
ENSG00000106399	1	1
ENSG00000100416	1	2
ENSG00000089048	1	3
ENSG00000080823	1	9
ENSG00000104825	1	NA
ENSG00000100979	1	2
ENSG00000089159	2	1
ENSG00000178235	1	9
ENSG00000138185	1	NA
ENSG00000105662	1	14
ENSG00000102119	1	NA
ENSG00000183878	NA	23
ENSG00000143702	NA	110
ENSG00000119396	NA	126
ENSG00000129667	NA	32
ENSG00000285902	NA	33
ENSG00000114374	NA	22
ENSG00000176728	NA	23
ENSG00000197530	NA	17
ENSG00000051523	NA	30
ENSG00000197483	NA	60
ENSG00000126243	NA	87
ENSG00000161996	NA	12
ENSG00000151929	NA	14
ENSG00000067048	NA	22
ENSG00000072952	NA	13
ENSG00000206737	NA	44
ENSG00000142089	NA	18
ENSG00000117020	NA	206
ENSG00000247081	NA	7
ENSG00000260942	NA	14
ENSG00000276866	NA	32
ENSG00000154620	NA	22
ENSG00000163191	NA	25
ENSG00000241852	NA	73
ENSG00000158714	NA	19
ENSG00000275379	NA	25
ENSG00000142186	NA	85
ENSG00000151778	NA	4
ENSG00000232846	NA	29
ENSG00000197888	NA	22
ENSG00000099715	NA	22
ENSG00000198055	NA	59
ENSG00000163638	NA	14
ENSG00000090339	NA	20
ENSG00000198793	NA	32
ENSG00000205336	NA	20
ENSG00000283041	NA	4
ENSG00000137309	NA	18
ENSG00000143126	NA	16
ENSG00000184986	NA	67
ENSG00000106772	NA	29
ENSG00000173545	NA	67
ENSG00000114544	NA	9
ENSG00000221083	NA	7
ENSG00000111737	NA	37
ENSG00000167208	NA	32
ENSG00000095951	NA	10
ENSG00000141447	NA	44
ENSG00000272865	NA	1
ENSG00000152102	NA	85
ENSG00000149499	NA	4
ENSG00000165246	NA	22
ENSG00000140030	NA	24
ENSG00000162517	NA	14
ENSG00000272391	NA	54
ENSG00000163788	NA	37
ENSG00000100836	NA	25
ENSG00000205090	NA	64
ENSG00000169385	NA	11
ENSG00000185201	NA	10
ENSG00000115504	NA	45
ENSG00000089248	NA	13
ENSG00000143569	NA	8
ENSG00000116688	NA	7
ENSG00000139974	NA	7
ENSG00000079101	NA	1
ENSG00000135926	NA	22
ENSG00000139405	NA	78
ENSG00000223787	NA	16
ENSG00000244398	NA	6
ENSG00000254402	NA	15
ENSG00000081853	NA	5
ENSG00000133030	NA	10
ENSG00000181027	NA	33
ENSG00000109920	NA	2
ENSG00000105520	NA	30
ENSG00000085832	NA	38
ENSG00000155368	NA	8
ENSG00000188157	NA	14
ENSG00000288108	NA	45
ENSG00000115414	NA	3
ENSG00000178301	NA	61
ENSG00000248483	NA	15
ENSG00000123989	NA	15
ENSG00000127580	NA	32
ENSG00000036257	NA	52
ENSG00000072195	NA	6
ENSG00000114013	NA	23
ENSG00000109917	NA	75
ENSG00000123609	NA	10
ENSG00000160791	NA	21
ENSG00000081842	NA	24
ENSG00000172379	NA	30
ENSG00000115137	NA	6
ENSG00000153827	NA	8
ENSG00000227345	NA	52
ENSG00000089116	NA	30
ENSG00000157306	NA	1
ENSG00000163430	NA	28
ENSG00000160932	NA	25
ENSG00000282816	NA	70
ENSG00000163131	NA	15
ENSG00000169764	NA	19
ENSG00000111321	NA	25
ENSG00000187735	NA	9
ENSG00000261879	NA	2
ENSG00000160714	NA	42
ENSG00000131504	NA	13
ENSG00000227081	NA	8
ENSG00000262576	NA	6
ENSG00000241399	NA	20
ENSG00000044574	NA	1
ENSG00000233927	NA	2
ENSG00000028137	NA	31
ENSG00000038358	NA	11
ENSG00000204965	NA	24
ENSG00000173166	NA	13
ENSG00000127951	NA	17
ENSG00000265972	NA	1
ENSG00000131508	NA	49
ENSG00000141933	NA	11
ENSG00000110435	NA	125
ENSG00000142798	NA	1
ENSG00000166863	NA	1
ENSG00000141098	NA	63
ENSG00000157933	NA	13
ENSG00000280063	NA	2
ENSG00000135046	NA	2
ENSG00000224822	NA	15
ENSG00000229807	NA	22
ENSG00000162572	NA	14
ENSG00000135069	NA	20
ENSG00000165730	NA	17
ENSG00000184357	NA	23
ENSG00000215041	NA	41
ENSG00000240731	NA	7
ENSG00000228314	NA	1
ENSG00000109971	NA	3
ENSG00000183718	NA	2
ENSG00000196136	NA	10
ENSG00000109270	NA	28
ENSG00000088280	NA	11
ENSG00000198162	NA	1
ENSG00000138660	NA	7
ENSG00000224825	NA	54
ENSG00000134352	NA	34
ENSG00000107771	NA	20
ENSG00000133321	NA	6
ENSG00000068354	NA	217
ENSG00000174276	NA	7
ENSG00000234851	NA	5
ENSG00000134531	NA	20
ENSG00000149932	NA	2
ENSG00000174125	NA	9
ENSG00000138119	NA	6
ENSG00000183723	NA	7
ENSG00000075568	NA	5
ENSG00000100439	NA	30
ENSG00000124789	NA	6
ENSG00000179673	NA	20
ENSG00000169908	NA	5
ENSG00000181449	NA	12
ENSG00000013364	NA	11
ENSG00000154305	NA	27
ENSG00000184261	NA	7
ENSG00000200959	NA	13
ENSG00000142611	NA	21
ENSG00000131188	NA	20
ENSG00000105281	NA	17
ENSG00000117228	NA	4
ENSG00000152952	NA	5
ENSG00000018280	NA	12
ENSG00000105983	NA	65
ENSG00000169122	NA	50
ENSG00000185275	NA	13
ENSG00000261236	NA	16
ENSG00000286318	NA	13
ENSG00000074211	NA	16
ENSG00000164587	NA	12
ENSG00000215952	NA	13
ENSG00000139116	NA	147
ENSG00000106689	NA	2
ENSG00000035687	NA	35
ENSG00000008394	NA	8
ENSG00000137078	NA	4
ENSG00000269939	NA	3
ENSG00000142459	NA	33
ENSG00000273018	NA	1
ENSG00000133619	NA	4
ENSG00000218891	NA	13
ENSG00000113240	NA	2
ENSG00000182831	NA	8
ENSG00000092203	NA	27
ENSG00000111331	NA	1
ENSG00000175077	NA	39
ENSG00000110048	NA	7
ENSG00000204590	NA	39
ENSG00000136718	NA	14
ENSG00000274925	NA	17
ENSG00000245849	NA	8
ENSG00000168096	NA	1
ENSG00000122203	NA	15
ENSG00000175520	NA	12
ENSG00000213601	NA	20
ENSG00000161243	NA	13
ENSG00000081154	NA	9
ENSG00000160710	NA	36
ENSG00000198546	NA	5
ENSG00000171246	NA	6
ENSG00000065518	NA	1
ENSG00000163629	NA	4
ENSG00000143819	NA	15
ENSG00000218426	NA	9
ENSG00000169756	NA	28
ENSG00000260001	NA	23
ENSG00000161847	NA	22
ENSG00000163528	NA	2
ENSG00000197283	NA	7
ENSG00000237887	NA	11
ENSG00000139977	NA	10
ENSG00000106244	NA	3
ENSG00000100614	NA	59
ENSG00000177575	NA	9
ENSG00000007376	NA	26
ENSG00000119965	NA	42
ENSG00000283154	NA	22
ENSG00000145016	NA	7
ENSG00000143036	NA	9
ENSG00000206417	NA	3
ENSG00000116237	NA	10
ENSG00000184990	NA	5
ENSG00000214021	NA	5
ENSG00000072364	NA	1
ENSG00000005075	NA	3
ENSG00000115806	NA	8
ENSG00000136193	NA	1
ENSG00000260816	NA	31
ENSG00000139921	NA	2
ENSG00000120256	NA	10
ENSG00000189337	NA	7
ENSG00000207611	NA	14
ENSG00000102572	NA	27
ENSG00000187713	NA	4
ENSG00000164414	NA	4
ENSG00000142627	NA	1
ENSG00000164077	NA	17
ENSG00000106799	NA	3
ENSG00000274080	NA	7
ENSG00000185129	NA	3
ENSG00000068383	NA	22
ENSG00000117614	NA	2
ENSG00000270812	NA	9
ENSG00000171853	NA	16
ENSG00000171262	NA	3
ENSG00000141644	NA	26
ENSG00000251136	NA	11
ENSG00000091409	NA	21
ENSG00000132394	NA	10
ENSG00000104375	NA	7
ENSG00000260418	NA	3
ENSG00000115234	NA	18
ENSG00000131116	NA	6
ENSG00000175040	NA	8
ENSG00000165502	NA	3
ENSG00000224081	NA	8
ENSG00000251621	NA	22
ENSG00000208025	NA	27
ENSG00000010327	NA	8
ENSG00000165526	NA	12
ENSG00000178988	NA	13
ENSG00000167792	NA	13
ENSG00000200488	NA	11
ENSG00000104419	NA	9
ENSG00000160633	NA	14
ENSG00000200753	NA	12
ENSG00000110079	NA	18
ENSG00000162244	NA	10
ENSG00000124788	NA	23
ENSG00000198169	NA	4
ENSG00000197780	NA	1
ENSG00000038945	NA	19
ENSG00000188760	NA	12
ENSG00000158615	NA	4
ENSG00000115956	NA	13
ENSG00000244128	NA	6
ENSG00000176681	NA	1
ENSG00000107317	NA	9
ENSG00000168887	NA	26
ENSG00000198837	NA	21
ENSG00000206535	NA	29
ENSG00000103035	NA	12
ENSG00000123240	NA	16
ENSG00000230415	NA	3
ENSG00000183155	NA	19
ENSG00000278588	NA	2
ENSG00000146247	NA	1
ENSG00000138030	NA	15
ENSG00000270049	NA	5
ENSG00000205339	NA	8
ENSG00000249158	NA	11
ENSG00000158411	NA	4
ENSG00000180376	NA	11
ENSG00000111907	NA	2
ENSG00000240568	NA	13
ENSG00000081026	NA	13
ENSG00000131386	NA	2
ENSG00000229368	NA	4
ENSG00000285051	NA	3
ENSG00000128266	NA	30
ENSG00000168488	NA	11
ENSG00000061936	NA	6
ENSG00000257183	NA	15
ENSG00000152977	NA	3
ENSG00000186480	NA	1
ENSG00000105204	NA	41
ENSG00000243449	NA	5
ENSG00000249592	NA	9
ENSG00000132481	NA	15
ENSG00000137491	NA	2
ENSG00000164902	NA	2
ENSG00000168394	NA	22
ENSG00000167895	NA	1
ENSG00000103152	NA	2
ENSG00000231607	NA	25
ENSG00000211451	NA	9
ENSG00000019485	NA	13
ENSG00000172531	NA	1
ENSG00000185650	NA	29
ENSG00000137075	NA	21
ENSG00000133597	NA	23
ENSG00000064726	NA	5
ENSG00000137752	NA	11
ENSG00000164591	NA	17
ENSG00000108622	NA	3
ENSG00000067704	NA	1
ENSG00000143543	NA	5
ENSG00000134014	NA	7
ENSG00000177034	NA	6
ENSG00000118640	NA	10
ENSG00000182541	NA	27
ENSG00000077150	NA	10
ENSG00000266074	NA	5
ENSG00000010165	NA	6
ENSG00000087266	NA	1
ENSG00000166887	NA	3
ENSG00000277918	NA	17
ENSG00000122435	NA	27
ENSG00000245910	NA	8
ENSG00000105835	NA	4
ENSG00000247774	NA	4
ENSG00000119729	NA	10
ENSG00000072803	NA	2
ENSG00000163659	NA	15
ENSG00000021355	NA	16
ENSG00000244701	NA	7
ENSG00000112799	NA	11
ENSG00000105939	NA	18
ENSG00000012660	NA	8
ENSG00000104689	NA	4
ENSG00000215193	NA	50
ENSG00000148948	NA	6
ENSG00000155099	NA	25
ENSG00000138398	NA	3
ENSG00000162645	NA	8
ENSG00000123374	NA	25
ENSG00000253284	NA	15
ENSG00000020256	NA	72
ENSG00000144843	NA	2
ENSG00000004487	NA	3
ENSG00000144749	NA	8
ENSG00000110768	NA	20
ENSG00000114757	NA	4
ENSG00000145113	NA	3
ENSG00000166343	NA	10
ENSG00000134247	NA	18
ENSG00000109861	NA	8
ENSG00000175489	NA	7
ENSG00000167182	NA	4
ENSG00000213654	NA	4
ENSG00000117862	NA	4
ENSG00000223459	NA	6
ENSG00000171631	NA	3
ENSG00000152669	NA	6
ENSG00000162302	NA	17
ENSG00000176407	NA	15
ENSG00000175701	NA	5
ENSG00000127481	NA	1
ENSG00000225683	NA	2
ENSG00000180104	NA	23
ENSG00000145681	NA	3
ENSG00000091527	NA	1
ENSG00000204482	NA	1
ENSG00000084463	NA	9
ENSG00000197905	NA	2
ENSG00000140943	NA	2
ENSG00000153140	NA	2
ENSG00000164761	NA	9
ENSG00000228109	NA	6
ENSG00000241361	NA	6
ENSG00000229236	NA	23
ENSG00000100577	NA	1
ENSG00000244754	NA	12
ENSG00000158882	NA	5
ENSG00000233639	NA	2
ENSG00000116514	NA	1
ENSG00000249602	NA	5
ENSG00000196850	NA	14
ENSG00000258366	NA	4
ENSG00000140464	NA	2
ENSG00000169242	NA	1
ENSG00000163872	NA	3
ENSG00000105695	NA	7
ENSG00000242294	NA	4
ENSG00000261553	NA	3
ENSG00000128872	NA	13
ENSG00000146826	NA	13
ENSG00000166997	NA	8
ENSG00000026508	NA	4
ENSG00000075618	NA	6
ENSG00000119408	NA	12
ENSG00000104228	NA	13
ENSG00000231721	NA	7
ENSG00000187952	NA	9
ENSG00000165525	NA	2
ENSG00000066777	NA	7
ENSG00000178568	NA	1
ENSG00000100916	NA	41
ENSG00000116641	NA	7
ENSG00000068400	NA	17
ENSG00000117394	NA	5
ENSG00000059691	NA	15
ENSG00000198625	NA	1
ENSG00000181894	NA	48
ENSG00000115091	NA	9
ENSG00000066294	NA	2
ENSG00000132781	NA	2
ENSG00000077097	NA	3
ENSG00000102908	NA	9
ENSG00000135205	NA	2
ENSG00000122068	NA	2
ENSG00000211898	NA	12
ENSG00000282100	NA	21
ENSG00000205710	NA	29
ENSG00000119943	NA	2
ENSG00000135862	NA	2
ENSG00000132612	NA	1
ENSG00000167632	NA	11
ENSG00000168710	NA	2
ENSG00000211450	NA	4
ENSG00000250418	NA	7
ENSG00000205362	NA	2
ENSG00000272541	NA	1
ENSG00000100403	NA	5
ENSG00000235613	NA	3
ENSG00000121774	NA	3
ENSG00000240534	NA	1
ENSG00000162851	NA	3
ENSG00000178202	NA	21
ENSG00000181009	NA	2
ENSG00000090006	NA	7
ENSG00000141510	NA	8
ENSG00000170425	NA	7
ENSG00000229422	NA	11
ENSG00000176973	NA	3
ENSG00000213139	NA	4
ENSG00000095066	NA	10
ENSG00000244055	NA	2
ENSG00000149257	NA	7
ENSG00000048052	NA	13
ENSG00000171824	NA	4
ENSG00000186847	NA	29
ENSG00000204252	NA	4
ENSG00000144029	NA	8
ENSG00000176595	NA	2
ENSG00000111348	NA	8
ENSG00000116171	NA	1
ENSG00000105732	NA	22
ENSG00000228496	NA	3
ENSG00000099817	NA	5
ENSG00000206561	NA	1
ENSG00000260495	NA	7
ENSG00000157404	NA	4
ENSG00000118113	NA	7
ENSG00000111752	NA	3
ENSG00000133612	NA	1
ENSG00000168036	NA	1
ENSG00000151276	NA	4
ENSG00000160218	NA	7
ENSG00000160767	NA	1
ENSG00000174227	NA	3
ENSG00000118971	NA	5
ENSG00000124164	NA	7
ENSG00000102753	NA	2
ENSG00000152518	NA	2
ENSG00000065150	NA	33
ENSG00000277007	NA	6
ENSG00000088205	NA	2
ENSG00000094914	NA	5
ENSG00000199562	NA	1
ENSG00000137154	NA	5
ENSG00000254221	NA	4
ENSG00000134253	NA	1
ENSG00000163728	NA	2
ENSG00000240065	NA	4
ENSG00000261056	NA	1
ENSG00000083312	NA	10
ENSG00000100949	NA	2
ENSG00000226981	NA	9
ENSG00000284770	NA	2
ENSG00000171368	NA	6
ENSG00000177728	NA	2
ENSG00000186141	NA	8
ENSG00000085662	NA	9
ENSG00000112624	NA	12
ENSG00000226137	NA	1
ENSG00000175309	NA	5
ENSG00000075142	NA	3
ENSG00000168306	NA	1
ENSG00000135338	NA	10
ENSG00000179965	NA	10
ENSG00000135622	NA	8
ENSG00000253159	NA	1
ENSG00000145911	NA	15
ENSG00000105246	NA	6
ENSG00000177628	NA	4
ENSG00000262484	NA	2
ENSG00000213123	NA	3
ENSG00000125445	NA	1
ENSG00000145708	NA	2
ENSG00000126581	NA	40
ENSG00000068305	NA	3
ENSG00000109572	NA	2
ENSG00000007866	NA	4
ENSG00000139832	NA	7
ENSG00000143748	NA	1
ENSG00000092969	NA	8
ENSG00000225968	NA	1
ENSG00000178096	NA	2
ENSG00000197599	NA	1
ENSG00000134461	NA	12
ENSG00000127948	NA	4
ENSG00000168899	NA	7
ENSG00000176165	NA	2
ENSG00000162746	NA	2
ENSG00000067836	NA	3
ENSG00000204315	NA	2
ENSG00000120889	NA	4
ENSG00000197442	NA	4
ENSG00000131981	NA	11
ENSG00000172578	NA	2
ENSG00000198133	NA	2
ENSG00000155926	NA	10
ENSG00000177426	NA	7
ENSG00000121440	NA	4
ENSG00000231764	NA	4
ENSG00000168961	NA	2
ENSG00000164897	NA	2
ENSG00000166189	NA	7
ENSG00000184678	NA	2
ENSG00000143067	NA	3
ENSG00000228409	NA	5
ENSG00000140379	NA	2
ENSG00000143603	NA	2
ENSG00000090097	NA	8
ENSG00000170385	NA	1
ENSG00000128581	NA	2
ENSG00000087250	NA	1
ENSG00000173599	NA	5
ENSG00000198042	NA	4
ENSG00000100055	NA	7
ENSG00000256955	NA	1
ENSG00000110200	NA	3
ENSG00000139718	NA	8
ENSG00000164051	NA	6
ENSG00000271653	NA	1
ENSG00000266371	NA	1
ENSG00000179144	NA	2
ENSG00000189227	NA	2
ENSG00000158747	NA	1
ENSG00000137168	NA	2
ENSG00000148180	NA	5
ENSG00000286989	NA	2
ENSG00000107719	NA	1
ENSG00000196458	NA	3
ENSG00000214548	NA	1
ENSG00000249740	NA	3
ENSG00000214456	NA	1
ENSG00000173039	NA	5
ENSG00000167962	NA	6
ENSG00000048649	NA	4
ENSG00000156162	NA	1
ENSG00000188603	NA	1
ENSG00000215421	NA	2
ENSG00000081019	NA	2
ENSG00000173456	NA	22
ENSG00000100284	NA	7
ENSG00000204305	NA	8
ENSG00000157181	NA	8
ENSG00000197136	NA	4
ENSG00000126214	NA	1
ENSG00000163154	NA	4
ENSG00000162931	NA	4
ENSG00000160789	NA	4
ENSG00000129515	NA	3
ENSG00000114867	NA	3
ENSG00000196914	NA	2
ENSG00000137970	NA	1
ENSG00000169885	NA	6
ENSG00000140743	NA	16
ENSG00000145414	NA	11
ENSG00000177674	NA	6
ENSG00000116981	NA	5
ENSG00000136504	NA	12
ENSG00000102265	NA	4
ENSG00000179163	NA	4
ENSG00000249915	NA	2
ENSG00000232112	NA	3
ENSG00000131503	NA	1
ENSG00000211924	NA	1
ENSG00000100365	NA	8
ENSG00000167281	NA	2
ENSG00000215158	NA	8
ENSG00000119655	NA	3
ENSG00000169750	NA	23
ENSG00000196526	NA	4
ENSG00000177600	NA	1
ENSG00000137767	NA	3
ENSG00000081307	NA	4
ENSG00000006715	NA	2
ENSG00000250608	NA	1
ENSG00000152127	NA	1
ENSG00000153707	NA	5
ENSG00000129245	NA	2
ENSG00000089094	NA	2
ENSG00000171960	NA	3
ENSG00000153551	NA	5
ENSG00000166289	NA	2
ENSG00000162551	NA	1
ENSG00000204922	NA	1
ENSG00000124222	NA	3
ENSG00000161638	NA	9
ENSG00000183960	NA	2
ENSG00000134248	NA	2
ENSG00000165507	NA	3
ENSG00000241218	NA	3
ENSG00000158050	NA	1
ENSG00000265218	NA	1
ENSG00000104205	NA	13
ENSG00000261710	NA	2
ENSG00000114650	NA	4
ENSG00000164983	NA	1
ENSG00000103266	NA	11
ENSG00000166105	NA	9
ENSG00000167378	NA	19
ENSG00000106688	NA	12
ENSG00000185164	NA	10
ENSG00000180739	NA	3
ENSG00000172845	NA	1
ENSG00000284959	NA	1
ENSG00000006125	NA	2
ENSG00000099840	NA	8
ENSG00000144369	NA	2
ENSG00000134001	NA	8
ENSG00000119820	NA	2
ENSG00000273247	NA	1
ENSG00000238260	NA	7
ENSG00000015171	NA	1
ENSG00000170145	NA	3
ENSG00000244313	NA	5
ENSG00000143870	NA	3
ENSG00000129244	NA	2
ENSG00000105383	NA	1
ENSG00000154162	NA	6
ENSG00000153208	NA	4
ENSG00000074527	NA	9
ENSG00000203739	NA	2
ENSG00000115325	NA	3
ENSG00000172828	NA	1
ENSG00000258875	NA	2
ENSG00000201367	NA	3
ENSG00000149716	NA	2
ENSG00000153012	NA	2
ENSG00000278867	NA	1
ENSG00000132541	NA	2
ENSG00000137818	NA	1
ENSG00000107249	NA	4
ENSG00000074071	NA	5
ENSG00000197380	NA	6
ENSG00000136573	NA	6
ENSG00000172005	NA	3
ENSG00000234545	NA	1
ENSG00000157890	NA	1
ENSG00000240038	NA	4
ENSG00000268659	NA	2
ENSG00000148339	NA	4
ENSG00000128596	NA	7
ENSG00000205356	NA	2
ENSG00000279759	NA	5
ENSG00000129473	NA	5
ENSG00000235026	NA	1
ENSG00000153487	NA	1
ENSG00000280789	NA	1
ENSG00000112759	NA	7
ENSG00000137965	NA	1
ENSG00000170412	NA	2
ENSG00000157625	NA	43
ENSG00000154803	NA	1
ENSG00000145741	NA	1
ENSG00000169813	NA	8
ENSG00000056586	NA	7
ENSG00000160072	NA	4
ENSG00000122986	NA	8
ENSG00000231153	NA	4
ENSG00000172046	NA	4
ENSG00000062725	NA	6
ENSG00000253849	NA	3
ENSG00000197771	NA	16
ENSG00000165389	NA	3
ENSG00000103064	NA	2
ENSG00000113282	NA	2
ENSG00000259985	NA	25
ENSG00000171885	NA	10
ENSG00000110002	NA	2
ENSG00000110046	NA	2
ENSG00000148482	NA	9
ENSG00000142920	NA	1
ENSG00000234929	NA	2
ENSG00000157954	NA	5
ENSG00000140396	NA	2
ENSG00000069122	NA	2
ENSG00000166405	NA	1
ENSG00000196372	NA	2
ENSG00000286446	NA	1
ENSG00000158106	NA	4
ENSG00000138802	NA	1
ENSG00000198556	NA	1
ENSG00000196455	NA	1
ENSG00000213722	NA	4
ENSG00000139613	NA	1
ENSG00000112902	NA	1
ENSG00000115128	NA	1
ENSG00000086062	NA	3
ENSG00000236427	NA	4
ENSG00000111145	NA	13
ENSG00000025293	NA	1
ENSG00000078549	NA	3
ENSG00000147571	NA	2
ENSG00000063660	NA	1
ENSG00000177030	NA	3
ENSG00000240291	NA	2
ENSG00000267195	NA	8
ENSG00000178188	NA	5
ENSG00000153201	NA	1
ENSG00000103502	NA	7
ENSG00000272374	NA	6
ENSG00000146433	NA	2
ENSG00000164976	NA	5
ENSG00000107281	NA	5
ENSG00000157368	NA	4
ENSG00000103005	NA	6
ENSG00000013561	NA	4
ENSG00000139168	NA	1
ENSG00000165714	NA	5
ENSG00000184432	NA	4
ENSG00000116128	NA	2
ENSG00000163956	NA	3
ENSG00000166546	NA	1
ENSG00000255308	NA	5
ENSG00000184602	NA	1
ENSG00000184887	NA	2
ENSG00000168876	NA	5
ENSG00000271447	NA	2
ENSG00000110047	NA	1
ENSG00000285844	NA	1
ENSG00000125347	NA	2
ENSG00000113163	NA	19
ENSG00000106609	NA	1
ENSG00000138032	NA	2
ENSG00000148634	NA	2
ENSG00000281649	NA	2
ENSG00000166341	NA	5
ENSG00000198369	NA	1
ENSG00000137936	NA	3
ENSG00000113916	NA	3
ENSG00000102921	NA	2
ENSG00000141736	NA	6
ENSG00000105849	NA	2
ENSG00000132549	NA	1
ENSG00000119632	NA	4
ENSG00000107438	NA	1
ENSG00000143376	NA	2
ENSG00000128567	NA	3
ENSG00000082258	NA	2
ENSG00000101198	NA	1
ENSG00000261187	NA	2
ENSG00000117143	NA	3
ENSG00000169860	NA	1
ENSG00000187513	NA	1
ENSG00000130227	NA	4
ENSG00000206052	NA	1
ENSG00000167178	NA	13
ENSG00000203668	NA	1
ENSG00000245532	NA	4
ENSG00000200795	NA	18
ENSG00000168118	NA	2
ENSG00000003056	NA	8
ENSG00000188185	NA	2
ENSG00000115286	NA	6
ENSG00000145685	NA	3
ENSG00000198805	NA	9
ENSG00000080947	NA	4
ENSG00000184185	NA	7
ENSG00000162896	NA	1
ENSG00000229739	NA	3
ENSG00000183833	NA	1
ENSG00000258441	NA	18
ENSG00000155850	NA	2
ENSG00000164484	NA	1
ENSG00000141424	NA	2
ENSG00000196689	NA	4
ENSG00000086544	NA	9
ENSG00000178342	NA	1
ENSG00000115415	NA	1
ENSG00000170348	NA	5
ENSG00000113068	NA	6
ENSG00000164754	NA	2
ENSG00000050165	NA	2
ENSG00000138035	NA	1
ENSG00000266962	NA	4
ENSG00000002549	NA	1
ENSG00000109072	NA	3
ENSG00000005884	NA	2
ENSG00000049656	NA	2
ENSG00000269293	NA	1
ENSG00000126698	NA	1
ENSG00000160685	NA	2
ENSG00000042980	NA	2
ENSG00000168286	NA	3
ENSG00000112312	NA	2
ENSG00000197362	NA	3
ENSG00000242861	NA	4
ENSG00000178980	NA	1
ENSG00000104131	NA	1
ENSG00000180929	NA	3
ENSG00000111678	NA	2
ENSG00000013441	NA	7
ENSG00000135547	NA	2
ENSG00000112237	NA	2
ENSG00000138964	NA	18
ENSG00000197580	NA	2
ENSG00000074964	NA	1
ENSG00000157184	NA	3
ENSG00000260750	NA	5
ENSG00000167779	NA	2
ENSG00000120705	NA	6
ENSG00000163466	NA	2
ENSG00000169330	NA	2
ENSG00000280285	NA	2
ENSG00000141506	NA	6
ENSG00000023697	NA	7
ENSG00000158792	NA	1
ENSG00000164040	NA	2
ENSG00000108468	NA	5
ENSG00000099949	NA	3
ENSG00000139726	NA	5
ENSG00000172201	NA	4
ENSG00000140691	NA	4
ENSG00000127022	NA	1
ENSG00000133895	NA	6
ENSG00000198742	NA	1
ENSG00000169902	NA	1
ENSG00000159388	NA	3
ENSG00000162727	NA	3
ENSG00000147419	NA	1
ENSG00000205730	NA	8
ENSG00000189077	NA	1
ENSG00000143297	NA	1
ENSG00000075420	NA	3
ENSG00000069431	NA	6
ENSG00000163171	NA	3
ENSG00000205959	NA	4
ENSG00000136160	NA	2
ENSG00000163866	NA	1
ENSG00000144893	NA	1
ENSG00000185885	NA	1
ENSG00000137216	NA	1
ENSG00000158315	NA	1
ENSG00000125810	NA	22
ENSG00000148356	NA	1
ENSG00000107521	NA	5
ENSG00000283341	NA	4
ENSG00000167130	NA	1
ENSG00000160613	NA	1
ENSG00000099875	NA	1
ENSG00000039123	NA	3
ENSG00000184916	NA	3
ENSG00000065911	NA	3
ENSG00000198218	NA	2
ENSG00000143753	NA	5
ENSG00000167968	NA	2
ENSG00000158623	NA	1
ENSG00000110583	NA	2
ENSG00000163673	NA	1
ENSG00000130177	NA	2
ENSG00000112941	NA	1
ENSG00000068654	NA	1
ENSG00000146469	NA	3
ENSG00000170581	NA	1
ENSG00000148985	NA	2
ENSG00000063978	NA	1
ENSG00000226891	NA	2
ENSG00000235174	NA	1
ENSG00000084733	NA	1
ENSG00000004777	NA	9
ENSG00000102580	NA	5
ENSG00000204899	NA	2
ENSG00000196743	NA	2
ENSG00000143801	NA	2
ENSG00000177045	NA	4
ENSG00000185745	NA	3
ENSG00000115020	NA	3
ENSG00000227544	NA	1
ENSG00000102100	NA	15
ENSG00000009954	NA	1
ENSG00000178537	NA	2
ENSG00000229152	NA	4
ENSG00000198797	NA	1
ENSG00000152894	NA	1
ENSG00000127586	NA	3
ENSG00000170185	NA	3
ENSG00000008311	NA	3
ENSG00000138399	NA	1
ENSG00000174109	NA	6
ENSG00000105429	NA	13
ENSG00000157483	NA	3
ENSG00000101166	NA	7
ENSG00000116473	NA	1
ENSG00000164463	NA	1
ENSG00000071127	NA	1
ENSG00000253001	NA	2
ENSG00000122863	NA	6
ENSG00000105640	NA	3
ENSG00000040731	NA	2
ENSG00000281571	NA	1
ENSG00000136286	NA	3
ENSG00000116667	NA	2
ENSG00000179776	NA	5
ENSG00000128045	NA	4
ENSG00000176994	NA	12
ENSG00000113971	NA	1
ENSG00000033050	NA	1
ENSG00000141556	NA	3
ENSG00000126561	NA	7
ENSG00000171016	NA	1
ENSG00000153006	NA	1
ENSG00000188599	NA	2
ENSG00000271344	NA	3
ENSG00000143622	NA	1
ENSG00000272568	NA	3
ENSG00000111605	NA	2
ENSG00000157259	NA	1
ENSG00000148444	NA	3
ENSG00000100036	NA	40
ENSG00000087053	NA	1
ENSG00000154127	NA	2
ENSG00000042493	NA	1
ENSG00000078246	NA	1
ENSG00000143401	NA	1
ENSG00000162434	NA	2
ENSG00000161036	NA	8
ENSG00000089157	NA	2
ENSG00000168918	NA	3
ENSG00000254995	NA	5
ENSG00000116857	NA	1
ENSG00000136940	NA	1
ENSG00000181631	NA	1
ENSG00000130714	NA	6
ENSG00000156671	NA	1
ENSG00000118816	NA	2
ENSG00000141404	NA	5
ENSG00000105464	NA	6
ENSG00000108852	NA	11
ENSG00000185818	NA	1
ENSG00000184232	NA	1
ENSG00000162148	NA	1
ENSG00000106236	NA	1
ENSG00000163617	NA	1
ENSG00000230778	NA	2
ENSG00000117114	NA	1
ENSG00000144476	NA	4
ENSG00000154274	NA	1
ENSG00000160712	NA	1
ENSG00000262903	NA	1
ENSG00000287900	NA	2
ENSG00000220868	NA	1
ENSG00000166402	NA	4
ENSG00000104219	NA	3
ENSG00000143033	NA	1
ENSG00000135249	NA	1
ENSG00000105193	NA	2
ENSG00000173692	NA	3
ENSG00000143340	NA	1
ENSG00000066027	NA	2
ENSG00000184486	NA	1
ENSG00000114779	NA	4
ENSG00000059122	NA	11
ENSG00000151012	NA	2
ENSG00000153147	NA	2
ENSG00000116991	NA	1
ENSG00000125089	NA	1
ENSG00000143590	NA	1
ENSG00000248019	NA	2
ENSG00000076053	NA	1
ENSG00000109685	NA	1
ENSG00000280098	NA	4
ENSG00000104695	NA	1
ENSG00000131381	NA	5
ENSG00000282826	NA	1
ENSG00000102886	NA	3
ENSG00000157870	NA	1
ENSG00000166173	NA	2
ENSG00000173452	NA	2
ENSG00000169992	NA	7
ENSG00000125285	NA	2
ENSG00000177311	NA	1
ENSG00000080561	NA	1
ENSG00000214253	NA	1
ENSG00000176720	NA	1
ENSG00000011304	NA	1
ENSG00000240661	NA	1
ENSG00000140199	NA	4
ENSG00000230551	NA	1
ENSG00000091039	NA	9
ENSG00000231824	NA	2
ENSG00000134897	NA	2
ENSG00000162607	NA	1
ENSG00000177465	NA	4
ENSG00000164933	NA	4
ENSG00000054523	NA	1
ENSG00000082153	NA	1
ENSG00000124067	NA	8
ENSG00000185630	NA	1
ENSG00000279283	NA	2
ENSG00000251432	NA	2
ENSG00000176022	NA	2
ENSG00000110717	NA	2
ENSG00000145248	NA	2
ENSG00000169919	NA	3
ENSG00000001617	NA	1
ENSG00000163406	NA	1
ENSG00000145391	NA	1
ENSG00000068697	NA	3
ENSG00000116717	NA	1
ENSG00000006015	NA	2
ENSG00000144868	NA	1
ENSG00000170345	NA	1
ENSG00000198898	NA	2
ENSG00000255496	NA	2
ENSG00000254936	NA	1
ENSG00000110090	NA	2
ENSG00000109610	NA	1
ENSG00000196411	NA	3
ENSG00000006118	NA	2
ENSG00000101439	NA	1
ENSG00000227388	NA	2
ENSG00000174483	NA	2
ENSG00000183423	NA	3
ENSG00000185942	NA	1
ENSG00000101084	NA	9
ENSG00000261675	NA	5
ENSG00000135749	NA	2
ENSG00000174738	NA	2
ENSG00000067057	NA	5
ENSG00000183196	NA	1
ENSG00000255413	NA	4
ENSG00000144909	NA	1
ENSG00000106211	NA	1
ENSG00000117280	NA	1
ENSG00000163155	NA	1
ENSG00000140682	NA	3
ENSG00000137642	NA	1
ENSG00000109265	NA	1
ENSG00000279700	NA	2
ENSG00000230606	NA	1
ENSG00000233532	NA	3
ENSG00000116031	NA	1
ENSG00000134970	NA	1
ENSG00000167862	NA	2
ENSG00000085063	NA	1
ENSG00000110172	NA	1
ENSG00000234617	NA	1
ENSG00000259366	NA	1
ENSG00000205808	NA	3
ENSG00000156467	NA	1
ENSG00000007202	NA	4
ENSG00000104936	NA	1
ENSG00000280073	NA	2
ENSG00000241370	NA	2
ENSG00000112992	NA	1
ENSG00000180098	NA	1
ENSG00000084112	NA	2
ENSG00000107537	NA	1
ENSG00000099377	NA	1
ENSG00000186409	NA	1
ENSG00000176248	NA	1
ENSG00000198520	NA	2
ENSG00000068078	NA	4
ENSG00000176261	NA	1
ENSG00000181409	NA	2
ENSG00000131094	NA	1
ENSG00000119535	NA	1
ENSG00000115107	NA	1
ENSG00000205213	NA	6
ENSG00000133250	NA	4
ENSG00000164576	NA	1
ENSG00000151834	NA	1
ENSG00000156453	NA	1
ENSG00000136048	NA	7
ENSG00000196182	NA	1
ENSG00000287705	NA	1
ENSG00000269929	NA	2
ENSG00000182544	NA	1
ENSG00000265313	NA	6
ENSG00000162496	NA	1
ENSG00000132879	NA	1
ENSG00000114648	NA	5
ENSG00000100028	NA	17
ENSG00000148335	NA	2
ENSG00000181788	NA	1
ENSG00000234608	NA	1
ENSG00000009307	NA	1
ENSG00000052841	NA	2
ENSG00000077348	NA	4
ENSG00000149503	NA	4
ENSG00000270504	NA	3
ENSG00000170271	NA	1
ENSG00000009950	NA	1
ENSG00000254815	NA	1
ENSG00000101363	NA	4
ENSG00000140416	NA	3
ENSG00000106070	NA	1
ENSG00000198130	NA	1
ENSG00000250056	NA	5
ENSG00000138433	NA	2
ENSG00000124535	NA	1
ENSG00000117525	NA	1
ENSG00000198087	NA	1
ENSG00000260316	NA	2
ENSG00000115282	NA	1
ENSG00000160117	NA	6
ENSG00000116962	NA	1
ENSG00000280000	NA	4
ENSG00000150782	NA	4
ENSG00000117676	NA	1
ENSG00000108819	NA	2
ENSG00000071082	NA	2
ENSG00000197746	NA	2
ENSG00000091436	NA	1
ENSG00000130939	NA	1
ENSG00000235994	NA	1
ENSG00000166004	NA	2
ENSG00000083750	NA	17
ENSG00000287665	NA	1
ENSG00000108175	NA	3
ENSG00000140264	NA	1
ENSG00000162738	NA	1
ENSG00000158470	NA	5
ENSG00000132388	NA	11
ENSG00000280441	NA	2
ENSG00000198108	NA	4
ENSG00000253953	NA	1
ENSG00000167526	NA	1
ENSG00000196139	NA	2
ENSG00000105697	NA	4
ENSG00000198648	NA	1
ENSG00000103024	NA	1
ENSG00000166394	NA	1
ENSG00000237709	NA	4
ENSG00000099338	NA	1
ENSG00000226766	NA	2
ENSG00000136244	NA	1
ENSG00000175567	NA	2
ENSG00000162616	NA	1
ENSG00000174456	NA	2
ENSG00000099282	NA	2
ENSG00000167468	NA	1
ENSG00000197296	NA	12
ENSG00000113013	NA	3
ENSG00000109099	NA	3
ENSG00000256029	NA	1
ENSG00000122971	NA	2
ENSG00000111275	NA	1
ENSG00000135824	NA	1
ENSG00000168310	NA	1
ENSG00000163563	NA	1
ENSG00000186063	NA	1
ENSG00000069399	NA	1
ENSG00000174943	NA	6
ENSG00000013288	NA	2
ENSG00000100336	NA	11
ENSG00000286187	NA	23
ENSG00000109062	NA	6
ENSG00000224525	NA	1
ENSG00000129219	NA	1
ENSG00000124157	NA	4
ENSG00000230590	NA	18
ENSG00000266456	NA	1
ENSG00000100300	NA	9
ENSG00000100239	NA	13
ENSG00000076248	NA	7
ENSG00000198466	NA	1
ENSG00000100219	NA	1
ENSG00000108107	NA	3
ENSG00000067064	NA	2
ENSG00000131724	NA	8
ENSG00000004799	NA	1
ENSG00000172137	NA	1
ENSG00000155465	NA	10
ENSG00000125753	NA	8
ENSG00000173020	NA	2
ENSG00000100462	NA	1
ENSG00000101191	NA	1
ENSG00000167967	NA	4
ENSG00000140853	NA	1
ENSG00000128340	NA	5
ENSG00000134278	NA	1
ENSG00000253873	NA	2
ENSG00000166432	NA	5
ENSG00000132600	NA	3
ENSG00000159202	NA	1
ENSG00000170370	NA	2
ENSG00000233327	NA	1
ENSG00000119397	NA	1
ENSG00000178950	NA	1
ENSG00000111335	NA	1
ENSG00000109390	NA	1
ENSG00000128159	NA	4
ENSG00000105137	NA	11
ENSG00000139364	NA	2
ENSG00000121742	NA	3
ENSG00000047188	NA	1
ENSG00000167113	NA	4
ENSG00000078304	NA	3
ENSG00000104894	NA	11
ENSG00000187720	NA	2
ENSG00000102218	NA	2
ENSG00000183044	NA	1
ENSG00000139946	NA	2
ENSG00000177464	NA	11
ENSG00000102178	NA	7
ENSG00000240053	NA	1
ENSG00000178904	NA	2
ENSG00000160183	NA	2
ENSG00000170889	NA	3
ENSG00000125971	NA	3
ENSG00000132825	NA	6
ENSG00000244053	NA	2
ENSG00000182985	NA	3
ENSG00000137871	NA	1
ENSG00000238083	NA	1
ENSG00000110851	NA	5
ENSG00000134755	NA	6
ENSG00000169413	NA	1
ENSG00000156304	NA	4
ENSG00000171109	NA	1
ENSG00000104549	NA	1
ENSG00000131941	NA	3
ENSG00000105404	NA	2
ENSG00000127526	NA	1
ENSG00000154134	NA	1
ENSG00000025708	NA	4
ENSG00000188706	NA	4
ENSG00000124214	NA	1
ENSG00000204577	NA	2
ENSG00000135272	NA	1
ENSG00000126264	NA	4
ENSG00000132470	NA	2
ENSG00000125482	NA	1
ENSG00000128268	NA	2
ENSG00000131771	NA	2
ENSG00000179981	NA	2
ENSG00000003989	NA	2
ENSG00000197496	NA	15
ENSG00000168995	NA	2
ENSG00000185088	NA	1
ENSG00000188636	NA	3
ENSG00000188895	NA	6
ENSG00000166927	NA	3
ENSG00000173546	NA	4
ENSG00000110852	NA	3
ENSG00000264940	NA	8
ENSG00000109066	NA	3
ENSG00000157103	NA	1
ENSG00000099968	NA	1
ENSG00000011422	NA	4
ENSG00000185658	NA	2
ENSG00000181192	NA	1
ENSG00000187416	NA	1
ENSG00000178952	NA	2
ENSG00000177990	NA	1
ENSG00000110324	NA	4
ENSG00000140948	NA	2
ENSG00000100422	NA	6
ENSG00000200170	NA	1
ENSG00000184708	NA	1
ENSG00000101746	NA	2
ENSG00000275835	NA	3
ENSG00000012211	NA	3
ENSG00000179262	NA	2
ENSG00000105122	NA	4
ENSG00000158526	NA	5
ENSG00000229727	NA	1
ENSG00000153162	NA	1
ENSG00000131171	NA	1
ENSG00000166454	NA	1
ENSG00000142512	NA	5
ENSG00000068438	NA	4
ENSG00000169446	NA	3
ENSG00000096080	NA	1
ENSG00000171777	NA	4
ENSG00000155307	NA	2
ENSG00000182957	NA	1
ENSG00000074842	NA	2
ENSG00000184465	NA	1
ENSG00000141425	NA	2
ENSG00000135744	NA	1
ENSG00000125818	NA	4
ENSG00000167112	NA	1
ENSG00000215397	NA	2
ENSG00000210100	NA	1
ENSG00000204271	NA	2
ENSG00000140968	NA	2
ENSG00000271461	NA	1
ENSG00000279476	NA	2
ENSG00000235706	NA	2
ENSG00000102931	NA	1
ENSG00000122778	NA	1
ENSG00000258844	NA	1
ENSG00000100368	NA	2
ENSG00000090776	NA	6
ENSG00000160131	NA	5
ENSG00000130338	NA	3
ENSG00000127507	NA	1
ENSG00000232422	NA	1
ENSG00000051009	NA	1
ENSG00000280152	NA	1
ENSG00000139567	NA	1
ENSG00000226085	NA	1
ENSG00000205702	NA	5
ENSG00000237004	NA	1
ENSG00000167981	NA	1
ENSG00000101096	NA	1
ENSG00000171873	NA	1
ENSG00000180573	NA	1
ENSG00000211662	NA	5
ENSG00000171490	NA	3
ENSG00000275395	NA	1
ENSG00000205634	NA	3
ENSG00000170876	NA	1
ENSG00000234913	NA	1
ENSG00000166971	NA	4
ENSG00000173801	NA	2
ENSG00000184949	NA	2
ENSG00000100726	NA	1
ENSG00000187051	NA	1
ENSG00000085224	NA	2
ENSG00000128791	NA	1
ENSG00000178971	NA	2
ENSG00000269439	NA	2
ENSG00000147649	NA	2
ENSG00000130724	NA	1
ENSG00000232611	NA	1
ENSG00000278975	NA	1
ENSG00000165650	NA	4
ENSG00000130203	NA	1
ENSG00000187837	NA	1
ENSG00000102007	NA	2
ENSG00000224795	NA	2
ENSG00000140931	NA	1
ENSG00000172977	NA	1
ENSG00000232271	NA	1
ENSG00000136999	NA	2
ENSG00000120688	NA	2
ENSG00000073169	NA	2
ENSG00000138600	NA	3
ENSG00000115268	NA	2
ENSG00000156313	NA	3
ENSG00000130731	NA	2
ENSG00000115677	NA	2
ENSG00000154898	NA	3
ENSG00000100258	NA	5
ENSG00000269335	NA	1
ENSG00000135111	NA	1
ENSG00000266644	NA	1
ENSG00000137103	NA	1
ENSG00000204991	NA	1
ENSG00000125107	NA	1
ENSG00000111863	NA	1
ENSG00000226519	NA	1
ENSG00000136250	NA	1
ENSG00000233670	NA	1
ENSG00000187257	NA	1
ENSG00000196821	NA	2
ENSG00000264895	NA	1
ENSG00000267222	NA	4
ENSG00000197024	NA	1
ENSG00000278463	NA	2
ENSG00000161179	NA	1
ENSG00000155660	NA	1
ENSG00000185222	NA	2
ENSG00000161677	NA	1
ENSG00000100522	NA	3
ENSG00000148908	NA	1
ENSG00000126768	NA	3
ENSG00000161202	NA	1
ENSG00000010671	NA	2
ENSG00000100644	NA	1
ENSG00000109046	NA	1
ENSG00000102984	NA	1
ENSG00000162728	NA	1
ENSG00000224631	NA	2
ENSG00000170088	NA	1
ENSG00000059378	NA	1
ENSG00000186994	NA	1
ENSG00000166326	NA	3
ENSG00000147677	NA	1
ENSG00000165449	NA	1
ENSG00000100297	NA	1
ENSG00000175470	NA	2
ENSG00000167548	NA	1
ENSG00000141858	NA	1
ENSG00000277399	NA	1
ENSG00000128000	NA	1
ENSG00000124145	NA	1
ENSG00000196810	NA	1
ENSG00000276293	NA	1
ENSG00000259972	NA	1
ENSG00000165819	NA	2
ENSG00000006042	NA	2
ENSG00000129988	NA	2
ENSG00000264874	NA	2
ENSG00000012174	NA	4
ENSG00000172794	NA	1
ENSG00000072954	NA	2
ENSG00000183530	NA	1
ENSG00000269834	NA	1
ENSG00000102034	NA	1
ENSG00000111142	NA	2
ENSG00000072315	NA	6
ENSG00000168140	NA	1
ENSG00000131475	NA	3
ENSG00000279425	NA	1
ENSG00000167202	NA	1
ENSG00000280383	NA	2
ENSG00000256806	NA	2
ENSG00000130751	NA	2
ENSG00000083845	NA	3
ENSG00000270804	NA	4
ENSG00000105298	NA	1
ENSG00000103489	NA	1
ENSG00000268401	NA	1
ENSG00000161021	NA	1
ENSG00000125870	NA	1
ENSG00000072506	NA	1
ENSG00000173457	NA	1
ENSG00000235568	NA	3
ENSG00000124224	NA	1
ENSG00000101473	NA	2
ENSG00000261971	NA	1
ENSG00000254505	NA	1
ENSG00000166822	NA	1
ENSG00000275620	NA	1
ENSG00000092841	NA	1
ENSG00000163909	NA	1
ENSG00000110400	NA	1
ENSG00000100292	NA	4
ENSG00000165175	NA	1
ENSG00000226321	NA	1
ENSG00000032444	NA	1
ENSG00000108384	NA	1
ENSG00000141376	NA	1
ENSG00000247137	NA	1
ENSG00000137393	NA	1
ENSG00000129128	NA	1
ENSG00000147872	NA	1
ENSG00000186818	NA	1
ENSG00000188554	NA	1
ENSG00000196361	NA	1
ENSG00000125864	NA	1
ENSG00000167578	NA	2
ENSG00000200164	NA	2
ENSG00000170310	NA	1
ENSG00000146021	NA	1
ENSG00000180329	NA	1
ENSG00000108679	NA	1
ENSG00000172243	NA	1
ENSG00000132005	NA	1
ENSG00000153989	NA	1
ENSG00000166783	NA	5
ENSG00000125977	NA	1
ENSG00000141552	NA	1
ENSG00000160323	NA	1
ENSG00000140988	NA	2
ENSG00000160219	NA	1
ENSG00000197006	NA	2
ENSG00000172269	NA	1
ENSG00000104972	NA	2
ENSG00000155313	NA	1
ENSG00000204323	NA	1
ENSG00000105171	NA	3
ENSG00000164609	NA	2
ENSG00000147010	NA	4
ENSG00000285667	NA	1
ENSG00000110442	NA	3
ENSG00000259577	NA	1
ENSG00000174837	NA	1
ENSG00000255571	NA	1
ENSG00000179627	NA	1
ENSG00000125170	NA	1
ENSG00000123096	NA	2
ENSG00000138604	NA	9
ENSG00000176435	NA	1
ENSG00000165300	NA	1
ENSG00000228393	NA	2
ENSG00000100075	NA	1
ENSG00000175283	NA	1
ENSG00000154734	NA	1
ENSG00000128342	NA	1
ENSG00000033030	NA	2
ENSG00000156273	NA	5
ENSG00000213918	NA	1
ENSG00000284052	NA	2
ENSG00000254938	NA	1
ENSG00000099942	NA	1
ENSG00000156738	NA	3
ENSG00000156030	NA	1
ENSG00000186081	NA	4
ENSG00000067177	NA	1
ENSG00000197943	NA	1
ENSG00000272506	NA	1
ENSG00000100504	NA	1
ENSG00000242372	NA	2
ENSG00000214063	NA	1
ENSG00000101346	NA	1
ENSG00000131626	NA	1
ENSG00000135502	NA	1
ENSG00000169926	NA	1
ENSG00000100364	NA	1
ENSG00000080603	NA	2
ENSG00000165527	NA	1
ENSG00000183914	NA	1
ENSG00000237854	NA	1
ENSG00000170471	NA	4
ENSG00000262814	NA	1
ENSG00000263603	NA	1
ENSG00000196323	NA	1
ENSG00000079691	NA	1
ENSG00000198431	NA	1
ENSG00000121064	NA	1
ENSG00000103343	NA	1
ENSG00000125505	NA	3
ENSG00000129566	NA	1
ENSG00000147044	NA	1
ENSG00000278540	NA	1
ENSG00000100207	NA	1
ENSG00000214753	NA	1
ENSG00000044446	NA	1
ENSG00000105323	NA	3
ENSG00000124226	NA	3
ENSG00000163235	NA	1
ENSG00000149131	NA	1
ENSG00000139155	NA	1
ENSG00000169895	NA	1
ENSG00000100815	NA	1
ENSG00000197879	NA	1
ENSG00000187566	NA	1
ENSG00000124486	NA	2
ENSG00000125651	NA	5
ENSG00000198081	NA	1
ENSG00000168282	NA	1
ENSG00000197077	NA	2
ENSG00000160216	NA	1
ENSG00000240888	NA	1
ENSG00000236712	NA	1
ENSG00000176697	NA	2
ENSG00000196912	NA	1
ENSG00000283103	NA	3
ENSG00000011405	NA	1
ENSG00000250742	NA	1
ENSG00000283537	NA	3
ENSG00000119707	NA	1
ENSG00000136819	NA	1
ENSG00000213923	NA	1
ENSG00000196767	NA	1
ENSG00000185475	NA	1
ENSG00000089597	NA	1
ENSG00000171206	NA	1
ENSG00000065883	NA	1
ENSG00000010610	NA	1
ENSG00000243696	NA	1
ENSG00000274376	NA	1
ENSG00000149531	NA	1
ENSG00000267283	NA	1
ENSG00000108639	NA	2
ENSG00000141873	NA	2
ENSG00000109079	NA	1
ENSG00000126861	NA	1
ENSG00000196338	NA	1
ENSG00000187840	NA	1
ENSG00000174547	NA	1
ENSG00000166446	NA	1
ENSG00000037042	NA	1
ENSG00000087884	NA	2
ENSG00000228696	NA	1
ENSG00000128917	NA	1
ENSG00000006327	NA	1
ENSG00000113048	NA	1
ENSG00000279161	NA	1
ENSG00000138594	NA	1
ENSG00000149150	NA	1
ENSG00000110344	NA	1
ENSG00000126226	NA	1
ENSG00000237406	NA	1
ENSG00000147437	NA	1
ENSG00000167685	NA	1
ENSG00000099326	NA	1
ENSG00000207003	NA	1
ENSG00000199109	NA	1
ENSG00000136100	NA	1
ENSG00000251129	NA	1
ENSG00000105443	NA	1
ENSG00000198707	NA	1
ENSG00000184992	NA	1
ENSG00000164543	NA	1
ENSG00000130734	NA	1
ENSG00000154265	NA	1
ENSG00000132109	NA	1
ENSG00000081377	NA	1
ENSG00000197321	NA	1
ENSG00000119638	NA	1
ENSG00000167797	NA	1
ENSG00000280332	NA	1
ENSG00000161091	NA	1
ENSG00000235833	NA	1
ENSG00000159167	NA	1
ENSG00000103356	NA	1
ENSG00000022840	NA	2
ENSG00000103043	NA	1
ENSG00000068650	NA	1
ENSG00000176194	NA	1
ENSG00000183186	NA	1
ENSG00000114062	NA	2
ENSG00000137098	NA	1
ENSG00000274611	NA	1
ENSG00000164039	NA	1
ENSG00000183963	NA	1
ENSG00000103197	NA	1
ENSG00000147164	NA	1
ENSG00000204231	NA	1
ENSG00000158865	NA	1
ENSG00000107890	NA	1
ENSG00000101938	NA	1
ENSG00000137817	NA	1
ENSG00000105325	NA	2
ENSG00000280543	NA	1
ENSG00000173581	NA	1
ENSG00000149212	NA	1
ENSG00000175895	NA	1
ENSG00000138821	NA	1
ENSG00000185022	NA	1
ENSG00000089327	NA	1
ENSG00000249577	NA	1
ENSG00000115109	NA	1
ENSG00000104859	NA	1
ENSG00000070444	NA	1
ENSG00000130304	NA	1
ENSG00000101445	NA	1
ENSG00000199627	NA	1
ENSG00000198205	NA	1
ENSG00000181704	NA	1
ENSG00000274421	NA	1
ENSG00000170325	NA	1
ENSG00000170502	NA	1
ENSG00000234377	NA	1
ENSG00000162341	NA	1
ENSG00000178718	NA	1
ENSG00000153531	NA	1
ENSG00000277837	NA	1
ENSG00000125337	NA	1
ENSG00000170537	NA	1
ENSG00000235903	NA	1
ENSG00000262188	NA	1
ENSG00000214194	NA	1
ENSG00000100325	NA	1
ENSG00000175970	NA	1
ENSG00000132383	NA	1
ENSG00000154654	NA	1
ENSG00000220008	NA	1
ENSG00000144655	NA	1
ENSG00000272474	NA	1
ENSG00000152766	NA	1
ENSG00000272808	NA	1
ENSG00000125835	NA	1
ENSG00000261386	NA	1
ENSG00000101161	NA	1
ENSG00000184220	NA	1
ENSG00000267121	NA	1
ENSG00000184205	NA	1
ENSG00000172869	NA	1
ENSG00000130303	NA	1
ENSG00000128311	NA	1
ENSG00000185621	NA	1
ENSG00000185634	NA	1
ENSG00000120903	NA	1
ENSG00000177830	NA	1
ENSG00000148204	NA	1
ENSG00000100034	NA	1
ENSG00000101187	NA	1
