gene	AD	CTL
ENSG00000131095	8	7
ENSG00000198804	8	7
ENSG00000198888	8	7
ENSG00000159189	26	68
ENSG00000129625	739	671
ENSG00000173372	13	46
ENSG00000276168	6	6
ENSG00000157064	721	581
ENSG00000136531	771	702
ENSG00000061918	814	699
ENSG00000173726	786	682
ENSG00000198763	7	8
ENSG00000115685	892	839
ENSG00000164116	88	145
ENSG00000198513	709	584
ENSG00000158856	759	581
ENSG00000189241	784	623
ENSG00000019582	5	12
ENSG00000120053	726	509
ENSG00000111674	664	599
ENSG00000145632	681	477
ENSG00000073969	709	611
ENSG00000112290	763	607
ENSG00000173915	481	305
ENSG00000131100	695	632
ENSG00000154174	600	455
ENSG00000139112	859	638
ENSG00000138430	794	666
ENSG00000129636	775	640
ENSG00000075340	641	616
ENSG00000014641	467	344
ENSG00000107758	772	706
ENSG00000138757	756	721
ENSG00000159164	733	686
ENSG00000168824	665	594
ENSG00000138443	703	501
ENSG00000248485	597	374
ENSG00000240694	712	633
ENSG00000158528	744	592
ENSG00000087470	693	599
ENSG00000070087	779	638
ENSG00000131089	806	675
ENSG00000105696	697	582
ENSG00000161203	795	766
ENSG00000133627	629	583
ENSG00000050748	751	665
ENSG00000106367	747	680
ENSG00000164076	633	462
ENSG00000232931	132	218
ENSG00000004059	530	415
ENSG00000164885	759	598
ENSG00000184144	72	96
ENSG00000097021	564	512
ENSG00000170091	667	575
ENSG00000157152	567	346
ENSG00000166913	719	623
ENSG00000085433	709	555
ENSG00000113387	461	564
ENSG00000147416	738	607
ENSG00000130540	544	507
ENSG00000109180	575	541
ENSG00000196262	533	506
ENSG00000166448	630	513
ENSG00000005486	633	454
ENSG00000088538	247	228
ENSG00000136930	677	517
ENSG00000120265	717	613
ENSG00000203930	6	6
ENSG00000144290	576	530
ENSG00000104723	665	611
ENSG00000069345	820	663
ENSG00000198932	352	477
ENSG00000169282	385	298
ENSG00000162188	485	461
ENSG00000213585	683	590
ENSG00000230590	128	324
ENSG00000132872	472	442
ENSG00000146701	677	430
ENSG00000138018	636	531
ENSG00000145912	717	579
ENSG00000115944	728	601
ENSG00000114573	597	591
ENSG00000111667	729	655
ENSG00000167778	774	665
ENSG00000166111	505	513
ENSG00000089737	815	355
ENSG00000104388	690	603
ENSG00000174501	81	287
ENSG00000113575	740	661
ENSG00000128524	727	607
ENSG00000110955	684	634
ENSG00000156642	712	410
ENSG00000151729	783	718
ENSG00000106976	577	514
ENSG00000168439	8	10
ENSG00000244734	1	1
ENSG00000184368	639	646
ENSG00000178662	568	582
ENSG00000221978	151	343
ENSG00000162852	393	520
ENSG00000141030	601	394
ENSG00000102226	717	459
ENSG00000105887	805	552
ENSG00000057757	741	562
ENSG00000116299	481	355
ENSG00000167770	765	609
ENSG00000156411	613	526
ENSG00000158560	478	497
ENSG00000099365	483	488
ENSG00000155097	739	612
ENSG00000112186	534	432
ENSG00000172260	477	420
ENSG00000156735	728	491
ENSG00000146267	527	546
ENSG00000159199	728	538
ENSG00000136854	602	537
ENSG00000113327	459	391
ENSG00000117600	510	415
ENSG00000109738	469	384
ENSG00000174607	45	62
ENSG00000165943	714	630
ENSG00000134287	611	490
ENSG00000187730	529	541
ENSG00000122873	724	400
ENSG00000084444	618	517
ENSG00000213619	336	113
ENSG00000198836	647	483
ENSG00000135824	444	347
ENSG00000136750	326	219
ENSG00000139200	594	477
ENSG00000112640	808	557
ENSG00000129990	664	441
ENSG00000174938	486	534
ENSG00000169933	488	380
ENSG00000100744	675	509
ENSG00000159082	643	493
ENSG00000101856	635	503
ENSG00000112695	452	341
ENSG00000113638	292	211
ENSG00000133169	565	546
ENSG00000089818	690	576
ENSG00000104381	497	501
ENSG00000163630	476	379
ENSG00000116337	581	407
ENSG00000182013	539	430
ENSG00000146007	677	756
ENSG00000169567	520	406
ENSG00000188191	483	333
ENSG00000198794	567	611
ENSG00000105649	555	531
ENSG00000163328	149	8
ENSG00000163875	689	367
ENSG00000154277	414	246
ENSG00000166257	361	376
ENSG00000124920	60	91
ENSG00000205629	802	618
ENSG00000091972	436	255
ENSG00000089693	694	493
ENSG00000197872	657	483
ENSG00000214517	648	528
ENSG00000204655	63	80
ENSG00000125814	647	452
ENSG00000173660	465	433
ENSG00000196876	322	307
ENSG00000171724	511	309
ENSG00000139973	573	565
ENSG00000249042	406	304
ENSG00000158301	695	630
ENSG00000198300	559	513
ENSG00000126733	582	489
ENSG00000072201	264	395
ENSG00000260230	561	434
ENSG00000175582	756	588
ENSG00000130226	524	401
ENSG00000102409	377	450
ENSG00000103769	483	414
ENSG00000167792	547	603
ENSG00000221823	547	547
ENSG00000080947	249	300
ENSG00000165152	511	272
ENSG00000159377	293	137
ENSG00000149313	573	463
ENSG00000198961	548	376
ENSG00000131507	467	490
ENSG00000131779	670	571
ENSG00000082213	596	443
ENSG00000143158	488	404
ENSG00000101079	817	707
ENSG00000147676	566	555
ENSG00000142875	692	687
ENSG00000115762	660	491
ENSG00000220323	1	NA
ENSG00000196295	210	467
ENSG00000213190	395	395
ENSG00000132424	300	413
ENSG00000100934	721	569
ENSG00000100554	495	376
ENSG00000181191	464	212
ENSG00000125144	2	NA
ENSG00000139970	483	245
ENSG00000040933	514	573
ENSG00000154518	280	219
ENSG00000101438	444	284
ENSG00000143761	194	62
ENSG00000169554	21	52
ENSG00000152102	512	409
ENSG00000136950	624	526
ENSG00000134343	269	198
ENSG00000168090	705	621
ENSG00000183230	22	36
ENSG00000068912	409	472
ENSG00000204590	471	475
ENSG00000187189	533	462
ENSG00000213760	417	493
ENSG00000136960	50	60
ENSG00000177889	728	620
ENSG00000065361	66	87
ENSG00000181789	406	172
ENSG00000078140	111	191
ENSG00000153310	491	424
ENSG00000164161	44	55
ENSG00000183036	562	472
ENSG00000154582	475	366
ENSG00000015479	125	341
ENSG00000189410	393	411
ENSG00000225465	533	405
ENSG00000003096	757	570
ENSG00000127184	237	278
ENSG00000183775	146	159
ENSG00000179841	430	235
ENSG00000168959	437	363
ENSG00000242265	395	150
ENSG00000124702	594	470
ENSG00000170340	467	369
ENSG00000123612	334	314
ENSG00000198825	551	447
ENSG00000128609	212	448
ENSG00000004779	407	459
ENSG00000059758	624	419
ENSG00000169139	573	559
ENSG00000156976	505	484
ENSG00000188674	479	310
ENSG00000008086	567	486
ENSG00000166681	594	444
ENSG00000006116	469	424
ENSG00000169032	559	428
ENSG00000007237	526	524
ENSG00000136521	558	698
ENSG00000085788	372	316
ENSG00000166206	498	547
ENSG00000139182	429	401
ENSG00000067829	579	520
ENSG00000145335	616	576
ENSG00000156471	667	567
ENSG00000112514	609	484
ENSG00000183258	630	415
ENSG00000077264	507	543
ENSG00000204287	3	11
ENSG00000130477	320	420
ENSG00000114857	173	311
ENSG00000068615	404	289
ENSG00000185946	144	285
ENSG00000175203	335	246
ENSG00000150768	526	477
ENSG00000124406	437	476
ENSG00000185760	426	339
ENSG00000151025	373	291
ENSG00000179115	518	352
ENSG00000089199	300	318
ENSG00000126247	241	172
ENSG00000061936	114	135
ENSG00000077080	474	449
ENSG00000082458	627	642
ENSG00000203709	126	208
ENSG00000136267	377	334
ENSG00000126088	384	337
ENSG00000237190	713	589
ENSG00000174996	599	562
ENSG00000084764	352	388
ENSG00000189043	465	458
ENSG00000042753	781	646
ENSG00000151835	278	148
ENSG00000122824	483	373
ENSG00000107295	362	148
ENSG00000240764	294	323
ENSG00000130643	341	173
ENSG00000164109	479	197
ENSG00000065609	373	284
ENSG00000136541	80	88
ENSG00000170456	509	455
ENSG00000103089	73	86
ENSG00000139505	653	449
ENSG00000178965	321	99
ENSG00000144834	506	437
ENSG00000166922	432	315
ENSG00000143153	431	349
ENSG00000182899	38	34
ENSG00000189159	422	188
ENSG00000174684	334	217
ENSG00000197535	418	388
ENSG00000117410	287	183
ENSG00000165868	482	469
ENSG00000261326	171	333
ENSG00000117395	395	482
ENSG00000086061	6	7
ENSG00000171617	366	314
ENSG00000128245	543	410
ENSG00000078328	372	295
ENSG00000143106	262	285
ENSG00000229180	257	431
ENSG00000124194	433	187
ENSG00000186462	476	367
ENSG00000102934	40	57
ENSG00000108947	411	299
ENSG00000151948	558	567
ENSG00000164091	535	563
ENSG00000121871	385	483
ENSG00000137100	603	520
ENSG00000047597	608	434
ENSG00000168438	611	448
ENSG00000158864	476	325
ENSG00000198356	569	557
ENSG00000137142	600	459
ENSG00000198121	22	51
ENSG00000138078	353	138
ENSG00000188021	694	381
ENSG00000230051	469	408
ENSG00000091513	55	61
ENSG00000165678	391	418
ENSG00000131263	601	319
ENSG00000075945	355	371
ENSG00000145730	455	278
ENSG00000163399	427	143
ENSG00000126602	527	378
ENSG00000146592	49	56
ENSG00000085365	335	332
ENSG00000142408	419	407
ENSG00000123570	559	336
ENSG00000025772	387	190
ENSG00000128656	457	179
ENSG00000120805	457	411
ENSG00000105223	438	358
ENSG00000070761	565	263
ENSG00000126583	286	128
ENSG00000146414	210	318
ENSG00000230551	148	264
ENSG00000159720	458	224
ENSG00000154096	231	275
ENSG00000084623	218	56
ENSG00000198934	433	284
ENSG00000101557	593	295
ENSG00000169247	56	79
ENSG00000198563	158	265
ENSG00000106299	456	298
ENSG00000162817	498	477
ENSG00000101349	514	337
ENSG00000180376	180	146
ENSG00000133318	465	231
ENSG00000266472	415	95
ENSG00000092096	433	236
ENSG00000149582	525	343
ENSG00000197106	433	243
ENSG00000180543	577	406
ENSG00000134744	102	105
ENSG00000170775	35	62
ENSG00000137815	143	227
ENSG00000184613	420	132
ENSG00000272163	458	288
ENSG00000181754	458	649
ENSG00000157087	331	495
ENSG00000198258	263	215
ENSG00000075415	383	273
ENSG00000131495	113	89
ENSG00000124140	403	324
ENSG00000151465	589	558
ENSG00000066248	146	183
ENSG00000031698	399	47
ENSG00000104859	40	36
ENSG00000163412	375	493
ENSG00000164951	381	443
ENSG00000163466	439	210
ENSG00000002016	202	347
ENSG00000101654	414	333
ENSG00000100138	605	424
ENSG00000105784	486	454
ENSG00000164924	366	337
ENSG00000168314	20	22
ENSG00000078369	257	318
ENSG00000119421	515	510
ENSG00000110717	423	427
ENSG00000167468	355	388
ENSG00000108848	190	366
ENSG00000165264	305	376
ENSG00000128683	355	265
ENSG00000133134	330	268
ENSG00000078668	453	308
ENSG00000111647	595	362
ENSG00000119801	472	393
ENSG00000167671	477	410
ENSG00000123684	319	406
ENSG00000108395	744	657
ENSG00000198612	301	346
ENSG00000175471	334	271
ENSG00000115073	146	179
ENSG00000114993	44	38
ENSG00000075826	141	185
ENSG00000138660	480	411
ENSG00000196465	476	544
ENSG00000143933	309	141
ENSG00000010256	353	259
ENSG00000116030	196	348
ENSG00000162517	553	371
ENSG00000113595	572	478
ENSG00000140990	420	373
ENSG00000163995	270	222
ENSG00000118200	239	269
ENSG00000153130	57	159
ENSG00000012983	43	112
ENSG00000163728	147	402
ENSG00000114279	240	281
ENSG00000147488	62	79
ENSG00000177511	401	394
ENSG00000171408	376	226
ENSG00000125868	428	422
ENSG00000130725	554	483
ENSG00000172890	78	227
ENSG00000022355	186	261
ENSG00000197043	391	367
ENSG00000130956	500	292
ENSG00000121905	213	175
ENSG00000106682	480	626
ENSG00000068308	410	355
ENSG00000106723	621	641
ENSG00000117155	540	313
ENSG00000184863	116	140
ENSG00000077522	304	236
ENSG00000220205	385	556
ENSG00000196937	360	180
ENSG00000144567	533	498
ENSG00000079246	271	130
ENSG00000166167	592	330
ENSG00000179818	182	310
ENSG00000163798	349	247
ENSG00000152495	294	330
ENSG00000160714	278	327
ENSG00000132507	347	140
ENSG00000099341	481	351
ENSG00000183624	384	244
ENSG00000013275	138	44
ENSG00000067191	386	340
ENSG00000246922	208	283
ENSG00000183049	381	333
ENSG00000101210	434	382
ENSG00000197885	420	267
ENSG00000188573	392	296
ENSG00000155876	444	311
ENSG00000109436	481	175
ENSG00000282164	286	241
ENSG00000151502	543	356
ENSG00000110675	245	375
ENSG00000164124	34	64
ENSG00000149243	366	252
ENSG00000006377	258	294
ENSG00000160716	148	126
ENSG00000162511	14	67
ENSG00000142186	138	19
ENSG00000198417	2	NA
ENSG00000179542	509	457
ENSG00000277791	343	142
ENSG00000114023	176	228
ENSG00000213465	429	399
ENSG00000173692	169	183
ENSG00000167005	549	397
ENSG00000108094	559	402
ENSG00000166619	450	405
ENSG00000169499	498	52
ENSG00000160014	457	483
ENSG00000167654	278	326
ENSG00000085662	412	237
ENSG00000105221	285	482
ENSG00000067221	363	184
ENSG00000079785	386	407
ENSG00000172336	497	173
ENSG00000165832	318	161
ENSG00000103035	409	261
ENSG00000134717	299	191
ENSG00000188419	851	644
ENSG00000172375	391	354
ENSG00000062282	354	272
ENSG00000158941	508	293
ENSG00000105376	155	102
ENSG00000197860	223	162
ENSG00000157693	550	397
ENSG00000130731	499	237
ENSG00000172575	278	341
ENSG00000145864	241	264
ENSG00000159352	310	320
ENSG00000106537	336	338
ENSG00000179546	180	132
ENSG00000164031	44	70
ENSG00000152234	374	346
ENSG00000178974	403	341
ENSG00000258890	187	249
ENSG00000175416	591	504
ENSG00000073910	337	264
ENSG00000143947	26	33
ENSG00000144357	480	213
ENSG00000128463	315	103
ENSG00000161057	107	52
ENSG00000116161	9	2
ENSG00000110107	422	296
ENSG00000114948	254	162
ENSG00000084453	34	17
ENSG00000136143	356	362
ENSG00000197586	305	224
ENSG00000051382	172	39
ENSG00000213983	35	73
ENSG00000105695	49	62
ENSG00000197959	229	133
ENSG00000113163	418	353
ENSG00000132639	296	80
ENSG00000149269	374	318
ENSG00000155511	264	139
ENSG00000078403	211	348
ENSG00000115365	243	429
ENSG00000165916	369	269
ENSG00000007168	526	327
ENSG00000247828	189	251
ENSG00000168297	27	43
ENSG00000198420	62	4
ENSG00000198791	328	308
ENSG00000123360	204	262
ENSG00000276966	454	80
ENSG00000140718	506	217
ENSG00000154822	300	314
ENSG00000189195	189	137
ENSG00000166411	539	290
ENSG00000126091	166	322
ENSG00000272031	284	223
ENSG00000167524	50	125
ENSG00000166501	329	259
ENSG00000077152	327	286
ENSG00000173786	49	74
ENSG00000171735	250	213
ENSG00000050165	439	230
ENSG00000114541	33	58
ENSG00000198815	410	232
ENSG00000072609	251	371
ENSG00000162426	343	260
ENSG00000136153	205	109
ENSG00000100030	272	133
ENSG00000003756	118	319
ENSG00000261786	49	98
ENSG00000167863	365	297
ENSG00000067606	223	210
ENSG00000189369	267	96
ENSG00000168539	208	200
ENSG00000112079	65	103
ENSG00000065559	284	280
ENSG00000182901	199	251
ENSG00000132975	70	22
ENSG00000008735	434	273
ENSG00000155304	366	188
ENSG00000144713	28	36
ENSG00000142686	269	488
ENSG00000131508	239	164
ENSG00000162572	60	104
ENSG00000101146	458	83
ENSG00000104852	41	72
ENSG00000143502	160	70
ENSG00000146731	71	15
ENSG00000165704	616	583
ENSG00000165283	162	161
ENSG00000223959	202	338
ENSG00000004534	74	202
ENSG00000166197	244	133
ENSG00000033627	579	602
ENSG00000138207	317	201
ENSG00000144959	287	102
ENSG00000144597	366	173
ENSG00000129355	507	425
ENSG00000183166	317	238
ENSG00000177570	246	344
ENSG00000277586	324	180
ENSG00000181852	452	697
ENSG00000138663	221	276
ENSG00000172508	27	44
ENSG00000115484	6	8
ENSG00000213186	43	55
ENSG00000003987	192	205
ENSG00000034510	245	51
ENSG00000116120	97	122
ENSG00000063015	314	355
ENSG00000084463	241	175
ENSG00000116604	391	523
ENSG00000214176	166	304
ENSG00000204052	239	157
ENSG00000125743	458	277
ENSG00000131966	295	219
ENSG00000171224	260	66
ENSG00000102003	374	450
ENSG00000117133	162	50
ENSG00000162951	207	197
ENSG00000104976	516	239
ENSG00000166181	400	218
ENSG00000181656	57	25
ENSG00000163673	172	74
ENSG00000181090	162	297
ENSG00000154917	398	298
ENSG00000196368	283	139
ENSG00000005249	43	12
ENSG00000066322	29	24
ENSG00000113966	463	382
ENSG00000158109	395	281
ENSG00000117360	96	81
ENSG00000083799	596	423
ENSG00000132153	359	296
ENSG00000132305	105	47
ENSG00000087365	258	236
ENSG00000143727	421	323
ENSG00000015676	181	43
ENSG00000239857	92	215
ENSG00000112697	294	78
ENSG00000086504	305	92
ENSG00000174917	399	211
ENSG00000214029	139	301
ENSG00000140854	501	244
ENSG00000126067	78	113
ENSG00000082701	198	345
ENSG00000118276	125	247
ENSG00000162639	383	296
ENSG00000164609	282	321
ENSG00000005448	238	33
ENSG00000176490	337	287
ENSG00000184156	264	321
ENSG00000147459	35	62
ENSG00000164405	66	57
ENSG00000103160	328	316
ENSG00000186001	169	360
ENSG00000110400	27	40
ENSG00000131143	308	357
ENSG00000171132	270	158
ENSG00000125037	251	129
ENSG00000155275	165	244
ENSG00000163001	340	185
ENSG00000019144	25	43
ENSG00000124772	144	120
ENSG00000164172	307	424
ENSG00000119778	94	171
ENSG00000102471	349	360
ENSG00000173581	530	574
ENSG00000170919	179	257
ENSG00000165121	72	160
ENSG00000170027	311	222
ENSG00000169220	73	104
ENSG00000047249	316	119
ENSG00000092201	321	417
ENSG00000146360	248	144
ENSG00000196290	367	69
ENSG00000187164	37	70
ENSG00000125841	324	343
ENSG00000049759	174	101
ENSG00000257621	280	488
ENSG00000124374	10	22
ENSG00000054356	203	258
ENSG00000102710	114	244
ENSG00000186260	274	71
ENSG00000134884	146	237
ENSG00000253877	42	44
ENSG00000138801	375	167
ENSG00000132879	208	331
ENSG00000110172	3	4
ENSG00000164187	216	343
ENSG00000288025	58	139
ENSG00000066336	30	79
ENSG00000150394	259	329
ENSG00000123636	58	65
ENSG00000196187	23	30
ENSG00000138442	442	387
ENSG00000127415	64	203
ENSG00000146006	203	182
ENSG00000054793	398	288
ENSG00000172915	208	171
ENSG00000163956	403	335
ENSG00000136003	289	100
ENSG00000182400	529	495
ENSG00000251474	157	151
ENSG00000096092	358	44
ENSG00000206573	131	246
ENSG00000156515	144	128
ENSG00000278259	82	186
ENSG00000241973	422	285
ENSG00000250251	106	201
ENSG00000226419	124	331
ENSG00000174748	190	102
ENSG00000149187	205	216
ENSG00000270170	334	268
ENSG00000119888	304	189
ENSG00000069329	305	98
ENSG00000177679	34	63
ENSG00000248019	145	165
ENSG00000052841	141	329
ENSG00000133059	258	185
ENSG00000157680	305	241
ENSG00000101489	142	233
ENSG00000012963	292	466
ENSG00000111912	362	218
ENSG00000156136	32	41
ENSG00000148334	304	280
ENSG00000100473	109	20
ENSG00000206052	206	287
ENSG00000172264	215	122
ENSG00000148229	383	207
ENSG00000178741	78	65
ENSG00000198168	179	93
ENSG00000148798	250	236
ENSG00000083720	326	368
ENSG00000268362	124	305
ENSG00000281183	100	196
ENSG00000115840	118	27
ENSG00000135164	144	353
ENSG00000115561	265	191
ENSG00000137825	238	320
ENSG00000126768	440	414
ENSG00000139631	74	300
ENSG00000165637	217	234
ENSG00000155629	17	74
ENSG00000139637	292	206
ENSG00000213918	147	153
ENSG00000158286	56	124
ENSG00000135940	212	169
ENSG00000132932	176	187
ENSG00000142507	354	315
ENSG00000086598	28	24
ENSG00000134516	10	51
ENSG00000138138	187	261
ENSG00000004478	6	10
ENSG00000172995	193	129
ENSG00000172348	224	91
ENSG00000116649	194	49
ENSG00000281026	168	365
ENSG00000072803	160	270
ENSG00000273079	158	195
ENSG00000120049	209	253
ENSG00000133026	250	76
ENSG00000138071	136	179
ENSG00000143575	267	119
ENSG00000119862	310	384
ENSG00000231721	107	372
ENSG00000160613	94	192
ENSG00000141385	374	358
ENSG00000162910	139	39
ENSG00000158805	80	105
ENSG00000154678	43	68
ENSG00000135624	243	143
ENSG00000079134	219	431
ENSG00000146433	357	225
ENSG00000162706	275	125
ENSG00000276644	33	10
ENSG00000122012	133	27
ENSG00000104863	194	326
ENSG00000061676	133	60
ENSG00000271204	92	273
ENSG00000070808	99	11
ENSG00000151500	306	29
ENSG00000050030	430	447
ENSG00000204623	159	337
ENSG00000175166	180	280
ENSG00000137575	249	21
ENSG00000154027	75	62
ENSG00000152061	231	347
ENSG00000184524	39	37
ENSG00000172031	29	3
ENSG00000135077	12	55
ENSG00000234771	60	174
ENSG00000123064	466	519
ENSG00000099795	183	145
ENSG00000175073	215	293
ENSG00000126822	20	49
ENSG00000144827	285	221
ENSG00000116675	85	183
ENSG00000164209	183	146
ENSG00000047056	256	109
ENSG00000114405	350	159
ENSG00000179091	269	251
ENSG00000136261	221	20
ENSG00000244627	136	356
ENSG00000150753	8	8
ENSG00000279759	96	230
ENSG00000259153	375	261
ENSG00000181467	370	134
ENSG00000179010	4	42
ENSG00000184845	58	93
ENSG00000169744	185	134
ENSG00000125869	214	216
ENSG00000161021	64	79
ENSG00000127946	18	40
ENSG00000127870	244	233
ENSG00000118733	96	40
ENSG00000126267	263	77
ENSG00000011009	199	127
ENSG00000164032	138	40
ENSG00000103415	84	4
ENSG00000147246	346	300
ENSG00000135447	321	364
ENSG00000167283	53	140
ENSG00000101365	417	403
ENSG00000204843	262	301
ENSG00000157764	235	223
ENSG00000102053	281	160
ENSG00000134644	275	106
ENSG00000172020	39	7
ENSG00000244754	111	316
ENSG00000105568	343	317
ENSG00000047315	252	309
ENSG00000179178	16	29
ENSG00000168259	136	76
ENSG00000152642	371	445
ENSG00000147650	254	324
ENSG00000181904	2	1
ENSG00000175756	117	146
ENSG00000125166	330	220
ENSG00000159433	40	123
ENSG00000134897	76	220
ENSG00000205060	158	288
ENSG00000178234	340	209
ENSG00000104327	64	111
ENSG00000178567	315	113
ENSG00000131187	199	250
ENSG00000168159	357	170
ENSG00000196419	427	258
ENSG00000164919	166	201
ENSG00000204308	303	379
ENSG00000133985	170	226
ENSG00000138095	127	84
ENSG00000239306	20	46
ENSG00000260565	92	267
ENSG00000122733	80	106
ENSG00000111262	57	104
ENSG00000180929	27	36
ENSG00000070182	203	211
ENSG00000054690	79	70
ENSG00000127995	365	303
ENSG00000184900	579	562
ENSG00000068383	229	231
ENSG00000153956	305	366
ENSG00000013297	36	29
ENSG00000162694	32	15
ENSG00000169891	370	371
ENSG00000165572	430	266
ENSG00000197457	205	238
ENSG00000243679	150	232
ENSG00000132341	272	211
ENSG00000185090	231	188
ENSG00000169255	270	236
ENSG00000145293	197	103
ENSG00000168970	58	192
ENSG00000077092	59	19
ENSG00000149575	224	256
ENSG00000198689	389	285
ENSG00000184465	113	315
ENSG00000109920	60	77
ENSG00000130724	196	152
ENSG00000188582	177	61
ENSG00000171603	246	113
ENSG00000136827	346	427
ENSG00000167755	14	44
ENSG00000145247	227	149
ENSG00000170921	138	54
ENSG00000163516	14	15
ENSG00000123338	25	72
ENSG00000101152	353	300
ENSG00000167555	141	367
ENSG00000169992	269	78
ENSG00000181610	458	394
ENSG00000166848	279	44
ENSG00000163634	248	107
ENSG00000176700	158	202
ENSG00000104435	205	26
ENSG00000254999	144	154
ENSG00000115520	177	166
ENSG00000158815	64	58
ENSG00000085415	289	166
ENSG00000206527	248	395
ENSG00000157741	102	114
ENSG00000270344	83	221
ENSG00000095002	142	34
ENSG00000065548	150	66
ENSG00000171840	27	35
ENSG00000067715	131	93
ENSG00000197249	13	41
ENSG00000267632	57	178
ENSG00000176155	122	300
ENSG00000215021	69	85
ENSG00000100764	108	60
ENSG00000145425	5	12
ENSG00000173209	92	225
ENSG00000163536	108	221
ENSG00000114383	226	196
ENSG00000116688	187	188
ENSG00000177182	90	104
ENSG00000102978	122	56
ENSG00000172292	55	60
ENSG00000123178	107	65
ENSG00000111669	258	135
ENSG00000280660	93	180
ENSG00000086205	42	80
ENSG00000106829	100	28
ENSG00000259070	30	37
ENSG00000060140	123	77
ENSG00000170606	7	7
ENSG00000260244	137	205
ENSG00000140750	141	182
ENSG00000154124	50	100
ENSG00000130520	244	270
ENSG00000167615	132	257
ENSG00000118402	205	167
ENSG00000129538	12	32
ENSG00000110931	183	238
ENSG00000104738	218	144
ENSG00000068831	54	90
ENSG00000150867	26	67
ENSG00000280287	108	278
ENSG00000073605	132	214
ENSG00000177098	57	86
ENSG00000073464	194	383
ENSG00000163655	281	141
ENSG00000176454	220	223
ENSG00000065923	193	62
ENSG00000196072	251	160
ENSG00000156261	57	9
ENSG00000129484	232	221
ENSG00000253719	152	179
ENSG00000187323	161	133
ENSG00000170846	148	141
ENSG00000119688	43	112
ENSG00000106772	11	7
ENSG00000066422	120	22
ENSG00000198597	46	67
ENSG00000126457	230	204
ENSG00000124243	317	165
ENSG00000175445	56	49
ENSG00000146476	280	114
ENSG00000129691	70	174
ENSG00000177971	225	106
ENSG00000118473	178	324
ENSG00000261451	24	192
ENSG00000134440	314	255
ENSG00000106105	192	51
ENSG00000114942	28	94
ENSG00000188596	10	43
ENSG00000067992	352	257
ENSG00000173369	15	49
ENSG00000074410	105	8
ENSG00000141522	199	147
ENSG00000172301	302	168
ENSG00000214765	31	76
ENSG00000132780	39	128
ENSG00000140262	12	79
ENSG00000179262	242	101
ENSG00000184408	65	71
ENSG00000115665	13	12
ENSG00000175352	104	182
ENSG00000075539	43	50
ENSG00000151229	133	159
ENSG00000164129	206	179
ENSG00000278864	88	209
ENSG00000172548	25	25
ENSG00000243970	125	256
ENSG00000181218	349	78
ENSG00000264538	83	147
ENSG00000067842	469	482
ENSG00000011347	88	168
ENSG00000101444	286	121
ENSG00000116752	128	153
ENSG00000082482	59	14
ENSG00000177383	77	118
ENSG00000225206	15	98
ENSG00000023572	154	219
ENSG00000003402	73	162
ENSG00000114923	170	131
ENSG00000169116	241	55
ENSG00000280063	96	121
ENSG00000070718	250	329
ENSG00000131370	200	36
ENSG00000147224	142	171
ENSG00000135002	215	304
ENSG00000114956	169	23
ENSG00000065613	204	258
ENSG00000088832	299	129
ENSG00000147130	258	120
ENSG00000107874	122	76
ENSG00000134001	89	123
ENSG00000077348	238	425
ENSG00000162378	115	42
ENSG00000116199	304	245
ENSG00000171703	414	211
ENSG00000168374	76	43
ENSG00000082074	14	41
ENSG00000151247	158	171
ENSG00000154305	333	164
ENSG00000154493	51	95
ENSG00000130770	127	114
ENSG00000163468	6	6
ENSG00000185477	4	19
ENSG00000021645	140	232
ENSG00000188976	200	145
ENSG00000204186	140	33
ENSG00000136842	93	6
ENSG00000198925	49	30
ENSG00000198668	361	429
ENSG00000230715	101	107
ENSG00000113360	207	166
ENSG00000167123	9	11
ENSG00000197694	272	227
ENSG00000168032	18	25
ENSG00000088812	317	529
ENSG00000158715	25	58
ENSG00000131174	272	305
ENSG00000280388	71	71
ENSG00000102078	550	523
ENSG00000102466	120	57
ENSG00000171163	38	91
ENSG00000100216	291	256
ENSG00000166170	355	201
ENSG00000231889	121	248
ENSG00000188612	5	14
ENSG00000116288	38	33
ENSG00000175229	49	69
ENSG00000141540	58	73
ENSG00000119509	59	131
ENSG00000176444	24	23
ENSG00000116750	80	229
ENSG00000279277	43	147
ENSG00000111726	299	194
ENSG00000080822	48	59
ENSG00000070214	33	42
ENSG00000182255	113	13
ENSG00000144535	86	157
ENSG00000107223	141	89
ENSG00000174953	87	42
ENSG00000030066	49	118
ENSG00000162814	6	4
ENSG00000143155	255	193
ENSG00000107560	93	83
ENSG00000108953	264	255
ENSG00000233532	264	332
ENSG00000180353	7	57
ENSG00000108946	62	116
ENSG00000171490	70	14
ENSG00000162624	3	9
ENSG00000176720	9	6
ENSG00000182220	200	134
ENSG00000186479	27	46
ENSG00000150510	36	34
ENSG00000135070	73	16
ENSG00000270562	35	59
ENSG00000179388	180	124
ENSG00000116918	17	33
ENSG00000157827	8	10
ENSG00000196581	89	169
ENSG00000160710	274	107
ENSG00000108309	152	118
ENSG00000206535	197	145
ENSG00000198301	155	130
ENSG00000171160	296	128
ENSG00000175309	61	168
ENSG00000243319	20	73
ENSG00000170153	23	49
ENSG00000129450	8	61
ENSG00000101911	400	266
ENSG00000114270	24	27
ENSG00000013293	180	108
ENSG00000113758	293	121
ENSG00000170458	9	42
ENSG00000172500	42	38
ENSG00000184205	199	123
ENSG00000166851	39	32
ENSG00000249915	98	171
ENSG00000253230	32	66
ENSG00000164794	85	226
ENSG00000164877	34	31
ENSG00000183960	16	17
ENSG00000140398	72	189
ENSG00000165959	18	56
ENSG00000285051	11	11
ENSG00000186369	86	18
ENSG00000112365	39	47
ENSG00000135018	59	5
ENSG00000124767	39	11
ENSG00000102054	356	168
ENSG00000125633	46	98
ENSG00000143119	18	72
ENSG00000134245	69	57
ENSG00000145087	37	51
ENSG00000151320	228	13
ENSG00000005810	237	142
ENSG00000135119	87	76
ENSG00000163577	43	14
ENSG00000171051	3	25
ENSG00000175931	253	70
ENSG00000174446	232	97
ENSG00000279419	28	37
ENSG00000122965	41	115
ENSG00000124422	57	12
ENSG00000164683	157	9
ENSG00000156475	77	90
ENSG00000108091	14	3
ENSG00000158636	37	108
ENSG00000079462	257	153
ENSG00000118181	16	21
ENSG00000233508	153	103
ENSG00000176749	111	72
ENSG00000185345	120	129
ENSG00000168137	42	78
ENSG00000096384	6	4
ENSG00000023228	96	107
ENSG00000254815	9	21
ENSG00000156011	188	85
ENSG00000155970	20	3
ENSG00000034713	193	101
ENSG00000273247	98	210
ENSG00000284770	40	123
ENSG00000133265	93	47
ENSG00000266777	82	277
ENSG00000272106	44	106
ENSG00000082497	84	171
ENSG00000120899	16	14
ENSG00000104728	22	55
ENSG00000141698	111	199
ENSG00000103512	240	78
ENSG00000124209	350	454
ENSG00000243232	160	25
ENSG00000185721	201	195
ENSG00000166342	93	152
ENSG00000090905	141	269
ENSG00000179083	107	27
ENSG00000109158	122	154
ENSG00000260804	271	211
ENSG00000215158	38	175
ENSG00000165629	61	186
ENSG00000177034	191	123
ENSG00000184220	75	25
ENSG00000177595	17	66
ENSG00000166762	40	293
ENSG00000135454	51	48
ENSG00000220575	15	4
ENSG00000107331	14	28
ENSG00000168653	18	NA
ENSG00000170464	115	270
ENSG00000279425	90	268
ENSG00000144895	97	43
ENSG00000133316	170	19
ENSG00000178951	1	1
ENSG00000067225	169	171
ENSG00000069424	37	15
ENSG00000196268	55	81
ENSG00000145934	113	10
ENSG00000166908	336	227
ENSG00000171497	6	6
ENSG00000175455	19	129
ENSG00000153814	82	257
ENSG00000279289	43	58
ENSG00000240891	43	17
ENSG00000127445	371	277
ENSG00000121769	106	19
ENSG00000182685	51	52
ENSG00000185158	162	258
ENSG00000105220	180	37
ENSG00000164587	10	15
ENSG00000107077	57	139
ENSG00000103266	119	174
ENSG00000084070	186	82
ENSG00000150054	144	38
ENSG00000007174	8	34
ENSG00000261329	11	23
ENSG00000008869	191	70
ENSG00000178988	153	150
ENSG00000196591	203	191
ENSG00000134072	259	285
ENSG00000004897	89	133
ENSG00000126950	140	95
ENSG00000149100	273	220
ENSG00000104154	36	3
ENSG00000053372	178	4
ENSG00000114757	21	35
ENSG00000250366	61	107
ENSG00000198400	4	9
ENSG00000137177	14	26
ENSG00000150337	4	30
ENSG00000198910	428	331
ENSG00000151136	34	3
ENSG00000171551	6	13
ENSG00000163191	17	46
ENSG00000123384	1	1
ENSG00000006128	95	8
ENSG00000084710	24	87
ENSG00000075651	32	48
ENSG00000157954	110	122
ENSG00000066933	123	2
ENSG00000108798	16	53
ENSG00000247137	77	310
ENSG00000004838	7	12
ENSG00000198216	36	3
ENSG00000157219	149	116
ENSG00000086730	9	40
ENSG00000035115	48	76
ENSG00000224660	61	109
ENSG00000124659	178	226
ENSG00000128578	100	87
ENSG00000267749	79	66
ENSG00000100320	256	290
ENSG00000140743	180	41
ENSG00000205133	235	158
ENSG00000172493	7	66
ENSG00000138175	289	304
ENSG00000125851	84	5
ENSG00000103154	251	302
ENSG00000273156	63	134
ENSG00000117266	19	35
ENSG00000148120	20	44
ENSG00000116251	80	137
ENSG00000144021	165	32
ENSG00000164176	20	38
ENSG00000089220	200	203
ENSG00000115839	105	90
ENSG00000008118	7	1
ENSG00000108344	224	151
ENSG00000223745	23	175
ENSG00000162341	84	186
ENSG00000198954	105	34
ENSG00000101220	185	143
ENSG00000111752	59	76
ENSG00000167699	86	210
ENSG00000159335	198	308
ENSG00000158526	320	228
ENSG00000104164	257	97
ENSG00000259946	19	52
ENSG00000103316	18	9
ENSG00000122435	15	92
ENSG00000273507	16	11
ENSG00000088247	135	75
ENSG00000184203	32	42
ENSG00000180329	180	262
ENSG00000135636	11	6
ENSG00000087448	67	221
ENSG00000204131	220	143
ENSG00000106399	103	65
ENSG00000197430	8	24
ENSG00000286342	216	118
ENSG00000120251	105	118
ENSG00000206418	234	383
ENSG00000177181	117	168
ENSG00000119411	35	17
ENSG00000147604	23	29
ENSG00000072832	80	102
ENSG00000176401	77	58
ENSG00000171951	14	3
ENSG00000108465	38	159
ENSG00000148834	97	8
ENSG00000276517	25	38
ENSG00000163950	66	23
ENSG00000164615	140	31
ENSG00000177614	73	193
ENSG00000214548	28	56
ENSG00000177733	68	149
ENSG00000137727	30	42
ENSG00000169181	84	218
ENSG00000128815	6	25
ENSG00000134265	159	103
ENSG00000204619	99	172
ENSG00000171865	35	41
ENSG00000196950	195	212
ENSG00000143858	23	74
ENSG00000135976	63	176
ENSG00000137462	5	51
ENSG00000165566	15	8
ENSG00000162975	7	35
ENSG00000115947	72	104
ENSG00000172731	27	33
ENSG00000111664	35	59
ENSG00000114391	27	24
ENSG00000149716	48	42
ENSG00000135333	111	27
ENSG00000160323	27	122
ENSG00000241553	91	45
ENSG00000119383	190	159
ENSG00000124688	153	68
ENSG00000184117	243	343
ENSG00000157259	35	47
ENSG00000167641	35	44
ENSG00000104129	35	65
ENSG00000184752	89	67
ENSG00000197748	6	32
ENSG00000171004	522	434
ENSG00000115459	38	54
ENSG00000106477	22	NA
ENSG00000164114	180	39
ENSG00000143473	70	11
ENSG00000174516	120	27
ENSG00000118160	43	70
ENSG00000093167	64	181
ENSG00000184905	113	87
ENSG00000204899	76	208
ENSG00000148600	142	65
ENSG00000204314	116	223
ENSG00000181458	46	12
ENSG00000253641	37	82
ENSG00000178719	46	16
ENSG00000106344	5	22
ENSG00000115806	123	106
ENSG00000196954	2	19
ENSG00000121310	66	137
ENSG00000163660	56	36
ENSG00000173258	110	25
ENSG00000150712	37	27
ENSG00000179406	40	64
ENSG00000147852	64	153
ENSG00000255182	9	12
ENSG00000136504	69	15
ENSG00000162889	6	83
ENSG00000008324	53	30
ENSG00000144635	66	19
ENSG00000137221	16	27
ENSG00000143952	25	74
ENSG00000132423	141	246
ENSG00000185787	140	62
ENSG00000004660	189	99
ENSG00000163531	5	5
ENSG00000259972	54	177
ENSG00000091483	7	4
ENSG00000047579	45	4
ENSG00000134108	32	23
ENSG00000108387	51	78
ENSG00000058085	11	NA
ENSG00000233237	24	106
ENSG00000136819	69	111
ENSG00000105397	40	141
ENSG00000279432	122	124
ENSG00000066084	31	57
ENSG00000108176	133	84
ENSG00000281195	63	163
ENSG00000062485	97	58
ENSG00000110696	94	86
ENSG00000281649	126	65
ENSG00000279348	147	126
ENSG00000134014	52	31
ENSG00000211460	32	48
ENSG00000137409	57	114
ENSG00000140740	85	79
ENSG00000008277	100	151
ENSG00000084093	10	62
ENSG00000227388	50	180
ENSG00000069509	210	196
ENSG00000058404	55	92
ENSG00000185246	53	81
ENSG00000139579	9	24
ENSG00000171811	3	28
ENSG00000140280	25	NA
ENSG00000128203	88	31
ENSG00000110148	22	47
ENSG00000136710	41	89
ENSG00000112541	14	30
ENSG00000173175	22	NA
ENSG00000157851	128	149
ENSG00000123349	80	74
ENSG00000124733	52	100
ENSG00000127837	35	55
ENSG00000162729	71	89
ENSG00000139977	78	122
ENSG00000105983	141	174
ENSG00000033030	52	73
ENSG00000255302	87	308
ENSG00000182747	93	113
ENSG00000122406	16	29
ENSG00000227398	46	26
ENSG00000127561	76	3
ENSG00000104365	12	32
ENSG00000198863	266	100
ENSG00000109689	21	3
ENSG00000148826	30	51
ENSG00000104093	90	38
ENSG00000011132	29	49
ENSG00000166348	18	47
ENSG00000146223	43	4
ENSG00000103423	245	88
ENSG00000143740	85	NA
ENSG00000108797	93	34
ENSG00000152193	43	50
ENSG00000196776	83	NA
ENSG00000138668	44	93
ENSG00000158315	16	19
ENSG00000249592	68	93
ENSG00000178171	71	6
ENSG00000177600	8	17
ENSG00000184515	212	291
ENSG00000111481	65	37
ENSG00000109466	58	3
ENSG00000147099	213	415
ENSG00000204394	76	3
ENSG00000110344	174	201
ENSG00000243302	82	212
ENSG00000138741	4	9
ENSG00000102886	17	17
ENSG00000084731	74	164
ENSG00000107872	103	77
ENSG00000116459	35	115
ENSG00000110427	84	149
ENSG00000196549	33	39
ENSG00000120798	46	193
ENSG00000109381	42	56
ENSG00000102780	63	88
ENSG00000175395	105	279
ENSG00000130479	78	13
ENSG00000161016	2	12
ENSG00000167258	57	147
ENSG00000066654	167	108
ENSG00000168096	47	138
ENSG00000127824	59	2
ENSG00000170537	37	62
ENSG00000071054	10	28
ENSG00000186487	72	183
ENSG00000123562	227	8
ENSG00000108106	108	14
ENSG00000134684	85	32
ENSG00000134590	349	72
ENSG00000163823	4	27
ENSG00000254087	22	79
ENSG00000276293	40	47
ENSG00000075413	50	42
ENSG00000279495	68	137
ENSG00000085721	73	6
ENSG00000069956	270	326
ENSG00000101977	286	257
ENSG00000243710	6	6
ENSG00000122126	222	22
ENSG00000145246	6	37
ENSG00000107175	119	41
ENSG00000156398	13	56
ENSG00000071626	71	136
ENSG00000279659	68	147
ENSG00000167515	107	97
ENSG00000161204	103	157
ENSG00000104142	35	15
ENSG00000279789	37	91
ENSG00000203879	712	631
ENSG00000068354	228	192
ENSG00000137076	10	139
ENSG00000204946	52	110
ENSG00000167968	57	59
ENSG00000203747	9	43
ENSG00000274925	67	208
ENSG00000233006	45	127
ENSG00000171033	117	219
ENSG00000125901	181	4
ENSG00000197070	42	72
ENSG00000018189	132	86
ENSG00000158290	102	11
ENSG00000139218	28	168
ENSG00000116133	79	102
ENSG00000175106	3	51
ENSG00000025039	81	1
ENSG00000284707	57	128
ENSG00000143590	29	38
ENSG00000064651	30	49
ENSG00000165752	105	205
ENSG00000134138	121	66
ENSG00000139737	32	94
ENSG00000140688	53	20
ENSG00000118432	21	20
ENSG00000228393	36	37
ENSG00000071082	4	10
ENSG00000136110	73	99
ENSG00000106133	10	21
ENSG00000087191	96	279
ENSG00000100207	92	137
ENSG00000279342	47	84
ENSG00000170835	22	35
ENSG00000183617	31	21
ENSG00000105258	116	122
ENSG00000130764	108	67
ENSG00000099622	1	3
ENSG00000113552	111	34
ENSG00000186889	69	35
ENSG00000114784	104	11
ENSG00000249992	37	85
ENSG00000101350	139	138
ENSG00000182636	22	17
ENSG00000131437	116	76
ENSG00000183023	38	29
ENSG00000166173	1	1
ENSG00000187555	42	144
ENSG00000196305	70	3
ENSG00000112137	29	74
ENSG00000138190	147	297
ENSG00000006740	148	53
ENSG00000279135	24	23
ENSG00000272047	67	190
ENSG00000076554	27	187
ENSG00000180739	19	49
ENSG00000125510	144	134
ENSG00000148468	32	51
ENSG00000132254	51	45
ENSG00000149428	69	NA
ENSG00000197283	24	89
ENSG00000112651	52	111
ENSG00000114686	58	16
ENSG00000241058	53	99
ENSG00000091157	154	47
ENSG00000197930	78	1
ENSG00000165309	9	43
ENSG00000245293	7	15
ENSG00000280138	60	52
ENSG00000141404	94	80
ENSG00000157077	28	82
ENSG00000286190	77	18
ENSG00000100902	74	132
ENSG00000147684	40	212
ENSG00000172318	15	7
ENSG00000242094	22	110
ENSG00000104936	77	274
ENSG00000129245	92	138
ENSG00000055130	106	2
ENSG00000269821	49	153
ENSG00000180720	25	8
ENSG00000231607	40	155
ENSG00000172766	41	60
ENSG00000176884	63	148
ENSG00000163131	4	36
ENSG00000197756	6	11
ENSG00000245213	34	36
ENSG00000090266	29	65
ENSG00000214753	20	116
ENSG00000127152	48	107
ENSG00000164190	6	17
ENSG00000240225	92	28
ENSG00000074317	30	9
ENSG00000054116	19	51
ENSG00000204220	24	6
ENSG00000105701	164	78
ENSG00000102096	90	32
ENSG00000103647	120	46
ENSG00000173456	108	53
ENSG00000063046	131	125
ENSG00000136867	25	46
ENSG00000126070	10	10
ENSG00000135407	1	NA
ENSG00000128585	1	4
ENSG00000272505	23	138
ENSG00000108961	78	47
ENSG00000136044	4	20
ENSG00000050426	62	49
ENSG00000037241	58	1
ENSG00000244038	41	35
ENSG00000155744	7	6
ENSG00000150995	103	46
ENSG00000035141	42	32
ENSG00000163110	8	23
ENSG00000121671	29	45
ENSG00000145241	16	33
ENSG00000175573	49	72
ENSG00000214013	47	134
ENSG00000172115	28	9
ENSG00000100804	9	57
ENSG00000129646	86	177
ENSG00000240230	10	3
ENSG00000184347	21	57
ENSG00000127947	6	47
ENSG00000090861	63	6
ENSG00000182621	71	98
ENSG00000104967	50	49
ENSG00000198739	18	84
ENSG00000006125	52	84
ENSG00000092421	12	13
ENSG00000149823	6	17
ENSG00000250159	62	167
ENSG00000136878	50	33
ENSG00000122550	55	1
ENSG00000247199	21	109
ENSG00000197599	56	63
ENSG00000223705	15	61
ENSG00000149657	148	110
ENSG00000215218	66	5
ENSG00000198242	9	12
ENSG00000117152	21	7
ENSG00000087152	137	199
ENSG00000115694	74	53
ENSG00000179532	73	175
ENSG00000204217	16	20
ENSG00000134809	52	44
ENSG00000109475	14	17
ENSG00000090316	69	8
ENSG00000164985	49	11
ENSG00000110200	13	93
ENSG00000105778	47	27
ENSG00000103145	36	120
ENSG00000100714	27	28
ENSG00000119705	65	47
ENSG00000126214	56	200
ENSG00000139726	70	99
ENSG00000115233	15	12
ENSG00000117597	60	10
ENSG00000102878	15	40
ENSG00000241261	34	66
ENSG00000055163	63	32
ENSG00000136861	23	132
ENSG00000174780	32	31
ENSG00000176788	17	8
ENSG00000148925	29	5
ENSG00000100246	114	76
ENSG00000115234	94	85
ENSG00000185518	13	43
ENSG00000178947	187	169
ENSG00000188566	21	63
ENSG00000064999	35	57
ENSG00000197343	28	88
ENSG00000135596	21	37
ENSG00000088899	119	117
ENSG00000012232	27	25
ENSG00000147174	33	109
ENSG00000169976	68	24
ENSG00000205085	41	187
ENSG00000176381	17	12
ENSG00000174514	66	20
ENSG00000078902	45	78
ENSG00000119004	6	11
ENSG00000091640	57	27
ENSG00000236778	18	23
ENSG00000163482	7	62
ENSG00000100442	47	73
ENSG00000188846	18	16
ENSG00000204463	89	16
ENSG00000155066	21	46
ENSG00000166133	58	NA
ENSG00000182173	74	89
ENSG00000168016	8	40
ENSG00000108924	45	24
ENSG00000038274	43	76
ENSG00000011523	16	10
ENSG00000279764	11	27
ENSG00000152214	77	64
ENSG00000175182	50	183
ENSG00000176903	51	29
ENSG00000104904	92	55
ENSG00000068366	89	31
ENSG00000123444	64	84
ENSG00000261879	26	88
ENSG00000197147	57	33
ENSG00000131504	66	3
ENSG00000182512	57	205
ENSG00000139697	17	50
ENSG00000071537	88	3
ENSG00000068745	5	2
ENSG00000128881	110	69
ENSG00000102103	143	10
ENSG00000143061	76	4
ENSG00000090020	1	1
ENSG00000232034	10	8
ENSG00000167613	23	80
ENSG00000105640	6	14
ENSG00000170445	61	50
ENSG00000062725	56	237
ENSG00000126432	93	13
ENSG00000074706	17	10
ENSG00000171435	23	NA
ENSG00000135750	57	17
ENSG00000143442	14	42
ENSG00000142937	12	22
ENSG00000110700	10	13
ENSG00000074071	71	62
ENSG00000113282	28	2
ENSG00000174231	164	136
ENSG00000109917	166	95
ENSG00000116221	67	107
ENSG00000157216	83	25
ENSG00000186010	55	73
ENSG00000278845	53	133
ENSG00000179335	2	13
ENSG00000228315	130	249
ENSG00000142168	18	1
ENSG00000013503	94	4
ENSG00000235954	108	29
ENSG00000119698	32	64
ENSG00000160932	160	199
ENSG00000156395	37	73
ENSG00000135250	38	155
ENSG00000145050	1	1
ENSG00000198198	13	96
ENSG00000115268	11	17
ENSG00000102931	97	13
ENSG00000149273	11	9
ENSG00000188153	6	NA
ENSG00000147123	65	55
ENSG00000110048	71	58
ENSG00000135503	21	4
ENSG00000181722	6	50
ENSG00000167881	47	21
ENSG00000151651	28	1
ENSG00000148057	37	22
ENSG00000151414	2	13
ENSG00000179918	70	5
ENSG00000103152	49	NA
ENSG00000100129	45	8
ENSG00000171450	7	76
ENSG00000067900	72	315
ENSG00000241213	3	21
ENSG00000207955	6	7
ENSG00000278311	32	46
ENSG00000268670	8	14
ENSG00000103995	27	27
ENSG00000163170	7	2
ENSG00000147669	32	60
ENSG00000107745	106	41
ENSG00000163683	36	88
ENSG00000065809	28	72
ENSG00000172531	96	23
ENSG00000159692	25	18
ENSG00000123119	42	9
ENSG00000272157	72	74
ENSG00000152689	5	35
ENSG00000258839	5	11
ENSG00000132824	67	217
ENSG00000182022	11	1
ENSG00000181222	24	8
ENSG00000186416	139	101
ENSG00000130684	92	238
ENSG00000018610	216	84
ENSG00000158042	46	8
ENSG00000167302	16	25
ENSG00000088448	34	79
ENSG00000177432	40	69
ENSG00000154898	51	142
ENSG00000091039	41	70
ENSG00000065243	29	153
ENSG00000166441	16	38
ENSG00000134851	9	35
ENSG00000032389	82	1
ENSG00000146038	5	12
ENSG00000142892	22	84
ENSG00000159111	94	182
ENSG00000126947	198	44
ENSG00000119401	32	20
ENSG00000041353	40	70
ENSG00000011426	23	11
ENSG00000225697	8	28
ENSG00000152402	22	49
ENSG00000215788	6	39
ENSG00000078269	18	61
ENSG00000134318	10	13
ENSG00000129933	57	169
ENSG00000120458	60	107
ENSG00000225828	40	6
ENSG00000074935	43	114
ENSG00000253767	5	67
ENSG00000145623	2	25
ENSG00000171914	49	8
ENSG00000106089	77	66
ENSG00000060138	2	33
ENSG00000105819	30	65
ENSG00000013561	59	35
ENSG00000099624	23	6
ENSG00000137996	8	1
ENSG00000127957	12	48
ENSG00000256443	21	79
ENSG00000141542	182	29
ENSG00000014824	93	224
ENSG00000165061	25	44
ENSG00000104419	15	39
ENSG00000010244	39	226
ENSG00000203797	10	5
ENSG00000249853	46	61
ENSG00000179222	85	25
ENSG00000187775	7	12
ENSG00000240204	58	42
ENSG00000167851	4	50
ENSG00000177885	39	2
ENSG00000149970	33	4
ENSG00000183718	18	41
ENSG00000067182	3	73
ENSG00000053438	40	43
ENSG00000149136	8	5
ENSG00000267680	89	115
ENSG00000197324	1	52
ENSG00000071073	31	5
ENSG00000065154	36	11
ENSG00000185986	14	187
ENSG00000184388	50	34
ENSG00000082781	3	34
ENSG00000186517	12	57
ENSG00000229152	32	99
ENSG00000110237	8	NA
ENSG00000091140	20	83
ENSG00000197971	10	10
ENSG00000110711	5	1
ENSG00000198556	26	124
ENSG00000277363	12	23
ENSG00000198899	9	5
ENSG00000105197	107	44
ENSG00000137720	2	13
ENSG00000177853	15	108
ENSG00000138311	20	9
ENSG00000196597	41	96
ENSG00000163840	3	17
ENSG00000115419	32	5
ENSG00000105427	65	239
ENSG00000237515	40	93
ENSG00000154429	70	156
ENSG00000065135	5	107
ENSG00000184076	117	137
ENSG00000215717	27	67
ENSG00000129055	27	62
ENSG00000124507	36	35
ENSG00000166912	2	1
ENSG00000100784	23	23
ENSG00000112561	5	37
ENSG00000261744	52	111
ENSG00000151353	10	28
ENSG00000176058	8	26
ENSG00000100997	189	139
ENSG00000196961	30	18
ENSG00000167323	3	4
ENSG00000226318	38	94
ENSG00000280205	17	52
ENSG00000174132	37	5
ENSG00000217930	45	81
ENSG00000161980	82	211
ENSG00000164488	35	12
ENSG00000136942	9	22
ENSG00000163444	45	50
ENSG00000065183	43	14
ENSG00000132535	77	86
ENSG00000133624	23	38
ENSG00000288033	18	26
ENSG00000136935	8	6
ENSG00000089486	13	49
ENSG00000181163	18	13
ENSG00000186310	187	72
ENSG00000100416	148	219
ENSG00000163029	4	20
ENSG00000089041	17	23
ENSG00000105402	26	9
ENSG00000122483	15	2
ENSG00000226137	42	82
ENSG00000172354	11	11
ENSG00000188313	7	38
ENSG00000159685	24	83
ENSG00000116237	44	63
ENSG00000112367	20	46
ENSG00000166226	4	4
ENSG00000162407	1	1
ENSG00000141101	62	2
ENSG00000167208	14	33
ENSG00000153933	29	56
ENSG00000171462	17	89
ENSG00000025796	6	20
ENSG00000108424	30	98
ENSG00000197150	12	35
ENSG00000154144	38	16
ENSG00000250802	23	130
ENSG00000187601	61	150
ENSG00000270049	13	73
ENSG00000156482	4	22
ENSG00000204514	24	18
ENSG00000166394	7	30
ENSG00000106524	14	42
ENSG00000105143	57	43
ENSG00000166200	10	13
ENSG00000125386	12	50
ENSG00000145386	5	NA
ENSG00000143294	1	1
ENSG00000145817	34	57
ENSG00000101182	92	34
ENSG00000173452	33	36
ENSG00000256525	15	39
ENSG00000136813	16	1
ENSG00000104442	18	36
ENSG00000023330	58	10
ENSG00000156298	15	3
ENSG00000066382	68	32
ENSG00000240024	45	15
ENSG00000163565	1	28
ENSG00000179958	42	27
ENSG00000146242	14	6
ENSG00000133812	5	49
ENSG00000249715	18	86
ENSG00000251623	4	13
ENSG00000072121	26	51
ENSG00000169696	17	87
ENSG00000138028	17	19
ENSG00000182247	20	6
ENSG00000275131	16	95
ENSG00000011638	20	2
ENSG00000185278	8	10
ENSG00000151490	15	2
ENSG00000118680	50	24
ENSG00000185352	33	144
ENSG00000091164	32	100
ENSG00000145428	30	8
ENSG00000171316	9	41
ENSG00000181666	21	95
ENSG00000057935	22	2
ENSG00000138835	2	1
ENSG00000288062	57	39
ENSG00000068305	49	6
ENSG00000182534	109	31
ENSG00000178502	83	64
ENSG00000111348	8	61
ENSG00000136810	26	6
ENSG00000180488	20	108
ENSG00000110218	86	4
ENSG00000101336	25	48
ENSG00000126581	34	75
ENSG00000083828	125	290
ENSG00000132313	19	100
ENSG00000117069	2	6
ENSG00000103363	11	28
ENSG00000072518	15	37
ENSG00000128482	49	30
ENSG00000104964	49	64
ENSG00000279811	23	27
ENSG00000092148	40	11
ENSG00000221866	5	13
ENSG00000198561	2	69
ENSG00000115355	4	13
ENSG00000162616	5	4
ENSG00000212694	23	54
ENSG00000065883	17	65
ENSG00000132950	33	15
ENSG00000248206	10	30
ENSG00000067369	24	72
ENSG00000168522	19	17
ENSG00000127838	29	3
ENSG00000116044	6	72
ENSG00000163938	52	2
ENSG00000008056	49	35
ENSG00000170860	24	155
ENSG00000064763	48	135
ENSG00000102401	256	192
ENSG00000204065	25	22
ENSG00000280152	20	61
ENSG00000065413	3	4
ENSG00000111679	4	49
ENSG00000138439	12	NA
ENSG00000121073	6	4
ENSG00000146109	7	4
ENSG00000169635	50	82
ENSG00000167371	69	118
ENSG00000224222	4	10
ENSG00000260328	24	41
ENSG00000143621	11	24
ENSG00000105856	8	32
ENSG00000077279	51	30
ENSG00000134152	33	99
ENSG00000165169	143	29
ENSG00000233639	33	39
ENSG00000111652	18	96
ENSG00000109458	3	24
ENSG00000172824	13	56
ENSG00000124570	12	112
ENSG00000272645	2	35
ENSG00000151687	17	18
ENSG00000024048	22	60
ENSG00000126698	7	14
ENSG00000237166	14	34
ENSG00000148123	7	25
ENSG00000141367	53	NA
ENSG00000189212	7	64
ENSG00000150656	5	10
ENSG00000188603	25	42
ENSG00000112531	20	54
ENSG00000138107	23	31
ENSG00000160271	35	93
ENSG00000198618	20	NA
ENSG00000163885	1	12
ENSG00000143756	8	1
ENSG00000112893	12	22
ENSG00000237298	22	30
ENSG00000151572	33	35
ENSG00000133878	38	17
ENSG00000107890	27	42
ENSG00000137207	19	99
ENSG00000253284	9	119
ENSG00000254377	18	45
ENSG00000236104	18	39
ENSG00000170802	6	16
ENSG00000254936	17	51
ENSG00000133640	9	48
ENSG00000163820	6	48
ENSG00000259924	58	88
ENSG00000257680	41	14
ENSG00000264522	1	12
ENSG00000132702	3	5
ENSG00000178917	8	17
ENSG00000065427	6	6
ENSG00000196204	19	78
ENSG00000163904	18	66
ENSG00000154548	22	17
ENSG00000136436	8	49
ENSG00000285892	6	7
ENSG00000061987	9	36
ENSG00000110987	50	6
ENSG00000244062	4	3
ENSG00000164659	2	14
ENSG00000204147	43	NA
ENSG00000150756	2	7
ENSG00000187950	6	10
ENSG00000173141	17	5
ENSG00000271553	23	96
ENSG00000278897	42	196
ENSG00000203896	77	137
ENSG00000116754	3	12
ENSG00000131503	24	99
ENSG00000242086	1	NA
ENSG00000064932	5	27
ENSG00000125648	43	64
ENSG00000279283	30	149
ENSG00000066044	24	28
ENSG00000151967	1	29
ENSG00000154642	20	12
ENSG00000183020	36	124
ENSG00000168291	32	57
ENSG00000160305	69	143
ENSG00000133612	12	6
ENSG00000189423	51	123
ENSG00000131943	112	39
ENSG00000069966	15	48
ENSG00000143797	1	7
ENSG00000106609	20	7
ENSG00000160752	12	21
ENSG00000112667	11	4
ENSG00000197006	77	104
ENSG00000179673	22	NA
ENSG00000174106	82	33
ENSG00000197892	12	37
ENSG00000071553	491	377
ENSG00000139405	13	29
ENSG00000028116	3	21
ENSG00000269939	32	110
ENSG00000133858	38	33
ENSG00000048544	28	59
ENSG00000070476	11	33
ENSG00000172757	21	19
ENSG00000106245	9	11
ENSG00000165434	16	4
ENSG00000143222	3	5
ENSG00000125304	46	2
ENSG00000134333	2	1
ENSG00000090097	9	14
ENSG00000166780	45	NA
ENSG00000154723	42	89
ENSG00000116903	2	4
ENSG00000152932	6	101
ENSG00000044574	2	3
ENSG00000135108	20	6
ENSG00000092531	10	65
ENSG00000162599	6	20
ENSG00000134709	8	7
ENSG00000167566	10	6
ENSG00000113621	19	NA
ENSG00000204856	97	40
ENSG00000197329	23	20
ENSG00000233642	32	14
ENSG00000070961	37	62
ENSG00000171992	7	53
ENSG00000164236	7	NA
ENSG00000135631	17	6
ENSG00000198712	2	1
ENSG00000142583	5	32
ENSG00000204231	3	4
ENSG00000150760	9	7
ENSG00000171867	76	37
ENSG00000108528	42	82
ENSG00000101290	74	323
ENSG00000134186	2	16
ENSG00000138604	47	169
ENSG00000213197	9	52
ENSG00000106459	12	13
ENSG00000051825	24	35
ENSG00000278983	10	24
ENSG00000179104	3	15
ENSG00000177459	52	1
ENSG00000239653	16	125
ENSG00000186951	15	42
ENSG00000103591	26	71
ENSG00000113658	9	49
ENSG00000178440	21	186
ENSG00000085982	21	43
ENSG00000128581	12	34
ENSG00000180747	20	12
ENSG00000123395	15	7
ENSG00000136280	7	6
ENSG00000120438	8	8
ENSG00000151553	31	3
ENSG00000009844	24	19
ENSG00000158773	34	4
ENSG00000278434	4	6
ENSG00000138686	25	NA
ENSG00000139436	2	8
ENSG00000105639	2	15
ENSG00000110429	68	41
ENSG00000147465	14	NA
ENSG00000280392	13	67
ENSG00000157214	13	16
ENSG00000183397	27	14
ENSG00000261056	16	148
ENSG00000196381	15	23
ENSG00000104133	8	25
ENSG00000169403	1	16
ENSG00000080815	8	12
ENSG00000071991	6	14
ENSG00000167281	48	109
ENSG00000254876	26	111
ENSG00000025800	7	4
ENSG00000111670	2	19
ENSG00000121753	12	96
ENSG00000205116	4	19
ENSG00000157423	11	57
ENSG00000197858	10	13
ENSG00000112787	4	4
ENSG00000166171	21	25
ENSG00000137547	4	NA
ENSG00000167642	50	21
ENSG00000262580	17	18
ENSG00000263874	28	24
ENSG00000095139	22	19
ENSG00000177943	4	24
ENSG00000273329	17	46
ENSG00000079616	36	46
ENSG00000280214	11	91
ENSG00000248624	6	27
ENSG00000173465	29	25
ENSG00000158869	17	54
ENSG00000126790	5	24
ENSG00000177688	9	11
ENSG00000006530	7	1
ENSG00000138326	5	23
ENSG00000111639	6	34
ENSG00000213090	5	67
ENSG00000178125	1	31
ENSG00000166579	33	24
ENSG00000164332	17	12
ENSG00000122584	2	5
ENSG00000196458	17	15
ENSG00000233264	16	128
ENSG00000116574	6	7
ENSG00000197555	15	NA
ENSG00000197536	11	112
ENSG00000143458	8	13
ENSG00000183431	6	26
ENSG00000116478	6	35
ENSG00000023516	35	NA
ENSG00000173113	7	12
ENSG00000151006	15	59
ENSG00000112992	13	NA
ENSG00000224934	15	84
ENSG00000099282	10	35
ENSG00000266371	13	35
ENSG00000135905	4	3
ENSG00000116885	3	2
ENSG00000108509	29	9
ENSG00000075303	14	11
ENSG00000204851	23	7
ENSG00000081154	4	3
ENSG00000104885	49	41
ENSG00000104979	20	7
ENSG00000175727	1	6
ENSG00000167549	5	28
ENSG00000100823	19	32
ENSG00000161921	2	15
ENSG00000128000	23	26
ENSG00000196683	11	21
ENSG00000160075	7	4
ENSG00000232489	6	10
ENSG00000196104	10	59
ENSG00000230269	37	58
ENSG00000134532	3	32
ENSG00000175906	69	51
ENSG00000260807	21	16
ENSG00000174442	29	1
ENSG00000224149	2	NA
ENSG00000185008	6	73
ENSG00000124207	20	6
ENSG00000239763	21	81
ENSG00000119396	11	52
ENSG00000185046	30	42
ENSG00000134058	14	NA
ENSG00000165084	1	6
ENSG00000135912	3	14
ENSG00000137478	18	53
ENSG00000094631	2	4
ENSG00000237491	8	24
ENSG00000280069	5	6
ENSG00000279544	2	7
ENSG00000117533	7	43
ENSG00000185055	3	6
ENSG00000175550	18	147
ENSG00000179271	67	4
ENSG00000139344	25	NA
ENSG00000113240	21	62
ENSG00000280347	14	77
ENSG00000129566	5	22
ENSG00000100908	42	45
ENSG00000234456	4	10
ENSG00000239789	16	14
ENSG00000065518	6	10
ENSG00000108588	12	28
ENSG00000230793	4	114
ENSG00000168135	88	125
ENSG00000265354	20	6
ENSG00000204138	4	66
ENSG00000187239	9	27
ENSG00000261226	16	NA
ENSG00000132359	11	3
ENSG00000281404	5	34
ENSG00000233602	4	49
ENSG00000261115	24	44
ENSG00000197622	6	36
ENSG00000170906	104	59
ENSG00000267412	18	63
ENSG00000117118	10	32
ENSG00000187079	3	32
ENSG00000164715	10	NA
ENSG00000215712	58	59
ENSG00000136718	18	15
ENSG00000183978	8	21
ENSG00000233967	3	29
ENSG00000157978	6	20
ENSG00000137040	7	3
ENSG00000141338	16	29
ENSG00000049656	4	1
ENSG00000186166	22	119
ENSG00000122218	11	NA
ENSG00000174886	22	104
ENSG00000177954	5	9
ENSG00000247708	6	107
ENSG00000173898	4	1
ENSG00000251429	4	2
ENSG00000253304	4	1
ENSG00000185615	4	17
ENSG00000167771	29	19
ENSG00000151552	2	13
ENSG00000232166	1	6
ENSG00000263603	7	106
ENSG00000156453	9	2
ENSG00000221983	40	31
ENSG00000247556	35	59
ENSG00000140400	5	38
ENSG00000214216	4	32
ENSG00000065675	12	37
ENSG00000073417	22	61
ENSG00000132330	27	60
ENSG00000135709	33	61
ENSG00000184672	2	NA
ENSG00000213023	30	103
ENSG00000110811	13	10
ENSG00000276023	6	11
ENSG00000279738	81	136
ENSG00000121680	7	21
ENSG00000187764	6	33
ENSG00000164941	6	45
ENSG00000187984	9	34
ENSG00000181555	1	NA
ENSG00000186642	4	24
ENSG00000269938	5	92
ENSG00000111218	15	17
ENSG00000160445	11	10
ENSG00000176912	6	17
ENSG00000185513	35	33
ENSG00000166887	6	5
ENSG00000170959	3	21
ENSG00000166847	1	1
ENSG00000173947	2	3
ENSG00000146373	10	34
ENSG00000196586	4	12
ENSG00000198478	7	2
ENSG00000124126	5	13
ENSG00000104369	7	NA
ENSG00000065600	3	3
ENSG00000203739	12	12
ENSG00000260198	5	30
ENSG00000137941	8	2
ENSG00000116001	1	35
ENSG00000177301	3	10
ENSG00000162755	36	1
ENSG00000133703	21	61
ENSG00000272578	11	101
ENSG00000176658	20	77
ENSG00000134815	26	26
ENSG00000156486	2	3
ENSG00000163013	1	1
ENSG00000175215	2	10
ENSG00000152894	3	12
ENSG00000131469	18	34
ENSG00000078018	2	6
ENSG00000102144	20	2
ENSG00000103657	11	NA
ENSG00000248449	12	51
ENSG00000261236	6	NA
ENSG00000163785	8	52
ENSG00000116584	1	3
ENSG00000125991	28	13
ENSG00000168487	6	34
ENSG00000105993	3	4
ENSG00000269439	21	9
ENSG00000092529	5	11
ENSG00000170899	1	NA
ENSG00000138378	13	NA
ENSG00000125740	8	NA
ENSG00000155903	2	5
ENSG00000049449	37	10
ENSG00000224116	9	11
ENSG00000147202	45	3
ENSG00000171860	6	43
ENSG00000182389	9	29
ENSG00000125482	8	6
ENSG00000167110	15	6
ENSG00000174775	10	24
ENSG00000163694	4	50
ENSG00000156345	20	3
ENSG00000175029	9	44
ENSG00000061273	9	23
ENSG00000127993	6	NA
ENSG00000259644	19	110
ENSG00000188011	3	1
ENSG00000025293	32	19
ENSG00000244687	44	85
ENSG00000183671	1	NA
ENSG00000172771	3	16
ENSG00000176055	15	73
ENSG00000237887	12	80
ENSG00000092203	39	42
ENSG00000172888	4	18
ENSG00000149311	15	3
ENSG00000219626	1	3
ENSG00000235760	1	NA
ENSG00000269997	10	11
ENSG00000134250	6	33
ENSG00000109046	3	20
ENSG00000204264	1	1
ENSG00000158258	3	7
ENSG00000174227	9	21
ENSG00000225345	10	21
ENSG00000204305	1	NA
ENSG00000186288	19	NA
ENSG00000153233	18	8
ENSG00000258057	51	46
ENSG00000113068	4	4
ENSG00000262155	23	91
ENSG00000235008	4	48
ENSG00000081237	14	37
ENSG00000099814	12	18
ENSG00000158195	5	78
ENSG00000100916	28	165
ENSG00000135900	7	2
ENSG00000156467	25	141
ENSG00000197444	9	1
ENSG00000196263	21	84
ENSG00000246067	9	114
ENSG00000176410	11	63
ENSG00000118640	7	47
ENSG00000237441	2	5
ENSG00000183726	4	NA
ENSG00000176771	3	13
ENSG00000139291	22	49
ENSG00000276975	4	18
ENSG00000030419	1	33
ENSG00000204116	73	141
ENSG00000143748	2	18
ENSG00000198042	13	4
ENSG00000135837	3	10
ENSG00000106635	14	24
ENSG00000115677	28	12
ENSG00000181195	7	37
ENSG00000230415	1	NA
ENSG00000165280	7	3
ENSG00000227115	17	43
ENSG00000162390	1	2
ENSG00000256762	14	94
ENSG00000196689	27	72
ENSG00000049618	3	30
ENSG00000113048	2	NA
ENSG00000123104	4	5
ENSG00000198276	15	51
ENSG00000164163	10	16
ENSG00000116641	3	17
ENSG00000056097	1	NA
ENSG00000204681	4	8
ENSG00000185742	10	68
ENSG00000280381	5	33
ENSG00000180071	17	31
ENSG00000075407	10	58
ENSG00000137054	6	NA
ENSG00000166503	4	46
ENSG00000106404	3	NA
ENSG00000229739	4	55
ENSG00000166224	13	69
ENSG00000250198	2	NA
ENSG00000164953	1	18
ENSG00000224822	3	73
ENSG00000168566	2	NA
ENSG00000107099	3	6
ENSG00000138698	13	22
ENSG00000225140	5	9
ENSG00000165185	5	6
ENSG00000197558	5	10
ENSG00000100401	10	2
ENSG00000143320	1	9
ENSG00000113456	7	12
ENSG00000143612	5	8
ENSG00000075292	4	48
ENSG00000213411	10	39
ENSG00000258674	29	1
ENSG00000146067	4	8
ENSG00000013441	6	5
ENSG00000132463	10	4
ENSG00000066629	40	39
ENSG00000105723	38	69
ENSG00000188385	6	15
ENSG00000286635	19	47
ENSG00000166946	25	27
ENSG00000203280	25	5
ENSG00000165138	1	10
ENSG00000068438	38	7
ENSG00000132604	51	31
ENSG00000125870	8	20
ENSG00000137312	3	NA
ENSG00000123496	7	NA
ENSG00000130706	24	24
ENSG00000153904	1	NA
ENSG00000159917	43	28
ENSG00000009694	25	43
ENSG00000117408	1	6
ENSG00000116983	2	NA
ENSG00000076555	1	10
ENSG00000140992	18	4
ENSG00000138386	2	18
ENSG00000251136	8	123
ENSG00000125149	37	28
ENSG00000111530	11	5
ENSG00000112208	1	3
ENSG00000067365	2	17
ENSG00000197816	8	55
ENSG00000039319	2	23
ENSG00000140030	7	41
ENSG00000116138	12	1
ENSG00000286288	1	NA
ENSG00000155324	4	24
ENSG00000164182	13	NA
ENSG00000279702	5	30
ENSG00000183011	14	19
ENSG00000104331	3	48
ENSG00000082556	4	2
ENSG00000143314	7	2
ENSG00000076928	10	34
ENSG00000115282	6	13
ENSG00000126226	7	22
ENSG00000227671	4	13
ENSG00000134748	1	5
ENSG00000112996	5	2
ENSG00000224531	3	3
ENSG00000229989	1	2
ENSG00000080546	5	1
ENSG00000145725	1	9
ENSG00000092439	17	53
ENSG00000172005	3	17
ENSG00000122591	1	14
ENSG00000119471	1	5
ENSG00000214021	10	10
ENSG00000118762	6	11
ENSG00000143815	1	28
ENSG00000031081	7	30
ENSG00000116747	2	13
ENSG00000160408	4	2
ENSG00000135472	6	1
ENSG00000286558	2	2
ENSG00000185811	3	26
ENSG00000154146	25	21
ENSG00000153922	11	36
ENSG00000173011	6	3
ENSG00000135334	2	NA
ENSG00000261553	5	25
ENSG00000028839	3	NA
ENSG00000074695	1	19
ENSG00000142230	9	68
ENSG00000162377	21	4
ENSG00000172247	1	NA
ENSG00000182810	29	24
ENSG00000196715	32	63
ENSG00000198019	1	1
ENSG00000273448	12	63
ENSG00000134602	356	245
ENSG00000156110	6	3
ENSG00000240393	4	2
ENSG00000090060	4	9
ENSG00000140403	7	NA
ENSG00000005882	10	NA
ENSG00000065000	10	23
ENSG00000063180	14	86
ENSG00000107317	1	8
ENSG00000169021	37	69
ENSG00000279138	15	21
ENSG00000072062	15	29
ENSG00000250903	3	28
ENSG00000237877	4	59
ENSG00000183307	68	65
ENSG00000213337	2	NA
ENSG00000112799	2	9
ENSG00000146066	3	1
ENSG00000168490	6	NA
ENSG00000279089	11	123
ENSG00000148824	7	73
ENSG00000145147	1	NA
ENSG00000109519	1	3
ENSG00000151090	2	1
ENSG00000144746	4	NA
ENSG00000174460	2	3
ENSG00000275004	27	37
ENSG00000203872	14	40
ENSG00000115808	7	53
ENSG00000183207	37	32
ENSG00000128915	19	178
ENSG00000245532	10	10
ENSG00000261123	7	25
ENSG00000198718	4	7
ENSG00000126860	12	15
ENSG00000264112	1	15
ENSG00000132361	14	4
ENSG00000279587	14	12
ENSG00000117598	1	3
ENSG00000164117	1	39
ENSG00000008988	7	7
ENSG00000139668	7	37
ENSG00000119321	2	5
ENSG00000135632	1	NA
ENSG00000106443	6	7
ENSG00000083168	1	27
ENSG00000152556	2	3
ENSG00000189091	9	NA
ENSG00000286965	1	3
ENSG00000186635	5	40
ENSG00000204482	1	8
ENSG00000271614	1	24
ENSG00000146352	1	NA
ENSG00000162441	1	1
ENSG00000276248	4	103
ENSG00000173611	2	1
ENSG00000060339	1	34
ENSG00000260495	8	34
ENSG00000101542	4	19
ENSG00000167196	18	65
ENSG00000013375	1	29
ENSG00000168310	4	19
ENSG00000111058	1	6
ENSG00000106868	8	3
ENSG00000143436	3	17
ENSG00000145990	7	1
ENSG00000105849	5	3
ENSG00000254839	1	2
ENSG00000178896	19	4
ENSG00000123124	3	3
ENSG00000242485	2	25
ENSG00000112282	2	44
ENSG00000243915	6	33
ENSG00000255790	4	13
ENSG00000276649	10	17
ENSG00000104447	1	22
ENSG00000228782	7	33
ENSG00000163126	3	10
ENSG00000145945	14	15
ENSG00000134533	5	NA
ENSG00000233723	2	25
ENSG00000166343	5	23
ENSG00000278975	12	47
ENSG00000173960	2	6
ENSG00000163818	1	1
ENSG00000260025	10	34
ENSG00000232082	7	13
ENSG00000247774	1	28
ENSG00000264895	8	74
ENSG00000132471	16	9
ENSG00000113558	9	160
ENSG00000167004	1	1
ENSG00000138670	1	NA
ENSG00000171791	4	9
ENSG00000116857	5	2
ENSG00000119139	6	22
ENSG00000143549	2	14
ENSG00000281398	1	38
ENSG00000224109	19	3
ENSG00000180817	4	3
ENSG00000116191	1	NA
ENSG00000176142	2	14
ENSG00000186231	2	4
ENSG00000108381	10	6
ENSG00000156687	1	12
ENSG00000141622	8	30
ENSG00000165424	2	18
ENSG00000213424	15	83
ENSG00000138496	1	9
ENSG00000168993	2	28
ENSG00000279518	4	72
ENSG00000172171	1	11
ENSG00000144026	12	10
ENSG00000228886	5	16
ENSG00000141068	4	39
ENSG00000250461	4	144
ENSG00000128487	3	9
ENSG00000100664	29	10
ENSG00000251682	8	52
ENSG00000162813	1	NA
ENSG00000166159	4	16
ENSG00000105880	5	3
ENSG00000046889	1	4
ENSG00000198466	15	10
ENSG00000187713	18	28
ENSG00000077420	2	18
ENSG00000036672	7	NA
ENSG00000119927	1	1
ENSG00000100294	26	118
ENSG00000140057	6	11
ENSG00000141076	10	10
ENSG00000180998	9	3
ENSG00000110925	2	NA
ENSG00000063854	26	10
ENSG00000106263	10	31
ENSG00000129911	9	138
ENSG00000170579	2	NA
ENSG00000176095	4	4
ENSG00000160255	16	43
ENSG00000018280	1	13
ENSG00000277744	1	1
ENSG00000276545	4	6
ENSG00000009335	6	1
ENSG00000198089	26	30
ENSG00000170500	4	2
ENSG00000167380	40	65
ENSG00000044446	3	27
ENSG00000260261	13	30
ENSG00000228409	6	2
ENSG00000142235	1	NA
ENSG00000178623	10	22
ENSG00000175087	5	6
ENSG00000234608	6	5
ENSG00000141458	5	37
ENSG00000078725	4	NA
ENSG00000164258	3	15
ENSG00000152133	8	4
ENSG00000232040	4	8
ENSG00000280332	16	54
ENSG00000159086	40	139
ENSG00000184384	5	77
ENSG00000275832	18	42
ENSG00000204564	4	1
ENSG00000104313	9	2
ENSG00000131375	1	55
ENSG00000162073	1	4
ENSG00000126870	6	7
ENSG00000272374	7	109
ENSG00000010165	4	NA
ENSG00000125352	155	11
ENSG00000160993	2	NA
ENSG00000258441	8	29
ENSG00000124224	2	36
ENSG00000139433	4	26
ENSG00000138035	6	1
ENSG00000154845	1	17
ENSG00000136167	5	45
ENSG00000196605	8	40
ENSG00000119946	2	NA
ENSG00000166326	2	7
ENSG00000176261	2	19
ENSG00000131475	12	16
ENSG00000101161	15	9
ENSG00000141934	13	36
ENSG00000138346	7	14
ENSG00000134504	15	53
ENSG00000131771	19	3
ENSG00000114019	4	2
ENSG00000235316	9	2
ENSG00000064199	1	4
ENSG00000120690	1	11
ENSG00000130638	15	114
ENSG00000077616	1	5
ENSG00000130032	17	7
ENSG00000114013	6	22
ENSG00000107282	1	1
ENSG00000143842	1	1
ENSG00000121653	1	5
ENSG00000157450	4	4
ENSG00000204767	3	10
ENSG00000162931	2	3
ENSG00000105270	17	5
ENSG00000265806	2	24
ENSG00000204278	19	20
ENSG00000164300	2	2
ENSG00000145494	1	11
ENSG00000254921	3	NA
ENSG00000280134	8	4
ENSG00000255366	1	NA
ENSG00000167637	5	22
ENSG00000158445	23	52
ENSG00000008283	6	2
ENSG00000177542	4	3
ENSG00000174130	1	2
ENSG00000181004	5	NA
ENSG00000232593	2	1
ENSG00000121766	1	18
ENSG00000110801	5	9
ENSG00000094916	4	25
ENSG00000160072	2	37
ENSG00000136463	11	21
ENSG00000273066	6	5
ENSG00000111885	2	NA
ENSG00000177565	1	1
ENSG00000161912	4	25
ENSG00000163681	1	2
ENSG00000102786	2	8
ENSG00000176396	31	59
ENSG00000175115	1	NA
ENSG00000284959	2	3
ENSG00000180992	3	NA
ENSG00000081377	5	25
ENSG00000125703	3	15
ENSG00000247596	6	5
ENSG00000171790	3	4
ENSG00000240695	3	51
ENSG00000105851	4	36
ENSG00000259943	1	2
ENSG00000079805	3	10
ENSG00000235613	1	26
ENSG00000159784	3	27
ENSG00000139174	8	34
ENSG00000123545	2	5
ENSG00000181409	7	22
ENSG00000213614	5	46
ENSG00000182195	87	10
ENSG00000213654	2	45
ENSG00000131797	1	4
ENSG00000248283	5	28
ENSG00000114416	2	7
ENSG00000006831	3	7
ENSG00000198218	2	NA
ENSG00000233061	1	8
ENSG00000174469	10	81
ENSG00000114735	2	14
ENSG00000138593	2	10
ENSG00000106397	2	5
ENSG00000185432	1	28
ENSG00000183826	1	NA
ENSG00000084234	4	6
ENSG00000173905	2	38
ENSG00000147050	2	3
ENSG00000205534	7	3
ENSG00000087206	1	5
ENSG00000270231	4	14
ENSG00000154099	3	28
ENSG00000134375	2	5
ENSG00000119725	7	141
ENSG00000164024	3	9
ENSG00000113161	5	5
ENSG00000120071	1	2
ENSG00000100852	3	28
ENSG00000108100	8	13
ENSG00000149547	2	4
ENSG00000111897	7	NA
ENSG00000109790	4	23
ENSG00000176225	10	162
ENSG00000253636	6	55
ENSG00000175564	4	13
ENSG00000127463	2	118
ENSG00000196730	4	NA
ENSG00000116898	2	NA
ENSG00000206530	3	29
ENSG00000143376	1	NA
ENSG00000100813	4	51
ENSG00000152332	1	NA
ENSG00000160791	2	12
ENSG00000167178	5	8
ENSG00000119638	5	36
ENSG00000270061	5	5
ENSG00000117016	2	NA
ENSG00000242028	4	14
ENSG00000225032	2	25
ENSG00000004961	40	41
ENSG00000259429	10	18
ENSG00000124217	21	10
ENSG00000218739	1	5
ENSG00000099901	31	31
ENSG00000128340	11	39
ENSG00000162104	7	3
ENSG00000230910	1	16
ENSG00000008226	1	34
ENSG00000141098	1	1
ENSG00000038358	7	20
ENSG00000148399	2	10
ENSG00000182578	3	15
ENSG00000249850	1	32
ENSG00000159200	3	1
ENSG00000102898	2	38
ENSG00000156299	12	NA
ENSG00000106591	3	NA
ENSG00000111860	1	1
ENSG00000132563	6	NA
ENSG00000109881	4	NA
ENSG00000223960	2	6
ENSG00000164329	2	9
ENSG00000090263	2	8
ENSG00000243914	5	109
ENSG00000185875	8	NA
ENSG00000117707	1	28
ENSG00000076924	14	3
ENSG00000279529	1	6
ENSG00000156140	1	6
ENSG00000122140	1	11
ENSG00000163884	1	2
ENSG00000234423	2	8
ENSG00000181211	3	85
ENSG00000273841	2	1
ENSG00000253372	1	60
ENSG00000059915	2	23
ENSG00000287665	8	17
ENSG00000256591	2	52
ENSG00000077254	2	23
ENSG00000173418	12	38
ENSG00000185825	89	5
ENSG00000114473	3	33
ENSG00000276115	1	14
ENSG00000205090	3	1
ENSG00000277767	1	NA
ENSG00000126777	2	33
ENSG00000100302	3	22
ENSG00000284602	2	37
ENSG00000198886	8	7
ENSG00000125249	2	NA
ENSG00000165271	1	6
ENSG00000132591	12	79
ENSG00000163349	1	4
ENSG00000162409	2	18
ENSG00000114978	1	27
ENSG00000077238	1	16
ENSG00000205041	29	110
ENSG00000184574	2	11
ENSG00000074657	15	17
ENSG00000119125	1	1
ENSG00000186814	2	9
ENSG00000243701	3	48
ENSG00000065534	1	2
ENSG00000168913	1	NA
ENSG00000185716	6	6
ENSG00000177875	1	NA
ENSG00000115241	1	1
ENSG00000015285	10	66
ENSG00000160678	1	NA
ENSG00000187609	2	NA
ENSG00000139437	3	14
ENSG00000105193	16	21
ENSG00000175606	2	NA
ENSG00000220785	2	NA
ENSG00000122026	3	12
ENSG00000008710	2	25
ENSG00000117222	3	1
ENSG00000279387	4	5
ENSG00000145920	4	25
ENSG00000159346	1	NA
ENSG00000122565	2	2
ENSG00000078053	1	NA
ENSG00000170633	7	76
ENSG00000174437	3	7
ENSG00000147408	1	NA
ENSG00000114125	4	1
ENSG00000234329	2	17
ENSG00000140983	1	1
ENSG00000242768	1	NA
ENSG00000170231	11	66
ENSG00000125148	1	NA
ENSG00000125652	3	NA
ENSG00000278991	6	82
ENSG00000185414	3	1
ENSG00000103502	10	21
ENSG00000173482	19	23
ENSG00000186960	1	2
ENSG00000100221	3	1
ENSG00000204248	1	NA
ENSG00000156959	1	2
ENSG00000119943	1	30
ENSG00000036530	8	43
ENSG00000212128	2	6
ENSG00000180269	4	4
ENSG00000120616	1	3
ENSG00000225439	6	NA
ENSG00000133019	1	4
ENSG00000174109	4	NA
ENSG00000121774	1	4
ENSG00000203737	1	12
ENSG00000180626	1	7
ENSG00000088367	5	3
ENSG00000138760	1	NA
ENSG00000133895	7	NA
ENSG00000243335	1	1
ENSG00000147677	4	NA
ENSG00000093000	43	13
ENSG00000253368	5	3
ENSG00000109111	9	30
ENSG00000132749	2	NA
ENSG00000169905	1	18
ENSG00000108666	6	8
ENSG00000119986	4	NA
ENSG00000204084	1	17
ENSG00000269929	4	16
ENSG00000233579	1	16
ENSG00000185324	7	22
ENSG00000271533	70	231
ENSG00000100379	57	102
ENSG00000148154	4	NA
ENSG00000283341	5	56
ENSG00000012171	1	2
ENSG00000132383	6	3
ENSG00000151491	1	34
ENSG00000100462	7	12
ENSG00000132965	6	43
ENSG00000012779	1	34
ENSG00000127663	1	18
ENSG00000123609	1	5
ENSG00000280033	4	27
ENSG00000244055	1	1
ENSG00000184277	1	4
ENSG00000108306	7	31
ENSG00000213930	3	14
ENSG00000254579	1	5
ENSG00000056586	2	6
ENSG00000198729	1	NA
ENSG00000179520	2	1
ENSG00000196323	1	NA
ENSG00000115109	1	2
ENSG00000153558	2	NA
ENSG00000260920	1	NA
ENSG00000125826	5	13
ENSG00000212864	1	5
ENSG00000111817	2	29
ENSG00000136273	2	21
ENSG00000170043	3	NA
ENSG00000173114	1	6
ENSG00000165025	4	28
ENSG00000235244	41	177
ENSG00000196912	2	20
ENSG00000122574	1	1
ENSG00000071655	1	NA
ENSG00000170419	2	1
ENSG00000270863	1	16
ENSG00000069020	1	7
ENSG00000164070	1	3
ENSG00000247624	4	6
ENSG00000258419	5	43
ENSG00000143226	2	50
ENSG00000198626	1	NA
ENSG00000152763	1	42
ENSG00000115946	1	3
ENSG00000282100	5	118
ENSG00000122042	1	2
ENSG00000126217	2	15
ENSG00000139998	6	13
ENSG00000124782	1	57
ENSG00000285994	1	87
ENSG00000081320	1	6
ENSG00000103479	2	14
ENSG00000206579	2	47
ENSG00000111371	5	3
ENSG00000278842	1	6
ENSG00000100519	2	1
ENSG00000182836	1	NA
ENSG00000140455	2	7
ENSG00000255669	1	13
ENSG00000255142	2	39
ENSG00000110436	1	NA
ENSG00000146221	1	2
ENSG00000129116	2	26
ENSG00000248483	3	176
ENSG00000122786	1	3
ENSG00000125827	5	1
ENSG00000144028	1	NA
ENSG00000198492	2	NA
ENSG00000153707	3	6
ENSG00000254996	1	81
ENSG00000111785	1	NA
ENSG00000117748	2	NA
ENSG00000250722	1	NA
ENSG00000271335	6	30
ENSG00000189127	1	NA
ENSG00000282160	1	NA
ENSG00000105576	2	2
ENSG00000073712	1	8
ENSG00000003147	1	5
ENSG00000116652	1	38
ENSG00000234745	1	1
ENSG00000141741	3	52
ENSG00000162728	1	1
ENSG00000101940	11	15
ENSG00000134480	1	2
ENSG00000112379	1	9
ENSG00000158019	1	NA
ENSG00000138641	1	14
ENSG00000178982	1	20
ENSG00000152104	2	43
ENSG00000136286	2	8
ENSG00000161904	1	3
ENSG00000100884	2	8
ENSG00000130227	2	3
ENSG00000135205	2	44
ENSG00000281969	3	NA
ENSG00000280650	1	24
ENSG00000014216	1	NA
ENSG00000131051	13	56
ENSG00000067955	3	41
ENSG00000174013	1	1
ENSG00000285667	2	18
ENSG00000119787	1	NA
ENSG00000258366	12	37
ENSG00000261970	4	69
ENSG00000070495	2	1
ENSG00000287299	1	4
ENSG00000004455	1	23
ENSG00000138385	2	2
ENSG00000269343	16	94
ENSG00000160282	7	38
ENSG00000166006	2	4
ENSG00000143409	1	17
ENSG00000010278	1	1
ENSG00000100395	12	1
ENSG00000154803	2	39
ENSG00000214237	2	2
ENSG00000125445	2	2
ENSG00000142347	6	41
ENSG00000118407	1	NA
ENSG00000160695	2	NA
ENSG00000237943	1	9
ENSG00000205808	3	18
ENSG00000151176	3	1
ENSG00000168781	1	NA
ENSG00000165113	4	9
ENSG00000144857	1	5
ENSG00000126858	4	3
ENSG00000048540	3	1
ENSG00000242686	1	5
ENSG00000108785	2	NA
ENSG00000083642	2	NA
ENSG00000115825	1	28
ENSG00000125864	1	3
ENSG00000178385	1	NA
ENSG00000065802	1	26
ENSG00000266338	2	39
ENSG00000107771	4	7
ENSG00000100316	7	NA
ENSG00000169598	1	17
ENSG00000234187	3	56
ENSG00000225014	7	52
ENSG00000133135	19	69
ENSG00000272449	1	1
ENSG00000174939	1	1
ENSG00000100242	2	8
ENSG00000171813	1	3
ENSG00000169018	2	6
ENSG00000168918	1	1
ENSG00000277007	1	8
ENSG00000247092	4	69
ENSG00000229089	1	NA
ENSG00000198625	1	7
ENSG00000154380	1	26
ENSG00000173039	2	20
ENSG00000279685	7	44
ENSG00000134453	1	6
ENSG00000138069	1	5
ENSG00000279453	5	19
ENSG00000154118	1	NA
ENSG00000135930	1	1
ENSG00000142327	1	12
ENSG00000274251	1	12
ENSG00000120688	2	NA
ENSG00000197774	9	6
ENSG00000103021	1	4
ENSG00000109320	2	22
ENSG00000158710	1	19
ENSG00000033178	1	1
ENSG00000148572	1	NA
ENSG00000148158	2	2
ENSG00000111300	1	22
ENSG00000148606	2	NA
ENSG00000146112	1	46
ENSG00000137038	8	58
ENSG00000137070	1	9
ENSG00000135870	1	9
ENSG00000286314	1	13
ENSG00000106153	2	10
ENSG00000114859	1	3
ENSG00000174099	2	17
ENSG00000158828	1	NA
ENSG00000236760	1	41
ENSG00000273691	1	4
ENSG00000236709	2	12
ENSG00000155093	1	NA
ENSG00000143614	1	53
ENSG00000114790	2	15
ENSG00000169641	1	NA
ENSG00000172379	1	NA
ENSG00000085224	10	49
ENSG00000153406	9	28
ENSG00000197903	3	NA
ENSG00000100284	3	NA
ENSG00000233822	2	NA
ENSG00000106052	1	NA
ENSG00000229816	1	24
ENSG00000136628	1	NA
ENSG00000280077	1	41
ENSG00000143110	1	22
ENSG00000171960	1	1
ENSG00000180354	1	2
ENSG00000100146	48	84
ENSG00000157306	3	2
ENSG00000185591	4	53
ENSG00000224699	1	21
ENSG00000134207	1	NA
ENSG00000132554	2	25
ENSG00000110786	1	NA
ENSG00000178531	1	3
ENSG00000185274	2	4
ENSG00000165782	1	75
ENSG00000198786	6	3
ENSG00000188536	1	1
ENSG00000261716	1	NA
ENSG00000205358	2	NA
ENSG00000231389	2	4
ENSG00000064787	10	23
ENSG00000155961	376	365
ENSG00000196976	314	322
ENSG00000011600	12	48
ENSG00000130822	95	110
ENSG00000235703	193	369
ENSG00000100591	6	6
ENSG00000012124	16	23
ENSG00000130830	369	119
ENSG00000172530	8	12
ENSG00000122122	15	89
ENSG00000125356	24	31
ENSG00000165370	71	65
ENSG00000104343	1	1
ENSG00000262223	5	4
ENSG00000286327	39	246
ENSG00000169562	23	29
ENSG00000102125	31	80
ENSG00000010671	7	34
ENSG00000224924	28	50
ENSG00000102181	50	20
ENSG00000197182	55	55
ENSG00000120694	1	NA
ENSG00000280383	59	181
ENSG00000180964	2	2
ENSG00000166603	3	7
ENSG00000223865	2	2
ENSG00000103540	3	12
ENSG00000145248	2	6
ENSG00000166446	7	1
ENSG00000070748	5	12
ENSG00000171962	3	36
ENSG00000225479	4	28
ENSG00000001497	18	93
ENSG00000101265	10	39
ENSG00000168994	1	9
ENSG00000101049	2	15
ENSG00000108773	1	8
ENSG00000187714	4	8
ENSG00000102178	43	77
ENSG00000100983	7	7
ENSG00000172943	25	57
ENSG00000140299	3	50
ENSG00000266173	7	67
ENSG00000102317	1	1
ENSG00000183741	18	39
ENSG00000118482	1	2
ENSG00000141380	3	50
ENSG00000047644	12	35
ENSG00000126016	1	2
ENSG00000196972	25	38
ENSG00000188559	7	5
ENSG00000197170	20	36
ENSG00000232611	20	65
ENSG00000125675	3	4
ENSG00000169896	4	22
ENSG00000225746	4	16
ENSG00000129682	20	21
ENSG00000170832	2	22
ENSG00000198753	4	1
ENSG00000006210	1	21
ENSG00000182841	19	65
ENSG00000260788	1	3
ENSG00000224383	5	7
ENSG00000168610	3	68
ENSG00000104983	23	65
ENSG00000183255	1	37
ENSG00000243156	21	63
ENSG00000130159	8	1
ENSG00000280234	6	21
ENSG00000105290	6	30
ENSG00000221963	2	11
ENSG00000124313	19	13
ENSG00000100201	11	20
ENSG00000102030	9	80
ENSG00000180957	23	75
ENSG00000099331	4	16
ENSG00000235961	36	8
ENSG00000170075	1	1
ENSG00000188706	13	22
ENSG00000215386	11	77
ENSG00000170471	6	9
ENSG00000241990	12	4
ENSG00000124251	6	7
ENSG00000165164	7	31
ENSG00000186297	4	2
ENSG00000105677	3	1
ENSG00000068903	14	20
ENSG00000185627	1	NA
ENSG00000150093	1	8
ENSG00000124226	6	34
ENSG00000196235	7	8
ENSG00000103264	1	NA
ENSG00000154864	3	20
ENSG00000051620	1	51
ENSG00000177990	1	13
ENSG00000181072	2	10
ENSG00000103852	1	22
ENSG00000026036	12	24
ENSG00000225783	1	13
ENSG00000242808	1	9
ENSG00000088888	11	22
ENSG00000172006	4	1
ENSG00000185485	1	NA
ENSG00000069399	1	11
ENSG00000128283	3	17
ENSG00000286846	10	51
ENSG00000118496	1	4
ENSG00000136141	3	41
ENSG00000113716	1	NA
ENSG00000104722	2	3
ENSG00000166598	1	1
ENSG00000011304	3	39
ENSG00000101460	6	12
ENSG00000261971	1	13
ENSG00000269918	4	2
ENSG00000196628	5	22
ENSG00000102349	11	1
ENSG00000089472	4	16
ENSG00000265727	1	48
ENSG00000197608	13	76
ENSG00000223546	11	63
ENSG00000100697	1	NA
ENSG00000101596	8	28
ENSG00000170604	3	5
ENSG00000167522	1	7
ENSG00000105552	8	19
ENSG00000108829	9	4
ENSG00000108298	3	11
ENSG00000149639	1	1
ENSG00000183172	15	18
ENSG00000135423	4	NA
ENSG00000125691	2	5
ENSG00000212747	33	22
ENSG00000277954	1	7
ENSG00000100883	4	2
ENSG00000095203	1	2
ENSG00000278041	6	6
ENSG00000130255	1	14
ENSG00000147140	1	1
ENSG00000215440	7	43
ENSG00000183783	1	NA
ENSG00000182916	10	35
ENSG00000123094	1	47
ENSG00000033327	4	29
ENSG00000147133	4	10
ENSG00000138279	2	1
ENSG00000011332	2	10
ENSG00000141759	15	52
ENSG00000005893	1	NA
ENSG00000151778	4	NA
ENSG00000198185	11	30
ENSG00000259358	3	30
ENSG00000131116	10	7
ENSG00000198604	2	10
ENSG00000128989	6	69
ENSG00000203950	7	NA
ENSG00000198354	4	9
ENSG00000137843	3	6
ENSG00000147041	4	12
ENSG00000171634	1	NA
ENSG00000120437	2	6
ENSG00000173548	5	28
ENSG00000263278	2	NA
ENSG00000270012	2	21
ENSG00000072864	4	16
ENSG00000159079	14	40
ENSG00000109861	7	48
ENSG00000144285	1	1
ENSG00000134049	4	1
ENSG00000060558	2	30
ENSG00000166432	4	24
ENSG00000107954	1	2
ENSG00000168961	1	6
ENSG00000154639	5	117
ENSG00000235903	3	12
ENSG00000236860	2	19
ENSG00000196664	2	13
ENSG00000161082	1	3
ENSG00000108861	4	NA
ENSG00000196365	2	NA
ENSG00000166710	2	3
ENSG00000101473	1	42
ENSG00000138622	2	3
ENSG00000161551	4	28
ENSG00000105518	10	6
ENSG00000227078	1	5
ENSG00000140538	3	5
ENSG00000101558	2	5
ENSG00000060237	1	25
ENSG00000269858	8	33
ENSG00000185515	15	10
ENSG00000100083	7	17
ENSG00000226696	1	88
ENSG00000168010	1	NA
ENSG00000258469	2	61
ENSG00000173575	1	5
ENSG00000165417	1	3
ENSG00000196421	2	10
ENSG00000140479	3	17
ENSG00000139746	2	6
ENSG00000234913	3	45
ENSG00000165406	1	2
ENSG00000170540	1	4
ENSG00000186318	1	3
ENSG00000124440	1	3
ENSG00000129493	1	33
ENSG00000100412	2	NA
ENSG00000165168	8	27
ENSG00000198554	3	NA
ENSG00000268401	2	9
ENSG00000056487	7	15
ENSG00000232528	1	NA
ENSG00000120063	1	23
ENSG00000241769	1	10
ENSG00000089009	1	1
ENSG00000074603	1	5
ENSG00000196767	2	1
ENSG00000086065	1	22
ENSG00000176593	3	13
ENSG00000090971	4	45
ENSG00000131828	13	34
ENSG00000279118	1	3
ENSG00000167315	1	1
ENSG00000236064	9	140
ENSG00000198727	1	1
ENSG00000070018	2	NA
ENSG00000108883	2	NA
ENSG00000103326	1	3
ENSG00000101132	2	5
ENSG00000188647	1	15
ENSG00000101868	1	15
ENSG00000185823	2	22
ENSG00000102158	2	7
ENSG00000279281	1	9
ENSG00000142002	1	4
ENSG00000219665	7	4
ENSG00000075420	1	63
ENSG00000009830	3	8
ENSG00000135473	2	7
ENSG00000261544	2	14
ENSG00000173480	3	1
ENSG00000196074	3	37
ENSG00000241878	1	NA
ENSG00000196865	1	1
ENSG00000085719	1	37
ENSG00000269958	2	2
ENSG00000204472	1	15
ENSG00000236901	1	NA
ENSG00000110756	2	43
ENSG00000046651	4	11
ENSG00000160570	1	NA
ENSG00000101843	7	13
ENSG00000134007	1	28
ENSG00000099954	3	12
ENSG00000049769	1	NA
ENSG00000178053	2	2
ENSG00000166794	1	2
ENSG00000130204	3	NA
ENSG00000237977	4	NA
ENSG00000139292	1	4
ENSG00000167700	1	NA
ENSG00000102385	3	4
ENSG00000248015	2	1
ENSG00000163528	2	1
ENSG00000180263	1	7
ENSG00000101901	1	3
ENSG00000134508	1	2
ENSG00000110958	3	10
ENSG00000147400	3	6
ENSG00000103356	2	NA
ENSG00000092054	1	1
ENSG00000138696	1	NA
ENSG00000184708	3	5
ENSG00000159873	2	2
ENSG00000283236	4	51
ENSG00000245849	1	143
ENSG00000279700	5	38
ENSG00000083845	3	5
ENSG00000125863	4	8
ENSG00000175489	2	36
ENSG00000273899	1	36
ENSG00000230922	2	21
ENSG00000167037	2	1
ENSG00000101363	8	66
ENSG00000059377	2	23
ENSG00000155659	4	27
ENSG00000135365	2	9
ENSG00000104408	1	2
ENSG00000167074	1	NA
ENSG00000157110	1	14
ENSG00000120162	1	2
ENSG00000141279	1	NA
ENSG00000100503	1	4
ENSG00000011258	2	12
ENSG00000107362	1	12
ENSG00000168243	1	NA
ENSG00000280000	1	43
ENSG00000185085	2	NA
ENSG00000151208	2	49
ENSG00000187676	1	1
ENSG00000184809	3	NA
ENSG00000140839	1	3
ENSG00000099338	4	32
ENSG00000099817	2	NA
ENSG00000124215	3	4
ENSG00000040199	1	4
ENSG00000266714	2	2
ENSG00000105246	1	18
ENSG00000101546	3	39
ENSG00000100364	4	7
ENSG00000108239	2	NA
ENSG00000170653	3	50
ENSG00000109846	1	1
ENSG00000006744	3	NA
ENSG00000189319	1	6
ENSG00000175305	1	14
ENSG00000225470	1	3
ENSG00000204272	1	3
ENSG00000166147	2	6
ENSG00000138768	1	NA
ENSG00000104549	1	3
ENSG00000176809	1	1
ENSG00000100321	2	3
ENSG00000205702	2	28
ENSG00000095066	1	4
ENSG00000253729	2	NA
ENSG00000087157	1	7
ENSG00000123560	1	16
ENSG00000109971	1	1
ENSG00000173821	2	4
ENSG00000066468	1	2
ENSG00000169184	3	30
ENSG00000141524	1	5
ENSG00000125484	1	1
ENSG00000166246	1	22
ENSG00000104228	1	NA
ENSG00000007392	1	136
ENSG00000234268	1	16
ENSG00000091542	3	NA
ENSG00000010610	1	42
ENSG00000151338	1	8
ENSG00000183715	1	3
ENSG00000137876	2	2
ENSG00000214253	1	28
ENSG00000183864	1	4
ENSG00000177410	1	2
ENSG00000261324	1	4
ENSG00000184014	1	8
ENSG00000121417	1	11
ENSG00000185608	1	NA
ENSG00000160803	1	NA
ENSG00000168589	1	18
ENSG00000286273	1	13
ENSG00000175970	1	3
ENSG00000266490	2	41
ENSG00000137806	1	5
ENSG00000105364	1	2
ENSG00000091317	1	22
ENSG00000133687	1	NA
ENSG00000183837	5	NA
ENSG00000198455	7	17
ENSG00000180332	1	6
ENSG00000205268	1	26
ENSG00000127951	1	15
ENSG00000261340	1	NA
ENSG00000122756	1	NA
ENSG00000141519	1	21
ENSG00000085377	1	NA
ENSG00000109107	1	NA
ENSG00000271344	1	21
ENSG00000198780	1	1
ENSG00000168092	1	10
ENSG00000267100	2	1
ENSG00000005206	2	2
ENSG00000267283	1	2
ENSG00000255931	1	NA
ENSG00000128159	1	1
ENSG00000172361	2	35
ENSG00000110693	3	24
ENSG00000205364	1	NA
ENSG00000176105	2	20
ENSG00000101104	1	19
ENSG00000160961	1	NA
ENSG00000087253	1	4
ENSG00000145495	1	NA
ENSG00000184937	1	NA
ENSG00000069869	1	6
ENSG00000185684	1	12
ENSG00000137055	1	NA
ENSG00000050405	1	1
ENSG00000165410	1	2
ENSG00000169169	1	NA
ENSG00000220008	1	15
ENSG00000198728	1	35
ENSG00000152413	1	NA
ENSG00000226450	2	4
ENSG00000104375	1	41
ENSG00000101361	1	1
ENSG00000158470	1	NA
ENSG00000279203	2	23
ENSG00000089289	2	NA
ENSG00000197837	1	NA
ENSG00000106617	1	2
ENSG00000172809	1	2
ENSG00000149792	1	NA
ENSG00000186350	1	11
ENSG00000051523	1	30
ENSG00000148700	1	10
ENSG00000100811	1	NA
ENSG00000156639	1	9
ENSG00000133101	1	1
ENSG00000064393	2	5
ENSG00000215041	1	NA
ENSG00000187954	1	4
ENSG00000198816	1	NA
ENSG00000110077	1	18
ENSG00000279202	1	1
ENSG00000130559	2	6
ENSG00000100027	2	NA
ENSG00000135540	1	1
ENSG00000270069	1	13
ENSG00000136098	1	NA
ENSG00000106268	1	NA
ENSG00000260916	1	18
ENSG00000112312	1	8
ENSG00000132612	1	6
ENSG00000177058	1	3
ENSG00000174547	1	1
ENSG00000180440	1	NA
ENSG00000284624	1	3
ENSG00000251562	1	NA
ENSG00000088340	1	9
ENSG00000196531	1	4
ENSG00000105939	1	12
ENSG00000141503	2	21
ENSG00000089195	1	5
ENSG00000088986	1	NA
ENSG00000154263	1	10
ENSG00000262188	2	3
ENSG00000188878	1	NA
ENSG00000100028	1	15
ENSG00000051596	1	NA
ENSG00000284428	1	28
ENSG00000111110	1	9
ENSG00000164675	1	10
ENSG00000155465	1	38
ENSG00000111802	1	NA
ENSG00000130702	1	2
ENSG00000158623	1	24
ENSG00000262691	1	21
ENSG00000141425	1	6
ENSG00000141664	1	1
ENSG00000253347	1	8
ENSG00000112539	1	19
ENSG00000177879	1	NA
ENSG00000138629	2	7
ENSG00000167378	1	NA
ENSG00000080854	2	NA
ENSG00000188234	1	36
ENSG00000158423	1	27
ENSG00000147036	1	2
ENSG00000198740	1	5
ENSG00000179950	1	12
ENSG00000122257	1	NA
ENSG00000160188	1	2
ENSG00000107249	1	15
ENSG00000267838	1	49
ENSG00000100167	1	11
ENSG00000213997	1	2
ENSG00000130962	2	10
ENSG00000122008	1	23
ENSG00000236194	1	NA
ENSG00000166387	1	10
ENSG00000138434	1	47
ENSG00000125744	1	NA
ENSG00000112130	1	NA
ENSG00000151929	1	3
ENSG00000179698	1	17
ENSG00000213719	1	32
ENSG00000159147	1	NA
ENSG00000164430	1	2
ENSG00000180304	2	NA
ENSG00000173926	1	14
ENSG00000080839	1	8
ENSG00000176463	1	11
ENSG00000086300	1	NA
ENSG00000149231	1	9
ENSG00000125247	1	13
ENSG00000229807	1	1
ENSG00000185433	1	5
ENSG00000279020	1	42
ENSG00000280351	1	NA
ENSG00000183155	1	NA
ENSG00000150961	NA	30
ENSG00000177674	NA	7
ENSG00000163879	NA	35
ENSG00000180448	NA	32
ENSG00000152661	NA	11
ENSG00000149781	NA	32
ENSG00000117519	NA	24
ENSG00000157191	NA	32
ENSG00000252396	NA	19
ENSG00000143375	NA	10
ENSG00000174125	NA	47
ENSG00000196843	NA	16
ENSG00000254556	NA	50
ENSG00000077150	NA	19
ENSG00000092850	NA	26
ENSG00000013364	NA	14
ENSG00000102595	NA	54
ENSG00000116117	NA	10
ENSG00000137098	NA	17
ENSG00000139083	NA	21
ENSG00000089159	NA	32
ENSG00000162543	NA	10
ENSG00000137936	NA	25
ENSG00000138587	NA	20
ENSG00000160691	NA	10
ENSG00000129250	NA	15
ENSG00000145681	NA	2
ENSG00000065882	NA	13
ENSG00000109771	NA	20
ENSG00000135926	NA	11
ENSG00000158428	NA	32
ENSG00000197712	NA	43
ENSG00000137193	NA	15
ENSG00000099860	NA	4
ENSG00000163638	NA	6
ENSG00000105948	NA	6
ENSG00000198887	NA	22
ENSG00000197603	NA	7
ENSG00000170113	NA	5
ENSG00000139350	NA	56
ENSG00000237187	NA	13
ENSG00000048028	NA	49
ENSG00000242759	NA	20
ENSG00000133789	NA	35
ENSG00000168884	NA	19
ENSG00000169871	NA	17
ENSG00000128604	NA	26
ENSG00000171700	NA	19
ENSG00000181638	NA	47
ENSG00000287811	NA	28
ENSG00000152117	NA	41
ENSG00000198835	NA	15
ENSG00000092871	NA	24
ENSG00000121892	NA	5
ENSG00000169902	NA	2
ENSG00000144908	NA	1
ENSG00000173852	NA	14
ENSG00000144061	NA	15
ENSG00000231365	NA	62
ENSG00000286932	NA	7
ENSG00000097007	NA	8
ENSG00000163659	NA	19
ENSG00000021355	NA	15
ENSG00000165115	NA	17
ENSG00000272316	NA	14
ENSG00000116132	NA	11
ENSG00000129667	NA	29
ENSG00000061337	NA	7
ENSG00000160685	NA	16
ENSG00000130775	NA	2
ENSG00000170502	NA	2
ENSG00000124762	NA	15
ENSG00000143418	NA	8
ENSG00000157404	NA	5
ENSG00000113732	NA	41
ENSG00000218596	NA	19
ENSG00000156042	NA	17
ENSG00000133321	NA	3
ENSG00000106100	NA	4
ENSG00000128602	NA	6
ENSG00000180370	NA	21
ENSG00000160796	NA	4
ENSG00000136869	NA	13
ENSG00000113971	NA	59
ENSG00000153914	NA	31
ENSG00000196367	NA	18
ENSG00000105281	NA	15
ENSG00000132122	NA	15
ENSG00000100439	NA	18
ENSG00000204650	NA	67
ENSG00000119403	NA	35
ENSG00000162545	NA	22
ENSG00000152952	NA	15
ENSG00000075624	NA	2
ENSG00000137752	NA	25
ENSG00000228526	NA	63
ENSG00000126500	NA	14
ENSG00000079335	NA	18
ENSG00000134962	NA	5
ENSG00000082898	NA	2
ENSG00000147862	NA	15
ENSG00000174776	NA	14
ENSG00000264364	NA	71
ENSG00000155636	NA	45
ENSG00000117616	NA	4
ENSG00000107438	NA	2
ENSG00000229657	NA	42
ENSG00000142676	NA	4
ENSG00000146833	NA	15
ENSG00000229127	NA	19
ENSG00000221869	NA	12
ENSG00000279880	NA	53
ENSG00000137216	NA	62
ENSG00000177917	NA	27
ENSG00000163635	NA	44
ENSG00000135637	NA	45
ENSG00000138794	NA	3
ENSG00000103091	NA	44
ENSG00000140464	NA	15
ENSG00000131873	NA	4
ENSG00000214108	NA	68
ENSG00000042429	NA	14
ENSG00000102699	NA	55
ENSG00000135272	NA	4
ENSG00000146094	NA	6
ENSG00000205562	NA	37
ENSG00000137693	NA	53
ENSG00000184371	NA	12
ENSG00000132718	NA	37
ENSG00000028137	NA	14
ENSG00000151366	NA	92
ENSG00000197912	NA	23
ENSG00000106799	NA	13
ENSG00000049245	NA	11
ENSG00000100767	NA	4
ENSG00000228486	NA	50
ENSG00000187416	NA	45
ENSG00000116544	NA	1
ENSG00000169064	NA	20
ENSG00000182329	NA	11
ENSG00000066294	NA	2
ENSG00000136518	NA	12
ENSG00000178537	NA	2
ENSG00000179403	NA	2
ENSG00000152137	NA	17
ENSG00000113594	NA	9
ENSG00000163430	NA	11
ENSG00000116266	NA	22
ENSG00000116729	NA	7
ENSG00000255423	NA	23
ENSG00000147439	NA	20
ENSG00000163297	NA	13
ENSG00000111321	NA	6
ENSG00000137460	NA	14
ENSG00000174483	NA	33
ENSG00000231887	NA	67
ENSG00000168228	NA	12
ENSG00000242085	NA	31
ENSG00000187498	NA	2
ENSG00000114670	NA	25
ENSG00000043462	NA	12
ENSG00000206120	NA	10
ENSG00000178202	NA	22
ENSG00000149131	NA	5
ENSG00000144381	NA	5
ENSG00000256721	NA	8
ENSG00000282608	NA	11
ENSG00000130413	NA	20
ENSG00000067167	NA	7
ENSG00000247595	NA	31
ENSG00000176783	NA	20
ENSG00000147421	NA	18
ENSG00000172578	NA	1
ENSG00000148737	NA	15
ENSG00000169020	NA	4
ENSG00000240303	NA	37
ENSG00000147854	NA	13
ENSG00000276417	NA	20
ENSG00000162244	NA	5
ENSG00000140527	NA	13
ENSG00000185650	NA	7
ENSG00000151694	NA	10
ENSG00000095383	NA	14
ENSG00000135899	NA	4
ENSG00000279598	NA	9
ENSG00000286431	NA	2
ENSG00000100365	NA	15
ENSG00000120896	NA	6
ENSG00000120889	NA	11
ENSG00000133835	NA	12
ENSG00000247081	NA	2
ENSG00000071127	NA	12
ENSG00000187796	NA	2
ENSG00000178764	NA	2
ENSG00000189079	NA	18
ENSG00000086062	NA	11
ENSG00000169398	NA	7
ENSG00000164050	NA	3
ENSG00000262312	NA	18
ENSG00000136770	NA	17
ENSG00000273238	NA	15
ENSG00000169919	NA	3
ENSG00000269951	NA	32
ENSG00000135862	NA	8
ENSG00000286318	NA	13
ENSG00000006042	NA	8
ENSG00000278949	NA	31
ENSG00000278727	NA	15
ENSG00000279358	NA	11
ENSG00000187554	NA	8
ENSG00000243696	NA	31
ENSG00000001461	NA	4
ENSG00000183401	NA	19
ENSG00000100055	NA	10
ENSG00000135245	NA	4
ENSG00000177119	NA	23
ENSG00000159625	NA	6
ENSG00000058262	NA	1
ENSG00000114302	NA	23
ENSG00000251348	NA	9
ENSG00000164048	NA	8
ENSG00000143870	NA	2
ENSG00000198130	NA	17
ENSG00000139974	NA	8
ENSG00000065911	NA	7
ENSG00000100504	NA	12
ENSG00000164292	NA	4
ENSG00000259291	NA	1
ENSG00000178127	NA	30
ENSG00000198858	NA	11
ENSG00000178177	NA	7
ENSG00000092295	NA	12
ENSG00000162148	NA	13
ENSG00000173473	NA	8
ENSG00000236859	NA	5
ENSG00000278576	NA	50
ENSG00000205704	NA	15
ENSG00000151690	NA	4
ENSG00000135842	NA	5
ENSG00000143951	NA	11
ENSG00000162458	NA	1
ENSG00000079337	NA	42
ENSG00000285581	NA	35
ENSG00000167553	NA	16
ENSG00000143891	NA	1
ENSG00000198010	NA	7
ENSG00000009413	NA	8
ENSG00000151575	NA	21
ENSG00000140332	NA	36
ENSG00000164591	NA	11
ENSG00000023892	NA	1
ENSG00000011198	NA	17
ENSG00000180900	NA	19
ENSG00000124574	NA	20
ENSG00000137710	NA	12
ENSG00000227036	NA	40
ENSG00000114999	NA	4
ENSG00000280739	NA	26
ENSG00000169230	NA	4
ENSG00000111783	NA	11
ENSG00000164818	NA	4
ENSG00000177030	NA	3
ENSG00000163512	NA	6
ENSG00000226266	NA	49
ENSG00000068697	NA	9
ENSG00000286220	NA	9
ENSG00000231272	NA	19
ENSG00000163154	NA	4
ENSG00000138685	NA	8
ENSG00000287842	NA	52
ENSG00000136026	NA	10
ENSG00000278867	NA	51
ENSG00000259158	NA	10
ENSG00000153551	NA	11
ENSG00000173327	NA	5
ENSG00000107738	NA	8
ENSG00000127954	NA	2
ENSG00000163812	NA	1
ENSG00000136045	NA	16
ENSG00000173214	NA	13
ENSG00000147533	NA	7
ENSG00000115935	NA	2
ENSG00000267682	NA	34
ENSG00000105355	NA	9
ENSG00000172671	NA	11
ENSG00000250608	NA	18
ENSG00000111678	NA	1
ENSG00000129292	NA	6
ENSG00000144791	NA	12
ENSG00000170396	NA	28
ENSG00000115353	NA	2
ENSG00000158163	NA	4
ENSG00000169087	NA	20
ENSG00000143479	NA	5
ENSG00000145741	NA	2
ENSG00000163964	NA	12
ENSG00000170144	NA	8
ENSG00000204574	NA	1
ENSG00000089597	NA	5
ENSG00000117676	NA	10
ENSG00000154556	NA	3
ENSG00000196312	NA	11
ENSG00000145743	NA	34
ENSG00000130309	NA	3
ENSG00000164938	NA	8
ENSG00000104635	NA	9
ENSG00000198315	NA	12
ENSG00000177463	NA	24
ENSG00000249661	NA	4
ENSG00000259804	NA	9
ENSG00000262265	NA	53
ENSG00000240048	NA	7
ENSG00000257607	NA	11
ENSG00000088280	NA	9
ENSG00000146966	NA	5
ENSG00000114353	NA	7
ENSG00000126945	NA	62
ENSG00000117450	NA	1
ENSG00000100441	NA	47
ENSG00000233756	NA	2
ENSG00000121579	NA	1
ENSG00000115325	NA	10
ENSG00000064655	NA	5
ENSG00000122862	NA	6
ENSG00000240809	NA	2
ENSG00000118307	NA	15
ENSG00000215217	NA	13
ENSG00000274444	NA	1
ENSG00000105855	NA	1
ENSG00000068724	NA	17
ENSG00000127314	NA	23
ENSG00000075884	NA	6
ENSG00000242622	NA	12
ENSG00000232545	NA	24
ENSG00000157445	NA	38
ENSG00000092969	NA	9
ENSG00000083444	NA	3
ENSG00000137275	NA	20
ENSG00000259494	NA	23
ENSG00000287707	NA	9
ENSG00000198087	NA	23
ENSG00000163075	NA	4
ENSG00000144730	NA	1
ENSG00000095970	NA	4
ENSG00000139263	NA	2
ENSG00000239556	NA	5
ENSG00000143337	NA	10
ENSG00000145569	NA	2
ENSG00000168329	NA	1
ENSG00000152936	NA	16
ENSG00000103490	NA	5
ENSG00000121361	NA	2
ENSG00000170348	NA	1
ENSG00000116489	NA	6
ENSG00000205323	NA	18
ENSG00000007341	NA	11
ENSG00000196177	NA	10
ENSG00000056050	NA	21
ENSG00000104870	NA	8
ENSG00000184640	NA	25
ENSG00000260816	NA	18
ENSG00000214456	NA	2
ENSG00000162959	NA	6
ENSG00000133111	NA	14
ENSG00000122545	NA	6
ENSG00000173559	NA	2
ENSG00000165392	NA	8
ENSG00000135315	NA	2
ENSG00000157388	NA	16
ENSG00000139636	NA	4
ENSG00000275383	NA	31
ENSG00000100599	NA	18
ENSG00000104972	NA	6
ENSG00000171314	NA	24
ENSG00000231246	NA	3
ENSG00000038945	NA	11
ENSG00000164188	NA	2
ENSG00000008311	NA	18
ENSG00000116871	NA	2
ENSG00000005513	NA	5
ENSG00000142089	NA	4
ENSG00000119535	NA	1
ENSG00000145685	NA	4
ENSG00000177105	NA	3
ENSG00000168679	NA	2
ENSG00000099960	NA	32
ENSG00000189136	NA	34
ENSG00000164949	NA	1
ENSG00000122958	NA	1
ENSG00000287355	NA	25
ENSG00000115657	NA	6
ENSG00000183914	NA	16
ENSG00000166508	NA	8
ENSG00000034677	NA	3
ENSG00000284862	NA	8
ENSG00000134901	NA	16
ENSG00000206113	NA	8
ENSG00000213445	NA	15
ENSG00000105372	NA	2
ENSG00000162745	NA	1
ENSG00000272800	NA	9
ENSG00000148948	NA	7
ENSG00000228436	NA	15
ENSG00000176293	NA	9
ENSG00000164751	NA	3
ENSG00000154589	NA	5
ENSG00000114902	NA	2
ENSG00000143772	NA	5
ENSG00000161813	NA	3
ENSG00000040341	NA	20
ENSG00000172380	NA	16
ENSG00000279166	NA	3
ENSG00000163932	NA	6
ENSG00000273381	NA	4
ENSG00000196975	NA	17
ENSG00000130997	NA	19
ENSG00000078804	NA	4
ENSG00000197081	NA	6
ENSG00000166086	NA	8
ENSG00000260032	NA	108
ENSG00000134376	NA	5
ENSG00000077782	NA	12
ENSG00000171503	NA	4
ENSG00000104894	NA	15
ENSG00000117906	NA	18
ENSG00000139537	NA	8
ENSG00000180113	NA	9
ENSG00000276334	NA	9
ENSG00000185607	NA	39
ENSG00000162598	NA	1
ENSG00000187091	NA	4
ENSG00000196922	NA	1
ENSG00000186409	NA	3
ENSG00000071462	NA	8
ENSG00000170759	NA	5
ENSG00000181804	NA	8
ENSG00000135625	NA	5
ENSG00000182263	NA	9
ENSG00000239523	NA	4
ENSG00000174238	NA	4
ENSG00000166833	NA	10
ENSG00000162542	NA	2
ENSG00000106123	NA	4
ENSG00000152520	NA	29
ENSG00000136213	NA	12
ENSG00000186687	NA	3
ENSG00000117385	NA	7
ENSG00000184677	NA	2
ENSG00000279675	NA	7
ENSG00000114698	NA	6
ENSG00000254896	NA	3
ENSG00000154162	NA	2
ENSG00000096093	NA	8
ENSG00000159403	NA	8
ENSG00000115107	NA	8
ENSG00000162927	NA	12
ENSG00000166578	NA	6
ENSG00000132781	NA	19
ENSG00000108370	NA	7
ENSG00000077454	NA	4
ENSG00000183160	NA	3
ENSG00000140632	NA	7
ENSG00000113916	NA	17
ENSG00000256654	NA	11
ENSG00000279179	NA	9
ENSG00000131435	NA	6
ENSG00000116497	NA	6
ENSG00000135677	NA	2
ENSG00000104324	NA	15
ENSG00000148175	NA	3
ENSG00000220378	NA	8
ENSG00000144579	NA	3
ENSG00000155363	NA	11
ENSG00000134352	NA	5
ENSG00000136802	NA	4
ENSG00000235272	NA	18
ENSG00000135439	NA	7
ENSG00000159840	NA	7
ENSG00000198755	NA	6
ENSG00000283103	NA	12
ENSG00000096060	NA	2
ENSG00000119820	NA	1
ENSG00000104626	NA	14
ENSG00000279476	NA	6
ENSG00000170909	NA	7
ENSG00000177606	NA	1
ENSG00000102265	NA	10
ENSG00000163162	NA	5
ENSG00000279162	NA	24
ENSG00000078114	NA	9
ENSG00000115091	NA	1
ENSG00000185681	NA	9
ENSG00000272054	NA	14
ENSG00000249485	NA	8
ENSG00000203780	NA	8
ENSG00000018408	NA	3
ENSG00000146215	NA	17
ENSG00000146425	NA	5
ENSG00000075426	NA	3
ENSG00000176485	NA	6
ENSG00000165458	NA	7
ENSG00000144559	NA	12
ENSG00000165997	NA	1
ENSG00000122417	NA	2
ENSG00000122203	NA	1
ENSG00000181826	NA	8
ENSG00000120868	NA	11
ENSG00000100644	NA	2
ENSG00000083312	NA	20
ENSG00000160785	NA	10
ENSG00000119397	NA	15
ENSG00000106565	NA	7
ENSG00000198879	NA	11
ENSG00000100647	NA	9
ENSG00000140575	NA	35
ENSG00000125089	NA	6
ENSG00000057704	NA	4
ENSG00000102935	NA	1
ENSG00000115540	NA	3
ENSG00000169379	NA	5
ENSG00000214193	NA	5
ENSG00000047849	NA	4
ENSG00000116704	NA	2
ENSG00000253521	NA	4
ENSG00000130202	NA	18
ENSG00000213073	NA	14
ENSG00000143252	NA	3
ENSG00000066739	NA	2
ENSG00000262454	NA	2
ENSG00000146676	NA	13
ENSG00000123977	NA	1
ENSG00000115239	NA	6
ENSG00000113312	NA	5
ENSG00000166313	NA	18
ENSG00000111450	NA	2
ENSG00000240207	NA	11
ENSG00000158792	NA	5
ENSG00000105967	NA	11
ENSG00000143862	NA	3
ENSG00000067066	NA	6
ENSG00000135404	NA	7
ENSG00000135063	NA	2
ENSG00000065057	NA	10
ENSG00000125846	NA	109
ENSG00000118997	NA	2
ENSG00000155897	NA	1
ENSG00000103528	NA	6
ENSG00000283097	NA	5
ENSG00000168894	NA	3
ENSG00000145012	NA	2
ENSG00000186952	NA	7
ENSG00000204580	NA	3
ENSG00000267309	NA	15
ENSG00000121742	NA	1
ENSG00000183580	NA	2
ENSG00000237950	NA	5
ENSG00000254938	NA	10
ENSG00000239704	NA	11
ENSG00000168246	NA	1
ENSG00000023734	NA	15
ENSG00000136933	NA	4
ENSG00000168237	NA	2
ENSG00000076344	NA	4
ENSG00000169760	NA	3
ENSG00000142634	NA	2
ENSG00000111237	NA	5
ENSG00000132155	NA	2
ENSG00000162645	NA	2
ENSG00000256188	NA	5
ENSG00000120885	NA	1
ENSG00000173227	NA	12
ENSG00000268573	NA	48
ENSG00000105438	NA	2
ENSG00000168026	NA	6
ENSG00000108819	NA	6
ENSG00000143256	NA	2
ENSG00000270116	NA	10
ENSG00000135604	NA	1
ENSG00000144043	NA	2
ENSG00000256537	NA	9
ENSG00000196670	NA	2
ENSG00000152620	NA	2
ENSG00000170962	NA	1
ENSG00000287609	NA	1
ENSG00000135951	NA	2
ENSG00000213066	NA	5
ENSG00000250539	NA	15
ENSG00000162496	NA	2
ENSG00000112972	NA	4
ENSG00000170515	NA	1
ENSG00000285331	NA	46
ENSG00000145703	NA	5
ENSG00000162836	NA	15
ENSG00000183808	NA	1
ENSG00000165895	NA	22
ENSG00000256955	NA	1
ENSG00000263465	NA	3
ENSG00000158161	NA	3
ENSG00000162777	NA	5
ENSG00000259891	NA	1
ENSG00000140350	NA	9
ENSG00000115053	NA	2
ENSG00000158985	NA	3
ENSG00000107104	NA	9
ENSG00000075461	NA	6
ENSG00000224728	NA	15
ENSG00000157778	NA	2
ENSG00000283361	NA	7
ENSG00000152076	NA	1
ENSG00000162627	NA	1
ENSG00000279674	NA	9
ENSG00000158169	NA	10
ENSG00000279491	NA	5
ENSG00000267419	NA	7
ENSG00000169727	NA	3
ENSG00000070778	NA	14
ENSG00000144655	NA	1
ENSG00000165476	NA	5
ENSG00000136048	NA	4
ENSG00000242593	NA	8
ENSG00000172403	NA	8
ENSG00000182149	NA	3
ENSG00000171940	NA	24
ENSG00000123374	NA	10
ENSG00000126261	NA	4
ENSG00000225968	NA	5
ENSG00000143384	NA	6
ENSG00000286110	NA	4
ENSG00000157833	NA	1
ENSG00000113361	NA	2
ENSG00000158987	NA	5
ENSG00000149182	NA	7
ENSG00000124222	NA	24
ENSG00000095319	NA	9
ENSG00000178425	NA	3
ENSG00000146282	NA	4
ENSG00000182326	NA	4
ENSG00000052802	NA	3
ENSG00000006007	NA	5
ENSG00000136451	NA	5
ENSG00000128973	NA	3
ENSG00000251867	NA	4
ENSG00000135775	NA	1
ENSG00000132259	NA	7
ENSG00000176890	NA	1
ENSG00000205927	NA	3
ENSG00000185129	NA	1
ENSG00000138964	NA	29
ENSG00000154309	NA	2
ENSG00000186272	NA	3
ENSG00000100300	NA	9
ENSG00000138081	NA	6
ENSG00000101639	NA	11
ENSG00000079691	NA	4
ENSG00000276337	NA	9
ENSG00000119682	NA	3
ENSG00000088451	NA	11
ENSG00000133226	NA	1
ENSG00000155926	NA	8
ENSG00000105792	NA	5
ENSG00000261596	NA	5
ENSG00000173838	NA	3
ENSG00000183458	NA	7
ENSG00000132481	NA	8
ENSG00000198700	NA	1
ENSG00000197965	NA	4
ENSG00000171824	NA	2
ENSG00000181744	NA	3
ENSG00000229692	NA	2
ENSG00000105810	NA	1
ENSG00000130561	NA	6
ENSG00000134109	NA	1
ENSG00000165322	NA	4
ENSG00000097033	NA	3
ENSG00000166595	NA	2
ENSG00000228474	NA	1
ENSG00000177575	NA	3
ENSG00000076685	NA	4
ENSG00000287932	NA	18
ENSG00000256973	NA	4
ENSG00000157426	NA	5
ENSG00000249114	NA	3
ENSG00000162337	NA	2
ENSG00000112406	NA	1
ENSG00000144224	NA	1
ENSG00000163155	NA	3
ENSG00000118960	NA	3
ENSG00000145390	NA	3
ENSG00000171757	NA	2
ENSG00000148908	NA	3
ENSG00000111707	NA	2
ENSG00000119547	NA	1
ENSG00000197548	NA	7
ENSG00000225208	NA	6
ENSG00000156521	NA	1
ENSG00000189227	NA	7
ENSG00000153208	NA	4
ENSG00000007047	NA	7
ENSG00000172831	NA	1
ENSG00000206561	NA	1
ENSG00000151883	NA	4
ENSG00000167470	NA	5
ENSG00000048342	NA	3
ENSG00000074266	NA	5
ENSG00000116731	NA	4
ENSG00000162576	NA	1
ENSG00000004866	NA	5
ENSG00000160055	NA	2
ENSG00000122735	NA	6
ENSG00000138756	NA	6
ENSG00000185728	NA	3
ENSG00000168397	NA	1
ENSG00000113615	NA	9
ENSG00000150773	NA	5
ENSG00000165233	NA	2
ENSG00000132024	NA	3
ENSG00000070423	NA	1
ENSG00000116128	NA	4
ENSG00000141510	NA	4
ENSG00000163625	NA	2
ENSG00000078295	NA	1
ENSG00000162944	NA	2
ENSG00000183833	NA	2
ENSG00000100271	NA	1
ENSG00000166801	NA	3
ENSG00000055609	NA	4
ENSG00000242600	NA	2
ENSG00000122986	NA	1
ENSG00000157107	NA	2
ENSG00000235568	NA	7
ENSG00000168306	NA	3
ENSG00000279878	NA	6
ENSG00000258986	NA	2
ENSG00000157796	NA	6
ENSG00000281692	NA	4
ENSG00000108523	NA	9
ENSG00000138600	NA	11
ENSG00000179832	NA	6
ENSG00000237406	NA	4
ENSG00000224795	NA	7
ENSG00000248863	NA	6
ENSG00000174915	NA	8
ENSG00000141526	NA	7
ENSG00000154945	NA	19
ENSG00000198001	NA	9
ENSG00000066117	NA	2
ENSG00000233008	NA	1
ENSG00000111961	NA	2
ENSG00000160049	NA	1
ENSG00000213672	NA	2
ENSG00000198075	NA	3
ENSG00000132541	NA	1
ENSG00000164219	NA	2
ENSG00000067560	NA	2
ENSG00000188010	NA	1
ENSG00000135097	NA	1
ENSG00000164181	NA	4
ENSG00000119231	NA	1
ENSG00000162430	NA	2
ENSG00000056972	NA	2
ENSG00000187240	NA	2
ENSG00000253738	NA	4
ENSG00000120051	NA	3
ENSG00000112144	NA	1
ENSG00000232022	NA	1
ENSG00000107937	NA	6
ENSG00000198169	NA	2
ENSG00000148248	NA	1
ENSG00000175224	NA	2
ENSG00000167112	NA	2
ENSG00000143190	NA	1
ENSG00000099326	NA	35
ENSG00000159658	NA	2
ENSG00000160712	NA	3
ENSG00000065978	NA	2
ENSG00000105447	NA	5
ENSG00000149499	NA	1
ENSG00000128591	NA	1
ENSG00000185634	NA	2
ENSG00000229117	NA	6
ENSG00000218336	NA	3
ENSG00000214106	NA	2
ENSG00000089154	NA	1
ENSG00000115339	NA	3
ENSG00000164808	NA	2
ENSG00000070669	NA	7
ENSG00000267254	NA	7
ENSG00000126524	NA	2
ENSG00000279744	NA	10
ENSG00000104047	NA	3
ENSG00000108061	NA	2
ENSG00000233276	NA	1
ENSG00000277072	NA	3
ENSG00000198963	NA	1
ENSG00000141574	NA	5
ENSG00000138413	NA	4
ENSG00000139921	NA	9
ENSG00000158711	NA	1
ENSG00000149806	NA	1
ENSG00000134780	NA	3
ENSG00000147364	NA	4
ENSG00000176714	NA	2
ENSG00000157014	NA	2
ENSG00000169813	NA	2
ENSG00000079277	NA	3
ENSG00000162618	NA	2
ENSG00000257083	NA	11
ENSG00000143776	NA	3
ENSG00000180385	NA	1
ENSG00000072682	NA	1
ENSG00000273618	NA	1
ENSG00000067082	NA	2
ENSG00000273015	NA	3
ENSG00000152229	NA	2
ENSG00000277534	NA	7
ENSG00000115760	NA	2
ENSG00000156463	NA	2
ENSG00000130147	NA	1
ENSG00000119655	NA	1
ENSG00000158411	NA	6
ENSG00000278467	NA	1
ENSG00000196873	NA	7
ENSG00000270130	NA	13
ENSG00000134871	NA	1
ENSG00000237737	NA	1
ENSG00000122482	NA	6
ENSG00000129473	NA	2
ENSG00000244480	NA	4
ENSG00000148019	NA	1
ENSG00000231252	NA	2
ENSG00000184517	NA	7
ENSG00000172775	NA	2
ENSG00000069702	NA	1
ENSG00000072736	NA	4
ENSG00000149295	NA	10
ENSG00000173451	NA	3
ENSG00000170791	NA	2
ENSG00000280157	NA	3
ENSG00000120705	NA	3
ENSG00000229368	NA	1
ENSG00000249779	NA	2
ENSG00000125944	NA	1
ENSG00000086544	NA	14
ENSG00000147180	NA	14
ENSG00000108651	NA	3
ENSG00000175745	NA	5
ENSG00000227681	NA	2
ENSG00000197993	NA	3
ENSG00000119326	NA	12
ENSG00000105329	NA	13
ENSG00000168701	NA	1
ENSG00000164902	NA	2
ENSG00000183621	NA	1
ENSG00000155366	NA	1
ENSG00000070190	NA	1
ENSG00000137364	NA	4
ENSG00000167107	NA	6
ENSG00000279819	NA	3
ENSG00000157184	NA	2
ENSG00000257246	NA	6
ENSG00000077380	NA	1
ENSG00000104853	NA	28
ENSG00000136925	NA	1
ENSG00000082153	NA	1
ENSG00000127084	NA	1
ENSG00000155016	NA	2
ENSG00000204677	NA	7
ENSG00000119878	NA	1
ENSG00000182158	NA	2
ENSG00000133056	NA	1
ENSG00000131591	NA	1
ENSG00000101194	NA	1
ENSG00000143514	NA	2
ENSG00000091622	NA	1
ENSG00000115687	NA	2
ENSG00000126264	NA	14
ENSG00000056558	NA	3
ENSG00000223599	NA	1
ENSG00000198690	NA	9
ENSG00000103599	NA	3
ENSG00000144560	NA	2
ENSG00000137713	NA	1
ENSG00000152492	NA	4
ENSG00000153944	NA	3
ENSG00000280118	NA	6
ENSG00000169249	NA	1
ENSG00000020922	NA	3
ENSG00000089639	NA	11
ENSG00000064042	NA	2
ENSG00000144283	NA	1
ENSG00000248359	NA	2
ENSG00000168461	NA	2
ENSG00000262119	NA	1
ENSG00000152484	NA	2
ENSG00000132323	NA	1
ENSG00000100890	NA	6
ENSG00000106771	NA	1
ENSG00000249006	NA	5
ENSG00000148288	NA	3
ENSG00000125122	NA	3
ENSG00000164023	NA	1
ENSG00000108349	NA	1
ENSG00000236790	NA	4
ENSG00000204301	NA	2
ENSG00000001629	NA	4
ENSG00000100292	NA	16
ENSG00000153902	NA	2
ENSG00000164306	NA	2
ENSG00000135338	NA	2
ENSG00000136830	NA	5
ENSG00000274376	NA	10
ENSG00000101347	NA	1
ENSG00000164972	NA	1
ENSG00000131732	NA	3
ENSG00000134255	NA	1
ENSG00000005844	NA	3
ENSG00000178996	NA	1
ENSG00000080823	NA	3
ENSG00000205885	NA	2
ENSG00000122678	NA	2
ENSG00000249212	NA	6
ENSG00000122085	NA	3
ENSG00000119912	NA	1
ENSG00000125966	NA	5
ENSG00000130748	NA	1
ENSG00000133246	NA	2
ENSG00000260992	NA	1
ENSG00000107105	NA	1
ENSG00000164125	NA	2
ENSG00000173914	NA	1
ENSG00000189067	NA	1
ENSG00000142609	NA	1
ENSG00000106823	NA	3
ENSG00000105339	NA	2
ENSG00000104221	NA	6
ENSG00000116819	NA	1
ENSG00000223874	NA	3
ENSG00000099246	NA	2
ENSG00000143324	NA	1
ENSG00000100979	NA	1
ENSG00000099377	NA	3
ENSG00000181481	NA	2
ENSG00000166444	NA	8
ENSG00000272356	NA	7
ENSG00000258017	NA	2
ENSG00000134569	NA	2
ENSG00000091073	NA	7
ENSG00000255176	NA	1
ENSG00000156113	NA	2
ENSG00000108510	NA	2
ENSG00000181322	NA	2
ENSG00000165716	NA	2
ENSG00000135535	NA	5
ENSG00000096433	NA	1
ENSG00000176018	NA	1
ENSG00000152291	NA	1
ENSG00000110079	NA	12
ENSG00000177888	NA	4
ENSG00000197008	NA	1
ENSG00000109919	NA	1
ENSG00000115318	NA	2
ENSG00000073169	NA	25
ENSG00000008018	NA	3
ENSG00000112706	NA	1
ENSG00000232995	NA	2
ENSG00000170324	NA	2
ENSG00000286615	NA	3
ENSG00000213347	NA	1
ENSG00000115020	NA	1
ENSG00000132768	NA	2
ENSG00000155850	NA	1
ENSG00000108854	NA	1
ENSG00000280163	NA	2
ENSG00000141736	NA	4
ENSG00000101871	NA	18
ENSG00000265241	NA	3
ENSG00000155052	NA	1
ENSG00000125820	NA	2
ENSG00000143036	NA	1
ENSG00000148082	NA	2
ENSG00000287168	NA	1
ENSG00000144674	NA	1
ENSG00000139641	NA	4
ENSG00000150782	NA	3
ENSG00000279233	NA	3
ENSG00000071967	NA	1
ENSG00000133606	NA	4
ENSG00000103061	NA	2
ENSG00000132589	NA	1
ENSG00000216895	NA	1
ENSG00000138468	NA	3
ENSG00000023697	NA	2
ENSG00000084754	NA	2
ENSG00000163608	NA	5
ENSG00000273367	NA	1
ENSG00000162650	NA	1
ENSG00000172037	NA	3
ENSG00000104290	NA	3
ENSG00000070413	NA	3
ENSG00000121281	NA	5
ENSG00000159388	NA	1
ENSG00000112851	NA	5
ENSG00000004975	NA	2
ENSG00000152457	NA	2
ENSG00000198838	NA	1
ENSG00000073849	NA	2
ENSG00000172936	NA	5
ENSG00000106538	NA	2
ENSG00000272137	NA	3
ENSG00000186377	NA	1
ENSG00000168615	NA	2
ENSG00000206503	NA	1
ENSG00000109089	NA	1
ENSG00000173193	NA	2
ENSG00000119414	NA	3
ENSG00000136240	NA	1
ENSG00000174943	NA	5
ENSG00000244560	NA	1
ENSG00000132613	NA	9
ENSG00000187726	NA	1
ENSG00000248568	NA	2
ENSG00000126561	NA	1
ENSG00000140931	NA	2
ENSG00000233012	NA	2
ENSG00000145555	NA	1
ENSG00000248994	NA	1
ENSG00000134371	NA	2
ENSG00000179292	NA	1
ENSG00000270426	NA	1
ENSG00000099822	NA	6
ENSG00000162595	NA	1
ENSG00000205336	NA	2
ENSG00000146535	NA	3
ENSG00000105254	NA	3
ENSG00000170017	NA	1
ENSG00000067208	NA	2
ENSG00000155307	NA	7
ENSG00000234841	NA	2
ENSG00000242268	NA	1
ENSG00000152082	NA	1
ENSG00000198464	NA	11
ENSG00000103150	NA	1
ENSG00000091436	NA	1
ENSG00000163346	NA	1
ENSG00000168890	NA	1
ENSG00000134905	NA	3
ENSG00000140497	NA	10
ENSG00000186501	NA	1
ENSG00000125810	NA	11
ENSG00000167106	NA	1
ENSG00000287277	NA	3
ENSG00000143819	NA	2
ENSG00000243854	NA	2
ENSG00000144659	NA	1
ENSG00000124164	NA	11
ENSG00000128564	NA	1
ENSG00000011114	NA	1
ENSG00000120729	NA	1
ENSG00000148730	NA	2
ENSG00000138029	NA	1
ENSG00000183722	NA	2
ENSG00000198663	NA	1
ENSG00000145687	NA	3
ENSG00000261051	NA	1
ENSG00000286634	NA	3
ENSG00000140577	NA	4
ENSG00000109787	NA	2
ENSG00000273064	NA	4
ENSG00000229847	NA	3
ENSG00000254872	NA	3
ENSG00000131381	NA	1
ENSG00000166405	NA	1
ENSG00000109133	NA	3
ENSG00000163611	NA	1
ENSG00000136367	NA	4
ENSG00000156858	NA	5
ENSG00000110075	NA	3
ENSG00000174903	NA	1
ENSG00000153094	NA	1
ENSG00000082068	NA	2
ENSG00000102312	NA	3
ENSG00000279078	NA	4
ENSG00000242574	NA	4
ENSG00000035664	NA	1
ENSG00000146247	NA	2
ENSG00000253297	NA	3
ENSG00000099139	NA	1
ENSG00000110274	NA	2
ENSG00000165416	NA	1
ENSG00000122877	NA	2
ENSG00000144671	NA	1
ENSG00000053900	NA	1
ENSG00000163743	NA	1
ENSG00000115084	NA	4
ENSG00000272888	NA	2
ENSG00000164180	NA	2
ENSG00000066185	NA	1
ENSG00000171953	NA	3
ENSG00000189376	NA	2
ENSG00000143569	NA	1
ENSG00000109390	NA	3
ENSG00000198756	NA	1
ENSG00000203705	NA	1
ENSG00000268471	NA	1
ENSG00000079819	NA	1
ENSG00000137474	NA	1
ENSG00000082146	NA	1
ENSG00000163481	NA	1
ENSG00000151092	NA	1
ENSG00000244701	NA	1
ENSG00000265972	NA	1
ENSG00000139687	NA	7
ENSG00000169490	NA	1
ENSG00000143437	NA	2
ENSG00000270019	NA	1
ENSG00000135317	NA	2
ENSG00000232587	NA	2
ENSG00000187531	NA	1
ENSG00000196792	NA	1
ENSG00000180769	NA	1
ENSG00000167578	NA	2
ENSG00000119661	NA	1
ENSG00000187210	NA	1
ENSG00000163219	NA	1
ENSG00000233799	NA	3
ENSG00000125970	NA	1
ENSG00000160789	NA	1
ENSG00000107731	NA	1
ENSG00000116127	NA	2
ENSG00000147316	NA	1
ENSG00000279693	NA	4
ENSG00000001631	NA	1
ENSG00000274422	NA	10
ENSG00000283709	NA	1
ENSG00000197958	NA	1
ENSG00000136068	NA	1
ENSG00000163285	NA	1
ENSG00000163755	NA	1
ENSG00000143507	NA	2
ENSG00000235750	NA	1
ENSG00000081479	NA	1
ENSG00000133574	NA	1
ENSG00000152284	NA	2
ENSG00000116717	NA	1
ENSG00000101421	NA	7
ENSG00000068024	NA	1
ENSG00000099995	NA	3
ENSG00000105771	NA	6
ENSG00000169756	NA	1
ENSG00000214655	NA	3
ENSG00000155506	NA	1
ENSG00000172164	NA	5
ENSG00000091106	NA	1
ENSG00000285796	NA	20
ENSG00000162493	NA	1
ENSG00000182718	NA	3
ENSG00000127507	NA	5
ENSG00000253336	NA	3
ENSG00000183696	NA	1
ENSG00000133872	NA	1
ENSG00000175928	NA	1
ENSG00000143365	NA	2
ENSG00000139832	NA	4
ENSG00000122884	NA	5
ENSG00000228624	NA	1
ENSG00000223403	NA	1
ENSG00000182541	NA	19
ENSG00000096080	NA	1
ENSG00000112335	NA	3
ENSG00000184857	NA	1
ENSG00000178075	NA	1
ENSG00000230417	NA	1
ENSG00000185507	NA	3
ENSG00000076248	NA	5
ENSG00000142534	NA	15
ENSG00000245384	NA	1
ENSG00000132669	NA	6
ENSG00000272720	NA	4
ENSG00000128016	NA	6
ENSG00000101608	NA	5
ENSG00000147065	NA	22
ENSG00000103056	NA	2
ENSG00000204252	NA	2
ENSG00000278893	NA	2
ENSG00000257180	NA	8
ENSG00000160219	NA	9
ENSG00000075234	NA	24
ENSG00000110324	NA	1
ENSG00000133131	NA	13
ENSG00000000003	NA	7
ENSG00000188368	NA	12
ENSG00000238105	NA	4
ENSG00000196576	NA	15
ENSG00000171877	NA	4
ENSG00000128335	NA	3
ENSG00000110090	NA	1
ENSG00000129675	NA	9
ENSG00000141753	NA	4
ENSG00000124067	NA	6
ENSG00000105122	NA	7
ENSG00000087903	NA	13
ENSG00000259366	NA	1
ENSG00000142512	NA	1
ENSG00000125746	NA	10
ENSG00000196090	NA	15
ENSG00000177426	NA	4
ENSG00000128849	NA	1
ENSG00000165175	NA	5
ENSG00000140612	NA	9
ENSG00000092929	NA	2
ENSG00000125753	NA	4
ENSG00000196209	NA	3
ENSG00000185624	NA	2
ENSG00000179218	NA	3
ENSG00000182054	NA	1
ENSG00000105204	NA	2
ENSG00000186566	NA	5
ENSG00000166822	NA	5
ENSG00000166263	NA	2
ENSG00000125730	NA	5
ENSG00000200680	NA	4
ENSG00000102218	NA	4
ENSG00000008282	NA	2
ENSG00000100353	NA	3
ENSG00000125398	NA	5
ENSG00000136147	NA	12
ENSG00000138834	NA	1
ENSG00000125977	NA	1
ENSG00000067064	NA	6
ENSG00000188227	NA	3
ENSG00000131196	NA	2
ENSG00000204257	NA	2
ENSG00000166046	NA	1
ENSG00000169313	NA	1
ENSG00000189221	NA	7
ENSG00000166398	NA	8
ENSG00000134769	NA	3
ENSG00000160410	NA	7
ENSG00000204577	NA	3
ENSG00000182934	NA	2
ENSG00000008513	NA	1
ENSG00000273749	NA	5
ENSG00000108639	NA	2
ENSG00000128626	NA	6
ENSG00000156504	NA	7
ENSG00000004799	NA	3
ENSG00000131626	NA	6
ENSG00000099949	NA	2
ENSG00000132274	NA	4
ENSG00000063177	NA	1
ENSG00000166927	NA	1
ENSG00000180233	NA	2
ENSG00000221994	NA	6
ENSG00000136938	NA	1
ENSG00000102580	NA	1
ENSG00000101972	NA	13
ENSG00000168675	NA	2
ENSG00000214688	NA	1
ENSG00000056998	NA	1
ENSG00000108960	NA	8
ENSG00000257267	NA	4
ENSG00000184047	NA	4
ENSG00000131323	NA	3
ENSG00000243660	NA	3
ENSG00000261675	NA	8
ENSG00000205930	NA	14
ENSG00000277883	NA	4
ENSG00000242220	NA	7
ENSG00000279668	NA	2
ENSG00000280486	NA	1
ENSG00000171659	NA	1
ENSG00000147403	NA	1
ENSG00000124749	NA	3
ENSG00000278963	NA	1
ENSG00000134531	NA	3
ENSG00000012660	NA	1
ENSG00000039068	NA	2
ENSG00000250933	NA	4
ENSG00000109906	NA	2
ENSG00000204815	NA	5
ENSG00000142871	NA	1
ENSG00000089006	NA	5
ENSG00000184949	NA	3
ENSG00000266967	NA	5
ENSG00000166004	NA	1
ENSG00000240474	NA	3
ENSG00000140968	NA	1
ENSG00000108256	NA	3
ENSG00000107863	NA	3
ENSG00000105483	NA	3
ENSG00000181619	NA	2
ENSG00000062370	NA	1
ENSG00000163539	NA	1
ENSG00000110852	NA	2
ENSG00000131725	NA	12
ENSG00000226711	NA	1
ENSG00000230701	NA	2
ENSG00000128731	NA	1
ENSG00000124151	NA	15
ENSG00000007372	NA	2
ENSG00000170638	NA	6
ENSG00000285918	NA	3
ENSG00000137504	NA	2
ENSG00000104903	NA	1
ENSG00000166923	NA	1
ENSG00000108433	NA	1
ENSG00000104450	NA	7
ENSG00000276564	NA	1
ENSG00000101098	NA	3
ENSG00000079435	NA	5
ENSG00000064961	NA	4
ENSG00000130475	NA	3
ENSG00000128791	NA	1
ENSG00000088876	NA	2
ENSG00000148384	NA	1
ENSG00000139324	NA	1
ENSG00000158769	NA	1
ENSG00000033170	NA	1
ENSG00000123329	NA	3
ENSG00000125733	NA	3
ENSG00000269069	NA	1
ENSG00000089820	NA	5
ENSG00000123066	NA	3
ENSG00000175265	NA	1
ENSG00000149474	NA	6
ENSG00000130254	NA	3
ENSG00000172081	NA	2
ENSG00000158201	NA	2
ENSG00000137871	NA	3
ENSG00000159110	NA	1
ENSG00000243175	NA	1
ENSG00000158352	NA	6
ENSG00000146005	NA	1
ENSG00000148841	NA	3
ENSG00000182700	NA	1
ENSG00000229222	NA	1
ENSG00000177045	NA	2
ENSG00000261423	NA	2
ENSG00000141905	NA	2
ENSG00000251247	NA	6
ENSG00000115596	NA	1
ENSG00000185504	NA	2
ENSG00000181915	NA	2
ENSG00000259416	NA	3
ENSG00000171858	NA	3
ENSG00000184983	NA	1
ENSG00000152213	NA	1
ENSG00000155959	NA	8
ENSG00000172216	NA	2
ENSG00000171681	NA	1
ENSG00000257103	NA	2
ENSG00000053254	NA	1
ENSG00000148926	NA	1
ENSG00000198909	NA	1
ENSG00000157514	NA	1
ENSG00000093010	NA	2
ENSG00000110876	NA	1
ENSG00000179604	NA	3
ENSG00000183778	NA	1
ENSG00000121691	NA	1
ENSG00000149091	NA	2
ENSG00000101367	NA	3
ENSG00000103966	NA	3
ENSG00000100368	NA	4
ENSG00000176014	NA	1
ENSG00000169217	NA	1
ENSG00000151322	NA	3
ENSG00000151150	NA	2
ENSG00000228672	NA	3
ENSG00000090372	NA	1
ENSG00000204386	NA	1
ENSG00000126461	NA	1
ENSG00000166266	NA	1
ENSG00000111271	NA	1
ENSG00000204852	NA	1
ENSG00000205730	NA	4
ENSG00000178404	NA	2
ENSG00000187045	NA	1
ENSG00000007866	NA	2
ENSG00000089775	NA	1
ENSG00000182986	NA	2
ENSG00000099875	NA	3
ENSG00000172466	NA	1
ENSG00000111344	NA	1
ENSG00000167202	NA	3
ENSG00000065150	NA	1
ENSG00000150637	NA	1
ENSG00000100014	NA	2
ENSG00000105137	NA	6
ENSG00000185896	NA	1
ENSG00000198682	NA	1
ENSG00000161298	NA	3
ENSG00000103335	NA	1
ENSG00000080371	NA	1
ENSG00000197405	NA	3
ENSG00000161638	NA	1
ENSG00000140382	NA	5
ENSG00000185862	NA	3
ENSG00000089060	NA	1
ENSG00000132561	NA	1
ENSG00000138621	NA	2
ENSG00000116701	NA	1
ENSG00000140022	NA	1
ENSG00000134755	NA	3
ENSG00000197857	NA	3
ENSG00000147231	NA	1
ENSG00000120278	NA	1
ENSG00000129515	NA	1
ENSG00000184481	NA	2
ENSG00000078687	NA	2
ENSG00000248540	NA	1
ENSG00000005100	NA	1
ENSG00000215012	NA	1
ENSG00000180901	NA	1
ENSG00000069974	NA	4
ENSG00000165516	NA	3
ENSG00000100335	NA	2
ENSG00000171777	NA	3
ENSG00000156273	NA	1
ENSG00000131724	NA	2
ENSG00000104218	NA	4
ENSG00000258704	NA	1
ENSG00000186908	NA	1
ENSG00000112343	NA	1
ENSG00000068400	NA	2
ENSG00000100941	NA	2
ENSG00000078061	NA	3
ENSG00000142541	NA	1
ENSG00000105968	NA	2
ENSG00000167740	NA	1
ENSG00000166821	NA	1
ENSG00000076043	NA	3
ENSG00000166813	NA	2
ENSG00000114841	NA	1
ENSG00000198876	NA	2
ENSG00000170632	NA	2
ENSG00000215284	NA	2
ENSG00000087077	NA	1
ENSG00000187049	NA	2
ENSG00000100427	NA	1
ENSG00000235518	NA	3
ENSG00000120686	NA	1
ENSG00000172349	NA	1
ENSG00000138771	NA	1
ENSG00000100325	NA	2
ENSG00000141252	NA	2
ENSG00000161960	NA	1
ENSG00000254469	NA	2
ENSG00000102678	NA	1
ENSG00000111145	NA	1
ENSG00000133466	NA	1
ENSG00000054803	NA	1
ENSG00000280434	NA	1
ENSG00000100266	NA	2
ENSG00000072954	NA	2
ENSG00000081913	NA	2
ENSG00000107551	NA	1
ENSG00000130699	NA	1
ENSG00000254995	NA	1
ENSG00000178607	NA	2
ENSG00000138738	NA	1
ENSG00000105202	NA	1
ENSG00000076067	NA	4
ENSG00000103449	NA	1
ENSG00000130158	NA	2
ENSG00000170743	NA	1
ENSG00000113657	NA	1
ENSG00000110880	NA	3
ENSG00000010626	NA	4
ENSG00000216316	NA	1
ENSG00000143368	NA	1
ENSG00000100614	NA	1
ENSG00000158604	NA	1
ENSG00000131242	NA	1
ENSG00000133424	NA	3
ENSG00000109536	NA	1
ENSG00000106852	NA	1
ENSG00000163016	NA	1
ENSG00000085465	NA	1
ENSG00000196091	NA	1
ENSG00000160131	NA	1
ENSG00000100842	NA	1
ENSG00000175061	NA	1
ENSG00000147955	NA	2
ENSG00000256463	NA	1
ENSG00000092820	NA	1
ENSG00000131748	NA	1
ENSG00000261371	NA	1
ENSG00000231754	NA	1
ENSG00000130635	NA	1
ENSG00000225330	NA	2
ENSG00000167992	NA	1
ENSG00000074842	NA	1
ENSG00000177425	NA	1
ENSG00000213923	NA	3
ENSG00000101144	NA	1
ENSG00000100156	NA	2
ENSG00000185722	NA	1
ENSG00000184702	NA	2
ENSG00000181418	NA	1
ENSG00000231551	NA	1
ENSG00000105287	NA	1
ENSG00000156162	NA	1
ENSG00000100060	NA	2
ENSG00000179820	NA	1
ENSG00000108468	NA	2
ENSG00000204237	NA	3
ENSG00000213700	NA	2
ENSG00000104805	NA	1
ENSG00000139644	NA	1
ENSG00000113719	NA	1
ENSG00000244671	NA	2
ENSG00000279175	NA	2
ENSG00000182185	NA	1
ENSG00000025708	NA	1
ENSG00000183943	NA	2
ENSG00000169057	NA	2
ENSG00000130052	NA	1
ENSG00000241956	NA	1
ENSG00000154930	NA	1
ENSG00000173812	NA	1
ENSG00000183690	NA	1
ENSG00000081059	NA	1
ENSG00000108312	NA	1
ENSG00000137509	NA	1
ENSG00000205683	NA	1
ENSG00000212125	NA	1
ENSG00000198015	NA	3
ENSG00000105711	NA	1
ENSG00000184988	NA	1
ENSG00000157303	NA	1
ENSG00000237296	NA	1
ENSG00000215068	NA	1
ENSG00000120594	NA	1
ENSG00000130826	NA	1
ENSG00000258559	NA	1
ENSG00000258056	NA	1
ENSG00000203799	NA	1
ENSG00000166483	NA	1
ENSG00000186522	NA	1
ENSG00000275367	NA	1
ENSG00000204103	NA	3
ENSG00000135929	NA	1
ENSG00000153930	NA	1
ENSG00000100319	NA	2
ENSG00000082397	NA	1
ENSG00000159216	NA	1
ENSG00000134042	NA	2
ENSG00000064726	NA	1
ENSG00000166862	NA	1
ENSG00000168887	NA	1
ENSG00000270111	NA	1
ENSG00000129353	NA	1
ENSG00000204842	NA	1
ENSG00000110713	NA	1
ENSG00000137269	NA	1
ENSG00000259905	NA	1
ENSG00000168916	NA	1
ENSG00000068079	NA	1
ENSG00000165359	NA	2
ENSG00000166091	NA	1
ENSG00000139168	NA	1
ENSG00000135597	NA	1
ENSG00000089682	NA	1
ENSG00000267532	NA	1
ENSG00000119280	NA	1
ENSG00000167797	NA	1
ENSG00000110719	NA	1
ENSG00000156603	NA	1
ENSG00000174718	NA	1
ENSG00000020577	NA	1
ENSG00000167216	NA	1
ENSG00000167971	NA	1
ENSG00000154914	NA	1
ENSG00000171467	NA	1
ENSG00000136169	NA	1
ENSG00000151702	NA	1
ENSG00000184304	NA	1
ENSG00000132640	NA	1
ENSG00000171766	NA	1
ENSG00000076716	NA	1
ENSG00000144843	NA	1
ENSG00000155886	NA	1
ENSG00000182858	NA	1
ENSG00000103199	NA	1
ENSG00000100413	NA	1
ENSG00000102007	NA	1
ENSG00000120533	NA	1
ENSG00000112655	NA	1
ENSG00000233705	NA	1
ENSG00000111261	NA	1
ENSG00000104043	NA	1
ENSG00000166228	NA	1
ENSG00000183963	NA	1
ENSG00000264853	NA	1
ENSG00000127952	NA	1
ENSG00000270048	NA	1
ENSG00000165724	NA	1
