gene	AD	CTL	delta	z_change	perc_AD	perc_CTL	delta_perc	HigherNetwork
ENSG00000131095	8	7	1	-0.024182724249772546	0.33234156501041356	0.1716750966974115	0.16066646831300208	AD
ENSG00000198804	8	7	1	-0.024182724249772546	0.33234156501041356	0.1716750966974115	0.16066646831300208	AD
ENSG00000198888	8	7	1	-0.024182724249772546	0.33234156501041356	0.1716750966974115	0.16066646831300208	AD
ENSG00000159189	26	68	-42	-0.5724117213870084	0.4982148170187444	0.5949122285034216	-0.0966974114846772	Control
ENSG00000129625	739	671	68	0.8300345503594089	0.9894376673609044	0.9952395120499852	-0.005801844689080737	AD
ENSG00000173372	13	46	-33	-0.45766611733502877	0.39764950907468016	0.5077357929187741	-0.11008628384409397	Control
ENSG00000276168	6	6	0	-0.03693223581110361	0.28711692948527223	0.15233561440047605	0.13478131508479618	Control
ENSG00000157064	721	581	140	1.7479993827752458	0.9858673013983933	0.9781315084796192	0.0077357929187741314	AD
ENSG00000136531	771	702	69	0.84278406192074	0.9937518595656055	0.9979172865218685	-0.004165426956262985	AD
ENSG00000061918	814	699	115	1.429261593741969	0.9982148170187444	0.9976197560249925	5.950609937518392e-4	AD
ENSG00000173726	786	682	104	1.2890169665673272	0.9961321035406129	0.9961321035406129	0	AD
ENSG00000198763	7	8	-1	-0.04968174737243468	0.3122582564712883	0.18670038678964593	0.12555786968164237	Control
ENSG00000115685	892	839	53	0.638791876939443	1	1	0	AD
ENSG00000164116	88	145	-57	-0.7636543948069744	0.6800059506099375	0.7374293365069919	-0.057423385897054424	Control
ENSG00000198513	709	584	125	1.5567567093552797	0.9824457006843201	0.9797679262124368	0.002677774471883332	AD
ENSG00000158856	759	581	178	2.2324808221058263	0.9927105028265397	0.9781315084796192	0.01457899434692056	AD
ENSG00000189241	784	623	161	2.0157391255631985	0.995834573043737	0.9879500148765249	0.007884558167212119	AD
ENSG00000019582	5	12	-7	-0.12617881674042108	0.26152930675394226	0.24397500743826242	0.01755429931567984	Control
ENSG00000120053	726	509	217	2.729711772997738	0.9866111276405831	0.9602796786670633	0.0263314489735198	AD
ENSG00000111674	664	599	65	0.7917860156754157	0.974561142517108	0.9822969354358821	-0.0077357929187741314	AD
ENSG00000145632	681	477	204	2.5639681227004343	0.9776852127343053	0.949122285034216	0.02856292770008928	AD
ENSG00000073969	709	611	98	1.212519897199341	0.9824457006843201	0.9854210056530794	-0.002975304968759307	AD
ENSG00000112290	763	607	156	1.951991567756543	0.9931567985718536	0.9842308836655758	0.00892591490627781	AD
ENSG00000173915	481	305	176	2.2069817989831644	0.928146385004463	0.8699791728652186	0.05816721213924436	AD
ENSG00000131100	695	632	63	0.7662869925527536	0.9808092829515025	0.9895864326093424	-0.008777149657839933	AD
ENSG00000154174	600	455	145	1.8117469405819011	0.9641475751264504	0.9430229098482594	0.021124665278191013	AD
ENSG00000139112	859	638	221	2.780709819243062	0.999702469503124	0.9906277893484082	0.009074680154715797	AD
ENSG00000138430	794	666	128	1.5950052440392728	0.9964296340374889	0.9949419815531092	0.0014876524843796535	AD
ENSG00000129636	775	640	135	1.6842518249685905	0.9946444510562332	0.9910740850937221	0.003570365962511146	AD
ENSG00000075340	641	616	25	0.28180555322217304	0.9720321332936626	0.9866111276405831	-0.01457899434692056	AD
ENSG00000014641	467	344	123	1.5312576862326175	0.9208568878310027	0.8954180303481106	0.025438857482892097	AD
ENSG00000107758	772	706	66	0.8045355272367468	0.9940493900624814	0.9982148170187444	-0.004165426956262985	AD
ENSG00000138757	756	721	35	0.40930066883548377	0.9918179113359119	0.9991074085093722	-0.00728949717346028	AD
ENSG00000159164	733	686	47	0.5622948075714566	0.9886938411187147	0.9964296340374889	-0.0077357929187741314	AD
ENSG00000168824	665	594	71	0.868283085043402	0.9751562035108599	0.9815531091936923	-0.0063969056828324655	AD
ENSG00000138443	703	501	202	2.538469099577772	0.9815531091936923	0.9584944956858078	0.023058613507884518	AD
ENSG00000248485	597	374	223	2.8062088423657245	0.9632549836358226	0.9104433204403451	0.052811663195477476	AD
ENSG00000240694	712	633	79	0.9702791775340506	0.983338292174948	0.9898839631062184	-0.006545670931270453	AD
ENSG00000158528	744	592	152	1.9009935215112186	0.9906277893484082	0.9812555786968165	0.009372210651591772	AD
ENSG00000087470	693	599	94	1.1615218509540166	0.9797679262124368	0.9822969354358821	-0.0025290092234453443	AD
ENSG00000070087	779	638	141	1.760748894336577	0.9949419815531092	0.9906277893484082	0.004314192204700973	AD
ENSG00000131089	806	675	131	1.6332537787232662	0.9976197560249925	0.995537042546861	0.0020827134781314927	AD
ENSG00000105696	697	582	115	1.429261593741969	0.9812555786968165	0.978726569473371	0.0025290092234454553	AD
ENSG00000161203	795	766	29	0.3328035994674973	0.9967271645343647	0.999702469503124	-0.002975304968759307	AD
ENSG00000133627	629	583	46	0.5495452960101255	0.9696518893186552	0.9793216304671228	-0.009669741148467637	AD
ENSG00000050748	751	665	86	1.0595257584633682	0.991371615590598	0.9944956858077953	-0.0031240702171972945	AD
ENSG00000106367	747	680	67	0.8172850387980778	0.9910740850937221	0.995834573043737	-0.0047604879500149355	AD
ENSG00000164076	633	462	171	2.143234241176509	0.9706932460577209	0.9454031538232669	0.025290092234453998	AD
ENSG00000232931	132	218	-86	-1.1333902300855754	0.7302886045819696	0.8067539422790836	-0.07646533769711394	Control
ENSG00000004059	530	415	115	1.429261593741969	0.9442130318357632	0.9284439155013389	0.01576911633442435	AD
ENSG00000164885	759	598	161	2.0157391255631985	0.9927105028265397	0.9818506396905683	0.010859863135971426	AD
ENSG00000184144	72	96	-24	-0.34292051328304923	0.6521868491520381	0.66081523356144	-0.008628384409401946	Control
ENSG00000097021	564	512	52	0.6260423653781119	0.953585242487355	0.9610235049092531	-0.007438262421898156	AD
ENSG00000170091	667	575	92	1.1360228278313544	0.9757512645046117	0.9767926212436775	-0.0010413567390658018	AD
ENSG00000157152	567	346	221	2.780709819243062	0.9550728949717346	0.8964593870871764	0.058613507884558214	AD
ENSG00000166913	719	623	96	1.1870208740766788	0.9854210056530794	0.9879500148765249	-0.0025290092234454553	AD
ENSG00000085433	709	555	154	1.9264925446338808	0.9824457006843201	0.9709907765545969	0.011454924129723265	AD
ENSG00000113387	461	564	-103	-1.3501319266282035	0.9184766438559953	0.9741148467717942	-0.05563820291579891	Control
ENSG00000147416	738	607	131	1.6332537787232662	0.9889913716155906	0.9842308836655758	0.0047604879500148245	AD
ENSG00000130540	544	507	37	0.4347996919581459	0.9479321630467122	0.9598333829217495	-0.011901219875037228	AD
ENSG00000109180	575	541	34	0.39655115727415263	0.957453138946742	0.9683130020827134	-0.010859863135971426	AD
ENSG00000196262	533	506	27	0.30730457634483516	0.9451056233263909	0.9595358524248736	-0.014430229098482683	AD
ENSG00000166448	630	513	117	1.4547606168646312	0.970098185063969	0.9616185659030051	0.008479619160963958	AD
ENSG00000005486	633	454	179	2.2452303336671573	0.9706932460577209	0.9422790836060696	0.028414162451651293	AD
ENSG00000088538	247	228	19	0.20530848385418665	0.8152335614400475	0.817911335911931	-0.002677774471883443	AD
ENSG00000136930	677	517	160	2.002989614001867	0.9770901517405534	0.9626599226420708	0.014430229098482572	AD
ENSG00000120265	717	613	104	1.2890169665673272	0.9848259446593276	0.9863135971437073	-0.0014876524843796535	AD
ENSG00000203930	6	6	0	-0.03693223581110361	0.28711692948527223	0.15233561440047605	0.13478131508479618	Control
ENSG00000144290	576	530	46	0.5495452960101255	0.957750669443618	0.9663790538530199	-0.008628384409401946	AD
ENSG00000104723	665	611	54	0.651541388500774	0.9751562035108599	0.9854210056530794	-0.010264802142219587	AD
ENSG00000069345	820	663	157	1.964741079317874	0.9991074085093722	0.9940493900624814	0.0050580184468908	AD
ENSG00000198932	352	477	-125	-1.630621180977487	0.8705742338589706	0.949122285034216	-0.07854805117524544	Control
ENSG00000169282	385	298	87	1.0722752700246991	0.8887235941684023	0.8649211544183278	0.023802439750074456	AD
ENSG00000162188	485	461	24	0.26905604166084196	0.9306753942279083	0.944956858077953	-0.014281463850044696	AD
ENSG00000213585	683	590	93	1.1487723393926856	0.9779827432311812	0.9806605177030646	-0.002677774471883443	AD
ENSG00000230590	128	324	-196	-2.5358365018319926	0.7280571258554002	0.8826242189824457	-0.15456709312704553	Control
ENSG00000132872	472	442	30	0.34555311102882835	0.9230883665575722	0.9378161261529306	-0.014727759595358436	AD
ENSG00000146701	677	430	247	3.11219711983767	0.9770901517405534	0.9346920559357335	0.0423980958048199	AD
ENSG00000138018	636	531	105	1.3017664781286584	0.9714370722999107	0.9668253495983339	0.004611722701576837	AD
ENSG00000145912	717	579	138	1.7225003596525836	0.9848259446593276	0.9776852127343053	0.007140731925022292	AD
ENSG00000115944	728	601	127	1.5822557324779418	0.9876524843796489	0.9827432311811961	0.004909253198452812	AD
ENSG00000114573	597	591	6	0.03956483355688279	0.9632549836358226	0.9809580481999405	-0.017703064564117854	AD
ENSG00000111667	729	655	74	0.9065316197273953	0.9883963106218387	0.9931567985718536	-0.0047604879500148245	AD
ENSG00000167778	774	665	109	1.3527645243739825	0.9943469205593574	0.9944956858077953	-1.4876524843798755e-4	AD
ENSG00000166111	505	513	-8	-0.13892832830175214	0.9355846474263612	0.9616185659030051	-0.026033918476643936	Control
ENSG00000089737	815	355	460	5.827843082401187	0.9985123475156203	0.9007735792918774	0.09773876822374294	AD
ENSG00000104388	690	603	87	1.0722752700246991	0.979024099970247	0.9834870574233859	-0.00446295745313896	AD
ENSG00000174501	81	287	-206	-2.6633316174453032	0.6694436179708421	0.8571853614995537	-0.18774174352871165	Control
ENSG00000113575	740	661	79	0.9702791775340506	0.9898839631062184	0.9937518595656055	-0.0038678964593871212	AD
ENSG00000128524	727	607	120	1.4930091515486243	0.9869086581374591	0.9842308836655758	0.002677774471883332	AD
ENSG00000110955	684	634	50	0.6005433422554497	0.9782802737280571	0.9901814936030943	-0.011901219875037117	AD
ENSG00000156642	712	410	302	3.813420255710878	0.983338292174948	0.9256173757810175	0.0577209163939304	AD
ENSG00000151729	783	718	65	0.7917860156754157	0.995537042546861	0.9988098780124963	-0.003272835465635282	AD
ENSG00000106976	577	514	63	0.7662869925527536	0.9581969651889318	0.9622136268967569	-0.004016661707825109	AD
ENSG00000168439	8	10	-2	-0.06243125893376574	0.33234156501041356	0.216155905980363	0.11618565903005057	Control
ENSG00000244734	1	1	0	-0.03693223581110361	0.0589110383814341	0.02008330853912526	0.03882772984230884	Control
ENSG00000184368	639	646	-7	-0.12617881674042108	0.9717346027967867	0.9924129723296637	-0.02067836953287705	Control
ENSG00000178662	568	582	-14	-0.21542539766973856	0.9556679559654865	0.978726569473371	-0.023058613507884518	Control
ENSG00000221978	151	343	-192	-2.4848384555866683	0.750074382624219	0.8943766736090449	-0.14430229098482594	Control
ENSG00000162852	393	520	-127	-1.656120204100149	0.8921451948824755	0.9637012793811366	-0.07155608449866113	Control
ENSG00000141030	601	394	207	2.602216657384427	0.9647426361202023	0.9178815828622434	0.04686105325795886	AD
ENSG00000102226	717	459	258	3.2524417470123117	0.9848259446593276	0.9443617970842011	0.04046414757512651	AD
ENSG00000105887	805	552	253	3.1886941892056564	0.9973222255281167	0.9705444808092829	0.026777744718833763	AD
ENSG00000057757	741	562	179	2.2452303336671573	0.9901814936030943	0.9732222552811663	0.016959238321927916	AD
ENSG00000116299	481	355	126	1.5695062209166106	0.928146385004463	0.9007735792918774	0.0273728057125856	AD
ENSG00000167770	765	609	156	1.951991567756543	0.9934543290687295	0.9848259446593276	0.008628384409401946	AD
ENSG00000156411	613	526	87	1.0722752700246991	0.9672716453436477	0.9653376971139542	0.001933948229693505	AD
ENSG00000158560	478	497	-19	-0.27917295547639387	0.9259149062778935	0.957750669443618	-0.03183576316572445	Control
ENSG00000099365	483	488	-5	-0.10067979361775894	0.9297828027372805	0.9538827729842309	-0.02409997024695032	Control
ENSG00000155097	739	612	127	1.5822557324779418	0.9894376673609044	0.9860160666468313	0.0034216007140731586	AD
ENSG00000112186	534	432	102	1.263517943444665	0.9458494495685807	0.9357334126747991	0.0101160368937816	AD
ENSG00000172260	477	420	57	0.6897899231847672	0.9254686105325796	0.9302290984825945	-0.0047604879500149355	AD
ENSG00000156735	728	491	237	2.9847020042243595	0.9876524843796489	0.9555191907170485	0.032133293662600426	AD
ENSG00000146267	527	546	-19	-0.27917295547639387	0.9430229098482594	0.9695031240702172	-0.026480214221957787	Control
ENSG00000159199	728	538	190	2.3854749608417993	0.9876524843796489	0.9678667063373996	0.019785778042249347	AD
ENSG00000136854	602	537	65	0.7917860156754157	0.9651889318655162	0.9675691758405236	-0.0023802439750073567	AD
ENSG00000113327	459	391	68	0.8300345503594089	0.9181791133591193	0.9169889913716156	0.0011901219875036784	AD
ENSG00000117600	510	415	95	1.1742713625153476	0.9381136566498066	0.9284439155013389	0.009669741148467748	AD
ENSG00000109738	469	384	85	1.046776246902037	0.9218982445700684	0.915352573638798	0.006545670931270453	AD
ENSG00000174607	45	62	-17	-0.25367393235373176	0.5827134781315085	0.5736387979767926	0.009074680154715908	Control
ENSG00000165943	714	630	84	1.034026735340706	0.9842308836655758	0.9888426063671526	-0.004611722701576837	AD
ENSG00000134287	611	490	121	1.5057586631099553	0.9668253495983339	0.9549241297232967	0.011901219875037228	AD
ENSG00000187730	529	541	-12	-0.1899263745470764	0.9436179708420113	0.9683130020827134	-0.02469503124070216	Control
ENSG00000122873	724	400	324	4.093909510060162	0.9863135971437073	0.9202618268372508	0.06605177030645648	AD
ENSG00000084444	618	517	101	1.250768431883334	0.9681642368342755	0.9626599226420708	0.005504314192204762	AD
ENSG00000213619	336	113	223	2.8062088423657245	0.864623623921452	0.6917584052365368	0.17286521868491522	AD
ENSG00000198836	647	483	164	2.0539876602471914	0.9727759595358524	0.9518000595060994	0.020975900029753025	AD
ENSG00000135824	444	347	97	1.1997703856380098	0.9128235644153526	0.8973519785778042	0.015471585837548374	AD
ENSG00000136750	326	219	107	1.3272655012513204	0.859714370722999	0.8082415947634632	0.05147277595953581	AD
ENSG00000139200	594	477	117	1.4547606168646312	0.9616185659030051	0.949122285034216	0.012496280868789067	AD
ENSG00000112640	808	557	251	3.1631951660829944	0.9979172865218685	0.9718833680452247	0.026033918476643825	AD
ENSG00000129990	664	441	223	2.8062088423657245	0.974561142517108	0.9375185956560548	0.03704254686105324	AD
ENSG00000174938	486	534	-48	-0.6489087907549947	0.9311216899732223	0.9672716453436477	-0.036149955370425424	Control
ENSG00000169933	488	380	108	1.3400150128126516	0.9317167509669741	0.9134186254091045	0.018298125557869693	AD
ENSG00000100744	675	509	166	2.0794866833698538	0.9764950907468015	0.9602796786670633	0.0162154120797382	AD
ENSG00000159082	643	493	150	1.8754944983885564	0.9723296637905385	0.9564117822076763	0.015917881582862226	AD
ENSG00000101856	635	503	132	1.6460032902845974	0.9711395418030349	0.9589407914311217	0.012198750371913203	AD
ENSG00000112695	452	341	111	1.3782635474966447	0.9138649211544183	0.8930377863731033	0.020827134781315038	AD
ENSG00000113638	292	211	81	0.9957782006567127	0.8429038976495091	0.800952097590003	0.04195180005950616	AD
ENSG00000133169	565	546	19	0.20530848385418665	0.9540315382326688	0.9695031240702172	-0.015471585837548374	AD
ENSG00000089818	690	576	114	1.4165120821806378	0.979024099970247	0.9772389169889913	0.0017851829812556286	AD
ENSG00000104381	497	501	-4	-0.08793028205642787	0.9332044034513538	0.9584944956858078	-0.025290092234453998	Control
ENSG00000163630	476	379	97	1.1997703856380098	0.9245760190419517	0.9129723296637905	0.011603689378161253	AD
ENSG00000116337	581	407	174	2.181482775860502	0.9595358524248736	0.9241297232966379	0.03540612912823571	AD
ENSG00000182013	539	430	109	1.3527645243739825	0.9465932758107706	0.9346920559357335	0.011901219875037117	AD
ENSG00000146007	677	756	-79	-1.044143649156258	0.9770901517405534	0.9994049390062482	-0.022314787265694802	Control
ENSG00000169567	520	406	114	1.4165120821806378	0.94079143112169	0.9232371318060101	0.017554299315679867	AD
ENSG00000188191	483	333	150	1.8754944983885564	0.9297828027372805	0.8885748289199643	0.041207973817316224	AD
ENSG00000198794	567	611	-44	-0.5979107445096705	0.9550728949717346	0.9854210056530794	-0.030348110681344798	Control
ENSG00000105649	555	531	24	0.26905604166084196	0.9509074680154715	0.9668253495983339	-0.015917881582862337	AD
ENSG00000163328	149	8	141	1.760748894336577	0.7490330258851532	0.18670038678964593	0.5623326390955072	AD
ENSG00000163875	689	367	322	4.068410486937499	0.978577804224933	0.906724189229396	0.071853614995537	AD
ENSG00000154277	414	246	168	2.1049857064925157	0.9000297530496876	0.8304076167807201	0.06962213626896752	AD
ENSG00000166257	361	376	-15	-0.22817490923106962	0.8763760785480512	0.9114846771794108	-0.03510859863135962	Control
ENSG00000124920	60	91	-31	-0.43216709421236665	0.6257066349300804	0.6517405534067242	-0.026033918476643825	Control
ENSG00000205629	802	618	184	2.3089778914738126	0.9970246950312407	0.9869086581374591	0.0101160368937816	AD
ENSG00000091972	436	255	181	2.2707293567898197	0.9101457899434692	0.834870574233859	0.07527521570961015	AD
ENSG00000089693	694	493	201	2.525719588016441	0.9802142219577507	0.9564117822076763	0.023802439750074345	AD
ENSG00000197872	657	483	174	2.181482775860502	0.9738173162749182	0.9518000595060994	0.022017256768818827	AD
ENSG00000214517	648	528	120	1.4930091515486243	0.9732222552811663	0.9657839928592681	0.007438262421898267	AD
ENSG00000204655	63	80	-17	-0.25367393235373176	0.631508479619161	0.6286819398988396	0.0028265397203214304	Control
ENSG00000125814	647	452	195	2.4492225186484546	0.9727759595358524	0.9416840226123178	0.031091936923534624	AD
ENSG00000173660	465	433	32	0.3710521341514905	0.9196667658434989	0.9360309431716751	-0.016364177328176188	AD
ENSG00000196876	322	307	15	0.1543104376088624	0.8586730139839334	0.8705742338589706	-0.011901219875037228	AD
ENSG00000171724	511	309	202	2.538469099577772	0.9385599523951205	0.8722106515917881	0.06634930080333235	AD
ENSG00000139973	573	565	8	0.06506385667954492	0.9568580779529902	0.97441237726867	-0.017554299315679867	AD
ENSG00000249042	406	304	102	1.263517943444665	0.8972032133293663	0.868937816126153	0.028265397203213305	AD
ENSG00000158301	695	630	65	0.7917860156754157	0.9808092829515025	0.9888426063671526	-0.008033323415650107	AD
ENSG00000198300	559	513	46	0.5495452960101255	0.9522463552514133	0.9616185659030051	-0.009372210651591772	AD
ENSG00000126733	582	489	93	1.1487723393926856	0.9598333829217495	0.9544778339779827	0.005355548943766775	AD
ENSG00000072201	264	395	-131	-1.7071182503454732	0.8271347813150848	0.9187741743528711	-0.09163939303778634	Control
ENSG00000260230	561	434	127	1.5822557324779418	0.952990181493603	0.936626004165427	0.016364177328176077	AD
ENSG00000175582	756	588	168	2.1049857064925157	0.9918179113359119	0.9800654567093127	0.01175245462659924	AD
ENSG00000130226	524	401	123	1.5312576862326175	0.9413864921154418	0.9207081225825647	0.02067836953287705	AD
ENSG00000102409	377	450	-73	-0.9676465797882715	0.885897054448081	0.9412377268670039	-0.05534067241892293	Control
ENSG00000103769	483	414	69	0.84278406192074	0.9297828027372805	0.927551324010711	0.00223147872656948	AD
ENSG00000167792	547	603	-56	-0.7509048832456433	0.9483784587920262	0.9834870574233859	-0.03510859863135973	Control
ENSG00000221823	547	547	0	-0.03693223581110361	0.9483784587920262	0.970098185063969	-0.021719726271942852	Control
ENSG00000080947	249	300	-51	-0.687157325438988	0.8165724486759893	0.8664088069027075	-0.04983635822671817	Control
ENSG00000165152	511	272	239	3.0102010273470214	0.9385599523951205	0.8478131508479619	0.09074680154715853	AD
ENSG00000159377	293	137	156	1.951991567756543	0.843647723891699	0.724337994644451	0.11930972924724792	AD
ENSG00000149313	573	463	110	1.3655140359353137	0.9568580779529902	0.9458494495685807	0.011008628384409413	AD
ENSG00000198961	548	376	172	2.15598375273784	0.94882475453734	0.9114846771794108	0.03734007735792921	AD
ENSG00000131507	467	490	-23	-0.33017100172171815	0.9208568878310027	0.9549241297232967	-0.03406724189229393	Control
ENSG00000131779	670	571	99	1.225269408760672	0.9761975602499257	0.9759000297530497	2.975304968759751e-4	AD
ENSG00000082213	596	443	153	1.9137430330725498	0.9626599226420708	0.9382624218982446	0.024397500743826184	AD
ENSG00000143158	488	404	84	1.034026735340706	0.9317167509669741	0.9220470098185064	0.009669741148467748	AD
ENSG00000101079	817	707	110	1.3655140359353137	0.9988098780124963	0.9985123475156203	2.975304968759751e-4	AD
ENSG00000147676	566	555	11	0.10331239136353813	0.9544778339779827	0.9709907765545969	-0.016512942576614176	AD
ENSG00000142875	692	687	5	0.02681532199555172	0.9794703957155608	0.9967271645343647	-0.01725676881880389	AD
ENSG00000115762	660	491	169	2.1177352180538467	0.9741148467717942	0.9555191907170485	0.01859565605474567	AD
ENSG00000196295	210	467	-257	-3.313556707073188	0.7938113656649807	0.9464445105623326	-0.1526331448973519	Control
ENSG00000213190	395	395	0	-0.03693223581110361	0.8930377863731033	0.9187741743528711	-0.02573638797976785	Control
ENSG00000132424	300	413	-113	-1.4776270422415143	0.8470693246057721	0.9271050282653972	-0.08003570365962509	Control
ENSG00000100934	721	569	152	1.9009935215112186	0.9858673013983933	0.9753049687592978	0.01056233263909545	AD
ENSG00000100554	495	376	119	1.4802596399872932	0.9327581077060398	0.9114846771794108	0.021273430526629	AD
ENSG00000181191	464	212	252	3.1759446776443254	0.9190717048497471	0.8025885153228206	0.11648318952692649	AD
ENSG00000139970	483	245	238	2.9974515157856905	0.9297828027372805	0.8292174947932163	0.10056530794406426	AD
ENSG00000040933	514	573	-59	-0.7891534179296366	0.9394525438857483	0.9761975602499257	-0.036745016364177374	Control
ENSG00000154518	280	219	61	0.7407879694300915	0.8366557572151145	0.8082415947634632	0.028414162451651293	AD
ENSG00000101438	444	284	160	2.002989614001867	0.9128235644153526	0.8545075870276704	0.05831597738768224	AD
ENSG00000143761	194	62	132	1.6460032902845974	0.7808687890508778	0.5736387979767926	0.20722999107408513	AD
ENSG00000169554	21	52	-31	-0.43216709421236665	0.4669741148467718	0.5391252603391847	-0.07215114549241292	Control
ENSG00000152102	512	409	103	1.2762674550059963	0.9390062481404344	0.9250223147872657	0.01398393335316872	AD
ENSG00000136950	624	526	98	1.212519897199341	0.9689080630764654	0.9653376971139542	0.003570365962511146	AD
ENSG00000134343	269	198	71	0.868283085043402	0.8296637905385302	0.7908360606962214	0.03882772984230887	AD
ENSG00000168090	705	621	84	1.034026735340706	0.9818506396905683	0.9875037191312109	-0.005653079440642639	AD
ENSG00000183230	22	36	-14	-0.21542539766973856	0.4736685510264802	0.4506099375185957	0.023058613507884518	Control
ENSG00000068912	409	472	-63	-0.8401514641749609	0.8980958048199941	0.9474858673013984	-0.04939006248140432	Control
ENSG00000204590	471	475	-4	-0.08793028205642787	0.9226420708122582	0.9479321630467122	-0.025290092234453998	Control
ENSG00000187189	533	462	71	0.868283085043402	0.9451056233263909	0.9454031538232669	-2.975304968759751e-4	AD
ENSG00000213760	417	493	-76	-1.0058951144722648	0.9010711097887534	0.9564117822076763	-0.05534067241892293	Control
ENSG00000136960	50	60	-10	-0.16442735142441428	0.5978875334721809	0.5664980660517703	0.0313894674204106	Control
ENSG00000177889	728	620	108	1.3400150128126516	0.9876524843796489	0.9872061886343351	4.4629574531385163e-4	AD
ENSG00000065361	66	87	-21	-0.30467197859905604	0.6377566200535555	0.64400476048795	-0.006248140434394478	Control
ENSG00000181789	406	172	234	2.946453469540366	0.8972032133293663	0.7655459684617674	0.1316572448675989	AD
ENSG00000078140	111	191	-80	-1.056893160717589	0.7121392442725379	0.7850342160071407	-0.0728949717346028	Control
ENSG00000153310	491	424	67	0.8172850387980778	0.932311811960726	0.9317167509669741	5.950609937518392e-4	AD
ENSG00000164161	44	55	-11	-0.17717686298574534	0.5801844689080631	0.5486462362392145	0.03153823266884859	Control
ENSG00000183036	562	472	90	1.1105238047086923	0.953287711990479	0.9474858673013984	0.005801844689080626	AD
ENSG00000154582	475	366	109	1.3527645243739825	0.923832192799762	0.9056828324903302	0.018149360309431817	AD
ENSG00000015479	125	341	-216	-2.790826733058614	0.7258256471288307	0.8930377863731033	-0.16721213924427258	Control
ENSG00000189410	393	411	-18	-0.26642344391506284	0.8921451948824755	0.9265099672716454	-0.034364772389169906	Control
ENSG00000225465	533	405	128	1.5950052440392728	0.9451056233263909	0.9224933055638203	0.022612317762570666	AD
ENSG00000003096	757	570	187	2.347226426157806	0.9922642070812259	0.9756024992561737	0.016661707825052163	AD
ENSG00000127184	237	278	-41	-0.5596622098256773	0.8076465337697114	0.8512347515620351	-0.04358821779232369	Control
ENSG00000183775	146	159	-13	-0.20267588610840748	0.7451651294257662	0.7517108003570366	-0.006545670931270453	Control
ENSG00000179841	430	235	195	2.4492225186484546	0.9071704849747099	0.822076762868194	0.08509372210651589	AD
ENSG00000168959	437	363	74	0.9065316197273953	0.9105920856887831	0.9041951800059506	0.0063969056828325765	AD
ENSG00000242265	395	150	245	3.0866980967150077	0.8930377863731033	0.7438262421898244	0.14921154418327887	AD
ENSG00000124702	594	470	124	1.5440071977939487	0.9616185659030051	0.9470395715560845	0.01457899434692056	AD
ENSG00000170340	467	369	98	1.212519897199341	0.9208568878310027	0.9079143112168997	0.01294257661410303	AD
ENSG00000123612	334	314	20	0.2180579954155177	0.8629872061886343	0.8747396608152336	-0.01175245462659924	AD
ENSG00000198825	551	447	104	1.2890169665673272	0.9500148765248438	0.9394525438857483	0.010562332639095562	AD
ENSG00000128609	212	448	-236	-3.045816964285235	0.7950014876524844	0.9400476048795001	-0.14504611722701577	Control
ENSG00000004779	407	459	-52	-0.6999068370003191	0.8976495090746801	0.9443617970842011	-0.046712288009520986	Control
ENSG00000059758	624	419	205	2.5767176342617653	0.9689080630764654	0.9297828027372805	0.03912526033918484	AD
ENSG00000169139	573	559	14	0.14156092604753132	0.9568580779529902	0.9726271942874145	-0.01576911633442435	AD
ENSG00000156976	505	484	21	0.23080750697684876	0.9355846474263612	0.9528414162451652	-0.017256768818804002	AD
ENSG00000188674	479	310	169	2.1177352180538467	0.9263612020232074	0.872954477833978	0.053406724189229426	AD
ENSG00000008086	567	486	81	0.9957782006567127	0.9550728949717346	0.953287711990479	0.0017851829812556286	AD
ENSG00000166681	594	444	150	1.8754944983885564	0.9616185659030051	0.9387087176435585	0.02290984825944664	AD
ENSG00000006116	469	424	45	0.5367957844487944	0.9218982445700684	0.9317167509669741	-0.009818506396905735	AD
ENSG00000169032	559	428	131	1.6332537787232662	0.9522463552514133	0.9336506991966677	0.01859565605474567	AD
ENSG00000007237	526	524	2	-0.011433212688441477	0.9422790836060696	0.9648914013686403	-0.022612317762570666	AD
ENSG00000136521	558	698	-140	-1.8218638543974528	0.9513537637607855	0.9973222255281167	-0.04596846176733116	Control
ENSG00000085788	372	316	56	0.6770404116234362	0.8820291579886939	0.8768223742933651	0.005206783695328787	AD
ENSG00000166206	498	547	-49	-0.6616583023163258	0.9339482296935436	0.970098185063969	-0.036149955370425424	Control
ENSG00000139182	429	401	28	0.32005408790616624	0.90642665873252	0.9207081225825647	-0.014281463850044696	AD
ENSG00000067829	579	520	59	0.7152889463074293	0.9589407914311217	0.9637012793811366	-0.0047604879500149355	AD
ENSG00000145335	616	576	40	0.4730482266421391	0.9677179410889616	0.9772389169889913	-0.00952097590002976	AD
ENSG00000156471	667	567	100	1.238018920322003	0.9757512645046117	0.9748586730139839	8.925914906278143e-4	AD
ENSG00000112514	609	484	125	1.5567567093552797	0.9663790538530199	0.9528414162451652	0.013537637607854758	AD
ENSG00000183258	630	415	215	2.704212749875076	0.970098185063969	0.9284439155013389	0.041654269562630186	AD
ENSG00000077264	507	543	-36	-0.49591465201902196	0.936774769413865	0.9687592978280274	-0.03198452841416244	Control
ENSG00000204287	3	11	-8	-0.13892832830175214	0.19518000595060994	0.23073490032728355	-0.03555489437667361	Control
ENSG00000130477	320	420	-100	-1.3118833919442103	0.8573341267479917	0.9302290984825945	-0.0728949717346028	Control
ENSG00000114857	173	311	-138	-1.7963648312747906	0.7646533769711396	0.8736983040761678	-0.10904492710502822	Control
ENSG00000068615	404	289	115	1.429261593741969	0.8967569175840524	0.8586730139839334	0.03808390360011904	AD
ENSG00000185946	144	285	-141	-1.834613365958784	0.7432311811960726	0.8556977090151741	-0.11246652781910149	Control
ENSG00000175203	335	246	89	1.0977742931473613	0.8638797976792622	0.8304076167807201	0.03347218089854209	AD
ENSG00000150768	526	477	49	0.5877938306941187	0.9422790836060696	0.949122285034216	-0.006843201428146428	AD
ENSG00000124406	437	476	-39	-0.5341631867030152	0.9105920856887831	0.9482296935435882	-0.03763760785480508	Control
ENSG00000185760	426	339	87	1.0722752700246991	0.9047902409997025	0.8919964296340375	0.012793811365665042	AD
ENSG00000151025	373	291	82	1.0085277122180438	0.8826242189824457	0.860011901219875	0.022612317762570666	AD
ENSG00000179115	518	352	166	2.0794866833698538	0.9404939006248141	0.8991371615590598	0.04135673906575432	AD
ENSG00000089199	300	318	-18	-0.26642344391506284	0.8470693246057721	0.8781612615293067	-0.031091936923534624	Control
ENSG00000126247	241	172	69	0.84278406192074	0.8109193692353466	0.7655459684617674	0.04537340077357921	AD
ENSG00000061936	114	135	-21	-0.30467197859905604	0.7152633144897352	0.7215114549241297	-0.006248140434394478	Control
ENSG00000077080	474	449	25	0.28180555322217304	0.9235346623028861	0.940642665873252	-0.017108003570365904	AD
ENSG00000082458	627	642	-15	-0.22817490923106962	0.9693543588217792	0.9916691460874739	-0.02231478726569469	Control
ENSG00000203709	126	208	-82	-1.082392183840251	0.7267182386194585	0.7976792621243678	-0.07096102350490929	Control
ENSG00000136267	377	334	43	0.5112967613261323	0.885897054448081	0.8893186551621541	-0.0034216007140731586	AD
ENSG00000126088	384	337	47	0.5622948075714566	0.8879797679262125	0.8906575423980958	-0.002677774471883332	AD
ENSG00000237190	713	589	124	1.5440071977939487	0.9839333531686998	0.9803629872061886	0.003570365962511146	AD
ENSG00000174996	599	562	37	0.4347996919581459	0.9637012793811366	0.9732222552811663	-0.00952097590002976	AD
ENSG00000084764	352	388	-36	-0.49591465201902196	0.8705742338589706	0.9163939303778638	-0.04581969651889317	Control
ENSG00000189043	465	458	7	0.05231434511821386	0.9196667658434989	0.9437667360904493	-0.02409997024695032	AD
ENSG00000042753	781	646	135	1.6842518249685905	0.9952395120499852	0.9924129723296637	0.0028265397203214304	AD
ENSG00000151835	278	148	130	1.620504267161935	0.8353168699791729	0.7412972329663791	0.09401963701279381	AD
ENSG00000122824	483	373	110	1.3655140359353137	0.9297828027372805	0.9099970246950312	0.019785778042249347	AD
ENSG00000107295	362	148	214	2.691463238313745	0.8769711395418031	0.7412972329663791	0.135673906575424	AD
ENSG00000240764	294	323	-29	-0.40666807108970454	0.8443915501338887	0.8815828622433799	-0.037191312109491226	Control
ENSG00000130643	341	173	168	2.1049857064925157	0.8664088069027075	0.7664385599523951	0.09997024695031242	AD
ENSG00000164109	479	197	282	3.558430024484257	0.9263612020232074	0.7903897649509075	0.13597143707229986	AD
ENSG00000065609	373	284	89	1.0977742931473613	0.8826242189824457	0.8545075870276704	0.028116631954775317	AD
ENSG00000136541	80	88	-8	-0.13892832830175214	0.6679559654864624	0.6460874739660816	0.02186849152038084	Control
ENSG00000170456	509	455	54	0.651541388500774	0.9376673609044928	0.9430229098482594	-0.005355548943766664	AD
ENSG00000103089	73	86	-13	-0.20267588610840748	0.6545670931270455	0.6420708122582565	0.012496280868789067	Control
ENSG00000139505	653	449	204	2.5639681227004343	0.9735197857780422	0.940642665873252	0.03287711990479025	AD
ENSG00000178965	321	99	222	2.793459330804393	0.8580779529901815	0.6658732520083308	0.19220470098185072	AD
ENSG00000144834	506	437	69	0.84278406192074	0.9361797084201131	0.9372210651591788	-0.0010413567390656908	AD
ENSG00000166922	432	315	117	1.4547606168646312	0.9080630764653377	0.8757810175542993	0.032282058911038414	AD
ENSG00000143153	431	349	82	1.0085277122180438	0.9077655459684618	0.8985421005653079	0.009223445403153896	AD
ENSG00000182899	38	34	4	0.014065810434220656	0.5544480809282951	0.43588217792323714	0.11856590300505798	AD
ENSG00000189159	422	188	234	2.946453469540366	0.9038976495090747	0.7826539720321333	0.12124367747694142	AD
ENSG00000174684	334	217	117	1.4547606168646312	0.8629872061886343	0.8057125855400179	0.05727462064861644	AD
ENSG00000197535	418	388	30	0.34555311102882835	0.9016661707825052	0.9163939303778638	-0.014727759595358547	AD
ENSG00000117410	287	183	104	1.2890169665673272	0.8409699494198155	0.7772984230883666	0.0636715263314489	AD
ENSG00000165868	482	469	13	0.12881141448620026	0.9288902112466528	0.9467420410592086	-0.01785182981255573	AD
ENSG00000261326	171	333	-162	-2.1023531087467364	0.7637607854805117	0.8885748289199643	-0.12481404343945257	Control
ENSG00000117395	395	482	-87	-1.1461397416469066	0.8930377863731033	0.9506099375185957	-0.05757215114549241	Control
ENSG00000086061	6	7	-1	-0.04968174737243468	0.28711692948527223	0.1716750966974115	0.11544183278786074	Control
ENSG00000171617	366	314	52	0.6260423653781119	0.8789050877714966	0.8747396608152336	0.004165426956262985	AD
ENSG00000128245	543	410	133	1.6587528018459283	0.9474858673013984	0.9256173757810175	0.02186849152038084	AD
ENSG00000078328	372	295	77	0.9447801544113884	0.8820291579886939	0.8620946146980065	0.019934543290687334	AD
ENSG00000143106	262	285	-23	-0.33017100172171815	0.8254983635822671	0.8556977090151741	-0.03019934543290692	Control
ENSG00000229180	257	431	-174	-2.255347247482709	0.822225528116632	0.9352871169294853	-0.11306158881285333	Control
ENSG00000124194	433	187	246	3.0994476082763387	0.9088069027075275	0.7813150847961916	0.1274918179113359	AD
ENSG00000186462	476	367	109	1.3527645243739825	0.9245760190419517	0.906724189229396	0.01785182981255573	AD
ENSG00000102934	40	57	-17	-0.25367393235373176	0.5626301695923832	0.5563820291579887	0.006248140434394478	Control
ENSG00000108947	411	299	112	1.391013059057976	0.8991371615590598	0.8655162154120798	0.03362094614697997	AD
ENSG00000151948	558	567	-9	-0.1516778398630832	0.9513537637607855	0.9748586730139839	-0.02350490925319837	Control
ENSG00000164091	535	563	-28	-0.3939185595283735	0.9461469800654567	0.9738173162749182	-0.027670336209461466	Control
ENSG00000121871	385	483	-98	-1.2863843688215482	0.8887235941684023	0.9518000595060994	-0.06307646533769706	Control
ENSG00000137100	603	520	83	1.0212772237793748	0.9654864623623921	0.9637012793811366	0.0017851829812555176	AD
ENSG00000047597	608	434	174	2.181482775860502	0.9660815233561441	0.936626004165427	0.029455519190717094	AD
ENSG00000168438	611	448	163	2.0412381486858604	0.9668253495983339	0.9400476048795001	0.026777744718833763	AD
ENSG00000158864	476	325	151	1.8882440099498876	0.9245760190419517	0.8833680452246355	0.041207973817316224	AD
ENSG00000198356	569	557	12	0.11606190292486919	0.9559654864623623	0.9718833680452247	-0.015917881582862337	AD
ENSG00000137142	600	459	141	1.760748894336577	0.9641475751264504	0.9443617970842011	0.019785778042249347	AD
ENSG00000198121	22	51	-29	-0.40666807108970454	0.4736685510264802	0.5336209461469801	-0.05995239512049988	Control
ENSG00000138078	353	138	215	2.704212749875076	0.8714668253495983	0.7264207081225825	0.14504611722701577	AD
ENSG00000188021	694	381	313	3.95366488288552	0.9802142219577507	0.9137161559059803	0.06649806605177033	AD
ENSG00000230051	469	408	61	0.7407879694300915	0.9218982445700684	0.9247247842903897	-0.0028265397203213194	AD
ENSG00000091513	55	61	-6	-0.11342930517909	0.6096399880987802	0.5696221362689675	0.040017851829812656	Control
ENSG00000165678	391	418	-27	-0.38116904796704243	0.8909550728949718	0.9294852722404047	-0.03853019934543289	Control
ENSG00000131263	601	319	282	3.558430024484257	0.9647426361202023	0.8790538530199346	0.08568878310026773	AD
ENSG00000075945	355	371	-16	-0.2409244207924007	0.8731032430824159	0.9088069027075275	-0.03570365962511157	Control
ENSG00000145730	455	278	177	2.2197313105444954	0.9149062778934841	0.8512347515620351	0.06367152633144901	AD
ENSG00000163399	427	143	284	3.583929047606919	0.9052365367450164	0.7344540315382326	0.17078250520678373	AD
ENSG00000126602	527	378	149	1.8627449868272254	0.9430229098482594	0.9125260339184766	0.030496875929782785	AD
ENSG00000146592	49	56	-7	-0.12617881674042108	0.593424576019042	0.5523653674501636	0.04105920856887835	Control
ENSG00000085365	335	332	3	0.0013162988728895886	0.8638797976792622	0.8876822374293365	-0.023802439750074345	AD
ENSG00000142408	419	407	12	0.11606190292486919	0.9021124665278191	0.9241297232966379	-0.022017256768818827	AD
ENSG00000123570	559	336	223	2.8062088423657245	0.9522463552514133	0.889913716155906	0.06233263909550735	AD
ENSG00000025772	387	190	197	2.4747215417711166	0.889913716155906	0.7841416245165129	0.10577209163939305	AD
ENSG00000128656	457	179	278	3.5074319782389325	0.9157988693841119	0.7726867003867897	0.14311216899732226	AD
ENSG00000120805	457	411	46	0.5495452960101255	0.9157988693841119	0.9265099672716454	-0.010711097887533438	AD
ENSG00000105223	438	358	80	0.9830286890953817	0.911038381434097	0.902558762273133	0.008479619160963958	AD
ENSG00000070761	565	263	302	3.813420255710878	0.9540315382326688	0.8417137756620053	0.1123177625706635	AD
ENSG00000126583	286	128	158	1.977490590879205	0.8400773579291877	0.7124367747694139	0.12764058315977378	AD
ENSG00000146414	210	318	-108	-1.4138794844348588	0.7938113656649807	0.8781612615293067	-0.08434989586432606	Control
ENSG00000230551	148	264	-116	-1.5158755769255075	0.7478429038976495	0.8423088366557572	-0.09446593275810766	Control
ENSG00000159720	458	224	234	2.946453469540366	0.9171377566200536	0.813745908955668	0.10339184766438558	AD
ENSG00000154096	231	275	-44	-0.5979107445096705	0.8054150550431419	0.8494495685807796	-0.044034513537637654	Control
ENSG00000084623	218	56	162	2.0284886371245294	0.7987206188634335	0.5523653674501636	0.24635525141326986	AD
ENSG00000198934	433	284	149	1.8627449868272254	0.9088069027075275	0.8545075870276704	0.05429931567985713	AD
ENSG00000101557	593	295	298	3.762422209465554	0.9610235049092531	0.8620946146980065	0.09892889021124662	AD
ENSG00000169247	56	79	-23	-0.33017100172171815	0.6117227015769117	0.6258554001785183	-0.014132698601606597	Control
ENSG00000198563	158	265	-107	-1.4011299728735278	0.754537340077358	0.843052662897947	-0.08851532282058905	Control
ENSG00000106299	456	298	158	1.977490590879205	0.91520380839036	0.8649211544183278	0.05028265397203213	AD
ENSG00000162817	498	477	21	0.23080750697684876	0.9339482296935436	0.949122285034216	-0.015174055340672399	AD
ENSG00000101349	514	337	177	2.2197313105444954	0.9394525438857483	0.8906575423980958	0.04879500148765248	AD
ENSG00000180376	180	146	34	0.39655115727415263	0.7694138649211544	0.7384706932460577	0.030943171675096637	AD
ENSG00000133318	465	231	234	2.946453469540366	0.9196667658434989	0.8196965188931865	0.09997024695031242	AD
ENSG00000266472	415	95	320	4.042911463814837	0.9006248140434394	0.6588812853317465	0.2417435287116929	AD
ENSG00000092096	433	236	197	2.4747215417711166	0.9088069027075275	0.8229693543588218	0.08583754834870572	AD
ENSG00000149582	525	343	182	2.2834788683511507	0.9416840226123178	0.8943766736090449	0.047307349003272825	AD
ENSG00000197106	433	243	190	2.3854749608417993	0.9088069027075275	0.8274323118119608	0.08137459089556676	AD
ENSG00000180543	577	406	171	2.143234241176509	0.9581969651889318	0.9232371318060101	0.034959833382921746	AD
ENSG00000134744	102	105	-3	-0.0751807704950968	0.7000892591490627	0.6770306456411782	0.023058613507884518	Control
ENSG00000170775	35	62	-27	-0.38116904796704243	0.5404641475751264	0.5736387979767926	-0.03317465040166623	Control
ENSG00000137815	143	227	-84	-1.1078912069629132	0.7417435287116929	0.8168699791728652	-0.07512645046117228	Control
ENSG00000184613	420	132	288	3.6349270938522436	0.9027075275215709	0.7168997322225528	0.18580779529901814	AD
ENSG00000272163	458	288	170	2.1304847296151777	0.9171377566200536	0.8580779529901815	0.059059803629872065	AD
ENSG00000181754	458	649	-191	-2.4720889440253373	0.9171377566200536	0.9928592680749777	-0.07572151145492412	Control
ENSG00000157087	331	495	-164	-2.1278521318693984	0.8619458494495685	0.9573043736983041	-0.09535852424873559	Control
ENSG00000198258	263	215	48	0.5750443191327876	0.8260934245760191	0.8043736983040761	0.021719726271942963	AD
ENSG00000075415	383	273	110	1.3655140359353137	0.8872359416840226	0.8485569770901518	0.03867896459387088	AD
ENSG00000131495	113	89	24	0.26905604166084196	0.7140731925022314	0.6486164831895269	0.06545670931270453	AD
ENSG00000124140	403	324	79	0.9702791775340506	0.8961618565903005	0.8826242189824457	0.013537637607854758	AD
ENSG00000151465	589	558	31	0.35830262259015944	0.9601309134186254	0.9723296637905385	-0.012198750371913092	AD
ENSG00000066248	146	183	-37	-0.508664163580353	0.7451651294257662	0.7772984230883666	-0.032133293662600426	Control
ENSG00000031698	399	47	352	4.450895833777432	0.8945254388574829	0.5127938113656649	0.381731627491818	AD
ENSG00000104859	40	36	4	0.014065810434220656	0.5626301695923832	0.4506099375185957	0.11202023207378753	AD
ENSG00000163412	375	493	-118	-1.5413746000481696	0.8845581672121392	0.9564117822076763	-0.07185361499553711	Control
ENSG00000164951	381	443	-62	-0.8274019526136298	0.8864921154418328	0.9382624218982446	-0.051770306456411785	Control
ENSG00000163466	439	210	229	2.882705911733711	0.9114846771794108	0.7993156798571853	0.11216899732222552	AD
ENSG00000002016	202	347	-145	-1.885611412204108	0.7871169294852722	0.8973519785778042	-0.11023504909253201	Control
ENSG00000101654	414	333	81	0.9957782006567127	0.9000297530496876	0.8885748289199643	0.011454924129723265	AD
ENSG00000100138	605	424	181	2.2707293567898197	0.9657839928592681	0.9317167509669741	0.03406724189229393	AD
ENSG00000105784	486	454	32	0.3710521341514905	0.9311216899732223	0.9422790836060696	-0.01115739363284729	AD
ENSG00000164924	366	337	29	0.3328035994674973	0.8789050877714966	0.8906575423980958	-0.01175245462659924	AD
ENSG00000168314	20	22	-2	-0.06243125893376574	0.4587920261826837	0.3436477238916989	0.11514430229098482	Control
ENSG00000078369	257	318	-61	-0.8146524410522986	0.822225528116632	0.8781612615293067	-0.05593573341267477	Control
ENSG00000119421	515	510	5	0.02681532199555172	0.9398988396310621	0.9607259744123773	-0.02082713478131515	AD
ENSG00000110717	423	427	-4	-0.08793028205642787	0.9044927105028265	0.9332044034513538	-0.028711692948527268	Control
ENSG00000167468	355	388	-33	-0.45766611733502877	0.8731032430824159	0.9163939303778638	-0.04329068729544783	Control
ENSG00000108848	190	366	-176	-2.2808462706053714	0.7774471883368045	0.9056828324903302	-0.12823564415352573	Control
ENSG00000165264	305	376	-71	-0.9421475566656095	0.8504909253198453	0.9114846771794108	-0.06099375185956557	Control
ENSG00000128683	355	265	90	1.1105238047086923	0.8731032430824159	0.843052662897947	0.030050580184468934	AD
ENSG00000133134	330	268	62	0.7535374809914226	0.8614995537042547	0.8449866111276406	0.016512942576614065	AD
ENSG00000078668	453	308	145	1.8117469405819011	0.9143112168997323	0.8713180601011604	0.04299315679857185	AD
ENSG00000111647	595	362	233	2.933703957979035	0.9622136268967569	0.9037488842606367	0.058464742636120226	AD
ENSG00000119801	472	393	79	0.9702791775340506	0.9230883665575722	0.9172865218684915	0.005801844689080737	AD
ENSG00000167671	477	410	67	0.8172850387980778	0.9254686105325796	0.9256173757810175	-1.4876524843798755e-4	AD
ENSG00000123684	319	406	-87	-1.1461397416469066	0.8568878310026777	0.9232371318060101	-0.06634930080333235	Control
ENSG00000108395	744	657	87	1.0722752700246991	0.9906277893484082	0.9934543290687295	-0.0028265397203213194	AD
ENSG00000198612	301	346	-45	-0.6106602560710016	0.847664385599524	0.8964593870871764	-0.04879500148765248	Control
ENSG00000175471	334	271	63	0.7662869925527536	0.8629872061886343	0.847366855102648	0.015620351085986361	AD
ENSG00000115073	146	179	-33	-0.45766611733502877	0.7451651294257662	0.7726867003867897	-0.027521570961023478	Control
ENSG00000114993	44	38	6	0.03956483355688279	0.5801844689080631	0.4639988098780125	0.11618565903005057	AD
ENSG00000075826	141	185	-44	-0.5979107445096705	0.7389169889913716	0.7789348408211841	-0.040017851829812545	Control
ENSG00000138660	480	411	69	0.84278406192074	0.9271050282653972	0.9265099672716454	5.950609937518392e-4	AD
ENSG00000196465	476	544	-68	-0.9038990219816162	0.9245760190419517	0.9690568283249033	-0.044480809282951506	Control
ENSG00000143933	309	141	168	2.1049857064925157	0.8524248735495388	0.7316274918179113	0.12079738173162746	AD
ENSG00000010256	353	259	94	1.1615218509540166	0.8714668253495983	0.83918476643856	0.0322820589110383	AD
ENSG00000116030	196	348	-152	-1.9748579931334256	0.7820589110383814	0.8980958048199941	-0.11603689378161264	Control
ENSG00000162517	553	371	182	2.2834788683511507	0.9503124070217197	0.9088069027075275	0.0415055043141922	AD
ENSG00000113595	572	478	94	1.1615218509540166	0.9562630169592383	0.9500148765248438	0.006248140434394478	AD
ENSG00000140990	420	373	47	0.5622948075714566	0.9027075275215709	0.9099970246950312	-0.00728949717346028	AD
ENSG00000163995	270	222	48	0.5750443191327876	0.8308539125260339	0.8118119607259744	0.01904195180005952	AD
ENSG00000118200	239	269	-30	-0.41941758265103557	0.809282951502529	0.8458792026182683	-0.036596251115739276	Control
ENSG00000153130	57	159	-102	-1.3373824150668725	0.6157393632847367	0.7517108003570366	-0.13597143707229997	Control
ENSG00000012983	43	112	-69	-0.9166485335429473	0.576167807200238	0.6904195180005951	-0.11425171080035712	Control
ENSG00000163728	147	402	-255	-3.2880576839505258	0.7463552514132699	0.9213031835763166	-0.17494793216304672	Control
ENSG00000114279	240	281	-41	-0.5596622098256773	0.8100267777447189	0.8534662302886046	-0.043439452543885704	Control
ENSG00000147488	62	79	-17	-0.25367393235373176	0.6294257661410294	0.6258554001785183	0.003570365962511146	Control
ENSG00000177511	401	394	7	0.05231434511821386	0.8955667955965486	0.9178815828622434	-0.022314787265694802	AD
ENSG00000171408	376	226	150	1.8754944983885564	0.885301993454329	0.8155310919369235	0.0697709015174055	AD
ENSG00000125868	428	422	6	0.03956483355688279	0.9058315977387682	0.9306753942279083	-0.024843796489140146	AD
ENSG00000130725	554	483	71	0.868283085043402	0.9506099375185957	0.9518000595060994	-0.0011901219875036784	AD
ENSG00000172890	78	227	-149	-1.9366094584494324	0.6649806605177031	0.8168699791728652	-0.1518893186551621	Control
ENSG00000022355	186	261	-75	-0.9931456029109337	0.7737280571258554	0.8403748884260637	-0.06664683130020832	Control
ENSG00000197043	391	367	24	0.26905604166084196	0.8909550728949718	0.906724189229396	-0.015769116334424238	AD
ENSG00000130956	500	292	208	2.614966168945758	0.9348408211841713	0.8604581969651889	0.07438262421898245	AD
ENSG00000121905	213	175	38	0.44754920351947697	0.7957453138946742	0.7689675691758405	0.02677774471883365	AD
ENSG00000106682	480	626	-146	-1.8983609237654393	0.9271050282653972	0.9883963106218387	-0.061291282356441545	Control
ENSG00000068308	410	355	55	0.6642909000621051	0.8986908658137459	0.9007735792918774	-0.0020827134781314927	AD
ENSG00000106723	621	641	-20	-0.29192246703772495	0.9684617673311514	0.991371615590598	-0.02290984825944664	Control
ENSG00000117155	540	313	227	2.8572068886110484	0.9470395715560845	0.8741445998214817	0.0728949717346028	AD
ENSG00000184863	116	140	-24	-0.34292051328304923	0.7168997322225528	0.7299910740850937	-0.013091341862540906	Control
ENSG00000077522	304	236	68	0.8300345503594089	0.8490032728354656	0.8229693543588218	0.026033918476643825	AD
ENSG00000220205	385	556	-171	-2.217098712798716	0.8887235941684023	0.9714370722999107	-0.08271347813150842	Control
ENSG00000196937	360	180	180	2.2579798452284887	0.8759297828027373	0.7740255876227313	0.10190419518000593	AD
ENSG00000144567	533	498	35	0.40930066883548377	0.9451056233263909	0.958048199940494	-0.01294257661410303	AD
ENSG00000079246	271	130	141	1.760748894336577	0.8317465040166617	0.7152633144897352	0.11648318952692649	AD
ENSG00000166167	592	330	262	3.3034397932576356	0.9607259744123773	0.8861945849449568	0.07453138946742044	AD
ENSG00000179818	182	310	-128	-1.66886971566148	0.7716453436477239	0.872954477833978	-0.10130913418625409	Control
ENSG00000163798	349	247	102	1.263517943444665	0.868937816126153	0.83144897351978575	0.0374888426063672	AD
ENSG00000152495	294	330	-36	-0.49591465201902196	0.8443915501338887	0.8861945849449568	-0.041803034811068174	Control
ENSG00000160714	278	327	-49	-0.6616583023163258	0.8353168699791729	0.8847069324605772	-0.04939006248140432	Control
ENSG00000132507	347	140	207	2.602216657384427	0.8681939898839631	0.7299910740850937	0.13820291579886945	AD
ENSG00000099341	481	351	130	1.620504267161935	0.928146385004463	0.8988396310621839	0.029306753942279107	AD
ENSG00000183624	384	244	140	1.7479993827752458	0.8879797679262125	0.8281761380541506	0.05980362987206189	AD
ENSG00000013275	138	44	94	1.1615218509540166	0.7344540315382326	0.499851234751562	0.23460279678667062	AD
ENSG00000067191	386	340	46	0.5495452960101255	0.8894674204105921	0.8922939601309134	-0.0028265397203213194	AD
ENSG00000246922	208	283	-75	-0.9931456029109337	0.792472478429039	0.8539125260339184	-0.06144004760487942	Control
ENSG00000183049	381	333	48	0.5750443191327876	0.8864921154418328	0.8885748289199643	-0.0020827134781314927	AD
ENSG00000101210	434	382	52	0.6260423653781119	0.9096994941981553	0.9141624516512943	-0.00446295745313896	AD
ENSG00000197885	420	267	153	1.9137430330725498	0.9027075275215709	0.8442427848854508	0.058464742636120115	AD
ENSG00000188573	392	296	96	1.1870208740766788	0.8916988991371616	0.8629872061886343	0.028711692948527268	AD
ENSG00000155876	444	311	133	1.6587528018459283	0.9128235644153526	0.8736983040761678	0.03912526033918484	AD
ENSG00000109436	481	175	306	3.8644183019562024	0.928146385004463	0.7689675691758405	0.15917881582862248	AD
ENSG00000282164	286	241	45	0.5367957844487944	0.8400773579291877	0.8269860160666468	0.013091341862540906	AD
ENSG00000151502	543	356	187	2.347226426157806	0.9474858673013984	0.9016661707825052	0.04581969651889317	AD
ENSG00000110675	245	375	-130	-1.6943687387841422	0.8140434394525439	0.910740850937221	-0.09669741148467714	Control
ENSG00000164124	34	64	-30	-0.41941758265103557	0.5361499553704254	0.5803332341565011	-0.04418327878607564	Control
ENSG00000149243	366	252	114	1.4165120821806378	0.8789050877714966	0.8339779827432312	0.04492710502826536	AD
ENSG00000006377	258	294	-36	-0.49591465201902196	0.8235644153525736	0.8616483189526927	-0.03808390360011904	Control
ENSG00000160716	148	126	22	0.24355701853817985	0.7478429038976495	0.7106515917881583	0.037191312109491226	AD
ENSG00000162511	14	67	-53	-0.7126563485616502	0.40568283249033027	0.5925319845284142	-0.1868491520380839	Control
ENSG00000142186	138	19	119	1.4802596399872932	0.7344540315382326	0.31716750966974117	0.41728652186849147	AD
ENSG00000179542	509	457	52	0.6260423653781119	0.9376673609044928	0.9434692055935734	-0.005801844689080626	AD
ENSG00000277791	343	142	201	2.525719588016441	0.8670038678964593	0.733115144302291	0.13388872359416837	AD
ENSG00000114023	176	228	-52	-0.6999068370003191	0.7656947337102052	0.817911335911931	-0.05221660220172575	Control
ENSG00000213465	429	399	30	0.34555311102882835	0.90642665873252	0.9199642963403749	-0.013537637607854869	AD
ENSG00000173692	169	183	-14	-0.21542539766973856	0.7621243677476941	0.7772984230883666	-0.01517405534067251	Control
ENSG00000167005	549	397	152	1.9009935215112186	0.949122285034216	0.919518000595061	0.029604284439155082	AD
ENSG00000108094	559	402	157	1.964741079317874	0.9522463552514133	0.9213031835763166	0.030943171675096748	AD
ENSG00000166619	450	405	45	0.5367957844487944	0.9134186254091045	0.9224933055638203	-0.009074680154715797	AD
ENSG00000169499	498	52	446	5.6493499205425515	0.9339482296935436	0.5391252603391847	0.3948229693543589	AD
ENSG00000160014	457	483	-26	-0.36841953640571135	0.9157988693841119	0.9518000595060994	-0.036001190121987436	Control
ENSG00000167654	278	326	-48	-0.6489087907549947	0.8353168699791729	0.8839631062183874	-0.04864623623921449	Control
ENSG00000085662	412	237	175	2.194232287421833	0.8994346920559357	0.8243082415947635	0.07512645046117228	AD
ENSG00000105221	285	482	-197	-2.5485860133933236	0.83918476643856	0.9506099375185957	-0.11142517108003569	Control
ENSG00000067221	363	184	179	2.2452303336671573	0.8774174352871169	0.7783397798274323	0.09907765545968461	AD
ENSG00000079785	386	407	-21	-0.30467197859905604	0.8894674204105921	0.9241297232966379	-0.03466230288604577	Control
ENSG00000172336	497	173	324	4.093909510060162	0.9332044034513538	0.7664385599523951	0.16676584349895873	AD
ENSG00000165832	318	161	157	1.964741079317874	0.8565903005058019	0.754091044332044	0.10249925617375788	AD
ENSG00000103035	409	261	148	1.8499954752658945	0.8980958048199941	0.8403748884260637	0.0577209163939304	AD
ENSG00000134717	299	191	108	1.3400150128126516	0.8461767331151443	0.7850342160071407	0.06114251710800356	AD
ENSG00000188419	851	644	207	2.602216657384427	0.9994049390062482	0.9919666765843499	0.007438262421898267	AD
ENSG00000172375	391	354	37	0.4347996919581459	0.8909550728949718	0.9000297530496876	-0.009074680154715797	AD
ENSG00000062282	354	272	82	1.0085277122180438	0.8722106515917881	0.8478131508479619	0.024397500743826184	AD
ENSG00000158941	508	293	215	2.704212749875076	0.9372210651591788	0.8610532579589408	0.07616780720023797	AD
ENSG00000105376	155	102	53	0.638791876939443	0.7527521570961023	0.6716750966974114	0.08107706039869089	AD
ENSG00000197860	223	162	61	0.7407879694300915	0.801100862838441	0.7549836358226718	0.04611722701576915	AD
ENSG00000157693	550	397	153	1.9137430330725498	0.9495685807795299	0.919518000595061	0.030050580184468934	AD
ENSG00000130731	499	237	262	3.3034397932576356	0.9345432906872955	0.8243082415947635	0.11023504909253201	AD
ENSG00000172575	278	341	-63	-0.8401514641749609	0.8353168699791729	0.8930377863731033	-0.0577209163939304	Control
ENSG00000145864	241	264	-23	-0.33017100172171815	0.8109193692353466	0.8423088366557572	-0.0313894674204106	Control
ENSG00000159352	310	320	-10	-0.16442735142441428	0.8528711692948527	0.8796489140136864	-0.02677774471883365	Control
ENSG00000106537	336	338	-2	-0.06243125893376574	0.864623623921452	0.8915501338887236	-0.02692650996727164	Control
ENSG00000179546	180	132	48	0.5750443191327876	0.7694138649211544	0.7168997322225528	0.05251413269860161	AD
ENSG00000164031	44	70	-26	-0.36841953640571135	0.5801844689080631	0.6007140731925023	-0.020529604284439174	Control
ENSG00000152234	374	346	28	0.32005408790616624	0.8835168104730735	0.8964593870871764	-0.012942576614102919	AD
ENSG00000178974	403	341	62	0.7535374809914226	0.8961618565903005	0.8930377863731033	0.0031240702171971835	AD
ENSG00000258890	187	249	-62	-0.8274019526136298	0.7747694138649212	0.8323415650104136	-0.05757215114549241	Control
ENSG00000175416	591	504	87	1.0722752700246991	0.9604284439155013	0.9592383219279976	0.0011901219875036784	AD
ENSG00000073910	337	264	73	0.8937821081660642	0.8653674501636418	0.8423088366557572	0.02305861350788463	AD
ENSG00000143947	26	33	-7	-0.12617881674042108	0.4982148170187444	0.42784885450758703	0.0703659625111574	Control
ENSG00000144357	480	213	267	3.367187351064291	0.9271050282653972	0.8034811068134484	0.12362392145194878	AD
ENSG00000128463	315	103	212	2.6659642151910825	0.8546563522761083	0.673609044927105	0.1810473073490032	AD
ENSG00000161057	107	52	55	0.6642909000621051	0.7067836953287712	0.5391252603391847	0.16765843498958644	AD
ENSG00000116161	9	2	7	0.05231434511821386	0.34811068134483786	0.05385301993454329	0.2942576614102946	AD
ENSG00000110107	422	296	126	1.5695062209166106	0.9038976495090747	0.8629872061886343	0.04091044332044036	AD
ENSG00000114948	254	162	92	1.1360228278313544	0.8201428146385005	0.7549836358226718	0.06515917881582867	AD
ENSG00000084453	34	17	17	0.17980946073152454	0.5361499553704254	0.2994644451056233	0.2366855102648021	AD
ENSG00000136143	356	362	-6	-0.11342930517909	0.8741445998214817	0.9037488842606367	-0.02960428443915497	Control
ENSG00000197586	305	224	81	0.9957782006567127	0.8504909253198453	0.813745908955668	0.03674501636417726	AD
ENSG00000051382	172	39	133	1.6587528018459283	0.7642070812258257	0.470395715560845	0.29381136566498073	AD
ENSG00000213983	35	73	-38	-0.5214136751416841	0.5404641475751264	0.6090449271050282	-0.06858077952990183	Control
ENSG00000105695	49	62	-13	-0.20267588610840748	0.593424576019042	0.5736387979767926	0.019785778042249347	Control
ENSG00000197959	229	133	96	1.1870208740766788	0.8043736983040761	0.7183873847069324	0.0859863135971437	AD
ENSG00000113163	418	353	65	0.7917860156754157	0.9016661707825052	0.8995834573043737	0.0020827134781314927	AD
ENSG00000132639	296	80	216	2.716962261436407	0.8454329068729545	0.6286819398988396	0.2167509669741149	AD
ENSG00000149269	374	318	56	0.6770404116234362	0.8835168104730735	0.8781612615293067	0.005355548943766775	AD
ENSG00000155511	264	139	125	1.5567567093552797	0.8271347813150848	0.7283546563522761	0.09878012496280864	AD
ENSG00000078403	211	348	-137	-1.7836153197134597	0.7944064266587325	0.8980958048199941	-0.10368937816126156	Control
ENSG00000115365	243	429	-186	-2.408341386218682	0.8122582564712884	0.9340969949419815	-0.12183873847069315	Control
ENSG00000165916	369	269	100	1.238018920322003	0.8802439750074382	0.8458792026182683	0.034364772389169906	AD
ENSG00000007168	526	327	199	2.500220564893779	0.9422790836060696	0.8847069324605772	0.05757215114549241	AD
ENSG00000247828	189	251	-62	-0.8274019526136298	0.7764058315977388	0.8333829217494794	-0.05697709015174057	Control
ENSG00000168297	27	43	-16	-0.2409244207924007	0.5032728354656353	0.49375185956560547	0.009520975900029816	Control
ENSG00000198420	62	4	58	0.7025394347460983	0.6294257661410294	0.10874739660815233	0.520678369532877	AD
ENSG00000198791	328	308	20	0.2180579954155177	0.8606069622136269	0.8713180601011604	-0.01071109788753355	AD
ENSG00000123360	204	262	-58	-0.7764039063683055	0.7889021124665279	0.8412674799166915	-0.052365367450163625	Control
ENSG00000276966	454	80	374	4.731385088126715	0.9146087473966081	0.6286819398988396	0.28592680749776855	AD
ENSG00000140718	506	217	289	3.6476766054135745	0.9361797084201131	0.8057125855400179	0.1304671228800952	AD
ENSG00000154822	300	314	-14	-0.21542539766973856	0.8470693246057721	0.8747396608152336	-0.027670336209461466	Control
ENSG00000189195	189	137	52	0.6260423653781119	0.7764058315977388	0.724337994644451	0.05206783695328776	AD
ENSG00000166411	539	290	249	3.137696142960332	0.9465932758107706	0.8592680749776852	0.08732520083308537	AD
ENSG00000126091	166	322	-156	-2.0258560393787497	0.7603391847664386	0.8808390360011901	-0.12049985123475149	Control
ENSG00000272031	284	223	61	0.7407879694300915	0.838589705444808	0.8127045522166022	0.025885153228205837	AD
ENSG00000167524	50	125	-75	-0.9931456029109337	0.5978875334721809	0.7096102350490925	-0.11172270157691155	Control
ENSG00000166501	329	259	70	0.855533573482071	0.8610532579589408	0.83918476643856	0.02186849152038084	AD
ENSG00000077152	327	286	41	0.48579773820347016	0.860160666468313	0.8565903005058019	0.003570365962511146	AD
ENSG00000173786	49	74	-25	-0.3556700248443803	0.593424576019042	0.6123177625706635	-0.018893186551621532	Control
ENSG00000171735	250	213	37	0.4347996919581459	0.817465040166617	0.8034811068134484	0.01398393335316861	AD
ENSG00000050165	439	230	209	2.6277156805070896	0.9114846771794108	0.8189526926509967	0.09253198452841416	AD
ENSG00000114541	33	58	-25	-0.3556700248443803	0.5322820589110384	0.5601011603689379	-0.027819101457899453	Control
ENSG00000198815	410	232	178	2.2324808221058263	0.8986908658137459	0.8205891103838143	0.07810175542993159	AD
ENSG00000072609	251	371	-120	-1.5668736231708316	0.8186551621541208	0.9088069027075275	-0.09015174055340669	Control
ENSG00000162426	343	260	83	1.0212772237793748	0.8670038678964593	0.8396310621838738	0.02737280571258549	AD
ENSG00000136153	205	109	96	1.1870208740766788	0.7899434692055936	0.6850639690568283	0.10487950014876524	AD
ENSG00000100030	272	133	139	1.7352498712139148	0.8326390955072895	0.7183873847069324	0.11425171080035712	AD
ENSG00000003756	118	319	-201	-2.599584059638648	0.7189824457006844	0.8790538530199346	-0.16007140731925018	Control
ENSG00000261786	49	98	-49	-0.6616583023163258	0.593424576019042	0.6636417732817613	-0.07021719726271936	Control
ENSG00000167863	365	297	68	0.8300345503594089	0.8778637310324309	0.8640285629277001	0.013835168104730733	AD
ENSG00000067606	223	210	13	0.12881141448620026	0.801100862838441	0.7993156798571853	0.0017851829812556286	AD
ENSG00000189369	267	96	171	2.143234241176509	0.8287711990479024	0.66081523356144	0.1679559654864624	AD
ENSG00000168539	208	200	8	0.06506385667954492	0.792472478429039	0.792174947932163	2.975304968759751e-4	AD
ENSG00000112079	65	103	-38	-0.5214136751416841	0.635673906575424	0.673609044927105	-0.03793513835168105	Control
ENSG00000065559	284	280	4	0.014065810434220656	0.838589705444808	0.8527224040464148	-0.014132698601606708	AD
ENSG00000182901	199	251	-52	-0.6999068370003191	0.7845879202618269	0.8333829217494794	-0.04879500148765248	Control
ENSG00000132975	70	22	48	0.5750443191327876	0.6471288307051473	0.3436477238916989	0.30348110681344836	AD
ENSG00000008735	434	273	161	2.0157391255631985	0.9096994941981553	0.8485569770901518	0.06114251710800356	AD
ENSG00000155304	366	188	178	2.2324808221058263	0.8789050877714966	0.7826539720321333	0.09625111573936329	AD
ENSG00000144713	28	36	-8	-0.13892832830175214	0.5089259149062779	0.4506099375185957	0.05831597738768224	Control
ENSG00000142686	269	488	-219	-2.829075267742607	0.8296637905385302	0.9538827729842309	-0.12421898244570062	Control
ENSG00000131508	239	164	75	0.9192811312887263	0.809282951502529	0.7563225230586135	0.052960428443915575	AD
ENSG00000162572	60	104	-44	-0.5979107445096705	0.6257066349300804	0.6756917584052365	-0.04998512347515616	Control
ENSG00000101146	458	83	375	4.744134599688046	0.9171377566200536	0.6350788455816722	0.28205891103838143	AD
ENSG00000104852	41	72	-31	-0.43216709421236665	0.5672418922939602	0.6051770306456412	-0.03793513835168105	Control
ENSG00000143502	160	70	90	1.1105238047086923	0.7564712883070515	0.6007140731925023	0.1557572151145492	AD
ENSG00000146731	71	15	56	0.6770404116234362	0.6498066051770306	0.28072002380243977	0.3690865813745908	AD
ENSG00000165704	616	583	33	0.38380164571282155	0.9677179410889616	0.9793216304671228	-0.011603689378161253	AD
ENSG00000165283	162	161	1	-0.024182724249772546	0.7579589407914311	0.754091044332044	0.0038678964593871212	AD
ENSG00000223959	202	338	-136	-1.7708658081521285	0.7871169294852722	0.8915501338887236	-0.10443320440345139	Control
ENSG00000004534	74	202	-128	-1.66886971566148	0.656947337102053	0.7942576614102945	-0.13731032430824153	Control
ENSG00000166197	244	133	111	1.3782635474966447	0.8131508479619161	0.7183873847069324	0.09476346325498364	AD
ENSG00000033627	579	602	-23	-0.33017100172171815	0.9589407914311217	0.983040761678072	-0.02409997024695032	Control
ENSG00000138207	317	201	116	1.4420111053033	0.855846474263612	0.7932163046712288	0.06263016959238321	AD
ENSG00000144959	287	102	185	2.321727403035144	0.8409699494198155	0.6716750966974114	0.16929485272240408	AD
ENSG00000144597	366	173	193	2.4237234955257922	0.8789050877714966	0.7664385599523951	0.11246652781910149	AD
ENSG00000129355	507	425	82	1.0085277122180438	0.936774769413865	0.9326093424576019	0.004165426956263096	AD
ENSG00000183166	317	238	79	0.9702791775340506	0.855846474263612	0.8254983635822671	0.03034811068134491	AD
ENSG00000177570	246	344	-98	-1.2863843688215482	0.8147872656947337	0.8954180303481106	-0.08063076465337693	Control
ENSG00000277586	324	180	144	1.7989974290205701	0.8591193097292472	0.7740255876227313	0.08509372210651589	AD
ENSG00000181852	452	697	-245	-3.1605625683372147	0.9138649211544183	0.9970246950312407	-0.08315977387682238	Control
ENSG00000138663	221	276	-55	-0.7381553716843122	0.8002082713478131	0.8497470990776554	-0.049538827729842305	Control
ENSG00000172508	27	44	-17	-0.25367393235373176	0.5032728354656353	0.499851234751562	0.0034216007140732696	Control
ENSG00000115484	6	8	-2	-0.06243125893376574	0.28711692948527223	0.18670038678964593	0.1004165426956263	Control
ENSG00000213186	43	55	-12	-0.1899263745470764	0.576167807200238	0.5486462362392145	0.027521570961023478	Control
ENSG00000003987	192	205	-13	-0.20267588610840748	0.7787860755727463	0.7960428443915502	-0.01725676881880389	Control
ENSG00000034510	245	51	194	2.4364730070871232	0.8140434394525439	0.5336209461469801	0.2804224933055638	AD
ENSG00000116120	97	122	-25	-0.3556700248443803	0.6960725974412377	0.7041059208568878	-0.008033323415650107	Control
ENSG00000063015	314	355	-41	-0.5596622098256773	0.8539125260339184	0.9007735792918774	-0.04686105325795897	Control
ENSG00000084463	241	175	66	0.8045355272367468	0.8109193692353466	0.7689675691758405	0.04195180005950605	AD
ENSG00000116604	391	523	-132	-1.7198677619068043	0.8909550728949718	0.9644451056233264	-0.07349003272835464	Control
ENSG00000214176	166	304	-138	-1.7963648312747906	0.7603391847664386	0.868937816126153	-0.10859863135971437	Control
ENSG00000204052	239	157	82	1.0085277122180438	0.809282951502529	0.749776852127343	0.05950609937518603	AD
ENSG00000125743	458	277	181	2.2707293567898197	0.9171377566200536	0.8503421600714073	0.06679559654864631	AD
ENSG00000131966	295	219	76	0.9320306428500574	0.8449866111276406	0.8082415947634632	0.036745016364177374	AD
ENSG00000171224	260	66	194	2.4364730070871232	0.8250520678369533	0.588961618565903	0.23609044927105027	AD
ENSG00000102003	374	450	-76	-1.0058951144722648	0.8835168104730735	0.9412377268670039	-0.0577209163939304	Control
ENSG00000117133	162	50	112	1.391013059057976	0.7579589407914311	0.5284141624516513	0.22954477833977982	AD
ENSG00000162951	207	197	10	0.09056287980220706	0.7915798869384112	0.7903897649509075	0.0011901219875036784	AD
ENSG00000104976	516	239	277	3.4946824666776015	0.9401963701279381	0.826390955072895	0.11380541505504316	AD
ENSG00000166181	400	218	182	2.2834788683511507	0.8951204998512348	0.8067539422790836	0.08836655757215117	AD
ENSG00000181656	57	25	32	0.3710521341514905	0.6157393632847367	0.37102052960428444	0.24471883368045222	AD
ENSG00000163673	172	74	98	1.212519897199341	0.7642070812258257	0.6123177625706635	0.1518893186551622	AD
ENSG00000181090	162	297	-135	-1.7581162965907975	0.7579589407914311	0.8640285629277001	-0.10606962213626903	Control
ENSG00000154917	398	298	100	1.238018920322003	0.8939303778637311	0.8649211544183278	0.029009223445403243	AD
ENSG00000196368	283	139	144	1.7989974290205701	0.8381434096994942	0.7283546563522761	0.10978875334721805	AD
ENSG00000005249	43	12	31	0.35830262259015944	0.576167807200238	0.24397500743826242	0.3321927997619756	AD
ENSG00000066322	29	24	5	0.02681532199555172	0.5144302290984826	0.3622433799464445	0.15218684915203806	AD
ENSG00000113966	463	382	81	0.9957782006567127	0.9187741743528711	0.9141624516512943	0.004611722701576837	AD
ENSG00000158109	395	281	114	1.4165120821806378	0.8930377863731033	0.8534662302886046	0.039571556084498694	AD
ENSG00000117360	96	81	15	0.1543104376088624	0.6941386492115442	0.631062183873847	0.06307646533769717	AD
ENSG00000083799	596	423	173	2.168733264299171	0.9626599226420708	0.9309729247247843	0.031686997917286464	AD
ENSG00000132153	359	296	63	0.7662869925527536	0.8756322523058614	0.8629872061886343	0.012645046117227055	AD
ENSG00000132305	105	47	58	0.7025394347460983	0.703659625111574	0.5127938113656649	0.19086581374590905	AD
ENSG00000087365	258	236	22	0.24355701853817985	0.8235644153525736	0.8229693543588218	5.950609937518392e-4	AD
ENSG00000143727	421	323	98	1.212519897199341	0.9033025885153229	0.8815828622433799	0.021719726271942963	AD
ENSG00000015676	181	43	138	1.7225003596525836	0.771050282653972	0.49375185956560547	0.27729842308836655	AD
ENSG00000239857	92	215	-123	-1.605122157854825	0.686254091044332	0.8043736983040761	-0.11811960725974413	Control
ENSG00000112697	294	78	216	2.716962261436407	0.8443915501338887	0.622880095209759	0.2215114549241297	AD
ENSG00000086504	305	92	213	2.678713726752414	0.8504909253198453	0.6532282058911039	0.1972627194287414	AD
ENSG00000174917	399	211	188	2.359975937719137	0.8945254388574829	0.800952097590003	0.09357334126747996	AD
ENSG00000214029	139	301	-162	-2.1023531087467364	0.7356441535257364	0.8674501636417733	-0.13180601011603688	Control
ENSG00000140854	501	244	257	3.2396922354509807	0.9351383516810473	0.8281761380541506	0.10696221362689673	AD
ENSG00000126067	78	113	-35	-0.48316514045769093	0.6649806605177031	0.6917584052365368	-0.02677774471883365	Control
ENSG00000082701	198	345	-147	-1.9111104353267703	0.7833977982743231	0.8958643260934246	-0.11246652781910149	Control
ENSG00000118276	125	247	-122	-1.5923726462934937	0.7258256471288307	0.83144897351978575	-0.10562332639095506	Control
ENSG00000162639	383	296	87	1.0722752700246991	0.8872359416840226	0.8629872061886343	0.024248735495388307	AD
ENSG00000164609	282	321	-39	-0.5341631867030152	0.8378458792026182	0.8802439750074382	-0.04239809580482001	Control
ENSG00000005448	238	33	205	2.5767176342617653	0.8083903600119012	0.42784885450758703	0.3805415055043142	AD
ENSG00000176490	337	287	50	0.6005433422554497	0.8653674501636418	0.8571853614995537	0.008182088664088094	AD
ENSG00000184156	264	321	-57	-0.7636543948069744	0.8271347813150848	0.8802439750074382	-0.05310919369235345	Control
ENSG00000147459	35	62	-27	-0.38116904796704243	0.5404641475751264	0.5736387979767926	-0.03317465040166623	Control
ENSG00000164405	66	57	9	0.077813368240876	0.6377566200535555	0.5563820291579887	0.08137459089556676	AD
ENSG00000103160	328	316	12	0.11606190292486919	0.8606069622136269	0.8768223742933651	-0.0162154120797382	AD
ENSG00000186001	169	360	-191	-2.4720889440253373	0.7621243677476941	0.9031538232668849	-0.14102945551919077	Control
ENSG00000110400	27	40	-13	-0.20267588610840748	0.5032728354656353	0.47560249925617376	0.02767033620946152	Control
ENSG00000131143	308	357	-49	-0.6616583023163258	0.8521273430526629	0.9021124665278191	-0.04998512347515616	Control
ENSG00000171132	270	158	112	1.391013059057976	0.8308539125260339	0.7505206783695328	0.08033323415650107	AD
ENSG00000125037	251	129	122	1.5185081746712865	0.8186551621541208	0.7140731925022314	0.10458196965188937	AD
ENSG00000155275	165	244	-79	-1.044143649156258	0.7594465932758108	0.8281761380541506	-0.06872954477833981	Control
ENSG00000163001	340	185	155	1.939242056195212	0.8659625111573936	0.7789348408211841	0.0870276703362095	AD
ENSG00000019144	25	43	-18	-0.26642344391506284	0.4931567985718536	0.49375185956560547	-5.950609937518392e-4	Control
ENSG00000124772	144	120	24	0.26905604166084196	0.7432311811960726	0.7018744421303184	0.04135673906575421	AD
ENSG00000164172	307	424	-117	-1.5286250884868384	0.8518298125557869	0.9317167509669741	-0.07988693841118721	Control
ENSG00000119778	94	171	-77	-1.0186446260335957	0.6914608747396608	0.7640583159773877	-0.07259744123772693	Control
ENSG00000102471	349	360	-11	-0.17717686298574534	0.868937816126153	0.9031538232668849	-0.03421600714073192	Control
ENSG00000173581	530	574	-44	-0.5979107445096705	0.9442130318357632	0.9764950907468015	-0.0322820589110383	Control
ENSG00000170919	179	257	-78	-1.031394137594927	0.7677774471883368	0.8369532877119905	-0.06917584052365366	Control
ENSG00000165121	72	160	-88	-1.1588892532082375	0.6521868491520381	0.7531984528414163	-0.10101160368937823	Control
ENSG00000170027	311	222	89	1.0977742931473613	0.8533174650401666	0.8118119607259744	0.0415055043141922	AD
ENSG00000169220	73	104	-31	-0.43216709421236665	0.6545670931270455	0.6756917584052365	-0.021124665278191013	Control
ENSG00000047249	316	119	197	2.4747215417711166	0.8551026480214222	0.7006843201428147	0.15441832787860754	AD
ENSG00000092201	321	417	-96	-1.260885345698886	0.8580779529901815	0.9291877417435287	-0.07110978875334717	Control
ENSG00000146360	248	144	104	1.2890169665673272	0.8158286224337995	0.7360904492710503	0.07973817316274923	AD
ENSG00000196290	367	69	298	3.762422209465554	0.8797976792621244	0.597590002975305	0.2822076762868194	AD
ENSG00000187164	37	70	-33	-0.45766611733502877	0.5496875929782803	0.6007140731925023	-0.05102648021422196	Control
ENSG00000125841	324	343	-19	-0.27917295547639387	0.8591193097292472	0.8943766736090449	-0.03525736387979772	Control
ENSG00000049759	174	101	73	0.8937821081660642	0.7650996727164534	0.6698899137161559	0.09520975900029749	AD
ENSG00000257621	280	488	-208	-2.688830640567965	0.8366557572151145	0.9538827729842309	-0.11722701576911632	Control
ENSG00000124374	10	22	-12	-0.1899263745470764	0.3635822671823862	0.3436477238916989	0.01993454329068728	Control
ENSG00000054356	203	258	-55	-0.7381553716843122	0.7880095209759	0.8382921749479322	-0.05028265397203213	Control
ENSG00000102710	114	244	-130	-1.6943687387841422	0.7152633144897352	0.8281761380541506	-0.11291282356441534	Control
ENSG00000186260	274	71	203	2.551218611139103	0.8338292174947932	0.6026480214221958	0.23118119607259746	AD
ENSG00000134884	146	237	-91	-1.1971377878922307	0.7451651294257662	0.8243082415947635	-0.07914311216899728	Control
ENSG00000253877	42	44	-2	-0.06243125893376574	0.5709610235049093	0.499851234751562	0.07110978875334728	Control
ENSG00000138801	375	167	208	2.614966168945758	0.8845581672121392	0.7590002975304969	0.1255578696816423	AD
ENSG00000132879	208	331	-123	-1.605122157854825	0.792472478429039	0.8869384111871467	-0.09446593275810766	Control
ENSG00000110172	3	4	-1	-0.04968174737243468	0.19518000595060994	0.10874739660815233	0.08643260934245761	Control
ENSG00000164187	216	343	-127	-1.656120204100149	0.7976792621243678	0.8943766736090449	-0.09669741148467714	Control
ENSG00000288025	58	139	-81	-1.06964267227892	0.6204998512347516	0.7283546563522761	-0.10785480511752454	Control
ENSG00000066336	30	79	-49	-0.6616583023163258	0.5191907170484975	0.6258554001785183	-0.10666468313002075	Control
ENSG00000150394	259	329	-70	-0.9293980451042784	0.8246057720916394	0.885450758702767	-0.06084498661112758	Control
ENSG00000123636	58	65	-7	-0.12617881674042108	0.6204998512347516	0.5842011306158881	0.03629872061886352	Control
ENSG00000196187	23	30	-7	-0.12617881674042108	0.48021422195775065	0.4089556679559655	0.07125855400178516	Control
ENSG00000138442	442	387	55	0.6642909000621051	0.9122285034216007	0.9157988693841119	-0.003570365962511257	AD
ENSG00000127415	64	203	-139	-1.8091143428361218	0.6337399583457305	0.7948527224040464	-0.16111276405831587	Control
ENSG00000146006	203	182	21	0.23080750697684876	0.7880095209759	0.775810770603987	0.012198750371913092	AD
ENSG00000054793	398	288	110	1.3655140359353137	0.8939303778637311	0.8580779529901815	0.03585242487354956	AD
ENSG00000172915	208	171	37	0.4347996919581459	0.792472478429039	0.7640583159773877	0.028414162451651293	AD
ENSG00000163956	403	335	68	0.8300345503594089	0.8961618565903005	0.88961618565903	0.006545670931270453	AD
ENSG00000136003	289	100	189	2.372725449280468	0.8417137756620053	0.6681047307349003	0.17360904492710505	AD
ENSG00000182400	529	495	34	0.39655115727415263	0.9436179708420113	0.9573043736983041	-0.013686402856292856	AD
ENSG00000251474	157	151	6	0.03956483355688279	0.7534959833382922	0.7447188336804522	0.008777149657839933	AD
ENSG00000096092	358	44	314	3.966414394446851	0.8753347218089854	0.499851234751562	0.3754834870574234	AD
ENSG00000206573	131	246	-115	-1.5031260653641763	0.7292472478429038	0.8304076167807201	-0.10116036893781621	Control
ENSG00000156515	144	128	16	0.16705994917019346	0.7432311811960726	0.7124367747694139	0.03079440642665865	AD
ENSG00000278259	82	186	-104	-1.3628814381895347	0.6709312704552216	0.7799761975602499	-0.10904492710502833	Control
ENSG00000241973	422	285	137	1.7097508480912527	0.9038976495090747	0.8556977090151741	0.04819994049390064	AD
ENSG00000250251	106	201	-95	-1.248135834137555	0.7052960428443915	0.7932163046712288	-0.08792026182683732	Control
ENSG00000226419	124	331	-207	-2.676081129006634	0.7249330556382029	0.8869384111871467	-0.1620053555489438	Control
ENSG00000174748	190	102	88	1.08502478158603	0.7774471883368045	0.6716750966974114	0.10577209163939305	AD
ENSG00000149187	205	216	-11	-0.17717686298574534	0.7899434692055936	0.8049687592978281	-0.015025290092234522	Control
ENSG00000270170	334	268	66	0.8045355272367468	0.8629872061886343	0.8449866111276406	0.018000595060993718	AD
ENSG00000119888	304	189	115	1.429261593741969	0.8490032728354656	0.7835465635227611	0.06545670931270453	AD
ENSG00000069329	305	98	207	2.602216657384427	0.8504909253198453	0.6636417732817613	0.18684915203808394	AD
ENSG00000177679	34	63	-29	-0.40666807108970454	0.5361499553704254	0.5775066944361797	-0.04135673906575432	Control
ENSG00000248019	145	165	-20	-0.29192246703772495	0.7444213031835764	0.7572151145492413	-0.012793811365664931	Control
ENSG00000052841	141	329	-188	-2.433840409341344	0.7389169889913716	0.885450758702767	-0.14653376971139542	Control
ENSG00000133059	258	185	73	0.8937821081660642	0.8235644153525736	0.7789348408211841	0.04462957453138949	AD
ENSG00000157680	305	241	64	0.7790365041140846	0.8504909253198453	0.8269860160666468	0.02350490925319848	AD
ENSG00000101489	142	233	-91	-1.1971377878922307	0.7407021719726272	0.8213329366260042	-0.08063076465337693	Control
ENSG00000012963	292	466	-174	-2.255347247482709	0.8429038976495091	0.9461469800654567	-0.1032430824159476	Control
ENSG00000111912	362	218	144	1.7989974290205701	0.8769711395418031	0.8067539422790836	0.07021719726271947	AD
ENSG00000156136	32	41	-9	-0.1516778398630832	0.5267777447188337	0.4805117524546266	0.04626599226420708	Control
ENSG00000148334	304	280	24	0.26905604166084196	0.8490032728354656	0.8527224040464148	-0.0037191312109491337	AD
ENSG00000100473	109	20	89	1.0977742931473613	0.7100565307944064	0.3249033025885153	0.38515322820589115	AD
ENSG00000206052	206	287	-81	-1.06964267227892	0.7909848259446594	0.8571853614995537	-0.06620053555489436	Control
ENSG00000172264	215	122	93	1.1487723393926856	0.79678667063374	0.7041059208568878	0.09268074977685214	AD
ENSG00000148229	383	207	176	2.2069817989831644	0.8872359416840226	0.7970842011306158	0.0901517405534068	AD
ENSG00000178741	78	65	13	0.12881141448620026	0.6649806605177031	0.5842011306158881	0.08077952990181503	AD
ENSG00000198168	179	93	86	1.0595257584633682	0.7677774471883368	0.6551621541207974	0.11261529306753948	AD
ENSG00000148798	250	236	14	0.14156092604753132	0.817465040166617	0.8229693543588218	-0.005504314192204762	AD
ENSG00000083720	326	368	-42	-0.5724117213870084	0.859714370722999	0.9074680154715858	-0.04775364474858679	Control
ENSG00000268362	124	305	-181	-2.3445938284120267	0.7249330556382029	0.8699791728652186	-0.14504611722701577	Control
ENSG00000281183	100	196	-96	-1.260885345698886	0.6987503719131211	0.7894971734602797	-0.09074680154715864	Control
ENSG00000115840	118	27	91	1.1232733162700235	0.7189824457006844	0.38381434096994943	0.33516810473073494	AD
ENSG00000135164	144	353	-209	-2.7015801521292966	0.7432311811960726	0.8995834573043737	-0.15635227610830116	Control
ENSG00000115561	265	191	74	0.9065316197273953	0.8280273728057126	0.7850342160071407	0.04299315679857185	AD
ENSG00000137825	238	320	-82	-1.082392183840251	0.8083903600119012	0.8796489140136864	-0.07125855400178516	Control
ENSG00000126768	440	414	26	0.29455506478350413	0.9119309729247248	0.927551324010711	-0.01562035108598625	AD
ENSG00000139631	74	300	-226	-2.9183218486719245	0.656947337102053	0.8664088069027075	-0.2094614698006545	Control
ENSG00000165637	217	234	-17	-0.25367393235373176	0.7982743231181196	0.8217792323713181	-0.02350490925319848	Control
ENSG00000155629	17	74	-57	-0.7636543948069744	0.4343945254388575	0.6123177625706635	-0.17792323713180602	Control
ENSG00000139637	292	206	86	1.0595257584633682	0.8429038976495091	0.79678667063374	0.04611722701576915	AD
ENSG00000213918	147	153	-6	-0.11342930517909	0.7463552514132699	0.7466527819101458	-2.975304968759751e-4	Control
ENSG00000158286	56	124	-68	-0.9038990219816162	0.6117227015769117	0.7081225825647128	-0.09639988098780117	Control
ENSG00000135940	212	169	43	0.5112967613261323	0.7950014876524844	0.7619756024992562	0.03302588515322813	AD
ENSG00000132932	176	187	-11	-0.17717686298574534	0.7656947337102052	0.7813150847961916	-0.015620351085986361	Control
ENSG00000142507	354	315	39	0.460298715080808	0.8722106515917881	0.8757810175542993	-0.003570365962511146	AD
ENSG00000086598	28	24	4	0.014065810434220656	0.5089259149062779	0.3622433799464445	0.1466825349598334	AD
ENSG00000134516	10	51	-41	-0.5596622098256773	0.3635822671823862	0.5336209461469801	-0.1700386789645939	Control
ENSG00000138138	187	261	-74	-0.9803960913496026	0.7747694138649212	0.8403748884260637	-0.06560547456114252	Control
ENSG00000004478	6	10	-4	-0.08793028205642787	0.28711692948527223	0.216155905980363	0.07096102350490924	Control
ENSG00000172995	193	129	64	0.7790365041140846	0.779678667063374	0.7140731925022314	0.06560547456114252	AD
ENSG00000172348	224	91	133	1.6587528018459283	0.8018446890806308	0.6517405534067242	0.15010413567390657	AD
ENSG00000116649	194	49	145	1.8117469405819011	0.7808687890508778	0.5230586135078845	0.25781017554299324	AD
ENSG00000281026	168	365	-197	-2.5485860133933236	0.7613805415055043	0.9049390062481404	-0.14355846474263612	Control
ENSG00000072803	160	270	-110	-1.439378507557521	0.7564712883070515	0.8467717941088961	-0.09030050580184468	Control
ENSG00000273079	158	195	-37	-0.508664163580353	0.754537340077358	0.7886045819696519	-0.03406724189229393	Control
ENSG00000120049	209	253	-44	-0.5979107445096705	0.7932163046712288	0.8342755132401071	-0.041059208568878236	Control
ENSG00000133026	250	76	174	2.181482775860502	0.817465040166617	0.6167807200238025	0.20068432014281457	AD
ENSG00000138071	136	179	-43	-0.5851612329483394	0.7328176138054151	0.7726867003867897	-0.03986908658137456	Control
ENSG00000143575	267	119	148	1.8499954752658945	0.8287711990479024	0.7006843201428147	0.12808687890508774	AD
ENSG00000119862	310	384	-74	-0.9803960913496026	0.8528711692948527	0.915352573638798	-0.062481404343945224	Control
ENSG00000231721	107	372	-265	-3.4155527995638364	0.7067836953287712	0.9095507289497173	-0.20276703362094617	Control
ENSG00000160613	94	192	-98	-1.2863843688215482	0.6914608747396608	0.7863731032430824	-0.09491222850342163	Control
ENSG00000141385	374	358	16	0.16705994917019346	0.8835168104730735	0.902558762273133	-0.01904195180005952	AD
ENSG00000162910	139	39	100	1.238018920322003	0.7356441535257364	0.470395715560845	0.26524843796489145	AD
ENSG00000158805	80	105	-25	-0.3556700248443803	0.6679559654864624	0.6770306456411782	-0.009074680154715797	Control
ENSG00000154678	43	68	-25	-0.3556700248443803	0.576167807200238	0.5949122285034216	-0.018744421303183656	Control
ENSG00000135624	243	143	100	1.238018920322003	0.8122582564712884	0.7344540315382326	0.07780422493305572	AD
ENSG00000079134	219	431	-212	-2.7398286868132895	0.7991669146087474	0.9352871169294853	-0.13612020232073785	Control
ENSG00000146433	357	225	132	1.6460032902845974	0.8748884260636716	0.8144897351978578	0.06039869086581373	AD
ENSG00000162706	275	125	150	1.8754944983885564	0.8344242784885451	0.7096102350490925	0.12481404343945257	AD
ENSG00000276644	33	10	23	0.25630653009951093	0.5322820589110384	0.216155905980363	0.3161261529306754	AD
ENSG00000122012	133	27	106	1.3145159896899894	0.7314787265694733	0.38381434096994943	0.3476643855995239	AD
ENSG00000104863	194	326	-132	-1.7198677619068043	0.7808687890508778	0.8839631062183874	-0.10309431716750961	Control
ENSG00000061676	133	60	73	0.8937821081660642	0.7314787265694733	0.5664980660517703	0.164980660517703	AD
ENSG00000271204	92	273	-181	-2.3445938284120267	0.686254091044332	0.8485569770901518	-0.16230288604581977	Control
ENSG00000070808	99	11	88	1.08502478158603	0.6978577804224934	0.23073490032728355	0.4671228800952098	AD
ENSG00000151500	306	29	277	3.4946824666776015	0.8515322820589111	0.40181493603094315	0.4497173460279679	AD
ENSG00000050030	430	447	-17	-0.25367393235373176	0.9071704849747099	0.9394525438857483	-0.032282058911038414	Control
ENSG00000204623	159	337	-178	-2.3063452937280333	0.7555786968164236	0.8906575423980958	-0.13507884558167216	Control
ENSG00000175166	180	280	-100	-1.3118833919442103	0.7694138649211544	0.8527224040464148	-0.08330853912526037	Control
ENSG00000137575	249	21	228	2.86995640017238	0.8165724486759893	0.3333829217494793	0.48318952692651	AD
ENSG00000154027	75	62	13	0.12881141448620026	0.6582862243379947	0.5736387979767926	0.08464742636120204	AD
ENSG00000152061	231	347	-116	-1.5158755769255075	0.8054150550431419	0.8973519785778042	-0.09193692353466232	Control
ENSG00000184524	39	37	2	-0.011433212688441477	0.5580184468908063	0.45745313894674206	0.10056530794406421	AD
ENSG00000172031	29	3	26	0.29455506478350413	0.5144302290984826	0.08196965188931865	0.4324605772091639	AD
ENSG00000135077	12	55	-43	-0.5851612329483394	0.3882772984230884	0.5486462362392145	-0.1603689378161261	Control
ENSG00000234771	60	174	-114	-1.4903765538028453	0.6257066349300804	0.7674799166914609	-0.1417732817613805	Control
ENSG00000123064	466	519	-53	-0.7126563485616502	0.9202618268372508	0.9631062183873847	-0.042844391550133976	Control
ENSG00000099795	183	145	38	0.44754920351947697	0.7723891698899137	0.7374293365069919	0.034959833382921746	AD
ENSG00000175073	215	293	-78	-1.031394137594927	0.79678667063374	0.8610532579589408	-0.06426658732520085	Control
ENSG00000126822	20	49	-29	-0.40666807108970454	0.4587920261826837	0.5230586135078845	-0.0642665873252008	Control
ENSG00000144827	285	221	64	0.7790365041140846	0.83918476643856	0.8107706039869087	0.028414162451651293	AD
ENSG00000116675	85	183	-98	-1.2863843688215482	0.6756917584052365	0.7772984230883666	-0.10160666468313007	Control
ENSG00000164209	183	146	37	0.4347996919581459	0.7723891698899137	0.7384706932460577	0.033918476643855944	AD
ENSG00000047056	256	109	147	1.8372459637045633	0.8211841713775662	0.6850639690568283	0.13612020232073785	AD
ENSG00000114405	350	159	191	2.3982244724031303	0.8698304076167808	0.7517108003570366	0.11811960725974413	AD
ENSG00000179091	269	251	18	0.1925589722928556	0.8296637905385302	0.8333829217494794	-0.0037191312109491337	AD
ENSG00000136261	221	20	201	2.525719588016441	0.8002082713478131	0.3249033025885153	0.47530496875929784	AD
ENSG00000244627	136	356	-220	-2.841824779303938	0.7328176138054151	0.9016661707825052	-0.16884855697709011	Control
ENSG00000150753	8	8	0	-0.03693223581110361	0.33234156501041356	0.18670038678964593	0.14564117822076764	Control
ENSG00000279759	96	230	-134	-1.7453667850294665	0.6941386492115442	0.8189526926509967	-0.12481404343945246	Control
ENSG00000259153	375	261	114	1.4165120821806378	0.8845581672121392	0.8403748884260637	0.04418327878607553	AD
ENSG00000181467	370	134	236	2.971952492663028	0.8808390360011901	0.720172567688188	0.16066646831300202	AD
ENSG00000179010	4	42	-38	-0.5214136751416841	0.23147872656947338	0.4869086581374591	-0.2554299315679857	Control
ENSG00000184845	58	93	-35	-0.48316514045769093	0.6204998512347516	0.6551621541207974	-0.03466230288604577	Control
ENSG00000169744	185	134	51	0.6132928538167808	0.7731329961321035	0.720172567688188	0.052960428443915464	AD
ENSG00000125869	214	216	-2	-0.06243125893376574	0.7961916096399881	0.8049687592978281	-0.008777149657839933	Control
ENSG00000161021	64	79	-15	-0.22817490923106962	0.6337399583457305	0.6258554001785183	0.00788455816721223	Control
ENSG00000127946	18	40	-22	-0.3174214901603871	0.44346920559357333	0.47560249925617376	-0.032133293662600426	Control
ENSG00000127870	244	233	11	0.10331239136353813	0.8131508479619161	0.8213329366260042	-0.008182088664088094	AD
ENSG00000118733	96	40	56	0.6770404116234362	0.6941386492115442	0.47560249925617376	0.21853614995537046	AD
ENSG00000126267	263	77	186	2.334476914596475	0.8260934245760191	0.6200535554894376	0.20603986908658145	AD
ENSG00000011009	199	127	72	0.8810325966047331	0.7845879202618269	0.7112466527819101	0.07334126747991676	AD
ENSG00000164032	138	40	98	1.212519897199341	0.7344540315382326	0.47560249925617376	0.25885153228205887	AD
ENSG00000103415	84	4	80	0.9830286890953817	0.6740553406724189	0.10874739660815233	0.5653079440642665	AD
ENSG00000147246	346	300	46	0.5495452960101255	0.8677476941386492	0.8664088069027075	0.001338887235941666	AD
ENSG00000135447	321	364	-43	-0.5851612329483394	0.8580779529901815	0.9044927105028265	-0.04641475751264501	Control
ENSG00000167283	53	140	-87	-1.1461397416469066	0.6071109788753347	0.7299910740850937	-0.12288009520975895	Control
ENSG00000101365	417	403	14	0.14156092604753132	0.9010711097887534	0.9217494793216304	-0.02067836953287705	AD
ENSG00000204843	262	301	-39	-0.5341631867030152	0.8254983635822671	0.8674501636417733	-0.04195180005950616	Control
ENSG00000157764	235	223	12	0.11606190292486919	0.8070514727759596	0.8127045522166022	-0.005653079440642639	AD
ENSG00000102053	281	160	121	1.5057586631099553	0.8373995834573044	0.7531984528414163	0.08420113061588808	AD
ENSG00000134644	275	106	169	2.1177352180538467	0.8344242784885451	0.6783695328771199	0.15605474561142518	AD
ENSG00000172020	39	7	32	0.3710521341514905	0.5580184468908063	0.1716750966974115	0.3863433501933948	AD
ENSG00000244754	111	316	-205	-2.6505821058839723	0.7121392442725379	0.8768223742933651	-0.16468313002082713	Control
ENSG00000105568	343	317	26	0.29455506478350413	0.8670038678964593	0.8774174352871169	-0.010413567390657574	AD
ENSG00000047315	252	309	-57	-0.7636543948069744	0.8193989883963106	0.8722106515917881	-0.052811663195477476	Control
ENSG00000179178	16	29	-13	-0.20267588610840748	0.42591490627789347	0.40181493603094315	0.02409997024695032	Control
ENSG00000168259	136	76	60	0.7280384578687604	0.7328176138054151	0.6167807200238025	0.11603689378161264	AD
ENSG00000152642	371	445	-74	-0.9803960913496026	0.881434096994942	0.9390062481404344	-0.05757215114549241	Control
ENSG00000147650	254	324	-70	-0.9293980451042784	0.8201428146385005	0.8826242189824457	-0.062481404343945224	Control
ENSG00000181904	2	1	1	-0.024182724249772546	0.1474263612020232	0.02008330853912526	0.12734305266289794	AD
ENSG00000175756	117	146	-29	-0.40666807108970454	0.7180898542100566	0.7384706932460577	-0.020380839036001186	Control
ENSG00000125166	330	220	110	1.3655140359353137	0.8614995537042547	0.8095804819994049	0.05191907170484977	AD
ENSG00000159433	40	123	-83	-1.0951416954015822	0.5626301695923832	0.7061886343350193	-0.14355846474263612	Control
ENSG00000134897	76	220	-144	-1.8728619006427771	0.6596251115739363	0.8095804819994049	-0.14995537042546858	Control
ENSG00000205060	158	288	-130	-1.6943687387841422	0.754537340077358	0.8580779529901815	-0.10354061291282357	Control
ENSG00000178234	340	209	131	1.6332537787232662	0.8659625111573936	0.7984230883665576	0.06753942279083602	AD
ENSG00000104327	64	111	-47	-0.6361592791936637	0.6337399583457305	0.6890806307646534	-0.05534067241892293	Control
ENSG00000178567	315	113	202	2.538469099577772	0.8546563522761083	0.6917584052365368	0.1628979470395715	AD
ENSG00000131187	199	250	-51	-0.687157325438988	0.7845879202618269	0.8327878607557274	-0.04819994049390053	Control
ENSG00000168159	357	170	187	2.347226426157806	0.8748884260636716	0.7628681939898839	0.11202023207378764	AD
ENSG00000196419	427	258	169	2.1177352180538467	0.9052365367450164	0.8382921749479322	0.06694436179708418	AD
ENSG00000164919	166	201	-35	-0.48316514045769093	0.7603391847664386	0.7932163046712288	-0.03287711990479025	Control
ENSG00000204308	303	379	-76	-1.0058951144722648	0.8482594465932758	0.9129723296637905	-0.0647128830705147	Control
ENSG00000133985	170	226	-56	-0.7509048832456433	0.7631657244867599	0.8155310919369235	-0.052365367450163625	Control
ENSG00000138095	127	84	43	0.5112967613261323	0.7273132996132103	0.6376078548051175	0.08970544480809284	AD
ENSG00000239306	20	46	-26	-0.36841953640571135	0.4587920261826837	0.5077357929187741	-0.04894376673609041	Control
ENSG00000260565	92	267	-175	-2.26809675904404	0.686254091044332	0.8442427848854508	-0.1579886938411188	Control
ENSG00000122733	80	106	-26	-0.36841953640571135	0.6679559654864624	0.6783695328771199	-0.010413567390657463	Control
ENSG00000111262	57	104	-47	-0.6361592791936637	0.6157393632847367	0.6756917584052365	-0.05995239512049988	Control
ENSG00000180929	27	36	-9	-0.1516778398630832	0.5032728354656353	0.4506099375185957	0.0526628979470396	Control
ENSG00000070182	203	211	-8	-0.13892832830175214	0.7880095209759	0.800952097590003	-0.012942576614102919	Control
ENSG00000054690	79	70	9	0.077813368240876	0.6664683130020828	0.6007140731925023	0.0657542398095805	AD
ENSG00000127995	365	303	62	0.7535374809914226	0.8778637310324309	0.8681939898839631	0.009669741148467748	AD
ENSG00000184900	579	562	17	0.17980946073152454	0.9589407914311217	0.9732222552811663	-0.014281463850044696	AD
ENSG00000068383	229	231	-2	-0.06243125893376574	0.8043736983040761	0.8196965188931865	-0.015322820589110386	Control
ENSG00000153956	305	366	-61	-0.8146524410522986	0.8504909253198453	0.9056828324903302	-0.055191907170484944	Control
ENSG00000013297	36	29	7	0.05231434511821386	0.5450758702767033	0.40181493603094315	0.1432609342457602	AD
ENSG00000162694	32	15	17	0.17980946073152454	0.5267777447188337	0.28072002380243977	0.24605772091639388	AD
ENSG00000169891	370	371	-1	-0.04968174737243468	0.8808390360011901	0.9088069027075275	-0.02796786670633744	Control
ENSG00000165572	430	266	164	2.0539876602471914	0.9071704849747099	0.843647723891699	0.06352276108301091	AD
ENSG00000197457	205	238	-33	-0.45766611733502877	0.7899434692055936	0.8254983635822671	-0.035554894376673585	Control
ENSG00000243679	150	232	-82	-1.082392183840251	0.7496280868789051	0.8205891103838143	-0.07096102350490918	Control
ENSG00000132341	272	211	61	0.7407879694300915	0.8326390955072895	0.800952097590003	0.031686997917286575	AD
ENSG00000185090	231	188	43	0.5112967613261323	0.8054150550431419	0.7826539720321333	0.022761083011008654	AD
ENSG00000169255	270	236	34	0.39655115727415263	0.8308539125260339	0.8229693543588218	0.007884558167212119	AD
ENSG00000145293	197	103	94	1.1615218509540166	0.7826539720321333	0.673609044927105	0.10904492710502822	AD
ENSG00000168970	58	192	-134	-1.7453667850294665	0.6204998512347516	0.7863731032430824	-0.1658732520083308	Control
ENSG00000077092	59	19	40	0.4730482266421391	0.6234751562035109	0.31716750966974117	0.30630764653376974	AD
ENSG00000149575	224	256	-32	-0.44491660577369774	0.8018446890806308	0.8357631657244867	-0.033918476643855944	Control
ENSG00000198689	389	285	104	1.2890169665673272	0.890211246652782	0.8556977090151741	0.034513537637607894	AD
ENSG00000184465	113	315	-202	-2.612333571199979	0.7140731925022314	0.8757810175542993	-0.16170782505206782	Control
ENSG00000109920	60	77	-17	-0.25367393235373176	0.6257066349300804	0.6200535554894376	0.00565307944064275	Control
ENSG00000130724	196	152	44	0.5240462728874633	0.7820589110383814	0.745462659922642	0.03659625111573939	AD
ENSG00000188582	177	61	116	1.4420111053033	0.7662897947039572	0.5696221362689675	0.19666765843498968	AD
ENSG00000171603	246	113	133	1.6587528018459283	0.8147872656947337	0.6917584052365368	0.12302886045819694	AD
ENSG00000136827	346	427	-81	-1.06964267227892	0.8677476941386492	0.9332044034513538	-0.06545670931270464	Control
ENSG00000167755	14	44	-30	-0.41941758265103557	0.40568283249033027	0.499851234751562	-0.09416840226123174	Control
ENSG00000145247	227	149	78	0.9575296659727195	0.8031835763165724	0.7426361202023207	0.06054745611425172	AD
ENSG00000170921	138	54	84	1.034026735340706	0.7344540315382326	0.5458196965188932	0.18863433501933946	AD
ENSG00000163516	14	15	-1	-0.04968174737243468	0.40568283249033027	0.28072002380243977	0.1249628086878905	Control
ENSG00000123338	25	72	-47	-0.6361592791936637	0.4931567985718536	0.6051770306456412	-0.11202023207378758	Control
ENSG00000101152	353	300	53	0.638791876939443	0.8714668253495983	0.8664088069027075	0.0050580184468908	AD
ENSG00000167555	141	367	-226	-2.9183218486719245	0.7389169889913716	0.906724189229396	-0.16780720023802442	Control
ENSG00000169992	269	78	191	2.3982244724031303	0.8296637905385302	0.622880095209759	0.20678369532877128	AD
ENSG00000181610	458	394	64	0.7790365041140846	0.9171377566200536	0.9178815828622434	-7.438262421898267e-4	AD
ENSG00000166848	279	44	235	2.959202981101697	0.8360606962213627	0.499851234751562	0.3362094614698007	AD
ENSG00000163634	248	107	141	1.760748894336577	0.8158286224337995	0.6808985421005653	0.13493008033323417	AD
ENSG00000176700	158	202	-44	-0.5979107445096705	0.754537340077358	0.7942576614102945	-0.03972032133293657	Control
ENSG00000104435	205	26	179	2.2452303336671573	0.7899434692055936	0.3775662005355549	0.41237726867003865	AD
ENSG00000254999	144	154	-10	-0.16442735142441428	0.7432311811960726	0.7478429038976495	-0.004611722701576948	Control
ENSG00000115520	177	166	11	0.10331239136353813	0.7662897947039572	0.7581077060398691	0.008182088664088094	AD
ENSG00000158815	64	58	6	0.03956483355688279	0.6337399583457305	0.5601011603689379	0.07363879797679262	AD
ENSG00000085415	289	166	123	1.5312576862326175	0.8417137756620053	0.7581077060398691	0.08360606962213624	AD
ENSG00000206527	248	395	-147	-1.9111104353267703	0.8158286224337995	0.9187741743528711	-0.10294555191907162	Control
ENSG00000157741	102	114	-12	-0.1899263745470764	0.7000892591490627	0.6936923534662303	0.0063969056828324655	Control
ENSG00000270344	83	221	-138	-1.7963648312747906	0.6725676881880392	0.8107706039869087	-0.13820291579886945	Control
ENSG00000095002	142	34	108	1.3400150128126516	0.7407021719726272	0.43588217792323714	0.3048199940493901	AD
ENSG00000065548	150	66	84	1.034026735340706	0.7496280868789051	0.588961618565903	0.16066646831300213	AD
ENSG00000171840	27	35	-8	-0.13892832830175214	0.5032728354656353	0.44376673609044925	0.05950609937518603	Control
ENSG00000067715	131	93	38	0.44754920351947697	0.7292472478429038	0.6551621541207974	0.07408509372210648	AD
ENSG00000197249	13	41	-28	-0.3939185595283735	0.39764950907468016	0.4805117524546266	-0.08286224337994641	Control
ENSG00000267632	57	178	-121	-1.5796231347321628	0.6157393632847367	0.7716453436477239	-0.1559059803629872	Control
ENSG00000176155	122	300	-178	-2.3063452937280333	0.7229991074085094	0.8664088069027075	-0.14340969949419813	Control
ENSG00000215021	69	85	-16	-0.2409244207924007	0.6444510562332639	0.640136864028563	0.004314192204700973	Control
ENSG00000100764	108	60	48	0.5750443191327876	0.7087176435584648	0.5664980660517703	0.14221957750669445	AD
ENSG00000145425	5	12	-7	-0.12617881674042108	0.26152930675394226	0.24397500743826242	0.01755429931567984	Control
ENSG00000173209	92	225	-133	-1.7326172734681353	0.686254091044332	0.8144897351978578	-0.12823564415352584	Control
ENSG00000163536	108	221	-113	-1.4776270422415143	0.7087176435584648	0.8107706039869087	-0.10205296042844392	Control
ENSG00000114383	226	196	30	0.34555311102882835	0.8027372805712586	0.7894971734602797	0.013240107110978894	AD
ENSG00000116688	187	188	-1	-0.04968174737243468	0.7747694138649212	0.7826539720321333	-0.007884558167212119	Control
ENSG00000177182	90	104	-14	-0.21542539766973856	0.6838738470693246	0.6756917584052365	0.008182088664088094	Control
ENSG00000102978	122	56	66	0.8045355272367468	0.7229991074085094	0.5523653674501636	0.17063373995834574	AD
ENSG00000172292	55	60	-5	-0.10067979361775894	0.6096399880987802	0.5664980660517703	0.04314192204700984	Control
ENSG00000123178	107	65	42	0.4985472497648012	0.7067836953287712	0.5842011306158881	0.12258256471288309	AD
ENSG00000111669	258	135	123	1.5312576862326175	0.8235644153525736	0.7215114549241297	0.10205296042844392	AD
ENSG00000280660	93	180	-87	-1.1461397416469066	0.6890806307646534	0.7740255876227313	-0.0849449568580779	Control
ENSG00000086205	42	80	-38	-0.5214136751416841	0.5709610235049093	0.6286819398988396	-0.05772091639393029	Control
ENSG00000106829	100	28	72	0.8810325966047331	0.6987503719131211	0.3931865516215412	0.30556382029157986	AD
ENSG00000259070	30	37	-7	-0.12617881674042108	0.5191907170484975	0.45745313894674206	0.06173757810175545	Control
ENSG00000060140	123	77	46	0.5495452960101255	0.724189229396013	0.6200535554894376	0.10413567390657541	AD
ENSG00000170606	7	7	0	-0.03693223581110361	0.3122582564712883	0.1716750966974115	0.1405831597738768	Control
ENSG00000260244	137	205	-68	-0.9038990219816162	0.7335614400476049	0.7960428443915502	-0.062481404343945224	Control
ENSG00000140750	141	182	-41	-0.5596622098256773	0.7389169889913716	0.775810770603987	-0.03689378161261536	Control
ENSG00000154124	50	100	-50	-0.6744078138776569	0.5978875334721809	0.6681047307349003	-0.07021719726271936	Control
ENSG00000130520	244	270	-26	-0.36841953640571135	0.8131508479619161	0.8467717941088961	-0.03362094614698008	Control
ENSG00000167615	132	257	-125	-1.630621180977487	0.7302886045819696	0.8369532877119905	-0.10666468313002087	Control
ENSG00000118402	205	167	38	0.44754920351947697	0.7899434692055936	0.7590002975304969	0.030943171675096637	AD
ENSG00000129538	12	32	-20	-0.29192246703772495	0.3882772984230884	0.42100565307944066	-0.032728354656352265	Control
ENSG00000110931	183	238	-55	-0.7381553716843122	0.7723891698899137	0.8254983635822671	-0.05310919369235345	Control
ENSG00000104738	218	144	74	0.9065316197273953	0.7987206188634335	0.7360904492710503	0.06263016959238321	AD
ENSG00000068831	54	90	-36	-0.49591465201902196	0.6083011008628384	0.6504016661707825	-0.04210056530794415	Control
ENSG00000150867	26	67	-41	-0.5596622098256773	0.4982148170187444	0.5925319845284142	-0.09431716750966973	Control
ENSG00000280287	108	278	-170	-2.2043492012373846	0.7087176435584648	0.8512347515620351	-0.14251710800357031	Control
ENSG00000073605	132	214	-82	-1.082392183840251	0.7302886045819696	0.8039274025587623	-0.07363879797679262	Control
ENSG00000177098	57	86	-29	-0.40666807108970454	0.6157393632847367	0.6420708122582565	-0.0263314489735198	Control
ENSG00000073464	194	383	-189	-2.446589920902675	0.7808687890508778	0.9147575126450461	-0.13388872359416837	Control
ENSG00000163655	281	141	140	1.7479993827752458	0.8373995834573044	0.7316274918179113	0.10577209163939305	AD
ENSG00000176454	220	223	-3	-0.0751807704950968	0.7996132103540613	0.8127045522166022	-0.013091341862540906	Control
ENSG00000065923	193	62	131	1.6332537787232662	0.779678667063374	0.5736387979767926	0.20603986908658134	AD
ENSG00000196072	251	160	91	1.1232733162700235	0.8186551621541208	0.7531984528414163	0.06545670931270453	AD
ENSG00000156261	57	9	48	0.5750443191327876	0.6157393632847367	0.2008330853912526	0.41490627789348405	AD
ENSG00000129484	232	221	11	0.10331239136353813	0.8061588812853318	0.8107706039869087	-0.004611722701576948	AD
ENSG00000253719	152	179	-27	-0.38116904796704243	0.7505206783695328	0.7726867003867897	-0.022166022017256815	Control
ENSG00000187323	161	133	28	0.32005408790616624	0.7572151145492413	0.7183873847069324	0.03882772984230887	AD
ENSG00000170846	148	141	7	0.05231434511821386	0.7478429038976495	0.7316274918179113	0.0162154120797382	AD
ENSG00000119688	43	112	-69	-0.9166485335429473	0.576167807200238	0.6904195180005951	-0.11425171080035712	Control
ENSG00000106772	11	7	4	0.014065810434220656	0.377268670038679	0.1716750966974115	0.2055935733412675	AD
ENSG00000066422	120	22	98	1.212519897199341	0.7209163939303779	0.3436477238916989	0.377268670038679	AD
ENSG00000198597	46	67	-21	-0.30467197859905604	0.5855400178518299	0.5925319845284142	-0.006991966676584305	Control
ENSG00000126457	230	204	26	0.29455506478350413	0.8048199940493901	0.7952990181493603	0.00952097590002976	AD
ENSG00000124243	317	165	152	1.9009935215112186	0.855846474263612	0.7572151145492413	0.09863135971437076	AD
ENSG00000175445	56	49	7	0.05231434511821386	0.6117227015769117	0.5230586135078845	0.08866408806902715	AD
ENSG00000146476	280	114	166	2.0794866833698538	0.8366557572151145	0.6936923534662303	0.14296340374888428	AD
ENSG00000129691	70	174	-104	-1.3628814381895347	0.6471288307051473	0.7674799166914609	-0.12035108598631361	Control
ENSG00000177971	225	106	119	1.4802596399872932	0.8024397500743826	0.6783695328771199	0.12407021719726274	AD
ENSG00000118473	178	324	-146	-1.8983609237654393	0.767033620946147	0.8826242189824457	-0.11559059803629868	Control
ENSG00000261451	24	192	-168	-2.1788501781147227	0.4870574233858971	0.7863731032430824	-0.2993156798571853	Control
ENSG00000134440	314	255	59	0.7152889463074293	0.8539125260339184	0.834870574233859	0.01904195180005941	AD
ENSG00000106105	192	51	141	1.760748894336577	0.7787860755727463	0.5336209461469801	0.24516512942576618	AD
ENSG00000114942	28	94	-66	-0.878399998858954	0.5089259149062779	0.6572448675989289	-0.14831895269265094	Control
ENSG00000188596	10	43	-33	-0.45766611733502877	0.3635822671823862	0.49375185956560547	-0.1301695923832193	Control
ENSG00000067992	352	257	95	1.1742713625153476	0.8705742338589706	0.8369532877119905	0.03362094614698008	AD
ENSG00000173369	15	49	-34	-0.47041562889635985	0.41594763463254986	0.5230586135078845	-0.10711097887533466	Control
ENSG00000074410	105	8	97	1.1997703856380098	0.703659625111574	0.18670038678964593	0.516959238321928	AD
ENSG00000141522	199	147	52	0.6260423653781119	0.7845879202618269	0.7398095804819994	0.04477833977982748	AD
ENSG00000172301	302	168	134	1.6715023134072595	0.8479619160963999	0.7603391847664386	0.08762273132996135	AD
ENSG00000214765	31	76	-45	-0.6106602560710016	0.5223147872656947	0.6167807200238025	-0.09446593275810777	Control
ENSG00000132780	39	128	-89	-1.1716387647695685	0.5580184468908063	0.7124367747694139	-0.15441832787860765	Control
ENSG00000140262	12	79	-67	-0.8911495104202851	0.3882772984230884	0.6258554001785183	-0.23757810175542987	Control
ENSG00000179262	242	101	141	1.760748894336577	0.8116631954775364	0.6698899137161559	0.1417732817613805	AD
ENSG00000184408	65	71	-6	-0.11342930517909	0.635673906575424	0.6026480214221958	0.03302588515322824	Control
ENSG00000115665	13	12	1	-0.024182724249772546	0.39764950907468016	0.24397500743826242	0.15367450163641774	AD
ENSG00000175352	104	182	-78	-1.031394137594927	0.7021719726271943	0.775810770603987	-0.07363879797679262	Control
ENSG00000075539	43	50	-7	-0.12617881674042108	0.576167807200238	0.5284141624516513	0.04775364474858668	Control
ENSG00000151229	133	159	-26	-0.36841953640571135	0.7314787265694733	0.7517108003570366	-0.02023207378756331	Control
ENSG00000164129	206	179	27	0.30730457634483516	0.7909848259446594	0.7726867003867897	0.018298125557869693	AD
ENSG00000278864	88	209	-121	-1.5796231347321628	0.6800059506099375	0.7984230883665576	-0.1184171377566201	Control
ENSG00000172548	25	25	0	-0.03693223581110361	0.4931567985718536	0.37102052960428444	0.12213626896756918	Control
ENSG00000243970	125	256	-131	-1.7071182503454732	0.7258256471288307	0.8357631657244867	-0.10993751859565604	Control
ENSG00000181218	349	78	271	3.4181853973096152	0.868937816126153	0.622880095209759	0.246057720916394	AD
ENSG00000264538	83	147	-64	-0.852900975736292	0.6725676881880392	0.7398095804819994	-0.06724189229396016	Control
ENSG00000067842	469	482	-13	-0.20267588610840748	0.9218982445700684	0.9506099375185957	-0.028711692948527268	Control
ENSG00000011347	88	168	-80	-1.056893160717589	0.6800059506099375	0.7603391847664386	-0.08033323415650107	Control
ENSG00000101444	286	121	165	2.0667371718085223	0.8400773579291877	0.7027670336209462	0.13731032430824153	AD
ENSG00000116752	128	153	-25	-0.3556700248443803	0.7280571258554002	0.7466527819101458	-0.01859565605474567	Control
ENSG00000082482	59	14	45	0.5367957844487944	0.6234751562035109	0.2704552216602202	0.3530199345432907	AD
ENSG00000177383	77	118	-41	-0.5596622098256773	0.6623028860458197	0.6986016066646832	-0.03629872061886352	Control
ENSG00000225206	15	98	-83	-1.0951416954015822	0.41594763463254986	0.6636417732817613	-0.24769413864921147	Control
ENSG00000023572	154	219	-65	-0.8656504872976231	0.7520083308539125	0.8082415947634632	-0.056233263909550746	Control
ENSG00000003402	73	162	-89	-1.1716387647695685	0.6545670931270455	0.7549836358226718	-0.10041654269562628	Control
ENSG00000114923	170	131	39	0.460298715080808	0.7631657244867599	0.7160071407319251	0.04715858375483484	AD
ENSG00000169116	241	55	186	2.334476914596475	0.8109193692353466	0.5486462362392145	0.2622731329961321	AD
ENSG00000280063	96	121	-25	-0.3556700248443803	0.6941386492115442	0.7027670336209462	-0.008628384409401946	Control
ENSG00000070718	250	329	-79	-1.044143649156258	0.817465040166617	0.885450758702767	-0.06798571853614999	Control
ENSG00000131370	200	36	164	2.0539876602471914	0.7859268074977686	0.4506099375185957	0.33531686997917287	AD
ENSG00000147224	142	171	-29	-0.40666807108970454	0.7407021719726272	0.7640583159773877	-0.023356144004760493	Control
ENSG00000135002	215	304	-89	-1.1716387647695685	0.79678667063374	0.868937816126153	-0.07215114549241297	Control
ENSG00000114956	169	23	146	1.8244964521432323	0.7621243677476941	0.3534662302886046	0.4086581374590895	AD
ENSG00000065613	204	258	-54	-0.7254058601229811	0.7889021124665279	0.8382921749479322	-0.04939006248140432	Control
ENSG00000088832	299	129	170	2.1304847296151777	0.8461767331151443	0.7140731925022314	0.13210354061291285	AD
ENSG00000147130	258	120	138	1.7225003596525836	0.8235644153525736	0.7018744421303184	0.12168997322225528	AD
ENSG00000107874	122	76	46	0.5495452960101255	0.7229991074085094	0.6167807200238025	0.1062183873847069	AD
ENSG00000134001	89	123	-34	-0.47041562889635985	0.682088664088069	0.7061886343350193	-0.02409997024695032	Control
ENSG00000077348	238	425	-187	-2.421090897780013	0.8083903600119012	0.9326093424576019	-0.12421898244570062	Control
ENSG00000162378	115	42	73	0.8937821081660642	0.7160071407319251	0.4869086581374591	0.22909848259446597	AD
ENSG00000116199	304	245	59	0.7152889463074293	0.8490032728354656	0.8292174947932163	0.019785778042249347	AD
ENSG00000171703	414	211	203	2.551218611139103	0.9000297530496876	0.800952097590003	0.09907765545968461	AD
ENSG00000168374	76	43	33	0.38380164571282155	0.6596251115739363	0.49375185956560547	0.16587325200833086	AD
ENSG00000082074	14	41	-27	-0.38116904796704243	0.40568283249033027	0.4805117524546266	-0.0748289199642963	Control
ENSG00000151247	158	171	-13	-0.20267588610840748	0.754537340077358	0.7640583159773877	-0.00952097590002976	Control
ENSG00000154305	333	164	169	2.1177352180538467	0.8622433799464445	0.7563225230586135	0.10592085688783104	AD
ENSG00000154493	51	95	-44	-0.5979107445096705	0.6016066646831301	0.6588812853317465	-0.05727462064861644	Control
ENSG00000130770	127	114	13	0.12881141448620026	0.7273132996132103	0.6936923534662303	0.03362094614698008	AD
ENSG00000163468	6	6	0	-0.03693223581110361	0.28711692948527223	0.15233561440047605	0.13478131508479618	Control
ENSG00000185477	4	19	-15	-0.22817490923106962	0.23147872656947338	0.31716750966974117	-0.08568878310026778	Control
ENSG00000021645	140	232	-92	-1.2098872994535619	0.7369830407616781	0.8205891103838143	-0.08360606962213624	Control
ENSG00000188976	200	145	55	0.6642909000621051	0.7859268074977686	0.7374293365069919	0.048497470990776614	AD
ENSG00000204186	140	33	107	1.3272655012513204	0.7369830407616781	0.42784885450758703	0.30913418625409106	AD
ENSG00000136842	93	6	87	1.0722752700246991	0.6890806307646534	0.15233561440047605	0.5367450163641774	AD
ENSG00000198925	49	30	19	0.20530848385418665	0.593424576019042	0.4089556679559655	0.18446890806307648	AD
ENSG00000198668	361	429	-68	-0.9038990219816162	0.8763760785480512	0.9340969949419815	-0.05772091639393029	Control
ENSG00000230715	101	107	-6	-0.11342930517909	0.6994941981553109	0.6808985421005653	0.018595656054745557	Control
ENSG00000113360	207	166	41	0.48579773820347016	0.7915798869384112	0.7581077060398691	0.03347218089854209	AD
ENSG00000167123	9	11	-2	-0.06243125893376574	0.34811068134483786	0.23073490032728355	0.1173757810175543	Control
ENSG00000197694	272	227	45	0.5367957844487944	0.8326390955072895	0.8168699791728652	0.01576911633442435	AD
ENSG00000168032	18	25	-7	-0.12617881674042108	0.44346920559357333	0.37102052960428444	0.07244867598928889	Control
ENSG00000088812	317	529	-212	-2.7398286868132895	0.855846474263612	0.9660815233561441	-0.11023504909253201	Control
ENSG00000158715	25	58	-33	-0.45766611733502877	0.4931567985718536	0.5601011603689379	-0.06694436179708424	Control
ENSG00000131174	272	305	-33	-0.45766611733502877	0.8326390955072895	0.8699791728652186	-0.0373400773579291	Control
ENSG00000280388	71	71	0	-0.03693223581110361	0.6498066051770306	0.6026480214221958	0.04715858375483484	Control
ENSG00000102078	550	523	27	0.30730457634483516	0.9495685807795299	0.9644451056233264	-0.014876524843796535	AD
ENSG00000102466	120	57	63	0.7662869925527536	0.7209163939303779	0.5563820291579887	0.16453436477238914	AD
ENSG00000171163	38	91	-53	-0.7126563485616502	0.5544480809282951	0.6517405534067242	-0.09729247247842909	Control
ENSG00000100216	291	256	35	0.40930066883548377	0.8423088366557572	0.8357631657244867	0.006545670931270453	AD
ENSG00000166170	355	201	154	1.9264925446338808	0.8731032430824159	0.7932163046712288	0.0798869384111871	AD
ENSG00000231889	121	248	-127	-1.656120204100149	0.7219577506694436	0.8318952692650997	-0.10993751859565615	Control
ENSG00000188612	5	14	-9	-0.1516778398630832	0.26152930675394226	0.2704552216602202	-0.00892591490627792	Control
ENSG00000116288	38	33	5	0.02681532199555172	0.5544480809282951	0.42784885450758703	0.1265992264207081	AD
ENSG00000175229	49	69	-20	-0.29192246703772495	0.593424576019042	0.597590002975305	-0.004165426956262985	Control
ENSG00000141540	58	73	-15	-0.22817490923106962	0.6204998512347516	0.6090449271050282	0.011454924129723376	Control
ENSG00000119509	59	131	-72	-0.9548970682269404	0.6234751562035109	0.7160071407319251	-0.09253198452841416	Control
ENSG00000176444	24	23	1	-0.024182724249772546	0.4870574233858971	0.3534662302886046	0.1335911930972925	AD
ENSG00000116750	80	229	-149	-1.9366094584494324	0.6679559654864624	0.8185063969056828	-0.15055043141922042	Control
ENSG00000279277	43	147	-104	-1.3628814381895347	0.576167807200238	0.7398095804819994	-0.16364177328176144	Control
ENSG00000111726	299	194	105	1.3017664781286584	0.8461767331151443	0.788158286224338	0.05801844689080626	AD
ENSG00000080822	48	59	-11	-0.17717686298574534	0.5900029753049688	0.563373995834573	0.026628979470395775	Control
ENSG00000070214	33	42	-9	-0.1516778398630832	0.5322820589110384	0.4869086581374591	0.04537340077357932	Control
ENSG00000182255	113	13	100	1.238018920322003	0.7140731925022314	0.25825647128830703	0.4558167212139244	AD
ENSG00000144535	86	157	-71	-0.9421475566656095	0.6771794108896162	0.749776852127343	-0.07259744123772682	Control
ENSG00000107223	141	89	52	0.6260423653781119	0.7389169889913716	0.6486164831895269	0.09030050580184468	AD
ENSG00000174953	87	42	45	0.5367957844487944	0.6785182981255579	0.4869086581374591	0.19160963998809877	AD
ENSG00000030066	49	118	-69	-0.9166485335429473	0.593424576019042	0.6986016066646832	-0.10517703064564121	Control
ENSG00000162814	6	4	2	-0.011433212688441477	0.28711692948527223	0.10874739660815233	0.1783695328771199	AD
ENSG00000143155	255	193	62	0.7535374809914226	0.8205891103838143	0.7875632252305861	0.03302588515322824	AD
ENSG00000107560	93	83	10	0.09056287980220706	0.6890806307646534	0.6350788455816722	0.054001785182981266	AD
ENSG00000108953	264	255	9	0.077813368240876	0.8271347813150848	0.834870574233859	-0.0077357929187742425	AD
ENSG00000233532	264	332	-68	-0.9038990219816162	0.8271347813150848	0.8876822374293365	-0.06054745611425172	Control
ENSG00000180353	7	57	-50	-0.6744078138776569	0.3122582564712883	0.5563820291579887	-0.24412377268670044	Control
ENSG00000108946	62	116	-54	-0.7254058601229811	0.6294257661410294	0.6962213626896757	-0.06679559654864631	Control
ENSG00000171490	70	14	56	0.6770404116234362	0.6471288307051473	0.2704552216602202	0.3766736090449271	AD
ENSG00000162624	3	9	-6	-0.11342930517909	0.19518000595060994	0.2008330853912526	-0.0056530794406426665	Control
ENSG00000176720	9	6	3	0.0013162988728895886	0.34811068134483786	0.15233561440047605	0.1957750669443618	AD
ENSG00000182220	200	134	66	0.8045355272367468	0.7859268074977686	0.720172567688188	0.0657542398095805	AD
ENSG00000186479	27	46	-19	-0.27917295547639387	0.5032728354656353	0.5077357929187741	-0.004462957453138849	Control
ENSG00000150510	36	34	2	-0.011433212688441477	0.5450758702767033	0.43588217792323714	0.10919369235346621	AD
ENSG00000135070	73	16	57	0.6897899231847672	0.6545670931270455	0.2897947039571556	0.3647723891698899	AD
ENSG00000270562	35	59	-24	-0.34292051328304923	0.5404641475751264	0.563373995834573	-0.02290984825944664	Control
ENSG00000179388	180	124	56	0.6770404116234362	0.7694138649211544	0.7081225825647128	0.061291282356441545	AD
ENSG00000116918	17	33	-16	-0.2409244207924007	0.4343945254388575	0.42784885450758703	0.006545670931270453	Control
ENSG00000157827	8	10	-2	-0.06243125893376574	0.33234156501041356	0.216155905980363	0.11618565903005057	Control
ENSG00000196581	89	169	-80	-1.056893160717589	0.682088664088069	0.7619756024992562	-0.07988693841118721	Control
ENSG00000160710	274	107	167	2.0922361949311847	0.8338292174947932	0.6808985421005653	0.1529306753942279	AD
ENSG00000108309	152	118	34	0.39655115727415263	0.7505206783695328	0.6986016066646832	0.05191907170484966	AD
ENSG00000206535	197	145	52	0.6260423653781119	0.7826539720321333	0.7374293365069919	0.04522463552514133	AD
ENSG00000198301	155	130	25	0.28180555322217304	0.7527521570961023	0.7152633144897352	0.03748884260636709	AD
ENSG00000171160	296	128	168	2.1049857064925157	0.8454329068729545	0.7124367747694139	0.13299613210354055	AD
ENSG00000175309	61	168	-107	-1.4011299728735278	0.6276405831597739	0.7603391847664386	-0.1326986016066647	Control
ENSG00000243319	20	73	-53	-0.7126563485616502	0.4587920261826837	0.6090449271050282	-0.1502529009223445	Control
ENSG00000170153	23	49	-26	-0.36841953640571135	0.48021422195775065	0.5230586135078845	-0.042844391550133865	Control
ENSG00000129450	8	61	-53	-0.7126563485616502	0.33234156501041356	0.5696221362689675	-0.23728057125855395	Control
ENSG00000101911	400	266	134	1.6715023134072595	0.8951204998512348	0.843647723891699	0.05147277595953581	AD
ENSG00000114270	24	27	-3	-0.0751807704950968	0.4870574233858971	0.38381434096994943	0.10324308241594765	Control
ENSG00000013293	180	108	72	0.8810325966047331	0.7694138649211544	0.6831300208271348	0.08628384409401957	AD
ENSG00000113758	293	121	172	2.15598375273784	0.843647723891699	0.7027670336209462	0.14088069027075278	AD
ENSG00000170458	9	42	-33	-0.45766611733502877	0.34811068134483786	0.4869086581374591	-0.13879797679262124	Control
ENSG00000172500	42	38	4	0.014065810434220656	0.5709610235049093	0.4639988098780125	0.10696221362689678	AD
ENSG00000184205	199	123	76	0.9320306428500574	0.7845879202618269	0.7061886343350193	0.07839928592680756	AD
ENSG00000166851	39	32	7	0.05231434511821386	0.5580184468908063	0.42100565307944066	0.1370127938113656	AD
ENSG00000249915	98	171	-73	-0.9676465797882715	0.6972627194287414	0.7640583159773877	-0.06679559654864631	Control
ENSG00000253230	32	66	-34	-0.47041562889635985	0.5267777447188337	0.588961618565903	-0.06218387384706936	Control
ENSG00000164794	85	226	-141	-1.834613365958784	0.6756917584052365	0.8155310919369235	-0.13983933353168698	Control
ENSG00000164877	34	31	3	0.0013162988728895886	0.5361499553704254	0.41535257363879796	0.12079738173162746	AD
ENSG00000183960	16	17	-1	-0.04968174737243468	0.42591490627789347	0.2994644451056233	0.12645046117227016	Control
ENSG00000140398	72	189	-117	-1.5286250884868384	0.6521868491520381	0.7835465635227611	-0.13135971437072302	Control
ENSG00000165959	18	56	-38	-0.5214136751416841	0.44346920559357333	0.5523653674501636	-0.10889616185659029	Control
ENSG00000285051	11	11	0	-0.03693223581110361	0.377268670038679	0.23073490032728355	0.14653376971139542	Control
ENSG00000186369	86	18	68	0.8300345503594089	0.6771794108896162	0.30913418625409106	0.36804522463552514	AD
ENSG00000112365	39	47	-8	-0.13892832830175214	0.5580184468908063	0.5127938113656649	0.04522463552514133	Control
ENSG00000135018	59	5	54	0.651541388500774	0.6234751562035109	0.13091341862540912	0.4925617375781018	AD
ENSG00000124767	39	11	28	0.32005408790616624	0.5580184468908063	0.23073490032728355	0.3272835465635227	AD
ENSG00000102054	356	168	188	2.359975937719137	0.8741445998214817	0.7603391847664386	0.11380541505504316	AD
ENSG00000125633	46	98	-52	-0.6999068370003191	0.5855400178518299	0.6636417732817613	-0.07810175542993147	Control
ENSG00000143119	18	72	-54	-0.7254058601229811	0.44346920559357333	0.6051770306456412	-0.16170782505206788	Control
ENSG00000134245	69	57	12	0.11606190292486919	0.6444510562332639	0.5563820291579887	0.0880690270752752	AD
ENSG00000145087	37	51	-14	-0.21542539766973856	0.5496875929782803	0.5336209461469801	0.016066646831300213	Control
ENSG00000151320	228	13	215	2.704212749875076	0.8037786373103243	0.25825647128830703	0.5455221660220173	AD
ENSG00000005810	237	142	95	1.1742713625153476	0.8076465337697114	0.733115144302291	0.07453138946742044	AD
ENSG00000135119	87	76	11	0.10331239136353813	0.6785182981255579	0.6167807200238025	0.0617375781017554	AD
ENSG00000163577	43	14	29	0.3328035994674973	0.576167807200238	0.2704552216602202	0.3057125855400178	AD
ENSG00000171051	3	25	-22	-0.3174214901603871	0.19518000595060994	0.37102052960428444	-0.1758405236536745	Control
ENSG00000175931	253	70	183	2.2962283799124816	0.8196965188931865	0.6007140731925023	0.21898244570068426	AD
ENSG00000174446	232	97	135	1.6842518249685905	0.8061588812853318	0.6623028860458197	0.1438559952395121	AD
ENSG00000279419	28	37	-9	-0.1516778398630832	0.5089259149062779	0.45745313894674206	0.051472775959535866	Control
ENSG00000122965	41	115	-74	-0.9803960913496026	0.5672418922939602	0.6953287711990479	-0.12808687890508774	Control
ENSG00000124422	57	12	45	0.5367957844487944	0.6157393632847367	0.24397500743826242	0.37176435584647427	AD
ENSG00000164683	157	9	148	1.8499954752658945	0.7534959833382922	0.2008330853912526	0.5526628979470396	AD
ENSG00000156475	77	90	-13	-0.20267588610840748	0.6623028860458197	0.6504016661707825	0.011901219875037117	Control
ENSG00000108091	14	3	11	0.10331239136353813	0.40568283249033027	0.08196965188931865	0.3237131806010116	AD
ENSG00000158636	37	108	-71	-0.9421475566656095	0.5496875929782803	0.6831300208271348	-0.13344242784885452	Control
ENSG00000079462	257	153	104	1.2890169665673272	0.822225528116632	0.7466527819101458	0.07557274620648613	AD
ENSG00000118181	16	21	-5	-0.10067979361775894	0.42591490627789347	0.3333829217494793	0.09253198452841416	Control
ENSG00000233508	153	103	50	0.6005433422554497	0.7512645046117227	0.673609044927105	0.07765545968461762	AD
ENSG00000176749	111	72	39	0.460298715080808	0.7121392442725379	0.6051770306456412	0.10696221362689673	AD
ENSG00000185345	120	129	-9	-0.1516778398630832	0.7209163939303779	0.7140731925022314	0.006843201428146428	Control
ENSG00000168137	42	78	-36	-0.49591465201902196	0.5709610235049093	0.622880095209759	-0.05191907170484966	Control
ENSG00000096384	6	4	2	-0.011433212688441477	0.28711692948527223	0.10874739660815233	0.1783695328771199	AD
ENSG00000023228	96	107	-11	-0.17717686298574534	0.6941386492115442	0.6808985421005653	0.013240107110978894	Control
ENSG00000254815	9	21	-12	-0.1899263745470764	0.34811068134483786	0.3333829217494793	0.014727759595358547	Control
ENSG00000156011	188	85	103	1.2762674550059963	0.775662005355549	0.640136864028563	0.135525141326986	AD
ENSG00000155970	20	3	17	0.17980946073152454	0.4587920261826837	0.08196965188931865	0.37682237429336507	AD
ENSG00000034713	193	101	92	1.1360228278313544	0.779678667063374	0.6698899137161559	0.10978875334721805	AD
ENSG00000273247	98	210	-112	-1.4648775306801831	0.6972627194287414	0.7993156798571853	-0.10205296042844392	Control
ENSG00000284770	40	123	-83	-1.0951416954015822	0.5626301695923832	0.7061886343350193	-0.14355846474263612	Control
ENSG00000133265	93	47	46	0.5495452960101255	0.6890806307646534	0.5127938113656649	0.1762868193989885	AD
ENSG00000266777	82	277	-195	-2.5230869902706616	0.6709312704552216	0.8503421600714073	-0.17941088961618568	Control
ENSG00000272106	44	106	-62	-0.8274019526136298	0.5801844689080631	0.6783695328771199	-0.0981850639690568	Control
ENSG00000082497	84	171	-87	-1.1461397416469066	0.6740553406724189	0.7640583159773877	-0.09000297530496881	Control
ENSG00000120899	16	14	2	-0.011433212688441477	0.42591490627789347	0.2704552216602202	0.1554596846176733	AD
ENSG00000104728	22	55	-33	-0.45766611733502877	0.4736685510264802	0.5486462362392145	-0.07497768521273429	Control
ENSG00000141698	111	199	-88	-1.1588892532082375	0.7121392442725379	0.7914311216899732	-0.07929187741743526	Control
ENSG00000103512	240	78	162	2.0284886371245294	0.8100267777447189	0.622880095209759	0.18714668253495992	AD
ENSG00000124209	350	454	-104	-1.3628814381895347	0.8698304076167808	0.9422790836060696	-0.07244867598928884	Control
ENSG00000243232	160	25	135	1.6842518249685905	0.7564712883070515	0.37102052960428444	0.385450758702767	AD
ENSG00000185721	201	195	6	0.03956483355688279	0.7866706337399584	0.7886045819696519	-0.001933948229693505	AD
ENSG00000166342	93	152	-59	-0.7891534179296366	0.6890806307646534	0.745462659922642	-0.05638202915798862	Control
ENSG00000090905	141	269	-128	-1.66886971566148	0.7389169889913716	0.8458792026182683	-0.10696221362689673	Control
ENSG00000179083	107	27	80	0.9830286890953817	0.7067836953287712	0.38381434096994943	0.32296935435882174	AD
ENSG00000109158	122	154	-32	-0.44491660577369774	0.7229991074085094	0.7478429038976495	-0.024843796489140146	Control
ENSG00000260804	271	211	60	0.7280384578687604	0.8317465040166617	0.800952097590003	0.03079440642665876	AD
ENSG00000215158	38	175	-137	-1.7836153197134597	0.5544480809282951	0.7689675691758405	-0.2145194882475454	Control
ENSG00000165629	61	186	-125	-1.630621180977487	0.6276405831597739	0.7799761975602499	-0.15233561440047605	Control
ENSG00000177034	191	123	68	0.8300345503594089	0.7781910145789943	0.7061886343350193	0.07200238024397498	AD
ENSG00000184220	75	25	50	0.6005433422554497	0.6582862243379947	0.37102052960428444	0.2872656947337102	AD
ENSG00000177595	17	66	-49	-0.6616583023163258	0.4343945254388575	0.588961618565903	-0.15456709312704553	Control
ENSG00000166762	40	293	-253	-3.2625586608278634	0.5626301695923832	0.8610532579589408	-0.2984230883665576	Control
ENSG00000135454	51	48	3	0.0013162988728895886	0.6016066646831301	0.5177030645641179	0.08390360011901221	AD
ENSG00000220575	15	4	11	0.10331239136353813	0.41594763463254986	0.10874739660815233	0.30720023802439755	AD
ENSG00000107331	14	28	-14	-0.21542539766973856	0.40568283249033027	0.3931865516215412	0.012496280868789067	Control
ENSG00000170464	115	270	-155	-2.0131065278174187	0.7160071407319251	0.8467717941088961	-0.13076465337697107	Control
ENSG00000279425	90	268	-178	-2.3063452937280333	0.6838738470693246	0.8449866111276406	-0.16111276405831598	Control
ENSG00000144895	97	43	54	0.651541388500774	0.6960725974412377	0.49375185956560547	0.20232073787563226	AD
ENSG00000133316	170	19	151	1.8882440099498876	0.7631657244867599	0.31716750966974117	0.44599821481701873	AD
ENSG00000178951	1	1	0	-0.03693223581110361	0.0589110383814341	0.02008330853912526	0.03882772984230884	Control
ENSG00000067225	169	171	-2	-0.06243125893376574	0.7621243677476941	0.7640583159773877	-0.0019339482296936161	Control
ENSG00000069424	37	15	22	0.24355701853817985	0.5496875929782803	0.28072002380243977	0.2689675691758405	AD
ENSG00000196268	55	81	-26	-0.36841953640571135	0.6096399880987802	0.631062183873847	-0.021422195775066877	Control
ENSG00000145934	113	10	103	1.2762674550059963	0.7140731925022314	0.216155905980363	0.49791728652186845	AD
ENSG00000166908	336	227	109	1.3527645243739825	0.864623623921452	0.8168699791728652	0.04775364474858679	AD
ENSG00000171497	6	6	0	-0.03693223581110361	0.28711692948527223	0.15233561440047605	0.13478131508479618	Control
ENSG00000175455	19	129	-110	-1.439378507557521	0.45135376376078545	0.7140731925022314	-0.262719428741446	Control
ENSG00000153814	82	257	-175	-2.26809675904404	0.6709312704552216	0.8369532877119905	-0.1660220172567689	Control
ENSG00000279289	43	58	-15	-0.22817490923106962	0.576167807200238	0.5601011603689379	0.016066646831300102	Control
ENSG00000240891	43	17	26	0.29455506478350413	0.576167807200238	0.2994644451056233	0.27670336209461466	AD
ENSG00000127445	371	277	94	1.1615218509540166	0.881434096994942	0.8503421600714073	0.031091936923534735	AD
ENSG00000121769	106	19	87	1.0722752700246991	0.7052960428443915	0.31716750966974117	0.38812853317465035	AD
ENSG00000182685	51	52	-1	-0.04968174737243468	0.6016066646831301	0.5391252603391847	0.062481404343945335	Control
ENSG00000185158	162	258	-96	-1.260885345698886	0.7579589407914311	0.8382921749479322	-0.08033323415650107	Control
ENSG00000105220	180	37	143	1.786247917459239	0.7694138649211544	0.45745313894674206	0.3119607259744123	AD
ENSG00000164587	10	15	-5	-0.10067979361775894	0.3635822671823862	0.28072002380243977	0.08286224337994641	Control
ENSG00000107077	57	139	-82	-1.082392183840251	0.6157393632847367	0.7283546563522761	-0.11261529306753948	Control
ENSG00000103266	119	174	-55	-0.7381553716843122	0.7197262719428742	0.7674799166914609	-0.04775364474858668	Control
ENSG00000084070	186	82	104	1.2890169665673272	0.7737280571258554	0.6331448973519785	0.1405831597738768	AD
ENSG00000150054	144	38	106	1.3145159896899894	0.7432311811960726	0.4639988098780125	0.27923237131806006	AD
ENSG00000007174	8	34	-26	-0.36841953640571135	0.33234156501041356	0.43588217792323714	-0.10354061291282357	Control
ENSG00000261329	11	23	-12	-0.1899263745470764	0.377268670038679	0.3534662302886046	0.0238024397500744	Control
ENSG00000008869	191	70	121	1.5057586631099553	0.7781910145789943	0.6007140731925023	0.17747694138649206	AD
ENSG00000178988	153	150	3	0.0013162988728895886	0.7512645046117227	0.7438262421898244	0.007438262421898267	AD
ENSG00000196591	203	191	12	0.11606190292486919	0.7880095209759	0.7850342160071407	0.002975304968759307	AD
ENSG00000134072	259	285	-26	-0.36841953640571135	0.8246057720916394	0.8556977090151741	-0.031091936923534624	Control
ENSG00000004897	89	133	-44	-0.5979107445096705	0.682088664088069	0.7183873847069324	-0.03629872061886341	Control
ENSG00000126950	140	95	45	0.5367957844487944	0.7369830407616781	0.6588812853317465	0.07810175542993159	AD
ENSG00000149100	273	220	53	0.638791876939443	0.8333829217494794	0.8095804819994049	0.023802439750074456	AD
ENSG00000104154	36	3	33	0.38380164571282155	0.5450758702767033	0.08196965188931865	0.4631062183873847	AD
ENSG00000053372	178	4	174	2.181482775860502	0.767033620946147	0.10874739660815233	0.6582862243379947	AD
ENSG00000114757	21	35	-14	-0.21542539766973856	0.4669741148467718	0.44376673609044925	0.02320737875632256	Control
ENSG00000250366	61	107	-46	-0.6234097676323327	0.6276405831597739	0.6808985421005653	-0.05325795894079144	Control
ENSG00000198400	4	9	-5	-0.10067979361775894	0.23147872656947338	0.2008330853912526	0.030645641178220773	Control
ENSG00000137177	14	26	-12	-0.1899263745470764	0.40568283249033027	0.3775662005355549	0.028116631954775373	Control
ENSG00000150337	4	30	-26	-0.36841953640571135	0.23147872656947338	0.4089556679559655	-0.17747694138649212	Control
ENSG00000198910	428	331	97	1.1997703856380098	0.9058315977387682	0.8869384111871467	0.018893186551621532	AD
ENSG00000151136	34	3	31	0.35830262259015944	0.5361499553704254	0.08196965188931865	0.4541803034811068	AD
ENSG00000171551	6	13	-7	-0.12617881674042108	0.28711692948527223	0.25825647128830703	0.0288604581969652	Control
ENSG00000163191	17	46	-29	-0.40666807108970454	0.4343945254388575	0.5077357929187741	-0.07334126747991665	Control
ENSG00000123384	1	1	0	-0.03693223581110361	0.0589110383814341	0.02008330853912526	0.03882772984230884	Control
ENSG00000006128	95	8	87	1.0722752700246991	0.6927997619756024	0.18670038678964593	0.5060993751859565	AD
ENSG00000084710	24	87	-63	-0.8401514641749609	0.4870574233858971	0.64400476048795	-0.1569473371020529	Control
ENSG00000075651	32	48	-16	-0.2409244207924007	0.5267777447188337	0.5177030645641179	0.009074680154715797	Control
ENSG00000157954	110	122	-12	-0.1899263745470764	0.7108003570365963	0.7041059208568878	0.006694436179708441	Control
ENSG00000066933	123	2	121	1.5057586631099553	0.724189229396013	0.05385301993454329	0.6703362094614698	AD
ENSG00000108798	16	53	-37	-0.508664163580353	0.42591490627789347	0.5432906872954478	-0.11737578101755436	Control
ENSG00000247137	77	310	-233	-3.007568429601242	0.6623028860458197	0.872954477833978	-0.2106515917881583	Control
ENSG00000004838	7	12	-5	-0.10067979361775894	0.3122582564712883	0.24397500743826242	0.06828324903302588	Control
ENSG00000198216	36	3	33	0.38380164571282155	0.5450758702767033	0.08196965188931865	0.4631062183873847	AD
ENSG00000157219	149	116	33	0.38380164571282155	0.7490330258851532	0.6962213626896757	0.052811663195477476	AD
ENSG00000086730	9	40	-31	-0.43216709421236665	0.34811068134483786	0.47560249925617376	-0.1274918179113359	Control
ENSG00000035115	48	76	-28	-0.3939185595283735	0.5900029753049688	0.6167807200238025	-0.02677774471883365	Control
ENSG00000224660	61	109	-48	-0.6489087907549947	0.6276405831597739	0.6850639690568283	-0.057423385897054424	Control
ENSG00000124659	178	226	-48	-0.6489087907549947	0.767033620946147	0.8155310919369235	-0.0484974709907765	Control
ENSG00000128578	100	87	13	0.12881141448620026	0.6987503719131211	0.64400476048795	0.05474561142517109	AD
ENSG00000267749	79	66	13	0.12881141448620026	0.6664683130020828	0.588961618565903	0.07750669443617975	AD
ENSG00000100320	256	290	-34	-0.47041562889635985	0.8211841713775662	0.8592680749776852	-0.03808390360011904	Control
ENSG00000140743	180	41	139	1.7352498712139148	0.7694138649211544	0.4805117524546266	0.2889021124665278	AD
ENSG00000205133	235	158	77	0.9447801544113884	0.8070514727759596	0.7505206783695328	0.05653079440642672	AD
ENSG00000172493	7	66	-59	-0.7891534179296366	0.3122582564712883	0.588961618565903	-0.2767033620946147	Control
ENSG00000138175	289	304	-15	-0.22817490923106962	0.8417137756620053	0.868937816126153	-0.027224040464147614	Control
ENSG00000125851	84	5	79	0.9702791775340506	0.6740553406724189	0.13091341862540912	0.5431419220470097	AD
ENSG00000103154	251	302	-51	-0.687157325438988	0.8186551621541208	0.8678964593870871	-0.04924129723296633	Control
ENSG00000273156	63	134	-71	-0.9421475566656095	0.631508479619161	0.720172567688188	-0.08866408806902704	Control
ENSG00000117266	19	35	-16	-0.2409244207924007	0.45135376376078545	0.44376673609044925	0.007587027670336199	Control
ENSG00000148120	20	44	-24	-0.34292051328304923	0.4587920261826837	0.499851234751562	-0.04105920856887829	Control
ENSG00000116251	80	137	-57	-0.7636543948069744	0.6679559654864624	0.724337994644451	-0.05638202915798862	Control
ENSG00000144021	165	32	133	1.6587528018459283	0.7594465932758108	0.42100565307944066	0.3384409401963701	AD
ENSG00000164176	20	38	-18	-0.26642344391506284	0.4587920261826837	0.4639988098780125	-0.005206783695328787	Control
ENSG00000089220	200	203	-3	-0.0751807704950968	0.7859268074977686	0.7948527224040464	-0.00892591490627781	Control
ENSG00000115839	105	90	15	0.1543104376088624	0.703659625111574	0.6504016661707825	0.05325795894079144	AD
ENSG00000008118	7	1	6	0.03956483355688279	0.3122582564712883	0.02008330853912526	0.29217494793216303	AD
ENSG00000108344	224	151	73	0.8937821081660642	0.8018446890806308	0.7447188336804522	0.05712585540017856	AD
ENSG00000223745	23	175	-152	-1.9748579931334256	0.48021422195775065	0.7689675691758405	-0.2887533472180899	Control
ENSG00000162341	84	186	-102	-1.3373824150668725	0.6740553406724189	0.7799761975602499	-0.10592085688783104	Control
ENSG00000198954	105	34	71	0.868283085043402	0.703659625111574	0.43588217792323714	0.26777744718833685	AD
ENSG00000101220	185	143	42	0.4985472497648012	0.7731329961321035	0.7344540315382326	0.03867896459387088	AD
ENSG00000111752	59	76	-17	-0.25367393235373176	0.6234751562035109	0.6167807200238025	0.006694436179708441	Control
ENSG00000167699	86	210	-124	-1.617871669416156	0.6771794108896162	0.7993156798571853	-0.12213626896756913	Control
ENSG00000159335	198	308	-110	-1.439378507557521	0.7833977982743231	0.8713180601011604	-0.08792026182683732	Control
ENSG00000158526	320	228	92	1.1360228278313544	0.8573341267479917	0.817911335911931	0.039422790836060706	AD
ENSG00000104164	257	97	160	2.002989614001867	0.822225528116632	0.6623028860458197	0.1599226420708123	AD
ENSG00000259946	19	52	-33	-0.45766611733502877	0.45135376376078545	0.5391252603391847	-0.08777149657839928	Control
ENSG00000103316	18	9	9	0.077813368240876	0.44346920559357333	0.2008330853912526	0.24263612020232073	AD
ENSG00000122435	15	92	-77	-1.0186446260335957	0.41594763463254986	0.6532282058911039	-0.237280571258554	Control
ENSG00000273507	16	11	5	0.02681532199555172	0.42591490627789347	0.23073490032728355	0.19518000595060991	AD
ENSG00000088247	135	75	60	0.7280384578687604	0.7322225528116632	0.614251710800357	0.11797084201130614	AD
ENSG00000184203	32	42	-10	-0.16442735142441428	0.5267777447188337	0.4869086581374591	0.03986908658137456	Control
ENSG00000180329	180	262	-82	-1.082392183840251	0.7694138649211544	0.8412674799166915	-0.07185361499553711	Control
ENSG00000135636	11	6	5	0.02681532199555172	0.377268670038679	0.15233561440047605	0.22493305563820293	AD
ENSG00000087448	67	221	-154	-2.0003570162560877	0.639839333531687	0.8107706039869087	-0.17093127045522172	Control
ENSG00000204131	220	143	77	0.9447801544113884	0.7996132103540613	0.7344540315382326	0.06515917881582867	AD
ENSG00000106399	103	65	38	0.44754920351947697	0.7011306158881285	0.5842011306158881	0.11692948527224045	AD
ENSG00000197430	8	24	-16	-0.2409244207924007	0.33234156501041356	0.3622433799464445	-0.029901814936030946	Control
ENSG00000286342	216	118	98	1.212519897199341	0.7976792621243678	0.6986016066646832	0.09907765545968461	AD
ENSG00000120251	105	118	-13	-0.20267588610840748	0.703659625111574	0.6986016066646832	0.0050580184468908	Control
ENSG00000206418	234	383	-149	-1.9366094584494324	0.8066051770306456	0.9147575126450461	-0.10815233561440052	Control
ENSG00000177181	117	168	-51	-0.687157325438988	0.7180898542100566	0.7603391847664386	-0.042249330556382025	Control
ENSG00000119411	35	17	18	0.1925589722928556	0.5404641475751264	0.2994644451056233	0.24099970246950309	AD
ENSG00000147604	23	29	-6	-0.11342930517909	0.48021422195775065	0.40181493603094315	0.0783992859268075	Control
ENSG00000072832	80	102	-22	-0.3174214901603871	0.6679559654864624	0.6716750966974114	-0.0037191312109490227	Control
ENSG00000176401	77	58	19	0.20530848385418665	0.6623028860458197	0.5601011603689379	0.1022017256768818	AD
ENSG00000171951	14	3	11	0.10331239136353813	0.40568283249033027	0.08196965188931865	0.3237131806010116	AD
ENSG00000108465	38	159	-121	-1.5796231347321628	0.5544480809282951	0.7517108003570366	-0.19726271942874152	Control
ENSG00000148834	97	8	89	1.0977742931473613	0.6960725974412377	0.18670038678964593	0.5093722106515918	AD
ENSG00000276517	25	38	-13	-0.20267588610840748	0.4931567985718536	0.4639988098780125	0.02915798869384112	Control
ENSG00000163950	66	23	43	0.5112967613261323	0.6377566200535555	0.3534662302886046	0.2842903897649509	AD
ENSG00000164615	140	31	109	1.3527645243739825	0.7369830407616781	0.41535257363879796	0.3216304671228801	AD
ENSG00000177614	73	193	-120	-1.5668736231708316	0.6545670931270455	0.7875632252305861	-0.13299613210354055	Control
ENSG00000214548	28	56	-28	-0.3939185595283735	0.5089259149062779	0.5523653674501636	-0.043439452543885704	Control
ENSG00000177733	68	149	-81	-1.06964267227892	0.6419220470098185	0.7426361202023207	-0.10071407319250225	Control
ENSG00000137727	30	42	-12	-0.1899263745470764	0.5191907170484975	0.4869086581374591	0.032282058911038414	Control
ENSG00000169181	84	218	-134	-1.7453667850294665	0.6740553406724189	0.8067539422790836	-0.1326986016066647	Control
ENSG00000128815	6	25	-19	-0.27917295547639387	0.28711692948527223	0.37102052960428444	-0.08390360011901221	Control
ENSG00000134265	159	103	56	0.6770404116234362	0.7555786968164236	0.673609044927105	0.0819696518893186	AD
ENSG00000204619	99	172	-73	-0.9676465797882715	0.6978577804224934	0.7655459684617674	-0.06768818803927401	Control
ENSG00000171865	35	41	-6	-0.11342930517909	0.5404641475751264	0.4805117524546266	0.059952395120499824	Control
ENSG00000196950	195	212	-17	-0.25367393235373176	0.7816126152930676	0.8025885153228206	-0.020975900029753025	Control
ENSG00000143858	23	74	-51	-0.687157325438988	0.48021422195775065	0.6123177625706635	-0.13210354061291285	Control
ENSG00000135976	63	176	-113	-1.4776270422415143	0.631508479619161	0.7701576911633442	-0.1386492115441832	Control
ENSG00000137462	5	51	-46	-0.6234097676323327	0.26152930675394226	0.5336209461469801	-0.2720916393930378	Control
ENSG00000165566	15	8	7	0.05231434511821386	0.41594763463254986	0.18670038678964593	0.22924724784290393	AD
ENSG00000162975	7	35	-28	-0.3939185595283735	0.3122582564712883	0.44376673609044925	-0.13150847961916096	Control
ENSG00000115947	72	104	-32	-0.44491660577369774	0.6521868491520381	0.6756917584052365	-0.02350490925319848	Control
ENSG00000172731	27	33	-6	-0.11342930517909	0.5032728354656353	0.42784885450758703	0.07542398095804825	Control
ENSG00000111664	35	59	-24	-0.34292051328304923	0.5404641475751264	0.563373995834573	-0.02290984825944664	Control
ENSG00000114391	27	24	3	0.0013162988728895886	0.5032728354656353	0.3622433799464445	0.14102945551919077	AD
ENSG00000149716	48	42	6	0.03956483355688279	0.5900029753049688	0.4869086581374591	0.10309431716750972	AD
ENSG00000135333	111	27	84	1.034026735340706	0.7121392442725379	0.38381434096994943	0.3283249033025885	AD
ENSG00000160323	27	122	-95	-1.248135834137555	0.5032728354656353	0.7041059208568878	-0.20083308539125255	Control
ENSG00000241553	91	45	46	0.5495452960101255	0.6846176733115145	0.5038678964593871	0.18074977685212734	AD
ENSG00000119383	190	159	31	0.35830262259015944	0.7774471883368045	0.7517108003570366	0.02573638797976785	AD
ENSG00000124688	153	68	85	1.046776246902037	0.7512645046117227	0.5949122285034216	0.15635227610830105	AD
ENSG00000184117	243	343	-100	-1.3118833919442103	0.8122582564712884	0.8943766736090449	-0.08211841713775658	Control
ENSG00000157259	35	47	-12	-0.1899263745470764	0.5404641475751264	0.5127938113656649	0.027670336209461466	Control
ENSG00000167641	35	44	-9	-0.1516778398630832	0.5404641475751264	0.499851234751562	0.040612912823564384	Control
ENSG00000104129	35	65	-30	-0.41941758265103557	0.5404641475751264	0.5842011306158881	-0.04373698304076168	Control
ENSG00000184752	89	67	22	0.24355701853817985	0.682088664088069	0.5925319845284142	0.08955667955965485	AD
ENSG00000197748	6	32	-26	-0.36841953640571135	0.28711692948527223	0.42100565307944066	-0.13388872359416842	Control
ENSG00000171004	522	434	88	1.08502478158603	0.9410889616185659	0.936626004165427	0.00446295745313896	AD
ENSG00000115459	38	54	-16	-0.2409244207924007	0.5544480809282951	0.5458196965188932	0.008628384409401946	Control
ENSG00000164114	180	39	141	1.760748894336577	0.7694138649211544	0.470395715560845	0.2990181493603094	AD
ENSG00000143473	70	11	59	0.7152889463074293	0.6471288307051473	0.23073490032728355	0.4163939303778637	AD
ENSG00000174516	120	27	93	1.1487723393926856	0.7209163939303779	0.38381434096994943	0.33710205296042844	AD
ENSG00000118160	43	70	-27	-0.38116904796704243	0.576167807200238	0.6007140731925023	-0.024546265992264282	Control
ENSG00000093167	64	181	-117	-1.5286250884868384	0.6337399583457305	0.7749181791133591	-0.14117822076762865	Control
ENSG00000184905	113	87	26	0.29455506478350413	0.7140731925022314	0.64400476048795	0.07006843201428148	AD
ENSG00000204899	76	208	-132	-1.7198677619068043	0.6596251115739363	0.7976792621243678	-0.13805415055043146	Control
ENSG00000148600	142	65	77	0.9447801544113884	0.7407021719726272	0.5842011306158881	0.15650104135673915	AD
ENSG00000204314	116	223	-107	-1.4011299728735278	0.7168997322225528	0.8127045522166022	-0.09580481999404944	Control
ENSG00000181458	46	12	34	0.39655115727415263	0.5855400178518299	0.24397500743826242	0.34156501041356746	AD
ENSG00000253641	37	82	-45	-0.6106602560710016	0.5496875929782803	0.6331448973519785	-0.08345730437369825	Control
ENSG00000178719	46	16	30	0.34555311102882835	0.5855400178518299	0.2897947039571556	0.29574531389467423	AD
ENSG00000106344	5	22	-17	-0.25367393235373176	0.26152930675394226	0.3436477238916989	-0.08211841713775664	Control
ENSG00000115806	123	106	17	0.17980946073152454	0.724189229396013	0.6783695328771199	0.04581969651889317	AD
ENSG00000196954	2	19	-17	-0.25367393235373176	0.1474263612020232	0.31716750966974117	-0.16974114846771796	Control
ENSG00000121310	66	137	-71	-0.9421475566656095	0.6377566200535555	0.724337994644451	-0.08658137459089554	Control
ENSG00000163660	56	36	20	0.2180579954155177	0.6117227015769117	0.4506099375185957	0.16111276405831598	AD
ENSG00000173258	110	25	85	1.046776246902037	0.7108003570365963	0.37102052960428444	0.33977982743231183	AD
ENSG00000150712	37	27	10	0.09056287980220706	0.5496875929782803	0.38381434096994943	0.16587325200833086	AD
ENSG00000179406	40	64	-24	-0.34292051328304923	0.5626301695923832	0.5803332341565011	-0.017703064564117854	Control
ENSG00000147852	64	153	-89	-1.1716387647695685	0.6337399583457305	0.7466527819101458	-0.11291282356441534	Control
ENSG00000255182	9	12	-3	-0.0751807704950968	0.34811068134483786	0.24397500743826242	0.10413567390657544	Control
ENSG00000136504	69	15	54	0.651541388500774	0.6444510562332639	0.28072002380243977	0.36373103243082416	AD
ENSG00000162889	6	83	-77	-1.0186446260335957	0.28711692948527223	0.6350788455816722	-0.3479619160963999	Control
ENSG00000008324	53	30	23	0.25630653009951093	0.6071109788753347	0.4089556679559655	0.19815531091936922	AD
ENSG00000144635	66	19	47	0.5622948075714566	0.6377566200535555	0.31716750966974117	0.3205891103838143	AD
ENSG00000137221	16	27	-11	-0.17717686298574534	0.42591490627789347	0.38381434096994943	0.04210056530794404	Control
ENSG00000143952	25	74	-49	-0.6616583023163258	0.4931567985718536	0.6123177625706635	-0.11916096399880988	Control
ENSG00000132423	141	246	-105	-1.3756309497508656	0.7389169889913716	0.8304076167807201	-0.09149062778934847	Control
ENSG00000185787	140	62	78	0.9575296659727195	0.7369830407616781	0.5736387979767926	0.16334424278488546	AD
ENSG00000004660	189	99	90	1.1105238047086923	0.7764058315977388	0.6658732520083308	0.11053257958940799	AD
ENSG00000163531	5	5	0	-0.03693223581110361	0.26152930675394226	0.13091341862540912	0.13061588812853314	Control
ENSG00000259972	54	177	-123	-1.605122157854825	0.6083011008628384	0.770901517405534	-0.16260041654269564	Control
ENSG00000091483	7	4	3	0.0013162988728895886	0.3122582564712883	0.10874739660815233	0.20351085986313597	AD
ENSG00000047579	45	4	41	0.48579773820347016	0.5827134781315085	0.10874739660815233	0.4739660815233562	AD
ENSG00000134108	32	23	9	0.077813368240876	0.5267777447188337	0.3534662302886046	0.17331151443022907	AD
ENSG00000108387	51	78	-27	-0.38116904796704243	0.6016066646831301	0.622880095209759	-0.02127343052662889	Control
ENSG00000233237	24	106	-82	-1.082392183840251	0.4870574233858971	0.6783695328771199	-0.1913121094912228	Control
ENSG00000136819	69	111	-42	-0.5724117213870084	0.6444510562332639	0.6890806307646534	-0.04462957453138949	Control
ENSG00000105397	40	141	-101	-1.3246329035055413	0.5626301695923832	0.7316274918179113	-0.1689973222255281	Control
ENSG00000279432	122	124	-2	-0.06243125893376574	0.7229991074085094	0.7081225825647128	0.014876524843796535	Control
ENSG00000066084	31	57	-26	-0.36841953640571135	0.5223147872656947	0.5563820291579887	-0.03406724189229404	Control
ENSG00000108176	133	84	49	0.5877938306941187	0.7314787265694733	0.6376078548051175	0.09387087176435582	AD
ENSG00000281195	63	163	-100	-1.3118833919442103	0.631508479619161	0.7557274620648616	-0.12421898244570062	Control
ENSG00000062485	97	58	39	0.460298715080808	0.6960725974412377	0.5601011603689379	0.13597143707229986	AD
ENSG00000110696	94	86	8	0.06506385667954492	0.6914608747396608	0.6420708122582565	0.04939006248140432	AD
ENSG00000281649	126	65	61	0.7407879694300915	0.7267182386194585	0.5842011306158881	0.14251710800357043	AD
ENSG00000279348	147	126	21	0.23080750697684876	0.7463552514132699	0.7106515917881583	0.03570365962511157	AD
ENSG00000134014	52	31	21	0.23080750697684876	0.6047307349003272	0.41535257363879796	0.1893781612615293	AD
ENSG00000211460	32	48	-16	-0.2409244207924007	0.5267777447188337	0.5177030645641179	0.009074680154715797	Control
ENSG00000137409	57	114	-57	-0.7636543948069744	0.6157393632847367	0.6936923534662303	-0.0779529901814936	Control
ENSG00000140740	85	79	6	0.03956483355688279	0.6756917584052365	0.6258554001785183	0.04983635822671828	AD
ENSG00000008277	100	151	-51	-0.687157325438988	0.6987503719131211	0.7447188336804522	-0.04596846176733116	Control
ENSG00000084093	10	62	-52	-0.6999068370003191	0.3635822671823862	0.5736387979767926	-0.21005653079440645	Control
ENSG00000227388	50	180	-130	-1.6943687387841422	0.5978875334721809	0.7740255876227313	-0.1761380541505504	Control
ENSG00000069509	210	196	14	0.14156092604753132	0.7938113656649807	0.7894971734602797	0.004314192204700973	AD
ENSG00000058404	55	92	-37	-0.508664163580353	0.6096399880987802	0.6532282058911039	-0.04358821779232369	Control
ENSG00000185246	53	81	-28	-0.3939185595283735	0.6071109788753347	0.631062183873847	-0.023951204998512332	Control
ENSG00000139579	9	24	-15	-0.22817490923106962	0.34811068134483786	0.3622433799464445	-0.014132698601606652	Control
ENSG00000171811	3	28	-25	-0.3556700248443803	0.19518000595060994	0.3931865516215412	-0.19800654567093126	Control
ENSG00000128203	88	31	57	0.6897899231847672	0.6800059506099375	0.41535257363879796	0.26465337697113955	AD
ENSG00000110148	22	47	-25	-0.3556700248443803	0.4736685510264802	0.5127938113656649	-0.03912526033918473	Control
ENSG00000136710	41	89	-48	-0.6489087907549947	0.5672418922939602	0.6486164831895269	-0.08137459089556676	Control
ENSG00000112541	14	30	-16	-0.2409244207924007	0.40568283249033027	0.4089556679559655	-0.0032728354656352265	Control
ENSG00000157851	128	149	-21	-0.30467197859905604	0.7280571258554002	0.7426361202023207	-0.01457899434692056	Control
ENSG00000123349	80	74	6	0.03956483355688279	0.6679559654864624	0.6123177625706635	0.05563820291579891	AD
ENSG00000124733	52	100	-48	-0.6489087907549947	0.6047307349003272	0.6681047307349003	-0.06337399583457304	Control
ENSG00000127837	35	55	-20	-0.29192246703772495	0.5404641475751264	0.5486462362392145	-0.008182088664088094	Control
ENSG00000162729	71	89	-18	-0.26642344391506284	0.6498066051770306	0.6486164831895269	0.0011901219875036784	Control
ENSG00000139977	78	122	-44	-0.5979107445096705	0.6649806605177031	0.7041059208568878	-0.03912526033918473	Control
ENSG00000105983	141	174	-33	-0.45766611733502877	0.7389169889913716	0.7674799166914609	-0.02856292770008928	Control
ENSG00000033030	52	73	-21	-0.30467197859905604	0.6047307349003272	0.6090449271050282	-0.004314192204700973	Control
ENSG00000255302	87	308	-221	-2.854574290865269	0.6785182981255579	0.8713180601011604	-0.19279976197560256	Control
ENSG00000182747	93	113	-20	-0.29192246703772495	0.6890806307646534	0.6917584052365368	-0.002677774471883332	Control
ENSG00000122406	16	29	-13	-0.20267588610840748	0.42591490627789347	0.40181493603094315	0.02409997024695032	Control
ENSG00000227398	46	26	20	0.2180579954155177	0.5855400178518299	0.3775662005355549	0.20797381731627496	AD
ENSG00000127561	76	3	73	0.8937821081660642	0.6596251115739363	0.08196965188931865	0.5776554596846177	AD
ENSG00000104365	12	32	-20	-0.29192246703772495	0.3882772984230884	0.42100565307944066	-0.032728354656352265	Control
ENSG00000198863	266	100	166	2.0794866833698538	0.8283249033025886	0.6681047307349003	0.16022017256768828	AD
ENSG00000109689	21	3	18	0.1925589722928556	0.4669741148467718	0.08196965188931865	0.38500446295745316	AD
ENSG00000148826	30	51	-21	-0.30467197859905604	0.5191907170484975	0.5336209461469801	-0.014430229098482572	Control
ENSG00000104093	90	38	52	0.6260423653781119	0.6838738470693246	0.4639988098780125	0.21987503719131213	AD
ENSG00000011132	29	49	-20	-0.29192246703772495	0.5144302290984826	0.5230586135078845	-0.008628384409401946	Control
ENSG00000166348	18	47	-29	-0.40666807108970454	0.44346920559357333	0.5127938113656649	-0.0693246057720916	Control
ENSG00000146223	43	4	39	0.460298715080808	0.576167807200238	0.10874739660815233	0.4674204105920856	AD
ENSG00000103423	245	88	157	1.964741079317874	0.8140434394525439	0.6460874739660816	0.1679559654864623	AD
ENSG00000108797	93	34	59	0.7152889463074293	0.6890806307646534	0.43588217792323714	0.2531984528414163	AD
ENSG00000152193	43	50	-7	-0.12617881674042108	0.576167807200238	0.5284141624516513	0.04775364474858668	Control
ENSG00000138668	44	93	-49	-0.6616583023163258	0.5801844689080631	0.6551621541207974	-0.07497768521273429	Control
ENSG00000158315	16	19	-3	-0.0751807704950968	0.42591490627789347	0.31716750966974117	0.1087473966081523	Control
ENSG00000249592	68	93	-25	-0.3556700248443803	0.6419220470098185	0.6551621541207974	-0.013240107110978894	Control
ENSG00000178171	71	6	65	0.7917860156754157	0.6498066051770306	0.15233561440047605	0.49747099077655454	AD
ENSG00000177600	8	17	-9	-0.1516778398630832	0.33234156501041356	0.2994644451056233	0.03287711990479025	Control
ENSG00000184515	212	291	-79	-1.044143649156258	0.7950014876524844	0.860011901219875	-0.06501041356739068	Control
ENSG00000111481	65	37	28	0.32005408790616624	0.635673906575424	0.45745313894674206	0.17822076762868194	AD
ENSG00000109466	58	3	55	0.6642909000621051	0.6204998512347516	0.08196965188931865	0.538530199345433	AD
ENSG00000147099	213	415	-202	-2.612333571199979	0.7957453138946742	0.9284439155013389	-0.1326986016066647	Control
ENSG00000204394	76	3	73	0.8937821081660642	0.6596251115739363	0.08196965188931865	0.5776554596846177	AD
ENSG00000110344	174	201	-27	-0.38116904796704243	0.7650996727164534	0.7932163046712288	-0.02811663195477543	Control
ENSG00000243302	82	212	-130	-1.6943687387841422	0.6709312704552216	0.8025885153228206	-0.131657244867599	Control
ENSG00000138741	4	9	-5	-0.10067979361775894	0.23147872656947338	0.2008330853912526	0.030645641178220773	Control
ENSG00000102886	17	17	0	-0.03693223581110361	0.4343945254388575	0.2994644451056233	0.13493008033323417	Control
ENSG00000084731	74	164	-90	-1.1843882763308997	0.656947337102053	0.7563225230586135	-0.09937518595656047	Control
ENSG00000107872	103	77	26	0.29455506478350413	0.7011306158881285	0.6200535554894376	0.08107706039869089	AD
ENSG00000116459	35	115	-80	-1.056893160717589	0.5404641475751264	0.6953287711990479	-0.1548646236239215	Control
ENSG00000110427	84	149	-65	-0.8656504872976231	0.6740553406724189	0.7426361202023207	-0.06858077952990183	Control
ENSG00000196549	33	39	-6	-0.11342930517909	0.5322820589110384	0.470395715560845	0.06188634335019344	Control
ENSG00000120798	46	193	-147	-1.9111104353267703	0.5855400178518299	0.7875632252305861	-0.20202320737875623	Control
ENSG00000109381	42	56	-14	-0.21542539766973856	0.5709610235049093	0.5523653674501636	0.01859565605474567	Control
ENSG00000102780	63	88	-25	-0.3556700248443803	0.631508479619161	0.6460874739660816	-0.01457899434692056	Control
ENSG00000175395	105	279	-174	-2.255347247482709	0.703659625111574	0.8519785778042249	-0.14831895269265094	Control
ENSG00000130479	78	13	65	0.7917860156754157	0.6649806605177031	0.25825647128830703	0.40672418922939607	AD
ENSG00000161016	2	12	-10	-0.16442735142441428	0.1474263612020232	0.24397500743826242	-0.09654864623623921	Control
ENSG00000167258	57	147	-90	-1.1843882763308997	0.6157393632847367	0.7398095804819994	-0.12407021719726274	Control
ENSG00000066654	167	108	59	0.7152889463074293	0.7610830110086284	0.6831300208271348	0.0779529901814936	AD
ENSG00000168096	47	138	-91	-1.1971377878922307	0.5879202618268372	0.7264207081225825	-0.13850044629574532	Control
ENSG00000127824	59	2	57	0.6897899231847672	0.6234751562035109	0.05385301993454329	0.5696221362689676	AD
ENSG00000170537	37	62	-25	-0.3556700248443803	0.5496875929782803	0.5736387979767926	-0.023951204998512332	Control
ENSG00000071054	10	28	-18	-0.26642344391506284	0.3635822671823862	0.3931865516215412	-0.029604284439155026	Control
ENSG00000186487	72	183	-111	-1.4521280191188521	0.6521868491520381	0.7772984230883666	-0.12511157393632855	Control
ENSG00000123562	227	8	219	2.7552107961204	0.8031835763165724	0.18670038678964593	0.6164831895269265	AD
ENSG00000108106	108	14	94	1.1615218509540166	0.7087176435584648	0.2704552216602202	0.4382624218982446	AD
ENSG00000134684	85	32	53	0.638791876939443	0.6756917584052365	0.42100565307944066	0.2546861053257959	AD
ENSG00000134590	349	72	277	3.4946824666776015	0.868937816126153	0.6051770306456412	0.26376078548051174	AD
ENSG00000163823	4	27	-23	-0.33017100172171815	0.23147872656947338	0.38381434096994943	-0.15233561440047605	Control
ENSG00000254087	22	79	-57	-0.7636543948069744	0.4736685510264802	0.6258554001785183	-0.15218684915203806	Control
ENSG00000276293	40	47	-7	-0.12617881674042108	0.5626301695923832	0.5127938113656649	0.04983635822671828	Control
ENSG00000075413	50	42	8	0.06506385667954492	0.5978875334721809	0.4869086581374591	0.11097887533472184	AD
ENSG00000279495	68	137	-69	-0.9166485335429473	0.6419220470098185	0.724337994644451	-0.08241594763463256	Control
ENSG00000085721	73	6	67	0.8172850387980778	0.6545670931270455	0.15233561440047605	0.5022314787265695	AD
ENSG00000069956	270	326	-56	-0.7509048832456433	0.8308539125260339	0.8839631062183874	-0.05310919369235345	Control
ENSG00000101977	286	257	29	0.3328035994674973	0.8400773579291877	0.8369532877119905	0.0031240702171971835	AD
ENSG00000243710	6	6	0	-0.03693223581110361	0.28711692948527223	0.15233561440047605	0.13478131508479618	Control
ENSG00000122126	222	22	200	2.51297007645511	0.8006545670931271	0.3436477238916989	0.4570068432014282	AD
ENSG00000145246	6	37	-31	-0.43216709421236665	0.28711692948527223	0.45745313894674206	-0.17033620946146982	Control
ENSG00000107175	119	41	78	0.9575296659727195	0.7197262719428742	0.4805117524546266	0.23921451948824762	AD
ENSG00000156398	13	56	-43	-0.5851612329483394	0.39764950907468016	0.5523653674501636	-0.15471585837548346	Control
ENSG00000071626	71	136	-65	-0.8656504872976231	0.6498066051770306	0.7225528116631955	-0.07274620648616492	Control
ENSG00000279659	68	147	-79	-1.044143649156258	0.6419220470098185	0.7398095804819994	-0.09788753347218093	Control
ENSG00000167515	107	97	10	0.09056287980220706	0.7067836953287712	0.6623028860458197	0.044480809282951506	AD
ENSG00000161204	103	157	-54	-0.7254058601229811	0.7011306158881285	0.749776852127343	-0.04864623623921449	Control
ENSG00000104142	35	15	20	0.2180579954155177	0.5404641475751264	0.28072002380243977	0.25974412377268663	AD
ENSG00000279789	37	91	-54	-0.7254058601229811	0.5496875929782803	0.6517405534067242	-0.10205296042844392	Control
ENSG00000203879	712	631	81	0.9957782006567127	0.983338292174948	0.9892889021124666	-0.005950609937518614	AD
ENSG00000068354	228	192	36	0.4220501803968148	0.8037786373103243	0.7863731032430824	0.01740553406724188	AD
ENSG00000137076	10	139	-129	-1.681619227222811	0.3635822671823862	0.7283546563522761	-0.36477238916988997	Control
ENSG00000204946	52	110	-58	-0.7764039063683055	0.6047307349003272	0.6872954477833978	-0.08256471288307055	Control
ENSG00000167968	57	59	-2	-0.06243125893376574	0.6157393632847367	0.563373995834573	0.052365367450163625	Control
ENSG00000203747	9	43	-34	-0.47041562889635985	0.34811068134483786	0.49375185956560547	-0.1456411782207676	Control
ENSG00000274925	67	208	-141	-1.834613365958784	0.639839333531687	0.7976792621243678	-0.1578399285926808	Control
ENSG00000233006	45	127	-82	-1.082392183840251	0.5827134781315085	0.7112466527819101	-0.1285331746504016	Control
ENSG00000171033	117	219	-102	-1.3373824150668725	0.7180898542100566	0.8082415947634632	-0.09015174055340669	Control
ENSG00000125901	181	4	177	2.2197313105444954	0.771050282653972	0.10874739660815233	0.6623028860458197	AD
ENSG00000197070	42	72	-30	-0.41941758265103557	0.5709610235049093	0.6051770306456412	-0.03421600714073192	Control
ENSG00000018189	132	86	46	0.5495452960101255	0.7302886045819696	0.6420708122582565	0.08821779232371318	AD
ENSG00000158290	102	11	91	1.1232733162700235	0.7000892591490627	0.23073490032728355	0.46935435882177917	AD
ENSG00000139218	28	168	-140	-1.8218638543974528	0.5089259149062779	0.7603391847664386	-0.25141326986016066	Control
ENSG00000116133	79	102	-23	-0.33017100172171815	0.6664683130020828	0.6716750966974114	-0.005206783695328676	Control
ENSG00000175106	3	51	-48	-0.6489087907549947	0.19518000595060994	0.5336209461469801	-0.33844094019637017	Control
ENSG00000025039	81	1	80	0.9830286890953817	0.6694436179708421	0.02008330853912526	0.6493603094317169	AD
ENSG00000284707	57	128	-71	-0.9421475566656095	0.6157393632847367	0.7124367747694139	-0.09669741148467725	Control
ENSG00000143590	29	38	-9	-0.1516778398630832	0.5144302290984826	0.4639988098780125	0.050431419220470064	Control
ENSG00000064651	30	49	-19	-0.27917295547639387	0.5191907170484975	0.5230586135078845	-0.00386789645938701	Control
ENSG00000165752	105	205	-100	-1.3118833919442103	0.703659625111574	0.7960428443915502	-0.09238321927997617	Control
ENSG00000134138	121	66	55	0.6642909000621051	0.7219577506694436	0.588961618565903	0.13299613210354055	AD
ENSG00000139737	32	94	-62	-0.8274019526136298	0.5267777447188337	0.6572448675989289	-0.1304671228800952	Control
ENSG00000140688	53	20	33	0.38380164571282155	0.6071109788753347	0.3249033025885153	0.2822076762868194	AD
ENSG00000118432	21	20	1	-0.024182724249772546	0.4669741148467718	0.3249033025885153	0.14207081225825652	AD
ENSG00000228393	36	37	-1	-0.04968174737243468	0.5450758702767033	0.45745313894674206	0.08762273132996129	Control
ENSG00000071082	4	10	-6	-0.11342930517909	0.23147872656947338	0.216155905980363	0.015322820589110386	Control
ENSG00000136110	73	99	-26	-0.36841953640571135	0.6545670931270455	0.6658732520083308	-0.011306158881285278	Control
ENSG00000106133	10	21	-11	-0.17717686298574534	0.3635822671823862	0.3333829217494793	0.030199345432906866	Control
ENSG00000087191	96	279	-183	-2.3700928515346886	0.6941386492115442	0.8519785778042249	-0.1578399285926807	Control
ENSG00000100207	92	137	-45	-0.6106602560710016	0.686254091044332	0.724337994644451	-0.03808390360011904	Control
ENSG00000279342	47	84	-37	-0.508664163580353	0.5879202618268372	0.6376078548051175	-0.04968759297828029	Control
ENSG00000170835	22	35	-13	-0.20267588610840748	0.4736685510264802	0.44376673609044925	0.029901814936030946	Control
ENSG00000183617	31	21	10	0.09056287980220706	0.5223147872656947	0.3333829217494793	0.18893186551621538	AD
ENSG00000105258	116	122	-6	-0.11342930517909	0.7168997322225528	0.7041059208568878	0.012793811365664931	Control
ENSG00000130764	108	67	41	0.48579773820347016	0.7087176435584648	0.5925319845284142	0.11618565903005063	AD
ENSG00000099622	1	3	-2	-0.06243125893376574	0.0589110383814341	0.08196965188931865	-0.023058613507884552	Control
ENSG00000113552	111	34	77	0.9447801544113884	0.7121392442725379	0.43588217792323714	0.2762570663493008	AD
ENSG00000186889	69	35	34	0.39655115727415263	0.6444510562332639	0.44376673609044925	0.20068432014281468	AD
ENSG00000114784	104	11	93	1.1487723393926856	0.7021719726271943	0.23073490032728355	0.4714370722999108	AD
ENSG00000249992	37	85	-48	-0.6489087907549947	0.5496875929782803	0.640136864028563	-0.09044927105028266	Control
ENSG00000101350	139	138	1	-0.024182724249772546	0.7356441535257364	0.7264207081225825	0.009223445403153896	AD
ENSG00000182636	22	17	5	0.02681532199555172	0.4736685510264802	0.2994644451056233	0.1742041059208569	AD
ENSG00000131437	116	76	40	0.4730482266421391	0.7168997322225528	0.6167807200238025	0.1001190121987503	AD
ENSG00000183023	38	29	9	0.077813368240876	0.5544480809282951	0.40181493603094315	0.15263314489735197	AD
ENSG00000166173	1	1	0	-0.03693223581110361	0.0589110383814341	0.02008330853912526	0.03882772984230884	Control
ENSG00000187555	42	144	-102	-1.3373824150668725	0.5709610235049093	0.7360904492710503	-0.16512942576614098	Control
ENSG00000196305	70	3	67	0.8172850387980778	0.6471288307051473	0.08196965188931865	0.5651591788158286	AD
ENSG00000112137	29	74	-45	-0.6106602560710016	0.5144302290984826	0.6123177625706635	-0.09788753347218093	Control
ENSG00000138190	147	297	-150	-1.9493589700107634	0.7463552514132699	0.8640285629277001	-0.11767331151443028	Control
ENSG00000006740	148	53	95	1.1742713625153476	0.7478429038976495	0.5432906872954478	0.2045522166022017	AD
ENSG00000279135	24	23	1	-0.024182724249772546	0.4870574233858971	0.3534662302886046	0.1335911930972925	AD
ENSG00000272047	67	190	-123	-1.605122157854825	0.639839333531687	0.7841416245165129	-0.14430229098482594	Control
ENSG00000076554	27	187	-160	-2.076854085624074	0.5032728354656353	0.7813150847961916	-0.2780422493305563	Control
ENSG00000180739	19	49	-30	-0.41941758265103557	0.45135376376078545	0.5230586135078845	-0.07170484974709906	Control
ENSG00000125510	144	134	10	0.09056287980220706	0.7432311811960726	0.720172567688188	0.023058613507884518	AD
ENSG00000148468	32	51	-19	-0.27917295547639387	0.5267777447188337	0.5336209461469801	-0.006843201428146428	Control
ENSG00000132254	51	45	6	0.03956483355688279	0.6016066646831301	0.5038678964593871	0.09773876822374294	AD
ENSG00000197283	24	89	-65	-0.8656504872976231	0.4870574233858971	0.6486164831895269	-0.16155905980362983	Control
ENSG00000112651	52	111	-59	-0.7891534179296366	0.6047307349003272	0.6890806307646534	-0.08434989586432617	Control
ENSG00000114686	58	16	42	0.4985472497648012	0.6204998512347516	0.2897947039571556	0.330705147277596	AD
ENSG00000241058	53	99	-46	-0.6234097676323327	0.6071109788753347	0.6658732520083308	-0.05876227313299609	Control
ENSG00000091157	154	47	107	1.3272655012513204	0.7520083308539125	0.5127938113656649	0.23921451948824757	AD
ENSG00000197930	78	1	77	0.9447801544113884	0.6649806605177031	0.02008330853912526	0.6448973519785779	AD
ENSG00000165309	9	43	-34	-0.47041562889635985	0.34811068134483786	0.49375185956560547	-0.1456411782207676	Control
ENSG00000245293	7	15	-8	-0.13892832830175214	0.3122582564712883	0.28072002380243977	0.03153823266884853	Control
ENSG00000280138	60	52	8	0.06506385667954492	0.6257066349300804	0.5391252603391847	0.08658137459089565	AD
ENSG00000141404	94	80	14	0.14156092604753132	0.6914608747396608	0.6286819398988396	0.0627789348408212	AD
ENSG00000157077	28	82	-54	-0.7254058601229811	0.5089259149062779	0.6331448973519785	-0.12421898244570062	Control
ENSG00000286190	77	18	59	0.7152889463074293	0.6623028860458197	0.30913418625409106	0.3531686997917286	AD
ENSG00000100902	74	132	-58	-0.7764039063683055	0.656947337102053	0.7168997322225528	-0.05995239512049977	Control
ENSG00000147684	40	212	-172	-2.229848224360047	0.5626301695923832	0.8025885153228206	-0.2399583457304374	Control
ENSG00000172318	15	7	8	0.06506385667954492	0.41594763463254986	0.1716750966974115	0.24427253793513837	AD
ENSG00000242094	22	110	-88	-1.1588892532082375	0.4736685510264802	0.6872954477833978	-0.2136268967569176	Control
ENSG00000104936	77	274	-197	-2.5485860133933236	0.6623028860458197	0.8491520380839036	-0.18684915203808394	Control
ENSG00000129245	92	138	-46	-0.6234097676323327	0.686254091044332	0.7264207081225825	-0.04016661707825053	Control
ENSG00000055130	106	2	104	1.2890169665673272	0.7052960428443915	0.05385301993454329	0.6514430229098482	AD
ENSG00000269821	49	153	-104	-1.3628814381895347	0.593424576019042	0.7466527819101458	-0.15322820589110386	Control
ENSG00000180720	25	8	17	0.17980946073152454	0.4931567985718536	0.18670038678964593	0.3064564117822077	AD
ENSG00000231607	40	155	-115	-1.5031260653641763	0.5626301695923832	0.7485867301398393	-0.18595656054745613	Control
ENSG00000172766	41	60	-19	-0.27917295547639387	0.5672418922939602	0.5664980660517703	7.438262421898267e-4	Control
ENSG00000176884	63	148	-85	-1.1206407185242444	0.631508479619161	0.7412972329663791	-0.10978875334721805	Control
ENSG00000163131	4	36	-32	-0.44491660577369774	0.23147872656947338	0.4506099375185957	-0.2191312109491223	Control
ENSG00000197756	6	11	-5	-0.10067979361775894	0.28711692948527223	0.23073490032728355	0.05638202915798868	Control
ENSG00000245213	34	36	-2	-0.06243125893376574	0.5361499553704254	0.4506099375185957	0.08554001785182974	Control
ENSG00000090266	29	65	-36	-0.49591465201902196	0.5144302290984826	0.5842011306158881	-0.0697709015174055	Control
ENSG00000214753	20	116	-96	-1.260885345698886	0.4587920261826837	0.6962213626896757	-0.237429336506992	Control
ENSG00000127152	48	107	-59	-0.7891534179296366	0.5900029753049688	0.6808985421005653	-0.09089556679559652	Control
ENSG00000164190	6	17	-11	-0.17717686298574534	0.28711692948527223	0.2994644451056233	-0.01234751562035108	Control
ENSG00000240225	92	28	64	0.7790365041140846	0.686254091044332	0.3931865516215412	0.2930675394227908	AD
ENSG00000074317	30	9	21	0.23080750697684876	0.5191907170484975	0.2008330853912526	0.3183576316572449	AD
ENSG00000054116	19	51	-32	-0.44491660577369774	0.45135376376078545	0.5336209461469801	-0.08226718238619463	Control
ENSG00000204220	24	6	18	0.1925589722928556	0.4870574233858971	0.15233561440047605	0.33472180898542103	AD
ENSG00000105701	164	78	86	1.0595257584633682	0.7588515322820589	0.622880095209759	0.13597143707229997	AD
ENSG00000102096	90	32	58	0.7025394347460983	0.6838738470693246	0.42100565307944066	0.262868193989884	AD
ENSG00000103647	120	46	74	0.9065316197273953	0.7209163939303779	0.5077357929187741	0.21318060101160374	AD
ENSG00000173456	108	53	55	0.6642909000621051	0.7087176435584648	0.5432906872954478	0.16542695626301696	AD
ENSG00000063046	131	125	6	0.03956483355688279	0.7292472478429038	0.7096102350490925	0.01963701279381136	AD
ENSG00000136867	25	46	-21	-0.30467197859905604	0.4931567985718536	0.5077357929187741	-0.014578994346920504	Control
ENSG00000126070	10	10	0	-0.03693223581110361	0.3635822671823862	0.216155905980363	0.14742636120202318	Control
ENSG00000128585	1	4	-3	-0.0751807704950968	0.0589110383814341	0.10874739660815233	-0.04983635822671823	Control
ENSG00000272505	23	138	-115	-1.5031260653641763	0.48021422195775065	0.7264207081225825	-0.24620648616483187	Control
ENSG00000108961	78	47	31	0.35830262259015944	0.6649806605177031	0.5127938113656649	0.15218684915203817	AD
ENSG00000136044	4	20	-16	-0.2409244207924007	0.23147872656947338	0.3249033025885153	-0.09342457601904192	Control
ENSG00000050426	62	49	13	0.12881141448620026	0.6294257661410294	0.5230586135078845	0.10636715263314489	AD
ENSG00000037241	58	1	57	0.6897899231847672	0.6204998512347516	0.02008330853912526	0.6004165426956264	AD
ENSG00000244038	41	35	6	0.03956483355688279	0.5672418922939602	0.44376673609044925	0.1234751562035109	AD
ENSG00000155744	7	6	1	-0.024182724249772546	0.3122582564712883	0.15233561440047605	0.15992264207081225	AD
ENSG00000150995	103	46	57	0.6897899231847672	0.7011306158881285	0.5077357929187741	0.1933948229693544	AD
ENSG00000035141	42	32	10	0.09056287980220706	0.5709610235049093	0.42100565307944066	0.14995537042546864	AD
ENSG00000163110	8	23	-15	-0.22817490923106962	0.33234156501041356	0.3534662302886046	-0.021124665278191013	Control
ENSG00000121671	29	45	-16	-0.2409244207924007	0.5144302290984826	0.5038678964593871	0.01056233263909545	Control
ENSG00000145241	16	33	-17	-0.25367393235373176	0.42591490627789347	0.42784885450758703	-0.0019339482296935606	Control
ENSG00000175573	49	72	-23	-0.33017100172171815	0.593424576019042	0.6051770306456412	-0.01175245462659924	Control
ENSG00000214013	47	134	-87	-1.1461397416469066	0.5879202618268372	0.720172567688188	-0.13225230586135084	Control
ENSG00000172115	28	9	19	0.20530848385418665	0.5089259149062779	0.2008330853912526	0.3080928295150253	AD
ENSG00000100804	9	57	-48	-0.6489087907549947	0.34811068134483786	0.5563820291579887	-0.20827134781315088	Control
ENSG00000129646	86	177	-91	-1.1971377878922307	0.6771794108896162	0.770901517405534	-0.09372210651591784	Control
ENSG00000240230	10	3	7	0.05231434511821386	0.3635822671823862	0.08196965188931865	0.2816126152930675	AD
ENSG00000184347	21	57	-36	-0.49591465201902196	0.4669741148467718	0.5563820291579887	-0.08940791431121692	Control
ENSG00000127947	6	47	-41	-0.5596622098256773	0.28711692948527223	0.5127938113656649	-0.2256768818803927	Control
ENSG00000090861	63	6	57	0.6897899231847672	0.631508479619161	0.15233561440047605	0.47917286521868496	AD
ENSG00000182621	71	98	-27	-0.38116904796704243	0.6498066051770306	0.6636417732817613	-0.013835168104730733	Control
ENSG00000104967	50	49	1	-0.024182724249772546	0.5978875334721809	0.5230586135078845	0.07482891996429641	AD
ENSG00000198739	18	84	-66	-0.878399998858954	0.44346920559357333	0.6376078548051175	-0.19413864921154417	Control
ENSG00000006125	52	84	-32	-0.44491660577369774	0.6047307349003272	0.6376078548051175	-0.03287711990479025	Control
ENSG00000092421	12	13	-1	-0.04968174737243468	0.3882772984230884	0.25825647128830703	0.13002082713478136	Control
ENSG00000149823	6	17	-11	-0.17717686298574534	0.28711692948527223	0.2994644451056233	-0.01234751562035108	Control
ENSG00000250159	62	167	-105	-1.3756309497508656	0.6294257661410294	0.7590002975304969	-0.1295745313894675	Control
ENSG00000136878	50	33	17	0.17980946073152454	0.5978875334721809	0.42784885450758703	0.1700386789645939	AD
ENSG00000122550	55	1	54	0.651541388500774	0.6096399880987802	0.02008330853912526	0.589556679559655	AD
ENSG00000247199	21	109	-88	-1.1588892532082375	0.4669741148467718	0.6850639690568283	-0.2180898542100565	Control
ENSG00000197599	56	63	-7	-0.12617881674042108	0.6117227015769117	0.5775066944361797	0.03421600714073192	Control
ENSG00000223705	15	61	-46	-0.6234097676323327	0.41594763463254986	0.5696221362689675	-0.15367450163641766	Control
ENSG00000149657	148	110	38	0.44754920351947697	0.7478429038976495	0.6872954477833978	0.06054745611425172	AD
ENSG00000215218	66	5	61	0.7407879694300915	0.6377566200535555	0.13091341862540912	0.5068432014281463	AD
ENSG00000198242	9	12	-3	-0.0751807704950968	0.34811068134483786	0.24397500743826242	0.10413567390657544	Control
ENSG00000117152	21	7	14	0.14156092604753132	0.4669741148467718	0.1716750966974115	0.2952990181493603	AD
ENSG00000087152	137	199	-62	-0.8274019526136298	0.7335614400476049	0.7914311216899732	-0.057869681642368276	Control
ENSG00000115694	74	53	21	0.23080750697684876	0.656947337102053	0.5432906872954478	0.11365664980660517	AD
ENSG00000179532	73	175	-102	-1.3373824150668725	0.6545670931270455	0.7689675691758405	-0.114400476048795	Control
ENSG00000204217	16	20	-4	-0.08793028205642787	0.42591490627789347	0.3249033025885153	0.10101160368937817	Control
ENSG00000134809	52	44	8	0.06506385667954492	0.6047307349003272	0.499851234751562	0.10487950014876524	AD
ENSG00000109475	14	17	-3	-0.0751807704950968	0.40568283249033027	0.2994644451056233	0.10621838738470696	Control
ENSG00000090316	69	8	61	0.7407879694300915	0.6444510562332639	0.18670038678964593	0.457750669443618	AD
ENSG00000164985	49	11	38	0.44754920351947697	0.593424576019042	0.23073490032728355	0.3626896756917584	AD
ENSG00000110200	13	93	-80	-1.056893160717589	0.39764950907468016	0.6551621541207974	-0.2575126450461172	Control
ENSG00000105778	47	27	20	0.2180579954155177	0.5879202618268372	0.38381434096994943	0.20410592085688778	AD
ENSG00000103145	36	120	-84	-1.1078912069629132	0.5450758702767033	0.7018744421303184	-0.156798571853615	Control
ENSG00000100714	27	28	-1	-0.04968174737243468	0.5032728354656353	0.3931865516215412	0.11008628384409408	Control
ENSG00000119705	65	47	18	0.1925589722928556	0.635673906575424	0.5127938113656649	0.12288009520975907	AD
ENSG00000126214	56	200	-144	-1.8728619006427771	0.6117227015769117	0.792174947932163	-0.18045224635525137	Control
ENSG00000139726	70	99	-29	-0.40666807108970454	0.6471288307051473	0.6658732520083308	-0.018744421303183545	Control
ENSG00000115233	15	12	3	0.0013162988728895886	0.41594763463254986	0.24397500743826242	0.17197262719428744	AD
ENSG00000117597	60	10	50	0.6005433422554497	0.6257066349300804	0.216155905980363	0.4095507289497174	AD
ENSG00000102878	15	40	-25	-0.3556700248443803	0.41594763463254986	0.47560249925617376	-0.059654864623623904	Control
ENSG00000241261	34	66	-32	-0.44491660577369774	0.5361499553704254	0.588961618565903	-0.05281166319547759	Control
ENSG00000055163	63	32	31	0.35830262259015944	0.631508479619161	0.42100565307944066	0.21050282653972036	AD
ENSG00000136861	23	132	-109	-1.42662899599619	0.48021422195775065	0.7168997322225528	-0.2366855102648021	Control
ENSG00000174780	32	31	1	-0.024182724249772546	0.5267777447188337	0.41535257363879796	0.11142517108003569	AD
ENSG00000176788	17	8	9	0.077813368240876	0.4343945254388575	0.18670038678964593	0.24769413864921155	AD
ENSG00000148925	29	5	24	0.26905604166084196	0.5144302290984826	0.13091341862540912	0.38351681047307346	AD
ENSG00000100246	114	76	38	0.44754920351947697	0.7152633144897352	0.6167807200238025	0.09848259446593277	AD
ENSG00000115234	94	85	9	0.077813368240876	0.6914608747396608	0.640136864028563	0.05132401071109782	AD
ENSG00000185518	13	43	-30	-0.41941758265103557	0.39764950907468016	0.49375185956560547	-0.0961023504909253	Control
ENSG00000178947	187	169	18	0.1925589722928556	0.7747694138649212	0.7619756024992562	0.012793811365664931	AD
ENSG00000188566	21	63	-42	-0.5724117213870084	0.4669741148467718	0.5775066944361797	-0.11053257958940793	Control
ENSG00000064999	35	57	-22	-0.3174214901603871	0.5404641475751264	0.5563820291579887	-0.015917881582862337	Control
ENSG00000197343	28	88	-60	-0.8019029294909675	0.5089259149062779	0.6460874739660816	-0.13716155905980365	Control
ENSG00000135596	21	37	-16	-0.2409244207924007	0.4669741148467718	0.45745313894674206	0.00952097590002976	Control
ENSG00000088899	119	117	2	-0.011433212688441477	0.7197262719428742	0.6969651889318655	0.022761083011008654	AD
ENSG00000012232	27	25	2	-0.011433212688441477	0.5032728354656353	0.37102052960428444	0.13225230586135084	AD
ENSG00000147174	33	109	-76	-1.0058951144722648	0.5322820589110384	0.6850639690568283	-0.1527819101457899	Control
ENSG00000169976	68	24	44	0.5240462728874633	0.6419220470098185	0.3622433799464445	0.27967866706337396	AD
ENSG00000205085	41	187	-146	-1.8983609237654393	0.5672418922939602	0.7813150847961916	-0.21407319250223145	Control
ENSG00000176381	17	12	5	0.02681532199555172	0.4343945254388575	0.24397500743826242	0.19041951800059506	AD
ENSG00000174514	66	20	46	0.5495452960101255	0.6377566200535555	0.3249033025885153	0.3128533174650402	AD
ENSG00000078902	45	78	-33	-0.45766611733502877	0.5827134781315085	0.622880095209759	-0.04016661707825042	Control
ENSG00000119004	6	11	-5	-0.10067979361775894	0.28711692948527223	0.23073490032728355	0.05638202915798868	Control
ENSG00000091640	57	27	30	0.34555311102882835	0.6157393632847367	0.38381434096994943	0.23192502231478723	AD
ENSG00000236778	18	23	-5	-0.10067979361775894	0.44346920559357333	0.3534662302886046	0.09000297530496876	Control
ENSG00000163482	7	62	-55	-0.7381553716843122	0.3122582564712883	0.5736387979767926	-0.2613805415055043	Control
ENSG00000100442	47	73	-26	-0.36841953640571135	0.5879202618268372	0.6090449271050282	-0.021124665278191013	Control
ENSG00000188846	18	16	2	-0.011433212688441477	0.44346920559357333	0.2897947039571556	0.15367450163641772	AD
ENSG00000204463	89	16	73	0.8937821081660642	0.682088664088069	0.2897947039571556	0.3922939601309134	AD
ENSG00000155066	21	46	-25	-0.3556700248443803	0.4669741148467718	0.5077357929187741	-0.040761678072002316	Control
ENSG00000182173	74	89	-15	-0.22817490923106962	0.656947337102053	0.6486164831895269	0.008330853912526082	Control
ENSG00000168016	8	40	-32	-0.44491660577369774	0.33234156501041356	0.47560249925617376	-0.1432609342457602	Control
ENSG00000108924	45	24	21	0.23080750697684876	0.5827134781315085	0.3622433799464445	0.22047009818506402	AD
ENSG00000038274	43	76	-33	-0.45766611733502877	0.576167807200238	0.6167807200238025	-0.040612912823564495	Control
ENSG00000011523	16	10	6	0.03956483355688279	0.42591490627789347	0.216155905980363	0.20975900029753047	AD
ENSG00000279764	11	27	-16	-0.2409244207924007	0.377268670038679	0.38381434096994943	-0.006545670931270453	Control
ENSG00000152214	77	64	13	0.12881141448620026	0.6623028860458197	0.5803332341565011	0.0819696518893186	AD
ENSG00000175182	50	183	-133	-1.7326172734681353	0.5978875334721809	0.7772984230883666	-0.17941088961618568	Control
ENSG00000176903	51	29	22	0.24355701853817985	0.6016066646831301	0.40181493603094315	0.19979172865218692	AD
ENSG00000104904	92	55	37	0.4347996919581459	0.686254091044332	0.5486462362392145	0.1376078548051175	AD
ENSG00000068366	89	31	58	0.7025394347460983	0.682088664088069	0.41535257363879796	0.26673609044927105	AD
ENSG00000123444	64	84	-20	-0.29192246703772495	0.6337399583457305	0.6376078548051175	-0.00386789645938701	Control
ENSG00000261879	26	88	-62	-0.8274019526136298	0.4982148170187444	0.6460874739660816	-0.14787265694733714	Control
ENSG00000197147	57	33	24	0.26905604166084196	0.6157393632847367	0.42784885450758703	0.18789050877714963	AD
ENSG00000131504	66	3	63	0.7662869925527536	0.6377566200535555	0.08196965188931865	0.5557869681642369	AD
ENSG00000182512	57	205	-148	-1.9238599468881015	0.6157393632847367	0.7960428443915502	-0.1803034811068135	Control
ENSG00000139697	17	50	-33	-0.45766611733502877	0.4343945254388575	0.5284141624516513	-0.09401963701279381	Control
ENSG00000071537	88	3	85	1.046776246902037	0.6800059506099375	0.08196965188931865	0.5980362987206189	AD
ENSG00000068745	5	2	3	0.0013162988728895886	0.26152930675394226	0.05385301993454329	0.20767628681939898	AD
ENSG00000128881	110	69	41	0.48579773820347016	0.7108003570365963	0.597590002975305	0.11321035406129132	AD
ENSG00000102103	143	10	133	1.6587528018459283	0.7417435287116929	0.216155905980363	0.5255876227313299	AD
ENSG00000143061	76	4	72	0.8810325966047331	0.6596251115739363	0.10874739660815233	0.550877714965784	AD
ENSG00000090020	1	1	0	-0.03693223581110361	0.0589110383814341	0.02008330853912526	0.03882772984230884	Control
ENSG00000232034	10	8	2	-0.011433212688441477	0.3635822671823862	0.18670038678964593	0.17688188039274025	AD
ENSG00000167613	23	80	-57	-0.7636543948069744	0.48021422195775065	0.6286819398988396	-0.14846771794108893	Control
ENSG00000105640	6	14	-8	-0.13892832830175214	0.28711692948527223	0.2704552216602202	0.016661707825052052	Control
ENSG00000170445	61	50	11	0.10331239136353813	0.6276405831597739	0.5284141624516513	0.0992264207081226	AD
ENSG00000062725	56	237	-181	-2.3445938284120267	0.6117227015769117	0.8243082415947635	-0.2125855400178518	Control
ENSG00000126432	93	13	80	0.9830286890953817	0.6890806307646534	0.25825647128830703	0.4308241594763464	AD
ENSG00000074706	17	10	7	0.05231434511821386	0.4343945254388575	0.216155905980363	0.2182386194584945	AD
ENSG00000135750	57	17	40	0.4730482266421391	0.6157393632847367	0.2994644451056233	0.31627491817911335	AD
ENSG00000143442	14	42	-28	-0.3939185595283735	0.40568283249033027	0.4869086581374591	-0.08122582564712882	Control
ENSG00000142937	12	22	-10	-0.16442735142441428	0.3882772984230884	0.3436477238916989	0.04462957453138949	Control
ENSG00000110700	10	13	-3	-0.0751807704950968	0.3635822671823862	0.25825647128830703	0.10532579589407914	Control
ENSG00000074071	71	62	9	0.077813368240876	0.6498066051770306	0.5736387979767926	0.07616780720023797	AD
ENSG00000113282	28	2	26	0.29455506478350413	0.5089259149062779	0.05385301993454329	0.45507289497173464	AD
ENSG00000174231	164	136	28	0.32005408790616624	0.7588515322820589	0.7225528116631955	0.03629872061886341	AD
ENSG00000109917	166	95	71	0.868283085043402	0.7603391847664386	0.6588812853317465	0.10145789943469208	AD
ENSG00000116221	67	107	-40	-0.5469126982643463	0.639839333531687	0.6808985421005653	-0.04105920856887835	Control
ENSG00000157216	83	25	58	0.7025394347460983	0.6725676881880392	0.37102052960428444	0.3015471585837548	AD
ENSG00000186010	55	73	-18	-0.26642344391506284	0.6096399880987802	0.6090449271050282	5.950609937519502e-4	Control
ENSG00000278845	53	133	-80	-1.056893160717589	0.6071109788753347	0.7183873847069324	-0.1112764058315977	Control
ENSG00000179335	2	13	-11	-0.17717686298574534	0.1474263612020232	0.25825647128830703	-0.11083011008628382	Control
ENSG00000228315	130	249	-119	-1.5541241116095006	0.728652186849152	0.8323415650104136	-0.10368937816126156	Control
ENSG00000142168	18	1	17	0.17980946073152454	0.44346920559357333	0.02008330853912526	0.42338589705444807	AD
ENSG00000013503	94	4	90	1.1105238047086923	0.6914608747396608	0.10874739660815233	0.5827134781315084	AD
ENSG00000235954	108	29	79	0.9702791775340506	0.7087176435584648	0.40181493603094315	0.30690270752752163	AD
ENSG00000119698	32	64	-32	-0.44491660577369774	0.5267777447188337	0.5803332341565011	-0.053555489437667414	Control
ENSG00000160932	160	199	-39	-0.5341631867030152	0.7564712883070515	0.7914311216899732	-0.034959833382921746	Control
ENSG00000156395	37	73	-36	-0.49591465201902196	0.5496875929782803	0.6090449271050282	-0.05935733412674793	Control
ENSG00000135250	38	155	-117	-1.5286250884868384	0.5544480809282951	0.7485867301398393	-0.19413864921154422	Control
ENSG00000145050	1	1	0	-0.03693223581110361	0.0589110383814341	0.02008330853912526	0.03882772984230884	Control
ENSG00000198198	13	96	-83	-1.0951416954015822	0.39764950907468016	0.66081523356144	-0.26316572448675984	Control
ENSG00000115268	11	17	-6	-0.11342930517909	0.377268670038679	0.2994644451056233	0.07780422493305567	Control
ENSG00000102931	97	13	84	1.034026735340706	0.6960725974412377	0.25825647128830703	0.4378161261529307	AD
ENSG00000149273	11	9	2	-0.011433212688441477	0.377268670038679	0.2008330853912526	0.17643558464742637	AD
ENSG00000147123	65	55	10	0.09056287980220706	0.635673906575424	0.5486462362392145	0.0870276703362095	AD
ENSG00000110048	71	58	13	0.12881141448620026	0.6498066051770306	0.5601011603689379	0.08970544480809273	AD
ENSG00000135503	21	4	17	0.17980946073152454	0.4669741148467718	0.10874739660815233	0.3582267182386195	AD
ENSG00000181722	6	50	-44	-0.5979107445096705	0.28711692948527223	0.5284141624516513	-0.24129723296637906	Control
ENSG00000167881	47	21	26	0.29455506478350413	0.5879202618268372	0.3333829217494793	0.2545373400773579	AD
ENSG00000151651	28	1	27	0.30730457634483516	0.5089259149062779	0.02008330853912526	0.48884260636715265	AD
ENSG00000148057	37	22	15	0.1543104376088624	0.5496875929782803	0.3436477238916989	0.2060398690865814	AD
ENSG00000151414	2	13	-11	-0.17717686298574534	0.1474263612020232	0.25825647128830703	-0.11083011008628382	Control
ENSG00000179918	70	5	65	0.7917860156754157	0.6471288307051473	0.13091341862540912	0.5162154120797382	AD
ENSG00000100129	45	8	37	0.4347996919581459	0.5827134781315085	0.18670038678964593	0.3960130913418626	AD
ENSG00000171450	7	76	-69	-0.9166485335429473	0.3122582564712883	0.6167807200238025	-0.30452246355251417	Control
ENSG00000067900	72	315	-243	-3.1350635452145528	0.6521868491520381	0.8757810175542993	-0.2235941684022612	Control
ENSG00000241213	3	21	-18	-0.26642344391506284	0.19518000595060994	0.3333829217494793	-0.13820291579886937	Control
ENSG00000207955	6	7	-1	-0.04968174737243468	0.28711692948527223	0.1716750966974115	0.11544183278786074	Control
ENSG00000278311	32	46	-14	-0.21542539766973856	0.5267777447188337	0.5077357929187741	0.01904195180005952	Control
ENSG00000268670	8	14	-6	-0.11342930517909	0.33234156501041356	0.2704552216602202	0.061886343350193385	Control
ENSG00000103995	27	27	0	-0.03693223581110361	0.5032728354656353	0.38381434096994943	0.11945849449568585	Control
ENSG00000163170	7	2	5	0.02681532199555172	0.3122582564712883	0.05385301993454329	0.258405236536745	AD
ENSG00000147669	32	60	-28	-0.3939185595283735	0.5267777447188337	0.5664980660517703	-0.03972032133293668	Control
ENSG00000107745	106	41	65	0.7917860156754157	0.7052960428443915	0.4805117524546266	0.22478429038976494	AD
ENSG00000163683	36	88	-52	-0.6999068370003191	0.5450758702767033	0.6460874739660816	-0.10101160368937823	Control
ENSG00000065809	28	72	-44	-0.5979107445096705	0.5089259149062779	0.6051770306456412	-0.09625111573936329	Control
ENSG00000172531	96	23	73	0.8937821081660642	0.6941386492115442	0.3534662302886046	0.34067241892293965	AD
ENSG00000159692	25	18	7	0.05231434511821386	0.4931567985718536	0.30913418625409106	0.18402261231776257	AD
ENSG00000123119	42	9	33	0.38380164571282155	0.5709610235049093	0.2008330853912526	0.3701279381136567	AD
ENSG00000272157	72	74	-2	-0.06243125893376574	0.6521868491520381	0.6123177625706635	0.03986908658137456	Control
ENSG00000152689	5	35	-30	-0.41941758265103557	0.26152930675394226	0.44376673609044925	-0.182237429336507	Control
ENSG00000258839	5	11	-6	-0.11342930517909	0.26152930675394226	0.23073490032728355	0.030794406426658705	Control
ENSG00000132824	67	217	-150	-1.9493589700107634	0.639839333531687	0.8057125855400179	-0.16587325200833092	Control
ENSG00000182022	11	1	10	0.09056287980220706	0.377268670038679	0.02008330853912526	0.3571853614995537	AD
ENSG00000181222	24	8	16	0.16705994917019346	0.4870574233858971	0.18670038678964593	0.3003570365962511	AD
ENSG00000186416	139	101	38	0.44754920351947697	0.7356441535257364	0.6698899137161559	0.0657542398095805	AD
ENSG00000130684	92	238	-146	-1.8983609237654393	0.686254091044332	0.8254983635822671	-0.13924427253793514	Control
ENSG00000018610	216	84	132	1.6460032902845974	0.7976792621243678	0.6376078548051175	0.1600714073192503	AD
ENSG00000158042	46	8	38	0.44754920351947697	0.5855400178518299	0.18670038678964593	0.3988396310621839	AD
ENSG00000167302	16	25	-9	-0.1516778398630832	0.42591490627789347	0.37102052960428444	0.054894376673609024	Control
ENSG00000088448	34	79	-45	-0.6106602560710016	0.5361499553704254	0.6258554001785183	-0.08970544480809284	Control
ENSG00000177432	40	69	-29	-0.40666807108970454	0.5626301695923832	0.597590002975305	-0.034959833382921746	Control
ENSG00000154898	51	142	-91	-1.1971377878922307	0.6016066646831301	0.733115144302291	-0.1315084796191609	Control
ENSG00000091039	41	70	-29	-0.40666807108970454	0.5672418922939602	0.6007140731925023	-0.03347218089854209	Control
ENSG00000065243	29	153	-124	-1.617871669416156	0.5144302290984826	0.7466527819101458	-0.23222255281166326	Control
ENSG00000166441	16	38	-22	-0.3174214901603871	0.42591490627789347	0.4639988098780125	-0.03808390360011904	Control
ENSG00000134851	9	35	-26	-0.36841953640571135	0.34811068134483786	0.44376673609044925	-0.0956560547456114	Control
ENSG00000032389	82	1	81	0.9957782006567127	0.6709312704552216	0.02008330853912526	0.6508479619160964	AD
ENSG00000146038	5	12	-7	-0.12617881674042108	0.26152930675394226	0.24397500743826242	0.01755429931567984	Control
ENSG00000142892	22	84	-62	-0.8274019526136298	0.4736685510264802	0.6376078548051175	-0.1639393037786373	Control
ENSG00000159111	94	182	-88	-1.1588892532082375	0.6914608747396608	0.775810770603987	-0.08434989586432617	Control
ENSG00000126947	198	44	154	1.9264925446338808	0.7833977982743231	0.499851234751562	0.2835465635227611	AD
ENSG00000119401	32	20	12	0.11606190292486919	0.5267777447188337	0.3249033025885153	0.20187444213031835	AD
ENSG00000041353	40	70	-30	-0.41941758265103557	0.5626301695923832	0.6007140731925023	-0.03808390360011904	Control
ENSG00000011426	23	11	12	0.11606190292486919	0.48021422195775065	0.23073490032728355	0.2494793216304671	AD
ENSG00000225697	8	28	-20	-0.29192246703772495	0.33234156501041356	0.3931865516215412	-0.06084498661112764	Control
ENSG00000152402	22	49	-27	-0.38116904796704243	0.4736685510264802	0.5230586135078845	-0.04939006248140432	Control
ENSG00000215788	6	39	-33	-0.45766611733502877	0.28711692948527223	0.470395715560845	-0.18327878607557274	Control
ENSG00000078269	18	61	-43	-0.5851612329483394	0.44346920559357333	0.5696221362689675	-0.12615293067539418	Control
ENSG00000134318	10	13	-3	-0.0751807704950968	0.3635822671823862	0.25825647128830703	0.10532579589407914	Control
ENSG00000129933	57	169	-112	-1.4648775306801831	0.6157393632847367	0.7619756024992562	-0.14623623921451956	Control
ENSG00000120458	60	107	-47	-0.6361592791936637	0.6257066349300804	0.6808985421005653	-0.055191907170484944	Control
ENSG00000225828	40	6	34	0.39655115727415263	0.5626301695923832	0.15233561440047605	0.41029455519190716	AD
ENSG00000074935	43	114	-71	-0.9421475566656095	0.576167807200238	0.6936923534662303	-0.11752454626599229	Control
ENSG00000253767	5	67	-62	-0.8274019526136298	0.26152930675394226	0.5925319845284142	-0.3310026777744719	Control
ENSG00000145623	2	25	-23	-0.33017100172171815	0.1474263612020232	0.37102052960428444	-0.22359416840226123	Control
ENSG00000171914	49	8	41	0.48579773820347016	0.593424576019042	0.18670038678964593	0.406724189229396	AD
ENSG00000106089	77	66	11	0.10331239136353813	0.6623028860458197	0.588961618565903	0.07334126747991665	AD
ENSG00000060138	2	33	-31	-0.43216709421236665	0.1474263612020232	0.42784885450758703	-0.2804224933055638	Control
ENSG00000105819	30	65	-35	-0.48316514045769093	0.5191907170484975	0.5842011306158881	-0.06501041356739057	Control
ENSG00000013561	59	35	24	0.26905604166084196	0.6234751562035109	0.44376673609044925	0.17970842011306165	AD
ENSG00000099624	23	6	17	0.17980946073152454	0.48021422195775065	0.15233561440047605	0.3278786075572746	AD
ENSG00000137996	8	1	7	0.05231434511821386	0.33234156501041356	0.02008330853912526	0.3122582564712883	AD
ENSG00000127957	12	48	-36	-0.49591465201902196	0.3882772984230884	0.5177030645641179	-0.12942576614102946	Control
ENSG00000256443	21	79	-58	-0.7764039063683055	0.4669741148467718	0.6258554001785183	-0.15888128533174645	Control
ENSG00000141542	182	29	153	1.9137430330725498	0.7716453436477239	0.40181493603094315	0.3698304076167807	AD
ENSG00000014824	93	224	-131	-1.7071182503454732	0.6890806307646534	0.813745908955668	-0.12466527819101458	Control
ENSG00000165061	25	44	-19	-0.27917295547639387	0.4931567985718536	0.499851234751562	-0.006694436179708385	Control
ENSG00000104419	15	39	-24	-0.34292051328304923	0.41594763463254986	0.470395715560845	-0.05444808092829512	Control
ENSG00000010244	39	226	-187	-2.421090897780013	0.5580184468908063	0.8155310919369235	-0.25751264504611726	Control
ENSG00000203797	10	5	5	0.02681532199555172	0.3635822671823862	0.13091341862540912	0.23266884855697706	AD
ENSG00000249853	46	61	-15	-0.22817490923106962	0.5855400178518299	0.5696221362689675	0.015917881582862337	Control
ENSG00000179222	85	25	60	0.7280384578687604	0.6756917584052365	0.37102052960428444	0.3046712288009521	AD
ENSG00000187775	7	12	-5	-0.10067979361775894	0.3122582564712883	0.24397500743826242	0.06828324903302588	Control
ENSG00000240204	58	42	16	0.16705994917019346	0.6204998512347516	0.4869086581374591	0.1335911930972925	AD
ENSG00000167851	4	50	-46	-0.6234097676323327	0.23147872656947338	0.5284141624516513	-0.2969354358821779	Control
ENSG00000177885	39	2	37	0.4347996919581459	0.5580184468908063	0.05385301993454329	0.504165426956263	AD
ENSG00000149970	33	4	29	0.3328035994674973	0.5322820589110384	0.10874739660815233	0.42353466230288606	AD
ENSG00000183718	18	41	-23	-0.33017100172171815	0.44346920559357333	0.4805117524546266	-0.03704254686105324	Control
ENSG00000067182	3	73	-70	-0.9293980451042784	0.19518000595060994	0.6090449271050282	-0.4138649211544183	Control
ENSG00000053438	40	43	-3	-0.0751807704950968	0.5626301695923832	0.49375185956560547	0.06887831002677774	Control
ENSG00000149136	8	5	3	0.0013162988728895886	0.33234156501041356	0.13091341862540912	0.20142814638500445	AD
ENSG00000267680	89	115	-26	-0.36841953640571135	0.682088664088069	0.6953287711990479	-0.013240107110978894	Control
ENSG00000197324	1	52	-51	-0.687157325438988	0.0589110383814341	0.5391252603391847	-0.48021422195775065	Control
ENSG00000071073	31	5	26	0.29455506478350413	0.5223147872656947	0.13091341862540912	0.3914013686402856	AD
ENSG00000065154	36	11	25	0.28180555322217304	0.5450758702767033	0.23073490032728355	0.3143409699494198	AD
ENSG00000185986	14	187	-173	-2.242597735921378	0.40568283249033027	0.7813150847961916	-0.37563225230586134	Control
ENSG00000184388	50	34	16	0.16705994917019346	0.5978875334721809	0.43588217792323714	0.1620053555489438	AD
ENSG00000082781	3	34	-31	-0.43216709421236665	0.19518000595060994	0.43588217792323714	-0.2407021719726272	Control
ENSG00000186517	12	57	-45	-0.6106602560710016	0.3882772984230884	0.5563820291579887	-0.16810473073490034	Control
ENSG00000229152	32	99	-67	-0.8911495104202851	0.5267777447188337	0.6658732520083308	-0.13909550728949716	Control
ENSG00000091140	20	83	-63	-0.8401514641749609	0.4587920261826837	0.6350788455816722	-0.17628681939898844	Control
ENSG00000197971	10	10	0	-0.03693223581110361	0.3635822671823862	0.216155905980363	0.14742636120202318	Control
ENSG00000110711	5	1	4	0.014065810434220656	0.26152930675394226	0.02008330853912526	0.241445998214817	AD
ENSG00000198556	26	124	-98	-1.2863843688215482	0.4982148170187444	0.7081225825647128	-0.2099077655459684	Control
ENSG00000277363	12	23	-11	-0.17717686298574534	0.3882772984230884	0.3534662302886046	0.034811068134483814	Control
ENSG00000198899	9	5	4	0.014065810434220656	0.34811068134483786	0.13091341862540912	0.21719726271942874	AD
ENSG00000105197	107	44	63	0.7662869925527536	0.7067836953287712	0.499851234751562	0.20693246057720915	AD
ENSG00000137720	2	13	-11	-0.17717686298574534	0.1474263612020232	0.25825647128830703	-0.11083011008628382	Control
ENSG00000177853	15	108	-93	-1.2226368110148929	0.41594763463254986	0.6831300208271348	-0.26718238619458495	Control
ENSG00000138311	20	9	11	0.10331239136353813	0.4587920261826837	0.2008330853912526	0.2579589407914311	AD
ENSG00000196597	41	96	-55	-0.7381553716843122	0.5672418922939602	0.66081523356144	-0.09357334126747985	Control
ENSG00000163840	3	17	-14	-0.21542539766973856	0.19518000595060994	0.2994644451056233	-0.10428443915501337	Control
ENSG00000115419	32	5	27	0.30730457634483516	0.5267777447188337	0.13091341862540912	0.39586432609342453	AD
ENSG00000105427	65	239	-174	-2.255347247482709	0.635673906575424	0.826390955072895	-0.19071704849747095	Control
ENSG00000237515	40	93	-53	-0.7126563485616502	0.5626301695923832	0.6551621541207974	-0.09253198452841416	Control
ENSG00000154429	70	156	-86	-1.1333902300855754	0.6471288307051473	0.7491817911335912	-0.10205296042844392	Control
ENSG00000065135	5	107	-102	-1.3373824150668725	0.26152930675394226	0.6808985421005653	-0.41936923534662307	Control
ENSG00000184076	117	137	-20	-0.29192246703772495	0.7180898542100566	0.724337994644451	-0.006248140434394478	Control
ENSG00000215717	27	67	-40	-0.5469126982643463	0.5032728354656353	0.5925319845284142	-0.08925914906277888	Control
ENSG00000129055	27	62	-35	-0.48316514045769093	0.5032728354656353	0.5736387979767926	-0.07036596251115734	Control
ENSG00000124507	36	35	1	-0.024182724249772546	0.5450758702767033	0.44376673609044925	0.10130913418625409	AD
ENSG00000166912	2	1	1	-0.024182724249772546	0.1474263612020232	0.02008330853912526	0.12734305266289794	AD
ENSG00000100784	23	23	0	-0.03693223581110361	0.48021422195775065	0.3534662302886046	0.12674799166914608	Control
ENSG00000112561	5	37	-32	-0.44491660577369774	0.26152930675394226	0.45745313894674206	-0.1959238321927998	Control
ENSG00000261744	52	111	-59	-0.7891534179296366	0.6047307349003272	0.6890806307646534	-0.08434989586432617	Control
ENSG00000151353	10	28	-18	-0.26642344391506284	0.3635822671823862	0.3931865516215412	-0.029604284439155026	Control
ENSG00000176058	8	26	-18	-0.26642344391506284	0.33234156501041356	0.3775662005355549	-0.04522463552514133	Control
ENSG00000100997	189	139	50	0.6005433422554497	0.7764058315977388	0.7283546563522761	0.04805117524546265	AD
ENSG00000196961	30	18	12	0.11606190292486919	0.5191907170484975	0.30913418625409106	0.21005653079440645	AD
ENSG00000167323	3	4	-1	-0.04968174737243468	0.19518000595060994	0.10874739660815233	0.08643260934245761	Control
ENSG00000226318	38	94	-56	-0.7509048832456433	0.5544480809282951	0.6572448675989289	-0.10279678667063374	Control
ENSG00000280205	17	52	-35	-0.48316514045769093	0.4343945254388575	0.5391252603391847	-0.10473073490032725	Control
ENSG00000174132	37	5	32	0.3710521341514905	0.5496875929782803	0.13091341862540912	0.4187741743528712	AD
ENSG00000217930	45	81	-36	-0.49591465201902196	0.5827134781315085	0.631062183873847	-0.048348705742338516	Control
ENSG00000161980	82	211	-129	-1.681619227222811	0.6709312704552216	0.800952097590003	-0.13002082713478136	Control
ENSG00000164488	35	12	23	0.25630653009951093	0.5404641475751264	0.24397500743826242	0.296489140136864	AD
ENSG00000136942	9	22	-13	-0.20267588610840748	0.34811068134483786	0.3436477238916989	0.00446295745313896	Control
ENSG00000163444	45	50	-5	-0.10067979361775894	0.5827134781315085	0.5284141624516513	0.05429931567985724	Control
ENSG00000065183	43	14	29	0.3328035994674973	0.576167807200238	0.2704552216602202	0.3057125855400178	AD
ENSG00000132535	77	86	-9	-0.1516778398630832	0.6623028860458197	0.6420708122582565	0.0202320737875632	Control
ENSG00000133624	23	38	-15	-0.22817490923106962	0.48021422195775065	0.4639988098780125	0.016215412079738145	Control
ENSG00000288033	18	26	-8	-0.13892832830175214	0.44346920559357333	0.3775662005355549	0.06590300505801844	Control
ENSG00000136935	8	6	2	-0.011433212688441477	0.33234156501041356	0.15233561440047605	0.18000595060993752	AD
ENSG00000089486	13	49	-36	-0.49591465201902196	0.39764950907468016	0.5230586135078845	-0.12540910443320435	Control
ENSG00000181163	18	13	5	0.02681532199555172	0.44346920559357333	0.25825647128830703	0.1852127343052663	AD
ENSG00000186310	187	72	115	1.429261593741969	0.7747694138649212	0.6051770306456412	0.16959238321927994	AD
ENSG00000100416	148	219	-71	-0.9421475566656095	0.7478429038976495	0.8082415947634632	-0.06039869086581373	Control
ENSG00000163029	4	20	-16	-0.2409244207924007	0.23147872656947338	0.3249033025885153	-0.09342457601904192	Control
ENSG00000089041	17	23	-6	-0.11342930517909	0.4343945254388575	0.3534662302886046	0.0809282951502529	Control
ENSG00000105402	26	9	17	0.17980946073152454	0.4982148170187444	0.2008330853912526	0.2973817316274918	AD
ENSG00000122483	15	2	13	0.12881141448620026	0.41594763463254986	0.05385301993454329	0.3620946146980066	AD
ENSG00000226137	42	82	-40	-0.5469126982643463	0.5709610235049093	0.6331448973519785	-0.06218387384706925	Control
ENSG00000172354	11	11	0	-0.03693223581110361	0.377268670038679	0.23073490032728355	0.14653376971139542	Control
ENSG00000188313	7	38	-31	-0.43216709421236665	0.3122582564712883	0.4639988098780125	-0.1517405534067242	Control
ENSG00000159685	24	83	-59	-0.7891534179296366	0.4870574233858971	0.6350788455816722	-0.14802142219577508	Control
ENSG00000116237	44	63	-19	-0.27917295547639387	0.5801844689080631	0.5775066944361797	0.002677774471883332	Control
ENSG00000112367	20	46	-26	-0.36841953640571135	0.4587920261826837	0.5077357929187741	-0.04894376673609041	Control
ENSG00000166226	4	4	0	-0.03693223581110361	0.23147872656947338	0.10874739660815233	0.12273132996132105	Control
ENSG00000162407	1	1	0	-0.03693223581110361	0.0589110383814341	0.02008330853912526	0.03882772984230884	Control
ENSG00000141101	62	2	60	0.7280384578687604	0.6294257661410294	0.05385301993454329	0.5755727462064861	AD
ENSG00000167208	14	33	-19	-0.27917295547639387	0.40568283249033027	0.42784885450758703	-0.02216602201725676	Control
ENSG00000153933	29	56	-27	-0.38116904796704243	0.5144302290984826	0.5523653674501636	-0.03793513835168105	Control
ENSG00000171462	17	89	-72	-0.9548970682269404	0.4343945254388575	0.6486164831895269	-0.21422195775066943	Control
ENSG00000025796	6	20	-14	-0.21542539766973856	0.28711692948527223	0.3249033025885153	-0.037786373103243065	Control
ENSG00000108424	30	98	-68	-0.9038990219816162	0.5191907170484975	0.6636417732817613	-0.14445105623326382	Control
ENSG00000197150	12	35	-23	-0.33017100172171815	0.3882772984230884	0.44376673609044925	-0.055489437667360864	Control
ENSG00000154144	38	16	22	0.24355701853817985	0.5544480809282951	0.2897947039571556	0.2646533769711395	AD
ENSG00000250802	23	130	-107	-1.4011299728735278	0.48021422195775065	0.7152633144897352	-0.23504909253198458	Control
ENSG00000187601	61	150	-89	-1.1716387647695685	0.6276405831597739	0.7438262421898244	-0.11618565903005051	Control
ENSG00000270049	13	73	-60	-0.8019029294909675	0.39764950907468016	0.6090449271050282	-0.21139541803034806	Control
ENSG00000156482	4	22	-18	-0.26642344391506284	0.23147872656947338	0.3436477238916989	-0.11216899732222552	Control
ENSG00000204514	24	18	6	0.03956483355688279	0.4870574233858971	0.30913418625409106	0.17792323713180602	AD
ENSG00000166394	7	30	-23	-0.33017100172171815	0.3122582564712883	0.4089556679559655	-0.0966974114846772	Control
ENSG00000106524	14	42	-28	-0.3939185595283735	0.40568283249033027	0.4869086581374591	-0.08122582564712882	Control
ENSG00000105143	57	43	14	0.14156092604753132	0.6157393632847367	0.49375185956560547	0.1219875037191312	AD
ENSG00000166200	10	13	-3	-0.0751807704950968	0.3635822671823862	0.25825647128830703	0.10532579589407914	Control
ENSG00000125386	12	50	-38	-0.5214136751416841	0.3882772984230884	0.5284141624516513	-0.1401368640285629	Control
ENSG00000143294	1	1	0	-0.03693223581110361	0.0589110383814341	0.02008330853912526	0.03882772984230884	Control
ENSG00000145817	34	57	-23	-0.33017100172171815	0.5361499553704254	0.5563820291579887	-0.02023207378756331	Control
ENSG00000101182	92	34	58	0.7025394347460983	0.686254091044332	0.43588217792323714	0.25037191312109486	AD
ENSG00000173452	33	36	-3	-0.0751807704950968	0.5322820589110384	0.4506099375185957	0.08167212139244273	Control
ENSG00000256525	15	39	-24	-0.34292051328304923	0.41594763463254986	0.470395715560845	-0.05444808092829512	Control
ENSG00000136813	16	1	15	0.1543104376088624	0.42591490627789347	0.02008330853912526	0.4058315977387682	AD
ENSG00000104442	18	36	-18	-0.26642344391506284	0.44346920559357333	0.4506099375185957	-0.007140731925022348	Control
ENSG00000023330	58	10	48	0.5750443191327876	0.6204998512347516	0.216155905980363	0.4043439452543886	AD
ENSG00000156298	15	3	12	0.11606190292486919	0.41594763463254986	0.08196965188931865	0.3339779827432312	AD
ENSG00000066382	68	32	36	0.4220501803968148	0.6419220470098185	0.42100565307944066	0.22091639393037782	AD
ENSG00000240024	45	15	30	0.34555311102882835	0.5827134781315085	0.28072002380243977	0.30199345432906877	AD
ENSG00000163565	1	28	-27	-0.38116904796704243	0.0589110383814341	0.3931865516215412	-0.3342755132401071	Control
ENSG00000179958	42	27	15	0.1543104376088624	0.5709610235049093	0.38381434096994943	0.18714668253495986	AD
ENSG00000146242	14	6	8	0.06506385667954492	0.40568283249033027	0.15233561440047605	0.2533472180898542	AD
ENSG00000133812	5	49	-44	-0.5979107445096705	0.26152930675394226	0.5230586135078845	-0.26152930675394226	Control
ENSG00000249715	18	86	-68	-0.9038990219816162	0.44346920559357333	0.6420708122582565	-0.19860160666468313	Control
ENSG00000251623	4	13	-9	-0.1516778398630832	0.23147872656947338	0.25825647128830703	-0.02677774471883365	Control
ENSG00000072121	26	51	-25	-0.3556700248443803	0.4982148170187444	0.5336209461469801	-0.03540612912823565	Control
ENSG00000169696	17	87	-70	-0.9293980451042784	0.4343945254388575	0.64400476048795	-0.20961023504909249	Control
ENSG00000138028	17	19	-2	-0.06243125893376574	0.4343945254388575	0.31716750966974117	0.11722701576911632	Control
ENSG00000182247	20	6	14	0.14156092604753132	0.4587920261826837	0.15233561440047605	0.30645641178220767	AD
ENSG00000275131	16	95	-79	-1.044143649156258	0.42591490627789347	0.6588812853317465	-0.23296637905385303	Control
ENSG00000011638	20	2	18	0.1925589722928556	0.4587920261826837	0.05385301993454329	0.40493900624814044	AD
ENSG00000185278	8	10	-2	-0.06243125893376574	0.33234156501041356	0.216155905980363	0.11618565903005057	Control
ENSG00000151490	15	2	13	0.12881141448620026	0.41594763463254986	0.05385301993454329	0.3620946146980066	AD
ENSG00000118680	50	24	26	0.29455506478350413	0.5978875334721809	0.3622433799464445	0.23564415352573642	AD
ENSG00000185352	33	144	-111	-1.4521280191188521	0.5322820589110384	0.7360904492710503	-0.20380839036001186	Control
ENSG00000091164	32	100	-68	-0.9038990219816162	0.5267777447188337	0.6681047307349003	-0.14132698601606664	Control
ENSG00000145428	30	8	22	0.24355701853817985	0.5191907170484975	0.18670038678964593	0.33249033025885155	AD
ENSG00000171316	9	41	-32	-0.44491660577369774	0.34811068134483786	0.4805117524546266	-0.13240107110978871	Control
ENSG00000181666	21	95	-74	-0.9803960913496026	0.4669741148467718	0.6588812853317465	-0.1919071704849747	Control
ENSG00000057935	22	2	20	0.2180579954155177	0.4736685510264802	0.05385301993454329	0.4198155310919369	AD
ENSG00000138835	2	1	1	-0.024182724249772546	0.1474263612020232	0.02008330853912526	0.12734305266289794	AD
ENSG00000288062	57	39	18	0.1925589722928556	0.6157393632847367	0.470395715560845	0.1453436477238917	AD
ENSG00000068305	49	6	43	0.5112967613261323	0.593424576019042	0.15233561440047605	0.4410889616185659	AD
ENSG00000182534	109	31	78	0.9575296659727195	0.7100565307944064	0.41535257363879796	0.2947039571556085	AD
ENSG00000178502	83	64	19	0.20530848385418665	0.6725676881880392	0.5803332341565011	0.09223445403153818	AD
ENSG00000111348	8	61	-53	-0.7126563485616502	0.33234156501041356	0.5696221362689675	-0.23728057125855395	Control
ENSG00000136810	26	6	20	0.2180579954155177	0.4982148170187444	0.15233561440047605	0.3458792026182684	AD
ENSG00000180488	20	108	-88	-1.1588892532082375	0.4587920261826837	0.6831300208271348	-0.2243379946444511	Control
ENSG00000110218	86	4	82	1.0085277122180438	0.6771794108896162	0.10874739660815233	0.5684320142814638	AD
ENSG00000101336	25	48	-23	-0.33017100172171815	0.4931567985718536	0.5177030645641179	-0.024546265992264227	Control
ENSG00000126581	34	75	-41	-0.5596622098256773	0.5361499553704254	0.614251710800357	-0.07810175542993159	Control
ENSG00000083828	125	290	-165	-2.1406016434307293	0.7258256471288307	0.8592680749776852	-0.13344242784885452	Control
ENSG00000132313	19	100	-81	-1.06964267227892	0.45135376376078545	0.6681047307349003	-0.21675096697411483	Control
ENSG00000117069	2	6	-4	-0.08793028205642787	0.1474263612020232	0.15233561440047605	-0.00490925319845284	Control
ENSG00000103363	11	28	-17	-0.25367393235373176	0.377268670038679	0.3931865516215412	-0.015917881582862226	Control
ENSG00000072518	15	37	-22	-0.3174214901603871	0.41594763463254986	0.45745313894674206	-0.0415055043141922	Control
ENSG00000128482	49	30	19	0.20530848385418665	0.593424576019042	0.4089556679559655	0.18446890806307648	AD
ENSG00000104964	49	64	-15	-0.22817490923106962	0.593424576019042	0.5803332341565011	0.013091341862540906	Control
ENSG00000279811	23	27	-4	-0.08793028205642787	0.48021422195775065	0.38381434096994943	0.09639988098780122	Control
ENSG00000092148	40	11	29	0.3328035994674973	0.5626301695923832	0.23073490032728355	0.33189526926509966	AD
ENSG00000221866	5	13	-8	-0.13892832830175214	0.26152930675394226	0.25825647128830703	0.0032728354656352265	Control
ENSG00000198561	2	69	-67	-0.8911495104202851	0.1474263612020232	0.597590002975305	-0.4501636417732817	Control
ENSG00000115355	4	13	-9	-0.1516778398630832	0.23147872656947338	0.25825647128830703	-0.02677774471883365	Control
ENSG00000162616	5	4	1	-0.024182724249772546	0.26152930675394226	0.10874739660815233	0.15278191014578993	AD
ENSG00000212694	23	54	-31	-0.43216709421236665	0.48021422195775065	0.5458196965188932	-0.06560547456114252	Control
ENSG00000065883	17	65	-48	-0.6489087907549947	0.4343945254388575	0.5842011306158881	-0.1498066051770306	Control
ENSG00000132950	33	15	18	0.1925589722928556	0.5322820589110384	0.28072002380243977	0.25156203510859865	AD
ENSG00000248206	10	30	-20	-0.29192246703772495	0.3635822671823862	0.4089556679559655	-0.04537340077357932	Control
ENSG00000067369	24	72	-48	-0.6489087907549947	0.4870574233858971	0.6051770306456412	-0.11811960725974413	Control
ENSG00000168522	19	17	2	-0.011433212688441477	0.45135376376078545	0.2994644451056233	0.15188931865516214	AD
ENSG00000127838	29	3	26	0.29455506478350413	0.5144302290984826	0.08196965188931865	0.4324605772091639	AD
ENSG00000116044	6	72	-66	-0.878399998858954	0.28711692948527223	0.6051770306456412	-0.318060101160369	Control
ENSG00000163938	52	2	50	0.6005433422554497	0.6047307349003272	0.05385301993454329	0.550877714965784	AD
ENSG00000008056	49	35	14	0.14156092604753132	0.593424576019042	0.44376673609044925	0.14965783992859272	AD
ENSG00000170860	24	155	-131	-1.7071182503454732	0.4870574233858971	0.7485867301398393	-0.26152930675394226	Control
ENSG00000064763	48	135	-87	-1.1461397416469066	0.5900029753049688	0.7215114549241297	-0.1315084796191609	Control
ENSG00000102401	256	192	64	0.7790365041140846	0.8211841713775662	0.7863731032430824	0.03481106813448376	AD
ENSG00000204065	25	22	3	0.0013162988728895886	0.4931567985718536	0.3436477238916989	0.14950907468015473	AD
ENSG00000280152	20	61	-41	-0.5596622098256773	0.4587920261826837	0.5696221362689675	-0.1108301100862838	Control
ENSG00000065413	3	4	-1	-0.04968174737243468	0.19518000595060994	0.10874739660815233	0.08643260934245761	Control
ENSG00000111679	4	49	-45	-0.6106602560710016	0.23147872656947338	0.5230586135078845	-0.29157988693841114	Control
ENSG00000121073	6	4	2	-0.011433212688441477	0.28711692948527223	0.10874739660815233	0.1783695328771199	AD
ENSG00000146109	7	4	3	0.0013162988728895886	0.3122582564712883	0.10874739660815233	0.20351085986313597	AD
ENSG00000169635	50	82	-32	-0.44491660577369774	0.5978875334721809	0.6331448973519785	-0.03525736387979761	Control
ENSG00000167371	69	118	-49	-0.6616583023163258	0.6444510562332639	0.6986016066646832	-0.05415055043141925	Control
ENSG00000224222	4	10	-6	-0.11342930517909	0.23147872656947338	0.216155905980363	0.015322820589110386	Control
ENSG00000260328	24	41	-17	-0.25367393235373176	0.4870574233858971	0.4805117524546266	0.006545670931270509	Control
ENSG00000143621	11	24	-13	-0.20267588610840748	0.377268670038679	0.3622433799464445	0.015025290092234467	Control
ENSG00000105856	8	32	-24	-0.34292051328304923	0.33234156501041356	0.42100565307944066	-0.08866408806902709	Control
ENSG00000077279	51	30	21	0.23080750697684876	0.6016066646831301	0.4089556679559655	0.19265099672716457	AD
ENSG00000134152	33	99	-66	-0.878399998858954	0.5322820589110384	0.6658732520083308	-0.1335911930972924	Control
ENSG00000165169	143	29	114	1.4165120821806378	0.7417435287116929	0.40181493603094315	0.33992859268074976	AD
ENSG00000233639	33	39	-6	-0.11342930517909	0.5322820589110384	0.470395715560845	0.06188634335019344	Control
ENSG00000111652	18	96	-78	-1.031394137594927	0.44346920559357333	0.66081523356144	-0.21734602796786667	Control
ENSG00000109458	3	24	-21	-0.30467197859905604	0.19518000595060994	0.3622433799464445	-0.16706337399583457	Control
ENSG00000172824	13	56	-43	-0.5851612329483394	0.39764950907468016	0.5523653674501636	-0.15471585837548346	Control
ENSG00000124570	12	112	-100	-1.3118833919442103	0.3882772984230884	0.6904195180005951	-0.3021422195775067	Control
ENSG00000272645	2	35	-33	-0.45766611733502877	0.1474263612020232	0.44376673609044925	-0.296340374888426	Control
ENSG00000151687	17	18	-1	-0.04968174737243468	0.4343945254388575	0.30913418625409106	0.12526033918476642	Control
ENSG00000024048	22	60	-38	-0.5214136751416841	0.4736685510264802	0.5664980660517703	-0.09282951502529013	Control
ENSG00000126698	7	14	-7	-0.12617881674042108	0.3122582564712883	0.2704552216602202	0.04180303481106812	Control
ENSG00000237166	14	34	-20	-0.29192246703772495	0.40568283249033027	0.43588217792323714	-0.030199345432906866	Control
ENSG00000148123	7	25	-18	-0.26642344391506284	0.3122582564712883	0.37102052960428444	-0.058762273132996146	Control
ENSG00000189212	7	64	-57	-0.7636543948069744	0.3122582564712883	0.5803332341565011	-0.26807497768521277	Control
ENSG00000150656	5	10	-5	-0.10067979361775894	0.26152930675394226	0.216155905980363	0.045373400773579264	Control
ENSG00000188603	25	42	-17	-0.25367393235373176	0.4931567985718536	0.4869086581374591	0.0062481404343945335	Control
ENSG00000112531	20	54	-34	-0.47041562889635985	0.4587920261826837	0.5458196965188932	-0.08702767033620945	Control
ENSG00000138107	23	31	-8	-0.13892832830175214	0.48021422195775065	0.41535257363879796	0.06486164831895269	Control
ENSG00000160271	35	93	-58	-0.7764039063683055	0.5404641475751264	0.6551621541207974	-0.11469800654567097	Control
ENSG00000163885	1	12	-11	-0.17717686298574534	0.0589110383814341	0.24397500743826242	-0.18506396905682831	Control
ENSG00000143756	8	1	7	0.05231434511821386	0.33234156501041356	0.02008330853912526	0.3122582564712883	AD
ENSG00000112893	12	22	-10	-0.16442735142441428	0.3882772984230884	0.3436477238916989	0.04462957453138949	Control
ENSG00000237298	22	30	-8	-0.13892832830175214	0.4736685510264802	0.4089556679559655	0.0647128830705147	Control
ENSG00000151572	33	35	-2	-0.06243125893376574	0.5322820589110384	0.44376673609044925	0.08851532282058916	Control
ENSG00000133878	38	17	21	0.23080750697684876	0.5544480809282951	0.2994644451056233	0.2549836358226718	AD
ENSG00000107890	27	42	-15	-0.22817490923106962	0.5032728354656353	0.4869086581374591	0.016364177328176188	Control
ENSG00000137207	19	99	-80	-1.056893160717589	0.45135376376078545	0.6658732520083308	-0.21451948824754535	Control
ENSG00000253284	9	119	-110	-1.439378507557521	0.34811068134483786	0.7006843201428147	-0.3525736387979768	Control
ENSG00000254377	18	45	-27	-0.38116904796704243	0.44346920559357333	0.5038678964593871	-0.06039869086581379	Control
ENSG00000236104	18	39	-21	-0.30467197859905604	0.44346920559357333	0.470395715560845	-0.02692650996727164	Control
ENSG00000170802	6	16	-10	-0.16442735142441428	0.28711692948527223	0.2897947039571556	-0.0026777744718833874	Control
ENSG00000254936	17	51	-34	-0.47041562889635985	0.4343945254388575	0.5336209461469801	-0.0992264207081226	Control
ENSG00000133640	9	48	-39	-0.5341631867030152	0.34811068134483786	0.5177030645641179	-0.16959238321928	Control
ENSG00000163820	6	48	-42	-0.5724117213870084	0.28711692948527223	0.5177030645641179	-0.23058613507884562	Control
ENSG00000259924	58	88	-30	-0.41941758265103557	0.6204998512347516	0.6460874739660816	-0.025587622731329973	Control
ENSG00000257680	41	14	27	0.30730457634483516	0.5672418922939602	0.2704552216602202	0.29678667063374	AD
ENSG00000264522	1	12	-11	-0.17717686298574534	0.0589110383814341	0.24397500743826242	-0.18506396905682831	Control
ENSG00000132702	3	5	-2	-0.06243125893376574	0.19518000595060994	0.13091341862540912	0.06426658732520082	Control
ENSG00000178917	8	17	-9	-0.1516778398630832	0.33234156501041356	0.2994644451056233	0.03287711990479025	Control
ENSG00000065427	6	6	0	-0.03693223581110361	0.28711692948527223	0.15233561440047605	0.13478131508479618	Control
ENSG00000196204	19	78	-59	-0.7891534179296366	0.45135376376078545	0.622880095209759	-0.1715263314489735	Control
ENSG00000163904	18	66	-48	-0.6489087907549947	0.44346920559357333	0.588961618565903	-0.14549241297232968	Control
ENSG00000154548	22	17	5	0.02681532199555172	0.4736685510264802	0.2994644451056233	0.1742041059208569	AD
ENSG00000136436	8	49	-41	-0.5596622098256773	0.33234156501041356	0.5230586135078845	-0.19071704849747095	Control
ENSG00000285892	6	7	-1	-0.04968174737243468	0.28711692948527223	0.1716750966974115	0.11544183278786074	Control
ENSG00000061987	9	36	-27	-0.38116904796704243	0.34811068134483786	0.4506099375185957	-0.10249925617375782	Control
ENSG00000110987	50	6	44	0.5240462728874633	0.5978875334721809	0.15233561440047605	0.4455519190717049	AD
ENSG00000244062	4	3	1	-0.024182724249772546	0.23147872656947338	0.08196965188931865	0.14950907468015473	AD
ENSG00000164659	2	14	-12	-0.1899263745470764	0.1474263612020232	0.2704552216602202	-0.12302886045819697	Control
ENSG00000150756	2	7	-5	-0.10067979361775894	0.1474263612020232	0.1716750966974115	-0.02424873549538828	Control
ENSG00000187950	6	10	-4	-0.08793028205642787	0.28711692948527223	0.216155905980363	0.07096102350490924	Control
ENSG00000173141	17	5	12	0.11606190292486919	0.4343945254388575	0.13091341862540912	0.30348110681344836	AD
ENSG00000271553	23	96	-73	-0.9676465797882715	0.48021422195775065	0.66081523356144	-0.18060101160368935	Control
ENSG00000278897	42	196	-154	-2.0003570162560877	0.5709610235049093	0.7894971734602797	-0.2185361499553704	Control
ENSG00000203896	77	137	-60	-0.8019029294909675	0.6623028860458197	0.724337994644451	-0.06203510859863137	Control
ENSG00000116754	3	12	-9	-0.1516778398630832	0.19518000595060994	0.24397500743826242	-0.04879500148765248	Control
ENSG00000131503	24	99	-75	-0.9931456029109337	0.4870574233858971	0.6658732520083308	-0.17881582862243373	Control
ENSG00000064932	5	27	-22	-0.3174214901603871	0.26152930675394226	0.38381434096994943	-0.12228503421600717	Control
ENSG00000125648	43	64	-21	-0.30467197859905604	0.576167807200238	0.5803332341565011	-0.004165426956263096	Control
ENSG00000279283	30	149	-119	-1.5541241116095006	0.5191907170484975	0.7426361202023207	-0.22344540315382322	Control
ENSG00000066044	24	28	-4	-0.08793028205642787	0.4870574233858971	0.3931865516215412	0.09387087176435588	Control
ENSG00000151967	1	29	-28	-0.3939185595283735	0.0589110383814341	0.40181493603094315	-0.34290389764950907	Control
ENSG00000154642	20	12	8	0.06506385667954492	0.4587920261826837	0.24397500743826242	0.2148170187444213	AD
ENSG00000183020	36	124	-88	-1.1588892532082375	0.5450758702767033	0.7081225825647128	-0.1630467122880095	Control
ENSG00000168291	32	57	-25	-0.3556700248443803	0.5267777447188337	0.5563820291579887	-0.029604284439155082	Control
ENSG00000160305	69	143	-74	-0.9803960913496026	0.6444510562332639	0.7344540315382326	-0.0900029753049687	Control
ENSG00000133612	12	6	6	0.03956483355688279	0.3882772984230884	0.15233561440047605	0.23594168402261234	AD
ENSG00000189423	51	123	-72	-0.9548970682269404	0.6016066646831301	0.7061886343350193	-0.10458196965188926	Control
ENSG00000131943	112	39	73	0.8937821081660642	0.7131806010116037	0.470395715560845	0.24278488545075877	AD
ENSG00000069966	15	48	-33	-0.45766611733502877	0.41594763463254986	0.5177030645641179	-0.101755429931568	Control
ENSG00000143797	1	7	-6	-0.11342930517909	0.0589110383814341	0.1716750966974115	-0.11276405831597738	Control
ENSG00000106609	20	7	13	0.12881141448620026	0.4587920261826837	0.1716750966974115	0.28711692948527223	AD
ENSG00000160752	12	21	-9	-0.1516778398630832	0.3882772984230884	0.3333829217494793	0.05489437667360908	Control
ENSG00000112667	11	4	7	0.05231434511821386	0.377268670038679	0.10874739660815233	0.2685212734305267	AD
ENSG00000197006	77	104	-27	-0.38116904796704243	0.6623028860458197	0.6756917584052365	-0.013388872359416881	Control
ENSG00000174106	82	33	49	0.5877938306941187	0.6709312704552216	0.42784885450758703	0.24308241594763458	AD
ENSG00000197892	12	37	-25	-0.3556700248443803	0.3882772984230884	0.45745313894674206	-0.06917584052365366	Control
ENSG00000071553	491	377	114	1.4165120821806378	0.932311811960726	0.9122285034216007	0.020083308539125322	AD
ENSG00000139405	13	29	-16	-0.2409244207924007	0.39764950907468016	0.40181493603094315	-0.004165426956262985	Control
ENSG00000028116	3	21	-18	-0.26642344391506284	0.19518000595060994	0.3333829217494793	-0.13820291579886937	Control
ENSG00000269939	32	110	-78	-1.031394137594927	0.5267777447188337	0.6872954477833978	-0.16051770306456414	Control
ENSG00000133858	38	33	5	0.02681532199555172	0.5544480809282951	0.42784885450758703	0.1265992264207081	AD
ENSG00000048544	28	59	-31	-0.43216709421236665	0.5089259149062779	0.563373995834573	-0.05444808092829512	Control
ENSG00000070476	11	33	-22	-0.3174214901603871	0.377268670038679	0.42784885450758703	-0.05058018446890805	Control
ENSG00000172757	21	19	2	-0.011433212688441477	0.4669741148467718	0.31716750966974117	0.14980660517703065	AD
ENSG00000106245	9	11	-2	-0.06243125893376574	0.34811068134483786	0.23073490032728355	0.1173757810175543	Control
ENSG00000165434	16	4	12	0.11606190292486919	0.42591490627789347	0.10874739660815233	0.31716750966974117	AD
ENSG00000143222	3	5	-2	-0.06243125893376574	0.19518000595060994	0.13091341862540912	0.06426658732520082	Control
ENSG00000125304	46	2	44	0.5240462728874633	0.5855400178518299	0.05385301993454329	0.5316869979172866	AD
ENSG00000134333	2	1	1	-0.024182724249772546	0.1474263612020232	0.02008330853912526	0.12734305266289794	AD
ENSG00000090097	9	14	-5	-0.10067979361775894	0.34811068134483786	0.2704552216602202	0.07765545968461768	Control
ENSG00000154723	42	89	-47	-0.6361592791936637	0.5709610235049093	0.6486164831895269	-0.07765545968461762	Control
ENSG00000116903	2	4	-2	-0.06243125893376574	0.1474263612020232	0.10874739660815233	0.03867896459387088	Control
ENSG00000152932	6	101	-95	-1.248135834137555	0.28711692948527223	0.6698899137161559	-0.3827729842308837	Control
ENSG00000044574	2	3	-1	-0.04968174737243468	0.1474263612020232	0.08196965188931865	0.06545670931270456	Control
ENSG00000135108	20	6	14	0.14156092604753132	0.4587920261826837	0.15233561440047605	0.30645641178220767	AD
ENSG00000092531	10	65	-55	-0.7381553716843122	0.3635822671823862	0.5842011306158881	-0.2206188634335019	Control
ENSG00000162599	6	20	-14	-0.21542539766973856	0.28711692948527223	0.3249033025885153	-0.037786373103243065	Control
ENSG00000134709	8	7	1	-0.024182724249772546	0.33234156501041356	0.1716750966974115	0.16066646831300208	AD
ENSG00000167566	10	6	4	0.014065810434220656	0.3635822671823862	0.15233561440047605	0.21124665278191013	AD
ENSG00000204856	97	40	57	0.6897899231847672	0.6960725974412377	0.47560249925617376	0.22047009818506397	AD
ENSG00000197329	23	20	3	0.0013162988728895886	0.48021422195775065	0.3249033025885153	0.15531091936923536	AD
ENSG00000233642	32	14	18	0.1925589722928556	0.5267777447188337	0.2704552216602202	0.25632252305861347	AD
ENSG00000070961	37	62	-25	-0.3556700248443803	0.5496875929782803	0.5736387979767926	-0.023951204998512332	Control
ENSG00000171992	7	53	-46	-0.6234097676323327	0.3122582564712883	0.5432906872954478	-0.23103243082415953	Control
ENSG00000135631	17	6	11	0.10331239136353813	0.4343945254388575	0.15233561440047605	0.28205891103838143	AD
ENSG00000198712	2	1	1	-0.024182724249772546	0.1474263612020232	0.02008330853912526	0.12734305266289794	AD
ENSG00000142583	5	32	-27	-0.38116904796704243	0.26152930675394226	0.42100565307944066	-0.1594763463254984	Control
ENSG00000204231	3	4	-1	-0.04968174737243468	0.19518000595060994	0.10874739660815233	0.08643260934245761	Control
ENSG00000150760	9	7	2	-0.011433212688441477	0.34811068134483786	0.1716750966974115	0.17643558464742637	AD
ENSG00000171867	76	37	39	0.460298715080808	0.6596251115739363	0.45745313894674206	0.20217197262719427	AD
ENSG00000108528	42	82	-40	-0.5469126982643463	0.5709610235049093	0.6331448973519785	-0.06218387384706925	Control
ENSG00000101290	74	323	-249	-3.211560614582539	0.656947337102053	0.8815828622433799	-0.2246355251413269	Control
ENSG00000134186	2	16	-14	-0.21542539766973856	0.1474263612020232	0.2897947039571556	-0.1423683427551324	Control
ENSG00000138604	47	169	-122	-1.5923726462934937	0.5879202618268372	0.7619756024992562	-0.174055340672419	Control
ENSG00000213197	9	52	-43	-0.5851612329483394	0.34811068134483786	0.5391252603391847	-0.19101457899434687	Control
ENSG00000106459	12	13	-1	-0.04968174737243468	0.3882772984230884	0.25825647128830703	0.13002082713478136	Control
ENSG00000051825	24	35	-11	-0.17717686298574534	0.4870574233858971	0.44376673609044925	0.04329068729544783	Control
ENSG00000278983	10	24	-14	-0.21542539766973856	0.3635822671823862	0.3622433799464445	0.001338887235941666	Control
ENSG00000179104	3	15	-12	-0.1899263745470764	0.19518000595060994	0.28072002380243977	-0.08554001785182982	Control
ENSG00000177459	52	1	51	0.6132928538167808	0.6047307349003272	0.02008330853912526	0.584647426361202	AD
ENSG00000239653	16	125	-109	-1.42662899599619	0.42591490627789347	0.7096102350490925	-0.283695328771199	Control
ENSG00000186951	15	42	-27	-0.38116904796704243	0.41594763463254986	0.4869086581374591	-0.07096102350490924	Control
ENSG00000103591	26	71	-45	-0.6106602560710016	0.4982148170187444	0.6026480214221958	-0.10443320440345133	Control
ENSG00000113658	9	49	-40	-0.5469126982643463	0.34811068134483786	0.5230586135078845	-0.17494793216304666	Control
ENSG00000178440	21	186	-165	-2.1406016434307293	0.4669741148467718	0.7799761975602499	-0.3130020827134781	Control
ENSG00000085982	21	43	-22	-0.3174214901603871	0.4669741148467718	0.49375185956560547	-0.02677774471883365	Control
ENSG00000128581	12	34	-22	-0.3174214901603871	0.3882772984230884	0.43588217792323714	-0.047604879500148745	Control
ENSG00000180747	20	12	8	0.06506385667954492	0.4587920261826837	0.24397500743826242	0.2148170187444213	AD
ENSG00000123395	15	7	8	0.06506385667954492	0.41594763463254986	0.1716750966974115	0.24427253793513837	AD
ENSG00000136280	7	6	1	-0.024182724249772546	0.3122582564712883	0.15233561440047605	0.15992264207081225	AD
ENSG00000120438	8	8	0	-0.03693223581110361	0.33234156501041356	0.18670038678964593	0.14564117822076764	Control
ENSG00000151553	31	3	28	0.32005408790616624	0.5223147872656947	0.08196965188931865	0.44034513537637604	AD
ENSG00000009844	24	19	5	0.02681532199555172	0.4870574233858971	0.31716750966974117	0.16988991371615592	AD
ENSG00000158773	34	4	30	0.34555311102882835	0.5361499553704254	0.10874739660815233	0.42740255876227307	AD
ENSG00000278434	4	6	-2	-0.06243125893376574	0.23147872656947338	0.15233561440047605	0.07914311216899733	Control
ENSG00000139436	2	8	-6	-0.11342930517909	0.1474263612020232	0.18670038678964593	-0.03927402558762272	Control
ENSG00000105639	2	15	-13	-0.20267588610840748	0.1474263612020232	0.28072002380243977	-0.13329366260041656	Control
ENSG00000110429	68	41	27	0.30730457634483516	0.6419220470098185	0.4805117524546266	0.1614102945551919	AD
ENSG00000280392	13	67	-54	-0.7254058601229811	0.39764950907468016	0.5925319845284142	-0.194882475453734	Control
ENSG00000157214	13	16	-3	-0.0751807704950968	0.39764950907468016	0.2897947039571556	0.10785480511752454	Control
ENSG00000183397	27	14	13	0.12881141448620026	0.5032728354656353	0.2704552216602202	0.2328176138054151	AD
ENSG00000261056	16	148	-132	-1.7198677619068043	0.42591490627789347	0.7412972329663791	-0.3153823266884856	Control
ENSG00000196381	15	23	-8	-0.13892832830175214	0.41594763463254986	0.3534662302886046	0.06248140434394528	Control
ENSG00000104133	8	25	-17	-0.25367393235373176	0.33234156501041356	0.37102052960428444	-0.03867896459387088	Control
ENSG00000169403	1	16	-15	-0.22817490923106962	0.0589110383814341	0.2897947039571556	-0.23088366557572151	Control
ENSG00000080815	8	12	-4	-0.08793028205642787	0.33234156501041356	0.24397500743826242	0.08836655757215114	Control
ENSG00000071991	6	14	-8	-0.13892832830175214	0.28711692948527223	0.2704552216602202	0.016661707825052052	Control
ENSG00000167281	48	109	-61	-0.8146524410522986	0.5900029753049688	0.6850639690568283	-0.0950609937518595	Control
ENSG00000254876	26	111	-85	-1.1206407185242444	0.4982148170187444	0.6890806307646534	-0.190865813745909	Control
ENSG00000025800	7	4	3	0.0013162988728895886	0.3122582564712883	0.10874739660815233	0.20351085986313597	AD
ENSG00000111670	2	19	-17	-0.25367393235373176	0.1474263612020232	0.31716750966974117	-0.16974114846771796	Control
ENSG00000121753	12	96	-84	-1.1078912069629132	0.3882772984230884	0.66081523356144	-0.2725379351383516	Control
ENSG00000205116	4	19	-15	-0.22817490923106962	0.23147872656947338	0.31716750966974117	-0.08568878310026778	Control
ENSG00000157423	11	57	-46	-0.6234097676323327	0.377268670038679	0.5563820291579887	-0.17911335911930976	Control
ENSG00000197858	10	13	-3	-0.0751807704950968	0.3635822671823862	0.25825647128830703	0.10532579589407914	Control
ENSG00000112787	4	4	0	-0.03693223581110361	0.23147872656947338	0.10874739660815233	0.12273132996132105	Control
ENSG00000166171	21	25	-4	-0.08793028205642787	0.4669741148467718	0.37102052960428444	0.09595358524248737	Control
ENSG00000167642	50	21	29	0.3328035994674973	0.5978875334721809	0.3333829217494793	0.2645046117227016	AD
ENSG00000262580	17	18	-1	-0.04968174737243468	0.4343945254388575	0.30913418625409106	0.12526033918476642	Control
ENSG00000263874	28	24	4	0.014065810434220656	0.5089259149062779	0.3622433799464445	0.1466825349598334	AD
ENSG00000095139	22	19	3	0.0013162988728895886	0.4736685510264802	0.31716750966974117	0.15650104135673903	AD
ENSG00000177943	4	24	-20	-0.29192246703772495	0.23147872656947338	0.3622433799464445	-0.13076465337697113	Control
ENSG00000273329	17	46	-29	-0.40666807108970454	0.4343945254388575	0.5077357929187741	-0.07334126747991665	Control
ENSG00000079616	36	46	-10	-0.16442735142441428	0.5450758702767033	0.5077357929187741	0.03734007735792921	Control
ENSG00000280214	11	91	-80	-1.056893160717589	0.377268670038679	0.6517405534067242	-0.27447188336804523	Control
ENSG00000248624	6	27	-21	-0.30467197859905604	0.28711692948527223	0.38381434096994943	-0.0966974114846772	Control
ENSG00000173465	29	25	4	0.014065810434220656	0.5144302290984826	0.37102052960428444	0.14340969949419813	AD
ENSG00000158869	17	54	-37	-0.508664163580353	0.4343945254388575	0.5458196965188932	-0.11142517108003569	Control
ENSG00000126790	5	24	-19	-0.27917295547639387	0.26152930675394226	0.3622433799464445	-0.10071407319250225	Control
ENSG00000177688	9	11	-2	-0.06243125893376574	0.34811068134483786	0.23073490032728355	0.1173757810175543	Control
ENSG00000006530	7	1	6	0.03956483355688279	0.3122582564712883	0.02008330853912526	0.29217494793216303	AD
ENSG00000138326	5	23	-18	-0.26642344391506284	0.26152930675394226	0.3534662302886046	-0.09193692353466232	Control
ENSG00000111639	6	34	-28	-0.3939185595283735	0.28711692948527223	0.43588217792323714	-0.1487652484379649	Control
ENSG00000213090	5	67	-62	-0.8274019526136298	0.26152930675394226	0.5925319845284142	-0.3310026777744719	Control
ENSG00000178125	1	31	-30	-0.41941758265103557	0.0589110383814341	0.41535257363879796	-0.3564415352573639	Control
ENSG00000166579	33	24	9	0.077813368240876	0.5322820589110384	0.3622433799464445	0.1700386789645939	AD
ENSG00000164332	17	12	5	0.02681532199555172	0.4343945254388575	0.24397500743826242	0.19041951800059506	AD
ENSG00000122584	2	5	-3	-0.0751807704950968	0.1474263612020232	0.13091341862540912	0.016512942576614092	Control
ENSG00000196458	17	15	2	-0.011433212688441477	0.4343945254388575	0.28072002380243977	0.15367450163641772	AD
ENSG00000233264	16	128	-112	-1.4648775306801831	0.42591490627789347	0.7124367747694139	-0.28652186849152045	Control
ENSG00000116574	6	7	-1	-0.04968174737243468	0.28711692948527223	0.1716750966974115	0.11544183278786074	Control
ENSG00000197536	11	112	-101	-1.3246329035055413	0.377268670038679	0.6904195180005951	-0.3131508479619161	Control
ENSG00000143458	8	13	-5	-0.10067979361775894	0.33234156501041356	0.25825647128830703	0.07408509372210653	Control
ENSG00000183431	6	26	-20	-0.29192246703772495	0.28711692948527223	0.3775662005355549	-0.09044927105028266	Control
ENSG00000116478	6	35	-29	-0.40666807108970454	0.28711692948527223	0.44376673609044925	-0.15664980660517702	Control
ENSG00000173113	7	12	-5	-0.10067979361775894	0.3122582564712883	0.24397500743826242	0.06828324903302588	Control
ENSG00000151006	15	59	-44	-0.5979107445096705	0.41594763463254986	0.563373995834573	-0.14742636120202318	Control
ENSG00000224934	15	84	-69	-0.9166485335429473	0.41594763463254986	0.6376078548051175	-0.22166022017256765	Control
ENSG00000099282	10	35	-25	-0.3556700248443803	0.3635822671823862	0.44376673609044925	-0.08018446890806308	Control
ENSG00000266371	13	35	-22	-0.3174214901603871	0.39764950907468016	0.44376673609044925	-0.04611722701576909	Control
ENSG00000135905	4	3	1	-0.024182724249772546	0.23147872656947338	0.08196965188931865	0.14950907468015473	AD
ENSG00000116885	3	2	1	-0.024182724249772546	0.19518000595060994	0.05385301993454329	0.14132698601606664	AD
ENSG00000108509	29	9	20	0.2180579954155177	0.5144302290984826	0.2008330853912526	0.31359714370722996	AD
ENSG00000075303	14	11	3	0.0013162988728895886	0.40568283249033027	0.23073490032728355	0.17494793216304672	AD
ENSG00000204851	23	7	16	0.16705994917019346	0.48021422195775065	0.1716750966974115	0.30853912526033916	AD
ENSG00000081154	4	3	1	-0.024182724249772546	0.23147872656947338	0.08196965188931865	0.14950907468015473	AD
ENSG00000104885	49	41	8	0.06506385667954492	0.593424576019042	0.4805117524546266	0.1129128235644154	AD
ENSG00000104979	20	7	13	0.12881141448620026	0.4587920261826837	0.1716750966974115	0.28711692948527223	AD
ENSG00000175727	1	6	-5	-0.10067979361775894	0.0589110383814341	0.15233561440047605	-0.09342457601904194	Control
ENSG00000167549	5	28	-23	-0.33017100172171815	0.26152930675394226	0.3931865516215412	-0.13165724486759894	Control
ENSG00000100823	19	32	-13	-0.20267588610840748	0.45135376376078545	0.42100565307944066	0.030348110681344798	Control
ENSG00000161921	2	15	-13	-0.20267588610840748	0.1474263612020232	0.28072002380243977	-0.13329366260041656	Control
ENSG00000128000	23	26	-3	-0.0751807704950968	0.48021422195775065	0.3775662005355549	0.10264802142219576	Control
ENSG00000196683	11	21	-10	-0.16442735142441428	0.377268670038679	0.3333829217494793	0.043885748289199666	Control
ENSG00000160075	7	4	3	0.0013162988728895886	0.3122582564712883	0.10874739660815233	0.20351085986313597	AD
ENSG00000232489	6	10	-4	-0.08793028205642787	0.28711692948527223	0.216155905980363	0.07096102350490924	Control
ENSG00000196104	10	59	-49	-0.6616583023163258	0.3635822671823862	0.563373995834573	-0.19979172865218686	Control
ENSG00000230269	37	58	-21	-0.30467197859905604	0.5496875929782803	0.5601011603689379	-0.010413567390657574	Control
ENSG00000134532	3	32	-29	-0.40666807108970454	0.19518000595060994	0.42100565307944066	-0.22582564712883071	Control
ENSG00000175906	69	51	18	0.1925589722928556	0.6444510562332639	0.5336209461469801	0.11083011008628385	AD
ENSG00000260807	21	16	5	0.02681532199555172	0.4669741148467718	0.2897947039571556	0.1771794108896162	AD
ENSG00000174442	29	1	28	0.32005408790616624	0.5144302290984826	0.02008330853912526	0.4943469205593573	AD
ENSG00000185008	6	73	-67	-0.8911495104202851	0.28711692948527223	0.6090449271050282	-0.321927997619756	Control
ENSG00000124207	20	6	14	0.14156092604753132	0.4587920261826837	0.15233561440047605	0.30645641178220767	AD
ENSG00000239763	21	81	-60	-0.8019029294909675	0.4669741148467718	0.631062183873847	-0.16408806902707523	Control
ENSG00000119396	11	52	-41	-0.5596622098256773	0.377268670038679	0.5391252603391847	-0.16185659030050575	Control
ENSG00000185046	30	42	-12	-0.1899263745470764	0.5191907170484975	0.4869086581374591	0.032282058911038414	Control
ENSG00000165084	1	6	-5	-0.10067979361775894	0.0589110383814341	0.15233561440047605	-0.09342457601904194	Control
ENSG00000135912	3	14	-11	-0.17717686298574534	0.19518000595060994	0.2704552216602202	-0.07527521570961024	Control
ENSG00000137478	18	53	-35	-0.48316514045769093	0.44346920559357333	0.5432906872954478	-0.09982148170187449	Control
ENSG00000094631	2	4	-2	-0.06243125893376574	0.1474263612020232	0.10874739660815233	0.03867896459387088	Control
ENSG00000237491	8	24	-16	-0.2409244207924007	0.33234156501041356	0.3622433799464445	-0.029901814936030946	Control
ENSG00000280069	5	6	-1	-0.04968174737243468	0.26152930675394226	0.15233561440047605	0.10919369235346621	Control
ENSG00000279544	2	7	-5	-0.10067979361775894	0.1474263612020232	0.1716750966974115	-0.02424873549538828	Control
ENSG00000117533	7	43	-36	-0.49591465201902196	0.3122582564712883	0.49375185956560547	-0.18149360309431717	Control
ENSG00000185055	3	6	-3	-0.0751807704950968	0.19518000595060994	0.15233561440047605	0.04284439155013389	Control
ENSG00000175550	18	147	-129	-1.681619227222811	0.44346920559357333	0.7398095804819994	-0.2963403748884261	Control
ENSG00000179271	67	4	63	0.7662869925527536	0.639839333531687	0.10874739660815233	0.5310919369235346	AD
ENSG00000113240	21	62	-41	-0.5596622098256773	0.4669741148467718	0.5736387979767926	-0.10666468313002081	Control
ENSG00000280347	14	77	-63	-0.8401514641749609	0.40568283249033027	0.6200535554894376	-0.21437072299910737	Control
ENSG00000129566	5	22	-17	-0.25367393235373176	0.26152930675394226	0.3436477238916989	-0.08211841713775664	Control
ENSG00000100908	42	45	-3	-0.0751807704950968	0.5709610235049093	0.5038678964593871	0.06709312704552217	Control
ENSG00000234456	4	10	-6	-0.11342930517909	0.23147872656947338	0.216155905980363	0.015322820589110386	Control
ENSG00000239789	16	14	2	-0.011433212688441477	0.42591490627789347	0.2704552216602202	0.1554596846176733	AD
ENSG00000065518	6	10	-4	-0.08793028205642787	0.28711692948527223	0.216155905980363	0.07096102350490924	Control
ENSG00000108588	12	28	-16	-0.2409244207924007	0.3882772984230884	0.3931865516215412	-0.004909253198452812	Control
ENSG00000230793	4	114	-110	-1.439378507557521	0.23147872656947338	0.6936923534662303	-0.4622136268967569	Control
ENSG00000168135	88	125	-37	-0.508664163580353	0.6800059506099375	0.7096102350490925	-0.02960428443915497	Control
ENSG00000265354	20	6	14	0.14156092604753132	0.4587920261826837	0.15233561440047605	0.30645641178220767	AD
ENSG00000204138	4	66	-62	-0.8274019526136298	0.23147872656947338	0.588961618565903	-0.35748289199642963	Control
ENSG00000187239	9	27	-18	-0.26642344391506284	0.34811068134483786	0.38381434096994943	-0.03570365962511157	Control
ENSG00000132359	11	3	8	0.06506385667954492	0.377268670038679	0.08196965188931865	0.2952990181493603	AD
ENSG00000281404	5	34	-29	-0.40666807108970454	0.26152930675394226	0.43588217792323714	-0.17435287116929488	Control
ENSG00000233602	4	49	-45	-0.6106602560710016	0.23147872656947338	0.5230586135078845	-0.29157988693841114	Control
ENSG00000261115	24	44	-20	-0.29192246703772495	0.4870574233858971	0.499851234751562	-0.012793811365664931	Control
ENSG00000197622	6	36	-30	-0.41941758265103557	0.28711692948527223	0.4506099375185957	-0.16349300803332345	Control
ENSG00000170906	104	59	45	0.5367957844487944	0.7021719726271943	0.563373995834573	0.1387979767926213	AD
ENSG00000267412	18	63	-45	-0.6106602560710016	0.44346920559357333	0.5775066944361797	-0.1340374888426064	Control
ENSG00000117118	10	32	-22	-0.3174214901603871	0.3635822671823862	0.42100565307944066	-0.05742338589705448	Control
ENSG00000187079	3	32	-29	-0.40666807108970454	0.19518000595060994	0.42100565307944066	-0.22582564712883071	Control
ENSG00000215712	58	59	-1	-0.04968174737243468	0.6204998512347516	0.563373995834573	0.05712585540017856	Control
ENSG00000136718	18	15	3	0.0013162988728895886	0.44346920559357333	0.28072002380243977	0.16274918179113357	AD
ENSG00000183978	8	21	-13	-0.20267588610840748	0.33234156501041356	0.3333829217494793	-0.0010413567390657463	Control
ENSG00000233967	3	29	-26	-0.36841953640571135	0.19518000595060994	0.40181493603094315	-0.2066349300803332	Control
ENSG00000157978	6	20	-14	-0.21542539766973856	0.28711692948527223	0.3249033025885153	-0.037786373103243065	Control
ENSG00000137040	7	3	4	0.014065810434220656	0.3122582564712883	0.08196965188931865	0.23028860458196965	AD
ENSG00000141338	16	29	-13	-0.20267588610840748	0.42591490627789347	0.40181493603094315	0.02409997024695032	Control
ENSG00000049656	4	1	3	0.0013162988728895886	0.23147872656947338	0.02008330853912526	0.21139541803034811	AD
ENSG00000186166	22	119	-97	-1.2736348572602172	0.4736685510264802	0.7006843201428147	-0.22701576911633448	Control
ENSG00000174886	22	104	-82	-1.082392183840251	0.4736685510264802	0.6756917584052365	-0.20202320737875634	Control
ENSG00000177954	5	9	-4	-0.08793028205642787	0.26152930675394226	0.2008330853912526	0.06069622136268965	Control
ENSG00000247708	6	107	-101	-1.3246329035055413	0.28711692948527223	0.6808985421005653	-0.3937816126152931	Control
ENSG00000173898	4	1	3	0.0013162988728895886	0.23147872656947338	0.02008330853912526	0.21139541803034811	AD
ENSG00000251429	4	2	2	-0.011433212688441477	0.23147872656947338	0.05385301993454329	0.1776257066349301	AD
ENSG00000253304	4	1	3	0.0013162988728895886	0.23147872656947338	0.02008330853912526	0.21139541803034811	AD
ENSG00000185615	4	17	-13	-0.20267588610840748	0.23147872656947338	0.2994644451056233	-0.06798571853614993	Control
ENSG00000167771	29	19	10	0.09056287980220706	0.5144302290984826	0.31716750966974117	0.1972627194287414	AD
ENSG00000151552	2	13	-11	-0.17717686298574534	0.1474263612020232	0.25825647128830703	-0.11083011008628382	Control
ENSG00000232166	1	6	-5	-0.10067979361775894	0.0589110383814341	0.15233561440047605	-0.09342457601904194	Control
ENSG00000263603	7	106	-99	-1.2991338803828794	0.3122582564712883	0.6783695328771199	-0.3661112764058316	Control
ENSG00000156453	9	2	7	0.05231434511821386	0.34811068134483786	0.05385301993454329	0.2942576614102946	AD
ENSG00000221983	40	31	9	0.077813368240876	0.5626301695923832	0.41535257363879796	0.14727759595358525	AD
ENSG00000247556	35	59	-24	-0.34292051328304923	0.5404641475751264	0.563373995834573	-0.02290984825944664	Control
ENSG00000140400	5	38	-33	-0.45766611733502877	0.26152930675394226	0.4639988098780125	-0.20246950312407025	Control
ENSG00000214216	4	32	-28	-0.3939185595283735	0.23147872656947338	0.42100565307944066	-0.18952692650996728	Control
ENSG00000065675	12	37	-25	-0.3556700248443803	0.3882772984230884	0.45745313894674206	-0.06917584052365366	Control
ENSG00000073417	22	61	-39	-0.5341631867030152	0.4736685510264802	0.5696221362689675	-0.09595358524248732	Control
ENSG00000132330	27	60	-33	-0.45766611733502877	0.5032728354656353	0.5664980660517703	-0.06322523058613505	Control
ENSG00000135709	33	61	-28	-0.3939185595283735	0.5322820589110384	0.5696221362689675	-0.0373400773579291	Control
ENSG00000213023	30	103	-73	-0.9676465797882715	0.5191907170484975	0.673609044927105	-0.15441832787860754	Control
ENSG00000110811	13	10	3	0.0013162988728895886	0.39764950907468016	0.216155905980363	0.18149360309431717	AD
ENSG00000276023	6	11	-5	-0.10067979361775894	0.28711692948527223	0.23073490032728355	0.05638202915798868	Control
ENSG00000279738	81	136	-55	-0.7381553716843122	0.6694436179708421	0.7225528116631955	-0.05310919369235345	Control
ENSG00000121680	7	21	-14	-0.21542539766973856	0.3122582564712883	0.3333829217494793	-0.021124665278191013	Control
ENSG00000187764	6	33	-27	-0.38116904796704243	0.28711692948527223	0.42784885450758703	-0.1407319250223148	Control
ENSG00000164941	6	45	-39	-0.5341631867030152	0.28711692948527223	0.5038678964593871	-0.2167509669741149	Control
ENSG00000187984	9	34	-25	-0.3556700248443803	0.34811068134483786	0.43588217792323714	-0.08777149657839928	Control
ENSG00000186642	4	24	-20	-0.29192246703772495	0.23147872656947338	0.3622433799464445	-0.13076465337697113	Control
ENSG00000269938	5	92	-87	-1.1461397416469066	0.26152930675394226	0.6532282058911039	-0.3916988991371616	Control
ENSG00000111218	15	17	-2	-0.06243125893376574	0.41594763463254986	0.2994644451056233	0.11648318952692654	Control
ENSG00000160445	11	10	1	-0.024182724249772546	0.377268670038679	0.216155905980363	0.16111276405831598	AD
ENSG00000176912	6	17	-11	-0.17717686298574534	0.28711692948527223	0.2994644451056233	-0.01234751562035108	Control
ENSG00000185513	35	33	2	-0.011433212688441477	0.5404641475751264	0.42784885450758703	0.11261529306753937	AD
ENSG00000166887	6	5	1	-0.024182724249772546	0.28711692948527223	0.13091341862540912	0.15620351085986312	AD
ENSG00000170959	3	21	-18	-0.26642344391506284	0.19518000595060994	0.3333829217494793	-0.13820291579886937	Control
ENSG00000166847	1	1	0	-0.03693223581110361	0.0589110383814341	0.02008330853912526	0.03882772984230884	Control
ENSG00000173947	2	3	-1	-0.04968174737243468	0.1474263612020232	0.08196965188931865	0.06545670931270456	Control
ENSG00000146373	10	34	-24	-0.34292051328304923	0.3635822671823862	0.43588217792323714	-0.07229991074085096	Control
ENSG00000196586	4	12	-8	-0.13892832830175214	0.23147872656947338	0.24397500743826242	-0.01249628086878904	Control
ENSG00000198478	7	2	5	0.02681532199555172	0.3122582564712883	0.05385301993454329	0.258405236536745	AD
ENSG00000124126	5	13	-8	-0.13892832830175214	0.26152930675394226	0.25825647128830703	0.0032728354656352265	Control
ENSG00000065600	3	3	0	-0.03693223581110361	0.19518000595060994	0.08196965188931865	0.11321035406129129	Control
ENSG00000203739	12	12	0	-0.03693223581110361	0.3882772984230884	0.24397500743826242	0.14430229098482597	Control
ENSG00000260198	5	30	-25	-0.3556700248443803	0.26152930675394226	0.4089556679559655	-0.14742636120202324	Control
ENSG00000137941	8	2	6	0.03956483355688279	0.33234156501041356	0.05385301993454329	0.2784885450758703	AD
ENSG00000116001	1	35	-34	-0.47041562889635985	0.0589110383814341	0.44376673609044925	-0.3848556977090152	Control
ENSG00000177301	3	10	-7	-0.12617881674042108	0.19518000595060994	0.216155905980363	-0.020975900029753053	Control
ENSG00000162755	36	1	35	0.40930066883548377	0.5450758702767033	0.02008330853912526	0.5249925617375781	AD
ENSG00000133703	21	61	-40	-0.5469126982643463	0.4669741148467718	0.5696221362689675	-0.1026480214221957	Control
ENSG00000272578	11	101	-90	-1.1843882763308997	0.377268670038679	0.6698899137161559	-0.29262124367747694	Control
ENSG00000176658	20	77	-57	-0.7636543948069744	0.4587920261826837	0.6200535554894376	-0.16126152930675391	Control
ENSG00000134815	26	26	0	-0.03693223581110361	0.4982148170187444	0.3775662005355549	0.12064861648318953	Control
ENSG00000156486	2	3	-1	-0.04968174737243468	0.1474263612020232	0.08196965188931865	0.06545670931270456	Control
ENSG00000163013	1	1	0	-0.03693223581110361	0.0589110383814341	0.02008330853912526	0.03882772984230884	Control
ENSG00000175215	2	10	-8	-0.13892832830175214	0.1474263612020232	0.216155905980363	-0.06872954477833979	Control
ENSG00000152894	3	12	-9	-0.1516778398630832	0.19518000595060994	0.24397500743826242	-0.04879500148765248	Control
ENSG00000131469	18	34	-16	-0.2409244207924007	0.44346920559357333	0.43588217792323714	0.007587027670336199	Control
ENSG00000078018	2	6	-4	-0.08793028205642787	0.1474263612020232	0.15233561440047605	-0.00490925319845284	Control
ENSG00000102144	20	2	18	0.1925589722928556	0.4587920261826837	0.05385301993454329	0.40493900624814044	AD
ENSG00000248449	12	51	-39	-0.5341631867030152	0.3882772984230884	0.5336209461469801	-0.1453436477238917	Control
ENSG00000163785	8	52	-44	-0.5979107445096705	0.33234156501041356	0.5391252603391847	-0.20678369532877117	Control
ENSG00000116584	1	3	-2	-0.06243125893376574	0.0589110383814341	0.08196965188931865	-0.023058613507884552	Control
ENSG00000125991	28	13	15	0.1543104376088624	0.5089259149062779	0.25825647128830703	0.2506694436179709	AD
ENSG00000168487	6	34	-28	-0.3939185595283735	0.28711692948527223	0.43588217792323714	-0.1487652484379649	Control
ENSG00000105993	3	4	-1	-0.04968174737243468	0.19518000595060994	0.10874739660815233	0.08643260934245761	Control
ENSG00000269439	21	9	12	0.11606190292486919	0.4669741148467718	0.2008330853912526	0.2661410294555192	AD
ENSG00000092529	5	11	-6	-0.11342930517909	0.26152930675394226	0.23073490032728355	0.030794406426658705	Control
ENSG00000155903	2	5	-3	-0.0751807704950968	0.1474263612020232	0.13091341862540912	0.016512942576614092	Control
ENSG00000049449	37	10	27	0.30730457634483516	0.5496875929782803	0.216155905980363	0.3335316869979173	AD
ENSG00000224116	9	11	-2	-0.06243125893376574	0.34811068134483786	0.23073490032728355	0.1173757810175543	Control
ENSG00000147202	45	3	42	0.4985472497648012	0.5827134781315085	0.08196965188931865	0.5007438262421899	AD
ENSG00000171860	6	43	-37	-0.508664163580353	0.28711692948527223	0.49375185956560547	-0.20663493008033323	Control
ENSG00000182389	9	29	-20	-0.29192246703772495	0.34811068134483786	0.40181493603094315	-0.05370425468610529	Control
ENSG00000125482	8	6	2	-0.011433212688441477	0.33234156501041356	0.15233561440047605	0.18000595060993752	AD
ENSG00000167110	15	6	9	0.077813368240876	0.41594763463254986	0.15233561440047605	0.2636120202320738	AD
ENSG00000174775	10	24	-14	-0.21542539766973856	0.3635822671823862	0.3622433799464445	0.001338887235941666	Control
ENSG00000163694	4	50	-46	-0.6234097676323327	0.23147872656947338	0.5284141624516513	-0.2969354358821779	Control
ENSG00000156345	20	3	17	0.17980946073152454	0.4587920261826837	0.08196965188931865	0.37682237429336507	AD
ENSG00000175029	9	44	-35	-0.48316514045769093	0.34811068134483786	0.499851234751562	-0.15174055340672415	Control
ENSG00000061273	9	23	-14	-0.21542539766973856	0.34811068134483786	0.3534662302886046	-0.005355548943766719	Control
ENSG00000259644	19	110	-91	-1.1971377878922307	0.45135376376078545	0.6872954477833978	-0.23594168402261234	Control
ENSG00000188011	3	1	2	-0.011433212688441477	0.19518000595060994	0.02008330853912526	0.17509669741148468	AD
ENSG00000025293	32	19	13	0.12881141448620026	0.5267777447188337	0.31716750966974117	0.20961023504909249	AD
ENSG00000244687	44	85	-41	-0.5596622098256773	0.5801844689080631	0.640136864028563	-0.05995239512049988	Control
ENSG00000172771	3	16	-13	-0.20267588610840748	0.19518000595060994	0.2897947039571556	-0.09461469800654568	Control
ENSG00000176055	15	73	-58	-0.7764039063683055	0.41594763463254986	0.6090449271050282	-0.19309729247247837	Control
ENSG00000237887	12	80	-68	-0.9038990219816162	0.3882772984230884	0.6286819398988396	-0.2404046414757512	Control
ENSG00000092203	39	42	-3	-0.0751807704950968	0.5580184468908063	0.4869086581374591	0.07110978875334717	Control
ENSG00000172888	4	18	-14	-0.21542539766973856	0.23147872656947338	0.30913418625409106	-0.07765545968461768	Control
ENSG00000149311	15	3	12	0.11606190292486919	0.41594763463254986	0.08196965188931865	0.3339779827432312	AD
ENSG00000219626	1	3	-2	-0.06243125893376574	0.0589110383814341	0.08196965188931865	-0.023058613507884552	Control
ENSG00000269997	10	11	-1	-0.04968174737243468	0.3635822671823862	0.23073490032728355	0.13284736685510262	Control
ENSG00000134250	6	33	-27	-0.38116904796704243	0.28711692948527223	0.42784885450758703	-0.1407319250223148	Control
ENSG00000109046	3	20	-17	-0.25367393235373176	0.19518000595060994	0.3249033025885153	-0.12972329663790536	Control
ENSG00000204264	1	1	0	-0.03693223581110361	0.0589110383814341	0.02008330853912526	0.03882772984230884	Control
ENSG00000158258	3	7	-4	-0.08793028205642787	0.19518000595060994	0.1716750966974115	0.023504909253198453	Control
ENSG00000174227	9	21	-12	-0.1899263745470764	0.34811068134483786	0.3333829217494793	0.014727759595358547	Control
ENSG00000225345	10	21	-11	-0.17717686298574534	0.3635822671823862	0.3333829217494793	0.030199345432906866	Control
ENSG00000153233	18	8	10	0.09056287980220706	0.44346920559357333	0.18670038678964593	0.25676881880392743	AD
ENSG00000258057	51	46	5	0.02681532199555172	0.6016066646831301	0.5077357929187741	0.09387087176435593	AD
ENSG00000113068	4	4	0	-0.03693223581110361	0.23147872656947338	0.10874739660815233	0.12273132996132105	Control
ENSG00000262155	23	91	-68	-0.9038990219816162	0.48021422195775065	0.6517405534067242	-0.17152633144897356	Control
ENSG00000235008	4	48	-44	-0.5979107445096705	0.23147872656947338	0.5177030645641179	-0.2862243379946445	Control
ENSG00000081237	14	37	-23	-0.33017100172171815	0.40568283249033027	0.45745313894674206	-0.051770306456411785	Control
ENSG00000099814	12	18	-6	-0.11342930517909	0.3882772984230884	0.30913418625409106	0.07914311216899733	Control
ENSG00000158195	5	78	-73	-0.9676465797882715	0.26152930675394226	0.622880095209759	-0.3613507884558167	Control
ENSG00000100916	28	165	-137	-1.7836153197134597	0.5089259149062779	0.7572151145492413	-0.24828919964296337	Control
ENSG00000135900	7	2	5	0.02681532199555172	0.3122582564712883	0.05385301993454329	0.258405236536745	AD
ENSG00000156467	25	141	-116	-1.5158755769255075	0.4931567985718536	0.7316274918179113	-0.23847069324605769	Control
ENSG00000197444	9	1	8	0.06506385667954492	0.34811068134483786	0.02008330853912526	0.3280273728057126	AD
ENSG00000196263	21	84	-63	-0.8401514641749609	0.4669741148467718	0.6376078548051175	-0.1706337399583457	Control
ENSG00000246067	9	114	-105	-1.3756309497508656	0.34811068134483786	0.6936923534662303	-0.3455816721213924	Control
ENSG00000176410	11	63	-52	-0.6999068370003191	0.377268670038679	0.5775066944361797	-0.20023802439750077	Control
ENSG00000118640	7	47	-40	-0.5469126982643463	0.3122582564712883	0.5127938113656649	-0.20053555489437663	Control
ENSG00000237441	2	5	-3	-0.0751807704950968	0.1474263612020232	0.13091341862540912	0.016512942576614092	Control
ENSG00000176771	3	13	-10	-0.16442735142441428	0.19518000595060994	0.25825647128830703	-0.06307646533769709	Control
ENSG00000139291	22	49	-27	-0.38116904796704243	0.4736685510264802	0.5230586135078845	-0.04939006248140432	Control
ENSG00000276975	4	18	-14	-0.21542539766973856	0.23147872656947338	0.30913418625409106	-0.07765545968461768	Control
ENSG00000030419	1	33	-32	-0.44491660577369774	0.0589110383814341	0.42784885450758703	-0.36893781612615295	Control
ENSG00000204116	73	141	-68	-0.9038990219816162	0.6545670931270455	0.7316274918179113	-0.07706039869086578	Control
ENSG00000143748	2	18	-16	-0.2409244207924007	0.1474263612020232	0.30913418625409106	-0.16170782505206785	Control
ENSG00000198042	13	4	9	0.077813368240876	0.39764950907468016	0.10874739660815233	0.28890211246652786	AD
ENSG00000135837	3	10	-7	-0.12617881674042108	0.19518000595060994	0.216155905980363	-0.020975900029753053	Control
ENSG00000106635	14	24	-10	-0.16442735142441428	0.40568283249033027	0.3622433799464445	0.04343945254388576	Control
ENSG00000115677	28	12	16	0.16705994917019346	0.5089259149062779	0.24397500743826242	0.26495090746801553	AD
ENSG00000181195	7	37	-30	-0.41941758265103557	0.3122582564712883	0.45745313894674206	-0.14519488247545376	Control
ENSG00000165280	7	3	4	0.014065810434220656	0.3122582564712883	0.08196965188931865	0.23028860458196965	AD
ENSG00000227115	17	43	-26	-0.36841953640571135	0.4343945254388575	0.49375185956560547	-0.059357334126747985	Control
ENSG00000162390	1	2	-1	-0.04968174737243468	0.0589110383814341	0.05385301993454329	0.0050580184468908065	Control
ENSG00000256762	14	94	-80	-1.056893160717589	0.40568283249033027	0.6572448675989289	-0.2515620351085986	Control
ENSG00000196689	27	72	-45	-0.6106602560710016	0.5032728354656353	0.6051770306456412	-0.10190419518000593	Control
ENSG00000049618	3	30	-27	-0.38116904796704243	0.19518000595060994	0.4089556679559655	-0.21377566200535555	Control
ENSG00000123104	4	5	-1	-0.04968174737243468	0.23147872656947338	0.13091341862540912	0.10056530794406426	Control
ENSG00000198276	15	51	-36	-0.49591465201902196	0.41594763463254986	0.5336209461469801	-0.11767331151443022	Control
ENSG00000164163	10	16	-6	-0.11342930517909	0.3635822671823862	0.2897947039571556	0.07378756322523056	Control
ENSG00000116641	3	17	-14	-0.21542539766973856	0.19518000595060994	0.2994644451056233	-0.10428443915501337	Control
ENSG00000204681	4	8	-4	-0.08793028205642787	0.23147872656947338	0.18670038678964593	0.04477833977982745	Control
ENSG00000185742	10	68	-58	-0.7764039063683055	0.3635822671823862	0.5949122285034216	-0.23132996132103545	Control
ENSG00000280381	5	33	-28	-0.3939185595283735	0.26152930675394226	0.42784885450758703	-0.16631954775364477	Control
ENSG00000180071	17	31	-14	-0.21542539766973856	0.4343945254388575	0.41535257363879796	0.01904195180005952	Control
ENSG00000075407	10	58	-48	-0.6489087907549947	0.3635822671823862	0.5601011603689379	-0.1965188931865517	Control
ENSG00000166503	4	46	-42	-0.5724117213870084	0.23147872656947338	0.5077357929187741	-0.27625706634930075	Control
ENSG00000229739	4	55	-51	-0.687157325438988	0.23147872656947338	0.5486462362392145	-0.3171675096697411	Control
ENSG00000166224	13	69	-56	-0.7509048832456433	0.39764950907468016	0.597590002975305	-0.1999404939006248	Control
ENSG00000164953	1	18	-17	-0.25367393235373176	0.0589110383814341	0.30913418625409106	-0.250223147872657	Control
ENSG00000224822	3	73	-70	-0.9293980451042784	0.19518000595060994	0.6090449271050282	-0.4138649211544183	Control
ENSG00000107099	3	6	-3	-0.0751807704950968	0.19518000595060994	0.15233561440047605	0.04284439155013389	Control
ENSG00000138698	13	22	-9	-0.1516778398630832	0.39764950907468016	0.3436477238916989	0.054001785182981266	Control
ENSG00000225140	5	9	-4	-0.08793028205642787	0.26152930675394226	0.2008330853912526	0.06069622136268965	Control
ENSG00000165185	5	6	-1	-0.04968174737243468	0.26152930675394226	0.15233561440047605	0.10919369235346621	Control
ENSG00000197558	5	10	-5	-0.10067979361775894	0.26152930675394226	0.216155905980363	0.045373400773579264	Control
ENSG00000100401	10	2	8	0.06506385667954492	0.3635822671823862	0.05385301993454329	0.3097292472478429	AD
ENSG00000143320	1	9	-8	-0.13892832830175214	0.0589110383814341	0.2008330853912526	-0.1419220470098185	Control
ENSG00000113456	7	12	-5	-0.10067979361775894	0.3122582564712883	0.24397500743826242	0.06828324903302588	Control
ENSG00000143612	5	8	-3	-0.0751807704950968	0.26152930675394226	0.18670038678964593	0.07482891996429633	Control
ENSG00000075292	4	48	-44	-0.5979107445096705	0.23147872656947338	0.5177030645641179	-0.2862243379946445	Control
ENSG00000213411	10	39	-29	-0.40666807108970454	0.3635822671823862	0.470395715560845	-0.1068134483784588	Control
ENSG00000258674	29	1	28	0.32005408790616624	0.5144302290984826	0.02008330853912526	0.4943469205593573	AD
ENSG00000146067	4	8	-4	-0.08793028205642787	0.23147872656947338	0.18670038678964593	0.04477833977982745	Control
ENSG00000013441	6	5	1	-0.024182724249772546	0.28711692948527223	0.13091341862540912	0.15620351085986312	AD
ENSG00000132463	10	4	6	0.03956483355688279	0.3635822671823862	0.10874739660815233	0.2548348705742338	AD
ENSG00000066629	40	39	1	-0.024182724249772546	0.5626301695923832	0.470395715560845	0.09223445403153824	AD
ENSG00000105723	38	69	-31	-0.43216709421236665	0.5544480809282951	0.597590002975305	-0.04314192204700984	Control
ENSG00000188385	6	15	-9	-0.1516778398630832	0.28711692948527223	0.28072002380243977	0.0063969056828324655	Control
ENSG00000286635	19	47	-28	-0.3939185595283735	0.45135376376078545	0.5127938113656649	-0.06144004760487948	Control
ENSG00000166946	25	27	-2	-0.06243125893376574	0.4931567985718536	0.38381434096994943	0.1093424576019042	Control
ENSG00000203280	25	5	20	0.2180579954155177	0.4931567985718536	0.13091341862540912	0.3622433799464445	AD
ENSG00000165138	1	10	-9	-0.1516778398630832	0.0589110383814341	0.216155905980363	-0.1572448675989289	Control
ENSG00000068438	38	7	31	0.35830262259015944	0.5544480809282951	0.1716750966974115	0.38277298423088363	AD
ENSG00000132604	51	31	20	0.2180579954155177	0.6016066646831301	0.41535257363879796	0.1862540910443321	AD
ENSG00000125870	8	20	-12	-0.1899263745470764	0.33234156501041356	0.3249033025885153	0.007438262421898267	Control
ENSG00000130706	24	24	0	-0.03693223581110361	0.4870574233858971	0.3622433799464445	0.12481404343945257	Control
ENSG00000159917	43	28	15	0.1543104376088624	0.576167807200238	0.3931865516215412	0.18298125557869677	AD
ENSG00000009694	25	43	-18	-0.26642344391506284	0.4931567985718536	0.49375185956560547	-5.950609937518392e-4	Control
ENSG00000117408	1	6	-5	-0.10067979361775894	0.0589110383814341	0.15233561440047605	-0.09342457601904194	Control
ENSG00000076555	1	10	-9	-0.1516778398630832	0.0589110383814341	0.216155905980363	-0.1572448675989289	Control
ENSG00000140992	18	4	14	0.14156092604753132	0.44346920559357333	0.10874739660815233	0.33472180898542103	AD
ENSG00000138386	2	18	-16	-0.2409244207924007	0.1474263612020232	0.30913418625409106	-0.16170782505206785	Control
ENSG00000251136	8	123	-115	-1.5031260653641763	0.33234156501041356	0.7061886343350193	-0.37384706932460576	Control
ENSG00000125149	37	28	9	0.077813368240876	0.5496875929782803	0.3931865516215412	0.1565010413567391	AD
ENSG00000111530	11	5	6	0.03956483355688279	0.377268670038679	0.13091341862540912	0.24635525141326986	AD
ENSG00000112208	1	3	-2	-0.06243125893376574	0.0589110383814341	0.08196965188931865	-0.023058613507884552	Control
ENSG00000067365	2	17	-15	-0.22817490923106962	0.1474263612020232	0.2994644451056233	-0.1520380839036001	Control
ENSG00000197816	8	55	-47	-0.6361592791936637	0.33234156501041356	0.5486462362392145	-0.21630467122880093	Control
ENSG00000039319	2	23	-21	-0.30467197859905604	0.1474263612020232	0.3534662302886046	-0.20603986908658137	Control
ENSG00000140030	7	41	-34	-0.47041562889635985	0.3122582564712883	0.4805117524546266	-0.16825349598333827	Control
ENSG00000116138	12	1	11	0.10331239136353813	0.3882772984230884	0.02008330853912526	0.3681939898839631	AD
ENSG00000155324	4	24	-20	-0.29192246703772495	0.23147872656947338	0.3622433799464445	-0.13076465337697113	Control
ENSG00000279702	5	30	-25	-0.3556700248443803	0.26152930675394226	0.4089556679559655	-0.14742636120202324	Control
ENSG00000183011	14	19	-5	-0.10067979361775894	0.40568283249033027	0.31716750966974117	0.0885153228205891	Control
ENSG00000104331	3	48	-45	-0.6106602560710016	0.19518000595060994	0.5177030645641179	-0.32252305861350794	Control
ENSG00000082556	4	2	2	-0.011433212688441477	0.23147872656947338	0.05385301993454329	0.1776257066349301	AD
ENSG00000143314	7	2	5	0.02681532199555172	0.3122582564712883	0.05385301993454329	0.258405236536745	AD
ENSG00000076928	10	34	-24	-0.34292051328304923	0.3635822671823862	0.43588217792323714	-0.07229991074085096	Control
ENSG00000115282	6	13	-7	-0.12617881674042108	0.28711692948527223	0.25825647128830703	0.0288604581969652	Control
ENSG00000126226	7	22	-15	-0.22817490923106962	0.3122582564712883	0.3436477238916989	-0.0313894674204106	Control
ENSG00000227671	4	13	-9	-0.1516778398630832	0.23147872656947338	0.25825647128830703	-0.02677774471883365	Control
ENSG00000134748	1	5	-4	-0.08793028205642787	0.0589110383814341	0.13091341862540912	-0.07200238024397501	Control
ENSG00000112996	5	2	3	0.0013162988728895886	0.26152930675394226	0.05385301993454329	0.20767628681939898	AD
ENSG00000224531	3	3	0	-0.03693223581110361	0.19518000595060994	0.08196965188931865	0.11321035406129129	Control
ENSG00000229989	1	2	-1	-0.04968174737243468	0.0589110383814341	0.05385301993454329	0.0050580184468908065	Control
ENSG00000080546	5	1	4	0.014065810434220656	0.26152930675394226	0.02008330853912526	0.241445998214817	AD
ENSG00000145725	1	9	-8	-0.13892832830175214	0.0589110383814341	0.2008330853912526	-0.1419220470098185	Control
ENSG00000092439	17	53	-36	-0.49591465201902196	0.4343945254388575	0.5432906872954478	-0.10889616185659035	Control
ENSG00000172005	3	17	-14	-0.21542539766973856	0.19518000595060994	0.2994644451056233	-0.10428443915501337	Control
ENSG00000122591	1	14	-13	-0.20267588610840748	0.0589110383814341	0.2704552216602202	-0.21154418327878607	Control
ENSG00000119471	1	5	-4	-0.08793028205642787	0.0589110383814341	0.13091341862540912	-0.07200238024397501	Control
ENSG00000214021	10	10	0	-0.03693223581110361	0.3635822671823862	0.216155905980363	0.14742636120202318	Control
ENSG00000118762	6	11	-5	-0.10067979361775894	0.28711692948527223	0.23073490032728355	0.05638202915798868	Control
ENSG00000143815	1	28	-27	-0.38116904796704243	0.0589110383814341	0.3931865516215412	-0.3342755132401071	Control
ENSG00000031081	7	30	-23	-0.33017100172171815	0.3122582564712883	0.4089556679559655	-0.0966974114846772	Control
ENSG00000116747	2	13	-11	-0.17717686298574534	0.1474263612020232	0.25825647128830703	-0.11083011008628382	Control
ENSG00000160408	4	2	2	-0.011433212688441477	0.23147872656947338	0.05385301993454329	0.1776257066349301	AD
ENSG00000135472	6	1	5	0.02681532199555172	0.28711692948527223	0.02008330853912526	0.26703362094614697	AD
ENSG00000286558	2	2	0	-0.03693223581110361	0.1474263612020232	0.05385301993454329	0.09357334126747992	Control
ENSG00000185811	3	26	-23	-0.33017100172171815	0.19518000595060994	0.3775662005355549	-0.18238619458494496	Control
ENSG00000154146	25	21	4	0.014065810434220656	0.4931567985718536	0.3333829217494793	0.15977387682237432	AD
ENSG00000153922	11	36	-25	-0.3556700248443803	0.377268670038679	0.4506099375185957	-0.0733412674799167	Control
ENSG00000173011	6	3	3	0.0013162988728895886	0.28711692948527223	0.08196965188931865	0.20514727759595358	AD
ENSG00000261553	5	25	-20	-0.29192246703772495	0.26152930675394226	0.37102052960428444	-0.10949122285034218	Control
ENSG00000074695	1	19	-18	-0.26642344391506284	0.0589110383814341	0.31716750966974117	-0.2582564712883071	Control
ENSG00000142230	9	68	-59	-0.7891534179296366	0.34811068134483786	0.5949122285034216	-0.24680154715858377	Control
ENSG00000162377	21	4	17	0.17980946073152454	0.4669741148467718	0.10874739660815233	0.3582267182386195	AD
ENSG00000182810	29	24	5	0.02681532199555172	0.5144302290984826	0.3622433799464445	0.15218684915203806	AD
ENSG00000196715	32	63	-31	-0.43216709421236665	0.5267777447188337	0.5775066944361797	-0.050728949717346095	Control
ENSG00000198019	1	1	0	-0.03693223581110361	0.0589110383814341	0.02008330853912526	0.03882772984230884	Control
ENSG00000273448	12	63	-51	-0.687157325438988	0.3882772984230884	0.5775066944361797	-0.18922939601309136	Control
ENSG00000134602	356	245	111	1.3782635474966447	0.8741445998214817	0.8292174947932163	0.04492710502826547	AD
ENSG00000156110	6	3	3	0.0013162988728895886	0.28711692948527223	0.08196965188931865	0.20514727759595358	AD
ENSG00000240393	4	2	2	-0.011433212688441477	0.23147872656947338	0.05385301993454329	0.1776257066349301	AD
ENSG00000090060	4	9	-5	-0.10067979361775894	0.23147872656947338	0.2008330853912526	0.030645641178220773	Control
ENSG00000065000	10	23	-13	-0.20267588610840748	0.3635822671823862	0.3534662302886046	0.0101160368937816	Control
ENSG00000063180	14	86	-72	-0.9548970682269404	0.40568283249033027	0.6420708122582565	-0.2363879797679262	Control
ENSG00000107317	1	8	-7	-0.12617881674042108	0.0589110383814341	0.18670038678964593	-0.12778934840821182	Control
ENSG00000169021	37	69	-32	-0.44491660577369774	0.5496875929782803	0.597590002975305	-0.047902409997024664	Control
ENSG00000279138	15	21	-6	-0.11342930517909	0.41594763463254986	0.3333829217494793	0.08256471288307055	Control
ENSG00000072062	15	29	-14	-0.21542539766973856	0.41594763463254986	0.40181493603094315	0.014132698601606708	Control
ENSG00000250903	3	28	-25	-0.3556700248443803	0.19518000595060994	0.3931865516215412	-0.19800654567093126	Control
ENSG00000237877	4	59	-55	-0.7381553716843122	0.23147872656947338	0.563373995834573	-0.33189526926509966	Control
ENSG00000183307	68	65	3	0.0013162988728895886	0.6419220470098185	0.5842011306158881	0.0577209163939304	AD
ENSG00000112799	2	9	-7	-0.12617881674042108	0.1474263612020232	0.2008330853912526	-0.0534067241892294	Control
ENSG00000146066	3	1	2	-0.011433212688441477	0.19518000595060994	0.02008330853912526	0.17509669741148468	AD
ENSG00000279089	11	123	-112	-1.4648775306801831	0.377268670038679	0.7061886343350193	-0.32891996429634035	Control
ENSG00000148824	7	73	-66	-0.878399998858954	0.3122582564712883	0.6090449271050282	-0.2967866706337399	Control
ENSG00000109519	1	3	-2	-0.06243125893376574	0.0589110383814341	0.08196965188931865	-0.023058613507884552	Control
ENSG00000151090	2	1	1	-0.024182724249772546	0.1474263612020232	0.02008330853912526	0.12734305266289794	AD
ENSG00000174460	2	3	-1	-0.04968174737243468	0.1474263612020232	0.08196965188931865	0.06545670931270456	Control
ENSG00000275004	27	37	-10	-0.16442735142441428	0.5032728354656353	0.45745313894674206	0.04581969651889323	Control
ENSG00000203872	14	40	-26	-0.36841953640571135	0.40568283249033027	0.47560249925617376	-0.06991966676584349	Control
ENSG00000115808	7	53	-46	-0.6234097676323327	0.3122582564712883	0.5432906872954478	-0.23103243082415953	Control
ENSG00000183207	37	32	5	0.02681532199555172	0.5496875929782803	0.42100565307944066	0.12868193989883964	AD
ENSG00000128915	19	178	-159	-2.064104574062743	0.45135376376078545	0.7716453436477239	-0.3202915798869384	Control
ENSG00000245532	10	10	0	-0.03693223581110361	0.3635822671823862	0.216155905980363	0.14742636120202318	Control
ENSG00000261123	7	25	-18	-0.26642344391506284	0.3122582564712883	0.37102052960428444	-0.058762273132996146	Control
ENSG00000198718	4	7	-3	-0.0751807704950968	0.23147872656947338	0.1716750966974115	0.05980362987206189	Control
ENSG00000126860	12	15	-3	-0.0751807704950968	0.3882772984230884	0.28072002380243977	0.10755727462064862	Control
ENSG00000264112	1	15	-14	-0.21542539766973856	0.0589110383814341	0.28072002380243977	-0.22180898542100566	Control
ENSG00000132361	14	4	10	0.09056287980220706	0.40568283249033027	0.10874739660815233	0.29693543588217797	AD
ENSG00000279587	14	12	2	-0.011433212688441477	0.40568283249033027	0.24397500743826242	0.16170782505206785	AD
ENSG00000117598	1	3	-2	-0.06243125893376574	0.0589110383814341	0.08196965188931865	-0.023058613507884552	Control
ENSG00000164117	1	39	-38	-0.5214136751416841	0.0589110383814341	0.470395715560845	-0.4114846771794109	Control
ENSG00000008988	7	7	0	-0.03693223581110361	0.3122582564712883	0.1716750966974115	0.1405831597738768	Control
ENSG00000139668	7	37	-30	-0.41941758265103557	0.3122582564712883	0.45745313894674206	-0.14519488247545376	Control
ENSG00000119321	2	5	-3	-0.0751807704950968	0.1474263612020232	0.13091341862540912	0.016512942576614092	Control
ENSG00000106443	6	7	-1	-0.04968174737243468	0.28711692948527223	0.1716750966974115	0.11544183278786074	Control
ENSG00000083168	1	27	-26	-0.36841953640571135	0.0589110383814341	0.38381434096994943	-0.32490330258851535	Control
ENSG00000152556	2	3	-1	-0.04968174737243468	0.1474263612020232	0.08196965188931865	0.06545670931270456	Control
ENSG00000286965	1	3	-2	-0.06243125893376574	0.0589110383814341	0.08196965188931865	-0.023058613507884552	Control
ENSG00000186635	5	40	-35	-0.48316514045769093	0.26152930675394226	0.47560249925617376	-0.2140731925022315	Control
ENSG00000204482	1	8	-7	-0.12617881674042108	0.0589110383814341	0.18670038678964593	-0.12778934840821182	Control
ENSG00000271614	1	24	-23	-0.33017100172171815	0.0589110383814341	0.3622433799464445	-0.30333234156501043	Control
ENSG00000162441	1	1	0	-0.03693223581110361	0.0589110383814341	0.02008330853912526	0.03882772984230884	Control
ENSG00000276248	4	103	-99	-1.2991338803828794	0.23147872656947338	0.673609044927105	-0.44213031835763167	Control
ENSG00000173611	2	1	1	-0.024182724249772546	0.1474263612020232	0.02008330853912526	0.12734305266289794	AD
ENSG00000060339	1	34	-33	-0.45766611733502877	0.0589110383814341	0.43588217792323714	-0.37697113954180306	Control
ENSG00000260495	8	34	-26	-0.36841953640571135	0.33234156501041356	0.43588217792323714	-0.10354061291282357	Control
ENSG00000101542	4	19	-15	-0.22817490923106962	0.23147872656947338	0.31716750966974117	-0.08568878310026778	Control
ENSG00000167196	18	65	-47	-0.6361592791936637	0.44346920559357333	0.5842011306158881	-0.14073192502231474	Control
ENSG00000013375	1	29	-28	-0.3939185595283735	0.0589110383814341	0.40181493603094315	-0.34290389764950907	Control
ENSG00000168310	4	19	-15	-0.22817490923106962	0.23147872656947338	0.31716750966974117	-0.08568878310026778	Control
ENSG00000111058	1	6	-5	-0.10067979361775894	0.0589110383814341	0.15233561440047605	-0.09342457601904194	Control
ENSG00000106868	8	3	5	0.02681532199555172	0.33234156501041356	0.08196965188931865	0.2503719131210949	AD
ENSG00000143436	3	17	-14	-0.21542539766973856	0.19518000595060994	0.2994644451056233	-0.10428443915501337	Control
ENSG00000145990	7	1	6	0.03956483355688279	0.3122582564712883	0.02008330853912526	0.29217494793216303	AD
ENSG00000105849	5	3	2	-0.011433212688441477	0.26152930675394226	0.08196965188931865	0.1795596548646236	AD
ENSG00000254839	1	2	-1	-0.04968174737243468	0.0589110383814341	0.05385301993454329	0.0050580184468908065	Control
ENSG00000178896	19	4	15	0.1543104376088624	0.45135376376078545	0.10874739660815233	0.34260636715263315	AD
ENSG00000123124	3	3	0	-0.03693223581110361	0.19518000595060994	0.08196965188931865	0.11321035406129129	Control
ENSG00000242485	2	25	-23	-0.33017100172171815	0.1474263612020232	0.37102052960428444	-0.22359416840226123	Control
ENSG00000112282	2	44	-42	-0.5724117213870084	0.1474263612020232	0.499851234751562	-0.3524248735495388	Control
ENSG00000243915	6	33	-27	-0.38116904796704243	0.28711692948527223	0.42784885450758703	-0.1407319250223148	Control
ENSG00000255790	4	13	-9	-0.1516778398630832	0.23147872656947338	0.25825647128830703	-0.02677774471883365	Control
ENSG00000276649	10	17	-7	-0.12617881674042108	0.3635822671823862	0.2994644451056233	0.06411782207676286	Control
ENSG00000104447	1	22	-21	-0.30467197859905604	0.0589110383814341	0.3436477238916989	-0.2847366855102648	Control
ENSG00000228782	7	33	-26	-0.36841953640571135	0.3122582564712883	0.42784885450758703	-0.11559059803629873	Control
ENSG00000163126	3	10	-7	-0.12617881674042108	0.19518000595060994	0.216155905980363	-0.020975900029753053	Control
ENSG00000145945	14	15	-1	-0.04968174737243468	0.40568283249033027	0.28072002380243977	0.1249628086878905	Control
ENSG00000233723	2	25	-23	-0.33017100172171815	0.1474263612020232	0.37102052960428444	-0.22359416840226123	Control
ENSG00000166343	5	23	-18	-0.26642344391506284	0.26152930675394226	0.3534662302886046	-0.09193692353466232	Control
ENSG00000278975	12	47	-35	-0.48316514045769093	0.3882772984230884	0.5127938113656649	-0.12451651294257654	Control
ENSG00000173960	2	6	-4	-0.08793028205642787	0.1474263612020232	0.15233561440047605	-0.00490925319845284	Control
ENSG00000163818	1	1	0	-0.03693223581110361	0.0589110383814341	0.02008330853912526	0.03882772984230884	Control
ENSG00000260025	10	34	-24	-0.34292051328304923	0.3635822671823862	0.43588217792323714	-0.07229991074085096	Control
ENSG00000232082	7	13	-6	-0.11342930517909	0.3122582564712883	0.25825647128830703	0.054001785182981266	Control
ENSG00000247774	1	28	-27	-0.38116904796704243	0.0589110383814341	0.3931865516215412	-0.3342755132401071	Control
ENSG00000264895	8	74	-66	-0.878399998858954	0.33234156501041356	0.6123177625706635	-0.27997619756024994	Control
ENSG00000132471	16	9	7	0.05231434511821386	0.42591490627789347	0.2008330853912526	0.22508182088664086	AD
ENSG00000113558	9	160	-151	-1.9621084815720946	0.34811068134483786	0.7531984528414163	-0.40508777149657843	Control
ENSG00000167004	1	1	0	-0.03693223581110361	0.0589110383814341	0.02008330853912526	0.03882772984230884	Control
ENSG00000171791	4	9	-5	-0.10067979361775894	0.23147872656947338	0.2008330853912526	0.030645641178220773	Control
ENSG00000116857	5	2	3	0.0013162988728895886	0.26152930675394226	0.05385301993454329	0.20767628681939898	AD
ENSG00000119139	6	22	-16	-0.2409244207924007	0.28711692948527223	0.3436477238916989	-0.056530794406426665	Control
ENSG00000143549	2	14	-12	-0.1899263745470764	0.1474263612020232	0.2704552216602202	-0.12302886045819697	Control
ENSG00000281398	1	38	-37	-0.508664163580353	0.0589110383814341	0.4639988098780125	-0.40508777149657843	Control
ENSG00000224109	19	3	16	0.16705994917019346	0.45135376376078545	0.08196965188931865	0.3693841118714668	AD
ENSG00000180817	4	3	1	-0.024182724249772546	0.23147872656947338	0.08196965188931865	0.14950907468015473	AD
ENSG00000176142	2	14	-12	-0.1899263745470764	0.1474263612020232	0.2704552216602202	-0.12302886045819697	Control
ENSG00000186231	2	4	-2	-0.06243125893376574	0.1474263612020232	0.10874739660815233	0.03867896459387088	Control
ENSG00000108381	10	6	4	0.014065810434220656	0.3635822671823862	0.15233561440047605	0.21124665278191013	AD
ENSG00000156687	1	12	-11	-0.17717686298574534	0.0589110383814341	0.24397500743826242	-0.18506396905682831	Control
ENSG00000141622	8	30	-22	-0.3174214901603871	0.33234156501041356	0.4089556679559655	-0.07661410294555193	Control
ENSG00000165424	2	18	-16	-0.2409244207924007	0.1474263612020232	0.30913418625409106	-0.16170782505206785	Control
ENSG00000213424	15	83	-68	-0.9038990219816162	0.41594763463254986	0.6350788455816722	-0.2191312109491223	Control
ENSG00000138496	1	9	-8	-0.13892832830175214	0.0589110383814341	0.2008330853912526	-0.1419220470098185	Control
ENSG00000168993	2	28	-26	-0.36841953640571135	0.1474263612020232	0.3931865516215412	-0.245760190419518	Control
ENSG00000279518	4	72	-68	-0.9038990219816162	0.23147872656947338	0.6051770306456412	-0.37369830407616783	Control
ENSG00000172171	1	11	-10	-0.16442735142441428	0.0589110383814341	0.23073490032728355	-0.17182386194584945	Control
ENSG00000144026	12	10	2	-0.011433212688441477	0.3882772984230884	0.216155905980363	0.1721213924427254	AD
ENSG00000228886	5	16	-11	-0.17717686298574534	0.26152930675394226	0.2897947039571556	-0.02826539720321336	Control
ENSG00000141068	4	39	-35	-0.48316514045769093	0.23147872656947338	0.470395715560845	-0.2389169889913716	Control
ENSG00000250461	4	144	-140	-1.8218638543974528	0.23147872656947338	0.7360904492710503	-0.504611722701577	Control
ENSG00000128487	3	9	-6	-0.11342930517909	0.19518000595060994	0.2008330853912526	-0.0056530794406426665	Control
ENSG00000100664	29	10	19	0.20530848385418665	0.5144302290984826	0.216155905980363	0.2982743231181196	AD
ENSG00000251682	8	52	-44	-0.5979107445096705	0.33234156501041356	0.5391252603391847	-0.20678369532877117	Control
ENSG00000166159	4	16	-12	-0.1899263745470764	0.23147872656947338	0.2897947039571556	-0.05831597738768224	Control
ENSG00000105880	5	3	2	-0.011433212688441477	0.26152930675394226	0.08196965188931865	0.1795596548646236	AD
ENSG00000046889	1	4	-3	-0.0751807704950968	0.0589110383814341	0.10874739660815233	-0.04983635822671823	Control
ENSG00000198466	15	10	5	0.02681532199555172	0.41594763463254986	0.216155905980363	0.19979172865218686	AD
ENSG00000187713	18	28	-10	-0.16442735142441428	0.44346920559357333	0.3931865516215412	0.05028265397203213	Control
ENSG00000077420	2	18	-16	-0.2409244207924007	0.1474263612020232	0.30913418625409106	-0.16170782505206785	Control
ENSG00000119927	1	1	0	-0.03693223581110361	0.0589110383814341	0.02008330853912526	0.03882772984230884	Control
ENSG00000100294	26	118	-92	-1.2098872994535619	0.4982148170187444	0.6986016066646832	-0.20038678964593876	Control
ENSG00000140057	6	11	-5	-0.10067979361775894	0.28711692948527223	0.23073490032728355	0.05638202915798868	Control
ENSG00000141076	10	10	0	-0.03693223581110361	0.3635822671823862	0.216155905980363	0.14742636120202318	Control
ENSG00000180998	9	3	6	0.03956483355688279	0.34811068134483786	0.08196965188931865	0.2661410294555192	AD
ENSG00000063854	26	10	16	0.16705994917019346	0.4982148170187444	0.216155905980363	0.28205891103838143	AD
ENSG00000106263	10	31	-21	-0.30467197859905604	0.3635822671823862	0.41535257363879796	-0.051770306456411785	Control
ENSG00000129911	9	138	-129	-1.681619227222811	0.34811068134483786	0.7264207081225825	-0.37831002677774467	Control
ENSG00000176095	4	4	0	-0.03693223581110361	0.23147872656947338	0.10874739660815233	0.12273132996132105	Control
ENSG00000160255	16	43	-27	-0.38116904796704243	0.42591490627789347	0.49375185956560547	-0.067836953287712	Control
ENSG00000018280	1	13	-12	-0.1899263745470764	0.0589110383814341	0.25825647128830703	-0.19934543290687293	Control
ENSG00000277744	1	1	0	-0.03693223581110361	0.0589110383814341	0.02008330853912526	0.03882772984230884	Control
ENSG00000276545	4	6	-2	-0.06243125893376574	0.23147872656947338	0.15233561440047605	0.07914311216899733	Control
ENSG00000009335	6	1	5	0.02681532199555172	0.28711692948527223	0.02008330853912526	0.26703362094614697	AD
ENSG00000198089	26	30	-4	-0.08793028205642787	0.4982148170187444	0.4089556679559655	0.08925914906277893	Control
ENSG00000170500	4	2	2	-0.011433212688441477	0.23147872656947338	0.05385301993454329	0.1776257066349301	AD
ENSG00000167380	40	65	-25	-0.3556700248443803	0.5626301695923832	0.5842011306158881	-0.021570961023504864	Control
ENSG00000044446	3	27	-24	-0.34292051328304923	0.19518000595060994	0.38381434096994943	-0.1886343350193395	Control
ENSG00000260261	13	30	-17	-0.25367393235373176	0.39764950907468016	0.4089556679559655	-0.011306158881285333	Control
ENSG00000228409	6	2	4	0.014065810434220656	0.28711692948527223	0.05385301993454329	0.23326390955072895	AD
ENSG00000178623	10	22	-12	-0.1899263745470764	0.3635822671823862	0.3436477238916989	0.01993454329068728	Control
ENSG00000175087	5	6	-1	-0.04968174737243468	0.26152930675394226	0.15233561440047605	0.10919369235346621	Control
ENSG00000234608	6	5	1	-0.024182724249772546	0.28711692948527223	0.13091341862540912	0.15620351085986312	AD
ENSG00000141458	5	37	-32	-0.44491660577369774	0.26152930675394226	0.45745313894674206	-0.1959238321927998	Control
ENSG00000164258	3	15	-12	-0.1899263745470764	0.19518000595060994	0.28072002380243977	-0.08554001785182982	Control
ENSG00000152133	8	4	4	0.014065810434220656	0.33234156501041356	0.10874739660815233	0.22359416840226123	AD
ENSG00000232040	4	8	-4	-0.08793028205642787	0.23147872656947338	0.18670038678964593	0.04477833977982745	Control
ENSG00000280332	16	54	-38	-0.5214136751416841	0.42591490627789347	0.5458196965188932	-0.1199047902409997	Control
ENSG00000159086	40	139	-99	-1.2991338803828794	0.5626301695923832	0.7283546563522761	-0.16572448675989293	Control
ENSG00000184384	5	77	-72	-0.9548970682269404	0.26152930675394226	0.6200535554894376	-0.3585242487354954	Control
ENSG00000275832	18	42	-24	-0.34292051328304923	0.44346920559357333	0.4869086581374591	-0.04343945254388576	Control
ENSG00000204564	4	1	3	0.0013162988728895886	0.23147872656947338	0.02008330853912526	0.21139541803034811	AD
ENSG00000104313	9	2	7	0.05231434511821386	0.34811068134483786	0.05385301993454329	0.2942576614102946	AD
ENSG00000131375	1	55	-54	-0.7254058601229811	0.0589110383814341	0.5486462362392145	-0.4897351978577804	Control
ENSG00000162073	1	4	-3	-0.0751807704950968	0.0589110383814341	0.10874739660815233	-0.04983635822671823	Control
ENSG00000126870	6	7	-1	-0.04968174737243468	0.28711692948527223	0.1716750966974115	0.11544183278786074	Control
ENSG00000272374	7	109	-102	-1.3373824150668725	0.3122582564712883	0.6850639690568283	-0.37280571258554	Control
ENSG00000125352	155	11	144	1.7989974290205701	0.7527521570961023	0.23073490032728355	0.5220172567688188	AD
ENSG00000258441	8	29	-21	-0.30467197859905604	0.33234156501041356	0.40181493603094315	-0.06947337102052958	Control
ENSG00000124224	2	36	-34	-0.47041562889635985	0.1474263612020232	0.4506099375185957	-0.30318357631657245	Control
ENSG00000139433	4	26	-22	-0.3174214901603871	0.23147872656947338	0.3775662005355549	-0.14608747396608152	Control
ENSG00000138035	6	1	5	0.02681532199555172	0.28711692948527223	0.02008330853912526	0.26703362094614697	AD
ENSG00000154845	1	17	-16	-0.2409244207924007	0.0589110383814341	0.2994644451056233	-0.2405534067241892	Control
ENSG00000136167	5	45	-40	-0.5469126982643463	0.26152930675394226	0.5038678964593871	-0.24233858970544486	Control
ENSG00000196605	8	40	-32	-0.44491660577369774	0.33234156501041356	0.47560249925617376	-0.1432609342457602	Control
ENSG00000166326	2	7	-5	-0.10067979361775894	0.1474263612020232	0.1716750966974115	-0.02424873549538828	Control
ENSG00000176261	2	19	-17	-0.25367393235373176	0.1474263612020232	0.31716750966974117	-0.16974114846771796	Control
ENSG00000131475	12	16	-4	-0.08793028205642787	0.3882772984230884	0.2897947039571556	0.09848259446593277	Control
ENSG00000101161	15	9	6	0.03956483355688279	0.41594763463254986	0.2008330853912526	0.21511454924129725	AD
ENSG00000141934	13	36	-23	-0.33017100172171815	0.39764950907468016	0.4506099375185957	-0.05296042844391552	Control
ENSG00000138346	7	14	-7	-0.12617881674042108	0.3122582564712883	0.2704552216602202	0.04180303481106812	Control
ENSG00000134504	15	53	-38	-0.5214136751416841	0.41594763463254986	0.5432906872954478	-0.12734305266289797	Control
ENSG00000131771	19	3	16	0.16705994917019346	0.45135376376078545	0.08196965188931865	0.3693841118714668	AD
ENSG00000114019	4	2	2	-0.011433212688441477	0.23147872656947338	0.05385301993454329	0.1776257066349301	AD
ENSG00000235316	9	2	7	0.05231434511821386	0.34811068134483786	0.05385301993454329	0.2942576614102946	AD
ENSG00000064199	1	4	-3	-0.0751807704950968	0.0589110383814341	0.10874739660815233	-0.04983635822671823	Control
ENSG00000120690	1	11	-10	-0.16442735142441428	0.0589110383814341	0.23073490032728355	-0.17182386194584945	Control
ENSG00000130638	15	114	-99	-1.2991338803828794	0.41594763463254986	0.6936923534662303	-0.2777447188336804	Control
ENSG00000077616	1	5	-4	-0.08793028205642787	0.0589110383814341	0.13091341862540912	-0.07200238024397501	Control
ENSG00000130032	17	7	10	0.09056287980220706	0.4343945254388575	0.1716750966974115	0.262719428741446	AD
ENSG00000114013	6	22	-16	-0.2409244207924007	0.28711692948527223	0.3436477238916989	-0.056530794406426665	Control
ENSG00000107282	1	1	0	-0.03693223581110361	0.0589110383814341	0.02008330853912526	0.03882772984230884	Control
ENSG00000143842	1	1	0	-0.03693223581110361	0.0589110383814341	0.02008330853912526	0.03882772984230884	Control
ENSG00000121653	1	5	-4	-0.08793028205642787	0.0589110383814341	0.13091341862540912	-0.07200238024397501	Control
ENSG00000157450	4	4	0	-0.03693223581110361	0.23147872656947338	0.10874739660815233	0.12273132996132105	Control
ENSG00000204767	3	10	-7	-0.12617881674042108	0.19518000595060994	0.216155905980363	-0.020975900029753053	Control
ENSG00000162931	2	3	-1	-0.04968174737243468	0.1474263612020232	0.08196965188931865	0.06545670931270456	Control
ENSG00000105270	17	5	12	0.11606190292486919	0.4343945254388575	0.13091341862540912	0.30348110681344836	AD
ENSG00000265806	2	24	-22	-0.3174214901603871	0.1474263612020232	0.3622433799464445	-0.2148170187444213	Control
ENSG00000204278	19	20	-1	-0.04968174737243468	0.45135376376078545	0.3249033025885153	0.12645046117227016	Control
ENSG00000164300	2	2	0	-0.03693223581110361	0.1474263612020232	0.05385301993454329	0.09357334126747992	Control
ENSG00000145494	1	11	-10	-0.16442735142441428	0.0589110383814341	0.23073490032728355	-0.17182386194584945	Control
ENSG00000280134	8	4	4	0.014065810434220656	0.33234156501041356	0.10874739660815233	0.22359416840226123	AD
ENSG00000167637	5	22	-17	-0.25367393235373176	0.26152930675394226	0.3436477238916989	-0.08211841713775664	Control
ENSG00000158445	23	52	-29	-0.40666807108970454	0.48021422195775065	0.5391252603391847	-0.05891103838143408	Control
ENSG00000008283	6	2	4	0.014065810434220656	0.28711692948527223	0.05385301993454329	0.23326390955072895	AD
ENSG00000177542	4	3	1	-0.024182724249772546	0.23147872656947338	0.08196965188931865	0.14950907468015473	AD
ENSG00000174130	1	2	-1	-0.04968174737243468	0.0589110383814341	0.05385301993454329	0.0050580184468908065	Control
ENSG00000232593	2	1	1	-0.024182724249772546	0.1474263612020232	0.02008330853912526	0.12734305266289794	AD
ENSG00000121766	1	18	-17	-0.25367393235373176	0.0589110383814341	0.30913418625409106	-0.250223147872657	Control
ENSG00000110801	5	9	-4	-0.08793028205642787	0.26152930675394226	0.2008330853912526	0.06069622136268965	Control
ENSG00000094916	4	25	-21	-0.30467197859905604	0.23147872656947338	0.37102052960428444	-0.13954180303481106	Control
ENSG00000160072	2	37	-35	-0.48316514045769093	0.1474263612020232	0.45745313894674206	-0.3100267777447189	Control
ENSG00000136463	11	21	-10	-0.16442735142441428	0.377268670038679	0.3333829217494793	0.043885748289199666	Control
ENSG00000273066	6	5	1	-0.024182724249772546	0.28711692948527223	0.13091341862540912	0.15620351085986312	AD
ENSG00000177565	1	1	0	-0.03693223581110361	0.0589110383814341	0.02008330853912526	0.03882772984230884	Control
ENSG00000161912	4	25	-21	-0.30467197859905604	0.23147872656947338	0.37102052960428444	-0.13954180303481106	Control
ENSG00000163681	1	2	-1	-0.04968174737243468	0.0589110383814341	0.05385301993454329	0.0050580184468908065	Control
ENSG00000102786	2	8	-6	-0.11342930517909	0.1474263612020232	0.18670038678964593	-0.03927402558762272	Control
ENSG00000176396	31	59	-28	-0.3939185595283735	0.5223147872656947	0.563373995834573	-0.04105920856887835	Control
ENSG00000284959	2	3	-1	-0.04968174737243468	0.1474263612020232	0.08196965188931865	0.06545670931270456	Control
ENSG00000081377	5	25	-20	-0.29192246703772495	0.26152930675394226	0.37102052960428444	-0.10949122285034218	Control
ENSG00000125703	3	15	-12	-0.1899263745470764	0.19518000595060994	0.28072002380243977	-0.08554001785182982	Control
ENSG00000247596	6	5	1	-0.024182724249772546	0.28711692948527223	0.13091341862540912	0.15620351085986312	AD
ENSG00000171790	3	4	-1	-0.04968174737243468	0.19518000595060994	0.10874739660815233	0.08643260934245761	Control
ENSG00000240695	3	51	-48	-0.6489087907549947	0.19518000595060994	0.5336209461469801	-0.33844094019637017	Control
ENSG00000105851	4	36	-32	-0.44491660577369774	0.23147872656947338	0.4506099375185957	-0.2191312109491223	Control
ENSG00000259943	1	2	-1	-0.04968174737243468	0.0589110383814341	0.05385301993454329	0.0050580184468908065	Control
ENSG00000079805	3	10	-7	-0.12617881674042108	0.19518000595060994	0.216155905980363	-0.020975900029753053	Control
ENSG00000235613	1	26	-25	-0.3556700248443803	0.0589110383814341	0.3775662005355549	-0.3186551621541208	Control
ENSG00000159784	3	27	-24	-0.34292051328304923	0.19518000595060994	0.38381434096994943	-0.1886343350193395	Control
ENSG00000139174	8	34	-26	-0.36841953640571135	0.33234156501041356	0.43588217792323714	-0.10354061291282357	Control
ENSG00000123545	2	5	-3	-0.0751807704950968	0.1474263612020232	0.13091341862540912	0.016512942576614092	Control
ENSG00000181409	7	22	-15	-0.22817490923106962	0.3122582564712883	0.3436477238916989	-0.0313894674204106	Control
ENSG00000213614	5	46	-41	-0.5596622098256773	0.26152930675394226	0.5077357929187741	-0.24620648616483187	Control
ENSG00000182195	87	10	77	0.9447801544113884	0.6785182981255579	0.216155905980363	0.46236239214519487	AD
ENSG00000213654	2	45	-43	-0.5851612329483394	0.1474263612020232	0.5038678964593871	-0.3564415352573639	Control
ENSG00000131797	1	4	-3	-0.0751807704950968	0.0589110383814341	0.10874739660815233	-0.04983635822671823	Control
ENSG00000248283	5	28	-23	-0.33017100172171815	0.26152930675394226	0.3931865516215412	-0.13165724486759894	Control
ENSG00000114416	2	7	-5	-0.10067979361775894	0.1474263612020232	0.1716750966974115	-0.02424873549538828	Control
ENSG00000006831	3	7	-4	-0.08793028205642787	0.19518000595060994	0.1716750966974115	0.023504909253198453	Control
ENSG00000233061	1	8	-7	-0.12617881674042108	0.0589110383814341	0.18670038678964593	-0.12778934840821182	Control
ENSG00000174469	10	81	-71	-0.9421475566656095	0.3635822671823862	0.631062183873847	-0.2674799166914609	Control
ENSG00000114735	2	14	-12	-0.1899263745470764	0.1474263612020232	0.2704552216602202	-0.12302886045819697	Control
ENSG00000138593	2	10	-8	-0.13892832830175214	0.1474263612020232	0.216155905980363	-0.06872954477833979	Control
ENSG00000106397	2	5	-3	-0.0751807704950968	0.1474263612020232	0.13091341862540912	0.016512942576614092	Control
ENSG00000185432	1	28	-27	-0.38116904796704243	0.0589110383814341	0.3931865516215412	-0.3342755132401071	Control
ENSG00000084234	4	6	-2	-0.06243125893376574	0.23147872656947338	0.15233561440047605	0.07914311216899733	Control
ENSG00000173905	2	38	-36	-0.49591465201902196	0.1474263612020232	0.4639988098780125	-0.3165724486759893	Control
ENSG00000147050	2	3	-1	-0.04968174737243468	0.1474263612020232	0.08196965188931865	0.06545670931270456	Control
ENSG00000205534	7	3	4	0.014065810434220656	0.3122582564712883	0.08196965188931865	0.23028860458196965	AD
ENSG00000087206	1	5	-4	-0.08793028205642787	0.0589110383814341	0.13091341862540912	-0.07200238024397501	Control
ENSG00000270231	4	14	-10	-0.16442735142441428	0.23147872656947338	0.2704552216602202	-0.0389764950907468	Control
ENSG00000154099	3	28	-25	-0.3556700248443803	0.19518000595060994	0.3931865516215412	-0.19800654567093126	Control
ENSG00000134375	2	5	-3	-0.0751807704950968	0.1474263612020232	0.13091341862540912	0.016512942576614092	Control
ENSG00000119725	7	141	-134	-1.7453667850294665	0.3122582564712883	0.7316274918179113	-0.419369235346623	Control
ENSG00000164024	3	9	-6	-0.11342930517909	0.19518000595060994	0.2008330853912526	-0.0056530794406426665	Control
ENSG00000113161	5	5	0	-0.03693223581110361	0.26152930675394226	0.13091341862540912	0.13061588812853314	Control
ENSG00000120071	1	2	-1	-0.04968174737243468	0.0589110383814341	0.05385301993454329	0.0050580184468908065	Control
ENSG00000100852	3	28	-25	-0.3556700248443803	0.19518000595060994	0.3931865516215412	-0.19800654567093126	Control
ENSG00000108100	8	13	-5	-0.10067979361775894	0.33234156501041356	0.25825647128830703	0.07408509372210653	Control
ENSG00000149547	2	4	-2	-0.06243125893376574	0.1474263612020232	0.10874739660815233	0.03867896459387088	Control
ENSG00000109790	4	23	-19	-0.27917295547639387	0.23147872656947338	0.3534662302886046	-0.1219875037191312	Control
ENSG00000176225	10	162	-152	-1.9748579931334256	0.3635822671823862	0.7549836358226718	-0.39140136864028563	Control
ENSG00000253636	6	55	-49	-0.6616583023163258	0.28711692948527223	0.5486462362392145	-0.26152930675394226	Control
ENSG00000175564	4	13	-9	-0.1516778398630832	0.23147872656947338	0.25825647128830703	-0.02677774471883365	Control
ENSG00000127463	2	118	-116	-1.5158755769255075	0.1474263612020232	0.6986016066646832	-0.55117524546266	Control
ENSG00000206530	3	29	-26	-0.36841953640571135	0.19518000595060994	0.40181493603094315	-0.2066349300803332	Control
ENSG00000100813	4	51	-47	-0.6361592791936637	0.23147872656947338	0.5336209461469801	-0.3021422195775067	Control
ENSG00000160791	2	12	-10	-0.16442735142441428	0.1474263612020232	0.24397500743826242	-0.09654864623623921	Control
ENSG00000167178	5	8	-3	-0.0751807704950968	0.26152930675394226	0.18670038678964593	0.07482891996429633	Control
ENSG00000119638	5	36	-31	-0.43216709421236665	0.26152930675394226	0.4506099375185957	-0.18908063076465342	Control
ENSG00000270061	5	5	0	-0.03693223581110361	0.26152930675394226	0.13091341862540912	0.13061588812853314	Control
ENSG00000242028	4	14	-10	-0.16442735142441428	0.23147872656947338	0.2704552216602202	-0.0389764950907468	Control
ENSG00000225032	2	25	-23	-0.33017100172171815	0.1474263612020232	0.37102052960428444	-0.22359416840226123	Control
ENSG00000004961	40	41	-1	-0.04968174737243468	0.5626301695923832	0.4805117524546266	0.08211841713775664	Control
ENSG00000259429	10	18	-8	-0.13892832830175214	0.3635822671823862	0.30913418625409106	0.05444808092829512	Control
ENSG00000124217	21	10	11	0.10331239136353813	0.4669741148467718	0.216155905980363	0.2508182088664088	AD
ENSG00000218739	1	5	-4	-0.08793028205642787	0.0589110383814341	0.13091341862540912	-0.07200238024397501	Control
ENSG00000099901	31	31	0	-0.03693223581110361	0.5223147872656947	0.41535257363879796	0.10696221362689673	Control
ENSG00000128340	11	39	-28	-0.3939185595283735	0.377268670038679	0.470395715560845	-0.093127045522166	Control
ENSG00000162104	7	3	4	0.014065810434220656	0.3122582564712883	0.08196965188931865	0.23028860458196965	AD
ENSG00000230910	1	16	-15	-0.22817490923106962	0.0589110383814341	0.2897947039571556	-0.23088366557572151	Control
ENSG00000008226	1	34	-33	-0.45766611733502877	0.0589110383814341	0.43588217792323714	-0.37697113954180306	Control
ENSG00000141098	1	1	0	-0.03693223581110361	0.0589110383814341	0.02008330853912526	0.03882772984230884	Control
ENSG00000038358	7	20	-13	-0.20267588610840748	0.3122582564712883	0.3249033025885153	-0.012645046117226999	Control
ENSG00000148399	2	10	-8	-0.13892832830175214	0.1474263612020232	0.216155905980363	-0.06872954477833979	Control
ENSG00000182578	3	15	-12	-0.1899263745470764	0.19518000595060994	0.28072002380243977	-0.08554001785182982	Control
ENSG00000249850	1	32	-31	-0.43216709421236665	0.0589110383814341	0.42100565307944066	-0.3620946146980066	Control
ENSG00000159200	3	1	2	-0.011433212688441477	0.19518000595060994	0.02008330853912526	0.17509669741148468	AD
ENSG00000102898	2	38	-36	-0.49591465201902196	0.1474263612020232	0.4639988098780125	-0.3165724486759893	Control
ENSG00000111860	1	1	0	-0.03693223581110361	0.0589110383814341	0.02008330853912526	0.03882772984230884	Control
ENSG00000223960	2	6	-4	-0.08793028205642787	0.1474263612020232	0.15233561440047605	-0.00490925319845284	Control
ENSG00000164329	2	9	-7	-0.12617881674042108	0.1474263612020232	0.2008330853912526	-0.0534067241892294	Control
ENSG00000090263	2	8	-6	-0.11342930517909	0.1474263612020232	0.18670038678964593	-0.03927402558762272	Control
ENSG00000243914	5	109	-104	-1.3628814381895347	0.26152930675394226	0.6850639690568283	-0.42353466230288606	Control
ENSG00000117707	1	28	-27	-0.38116904796704243	0.0589110383814341	0.3931865516215412	-0.3342755132401071	Control
ENSG00000076924	14	3	11	0.10331239136353813	0.40568283249033027	0.08196965188931865	0.3237131806010116	AD
ENSG00000279529	1	6	-5	-0.10067979361775894	0.0589110383814341	0.15233561440047605	-0.09342457601904194	Control
ENSG00000156140	1	6	-5	-0.10067979361775894	0.0589110383814341	0.15233561440047605	-0.09342457601904194	Control
ENSG00000122140	1	11	-10	-0.16442735142441428	0.0589110383814341	0.23073490032728355	-0.17182386194584945	Control
ENSG00000163884	1	2	-1	-0.04968174737243468	0.0589110383814341	0.05385301993454329	0.0050580184468908065	Control
ENSG00000234423	2	8	-6	-0.11342930517909	0.1474263612020232	0.18670038678964593	-0.03927402558762272	Control
ENSG00000181211	3	85	-82	-1.082392183840251	0.19518000595060994	0.640136864028563	-0.44495685807795304	Control
ENSG00000273841	2	1	1	-0.024182724249772546	0.1474263612020232	0.02008330853912526	0.12734305266289794	AD
ENSG00000253372	1	60	-59	-0.7891534179296366	0.0589110383814341	0.5664980660517703	-0.5075870276703363	Control
ENSG00000059915	2	23	-21	-0.30467197859905604	0.1474263612020232	0.3534662302886046	-0.20603986908658137	Control
ENSG00000287665	8	17	-9	-0.1516778398630832	0.33234156501041356	0.2994644451056233	0.03287711990479025	Control
ENSG00000256591	2	52	-50	-0.6744078138776569	0.1474263612020232	0.5391252603391847	-0.3916988991371615	Control
ENSG00000077254	2	23	-21	-0.30467197859905604	0.1474263612020232	0.3534662302886046	-0.20603986908658137	Control
ENSG00000173418	12	38	-26	-0.36841953640571135	0.3882772984230884	0.4639988098780125	-0.07572151145492412	Control
ENSG00000185825	89	5	84	1.034026735340706	0.682088664088069	0.13091341862540912	0.55117524546266	AD
ENSG00000114473	3	33	-30	-0.41941758265103557	0.19518000595060994	0.42784885450758703	-0.2326688485569771	Control
ENSG00000276115	1	14	-13	-0.20267588610840748	0.0589110383814341	0.2704552216602202	-0.21154418327878607	Control
ENSG00000205090	3	1	2	-0.011433212688441477	0.19518000595060994	0.02008330853912526	0.17509669741148468	AD
ENSG00000126777	2	33	-31	-0.43216709421236665	0.1474263612020232	0.42784885450758703	-0.2804224933055638	Control
ENSG00000100302	3	22	-19	-0.27917295547639387	0.19518000595060994	0.3436477238916989	-0.14846771794108896	Control
ENSG00000284602	2	37	-35	-0.48316514045769093	0.1474263612020232	0.45745313894674206	-0.3100267777447189	Control
ENSG00000198886	8	7	1	-0.024182724249772546	0.33234156501041356	0.1716750966974115	0.16066646831300208	AD
ENSG00000165271	1	6	-5	-0.10067979361775894	0.0589110383814341	0.15233561440047605	-0.09342457601904194	Control
ENSG00000132591	12	79	-67	-0.8911495104202851	0.3882772984230884	0.6258554001785183	-0.23757810175542987	Control
ENSG00000163349	1	4	-3	-0.0751807704950968	0.0589110383814341	0.10874739660815233	-0.04983635822671823	Control
ENSG00000162409	2	18	-16	-0.2409244207924007	0.1474263612020232	0.30913418625409106	-0.16170782505206785	Control
ENSG00000114978	1	27	-26	-0.36841953640571135	0.0589110383814341	0.38381434096994943	-0.32490330258851535	Control
ENSG00000077238	1	16	-15	-0.22817490923106962	0.0589110383814341	0.2897947039571556	-0.23088366557572151	Control
ENSG00000205041	29	110	-81	-1.06964267227892	0.5144302290984826	0.6872954477833978	-0.17286521868491522	Control
ENSG00000184574	2	11	-9	-0.1516778398630832	0.1474263612020232	0.23073490032728355	-0.08330853912526034	Control
ENSG00000074657	15	17	-2	-0.06243125893376574	0.41594763463254986	0.2994644451056233	0.11648318952692654	Control
ENSG00000119125	1	1	0	-0.03693223581110361	0.0589110383814341	0.02008330853912526	0.03882772984230884	Control
ENSG00000186814	2	9	-7	-0.12617881674042108	0.1474263612020232	0.2008330853912526	-0.0534067241892294	Control
ENSG00000243701	3	48	-45	-0.6106602560710016	0.19518000595060994	0.5177030645641179	-0.32252305861350794	Control
ENSG00000065534	1	2	-1	-0.04968174737243468	0.0589110383814341	0.05385301993454329	0.0050580184468908065	Control
ENSG00000185716	6	6	0	-0.03693223581110361	0.28711692948527223	0.15233561440047605	0.13478131508479618	Control
ENSG00000115241	1	1	0	-0.03693223581110361	0.0589110383814341	0.02008330853912526	0.03882772984230884	Control
ENSG00000015285	10	66	-56	-0.7509048832456433	0.3635822671823862	0.588961618565903	-0.22537935138351683	Control
ENSG00000139437	3	14	-11	-0.17717686298574534	0.19518000595060994	0.2704552216602202	-0.07527521570961024	Control
ENSG00000105193	16	21	-5	-0.10067979361775894	0.42591490627789347	0.3333829217494793	0.09253198452841416	Control
ENSG00000122026	3	12	-9	-0.1516778398630832	0.19518000595060994	0.24397500743826242	-0.04879500148765248	Control
ENSG00000008710	2	25	-23	-0.33017100172171815	0.1474263612020232	0.37102052960428444	-0.22359416840226123	Control
ENSG00000117222	3	1	2	-0.011433212688441477	0.19518000595060994	0.02008330853912526	0.17509669741148468	AD
ENSG00000279387	4	5	-1	-0.04968174737243468	0.23147872656947338	0.13091341862540912	0.10056530794406426	Control
ENSG00000145920	4	25	-21	-0.30467197859905604	0.23147872656947338	0.37102052960428444	-0.13954180303481106	Control
ENSG00000122565	2	2	0	-0.03693223581110361	0.1474263612020232	0.05385301993454329	0.09357334126747992	Control
ENSG00000170633	7	76	-69	-0.9166485335429473	0.3122582564712883	0.6167807200238025	-0.30452246355251417	Control
ENSG00000174437	3	7	-4	-0.08793028205642787	0.19518000595060994	0.1716750966974115	0.023504909253198453	Control
ENSG00000114125	4	1	3	0.0013162988728895886	0.23147872656947338	0.02008330853912526	0.21139541803034811	AD
ENSG00000234329	2	17	-15	-0.22817490923106962	0.1474263612020232	0.2994644451056233	-0.1520380839036001	Control
ENSG00000140983	1	1	0	-0.03693223581110361	0.0589110383814341	0.02008330853912526	0.03882772984230884	Control
ENSG00000170231	11	66	-55	-0.7381553716843122	0.377268670038679	0.588961618565903	-0.21169294852722403	Control
ENSG00000278991	6	82	-76	-1.0058951144722648	0.28711692948527223	0.6331448973519785	-0.3460279678667063	Control
ENSG00000185414	3	1	2	-0.011433212688441477	0.19518000595060994	0.02008330853912526	0.17509669741148468	AD
ENSG00000103502	10	21	-11	-0.17717686298574534	0.3635822671823862	0.3333829217494793	0.030199345432906866	Control
ENSG00000173482	19	23	-4	-0.08793028205642787	0.45135376376078545	0.3534662302886046	0.09788753347218088	Control
ENSG00000186960	1	2	-1	-0.04968174737243468	0.0589110383814341	0.05385301993454329	0.0050580184468908065	Control
ENSG00000100221	3	1	2	-0.011433212688441477	0.19518000595060994	0.02008330853912526	0.17509669741148468	AD
ENSG00000156959	1	2	-1	-0.04968174737243468	0.0589110383814341	0.05385301993454329	0.0050580184468908065	Control
ENSG00000119943	1	30	-29	-0.40666807108970454	0.0589110383814341	0.4089556679559655	-0.3500446295745314	Control
ENSG00000036530	8	43	-35	-0.48316514045769093	0.33234156501041356	0.49375185956560547	-0.1614102945551919	Control
ENSG00000212128	2	6	-4	-0.08793028205642787	0.1474263612020232	0.15233561440047605	-0.00490925319845284	Control
ENSG00000180269	4	4	0	-0.03693223581110361	0.23147872656947338	0.10874739660815233	0.12273132996132105	Control
ENSG00000120616	1	3	-2	-0.06243125893376574	0.0589110383814341	0.08196965188931865	-0.023058613507884552	Control
ENSG00000133019	1	4	-3	-0.0751807704950968	0.0589110383814341	0.10874739660815233	-0.04983635822671823	Control
ENSG00000121774	1	4	-3	-0.0751807704950968	0.0589110383814341	0.10874739660815233	-0.04983635822671823	Control
ENSG00000203737	1	12	-11	-0.17717686298574534	0.0589110383814341	0.24397500743826242	-0.18506396905682831	Control
ENSG00000180626	1	7	-6	-0.11342930517909	0.0589110383814341	0.1716750966974115	-0.11276405831597738	Control
ENSG00000088367	5	3	2	-0.011433212688441477	0.26152930675394226	0.08196965188931865	0.1795596548646236	AD
ENSG00000243335	1	1	0	-0.03693223581110361	0.0589110383814341	0.02008330853912526	0.03882772984230884	Control
ENSG00000093000	43	13	30	0.34555311102882835	0.576167807200238	0.25825647128830703	0.31791133591193094	AD
ENSG00000253368	5	3	2	-0.011433212688441477	0.26152930675394226	0.08196965188931865	0.1795596548646236	AD
ENSG00000109111	9	30	-21	-0.30467197859905604	0.34811068134483786	0.4089556679559655	-0.06084498661112764	Control
ENSG00000169905	1	18	-17	-0.25367393235373176	0.0589110383814341	0.30913418625409106	-0.250223147872657	Control
ENSG00000108666	6	8	-2	-0.06243125893376574	0.28711692948527223	0.18670038678964593	0.1004165426956263	Control
ENSG00000204084	1	17	-16	-0.2409244207924007	0.0589110383814341	0.2994644451056233	-0.2405534067241892	Control
ENSG00000269929	4	16	-12	-0.1899263745470764	0.23147872656947338	0.2897947039571556	-0.05831597738768224	Control
ENSG00000233579	1	16	-15	-0.22817490923106962	0.0589110383814341	0.2897947039571556	-0.23088366557572151	Control
ENSG00000185324	7	22	-15	-0.22817490923106962	0.3122582564712883	0.3436477238916989	-0.0313894674204106	Control
ENSG00000271533	70	231	-161	-2.0896035971854054	0.6471288307051473	0.8196965188931865	-0.17256768818803925	Control
ENSG00000100379	57	102	-45	-0.6106602560710016	0.6157393632847367	0.6716750966974114	-0.05593573341267477	Control
ENSG00000283341	5	56	-51	-0.687157325438988	0.26152930675394226	0.5523653674501636	-0.29083606069622137	Control
ENSG00000012171	1	2	-1	-0.04968174737243468	0.0589110383814341	0.05385301993454329	0.0050580184468908065	Control
ENSG00000132383	6	3	3	0.0013162988728895886	0.28711692948527223	0.08196965188931865	0.20514727759595358	AD
ENSG00000151491	1	34	-33	-0.45766611733502877	0.0589110383814341	0.43588217792323714	-0.37697113954180306	Control
ENSG00000100462	7	12	-5	-0.10067979361775894	0.3122582564712883	0.24397500743826242	0.06828324903302588	Control
ENSG00000132965	6	43	-37	-0.508664163580353	0.28711692948527223	0.49375185956560547	-0.20663493008033323	Control
ENSG00000012779	1	34	-33	-0.45766611733502877	0.0589110383814341	0.43588217792323714	-0.37697113954180306	Control
ENSG00000127663	1	18	-17	-0.25367393235373176	0.0589110383814341	0.30913418625409106	-0.250223147872657	Control
ENSG00000123609	1	5	-4	-0.08793028205642787	0.0589110383814341	0.13091341862540912	-0.07200238024397501	Control
ENSG00000280033	4	27	-23	-0.33017100172171815	0.23147872656947338	0.38381434096994943	-0.15233561440047605	Control
ENSG00000244055	1	1	0	-0.03693223581110361	0.0589110383814341	0.02008330853912526	0.03882772984230884	Control
ENSG00000184277	1	4	-3	-0.0751807704950968	0.0589110383814341	0.10874739660815233	-0.04983635822671823	Control
ENSG00000108306	7	31	-24	-0.34292051328304923	0.3122582564712883	0.41535257363879796	-0.10309431716750966	Control
ENSG00000213930	3	14	-11	-0.17717686298574534	0.19518000595060994	0.2704552216602202	-0.07527521570961024	Control
ENSG00000254579	1	5	-4	-0.08793028205642787	0.0589110383814341	0.13091341862540912	-0.07200238024397501	Control
ENSG00000056586	2	6	-4	-0.08793028205642787	0.1474263612020232	0.15233561440047605	-0.00490925319845284	Control
ENSG00000179520	2	1	1	-0.024182724249772546	0.1474263612020232	0.02008330853912526	0.12734305266289794	AD
ENSG00000115109	1	2	-1	-0.04968174737243468	0.0589110383814341	0.05385301993454329	0.0050580184468908065	Control
ENSG00000125826	5	13	-8	-0.13892832830175214	0.26152930675394226	0.25825647128830703	0.0032728354656352265	Control
ENSG00000212864	1	5	-4	-0.08793028205642787	0.0589110383814341	0.13091341862540912	-0.07200238024397501	Control
ENSG00000111817	2	29	-27	-0.38116904796704243	0.1474263612020232	0.40181493603094315	-0.25438857482891997	Control
ENSG00000136273	2	21	-19	-0.27917295547639387	0.1474263612020232	0.3333829217494793	-0.1859565605474561	Control
ENSG00000173114	1	6	-5	-0.10067979361775894	0.0589110383814341	0.15233561440047605	-0.09342457601904194	Control
ENSG00000165025	4	28	-24	-0.34292051328304923	0.23147872656947338	0.3931865516215412	-0.16170782505206782	Control
ENSG00000235244	41	177	-136	-1.7708658081521285	0.5672418922939602	0.770901517405534	-0.20365962511157387	Control
ENSG00000196912	2	20	-18	-0.26642344391506284	0.1474263612020232	0.3249033025885153	-0.1774769413864921	Control
ENSG00000122574	1	1	0	-0.03693223581110361	0.0589110383814341	0.02008330853912526	0.03882772984230884	Control
ENSG00000170419	2	1	1	-0.024182724249772546	0.1474263612020232	0.02008330853912526	0.12734305266289794	AD
ENSG00000270863	1	16	-15	-0.22817490923106962	0.0589110383814341	0.2897947039571556	-0.23088366557572151	Control
ENSG00000069020	1	7	-6	-0.11342930517909	0.0589110383814341	0.1716750966974115	-0.11276405831597738	Control
ENSG00000164070	1	3	-2	-0.06243125893376574	0.0589110383814341	0.08196965188931865	-0.023058613507884552	Control
ENSG00000247624	4	6	-2	-0.06243125893376574	0.23147872656947338	0.15233561440047605	0.07914311216899733	Control
ENSG00000258419	5	43	-38	-0.5214136751416841	0.26152930675394226	0.49375185956560547	-0.2322225528116632	Control
ENSG00000143226	2	50	-48	-0.6489087907549947	0.1474263612020232	0.5284141624516513	-0.38098780124962806	Control
ENSG00000152763	1	42	-41	-0.5596622098256773	0.0589110383814341	0.4869086581374591	-0.427997619756025	Control
ENSG00000115946	1	3	-2	-0.06243125893376574	0.0589110383814341	0.08196965188931865	-0.023058613507884552	Control
ENSG00000282100	5	118	-113	-1.4776270422415143	0.26152930675394226	0.6986016066646832	-0.4370722999107409	Control
ENSG00000122042	1	2	-1	-0.04968174737243468	0.0589110383814341	0.05385301993454329	0.0050580184468908065	Control
ENSG00000126217	2	15	-13	-0.20267588610840748	0.1474263612020232	0.28072002380243977	-0.13329366260041656	Control
ENSG00000139998	6	13	-7	-0.12617881674042108	0.28711692948527223	0.25825647128830703	0.0288604581969652	Control
ENSG00000124782	1	57	-56	-0.7509048832456433	0.0589110383814341	0.5563820291579887	-0.49747099077655466	Control
ENSG00000285994	1	87	-86	-1.1333902300855754	0.0589110383814341	0.64400476048795	-0.5850937221065159	Control
ENSG00000081320	1	6	-5	-0.10067979361775894	0.0589110383814341	0.15233561440047605	-0.09342457601904194	Control
ENSG00000103479	2	14	-12	-0.1899263745470764	0.1474263612020232	0.2704552216602202	-0.12302886045819697	Control
ENSG00000206579	2	47	-45	-0.6106602560710016	0.1474263612020232	0.5127938113656649	-0.3653674501636417	Control
ENSG00000111371	5	3	2	-0.011433212688441477	0.26152930675394226	0.08196965188931865	0.1795596548646236	AD
ENSG00000278842	1	6	-5	-0.10067979361775894	0.0589110383814341	0.15233561440047605	-0.09342457601904194	Control
ENSG00000100519	2	1	1	-0.024182724249772546	0.1474263612020232	0.02008330853912526	0.12734305266289794	AD
ENSG00000140455	2	7	-5	-0.10067979361775894	0.1474263612020232	0.1716750966974115	-0.02424873549538828	Control
ENSG00000255669	1	13	-12	-0.1899263745470764	0.0589110383814341	0.25825647128830703	-0.19934543290687293	Control
ENSG00000255142	2	39	-37	-0.508664163580353	0.1474263612020232	0.470395715560845	-0.3229693543588218	Control
ENSG00000146221	1	2	-1	-0.04968174737243468	0.0589110383814341	0.05385301993454329	0.0050580184468908065	Control
ENSG00000129116	2	26	-24	-0.34292051328304923	0.1474263612020232	0.3775662005355549	-0.2301398393335317	Control
ENSG00000248483	3	176	-173	-2.242597735921378	0.19518000595060994	0.7701576911633442	-0.5749776852127343	Control
ENSG00000122786	1	3	-2	-0.06243125893376574	0.0589110383814341	0.08196965188931865	-0.023058613507884552	Control
ENSG00000125827	5	1	4	0.014065810434220656	0.26152930675394226	0.02008330853912526	0.241445998214817	AD
ENSG00000153707	3	6	-3	-0.0751807704950968	0.19518000595060994	0.15233561440047605	0.04284439155013389	Control
ENSG00000254996	1	81	-80	-1.056893160717589	0.0589110383814341	0.631062183873847	-0.572151145492413	Control
ENSG00000271335	6	30	-24	-0.34292051328304923	0.28711692948527223	0.4089556679559655	-0.12183873847069326	Control
ENSG00000105576	2	2	0	-0.03693223581110361	0.1474263612020232	0.05385301993454329	0.09357334126747992	Control
ENSG00000073712	1	8	-7	-0.12617881674042108	0.0589110383814341	0.18670038678964593	-0.12778934840821182	Control
ENSG00000003147	1	5	-4	-0.08793028205642787	0.0589110383814341	0.13091341862540912	-0.07200238024397501	Control
ENSG00000116652	1	38	-37	-0.508664163580353	0.0589110383814341	0.4639988098780125	-0.40508777149657843	Control
ENSG00000234745	1	1	0	-0.03693223581110361	0.0589110383814341	0.02008330853912526	0.03882772984230884	Control
ENSG00000141741	3	52	-49	-0.6616583023163258	0.19518000595060994	0.5391252603391847	-0.3439452543885748	Control
ENSG00000162728	1	1	0	-0.03693223581110361	0.0589110383814341	0.02008330853912526	0.03882772984230884	Control
ENSG00000101940	11	15	-4	-0.08793028205642787	0.377268670038679	0.28072002380243977	0.09654864623623921	Control
ENSG00000134480	1	2	-1	-0.04968174737243468	0.0589110383814341	0.05385301993454329	0.0050580184468908065	Control
ENSG00000112379	1	9	-8	-0.13892832830175214	0.0589110383814341	0.2008330853912526	-0.1419220470098185	Control
ENSG00000138641	1	14	-13	-0.20267588610840748	0.0589110383814341	0.2704552216602202	-0.21154418327878607	Control
ENSG00000178982	1	20	-19	-0.27917295547639387	0.0589110383814341	0.3249033025885153	-0.2659922642070812	Control
ENSG00000152104	2	43	-41	-0.5596622098256773	0.1474263612020232	0.49375185956560547	-0.3463254983635823	Control
ENSG00000136286	2	8	-6	-0.11342930517909	0.1474263612020232	0.18670038678964593	-0.03927402558762272	Control
ENSG00000161904	1	3	-2	-0.06243125893376574	0.0589110383814341	0.08196965188931865	-0.023058613507884552	Control
ENSG00000100884	2	8	-6	-0.11342930517909	0.1474263612020232	0.18670038678964593	-0.03927402558762272	Control
ENSG00000130227	2	3	-1	-0.04968174737243468	0.1474263612020232	0.08196965188931865	0.06545670931270456	Control
ENSG00000135205	2	44	-42	-0.5724117213870084	0.1474263612020232	0.499851234751562	-0.3524248735495388	Control
ENSG00000280650	1	24	-23	-0.33017100172171815	0.0589110383814341	0.3622433799464445	-0.30333234156501043	Control
ENSG00000131051	13	56	-43	-0.5851612329483394	0.39764950907468016	0.5523653674501636	-0.15471585837548346	Control
ENSG00000067955	3	41	-38	-0.5214136751416841	0.19518000595060994	0.4805117524546266	-0.2853317465040166	Control
ENSG00000174013	1	1	0	-0.03693223581110361	0.0589110383814341	0.02008330853912526	0.03882772984230884	Control
ENSG00000285667	2	18	-16	-0.2409244207924007	0.1474263612020232	0.30913418625409106	-0.16170782505206785	Control
ENSG00000258366	12	37	-25	-0.3556700248443803	0.3882772984230884	0.45745313894674206	-0.06917584052365366	Control
ENSG00000261970	4	69	-65	-0.8656504872976231	0.23147872656947338	0.597590002975305	-0.3661112764058316	Control
ENSG00000070495	2	1	1	-0.024182724249772546	0.1474263612020232	0.02008330853912526	0.12734305266289794	AD
ENSG00000287299	1	4	-3	-0.0751807704950968	0.0589110383814341	0.10874739660815233	-0.04983635822671823	Control
ENSG00000004455	1	23	-22	-0.3174214901603871	0.0589110383814341	0.3534662302886046	-0.2945551919071705	Control
ENSG00000138385	2	2	0	-0.03693223581110361	0.1474263612020232	0.05385301993454329	0.09357334126747992	Control
ENSG00000269343	16	94	-78	-1.031394137594927	0.42591490627789347	0.6572448675989289	-0.2313299613210354	Control
ENSG00000160282	7	38	-31	-0.43216709421236665	0.3122582564712883	0.4639988098780125	-0.1517405534067242	Control
ENSG00000166006	2	4	-2	-0.06243125893376574	0.1474263612020232	0.10874739660815233	0.03867896459387088	Control
ENSG00000143409	1	17	-16	-0.2409244207924007	0.0589110383814341	0.2994644451056233	-0.2405534067241892	Control
ENSG00000010278	1	1	0	-0.03693223581110361	0.0589110383814341	0.02008330853912526	0.03882772984230884	Control
ENSG00000100395	12	1	11	0.10331239136353813	0.3882772984230884	0.02008330853912526	0.3681939898839631	AD
ENSG00000154803	2	39	-37	-0.508664163580353	0.1474263612020232	0.470395715560845	-0.3229693543588218	Control
ENSG00000214237	2	2	0	-0.03693223581110361	0.1474263612020232	0.05385301993454329	0.09357334126747992	Control
ENSG00000125445	2	2	0	-0.03693223581110361	0.1474263612020232	0.05385301993454329	0.09357334126747992	Control
ENSG00000142347	6	41	-35	-0.48316514045769093	0.28711692948527223	0.4805117524546266	-0.19339482296935434	Control
ENSG00000237943	1	9	-8	-0.13892832830175214	0.0589110383814341	0.2008330853912526	-0.1419220470098185	Control
ENSG00000205808	3	18	-15	-0.22817490923106962	0.19518000595060994	0.30913418625409106	-0.11395418030348112	Control
ENSG00000151176	3	1	2	-0.011433212688441477	0.19518000595060994	0.02008330853912526	0.17509669741148468	AD
ENSG00000165113	4	9	-5	-0.10067979361775894	0.23147872656947338	0.2008330853912526	0.030645641178220773	Control
ENSG00000144857	1	5	-4	-0.08793028205642787	0.0589110383814341	0.13091341862540912	-0.07200238024397501	Control
ENSG00000126858	4	3	1	-0.024182724249772546	0.23147872656947338	0.08196965188931865	0.14950907468015473	AD
ENSG00000048540	3	1	2	-0.011433212688441477	0.19518000595060994	0.02008330853912526	0.17509669741148468	AD
ENSG00000242686	1	5	-4	-0.08793028205642787	0.0589110383814341	0.13091341862540912	-0.07200238024397501	Control
ENSG00000115825	1	28	-27	-0.38116904796704243	0.0589110383814341	0.3931865516215412	-0.3342755132401071	Control
ENSG00000125864	1	3	-2	-0.06243125893376574	0.0589110383814341	0.08196965188931865	-0.023058613507884552	Control
ENSG00000065802	1	26	-25	-0.3556700248443803	0.0589110383814341	0.3775662005355549	-0.3186551621541208	Control
ENSG00000266338	2	39	-37	-0.508664163580353	0.1474263612020232	0.470395715560845	-0.3229693543588218	Control
ENSG00000107771	4	7	-3	-0.0751807704950968	0.23147872656947338	0.1716750966974115	0.05980362987206189	Control
ENSG00000169598	1	17	-16	-0.2409244207924007	0.0589110383814341	0.2994644451056233	-0.2405534067241892	Control
ENSG00000234187	3	56	-53	-0.7126563485616502	0.19518000595060994	0.5523653674501636	-0.3571853614995537	Control
ENSG00000225014	7	52	-45	-0.6106602560710016	0.3122582564712883	0.5391252603391847	-0.22686700386789643	Control
ENSG00000133135	19	69	-50	-0.6744078138776569	0.45135376376078545	0.597590002975305	-0.1462362392145195	Control
ENSG00000272449	1	1	0	-0.03693223581110361	0.0589110383814341	0.02008330853912526	0.03882772984230884	Control
ENSG00000174939	1	1	0	-0.03693223581110361	0.0589110383814341	0.02008330853912526	0.03882772984230884	Control
ENSG00000100242	2	8	-6	-0.11342930517909	0.1474263612020232	0.18670038678964593	-0.03927402558762272	Control
ENSG00000171813	1	3	-2	-0.06243125893376574	0.0589110383814341	0.08196965188931865	-0.023058613507884552	Control
ENSG00000169018	2	6	-4	-0.08793028205642787	0.1474263612020232	0.15233561440047605	-0.00490925319845284	Control
ENSG00000168918	1	1	0	-0.03693223581110361	0.0589110383814341	0.02008330853912526	0.03882772984230884	Control
ENSG00000277007	1	8	-7	-0.12617881674042108	0.0589110383814341	0.18670038678964593	-0.12778934840821182	Control
ENSG00000247092	4	69	-65	-0.8656504872976231	0.23147872656947338	0.597590002975305	-0.3661112764058316	Control
ENSG00000198625	1	7	-6	-0.11342930517909	0.0589110383814341	0.1716750966974115	-0.11276405831597738	Control
ENSG00000154380	1	26	-25	-0.3556700248443803	0.0589110383814341	0.3775662005355549	-0.3186551621541208	Control
ENSG00000173039	2	20	-18	-0.26642344391506284	0.1474263612020232	0.3249033025885153	-0.1774769413864921	Control
ENSG00000279685	7	44	-37	-0.508664163580353	0.3122582564712883	0.499851234751562	-0.18759297828027371	Control
ENSG00000134453	1	6	-5	-0.10067979361775894	0.0589110383814341	0.15233561440047605	-0.09342457601904194	Control
ENSG00000138069	1	5	-4	-0.08793028205642787	0.0589110383814341	0.13091341862540912	-0.07200238024397501	Control
ENSG00000279453	5	19	-14	-0.21542539766973856	0.26152930675394226	0.31716750966974117	-0.05563820291579891	Control
ENSG00000135930	1	1	0	-0.03693223581110361	0.0589110383814341	0.02008330853912526	0.03882772984230884	Control
ENSG00000142327	1	12	-11	-0.17717686298574534	0.0589110383814341	0.24397500743826242	-0.18506396905682831	Control
ENSG00000274251	1	12	-11	-0.17717686298574534	0.0589110383814341	0.24397500743826242	-0.18506396905682831	Control
ENSG00000197774	9	6	3	0.0013162988728895886	0.34811068134483786	0.15233561440047605	0.1957750669443618	AD
ENSG00000103021	1	4	-3	-0.0751807704950968	0.0589110383814341	0.10874739660815233	-0.04983635822671823	Control
ENSG00000109320	2	22	-20	-0.29192246703772495	0.1474263612020232	0.3436477238916989	-0.1962213626896757	Control
ENSG00000158710	1	19	-18	-0.26642344391506284	0.0589110383814341	0.31716750966974117	-0.2582564712883071	Control
ENSG00000033178	1	1	0	-0.03693223581110361	0.0589110383814341	0.02008330853912526	0.03882772984230884	Control
ENSG00000148158	2	2	0	-0.03693223581110361	0.1474263612020232	0.05385301993454329	0.09357334126747992	Control
ENSG00000111300	1	22	-21	-0.30467197859905604	0.0589110383814341	0.3436477238916989	-0.2847366855102648	Control
ENSG00000146112	1	46	-45	-0.6106602560710016	0.0589110383814341	0.5077357929187741	-0.44882475453734005	Control
ENSG00000137038	8	58	-50	-0.6744078138776569	0.33234156501041356	0.5601011603689379	-0.2277595953585243	Control
ENSG00000137070	1	9	-8	-0.13892832830175214	0.0589110383814341	0.2008330853912526	-0.1419220470098185	Control
ENSG00000135870	1	9	-8	-0.13892832830175214	0.0589110383814341	0.2008330853912526	-0.1419220470098185	Control
ENSG00000286314	1	13	-12	-0.1899263745470764	0.0589110383814341	0.25825647128830703	-0.19934543290687293	Control
ENSG00000106153	2	10	-8	-0.13892832830175214	0.1474263612020232	0.216155905980363	-0.06872954477833979	Control
ENSG00000114859	1	3	-2	-0.06243125893376574	0.0589110383814341	0.08196965188931865	-0.023058613507884552	Control
ENSG00000174099	2	17	-15	-0.22817490923106962	0.1474263612020232	0.2994644451056233	-0.1520380839036001	Control
ENSG00000236760	1	41	-40	-0.5469126982643463	0.0589110383814341	0.4805117524546266	-0.4216007140731925	Control
ENSG00000273691	1	4	-3	-0.0751807704950968	0.0589110383814341	0.10874739660815233	-0.04983635822671823	Control
ENSG00000236709	2	12	-10	-0.16442735142441428	0.1474263612020232	0.24397500743826242	-0.09654864623623921	Control
ENSG00000143614	1	53	-52	-0.6999068370003191	0.0589110383814341	0.5432906872954478	-0.48437964891401375	Control
ENSG00000114790	2	15	-13	-0.20267588610840748	0.1474263612020232	0.28072002380243977	-0.13329366260041656	Control
ENSG00000085224	10	49	-39	-0.5341631867030152	0.3635822671823862	0.5230586135078845	-0.15947634632549834	Control
ENSG00000153406	9	28	-19	-0.27917295547639387	0.34811068134483786	0.3931865516215412	-0.045075870276703345	Control
ENSG00000229816	1	24	-23	-0.33017100172171815	0.0589110383814341	0.3622433799464445	-0.30333234156501043	Control
ENSG00000280077	1	41	-40	-0.5469126982643463	0.0589110383814341	0.4805117524546266	-0.4216007140731925	Control
ENSG00000143110	1	22	-21	-0.30467197859905604	0.0589110383814341	0.3436477238916989	-0.2847366855102648	Control
ENSG00000171960	1	1	0	-0.03693223581110361	0.0589110383814341	0.02008330853912526	0.03882772984230884	Control
ENSG00000180354	1	2	-1	-0.04968174737243468	0.0589110383814341	0.05385301993454329	0.0050580184468908065	Control
ENSG00000100146	48	84	-36	-0.49591465201902196	0.5900029753049688	0.6376078548051175	-0.04760487950014869	Control
ENSG00000157306	3	2	1	-0.024182724249772546	0.19518000595060994	0.05385301993454329	0.14132698601606664	AD
ENSG00000185591	4	53	-49	-0.6616583023163258	0.23147872656947338	0.5432906872954478	-0.31181196072597445	Control
ENSG00000224699	1	21	-20	-0.29192246703772495	0.0589110383814341	0.3333829217494793	-0.27447188336804523	Control
ENSG00000132554	2	25	-23	-0.33017100172171815	0.1474263612020232	0.37102052960428444	-0.22359416840226123	Control
ENSG00000178531	1	3	-2	-0.06243125893376574	0.0589110383814341	0.08196965188931865	-0.023058613507884552	Control
ENSG00000185274	2	4	-2	-0.06243125893376574	0.1474263612020232	0.10874739660815233	0.03867896459387088	Control
ENSG00000165782	1	75	-74	-0.9803960913496026	0.0589110383814341	0.614251710800357	-0.5553406724189229	Control
ENSG00000198786	6	3	3	0.0013162988728895886	0.28711692948527223	0.08196965188931865	0.20514727759595358	AD
ENSG00000188536	1	1	0	-0.03693223581110361	0.0589110383814341	0.02008330853912526	0.03882772984230884	Control
ENSG00000231389	2	4	-2	-0.06243125893376574	0.1474263612020232	0.10874739660815233	0.03867896459387088	Control
ENSG00000064787	10	23	-13	-0.20267588610840748	0.3635822671823862	0.3534662302886046	0.0101160368937816	Control
ENSG00000155961	376	365	11	0.10331239136353813	0.885301993454329	0.9049390062481404	-0.01963701279381136	AD
ENSG00000196976	314	322	-8	-0.13892832830175214	0.8539125260339184	0.8808390360011901	-0.02692650996727164	Control
ENSG00000011600	12	48	-36	-0.49591465201902196	0.3882772984230884	0.5177030645641179	-0.12942576614102946	Control
ENSG00000130822	95	110	-15	-0.22817490923106962	0.6927997619756024	0.6872954477833978	0.005504314192204651	Control
ENSG00000235703	193	369	-176	-2.2808462706053714	0.779678667063374	0.9079143112168997	-0.12823564415352573	Control
ENSG00000100591	6	6	0	-0.03693223581110361	0.28711692948527223	0.15233561440047605	0.13478131508479618	Control
ENSG00000012124	16	23	-7	-0.12617881674042108	0.42591490627789347	0.3534662302886046	0.07244867598928889	Control
ENSG00000130830	369	119	250	3.150445654521663	0.8802439750074382	0.7006843201428147	0.17955965486462355	AD
ENSG00000172530	8	12	-4	-0.08793028205642787	0.33234156501041356	0.24397500743826242	0.08836655757215114	Control
ENSG00000122122	15	89	-74	-0.9803960913496026	0.41594763463254986	0.6486164831895269	-0.23266884855697706	Control
ENSG00000125356	24	31	-7	-0.12617881674042108	0.4870574233858971	0.41535257363879796	0.07170484974709912	Control
ENSG00000165370	71	65	6	0.03956483355688279	0.6498066051770306	0.5842011306158881	0.06560547456114252	AD
ENSG00000104343	1	1	0	-0.03693223581110361	0.0589110383814341	0.02008330853912526	0.03882772984230884	Control
ENSG00000262223	5	4	1	-0.024182724249772546	0.26152930675394226	0.10874739660815233	0.15278191014578993	AD
ENSG00000286327	39	246	-207	-2.676081129006634	0.5580184468908063	0.8304076167807201	-0.2723891698899138	Control
ENSG00000169562	23	29	-6	-0.11342930517909	0.48021422195775065	0.40181493603094315	0.0783992859268075	Control
ENSG00000102125	31	80	-49	-0.6616583023163258	0.5223147872656947	0.6286819398988396	-0.10636715263314489	Control
ENSG00000010671	7	34	-27	-0.38116904796704243	0.3122582564712883	0.43588217792323714	-0.12362392145194884	Control
ENSG00000224924	28	50	-22	-0.3174214901603871	0.5089259149062779	0.5284141624516513	-0.01948824754537337	Control
ENSG00000102181	50	20	30	0.34555311102882835	0.5978875334721809	0.3249033025885153	0.27298423088366564	AD
ENSG00000197182	55	55	0	-0.03693223581110361	0.6096399880987802	0.5486462362392145	0.06099375185956568	Control
ENSG00000280383	59	181	-122	-1.5923726462934937	0.6234751562035109	0.7749181791133591	-0.15144302290984824	Control
ENSG00000180964	2	2	0	-0.03693223581110361	0.1474263612020232	0.05385301993454329	0.09357334126747992	Control
ENSG00000166603	3	7	-4	-0.08793028205642787	0.19518000595060994	0.1716750966974115	0.023504909253198453	Control
ENSG00000223865	2	2	0	-0.03693223581110361	0.1474263612020232	0.05385301993454329	0.09357334126747992	Control
ENSG00000103540	3	12	-9	-0.1516778398630832	0.19518000595060994	0.24397500743826242	-0.04879500148765248	Control
ENSG00000145248	2	6	-4	-0.08793028205642787	0.1474263612020232	0.15233561440047605	-0.00490925319845284	Control
ENSG00000166446	7	1	6	0.03956483355688279	0.3122582564712883	0.02008330853912526	0.29217494793216303	AD
ENSG00000070748	5	12	-7	-0.12617881674042108	0.26152930675394226	0.24397500743826242	0.01755429931567984	Control
ENSG00000171962	3	36	-33	-0.45766611733502877	0.19518000595060994	0.4506099375185957	-0.25542993156798577	Control
ENSG00000225479	4	28	-24	-0.34292051328304923	0.23147872656947338	0.3931865516215412	-0.16170782505206782	Control
ENSG00000001497	18	93	-75	-0.9931456029109337	0.44346920559357333	0.6551621541207974	-0.21169294852722403	Control
ENSG00000101265	10	39	-29	-0.40666807108970454	0.3635822671823862	0.470395715560845	-0.1068134483784588	Control
ENSG00000168994	1	9	-8	-0.13892832830175214	0.0589110383814341	0.2008330853912526	-0.1419220470098185	Control
ENSG00000101049	2	15	-13	-0.20267588610840748	0.1474263612020232	0.28072002380243977	-0.13329366260041656	Control
ENSG00000108773	1	8	-7	-0.12617881674042108	0.0589110383814341	0.18670038678964593	-0.12778934840821182	Control
ENSG00000187714	4	8	-4	-0.08793028205642787	0.23147872656947338	0.18670038678964593	0.04477833977982745	Control
ENSG00000102178	43	77	-34	-0.47041562889635985	0.576167807200238	0.6200535554894376	-0.043885748289199666	Control
ENSG00000100983	7	7	0	-0.03693223581110361	0.3122582564712883	0.1716750966974115	0.1405831597738768	Control
ENSG00000172943	25	57	-32	-0.44491660577369774	0.4931567985718536	0.5563820291579887	-0.0632252305861351	Control
ENSG00000140299	3	50	-47	-0.6361592791936637	0.19518000595060994	0.5284141624516513	-0.3332341565010414	Control
ENSG00000266173	7	67	-60	-0.8019029294909675	0.3122582564712883	0.5925319845284142	-0.28027372805712586	Control
ENSG00000102317	1	1	0	-0.03693223581110361	0.0589110383814341	0.02008330853912526	0.03882772984230884	Control
ENSG00000183741	18	39	-21	-0.30467197859905604	0.44346920559357333	0.470395715560845	-0.02692650996727164	Control
ENSG00000118482	1	2	-1	-0.04968174737243468	0.0589110383814341	0.05385301993454329	0.0050580184468908065	Control
ENSG00000141380	3	50	-47	-0.6361592791936637	0.19518000595060994	0.5284141624516513	-0.3332341565010414	Control
ENSG00000047644	12	35	-23	-0.33017100172171815	0.3882772984230884	0.44376673609044925	-0.055489437667360864	Control
ENSG00000126016	1	2	-1	-0.04968174737243468	0.0589110383814341	0.05385301993454329	0.0050580184468908065	Control
ENSG00000196972	25	38	-13	-0.20267588610840748	0.4931567985718536	0.4639988098780125	0.02915798869384112	Control
ENSG00000188559	7	5	2	-0.011433212688441477	0.3122582564712883	0.13091341862540912	0.18134483784587918	AD
ENSG00000197170	20	36	-16	-0.2409244207924007	0.4587920261826837	0.4506099375185957	0.008182088664088039	Control
ENSG00000232611	20	65	-45	-0.6106602560710016	0.4587920261826837	0.5842011306158881	-0.12540910443320435	Control
ENSG00000125675	3	4	-1	-0.04968174737243468	0.19518000595060994	0.10874739660815233	0.08643260934245761	Control
ENSG00000169896	4	22	-18	-0.26642344391506284	0.23147872656947338	0.3436477238916989	-0.11216899732222552	Control
ENSG00000225746	4	16	-12	-0.1899263745470764	0.23147872656947338	0.2897947039571556	-0.05831597738768224	Control
ENSG00000129682	20	21	-1	-0.04968174737243468	0.4587920261826837	0.3333829217494793	0.1254091044332044	Control
ENSG00000170832	2	22	-20	-0.29192246703772495	0.1474263612020232	0.3436477238916989	-0.1962213626896757	Control
ENSG00000198753	4	1	3	0.0013162988728895886	0.23147872656947338	0.02008330853912526	0.21139541803034811	AD
ENSG00000006210	1	21	-20	-0.29192246703772495	0.0589110383814341	0.3333829217494793	-0.27447188336804523	Control
ENSG00000182841	19	65	-46	-0.6234097676323327	0.45135376376078545	0.5842011306158881	-0.13284736685510262	Control
ENSG00000260788	1	3	-2	-0.06243125893376574	0.0589110383814341	0.08196965188931865	-0.023058613507884552	Control
ENSG00000224383	5	7	-2	-0.06243125893376574	0.26152930675394226	0.1716750966974115	0.08985421005653077	Control
ENSG00000168610	3	68	-65	-0.8656504872976231	0.19518000595060994	0.5949122285034216	-0.3997322225528117	Control
ENSG00000104983	23	65	-42	-0.5724117213870084	0.48021422195775065	0.5842011306158881	-0.10398690865813742	Control
ENSG00000183255	1	37	-36	-0.49591465201902196	0.0589110383814341	0.45745313894674206	-0.398542100565308	Control
ENSG00000243156	21	63	-42	-0.5724117213870084	0.4669741148467718	0.5775066944361797	-0.11053257958940793	Control
ENSG00000130159	8	1	7	0.05231434511821386	0.33234156501041356	0.02008330853912526	0.3122582564712883	AD
ENSG00000280234	6	21	-15	-0.22817490923106962	0.28711692948527223	0.3333829217494793	-0.04626599226420708	Control
ENSG00000105290	6	30	-24	-0.34292051328304923	0.28711692948527223	0.4089556679559655	-0.12183873847069326	Control
ENSG00000221963	2	11	-9	-0.1516778398630832	0.1474263612020232	0.23073490032728355	-0.08330853912526034	Control
ENSG00000124313	19	13	6	0.03956483355688279	0.45135376376078545	0.25825647128830703	0.19309729247247842	AD
ENSG00000100201	11	20	-9	-0.1516778398630832	0.377268670038679	0.3249033025885153	0.05236536745016368	Control
ENSG00000102030	9	80	-71	-0.9421475566656095	0.34811068134483786	0.6286819398988396	-0.2805712585540017	Control
ENSG00000180957	23	75	-52	-0.6999068370003191	0.48021422195775065	0.614251710800357	-0.13403748884260636	Control
ENSG00000099331	4	16	-12	-0.1899263745470764	0.23147872656947338	0.2897947039571556	-0.05831597738768224	Control
ENSG00000235961	36	8	28	0.32005408790616624	0.5450758702767033	0.18670038678964593	0.3583754834870574	AD
ENSG00000170075	1	1	0	-0.03693223581110361	0.0589110383814341	0.02008330853912526	0.03882772984230884	Control
ENSG00000188706	13	22	-9	-0.1516778398630832	0.39764950907468016	0.3436477238916989	0.054001785182981266	Control
ENSG00000215386	11	77	-66	-0.878399998858954	0.377268670038679	0.6200535554894376	-0.24278488545075866	Control
ENSG00000170471	6	9	-3	-0.0751807704950968	0.28711692948527223	0.2008330853912526	0.08628384409401962	Control
ENSG00000241990	12	4	8	0.06506385667954492	0.3882772984230884	0.10874739660815233	0.2795299018149361	AD
ENSG00000124251	6	7	-1	-0.04968174737243468	0.28711692948527223	0.1716750966974115	0.11544183278786074	Control
ENSG00000165164	7	31	-24	-0.34292051328304923	0.3122582564712883	0.41535257363879796	-0.10309431716750966	Control
ENSG00000186297	4	2	2	-0.011433212688441477	0.23147872656947338	0.05385301993454329	0.1776257066349301	AD
ENSG00000105677	3	1	2	-0.011433212688441477	0.19518000595060994	0.02008330853912526	0.17509669741148468	AD
ENSG00000068903	14	20	-6	-0.11342930517909	0.40568283249033027	0.3249033025885153	0.08077952990181497	Control
ENSG00000150093	1	8	-7	-0.12617881674042108	0.0589110383814341	0.18670038678964593	-0.12778934840821182	Control
ENSG00000124226	6	34	-28	-0.3939185595283735	0.28711692948527223	0.43588217792323714	-0.1487652484379649	Control
ENSG00000196235	7	8	-1	-0.04968174737243468	0.3122582564712883	0.18670038678964593	0.12555786968164237	Control
ENSG00000154864	3	20	-17	-0.25367393235373176	0.19518000595060994	0.3249033025885153	-0.12972329663790536	Control
ENSG00000051620	1	51	-50	-0.6744078138776569	0.0589110383814341	0.5336209461469801	-0.474709907765546	Control
ENSG00000177990	1	13	-12	-0.1899263745470764	0.0589110383814341	0.25825647128830703	-0.19934543290687293	Control
ENSG00000181072	2	10	-8	-0.13892832830175214	0.1474263612020232	0.216155905980363	-0.06872954477833979	Control
ENSG00000103852	1	22	-21	-0.30467197859905604	0.0589110383814341	0.3436477238916989	-0.2847366855102648	Control
ENSG00000026036	12	24	-12	-0.1899263745470764	0.3882772984230884	0.3622433799464445	0.02603391847664388	Control
ENSG00000225783	1	13	-12	-0.1899263745470764	0.0589110383814341	0.25825647128830703	-0.19934543290687293	Control
ENSG00000242808	1	9	-8	-0.13892832830175214	0.0589110383814341	0.2008330853912526	-0.1419220470098185	Control
ENSG00000088888	11	22	-11	-0.17717686298574534	0.377268670038679	0.3436477238916989	0.03362094614698008	Control
ENSG00000172006	4	1	3	0.0013162988728895886	0.23147872656947338	0.02008330853912526	0.21139541803034811	AD
ENSG00000069399	1	11	-10	-0.16442735142441428	0.0589110383814341	0.23073490032728355	-0.17182386194584945	Control
ENSG00000128283	3	17	-14	-0.21542539766973856	0.19518000595060994	0.2994644451056233	-0.10428443915501337	Control
ENSG00000286846	10	51	-41	-0.5596622098256773	0.3635822671823862	0.5336209461469801	-0.1700386789645939	Control
ENSG00000118496	1	4	-3	-0.0751807704950968	0.0589110383814341	0.10874739660815233	-0.04983635822671823	Control
ENSG00000136141	3	41	-38	-0.5214136751416841	0.19518000595060994	0.4805117524546266	-0.2853317465040166	Control
ENSG00000104722	2	3	-1	-0.04968174737243468	0.1474263612020232	0.08196965188931865	0.06545670931270456	Control
ENSG00000166598	1	1	0	-0.03693223581110361	0.0589110383814341	0.02008330853912526	0.03882772984230884	Control
ENSG00000011304	3	39	-36	-0.49591465201902196	0.19518000595060994	0.470395715560845	-0.275215709610235	Control
ENSG00000101460	6	12	-6	-0.11342930517909	0.28711692948527223	0.24397500743826242	0.04314192204700981	Control
ENSG00000261971	1	13	-12	-0.1899263745470764	0.0589110383814341	0.25825647128830703	-0.19934543290687293	Control
ENSG00000269918	4	2	2	-0.011433212688441477	0.23147872656947338	0.05385301993454329	0.1776257066349301	AD
ENSG00000196628	5	22	-17	-0.25367393235373176	0.26152930675394226	0.3436477238916989	-0.08211841713775664	Control
ENSG00000102349	11	1	10	0.09056287980220706	0.377268670038679	0.02008330853912526	0.3571853614995537	AD
ENSG00000089472	4	16	-12	-0.1899263745470764	0.23147872656947338	0.2897947039571556	-0.05831597738768224	Control
ENSG00000265727	1	48	-47	-0.6361592791936637	0.0589110383814341	0.5177030645641179	-0.4587920261826838	Control
ENSG00000197608	13	76	-63	-0.8401514641749609	0.39764950907468016	0.6167807200238025	-0.2191312109491223	Control
ENSG00000223546	11	63	-52	-0.6999068370003191	0.377268670038679	0.5775066944361797	-0.20023802439750077	Control
ENSG00000101596	8	28	-20	-0.29192246703772495	0.33234156501041356	0.3931865516215412	-0.06084498661112764	Control
ENSG00000170604	3	5	-2	-0.06243125893376574	0.19518000595060994	0.13091341862540912	0.06426658732520082	Control
ENSG00000167522	1	7	-6	-0.11342930517909	0.0589110383814341	0.1716750966974115	-0.11276405831597738	Control
ENSG00000105552	8	19	-11	-0.17717686298574534	0.33234156501041356	0.31716750966974117	0.015174055340672399	Control
ENSG00000108829	9	4	5	0.02681532199555172	0.34811068134483786	0.10874739660815233	0.23936328473668553	AD
ENSG00000108298	3	11	-8	-0.13892832830175214	0.19518000595060994	0.23073490032728355	-0.03555489437667361	Control
ENSG00000149639	1	1	0	-0.03693223581110361	0.0589110383814341	0.02008330853912526	0.03882772984230884	Control
ENSG00000183172	15	18	-3	-0.0751807704950968	0.41594763463254986	0.30913418625409106	0.1068134483784588	Control
ENSG00000125691	2	5	-3	-0.0751807704950968	0.1474263612020232	0.13091341862540912	0.016512942576614092	Control
ENSG00000212747	33	22	11	0.10331239136353813	0.5322820589110384	0.3436477238916989	0.18863433501933952	AD
ENSG00000277954	1	7	-6	-0.11342930517909	0.0589110383814341	0.1716750966974115	-0.11276405831597738	Control
ENSG00000100883	4	2	2	-0.011433212688441477	0.23147872656947338	0.05385301993454329	0.1776257066349301	AD
ENSG00000095203	1	2	-1	-0.04968174737243468	0.0589110383814341	0.05385301993454329	0.0050580184468908065	Control
ENSG00000278041	6	6	0	-0.03693223581110361	0.28711692948527223	0.15233561440047605	0.13478131508479618	Control
ENSG00000130255	1	14	-13	-0.20267588610840748	0.0589110383814341	0.2704552216602202	-0.21154418327878607	Control
ENSG00000147140	1	1	0	-0.03693223581110361	0.0589110383814341	0.02008330853912526	0.03882772984230884	Control
ENSG00000215440	7	43	-36	-0.49591465201902196	0.3122582564712883	0.49375185956560547	-0.18149360309431717	Control
ENSG00000182916	10	35	-25	-0.3556700248443803	0.3635822671823862	0.44376673609044925	-0.08018446890806308	Control
ENSG00000123094	1	47	-46	-0.6234097676323327	0.0589110383814341	0.5127938113656649	-0.45388277298423085	Control
ENSG00000033327	4	29	-25	-0.3556700248443803	0.23147872656947338	0.40181493603094315	-0.17033620946146977	Control
ENSG00000147133	4	10	-6	-0.11342930517909	0.23147872656947338	0.216155905980363	0.015322820589110386	Control
ENSG00000138279	2	1	1	-0.024182724249772546	0.1474263612020232	0.02008330853912526	0.12734305266289794	AD
ENSG00000011332	2	10	-8	-0.13892832830175214	0.1474263612020232	0.216155905980363	-0.06872954477833979	Control
ENSG00000141759	15	52	-37	-0.508664163580353	0.41594763463254986	0.5391252603391847	-0.12317762570663487	Control
ENSG00000198185	11	30	-19	-0.27917295547639387	0.377268670038679	0.4089556679559655	-0.03168699791728652	Control
ENSG00000259358	3	30	-27	-0.38116904796704243	0.19518000595060994	0.4089556679559655	-0.21377566200535555	Control
ENSG00000131116	10	7	3	0.0013162988728895886	0.3635822671823862	0.1716750966974115	0.1919071704849747	AD
ENSG00000198604	2	10	-8	-0.13892832830175214	0.1474263612020232	0.216155905980363	-0.06872954477833979	Control
ENSG00000128989	6	69	-63	-0.8401514641749609	0.28711692948527223	0.597590002975305	-0.3104730734900327	Control
ENSG00000198354	4	9	-5	-0.10067979361775894	0.23147872656947338	0.2008330853912526	0.030645641178220773	Control
ENSG00000137843	3	6	-3	-0.0751807704950968	0.19518000595060994	0.15233561440047605	0.04284439155013389	Control
ENSG00000147041	4	12	-8	-0.13892832830175214	0.23147872656947338	0.24397500743826242	-0.01249628086878904	Control
ENSG00000120437	2	6	-4	-0.08793028205642787	0.1474263612020232	0.15233561440047605	-0.00490925319845284	Control
ENSG00000173548	5	28	-23	-0.33017100172171815	0.26152930675394226	0.3931865516215412	-0.13165724486759894	Control
ENSG00000270012	2	21	-19	-0.27917295547639387	0.1474263612020232	0.3333829217494793	-0.1859565605474561	Control
ENSG00000072864	4	16	-12	-0.1899263745470764	0.23147872656947338	0.2897947039571556	-0.05831597738768224	Control
ENSG00000159079	14	40	-26	-0.36841953640571135	0.40568283249033027	0.47560249925617376	-0.06991966676584349	Control
ENSG00000109861	7	48	-41	-0.5596622098256773	0.3122582564712883	0.5177030645641179	-0.20544480809282956	Control
ENSG00000144285	1	1	0	-0.03693223581110361	0.0589110383814341	0.02008330853912526	0.03882772984230884	Control
ENSG00000134049	4	1	3	0.0013162988728895886	0.23147872656947338	0.02008330853912526	0.21139541803034811	AD
ENSG00000060558	2	30	-28	-0.3939185595283735	0.1474263612020232	0.4089556679559655	-0.26152930675394226	Control
ENSG00000166432	4	24	-20	-0.29192246703772495	0.23147872656947338	0.3622433799464445	-0.13076465337697113	Control
ENSG00000107954	1	2	-1	-0.04968174737243468	0.0589110383814341	0.05385301993454329	0.0050580184468908065	Control
ENSG00000168961	1	6	-5	-0.10067979361775894	0.0589110383814341	0.15233561440047605	-0.09342457601904194	Control
ENSG00000154639	5	117	-112	-1.4648775306801831	0.26152930675394226	0.6969651889318655	-0.4354358821779233	Control
ENSG00000235903	3	12	-9	-0.1516778398630832	0.19518000595060994	0.24397500743826242	-0.04879500148765248	Control
ENSG00000236860	2	19	-17	-0.25367393235373176	0.1474263612020232	0.31716750966974117	-0.16974114846771796	Control
ENSG00000196664	2	13	-11	-0.17717686298574534	0.1474263612020232	0.25825647128830703	-0.11083011008628382	Control
ENSG00000161082	1	3	-2	-0.06243125893376574	0.0589110383814341	0.08196965188931865	-0.023058613507884552	Control
ENSG00000166710	2	3	-1	-0.04968174737243468	0.1474263612020232	0.08196965188931865	0.06545670931270456	Control
ENSG00000101473	1	42	-41	-0.5596622098256773	0.0589110383814341	0.4869086581374591	-0.427997619756025	Control
ENSG00000138622	2	3	-1	-0.04968174737243468	0.1474263612020232	0.08196965188931865	0.06545670931270456	Control
ENSG00000161551	4	28	-24	-0.34292051328304923	0.23147872656947338	0.3931865516215412	-0.16170782505206782	Control
ENSG00000105518	10	6	4	0.014065810434220656	0.3635822671823862	0.15233561440047605	0.21124665278191013	AD
ENSG00000227078	1	5	-4	-0.08793028205642787	0.0589110383814341	0.13091341862540912	-0.07200238024397501	Control
ENSG00000140538	3	5	-2	-0.06243125893376574	0.19518000595060994	0.13091341862540912	0.06426658732520082	Control
ENSG00000101558	2	5	-3	-0.0751807704950968	0.1474263612020232	0.13091341862540912	0.016512942576614092	Control
ENSG00000060237	1	25	-24	-0.34292051328304923	0.0589110383814341	0.37102052960428444	-0.31210949122285037	Control
ENSG00000269858	8	33	-25	-0.3556700248443803	0.33234156501041356	0.42784885450758703	-0.09550728949717346	Control
ENSG00000185515	15	10	5	0.02681532199555172	0.41594763463254986	0.216155905980363	0.19979172865218686	AD
ENSG00000100083	7	17	-10	-0.16442735142441428	0.3122582564712883	0.2994644451056233	0.012793811365664987	Control
ENSG00000226696	1	88	-87	-1.1461397416469066	0.0589110383814341	0.6460874739660816	-0.5871764355846475	Control
ENSG00000258469	2	61	-59	-0.7891534179296366	0.1474263612020232	0.5696221362689675	-0.4221957750669443	Control
ENSG00000173575	1	5	-4	-0.08793028205642787	0.0589110383814341	0.13091341862540912	-0.07200238024397501	Control
ENSG00000165417	1	3	-2	-0.06243125893376574	0.0589110383814341	0.08196965188931865	-0.023058613507884552	Control
ENSG00000196421	2	10	-8	-0.13892832830175214	0.1474263612020232	0.216155905980363	-0.06872954477833979	Control
ENSG00000140479	3	17	-14	-0.21542539766973856	0.19518000595060994	0.2994644451056233	-0.10428443915501337	Control
ENSG00000139746	2	6	-4	-0.08793028205642787	0.1474263612020232	0.15233561440047605	-0.00490925319845284	Control
ENSG00000234913	3	45	-42	-0.5724117213870084	0.19518000595060994	0.5038678964593871	-0.3086878905087772	Control
ENSG00000165406	1	2	-1	-0.04968174737243468	0.0589110383814341	0.05385301993454329	0.0050580184468908065	Control
ENSG00000170540	1	4	-3	-0.0751807704950968	0.0589110383814341	0.10874739660815233	-0.04983635822671823	Control
ENSG00000186318	1	3	-2	-0.06243125893376574	0.0589110383814341	0.08196965188931865	-0.023058613507884552	Control
ENSG00000124440	1	3	-2	-0.06243125893376574	0.0589110383814341	0.08196965188931865	-0.023058613507884552	Control
ENSG00000129493	1	33	-32	-0.44491660577369774	0.0589110383814341	0.42784885450758703	-0.36893781612615295	Control
ENSG00000165168	8	27	-19	-0.27917295547639387	0.33234156501041356	0.38381434096994943	-0.051472775959535866	Control
ENSG00000268401	2	9	-7	-0.12617881674042108	0.1474263612020232	0.2008330853912526	-0.0534067241892294	Control
ENSG00000056487	7	15	-8	-0.13892832830175214	0.3122582564712883	0.28072002380243977	0.03153823266884853	Control
ENSG00000120063	1	23	-22	-0.3174214901603871	0.0589110383814341	0.3534662302886046	-0.2945551919071705	Control
ENSG00000241769	1	10	-9	-0.1516778398630832	0.0589110383814341	0.216155905980363	-0.1572448675989289	Control
ENSG00000089009	1	1	0	-0.03693223581110361	0.0589110383814341	0.02008330853912526	0.03882772984230884	Control
ENSG00000074603	1	5	-4	-0.08793028205642787	0.0589110383814341	0.13091341862540912	-0.07200238024397501	Control
ENSG00000196767	2	1	1	-0.024182724249772546	0.1474263612020232	0.02008330853912526	0.12734305266289794	AD
ENSG00000086065	1	22	-21	-0.30467197859905604	0.0589110383814341	0.3436477238916989	-0.2847366855102648	Control
ENSG00000176593	3	13	-10	-0.16442735142441428	0.19518000595060994	0.25825647128830703	-0.06307646533769709	Control
ENSG00000090971	4	45	-41	-0.5596622098256773	0.23147872656947338	0.5038678964593871	-0.27238916988991374	Control
ENSG00000131828	13	34	-21	-0.30467197859905604	0.39764950907468016	0.43588217792323714	-0.03823266884855697	Control
ENSG00000279118	1	3	-2	-0.06243125893376574	0.0589110383814341	0.08196965188931865	-0.023058613507884552	Control
ENSG00000167315	1	1	0	-0.03693223581110361	0.0589110383814341	0.02008330853912526	0.03882772984230884	Control
ENSG00000236064	9	140	-131	-1.7071182503454732	0.34811068134483786	0.7299910740850937	-0.3818803927402558	Control
ENSG00000198727	1	1	0	-0.03693223581110361	0.0589110383814341	0.02008330853912526	0.03882772984230884	Control
ENSG00000103326	1	3	-2	-0.06243125893376574	0.0589110383814341	0.08196965188931865	-0.023058613507884552	Control
ENSG00000101132	2	5	-3	-0.0751807704950968	0.1474263612020232	0.13091341862540912	0.016512942576614092	Control
ENSG00000188647	1	15	-14	-0.21542539766973856	0.0589110383814341	0.28072002380243977	-0.22180898542100566	Control
ENSG00000101868	1	15	-14	-0.21542539766973856	0.0589110383814341	0.28072002380243977	-0.22180898542100566	Control
ENSG00000185823	2	22	-20	-0.29192246703772495	0.1474263612020232	0.3436477238916989	-0.1962213626896757	Control
ENSG00000102158	2	7	-5	-0.10067979361775894	0.1474263612020232	0.1716750966974115	-0.02424873549538828	Control
ENSG00000279281	1	9	-8	-0.13892832830175214	0.0589110383814341	0.2008330853912526	-0.1419220470098185	Control
ENSG00000142002	1	4	-3	-0.0751807704950968	0.0589110383814341	0.10874739660815233	-0.04983635822671823	Control
ENSG00000219665	7	4	3	0.0013162988728895886	0.3122582564712883	0.10874739660815233	0.20351085986313597	AD
ENSG00000075420	1	63	-62	-0.8274019526136298	0.0589110383814341	0.5775066944361797	-0.5185956560547457	Control
ENSG00000009830	3	8	-5	-0.10067979361775894	0.19518000595060994	0.18670038678964593	0.008479619160964014	Control
ENSG00000135473	2	7	-5	-0.10067979361775894	0.1474263612020232	0.1716750966974115	-0.02424873549538828	Control
ENSG00000261544	2	14	-12	-0.1899263745470764	0.1474263612020232	0.2704552216602202	-0.12302886045819697	Control
ENSG00000173480	3	1	2	-0.011433212688441477	0.19518000595060994	0.02008330853912526	0.17509669741148468	AD
ENSG00000196074	3	37	-34	-0.47041562889635985	0.19518000595060994	0.45745313894674206	-0.2622731329961321	Control
ENSG00000196865	1	1	0	-0.03693223581110361	0.0589110383814341	0.02008330853912526	0.03882772984230884	Control
ENSG00000085719	1	37	-36	-0.49591465201902196	0.0589110383814341	0.45745313894674206	-0.398542100565308	Control
ENSG00000269958	2	2	0	-0.03693223581110361	0.1474263612020232	0.05385301993454329	0.09357334126747992	Control
ENSG00000204472	1	15	-14	-0.21542539766973856	0.0589110383814341	0.28072002380243977	-0.22180898542100566	Control
ENSG00000110756	2	43	-41	-0.5596622098256773	0.1474263612020232	0.49375185956560547	-0.3463254983635823	Control
ENSG00000046651	4	11	-7	-0.12617881674042108	0.23147872656947338	0.23073490032728355	7.438262421898267e-4	Control
ENSG00000101843	7	13	-6	-0.11342930517909	0.3122582564712883	0.25825647128830703	0.054001785182981266	Control
ENSG00000134007	1	28	-27	-0.38116904796704243	0.0589110383814341	0.3931865516215412	-0.3342755132401071	Control
ENSG00000099954	3	12	-9	-0.1516778398630832	0.19518000595060994	0.24397500743826242	-0.04879500148765248	Control
ENSG00000178053	2	2	0	-0.03693223581110361	0.1474263612020232	0.05385301993454329	0.09357334126747992	Control
ENSG00000166794	1	2	-1	-0.04968174737243468	0.0589110383814341	0.05385301993454329	0.0050580184468908065	Control
ENSG00000139292	1	4	-3	-0.0751807704950968	0.0589110383814341	0.10874739660815233	-0.04983635822671823	Control
ENSG00000102385	3	4	-1	-0.04968174737243468	0.19518000595060994	0.10874739660815233	0.08643260934245761	Control
ENSG00000248015	2	1	1	-0.024182724249772546	0.1474263612020232	0.02008330853912526	0.12734305266289794	AD
ENSG00000163528	2	1	1	-0.024182724249772546	0.1474263612020232	0.02008330853912526	0.12734305266289794	AD
ENSG00000180263	1	7	-6	-0.11342930517909	0.0589110383814341	0.1716750966974115	-0.11276405831597738	Control
ENSG00000101901	1	3	-2	-0.06243125893376574	0.0589110383814341	0.08196965188931865	-0.023058613507884552	Control
ENSG00000134508	1	2	-1	-0.04968174737243468	0.0589110383814341	0.05385301993454329	0.0050580184468908065	Control
ENSG00000110958	3	10	-7	-0.12617881674042108	0.19518000595060994	0.216155905980363	-0.020975900029753053	Control
ENSG00000147400	3	6	-3	-0.0751807704950968	0.19518000595060994	0.15233561440047605	0.04284439155013389	Control
ENSG00000092054	1	1	0	-0.03693223581110361	0.0589110383814341	0.02008330853912526	0.03882772984230884	Control
ENSG00000184708	3	5	-2	-0.06243125893376574	0.19518000595060994	0.13091341862540912	0.06426658732520082	Control
ENSG00000159873	2	2	0	-0.03693223581110361	0.1474263612020232	0.05385301993454329	0.09357334126747992	Control
ENSG00000283236	4	51	-47	-0.6361592791936637	0.23147872656947338	0.5336209461469801	-0.3021422195775067	Control
ENSG00000245849	1	143	-142	-1.847362877520115	0.0589110383814341	0.7344540315382326	-0.6755429931567986	Control
ENSG00000279700	5	38	-33	-0.45766611733502877	0.26152930675394226	0.4639988098780125	-0.20246950312407025	Control
ENSG00000083845	3	5	-2	-0.06243125893376574	0.19518000595060994	0.13091341862540912	0.06426658732520082	Control
ENSG00000125863	4	8	-4	-0.08793028205642787	0.23147872656947338	0.18670038678964593	0.04477833977982745	Control
ENSG00000175489	2	36	-34	-0.47041562889635985	0.1474263612020232	0.4506099375185957	-0.30318357631657245	Control
ENSG00000273899	1	36	-35	-0.48316514045769093	0.0589110383814341	0.4506099375185957	-0.3916988991371616	Control
ENSG00000230922	2	21	-19	-0.27917295547639387	0.1474263612020232	0.3333829217494793	-0.1859565605474561	Control
ENSG00000167037	2	1	1	-0.024182724249772546	0.1474263612020232	0.02008330853912526	0.12734305266289794	AD
ENSG00000101363	8	66	-58	-0.7764039063683055	0.33234156501041356	0.588961618565903	-0.25662005355548945	Control
ENSG00000059377	2	23	-21	-0.30467197859905604	0.1474263612020232	0.3534662302886046	-0.20603986908658137	Control
ENSG00000155659	4	27	-23	-0.33017100172171815	0.23147872656947338	0.38381434096994943	-0.15233561440047605	Control
ENSG00000135365	2	9	-7	-0.12617881674042108	0.1474263612020232	0.2008330853912526	-0.0534067241892294	Control
ENSG00000104408	1	2	-1	-0.04968174737243468	0.0589110383814341	0.05385301993454329	0.0050580184468908065	Control
ENSG00000157110	1	14	-13	-0.20267588610840748	0.0589110383814341	0.2704552216602202	-0.21154418327878607	Control
ENSG00000120162	1	2	-1	-0.04968174737243468	0.0589110383814341	0.05385301993454329	0.0050580184468908065	Control
ENSG00000100503	1	4	-3	-0.0751807704950968	0.0589110383814341	0.10874739660815233	-0.04983635822671823	Control
ENSG00000011258	2	12	-10	-0.16442735142441428	0.1474263612020232	0.24397500743826242	-0.09654864623623921	Control
ENSG00000107362	1	12	-11	-0.17717686298574534	0.0589110383814341	0.24397500743826242	-0.18506396905682831	Control
ENSG00000280000	1	43	-42	-0.5724117213870084	0.0589110383814341	0.49375185956560547	-0.4348408211841714	Control
ENSG00000151208	2	49	-47	-0.6361592791936637	0.1474263612020232	0.5230586135078845	-0.3756322523058613	Control
ENSG00000187676	1	1	0	-0.03693223581110361	0.0589110383814341	0.02008330853912526	0.03882772984230884	Control
ENSG00000140839	1	3	-2	-0.06243125893376574	0.0589110383814341	0.08196965188931865	-0.023058613507884552	Control
ENSG00000099338	4	32	-28	-0.3939185595283735	0.23147872656947338	0.42100565307944066	-0.18952692650996728	Control
ENSG00000124215	3	4	-1	-0.04968174737243468	0.19518000595060994	0.10874739660815233	0.08643260934245761	Control
ENSG00000040199	1	4	-3	-0.0751807704950968	0.0589110383814341	0.10874739660815233	-0.04983635822671823	Control
ENSG00000266714	2	2	0	-0.03693223581110361	0.1474263612020232	0.05385301993454329	0.09357334126747992	Control
ENSG00000105246	1	18	-17	-0.25367393235373176	0.0589110383814341	0.30913418625409106	-0.250223147872657	Control
ENSG00000101546	3	39	-36	-0.49591465201902196	0.19518000595060994	0.470395715560845	-0.275215709610235	Control
ENSG00000100364	4	7	-3	-0.0751807704950968	0.23147872656947338	0.1716750966974115	0.05980362987206189	Control
ENSG00000170653	3	50	-47	-0.6361592791936637	0.19518000595060994	0.5284141624516513	-0.3332341565010414	Control
ENSG00000109846	1	1	0	-0.03693223581110361	0.0589110383814341	0.02008330853912526	0.03882772984230884	Control
ENSG00000189319	1	6	-5	-0.10067979361775894	0.0589110383814341	0.15233561440047605	-0.09342457601904194	Control
ENSG00000175305	1	14	-13	-0.20267588610840748	0.0589110383814341	0.2704552216602202	-0.21154418327878607	Control
ENSG00000225470	1	3	-2	-0.06243125893376574	0.0589110383814341	0.08196965188931865	-0.023058613507884552	Control
ENSG00000204272	1	3	-2	-0.06243125893376574	0.0589110383814341	0.08196965188931865	-0.023058613507884552	Control
ENSG00000166147	2	6	-4	-0.08793028205642787	0.1474263612020232	0.15233561440047605	-0.00490925319845284	Control
ENSG00000104549	1	3	-2	-0.06243125893376574	0.0589110383814341	0.08196965188931865	-0.023058613507884552	Control
ENSG00000176809	1	1	0	-0.03693223581110361	0.0589110383814341	0.02008330853912526	0.03882772984230884	Control
ENSG00000100321	2	3	-1	-0.04968174737243468	0.1474263612020232	0.08196965188931865	0.06545670931270456	Control
ENSG00000205702	2	28	-26	-0.36841953640571135	0.1474263612020232	0.3931865516215412	-0.245760190419518	Control
ENSG00000095066	1	4	-3	-0.0751807704950968	0.0589110383814341	0.10874739660815233	-0.04983635822671823	Control
ENSG00000087157	1	7	-6	-0.11342930517909	0.0589110383814341	0.1716750966974115	-0.11276405831597738	Control
ENSG00000123560	1	16	-15	-0.22817490923106962	0.0589110383814341	0.2897947039571556	-0.23088366557572151	Control
ENSG00000109971	1	1	0	-0.03693223581110361	0.0589110383814341	0.02008330853912526	0.03882772984230884	Control
ENSG00000173821	2	4	-2	-0.06243125893376574	0.1474263612020232	0.10874739660815233	0.03867896459387088	Control
ENSG00000066468	1	2	-1	-0.04968174737243468	0.0589110383814341	0.05385301993454329	0.0050580184468908065	Control
ENSG00000169184	3	30	-27	-0.38116904796704243	0.19518000595060994	0.4089556679559655	-0.21377566200535555	Control
ENSG00000141524	1	5	-4	-0.08793028205642787	0.0589110383814341	0.13091341862540912	-0.07200238024397501	Control
ENSG00000125484	1	1	0	-0.03693223581110361	0.0589110383814341	0.02008330853912526	0.03882772984230884	Control
ENSG00000166246	1	22	-21	-0.30467197859905604	0.0589110383814341	0.3436477238916989	-0.2847366855102648	Control
ENSG00000007392	1	136	-135	-1.7581162965907975	0.0589110383814341	0.7225528116631955	-0.6636417732817614	Control
ENSG00000234268	1	16	-15	-0.22817490923106962	0.0589110383814341	0.2897947039571556	-0.23088366557572151	Control
ENSG00000010610	1	42	-41	-0.5596622098256773	0.0589110383814341	0.4869086581374591	-0.427997619756025	Control
ENSG00000151338	1	8	-7	-0.12617881674042108	0.0589110383814341	0.18670038678964593	-0.12778934840821182	Control
ENSG00000183715	1	3	-2	-0.06243125893376574	0.0589110383814341	0.08196965188931865	-0.023058613507884552	Control
ENSG00000137876	2	2	0	-0.03693223581110361	0.1474263612020232	0.05385301993454329	0.09357334126747992	Control
ENSG00000214253	1	28	-27	-0.38116904796704243	0.0589110383814341	0.3931865516215412	-0.3342755132401071	Control
ENSG00000183864	1	4	-3	-0.0751807704950968	0.0589110383814341	0.10874739660815233	-0.04983635822671823	Control
ENSG00000177410	1	2	-1	-0.04968174737243468	0.0589110383814341	0.05385301993454329	0.0050580184468908065	Control
ENSG00000261324	1	4	-3	-0.0751807704950968	0.0589110383814341	0.10874739660815233	-0.04983635822671823	Control
ENSG00000184014	1	8	-7	-0.12617881674042108	0.0589110383814341	0.18670038678964593	-0.12778934840821182	Control
ENSG00000121417	1	11	-10	-0.16442735142441428	0.0589110383814341	0.23073490032728355	-0.17182386194584945	Control
ENSG00000168589	1	18	-17	-0.25367393235373176	0.0589110383814341	0.30913418625409106	-0.250223147872657	Control
ENSG00000286273	1	13	-12	-0.1899263745470764	0.0589110383814341	0.25825647128830703	-0.19934543290687293	Control
ENSG00000175970	1	3	-2	-0.06243125893376574	0.0589110383814341	0.08196965188931865	-0.023058613507884552	Control
ENSG00000266490	2	41	-39	-0.5341631867030152	0.1474263612020232	0.4805117524546266	-0.3330853912526034	Control
ENSG00000137806	1	5	-4	-0.08793028205642787	0.0589110383814341	0.13091341862540912	-0.07200238024397501	Control
ENSG00000105364	1	2	-1	-0.04968174737243468	0.0589110383814341	0.05385301993454329	0.0050580184468908065	Control
ENSG00000091317	1	22	-21	-0.30467197859905604	0.0589110383814341	0.3436477238916989	-0.2847366855102648	Control
ENSG00000198455	7	17	-10	-0.16442735142441428	0.3122582564712883	0.2994644451056233	0.012793811365664987	Control
ENSG00000180332	1	6	-5	-0.10067979361775894	0.0589110383814341	0.15233561440047605	-0.09342457601904194	Control
ENSG00000205268	1	26	-25	-0.3556700248443803	0.0589110383814341	0.3775662005355549	-0.3186551621541208	Control
ENSG00000127951	1	15	-14	-0.21542539766973856	0.0589110383814341	0.28072002380243977	-0.22180898542100566	Control
ENSG00000141519	1	21	-20	-0.29192246703772495	0.0589110383814341	0.3333829217494793	-0.27447188336804523	Control
ENSG00000271344	1	21	-20	-0.29192246703772495	0.0589110383814341	0.3333829217494793	-0.27447188336804523	Control
ENSG00000198780	1	1	0	-0.03693223581110361	0.0589110383814341	0.02008330853912526	0.03882772984230884	Control
ENSG00000168092	1	10	-9	-0.1516778398630832	0.0589110383814341	0.216155905980363	-0.1572448675989289	Control
ENSG00000267100	2	1	1	-0.024182724249772546	0.1474263612020232	0.02008330853912526	0.12734305266289794	AD
ENSG00000005206	2	2	0	-0.03693223581110361	0.1474263612020232	0.05385301993454329	0.09357334126747992	Control
ENSG00000267283	1	2	-1	-0.04968174737243468	0.0589110383814341	0.05385301993454329	0.0050580184468908065	Control
ENSG00000128159	1	1	0	-0.03693223581110361	0.0589110383814341	0.02008330853912526	0.03882772984230884	Control
ENSG00000172361	2	35	-33	-0.45766611733502877	0.1474263612020232	0.44376673609044925	-0.296340374888426	Control
ENSG00000110693	3	24	-21	-0.30467197859905604	0.19518000595060994	0.3622433799464445	-0.16706337399583457	Control
ENSG00000176105	2	20	-18	-0.26642344391506284	0.1474263612020232	0.3249033025885153	-0.1774769413864921	Control
ENSG00000101104	1	19	-18	-0.26642344391506284	0.0589110383814341	0.31716750966974117	-0.2582564712883071	Control
ENSG00000087253	1	4	-3	-0.0751807704950968	0.0589110383814341	0.10874739660815233	-0.04983635822671823	Control
ENSG00000069869	1	6	-5	-0.10067979361775894	0.0589110383814341	0.15233561440047605	-0.09342457601904194	Control
ENSG00000185684	1	12	-11	-0.17717686298574534	0.0589110383814341	0.24397500743826242	-0.18506396905682831	Control
ENSG00000050405	1	1	0	-0.03693223581110361	0.0589110383814341	0.02008330853912526	0.03882772984230884	Control
ENSG00000165410	1	2	-1	-0.04968174737243468	0.0589110383814341	0.05385301993454329	0.0050580184468908065	Control
ENSG00000220008	1	15	-14	-0.21542539766973856	0.0589110383814341	0.28072002380243977	-0.22180898542100566	Control
ENSG00000198728	1	35	-34	-0.47041562889635985	0.0589110383814341	0.44376673609044925	-0.3848556977090152	Control
ENSG00000226450	2	4	-2	-0.06243125893376574	0.1474263612020232	0.10874739660815233	0.03867896459387088	Control
ENSG00000104375	1	41	-40	-0.5469126982643463	0.0589110383814341	0.4805117524546266	-0.4216007140731925	Control
ENSG00000101361	1	1	0	-0.03693223581110361	0.0589110383814341	0.02008330853912526	0.03882772984230884	Control
ENSG00000279203	2	23	-21	-0.30467197859905604	0.1474263612020232	0.3534662302886046	-0.20603986908658137	Control
ENSG00000106617	1	2	-1	-0.04968174737243468	0.0589110383814341	0.05385301993454329	0.0050580184468908065	Control
ENSG00000172809	1	2	-1	-0.04968174737243468	0.0589110383814341	0.05385301993454329	0.0050580184468908065	Control
ENSG00000186350	1	11	-10	-0.16442735142441428	0.0589110383814341	0.23073490032728355	-0.17182386194584945	Control
ENSG00000051523	1	30	-29	-0.40666807108970454	0.0589110383814341	0.4089556679559655	-0.3500446295745314	Control
ENSG00000148700	1	10	-9	-0.1516778398630832	0.0589110383814341	0.216155905980363	-0.1572448675989289	Control
ENSG00000156639	1	9	-8	-0.13892832830175214	0.0589110383814341	0.2008330853912526	-0.1419220470098185	Control
ENSG00000133101	1	1	0	-0.03693223581110361	0.0589110383814341	0.02008330853912526	0.03882772984230884	Control
ENSG00000064393	2	5	-3	-0.0751807704950968	0.1474263612020232	0.13091341862540912	0.016512942576614092	Control
ENSG00000187954	1	4	-3	-0.0751807704950968	0.0589110383814341	0.10874739660815233	-0.04983635822671823	Control
ENSG00000110077	1	18	-17	-0.25367393235373176	0.0589110383814341	0.30913418625409106	-0.250223147872657	Control
ENSG00000279202	1	1	0	-0.03693223581110361	0.0589110383814341	0.02008330853912526	0.03882772984230884	Control
ENSG00000130559	2	6	-4	-0.08793028205642787	0.1474263612020232	0.15233561440047605	-0.00490925319845284	Control
ENSG00000135540	1	1	0	-0.03693223581110361	0.0589110383814341	0.02008330853912526	0.03882772984230884	Control
ENSG00000270069	1	13	-12	-0.1899263745470764	0.0589110383814341	0.25825647128830703	-0.19934543290687293	Control
ENSG00000260916	1	18	-17	-0.25367393235373176	0.0589110383814341	0.30913418625409106	-0.250223147872657	Control
ENSG00000112312	1	8	-7	-0.12617881674042108	0.0589110383814341	0.18670038678964593	-0.12778934840821182	Control
ENSG00000132612	1	6	-5	-0.10067979361775894	0.0589110383814341	0.15233561440047605	-0.09342457601904194	Control
ENSG00000177058	1	3	-2	-0.06243125893376574	0.0589110383814341	0.08196965188931865	-0.023058613507884552	Control
ENSG00000174547	1	1	0	-0.03693223581110361	0.0589110383814341	0.02008330853912526	0.03882772984230884	Control
ENSG00000284624	1	3	-2	-0.06243125893376574	0.0589110383814341	0.08196965188931865	-0.023058613507884552	Control
ENSG00000088340	1	9	-8	-0.13892832830175214	0.0589110383814341	0.2008330853912526	-0.1419220470098185	Control
ENSG00000196531	1	4	-3	-0.0751807704950968	0.0589110383814341	0.10874739660815233	-0.04983635822671823	Control
ENSG00000105939	1	12	-11	-0.17717686298574534	0.0589110383814341	0.24397500743826242	-0.18506396905682831	Control
ENSG00000141503	2	21	-19	-0.27917295547639387	0.1474263612020232	0.3333829217494793	-0.1859565605474561	Control
ENSG00000089195	1	5	-4	-0.08793028205642787	0.0589110383814341	0.13091341862540912	-0.07200238024397501	Control
ENSG00000154263	1	10	-9	-0.1516778398630832	0.0589110383814341	0.216155905980363	-0.1572448675989289	Control
ENSG00000262188	2	3	-1	-0.04968174737243468	0.1474263612020232	0.08196965188931865	0.06545670931270456	Control
ENSG00000100028	1	15	-14	-0.21542539766973856	0.0589110383814341	0.28072002380243977	-0.22180898542100566	Control
ENSG00000284428	1	28	-27	-0.38116904796704243	0.0589110383814341	0.3931865516215412	-0.3342755132401071	Control
ENSG00000111110	1	9	-8	-0.13892832830175214	0.0589110383814341	0.2008330853912526	-0.1419220470098185	Control
ENSG00000164675	1	10	-9	-0.1516778398630832	0.0589110383814341	0.216155905980363	-0.1572448675989289	Control
ENSG00000155465	1	38	-37	-0.508664163580353	0.0589110383814341	0.4639988098780125	-0.40508777149657843	Control
ENSG00000130702	1	2	-1	-0.04968174737243468	0.0589110383814341	0.05385301993454329	0.0050580184468908065	Control
ENSG00000158623	1	24	-23	-0.33017100172171815	0.0589110383814341	0.3622433799464445	-0.30333234156501043	Control
ENSG00000262691	1	21	-20	-0.29192246703772495	0.0589110383814341	0.3333829217494793	-0.27447188336804523	Control
ENSG00000141425	1	6	-5	-0.10067979361775894	0.0589110383814341	0.15233561440047605	-0.09342457601904194	Control
ENSG00000141664	1	1	0	-0.03693223581110361	0.0589110383814341	0.02008330853912526	0.03882772984230884	Control
ENSG00000253347	1	8	-7	-0.12617881674042108	0.0589110383814341	0.18670038678964593	-0.12778934840821182	Control
ENSG00000112539	1	19	-18	-0.26642344391506284	0.0589110383814341	0.31716750966974117	-0.2582564712883071	Control
ENSG00000138629	2	7	-5	-0.10067979361775894	0.1474263612020232	0.1716750966974115	-0.02424873549538828	Control
ENSG00000188234	1	36	-35	-0.48316514045769093	0.0589110383814341	0.4506099375185957	-0.3916988991371616	Control
ENSG00000158423	1	27	-26	-0.36841953640571135	0.0589110383814341	0.38381434096994943	-0.32490330258851535	Control
ENSG00000147036	1	2	-1	-0.04968174737243468	0.0589110383814341	0.05385301993454329	0.0050580184468908065	Control
ENSG00000198740	1	5	-4	-0.08793028205642787	0.0589110383814341	0.13091341862540912	-0.07200238024397501	Control
ENSG00000179950	1	12	-11	-0.17717686298574534	0.0589110383814341	0.24397500743826242	-0.18506396905682831	Control
ENSG00000160188	1	2	-1	-0.04968174737243468	0.0589110383814341	0.05385301993454329	0.0050580184468908065	Control
ENSG00000107249	1	15	-14	-0.21542539766973856	0.0589110383814341	0.28072002380243977	-0.22180898542100566	Control
ENSG00000267838	1	49	-48	-0.6489087907549947	0.0589110383814341	0.5230586135078845	-0.46414757512645044	Control
ENSG00000100167	1	11	-10	-0.16442735142441428	0.0589110383814341	0.23073490032728355	-0.17182386194584945	Control
ENSG00000213997	1	2	-1	-0.04968174737243468	0.0589110383814341	0.05385301993454329	0.0050580184468908065	Control
ENSG00000130962	2	10	-8	-0.13892832830175214	0.1474263612020232	0.216155905980363	-0.06872954477833979	Control
ENSG00000122008	1	23	-22	-0.3174214901603871	0.0589110383814341	0.3534662302886046	-0.2945551919071705	Control
ENSG00000166387	1	10	-9	-0.1516778398630832	0.0589110383814341	0.216155905980363	-0.1572448675989289	Control
ENSG00000138434	1	47	-46	-0.6234097676323327	0.0589110383814341	0.5127938113656649	-0.45388277298423085	Control
ENSG00000151929	1	3	-2	-0.06243125893376574	0.0589110383814341	0.08196965188931865	-0.023058613507884552	Control
ENSG00000179698	1	17	-16	-0.2409244207924007	0.0589110383814341	0.2994644451056233	-0.2405534067241892	Control
ENSG00000213719	1	32	-31	-0.43216709421236665	0.0589110383814341	0.42100565307944066	-0.3620946146980066	Control
ENSG00000164430	1	2	-1	-0.04968174737243468	0.0589110383814341	0.05385301993454329	0.0050580184468908065	Control
ENSG00000173926	1	14	-13	-0.20267588610840748	0.0589110383814341	0.2704552216602202	-0.21154418327878607	Control
ENSG00000080839	1	8	-7	-0.12617881674042108	0.0589110383814341	0.18670038678964593	-0.12778934840821182	Control
ENSG00000176463	1	11	-10	-0.16442735142441428	0.0589110383814341	0.23073490032728355	-0.17182386194584945	Control
ENSG00000149231	1	9	-8	-0.13892832830175214	0.0589110383814341	0.2008330853912526	-0.1419220470098185	Control
ENSG00000125247	1	13	-12	-0.1899263745470764	0.0589110383814341	0.25825647128830703	-0.19934543290687293	Control
ENSG00000229807	1	1	0	-0.03693223581110361	0.0589110383814341	0.02008330853912526	0.03882772984230884	Control
ENSG00000185433	1	5	-4	-0.08793028205642787	0.0589110383814341	0.13091341862540912	-0.07200238024397501	Control
ENSG00000279020	1	42	-41	-0.5596622098256773	0.0589110383814341	0.4869086581374591	-0.427997619756025	Control
