gene	AD	CTL
ENSG00000271569	17	4
ENSG00000234956	73	5
ENSG00000106341	153	160
ENSG00000178538	147	138
ENSG00000248302	16	6
ENSG00000157404	93	171
ENSG00000248485	87	162
ENSG00000168439	326	34
ENSG00000128683	171	243
ENSG00000138741	170	148
ENSG00000086061	352	31
ENSG00000150995	160	170
ENSG00000204389	45	3
ENSG00000233730	14	3
ENSG00000127951	149	156
ENSG00000180573	420	21
ENSG00000159189	55	42
ENSG00000162494	69	128
ENSG00000220323	14	58
ENSG00000204390	386	9
ENSG00000224203	16	2
ENSG00000116161	116	25
ENSG00000104327	155	168
ENSG00000169435	13	3
ENSG00000246541	15	6
ENSG00000164362	15	4
ENSG00000150361	167	160
ENSG00000156113	167	185
ENSG00000224521	12	2
ENSG00000169213	81	165
ENSG00000163932	144	211
ENSG00000224387	1	1
ENSG00000179626	16	4
ENSG00000107518	157	154
ENSG00000196277	153	156
ENSG00000126583	172	186
ENSG00000119227	647	2
ENSG00000244734	2	3
ENSG00000053108	118	198
ENSG00000163220	6	NA
ENSG00000148341	511	8
ENSG00000180828	78	145
ENSG00000143157	87	16
ENSG00000074370	143	135
ENSG00000136750	149	241
ENSG00000172731	571	48
ENSG00000122012	120	143
ENSG00000136942	91	78
ENSG00000110172	224	4
ENSG00000110675	158	137
ENSG00000145882	814	41
ENSG00000158373	212	15
ENSG00000004478	232	36
ENSG00000109452	77	160
ENSG00000132677	309	9
ENSG00000080644	158	229
ENSG00000269113	134	112
ENSG00000173372	42	32
ENSG00000144199	634	5
ENSG00000182899	79	75
ENSG00000198300	112	562
ENSG00000075891	27	121
ENSG00000113805	132	84
ENSG00000136153	126	74
ENSG00000284640	364	237
ENSG00000156395	75	119
ENSG00000151136	84	162
ENSG00000136367	63	153
ENSG00000105993	164	57
ENSG00000142149	162	185
ENSG00000162244	95	16
ENSG00000109107	127	113
ENSG00000270441	499	6
ENSG00000204388	32	7
ENSG00000112218	135	142
ENSG00000251148	200	168
ENSG00000087116	54	140
ENSG00000008196	85	160
ENSG00000175445	149	212
ENSG00000187957	146	188
ENSG00000215475	138	228
ENSG00000158062	590	21
ENSG00000151693	105	367
ENSG00000183036	117	101
ENSG00000187595	142	114
ENSG00000186364	555	36
ENSG00000105143	150	104
ENSG00000222724	12	NA
ENSG00000182578	48	74
ENSG00000105193	71	107
ENSG00000280152	133	22
ENSG00000002822	190	134
ENSG00000158089	71	129
ENSG00000143793	485	41
ENSG00000204335	62	133
ENSG00000071082	74	13
ENSG00000170899	447	28
ENSG00000178172	100	61
ENSG00000176236	716	7
ENSG00000161381	150	132
ENSG00000122367	56	3
ENSG00000051128	137	148
ENSG00000117600	126	133
ENSG00000144029	388	81
ENSG00000166250	171	236
ENSG00000100591	279	31
ENSG00000155052	80	161
ENSG00000148057	650	54
ENSG00000120694	144	8
ENSG00000232859	453	35
ENSG00000114383	54	237
ENSG00000181016	420	29
ENSG00000276445	409	259
ENSG00000148303	81	35
ENSG00000267304	166	152
ENSG00000145386	617	55
ENSG00000189030	479	38
ENSG00000137203	106	174
ENSG00000165973	141	198
ENSG00000005700	522	14
ENSG00000145242	117	147
ENSG00000138028	261	84
ENSG00000163596	230	2
ENSG00000157005	56	NA
ENSG00000105372	81	78
ENSG00000125691	86	17
ENSG00000171863	59	50
ENSG00000138380	456	74
ENSG00000196900	493	7
ENSG00000257989	14	6
ENSG00000227719	347	5
ENSG00000185129	96	293
ENSG00000114902	348	12
ENSG00000150773	546	14
ENSG00000233695	157	134
ENSG00000112208	409	8
ENSG00000273113	407	131
ENSG00000006283	126	134
ENSG00000236164	57	5
ENSG00000089116	104	154
ENSG00000135253	306	5
ENSG00000128245	111	97
ENSG00000140694	407	22
ENSG00000163320	390	20
ENSG00000163577	132	201
ENSG00000276867	501	NA
ENSG00000188747	732	26
ENSG00000143119	50	69
ENSG00000163141	519	81
ENSG00000170606	85	12
ENSG00000258674	253	137
ENSG00000204655	24	26
ENSG00000257135	573	62
ENSG00000140557	119	55
ENSG00000231208	170	106
ENSG00000124074	565	10
ENSG00000273079	72	171
ENSG00000204849	13	5
ENSG00000184678	27	NA
ENSG00000270240	382	111
ENSG00000247950	419	NA
ENSG00000177352	366	118
ENSG00000280537	473	4
ENSG00000144504	411	6
ENSG00000258959	58	2
ENSG00000081320	113	81
ENSG00000164587	82	33
ENSG00000158406	457	NA
ENSG00000272899	390	1
ENSG00000106261	572	6
ENSG00000151729	89	257
ENSG00000100362	148	112
ENSG00000232109	17	5
ENSG00000173482	134	114
ENSG00000145050	14	4
ENSG00000274184	320	139
ENSG00000165970	49	113
ENSG00000119866	95	33
ENSG00000171109	427	4
ENSG00000125841	611	37
ENSG00000204228	520	5
ENSG00000162755	399	5
ENSG00000144713	73	98
ENSG00000109618	549	7
ENSG00000198185	334	6
ENSG00000219159	47	NA
ENSG00000173295	654	2
ENSG00000105967	35	33
ENSG00000006116	41	94
ENSG00000003147	571	37
ENSG00000231500	74	4
ENSG00000279727	474	13
ENSG00000115234	440	188
ENSG00000084073	137	NA
ENSG00000144152	24	2
ENSG00000204434	9	NA
ENSG00000136699	435	12
ENSG00000168538	391	NA
ENSG00000106692	408	9
ENSG00000185504	665	92
ENSG00000155660	29	4
ENSG00000279774	458	21
ENSG00000279207	208	NA
ENSG00000127481	25	29
ENSG00000143507	129	211
ENSG00000140995	419	10
ENSG00000063177	68	61
ENSG00000280776	58	102
ENSG00000177954	66	18
ENSG00000129355	63	100
ENSG00000080854	157	113
ENSG00000010318	368	26
ENSG00000142937	79	11
ENSG00000119523	402	7
ENSG00000035687	403	139
ENSG00000138378	132	189
ENSG00000197756	61	103
ENSG00000166169	623	2
ENSG00000286389	495	43
ENSG00000136877	551	19
ENSG00000171723	241	40
ENSG00000226390	215	180
ENSG00000140044	580	24
ENSG00000149806	73	73
ENSG00000099622	701	27
ENSG00000168005	254	15
ENSG00000114812	260	NA
ENSG00000188981	354	30
ENSG00000077616	243	NA
ENSG00000010256	56	122
ENSG00000059588	247	66
ENSG00000227128	68	119
ENSG00000172292	142	375
ENSG00000154832	246	10
ENSG00000164073	362	9
ENSG00000174529	357	105
ENSG00000171189	157	131
ENSG00000213700	323	70
ENSG00000169599	294	22
ENSG00000272744	325	53
ENSG00000162735	365	17
ENSG00000111912	95	252
ENSG00000168314	3	7
ENSG00000198931	563	40
ENSG00000183023	99	164
ENSG00000167526	81	4
ENSG00000152102	99	255
ENSG00000105855	118	158
ENSG00000261226	133	18
ENSG00000154174	41	166
ENSG00000167264	420	46
ENSG00000198932	57	332
ENSG00000165323	51	133
ENSG00000087152	69	128
ENSG00000267610	174	91
ENSG00000144820	7	4
ENSG00000007255	419	22
ENSG00000119688	341	13
ENSG00000188811	340	1
ENSG00000142676	70	63
ENSG00000272597	154	234
ENSG00000095787	260	8
ENSG00000228723	172	81
ENSG00000145681	15	48
ENSG00000133059	143	269
ENSG00000175575	403	58
ENSG00000172765	353	40
ENSG00000162231	213	3
ENSG00000121680	327	68
ENSG00000083845	92	22
ENSG00000048707	11	16
ENSG00000068383	103	130
ENSG00000132356	433	9
ENSG00000280157	446	29
ENSG00000231584	260	14
ENSG00000143199	332	40
ENSG00000222640	490	8
ENSG00000146453	545	1
ENSG00000138136	49	122
ENSG00000173267	102	104
ENSG00000136518	419	20
ENSG00000260412	1	NA
ENSG00000229727	111	1
ENSG00000116539	96	298
ENSG00000178403	50	87
ENSG00000100422	145	174
ENSG00000004838	271	24
ENSG00000110786	91	182
ENSG00000150753	91	26
ENSG00000196428	54	3
ENSG00000215474	117	69
ENSG00000105613	573	69
ENSG00000157895	429	161
ENSG00000125779	315	NA
ENSG00000149476	485	85
ENSG00000164331	358	8
ENSG00000138081	72	228
ENSG00000285796	461	23
ENSG00000142534	78	41
ENSG00000099957	59	NA
ENSG00000176209	185	10
ENSG00000235888	360	6
ENSG00000239306	142	7
ENSG00000198763	10	232
ENSG00000259291	433	1
ENSG00000260198	223	173
ENSG00000196367	55	2
ENSG00000143514	80	133
ENSG00000151470	309	NA
ENSG00000116984	477	1
ENSG00000143947	54	3
ENSG00000133424	163	161
ENSG00000112739	189	4
ENSG00000118181	76	23
ENSG00000166170	99	218
ENSG00000159761	492	9
ENSG00000157765	348	5
ENSG00000259943	410	14
ENSG00000188779	112	241
ENSG00000129691	471	56
ENSG00000284773	347	17
ENSG00000166166	207	1
ENSG00000089250	75	171
ENSG00000184524	162	80
ENSG00000156687	124	226
ENSG00000148175	98	105
ENSG00000203896	388	213
ENSG00000145016	176	13
ENSG00000115073	270	38
ENSG00000112667	311	1
ENSG00000162241	640	13
ENSG00000251442	68	4
ENSG00000144136	113	105
ENSG00000167515	332	45
ENSG00000128731	13	14
ENSG00000166441	61	22
ENSG00000090060	518	127
ENSG00000287310	312	15
ENSG00000196668	529	8
ENSG00000133884	521	15
ENSG00000177311	145	74
ENSG00000116350	32	38
ENSG00000070495	513	58
ENSG00000155463	350	39
ENSG00000099942	150	87
ENSG00000111652	114	148
ENSG00000184508	483	51
ENSG00000127419	216	27
ENSG00000074317	108	50
ENSG00000147889	80	6
ENSG00000134248	44	96
ENSG00000139971	103	211
ENSG00000239218	151	NA
ENSG00000187961	253	6
ENSG00000130783	389	13
ENSG00000254635	416	31
ENSG00000131446	95	15
ENSG00000166448	76	183
ENSG00000250903	294	13
ENSG00000157800	150	NA
ENSG00000197077	74	119
ENSG00000160551	82	177
ENSG00000116132	80	103
ENSG00000138073	125	84
ENSG00000113240	285	4
ENSG00000251595	308	59
ENSG00000187531	556	6
ENSG00000184432	52	407
ENSG00000270379	167	NA
ENSG00000088543	324	109
ENSG00000177646	385	4
ENSG00000287895	312	29
ENSG00000116729	110	137
ENSG00000127125	253	35
ENSG00000197430	30	NA
ENSG00000152208	111	55
ENSG00000119844	136	58
ENSG00000110321	158	62
ENSG00000180549	224	45
ENSG00000260417	117	133
ENSG00000279700	78	105
ENSG00000157077	97	480
ENSG00000175063	419	NA
ENSG00000281332	332	8
ENSG00000246100	569	34
ENSG00000280138	190	126
ENSG00000181163	57	NA
ENSG00000165102	236	29
ENSG00000162616	128	26
ENSG00000279412	119	117
ENSG00000259125	172	152
ENSG00000142959	346	126
ENSG00000228801	552	12
ENSG00000080561	106	353
ENSG00000116353	365	95
ENSG00000267169	168	100
ENSG00000162511	36	67
ENSG00000260490	450	7
ENSG00000138613	85	4
ENSG00000050426	423	40
ENSG00000141551	95	7
ENSG00000267098	128	139
ENSG00000275835	500	147
ENSG00000148634	289	343
ENSG00000259488	564	25
ENSG00000080189	472	NA
ENSG00000146054	1	NA
ENSG00000184436	343	46
ENSG00000204839	12	28
ENSG00000113387	32	6
ENSG00000163626	378	19
ENSG00000213190	28	60
ENSG00000249852	105	103
ENSG00000245156	412	3
ENSG00000287356	185	4
ENSG00000100889	232	13
ENSG00000131469	81	40
ENSG00000224411	87	2
ENSG00000187954	398	25
ENSG00000273487	139	89
ENSG00000214694	84	54
ENSG00000221843	123	177
ENSG00000170473	155	20
ENSG00000136167	104	35
ENSG00000151876	431	24
ENSG00000277734	90	166
ENSG00000147475	27	20
ENSG00000101438	173	286
ENSG00000067221	308	39
ENSG00000122678	354	3
ENSG00000090615	403	32
ENSG00000177463	64	242
ENSG00000158615	116	15
ENSG00000231362	113	38
ENSG00000143314	122	NA
ENSG00000147604	62	NA
ENSG00000158710	14	13
ENSG00000224525	102	41
ENSG00000114942	55	NA
ENSG00000253767	74	7
ENSG00000145425	35	3
ENSG00000159592	220	69
ENSG00000069849	139	12
ENSG00000286064	60	NA
ENSG00000168101	224	1
ENSG00000176261	107	61
ENSG00000231304	360	1
ENSG00000179562	11	37
ENSG00000170214	62	120
ENSG00000152784	68	138
ENSG00000115415	269	12
ENSG00000167113	343	13
ENSG00000154065	140	53
ENSG00000250366	62	115
ENSG00000173120	45	21
ENSG00000176753	483	30
ENSG00000006015	531	14
ENSG00000181754	56	550
ENSG00000243232	53	502
ENSG00000170500	64	164
ENSG00000044574	25	5
ENSG00000158882	155	257
ENSG00000137693	112	178
ENSG00000279196	307	154
ENSG00000115884	113	63
ENSG00000115419	148	4
ENSG00000120907	35	103
ENSG00000127588	109	112
ENSG00000231057	6	3
ENSG00000104447	122	201
ENSG00000148158	75	177
ENSG00000135049	363	34
ENSG00000089157	94	10
ENSG00000266711	106	180
ENSG00000135913	87	276
ENSG00000244968	356	1
ENSG00000108298	75	45
ENSG00000274290	122	NA
ENSG00000232931	67	9
ENSG00000251095	311	NA
ENSG00000277283	446	28
ENSG00000163050	170	10
ENSG00000082898	228	5
ENSG00000182810	147	190
ENSG00000031081	82	173
ENSG00000287866	193	155
ENSG00000196199	286	51
ENSG00000138036	190	28
ENSG00000072954	116	52
ENSG00000005889	4	13
ENSG00000175497	74	60
ENSG00000241014	371	2
ENSG00000245556	484	2
ENSG00000114391	38	109
ENSG00000286871	49	37
ENSG00000104381	398	22
ENSG00000134283	220	NA
ENSG00000160172	439	1
ENSG00000180525	190	204
ENSG00000122548	268	3
ENSG00000107651	218	9
ENSG00000117480	279	NA
ENSG00000134294	152	10
ENSG00000177272	72	118
ENSG00000111711	26	1
ENSG00000214226	287	12
ENSG00000196482	65	163
ENSG00000134575	375	41
ENSG00000198146	120	362
ENSG00000226696	363	1
ENSG00000285410	272	17
ENSG00000196177	251	34
ENSG00000287623	151	18
ENSG00000125952	175	107
ENSG00000198198	40	97
ENSG00000137200	360	8
ENSG00000136404	106	146
ENSG00000126432	50	39
ENSG00000222046	34	32
ENSG00000077232	312	20
ENSG00000163214	172	NA
ENSG00000278737	113	234
ENSG00000163257	334	7
ENSG00000109436	79	258
ENSG00000099290	57	45
ENSG00000134569	87	98
ENSG00000132963	32	43
ENSG00000267940	77	216
ENSG00000171617	62	162
ENSG00000152661	75	99
ENSG00000129071	285	18
ENSG00000138696	110	200
ENSG00000123349	75	65
ENSG00000168016	309	1
ENSG00000233602	120	53
ENSG00000015520	235	19
ENSG00000112335	45	1
ENSG00000260992	267	11
ENSG00000145725	229	NA
ENSG00000174145	95	181
ENSG00000171132	79	281
ENSG00000091482	151	142
ENSG00000115657	224	6
ENSG00000140548	223	NA
ENSG00000173421	196	33
ENSG00000141552	14	60
ENSG00000273151	232	8
ENSG00000121892	281	17
ENSG00000016402	82	39
ENSG00000143702	54	21
ENSG00000137040	215	13
ENSG00000273472	78	214
ENSG00000205100	21	NA
ENSG00000163714	104	1
ENSG00000203709	76	4
ENSG00000152359	254	1
ENSG00000274356	253	1
ENSG00000118246	292	4
ENSG00000167778	179	305
ENSG00000255585	40	38
ENSG00000173083	85	64
ENSG00000019582	32	63
ENSG00000165915	321	2
ENSG00000277301	138	60
ENSG00000227929	163	98
ENSG00000172382	334	41
ENSG00000132382	429	139
ENSG00000232057	66	37
ENSG00000236814	187	41
ENSG00000280231	100	NA
ENSG00000279641	603	NA
ENSG00000134532	70	128
ENSG00000116096	149	1
ENSG00000173320	71	314
ENSG00000230825	294	NA
ENSG00000260418	69	380
ENSG00000114956	23	40
ENSG00000265905	7	2
ENSG00000271806	205	205
ENSG00000173991	430	156
ENSG00000203705	507	5
ENSG00000075188	187	NA
ENSG00000156486	109	200
ENSG00000112306	66	10
ENSG00000112695	24	18
ENSG00000160703	252	1
ENSG00000138614	211	29
ENSG00000094804	254	NA
ENSG00000183155	40	66
ENSG00000284977	94	37
ENSG00000174796	205	NA
ENSG00000083857	36	78
ENSG00000169962	175	16
ENSG00000109919	405	75
ENSG00000205981	141	1
ENSG00000100749	219	1
ENSG00000100577	249	NA
ENSG00000177427	194	288
ENSG00000271781	136	40
ENSG00000014641	16	36
ENSG00000141480	304	12
ENSG00000130559	105	112
ENSG00000249848	141	105
ENSG00000123453	14	14
ENSG00000189007	124	3
ENSG00000120727	57	328
ENSG00000284747	341	5
ENSG00000159322	193	14
ENSG00000177119	91	135
ENSG00000117305	119	1
ENSG00000205334	369	5
ENSG00000278727	331	31
ENSG00000174738	141	58
ENSG00000253641	10	NA
ENSG00000254986	219	15
ENSG00000204628	39	44
ENSG00000137825	82	56
ENSG00000165533	378	45
ENSG00000236279	103	108
ENSG00000143127	197	NA
ENSG00000279283	80	124
ENSG00000104960	578	49
ENSG00000170835	328	112
ENSG00000110700	58	26
ENSG00000148481	314	23
ENSG00000230929	289	1
ENSG00000119787	97	48
ENSG00000171792	206	34
ENSG00000170681	198	1
ENSG00000112406	256	NA
ENSG00000135341	253	3
ENSG00000153487	52	18
ENSG00000226690	43	3
ENSG00000141579	178	186
ENSG00000106804	290	25
ENSG00000168453	145	2
ENSG00000253304	121	145
ENSG00000166851	342	53
ENSG00000103707	314	15
ENSG00000117362	111	NA
ENSG00000101624	108	83
ENSG00000138326	54	12
ENSG00000287771	8	5
ENSG00000084731	94	162
ENSG00000279071	88	112
ENSG00000156521	269	NA
ENSG00000138279	227	8
ENSG00000205488	93	25
ENSG00000177600	50	64
ENSG00000093167	40	34
ENSG00000137815	309	89
ENSG00000163558	50	8
ENSG00000259706	91	NA
ENSG00000134516	35	57
ENSG00000230715	2	1
ENSG00000172380	117	118
ENSG00000171790	247	9
ENSG00000230910	395	33
ENSG00000107099	31	61
ENSG00000056097	109	1
ENSG00000142541	69	49
ENSG00000258135	343	1
ENSG00000136960	18	19
ENSG00000268996	332	57
ENSG00000174695	115	157
ENSG00000237017	117	32
ENSG00000241560	83	2
ENSG00000196569	59	115
ENSG00000188910	52	78
ENSG00000127191	93	13
ENSG00000272217	245	104
ENSG00000221944	326	1
ENSG00000181195	1	NA
ENSG00000081791	199	NA
ENSG00000016864	209	NA
ENSG00000226200	296	30
ENSG00000063244	435	28
ENSG00000143575	54	NA
ENSG00000175040	118	137
ENSG00000122406	57	40
ENSG00000117758	219	1
ENSG00000173442	297	3
ENSG00000162669	341	NA
ENSG00000135824	73	74
ENSG00000235885	240	NA
ENSG00000120645	297	NA
ENSG00000137936	66	88
ENSG00000137075	77	9
ENSG00000205500	121	145
ENSG00000176390	4	75
ENSG00000172663	273	8
ENSG00000162378	60	101
ENSG00000109332	94	10
ENSG00000269439	122	10
ENSG00000272106	177	43
ENSG00000171962	167	1
ENSG00000286707	281	47
ENSG00000138315	428	4
ENSG00000099960	306	135
ENSG00000154229	101	182
ENSG00000104879	434	5
ENSG00000147437	85	186
ENSG00000243156	84	10
ENSG00000285548	37	71
ENSG00000151892	78	40
ENSG00000259224	53	6
ENSG00000153208	48	109
ENSG00000237848	237	NA
ENSG00000147224	58	410
ENSG00000159596	289	NA
ENSG00000197322	272	39
ENSG00000115762	29	162
ENSG00000166189	36	271
ENSG00000145451	118	71
ENSG00000227487	101	111
ENSG00000151834	12	71
ENSG00000204130	155	NA
ENSG00000160255	45	68
ENSG00000261087	32	190
ENSG00000171385	104	224
ENSG00000172809	62	21
ENSG00000167861	135	6
ENSG00000128271	624	31
ENSG00000063322	482	NA
ENSG00000230124	6	7
ENSG00000248719	41	150
ENSG00000273802	97	2
ENSG00000148672	31	55
ENSG00000181929	208	12
ENSG00000155850	115	NA
ENSG00000138029	57	66
ENSG00000143870	107	33
ENSG00000249307	18	3
ENSG00000163285	89	160
ENSG00000108256	205	42
ENSG00000118729	46	51
ENSG00000081177	330	8
ENSG00000229589	20	9
ENSG00000160161	318	NA
ENSG00000168002	210	2
ENSG00000205740	110	3
ENSG00000233196	152	225
ENSG00000102409	5	49
ENSG00000111961	71	125
ENSG00000258730	179	143
ENSG00000119723	243	44
ENSG00000163602	234	1
ENSG00000083123	55	3
ENSG00000132305	20	7
ENSG00000176986	29	97
ENSG00000196652	242	NA
ENSG00000163468	42	14
ENSG00000123505	86	60
ENSG00000146535	53	129
ENSG00000182400	69	450
ENSG00000170989	92	200
ENSG00000147677	40	5
ENSG00000273319	97	249
ENSG00000226763	132	18
ENSG00000213212	127	128
ENSG00000184117	92	298
ENSG00000163297	44	51
ENSG00000182208	291	35
ENSG00000138095	34	8
ENSG00000142528	51	61
ENSG00000287720	246	11
ENSG00000272631	329	4
ENSG00000260743	282	NA
ENSG00000182873	51	80
ENSG00000133619	192	NA
ENSG00000061987	189	NA
ENSG00000183495	113	99
ENSG00000108107	59	100
ENSG00000008988	28	145
ENSG00000123975	50	NA
ENSG00000127054	215	29
ENSG00000231312	338	NA
ENSG00000273444	134	52
ENSG00000091436	71	119
ENSG00000214530	262	42
ENSG00000186469	97	75
ENSG00000167747	311	2
ENSG00000105669	94	10
ENSG00000173369	47	38
ENSG00000183814	50	3
ENSG00000106245	23	6
ENSG00000154917	41	82
ENSG00000160293	71	161
ENSG00000104524	291	48
ENSG00000151923	135	140
ENSG00000143153	82	138
ENSG00000287726	130	NA
ENSG00000123999	270	16
ENSG00000281100	348	NA
ENSG00000085788	135	42
ENSG00000178802	368	38
ENSG00000064961	37	6
ENSG00000063046	19	97
ENSG00000287859	240	32
ENSG00000179091	83	252
ENSG00000111249	79	103
ENSG00000157020	8	26
ENSG00000270060	166	NA
ENSG00000106723	83	53
ENSG00000258102	327	1
ENSG00000140941	50	23
ENSG00000139351	289	8
ENSG00000152049	4	1
ENSG00000117533	175	2
ENSG00000218839	9	2
ENSG00000234741	26	64
ENSG00000087253	44	53
ENSG00000241218	224	3
ENSG00000146267	71	350
ENSG00000174516	113	138
ENSG00000128928	358	3
ENSG00000164124	21	13
ENSG00000169609	291	NA
ENSG00000163431	11	8
ENSG00000109475	45	80
ENSG00000102580	33	3
ENSG00000197102	22	51
ENSG00000179051	176	84
ENSG00000278975	61	51
ENSG00000286233	174	45
ENSG00000251687	61	14
ENSG00000264772	120	222
ENSG00000224609	231	63
ENSG00000230461	226	NA
ENSG00000073614	56	204
ENSG00000075275	524	89
ENSG00000059377	46	58
ENSG00000007171	248	NA
ENSG00000090989	218	24
ENSG00000183671	68	64
ENSG00000114757	4	2
ENSG00000282164	107	373
ENSG00000146540	138	2
ENSG00000104371	154	202
ENSG00000175105	82	13
ENSG00000157353	323	1
ENSG00000183873	195	NA
ENSG00000187017	30	5
ENSG00000138757	112	581
ENSG00000224165	138	NA
ENSG00000280035	58	74
ENSG00000163444	131	89
ENSG00000164488	32	24
ENSG00000159692	88	71
ENSG00000114779	190	9
ENSG00000204237	232	41
ENSG00000116857	39	2
ENSG00000204568	196	10
ENSG00000067601	225	1
ENSG00000105649	44	169
ENSG00000009780	130	4
ENSG00000286810	271	36
ENSG00000070886	52	111
ENSG00000117222	65	63
ENSG00000215251	272	30
ENSG00000107614	41	NA
ENSG00000113593	37	67
ENSG00000253406	103	18
ENSG00000114698	84	114
ENSG00000285909	111	54
ENSG00000071967	94	163
ENSG00000143797	71	112
ENSG00000254461	92	1
ENSG00000287925	253	NA
ENSG00000197557	25	7
ENSG00000286995	64	32
ENSG00000182308	195	58
ENSG00000151090	69	73
ENSG00000112624	84	322
ENSG00000155886	107	212
ENSG00000171467	70	2
ENSG00000176125	217	NA
ENSG00000135250	77	368
ENSG00000008300	42	2
ENSG00000140854	347	6
ENSG00000200059	109	177
ENSG00000151445	376	19
ENSG00000121879	36	66
ENSG00000157060	8	NA
ENSG00000248527	12	287
ENSG00000143258	292	4
ENSG00000233332	222	11
ENSG00000167548	72	40
ENSG00000185963	124	211
ENSG00000162733	44	114
ENSG00000223459	87	391
ENSG00000105865	252	6
ENSG00000279764	184	182
ENSG00000117151	265	9
ENSG00000248859	97	35
ENSG00000170629	38	440
ENSG00000197299	103	131
ENSG00000236144	455	3
ENSG00000178537	53	41
ENSG00000197858	237	3
ENSG00000085433	84	300
ENSG00000109099	18	14
ENSG00000205129	154	24
ENSG00000140798	89	29
ENSG00000180846	127	150
ENSG00000174748	61	1
ENSG00000105854	51	166
ENSG00000259358	81	4
ENSG00000204264	7	NA
ENSG00000112651	268	2
ENSG00000160741	15	130
ENSG00000123338	48	78
ENSG00000134250	80	180
ENSG00000226040	207	NA
ENSG00000131507	54	150
ENSG00000141337	349	132
ENSG00000280385	55	1
ENSG00000149273	43	33
ENSG00000254449	50	3
ENSG00000260997	346	6
ENSG00000229657	91	62
ENSG00000249896	48	NA
ENSG00000263278	150	145
ENSG00000164091	98	325
ENSG00000178171	15	70
ENSG00000146826	44	104
ENSG00000273033	241	NA
ENSG00000257621	121	39
ENSG00000146197	25	105
ENSG00000259577	184	35
ENSG00000106330	101	3
ENSG00000228146	409	7
ENSG00000005448	287	3
ENSG00000115268	44	12
ENSG00000230638	132	76
ENSG00000144567	73	129
ENSG00000179526	245	5
ENSG00000102796	416	29
ENSG00000125107	83	354
ENSG00000143106	129	19
ENSG00000246465	61	5
ENSG00000162191	57	15
ENSG00000178057	136	24
ENSG00000276545	63	NA
ENSG00000215021	51	7
ENSG00000197324	118	148
ENSG00000154099	117	25
ENSG00000165943	96	470
ENSG00000280392	111	15
ENSG00000159248	73	111
ENSG00000229117	41	NA
ENSG00000226891	317	30
ENSG00000158301	161	427
ENSG00000168748	73	14
ENSG00000198780	74	466
ENSG00000183199	14	4
ENSG00000178502	66	531
ENSG00000287760	178	17
ENSG00000110046	13	6
ENSG00000128815	18	61
ENSG00000172340	23	3
ENSG00000243302	2	2
ENSG00000217275	33	NA
ENSG00000279481	111	54
ENSG00000197540	199	61
ENSG00000233559	90	261
ENSG00000286404	128	NA
ENSG00000103126	198	11
ENSG00000177432	39	115
ENSG00000133606	89	60
ENSG00000156030	101	1
ENSG00000128833	345	4
ENSG00000140463	156	1
ENSG00000080603	122	83
ENSG00000117620	121	4
ENSG00000152990	46	89
ENSG00000122435	73	NA
ENSG00000261659	75	165
ENSG00000119541	288	2
ENSG00000100997	38	14
ENSG00000227896	231	NA
ENSG00000004059	187	29
ENSG00000114923	9	66
ENSG00000092969	54	112
ENSG00000135932	92	182
ENSG00000234281	314	4
ENSG00000145916	106	13
ENSG00000129646	157	25
ENSG00000178385	69	375
ENSG00000169504	42	34
ENSG00000261668	92	30
ENSG00000148498	100	139
ENSG00000165264	27	10
ENSG00000130940	15	68
ENSG00000263232	327	NA
ENSG00000223131	10	2
ENSG00000249264	8	2
ENSG00000104413	8	2
ENSG00000073712	66	146
ENSG00000118007	109	234
ENSG00000257242	210	11
ENSG00000130023	301	25
ENSG00000165156	142	1
ENSG00000121691	13	79
ENSG00000086848	188	16
ENSG00000132471	36	NA
ENSG00000203814	14	NA
ENSG00000243477	230	20
ENSG00000198156	105	166
ENSG00000141385	77	509
ENSG00000142615	115	2
ENSG00000162413	151	14
ENSG00000280936	30	53
ENSG00000171243	63	81
ENSG00000066422	120	35
ENSG00000238793	204	7
ENSG00000248866	270	70
ENSG00000165025	51	74
ENSG00000206113	195	NA
ENSG00000164070	31	10
ENSG00000272335	31	53
ENSG00000239521	1	1
ENSG00000240106	104	NA
ENSG00000272333	34	2
ENSG00000286606	133	4
ENSG00000166341	31	182
ENSG00000272425	281	1
ENSG00000043143	127	83
ENSG00000100324	561	7
ENSG00000234409	496	27
ENSG00000163931	13	NA
ENSG00000174238	38	341
ENSG00000198755	57	1
ENSG00000168028	67	77
ENSG00000180539	105	77
ENSG00000133101	64	81
ENSG00000100614	155	178
ENSG00000078295	47	144
ENSG00000280287	154	152
ENSG00000143457	19	6
ENSG00000187189	65	194
ENSG00000125148	5	NA
ENSG00000272791	198	47
ENSG00000175182	134	11
ENSG00000197361	327	127
ENSG00000143390	116	328
ENSG00000254936	113	145
ENSG00000214300	207	6
ENSG00000250410	199	3
ENSG00000277246	73	159
ENSG00000268858	170	29
ENSG00000155324	58	59
ENSG00000132005	92	32
ENSG00000153029	31	24
ENSG00000074201	140	3
ENSG00000106077	271	1
ENSG00000198963	36	49
ENSG00000204071	58	505
ENSG00000280650	64	NA
ENSG00000197363	190	9
ENSG00000158604	182	71
ENSG00000250486	259	NA
ENSG00000100652	102	NA
ENSG00000179119	21	136
ENSG00000203747	19	25
ENSG00000004142	127	6
ENSG00000114857	20	1
ENSG00000269934	101	1
ENSG00000159899	190	2
ENSG00000224700	48	2
ENSG00000155636	313	37
ENSG00000233485	6	3
ENSG00000254867	422	NA
ENSG00000228174	103	3
ENSG00000287671	357	25
ENSG00000168517	286	33
ENSG00000146278	10	4
ENSG00000100023	587	4
ENSG00000168397	156	13
ENSG00000168301	113	46
ENSG00000287419	75	2
ENSG00000267136	154	94
ENSG00000167965	143	2
ENSG00000253476	44	3
ENSG00000100983	501	42
ENSG00000229635	75	NA
ENSG00000228810	95	41
ENSG00000105379	246	3
ENSG00000231894	9	4
ENSG00000103021	267	52
ENSG00000104365	254	37
ENSG00000188013	109	331
ENSG00000203335	108	117
ENSG00000229321	23	NA
ENSG00000082146	125	29
ENSG00000145087	48	42
ENSG00000198840	12	191
ENSG00000250608	223	16
ENSG00000240038	168	76
ENSG00000068097	17	NA
ENSG00000169756	35	2
ENSG00000114316	105	10
ENSG00000174013	67	84
ENSG00000005339	26	NA
ENSG00000111276	45	16
ENSG00000119446	79	107
ENSG00000167434	86	5
ENSG00000148842	28	NA
ENSG00000136279	271	3
ENSG00000174567	51	12
ENSG00000147576	173	6
ENSG00000007168	69	327
ENSG00000175470	270	17
ENSG00000117448	141	2
ENSG00000248449	56	NA
ENSG00000235138	28	16
ENSG00000034693	172	NA
ENSG00000087299	51	16
ENSG00000267281	133	89
ENSG00000263002	438	NA
ENSG00000275898	374	26
ENSG00000286788	385	5
ENSG00000226367	116	12
ENSG00000185955	126	187
ENSG00000091483	91	11
ENSG00000166439	59	149
ENSG00000198836	194	189
ENSG00000243927	518	22
ENSG00000116044	87	23
ENSG00000173811	95	NA
ENSG00000198768	93	41
ENSG00000197050	122	NA
ENSG00000284526	171	41
ENSG00000039319	137	1
ENSG00000175564	170	4
ENSG00000186350	32	31
ENSG00000168904	241	6
ENSG00000254440	115	3
ENSG00000116675	80	506
ENSG00000259250	86	175
ENSG00000143355	6	NA
ENSG00000286696	41	2
ENSG00000105640	29	16
ENSG00000214253	70	NA
ENSG00000106244	52	10
ENSG00000163608	82	1
ENSG00000140688	406	9
ENSG00000161016	49	9
ENSG00000125787	254	24
ENSG00000110958	29	6
ENSG00000104093	54	271
ENSG00000110711	26	65
ENSG00000180488	54	198
ENSG00000077254	16	13
ENSG00000107537	85	63
ENSG00000172940	115	1
ENSG00000174326	246	NA
ENSG00000129103	124	1
ENSG00000164309	40	54
ENSG00000012174	379	172
ENSG00000112305	21	414
ENSG00000232716	157	NA
ENSG00000162944	109	59
ENSG00000115042	110	2
ENSG00000143772	9	50
ENSG00000234065	47	NA
ENSG00000264548	346	44
ENSG00000188690	193	20
ENSG00000161267	225	9
ENSG00000112640	51	501
ENSG00000176953	124	28
ENSG00000169302	80	96
ENSG00000275850	79	51
ENSG00000164808	82	1
ENSG00000271755	73	NA
ENSG00000163159	14	52
ENSG00000164989	128	1
ENSG00000124596	216	10
ENSG00000117713	22	4
ENSG00000226649	113	47
ENSG00000159335	18	10
ENSG00000265491	89	2
ENSG00000229808	154	NA
ENSG00000169976	41	2
ENSG00000142687	83	NA
ENSG00000078369	67	92
ENSG00000233478	58	120
ENSG00000180479	266	NA
ENSG00000155093	56	437
ENSG00000213062	81	59
ENSG00000076201	21	2
ENSG00000087087	157	18
ENSG00000165521	71	312
ENSG00000182054	136	NA
ENSG00000141040	71	99
ENSG00000207574	66	47
ENSG00000270259	10	1
ENSG00000174744	148	52
ENSG00000181513	152	1
ENSG00000163507	69	99
ENSG00000214765	126	24
ENSG00000180900	40	NA
ENSG00000273265	182	NA
ENSG00000184992	67	91
ENSG00000120265	37	26
ENSG00000164576	60	44
ENSG00000155893	84	55
ENSG00000134146	425	NA
ENSG00000198130	60	167
ENSG00000198121	3	5
ENSG00000259354	216	1
ENSG00000055609	50	1
ENSG00000110330	101	16
ENSG00000124602	143	NA
ENSG00000087085	68	NA
ENSG00000067057	83	1
ENSG00000248222	76	56
ENSG00000106211	16	1
ENSG00000114841	66	39
ENSG00000163638	9	1
ENSG00000140259	55	3
ENSG00000134817	25	NA
ENSG00000280927	34	NA
ENSG00000146192	31	55
ENSG00000286248	73	1
ENSG00000270457	192	1
ENSG00000120215	99	NA
ENSG00000117308	257	1
ENSG00000185591	94	9
ENSG00000162980	51	22
ENSG00000113657	47	70
ENSG00000287469	297	2
ENSG00000133169	42	35
ENSG00000112297	264	1
ENSG00000121774	85	358
ENSG00000137393	9	5
ENSG00000178950	28	NA
ENSG00000113594	97	200
ENSG00000168806	6	3
ENSG00000241469	6	3
ENSG00000275569	95	44
ENSG00000112029	58	6
ENSG00000164332	111	35
ENSG00000152767	89	94
ENSG00000066933	53	179
ENSG00000159377	73	34
ENSG00000256525	113	11
ENSG00000103671	99	102
ENSG00000184305	31	4
ENSG00000048540	38	131
ENSG00000178803	561	63
ENSG00000139899	66	111
ENSG00000132466	6	NA
ENSG00000018408	23	24
ENSG00000143891	42	28
ENSG00000168329	10	38
ENSG00000175203	59	176
ENSG00000168884	19	1
ENSG00000256043	16	27
ENSG00000173905	113	218
ENSG00000231355	296	40
ENSG00000286388	70	3
ENSG00000115163	116	NA
ENSG00000067334	2	NA
ENSG00000284820	43	1
ENSG00000287562	118	68
ENSG00000198668	84	282
ENSG00000136104	219	NA
ENSG00000169231	113	1
ENSG00000124067	13	35
ENSG00000132406	121	2
ENSG00000124370	104	NA
ENSG00000267523	237	22
ENSG00000218283	52	300
ENSG00000124006	144	12
ENSG00000152795	6	36
ENSG00000213901	137	NA
ENSG00000146416	122	3
ENSG00000179331	106	47
ENSG00000186462	6	41
ENSG00000164659	66	86
ENSG00000220201	49	153
ENSG00000228153	39	23
ENSG00000196581	61	157
ENSG00000084774	19	17
ENSG00000179813	10	NA
ENSG00000064651	51	NA
ENSG00000183011	21	73
ENSG00000042980	20	38
ENSG00000232983	82	NA
ENSG00000280381	120	115
ENSG00000109390	35	52
ENSG00000069702	62	48
ENSG00000271204	91	49
ENSG00000214655	22	NA
ENSG00000100284	199	NA
ENSG00000146457	19	52
ENSG00000173258	52	159
ENSG00000122026	48	1
ENSG00000152760	53	103
ENSG00000287582	4	NA
ENSG00000019995	102	180
ENSG00000198925	38	364
ENSG00000101670	68	183
ENSG00000133104	82	3
ENSG00000140365	241	10
ENSG00000132341	65	59
ENSG00000167770	55	136
ENSG00000185495	143	1
ENSG00000023839	171	3
ENSG00000158258	63	246
ENSG00000135040	51	104
ENSG00000244607	243	3
ENSG00000112130	171	33
ENSG00000212916	97	14
ENSG00000145741	54	18
ENSG00000266371	125	12
ENSG00000235863	184	27
ENSG00000162390	3	6
ENSG00000163873	31	66
ENSG00000135723	50	66
ENSG00000112232	59	166
ENSG00000163565	12	20
ENSG00000131127	49	3
ENSG00000114023	146	15
ENSG00000260288	156	1
ENSG00000231434	10	NA
ENSG00000152464	118	60
ENSG00000278962	61	152
ENSG00000285728	45	NA
ENSG00000205078	145	1
ENSG00000174953	259	58
ENSG00000279044	69	110
ENSG00000185737	30	31
ENSG00000106052	24	NA
ENSG00000132694	3	NA
ENSG00000197958	34	NA
ENSG00000182263	39	116
ENSG00000203791	160	8
ENSG00000134452	62	33
ENSG00000244476	63	2
ENSG00000092330	31	190
ENSG00000146757	34	1
ENSG00000277586	70	160
ENSG00000162496	29	49
ENSG00000081237	17	57
ENSG00000163683	171	257
ENSG00000165863	51	12
ENSG00000157150	3	3
ENSG00000112514	51	38
ENSG00000158109	45	112
ENSG00000272583	174	48
ENSG00000185567	209	190
ENSG00000278997	35	NA
ENSG00000275964	229	7
ENSG00000168246	20	40
ENSG00000286886	125	1
ENSG00000179178	20	4
ENSG00000011007	97	7
ENSG00000198961	47	321
ENSG00000239247	85	35
ENSG00000144290	58	446
ENSG00000001461	35	49
ENSG00000182983	86	NA
ENSG00000229344	7	32
ENSG00000182749	118	NA
ENSG00000088038	201	1
ENSG00000202111	6	2
ENSG00000261671	39	NA
ENSG00000131475	142	5
ENSG00000107738	50	25
ENSG00000272983	192	NA
ENSG00000153363	23	9
ENSG00000115966	33	47
ENSG00000132394	83	1
ENSG00000084652	51	1
ENSG00000223351	41	1
ENSG00000169570	89	19
ENSG00000125743	62	18
ENSG00000177932	53	318
ENSG00000212125	177	NA
ENSG00000245573	131	20
ENSG00000163812	139	31
ENSG00000162852	74	181
ENSG00000174446	64	3
ENSG00000109794	105	3
ENSG00000106299	33	13
ENSG00000141642	147	23
ENSG00000160803	73	17
ENSG00000179195	106	NA
ENSG00000062822	101	NA
ENSG00000107566	135	150
ENSG00000035115	123	98
ENSG00000131435	29	NA
ENSG00000198876	42	8
ENSG00000256030	92	NA
ENSG00000179023	241	11
ENSG00000213760	53	127
ENSG00000285701	65	49
ENSG00000115464	29	68
ENSG00000283064	38	NA
ENSG00000124762	10	2
ENSG00000127837	28	144
ENSG00000108091	65	NA
ENSG00000153561	49	42
ENSG00000198837	13	NA
ENSG00000163624	80	106
ENSG00000252464	115	81
ENSG00000196345	159	47
ENSG00000286496	110	NA
ENSG00000283445	5	4
ENSG00000165238	2	5
ENSG00000244187	92	7
ENSG00000120594	38	22
ENSG00000225807	285	NA
ENSG00000183018	62	23
ENSG00000197006	18	NA
ENSG00000143612	50	132
ENSG00000278999	77	57
ENSG00000080802	129	7
ENSG00000232613	274	1
ENSG00000272572	141	NA
ENSG00000267192	209	NA
ENSG00000138640	113	15
ENSG00000099860	10	NA
ENSG00000051620	93	18
ENSG00000182013	56	444
ENSG00000115685	33	68
ENSG00000174473	36	118
ENSG00000105655	86	1
ENSG00000280063	9	50
ENSG00000164292	58	88
ENSG00000198677	62	2
ENSG00000172831	134	245
ENSG00000246339	135	5
ENSG00000086205	26	8
ENSG00000279314	223	NA
ENSG00000188452	24	411
ENSG00000285928	108	1
ENSG00000279348	72	410
ENSG00000287783	38	43
ENSG00000120697	32	11
ENSG00000145022	97	8
ENSG00000286167	58	27
ENSG00000257446	300	NA
ENSG00000172164	30	65
ENSG00000110011	109	18
ENSG00000280401	76	NA
ENSG00000204241	16	14
ENSG00000066557	24	NA
ENSG00000179058	86	2
ENSG00000150459	23	NA
ENSG00000186479	77	527
ENSG00000135124	139	NA
ENSG00000115365	58	268
ENSG00000158092	12	2
ENSG00000116260	70	50
ENSG00000177614	93	32
ENSG00000246877	141	NA
ENSG00000231079	40	NA
ENSG00000249526	25	11
ENSG00000234899	73	68
ENSG00000213213	134	NA
ENSG00000280254	182	23
ENSG00000135940	26	2
ENSG00000173039	259	1
ENSG00000110583	216	NA
ENSG00000174791	116	2
ENSG00000119946	30	NA
ENSG00000170153	41	49
ENSG00000272610	34	57
ENSG00000118855	245	46
ENSG00000277782	189	50
ENSG00000175066	147	4
ENSG00000099785	12	2
ENSG00000085999	79	NA
ENSG00000278012	158	NA
ENSG00000250635	53	15
ENSG00000256315	28	NA
ENSG00000277011	208	12
ENSG00000243319	73	241
ENSG00000032444	234	NA
ENSG00000134419	40	57
ENSG00000273302	33	32
ENSG00000124574	40	3
ENSG00000112210	28	32
ENSG00000176749	31	385
ENSG00000116120	176	45
ENSG00000165006	24	NA
ENSG00000227203	102	NA
ENSG00000100811	159	31
ENSG00000133665	37	1
ENSG00000154822	63	241
ENSG00000130193	182	NA
ENSG00000179477	386	1
ENSG00000274349	172	24
ENSG00000152377	16	62
ENSG00000181852	38	166
ENSG00000167588	137	4
ENSG00000120699	41	86
ENSG00000279432	174	63
ENSG00000179085	68	4
ENSG00000273143	161	NA
ENSG00000224671	84	72
ENSG00000014824	196	135
ENSG00000105556	184	12
ENSG00000181038	163	2
ENSG00000168566	122	19
ENSG00000068078	19	59
ENSG00000163110	92	197
ENSG00000283891	103	41
ENSG00000169871	50	115
ENSG00000125650	247	15
ENSG00000181449	37	75
ENSG00000254102	43	84
ENSG00000218631	228	25
ENSG00000135185	121	3
ENSG00000127249	10	42
ENSG00000166261	157	1
ENSG00000132613	196	1
ENSG00000167701	18	12
ENSG00000198003	131	3
ENSG00000184414	170	57
ENSG00000164967	41	NA
ENSG00000160818	48	150
ENSG00000169991	67	8
ENSG00000058063	81	114
ENSG00000148229	73	213
ENSG00000198863	67	18
ENSG00000176349	77	88
ENSG00000266910	187	7
ENSG00000259619	52	37
ENSG00000162924	46	69
ENSG00000110090	47	113
ENSG00000233363	52	161
ENSG00000109320	16	NA
ENSG00000100852	51	40
ENSG00000179038	95	2
ENSG00000277938	424	35
ENSG00000174780	69	127
ENSG00000265817	99	1
ENSG00000144120	151	29
ENSG00000196262	8	6
ENSG00000175193	38	84
ENSG00000074590	89	25
ENSG00000137216	99	3
ENSG00000247626	37	101
ENSG00000164715	93	116
ENSG00000260447	113	156
ENSG00000272129	207	19
ENSG00000143554	74	NA
ENSG00000095303	38	59
ENSG00000261396	68	NA
ENSG00000185811	24	53
ENSG00000170759	6	NA
ENSG00000205710	101	13
ENSG00000242086	1	NA
ENSG00000112473	24	87
ENSG00000160808	3	NA
ENSG00000287630	47	2
ENSG00000184220	224	52
ENSG00000259515	63	NA
ENSG00000163798	4	7
ENSG00000170456	96	368
ENSG00000274156	229	61
ENSG00000214900	179	23
ENSG00000207389	3	46
ENSG00000143603	25	46
ENSG00000272416	29	95
ENSG00000196072	20	15
ENSG00000196531	35	7
ENSG00000103495	144	12
ENSG00000165671	42	8
ENSG00000138018	31	360
ENSG00000280213	213	52
ENSG00000123091	12	15
ENSG00000173915	28	15
ENSG00000081386	81	379
ENSG00000047249	15	33
ENSG00000229017	106	7
ENSG00000086619	33	139
ENSG00000259055	53	NA
ENSG00000241478	5	NA
ENSG00000255965	46	1
ENSG00000106397	92	NA
ENSG00000253596	73	NA
ENSG00000275074	162	57
ENSG00000280321	94	1
ENSG00000123572	146	126
ENSG00000174564	80	30
ENSG00000255222	149	1
ENSG00000241685	6	93
ENSG00000188895	51	NA
ENSG00000214650	15	49
ENSG00000064201	215	NA
ENSG00000063978	37	118
ENSG00000168795	19	14
ENSG00000185838	318	NA
ENSG00000205643	621	14
ENSG00000172530	99	1
ENSG00000088280	25	11
ENSG00000112357	129	NA
ENSG00000074696	31	16
ENSG00000164985	58	1
ENSG00000154122	40	45
ENSG00000167632	58	NA
ENSG00000117505	65	120
ENSG00000261349	1	NA
ENSG00000186007	57	1
ENSG00000177842	77	25
ENSG00000224310	43	249
ENSG00000273156	56	59
ENSG00000163344	40	6
ENSG00000080371	40	32
ENSG00000164329	87	17
ENSG00000141858	145	2
ENSG00000136381	55	122
ENSG00000224081	1	1
ENSG00000196562	91	29
ENSG00000089916	37	133
ENSG00000163840	14	53
ENSG00000255857	290	8
ENSG00000163808	171	NA
ENSG00000224812	135	7
ENSG00000162989	25	1
ENSG00000163467	157	NA
ENSG00000235979	112	11
ENSG00000137055	125	4
ENSG00000235397	115	49
ENSG00000162747	3	2
ENSG00000213741	32	15
ENSG00000149743	131	1
ENSG00000168710	43	24
ENSG00000255201	115	NA
ENSG00000078053	34	101
ENSG00000168824	77	68
ENSG00000198909	35	11
ENSG00000261505	45	NA
ENSG00000091138	186	NA
ENSG00000221983	46	10
ENSG00000171840	10	NA
ENSG00000173660	21	9
ENSG00000160124	106	16
ENSG00000164062	134	218
ENSG00000130255	55	4
ENSG00000286522	5	6
ENSG00000122068	76	56
ENSG00000131495	40	3
ENSG00000049541	26	4
ENSG00000171530	23	67
ENSG00000172005	13	1
ENSG00000165895	68	118
ENSG00000143756	43	108
ENSG00000126804	181	14
ENSG00000255158	48	13
ENSG00000198743	521	14
ENSG00000135926	57	34
ENSG00000260230	37	357
ENSG00000109654	21	51
ENSG00000143369	97	NA
ENSG00000169032	51	37
ENSG00000224729	59	3
ENSG00000172006	148	12
ENSG00000141404	82	97
ENSG00000113838	13	79
ENSG00000169018	75	167
ENSG00000177238	187	1
ENSG00000251497	68	40
ENSG00000126581	8	378
ENSG00000163754	10	18
ENSG00000185164	49	412
ENSG00000165997	22	4
ENSG00000130347	107	9
ENSG00000249077	74	4
ENSG00000107874	40	26
ENSG00000163273	76	42
ENSG00000137845	119	4
ENSG00000212719	120	3
ENSG00000144935	144	2
ENSG00000138685	65	146
ENSG00000162032	59	1
ENSG00000281026	65	12
ENSG00000136710	94	9
ENSG00000075142	37	17
ENSG00000119705	37	69
ENSG00000040487	74	5
ENSG00000149809	22	NA
ENSG00000111490	67	118
ENSG00000183562	83	19
ENSG00000228400	52	16
ENSG00000287756	80	79
ENSG00000122378	45	87
ENSG00000103710	26	1
ENSG00000164082	6	9
ENSG00000099377	204	70
ENSG00000172428	12	2
ENSG00000163328	119	NA
ENSG00000158186	39	5
ENSG00000118094	25	81
ENSG00000170775	5	9
ENSG00000158966	62	108
ENSG00000178947	447	259
ENSG00000273542	152	NA
ENSG00000169957	51	4
ENSG00000172273	83	38
ENSG00000012822	9	2
ENSG00000175416	29	27
ENSG00000125971	17	162
ENSG00000129437	109	33
ENSG00000260777	94	NA
ENSG00000279495	84	80
ENSG00000267493	113	2
ENSG00000205352	196	3
ENSG00000068796	44	116
ENSG00000280913	247	NA
ENSG00000145526	17	67
ENSG00000253430	78	7
ENSG00000162105	19	101
ENSG00000142686	62	10
ENSG00000156398	97	7
ENSG00000115380	41	112
ENSG00000215045	17	66
ENSG00000256540	86	1
ENSG00000132475	25	3
ENSG00000126070	52	NA
ENSG00000254362	109	16
ENSG00000011523	95	335
ENSG00000230580	41	NA
ENSG00000181924	32	NA
ENSG00000117519	18	27
ENSG00000253981	238	5
ENSG00000172845	38	14
ENSG00000080824	107	4
ENSG00000148400	21	101
ENSG00000259366	29	130
ENSG00000267529	115	77
ENSG00000058272	99	27
ENSG00000213060	132	NA
ENSG00000164136	51	126
ENSG00000171476	14	NA
ENSG00000258384	65	3
ENSG00000259772	206	NA
ENSG00000205808	41	6
ENSG00000169129	130	3
ENSG00000117410	34	22
ENSG00000186280	123	10
ENSG00000110455	273	3
ENSG00000072062	18	17
ENSG00000278845	52	55
ENSG00000132965	23	58
ENSG00000248159	169	4
ENSG00000131480	166	2
ENSG00000180353	16	38
ENSG00000213839	63	57
ENSG00000113732	53	42
ENSG00000118200	79	6
ENSG00000197579	104	10
ENSG00000225828	50	26
ENSG00000150779	9	NA
ENSG00000119411	70	21
ENSG00000137766	72	232
ENSG00000165698	50	NA
ENSG00000100285	132	214
ENSG00000235162	57	25
ENSG00000287537	115	NA
ENSG00000129473	22	157
ENSG00000136933	70	NA
ENSG00000119801	33	26
ENSG00000250012	131	1
ENSG00000174501	14	2
ENSG00000083444	36	NA
ENSG00000153130	13	17
ENSG00000260285	112	NA
ENSG00000149634	237	14
ENSG00000071655	114	22
ENSG00000048649	60	33
ENSG00000171720	11	15
ENSG00000142599	9	6
ENSG00000114573	42	271
ENSG00000010803	27	12
ENSG00000137561	26	55
ENSG00000084754	17	6
ENSG00000066322	6	1
ENSG00000159873	234	19
ENSG00000114013	24	64
ENSG00000251667	98	NA
ENSG00000203730	6	NA
ENSG00000173992	143	1
ENSG00000186834	106	7
ENSG00000105792	46	NA
ENSG00000132164	23	21
ENSG00000144451	68	16
ENSG00000276593	30	237
ENSG00000072071	216	NA
ENSG00000198900	105	11
ENSG00000122986	71	24
ENSG00000157064	53	95
ENSG00000150540	37	30
ENSG00000123737	30	2
ENSG00000255182	18	3
ENSG00000274492	72	126
ENSG00000072952	29	11
ENSG00000196730	39	33
ENSG00000254556	83	NA
ENSG00000128585	19	50
ENSG00000115307	126	118
ENSG00000242759	88	13
ENSG00000119335	57	234
ENSG00000135597	86	NA
ENSG00000225885	43	NA
ENSG00000170561	35	52
ENSG00000167280	252	17
ENSG00000274598	48	20
ENSG00000176148	64	382
ENSG00000111669	17	55
ENSG00000164032	40	13
ENSG00000256443	57	46
ENSG00000102897	29	1
ENSG00000122042	3	NA
ENSG00000263072	55	NA
ENSG00000137198	35	3
ENSG00000182307	95	NA
ENSG00000155980	29	5
ENSG00000279121	44	68
ENSG00000175283	37	48
ENSG00000204022	153	24
ENSG00000169955	81	76
ENSG00000273416	46	2
ENSG00000197451	22	42
ENSG00000176783	44	94
ENSG00000131100	74	101
ENSG00000078902	28	114
ENSG00000185085	11	76
ENSG00000228327	3	1
ENSG00000279653	38	26
ENSG00000171858	51	6
ENSG00000064995	63	90
ENSG00000215912	67	3
ENSG00000162923	194	48
ENSG00000155629	20	38
ENSG00000159140	23	NA
ENSG00000181396	142	14
ENSG00000157014	10	53
ENSG00000197024	28	326
ENSG00000149100	50	NA
ENSG00000224566	37	6
ENSG00000287336	58	NA
ENSG00000226862	19	297
ENSG00000262333	290	1
ENSG00000100934	72	421
ENSG00000235779	59	NA
ENSG00000167325	22	85
ENSG00000266947	309	NA
ENSG00000130768	45	13
ENSG00000106278	38	98
ENSG00000102981	56	171
ENSG00000075914	32	8
ENSG00000113645	52	128
ENSG00000279138	15	3
ENSG00000272865	149	8
ENSG00000186453	50	NA
ENSG00000177599	241	7
ENSG00000155265	70	126
ENSG00000082074	32	72
ENSG00000171444	40	117
ENSG00000116459	34	1
ENSG00000231028	106	NA
ENSG00000164754	32	NA
ENSG00000252081	24	3
ENSG00000166783	48	19
ENSG00000138496	21	32
ENSG00000144893	19	103
ENSG00000167193	61	52
ENSG00000197283	93	26
ENSG00000220614	55	1
ENSG00000234773	162	23
ENSG00000205116	10	9
ENSG00000109118	37	NA
ENSG00000160714	68	101
ENSG00000169139	44	77
ENSG00000144381	39	1
ENSG00000180198	167	12
ENSG00000171163	43	97
ENSG00000140521	38	2
ENSG00000197296	62	191
ENSG00000119596	13	NA
ENSG00000165916	59	30
ENSG00000121274	42	24
ENSG00000131620	65	32
ENSG00000166598	12	2
ENSG00000280739	13	10
ENSG00000181192	39	NA
ENSG00000288025	67	1
ENSG00000116062	49	7
ENSG00000104936	141	108
ENSG00000188959	154	NA
ENSG00000123609	6	19
ENSG00000264964	143	NA
ENSG00000156097	16	303
ENSG00000131591	89	7
ENSG00000175602	22	12
ENSG00000166689	72	131
ENSG00000089009	73	10
ENSG00000132434	76	3
ENSG00000128185	210	13
ENSG00000135624	30	105
ENSG00000117525	6	1
ENSG00000160753	86	23
ENSG00000142698	52	NA
ENSG00000167881	56	100
ENSG00000107949	20	6
ENSG00000259258	39	NA
ENSG00000140992	71	286
ENSG00000178467	103	10
ENSG00000069943	158	6
ENSG00000144847	10	100
ENSG00000168785	34	19
ENSG00000105058	33	28
ENSG00000103363	57	72
ENSG00000196323	38	6
ENSG00000126226	196	9
ENSG00000028203	68	43
ENSG00000112293	22	194
ENSG00000272506	80	75
ENSG00000181472	80	3
ENSG00000068784	29	6
ENSG00000110031	110	32
ENSG00000112531	58	142
ENSG00000115840	32	225
ENSG00000225518	130	NA
ENSG00000196110	61	318
ENSG00000077454	80	14
ENSG00000159267	45	279
ENSG00000104973	17	NA
ENSG00000146802	191	1
ENSG00000164919	20	26
ENSG00000117983	68	61
ENSG00000253320	101	11
ENSG00000254349	145	NA
ENSG00000082781	54	57
ENSG00000172061	5	1
ENSG00000047315	42	417
ENSG00000163346	22	18
ENSG00000146701	55	223
ENSG00000075303	3	NA
ENSG00000166268	145	NA
ENSG00000205693	199	1
ENSG00000235027	107	NA
ENSG00000090104	1	NA
ENSG00000171490	54	195
ENSG00000167315	53	73
ENSG00000126247	95	12
ENSG00000163170	150	16
ENSG00000269356	19	36
ENSG00000200879	10	NA
ENSG00000105223	91	57
ENSG00000244038	19	23
ENSG00000185052	83	130
ENSG00000240731	62	2
ENSG00000165121	114	121
ENSG00000233626	59	NA
ENSG00000171777	57	35
ENSG00000224424	36	3
ENSG00000106400	29	39
ENSG00000165632	94	5
ENSG00000183454	75	271
ENSG00000198736	45	1
ENSG00000235669	81	31
ENSG00000090686	13	24
ENSG00000174788	59	3
ENSG00000113649	50	9
ENSG00000196220	29	NA
ENSG00000103249	23	NA
ENSG00000225972	5	64
ENSG00000138750	51	12
ENSG00000106615	9	NA
ENSG00000127616	23	NA
ENSG00000126067	37	11
ENSG00000115687	150	NA
ENSG00000101846	89	49
ENSG00000234350	38	47
ENSG00000171497	5	130
ENSG00000252408	57	16
ENSG00000266472	32	15
ENSG00000278535	136	3
ENSG00000103091	93	178
ENSG00000100632	14	94
ENSG00000229325	12	182
ENSG00000227740	29	101
ENSG00000188185	49	8
ENSG00000104738	39	286
ENSG00000123144	42	105
ENSG00000258056	12	NA
ENSG00000171223	4	NA
ENSG00000234329	71	NA
ENSG00000186010	88	80
ENSG00000286545	47	1
ENSG00000244694	75	75
ENSG00000102870	56	138
ENSG00000149269	134	69
ENSG00000172500	111	43
ENSG00000158023	172	NA
ENSG00000133121	43	151
ENSG00000239828	63	NA
ENSG00000142864	22	37
ENSG00000133115	9	45
ENSG00000169604	33	75
ENSG00000205959	114	NA
ENSG00000106605	32	11
ENSG00000157680	22	148
ENSG00000134313	56	102
ENSG00000230224	172	42
ENSG00000163013	13	40
ENSG00000057608	15	1
ENSG00000267781	69	NA
ENSG00000286593	348	41
ENSG00000076242	19	1
ENSG00000040633	85	123
ENSG00000008086	23	454
ENSG00000198804	4	252
ENSG00000217165	75	299
ENSG00000124942	24	3
ENSG00000008405	112	1
ENSG00000213762	91	370
ENSG00000186660	29	12
ENSG00000102970	89	NA
ENSG00000007372	27	108
ENSG00000067182	41	48
ENSG00000171860	47	63
ENSG00000179271	25	11
ENSG00000103353	54	115
ENSG00000270977	147	NA
ENSG00000176244	24	9
ENSG00000196975	31	6
ENSG00000089818	20	59
ENSG00000101126	132	NA
ENSG00000259158	77	132
ENSG00000213625	23	16
ENSG00000213585	28	45
ENSG00000142875	7	2
ENSG00000260368	146	2
ENSG00000090975	23	NA
ENSG00000270170	58	303
ENSG00000117281	81	NA
ENSG00000253420	11	132
ENSG00000025039	44	174
ENSG00000259330	22	23
ENSG00000106682	33	6
ENSG00000235910	33	NA
ENSG00000183775	46	110
ENSG00000125885	237	5
ENSG00000174373	16	75
ENSG00000165406	48	NA
ENSG00000105229	31	6
ENSG00000147679	36	3
ENSG00000187566	60	13
ENSG00000073464	135	380
ENSG00000071537	43	91
ENSG00000158623	129	219
ENSG00000166206	117	199
ENSG00000005381	127	4
ENSG00000125864	198	7
ENSG00000110811	41	1
ENSG00000182831	83	14
ENSG00000091490	20	40
ENSG00000129559	23	144
ENSG00000139718	18	NA
ENSG00000172932	83	121
ENSG00000176903	56	50
ENSG00000127124	10	NA
ENSG00000176049	32	10
ENSG00000156471	34	50
ENSG00000248668	93	NA
ENSG00000168280	38	47
ENSG00000204348	73	NA
ENSG00000267278	365	5
ENSG00000263167	63	145
ENSG00000269821	27	109
ENSG00000278970	39	NA
ENSG00000078043	73	1
ENSG00000171160	126	NA
ENSG00000131459	61	NA
ENSG00000212802	4	NA
ENSG00000143811	41	NA
ENSG00000228643	114	NA
ENSG00000112972	55	25
ENSG00000181788	39	14
ENSG00000159199	39	11
ENSG00000115694	91	139
ENSG00000203910	52	11
ENSG00000008394	66	99
ENSG00000240891	18	454
ENSG00000099139	25	155
ENSG00000070808	45	42
ENSG00000121067	15	5
ENSG00000153037	40	2
ENSG00000072818	90	36
ENSG00000152380	94	NA
ENSG00000111783	37	63
ENSG00000188483	4	NA
ENSG00000159259	310	5
ENSG00000187581	50	NA
ENSG00000260641	81	5
ENSG00000125611	43	1
ENSG00000162614	15	46
ENSG00000196821	55	28
ENSG00000168237	55	5
ENSG00000085063	23	13
ENSG00000137414	58	2
ENSG00000162086	41	7
ENSG00000145734	8	12
ENSG00000227908	169	9
ENSG00000125459	38	4
ENSG00000143578	87	NA
ENSG00000156482	39	11
ENSG00000176108	109	56
ENSG00000281195	43	NA
ENSG00000185000	16	NA
ENSG00000116273	32	34
ENSG00000260034	53	4
ENSG00000084093	39	133
ENSG00000261462	75	NA
ENSG00000228393	22	214
ENSG00000147669	21	3
ENSG00000198765	66	1
ENSG00000278075	18	NA
ENSG00000062282	60	78
ENSG00000179021	3	1
ENSG00000164574	12	9
ENSG00000160813	47	6
ENSG00000235194	108	1
ENSG00000119401	90	294
ENSG00000276644	76	141
ENSG00000077097	49	3
ENSG00000135956	20	40
ENSG00000144535	4	12
ENSG00000262881	140	47
ENSG00000137185	20	38
ENSG00000238197	414	9
ENSG00000169258	19	140
ENSG00000234616	5	148
ENSG00000149823	27	NA
ENSG00000186297	77	11
ENSG00000119471	40	23
ENSG00000134308	11	93
ENSG00000231609	22	NA
ENSG00000135272	63	113
ENSG00000268218	45	15
ENSG00000217648	113	4
ENSG00000275491	192	1
ENSG00000261971	37	32
ENSG00000116117	51	92
ENSG00000184203	147	21
ENSG00000123240	15	NA
ENSG00000144596	29	81
ENSG00000173418	75	4
ENSG00000115368	83	27
ENSG00000173208	22	127
ENSG00000118260	18	22
ENSG00000250385	4	18
ENSG00000096080	61	12
ENSG00000260555	82	16
ENSG00000213204	4	5
ENSG00000266401	57	80
ENSG00000115484	22	15
ENSG00000038274	9	15
ENSG00000198208	54	46
ENSG00000097021	18	61
ENSG00000226180	64	74
ENSG00000013016	17	186
ENSG00000139914	70	79
ENSG00000162627	50	21
ENSG00000233871	34	NA
ENSG00000120549	30	63
ENSG00000287730	10	4
ENSG00000144579	12	NA
ENSG00000177301	12	128
ENSG00000173456	36	294
ENSG00000133872	16	NA
ENSG00000153832	23	2
ENSG00000212371	55	NA
ENSG00000172262	48	1
ENSG00000163817	4	NA
ENSG00000101236	131	NA
ENSG00000026103	16	18
ENSG00000128609	26	NA
ENSG00000100764	33	454
ENSG00000196189	97	NA
ENSG00000113621	26	6
ENSG00000164548	24	263
ENSG00000273437	19	320
ENSG00000187837	13	NA
ENSG00000164690	79	107
ENSG00000123353	108	NA
ENSG00000149357	47	21
ENSG00000132676	5	2
ENSG00000083168	13	NA
ENSG00000115677	20	7
ENSG00000226803	65	NA
ENSG00000257167	86	1
ENSG00000066294	10	38
ENSG00000279982	62	NA
ENSG00000267100	27	14
ENSG00000117616	47	NA
ENSG00000118946	2	49
ENSG00000181211	44	NA
ENSG00000106328	125	NA
ENSG00000082996	9	16
ENSG00000256025	53	21
ENSG00000266777	61	1
ENSG00000225746	19	6
ENSG00000188827	76	2
ENSG00000275092	21	108
ENSG00000273084	63	NA
ENSG00000163491	43	110
ENSG00000248483	54	66
ENSG00000119048	19	61
ENSG00000160145	3	27
ENSG00000116001	38	NA
ENSG00000132716	42	20
ENSG00000186166	26	83
ENSG00000153786	61	3
ENSG00000152932	29	57
ENSG00000141867	99	8
ENSG00000275139	186	86
ENSG00000214290	4	1
ENSG00000075292	47	44
ENSG00000166569	33	80
ENSG00000162981	37	64
ENSG00000143761	21	9
ENSG00000146414	14	99
ENSG00000033800	41	272
ENSG00000130147	26	4
ENSG00000286872	63	NA
ENSG00000271967	31	3
ENSG00000053254	73	218
ENSG00000010219	41	NA
ENSG00000154079	79	9
ENSG00000169750	35	17
ENSG00000177508	15	2
ENSG00000184005	44	139
ENSG00000165475	35	4
ENSG00000116237	42	9
ENSG00000187079	37	117
ENSG00000277476	104	12
ENSG00000275632	50	330
ENSG00000196372	91	190
ENSG00000231982	96	NA
ENSG00000275532	56	30
ENSG00000233927	38	54
ENSG00000168994	25	3
ENSG00000117592	11	30
ENSG00000281406	39	103
ENSG00000180155	169	34
ENSG00000176994	74	453
ENSG00000167123	6	1
ENSG00000125375	194	4
ENSG00000114554	55	NA
ENSG00000126091	50	108
ENSG00000272562	50	NA
ENSG00000122482	26	3
ENSG00000164209	41	8
ENSG00000205978	26	NA
ENSG00000127022	11	6
ENSG00000110328	39	NA
ENSG00000143552	54	172
ENSG00000086065	29	NA
ENSG00000090612	42	NA
ENSG00000158669	48	16
ENSG00000146648	46	150
ENSG00000184956	13	90
ENSG00000175061	31	36
ENSG00000269376	11	75
ENSG00000272140	135	21
ENSG00000263624	99	115
ENSG00000147027	79	91
ENSG00000176340	85	1
ENSG00000234945	35	NA
ENSG00000188938	22	NA
ENSG00000004779	65	33
ENSG00000197043	103	11
ENSG00000165458	33	15
ENSG00000280604	24	26
ENSG00000267322	23	38
ENSG00000278925	69	NA
ENSG00000116903	33	119
ENSG00000143337	12	1
ENSG00000119139	18	59
ENSG00000156411	50	9
ENSG00000189157	16	NA
ENSG00000276115	44	NA
ENSG00000173409	68	5
ENSG00000277007	40	12
ENSG00000138138	44	123
ENSG00000055332	39	6
ENSG00000104408	41	1
ENSG00000037749	22	352
ENSG00000286482	97	40
ENSG00000118276	31	106
ENSG00000167081	36	31
ENSG00000011143	136	1
ENSG00000106153	42	5
ENSG00000163867	8	129
ENSG00000101222	75	NA
ENSG00000266896	130	26
ENSG00000185432	31	61
ENSG00000226715	57	2
ENSG00000228525	70	4
ENSG00000159352	21	35
ENSG00000132329	28	24
ENSG00000137171	65	5
ENSG00000165209	4	127
ENSG00000143553	10	NA
ENSG00000248677	39	NA
ENSG00000214279	53	11
ENSG00000169208	8	NA
ENSG00000129749	46	15
ENSG00000263311	152	2
ENSG00000237986	76	19
ENSG00000106638	7	21
ENSG00000135919	24	39
ENSG00000070182	28	5
ENSG00000100575	94	23
ENSG00000181722	29	NA
ENSG00000143924	67	NA
ENSG00000197429	29	NA
ENSG00000144746	16	4
ENSG00000138622	58	219
ENSG00000081154	25	34
ENSG00000126267	17	2
ENSG00000103326	42	NA
ENSG00000286602	34	NA
ENSG00000158195	11	139
ENSG00000237328	71	60
ENSG00000114541	8	4
ENSG00000260325	184	NA
ENSG00000100473	58	32
ENSG00000101193	62	113
ENSG00000109738	1	16
ENSG00000279544	17	2
ENSG00000132463	33	95
ENSG00000279078	69	NA
ENSG00000047230	327	NA
ENSG00000127870	100	17
ENSG00000162961	21	183
ENSG00000181359	7	NA
ENSG00000187682	34	186
ENSG00000110955	14	198
ENSG00000161682	60	28
ENSG00000187730	4	30
ENSG00000236501	137	26
ENSG00000143418	1	NA
ENSG00000196233	30	5
ENSG00000115944	27	18
ENSG00000175229	12	6
ENSG00000162694	1	NA
ENSG00000164039	32	24
ENSG00000178814	96	5
ENSG00000272732	87	13
ENSG00000143727	76	21
ENSG00000101082	140	20
ENSG00000136206	96	27
ENSG00000235120	51	59
ENSG00000117691	23	162
ENSG00000155366	12	18
ENSG00000256694	57	NA
ENSG00000135924	32	NA
ENSG00000189409	60	6
ENSG00000116514	15	91
ENSG00000036257	34	278
ENSG00000178104	43	5
ENSG00000156804	3	NA
ENSG00000164442	17	257
ENSG00000175756	32	5
ENSG00000122884	72	8
ENSG00000107758	17	75
ENSG00000261366	27	NA
ENSG00000171314	19	15
ENSG00000115561	51	476
ENSG00000089154	41	15
ENSG00000175550	42	36
ENSG00000253741	80	12
ENSG00000286989	24	1
ENSG00000153201	80	2
ENSG00000116478	20	4
ENSG00000133612	29	6
ENSG00000146276	89	NA
ENSG00000175582	34	136
ENSG00000143995	17	28
ENSG00000197044	140	11
ENSG00000265293	66	3
ENSG00000137210	48	4
ENSG00000179943	50	6
ENSG00000279476	73	16
ENSG00000119013	10	NA
ENSG00000117228	6	NA
ENSG00000287042	18	NA
ENSG00000135414	3	NA
ENSG00000246308	55	18
ENSG00000006194	33	24
ENSG00000136436	24	36
ENSG00000137509	41	36
ENSG00000105983	14	296
ENSG00000236244	51	156
ENSG00000182901	20	100
ENSG00000106628	94	NA
ENSG00000286921	8	NA
ENSG00000257221	33	NA
ENSG00000132002	157	19
ENSG00000092470	49	22
ENSG00000125484	88	147
ENSG00000144214	71	127
ENSG00000081692	61	21
ENSG00000134480	55	63
ENSG00000157450	44	137
ENSG00000269958	12	159
ENSG00000138356	51	107
ENSG00000258935	72	16
ENSG00000213719	8	1
ENSG00000166004	12	10
ENSG00000161526	42	NA
ENSG00000261115	33	191
ENSG00000138777	42	NA
ENSG00000101290	41	267
ENSG00000067167	5	NA
ENSG00000180008	67	NA
ENSG00000046889	27	131
ENSG00000103089	8	12
ENSG00000197046	17	1
ENSG00000115866	9	NA
ENSG00000169933	139	233
ENSG00000175175	67	116
ENSG00000237065	49	NA
ENSG00000140382	64	172
ENSG00000096092	22	2
ENSG00000156535	25	7
ENSG00000143226	14	38
ENSG00000259448	66	NA
ENSG00000116521	33	NA
ENSG00000141027	39	7
ENSG00000198026	6	NA
ENSG00000183935	44	7
ENSG00000186376	138	NA
ENSG00000129636	88	264
ENSG00000135454	32	1
ENSG00000185267	34	3
ENSG00000130520	27	4
ENSG00000182327	55	57
ENSG00000166526	25	69
ENSG00000104904	49	53
ENSG00000156983	29	142
ENSG00000124702	9	7
ENSG00000104722	51	192
ENSG00000169189	32	NA
ENSG00000204287	27	37
ENSG00000204217	31	13
ENSG00000272072	13	18
ENSG00000069966	27	28
ENSG00000170889	50	NA
ENSG00000279277	17	NA
ENSG00000096717	31	4
ENSG00000140323	48	184
ENSG00000149090	19	NA
ENSG00000123415	12	8
ENSG00000163605	32	1
ENSG00000178234	11	2
ENSG00000125827	25	249
ENSG00000273270	111	21
ENSG00000126790	124	2
ENSG00000115526	12	NA
ENSG00000267882	24	34
ENSG00000133055	41	56
ENSG00000231966	107	1
ENSG00000264304	34	6
ENSG00000184985	5	109
ENSG00000196972	572	215
ENSG00000114735	47	NA
ENSG00000091181	183	NA
ENSG00000174839	6	281
ENSG00000164011	15	NA
ENSG00000137154	29	39
ENSG00000126947	17	65
ENSG00000138623	41	NA
ENSG00000144118	21	8
ENSG00000278863	43	19
ENSG00000177200	70	150
ENSG00000270110	57	38
ENSG00000120438	22	11
ENSG00000286017	79	NA
ENSG00000135297	34	2
ENSG00000285533	63	13
ENSG00000176444	31	4
ENSG00000203987	56	138
ENSG00000273008	108	11
ENSG00000075568	3	NA
ENSG00000154124	36	6
ENSG00000106803	16	45
ENSG00000164188	19	12
ENSG00000149136	15	85
ENSG00000162188	10	159
ENSG00000013523	104	NA
ENSG00000107581	7	215
ENSG00000111110	50	91
ENSG00000174684	24	239
ENSG00000147955	79	50
ENSG00000163449	38	72
ENSG00000146090	60	1
ENSG00000127452	147	5
ENSG00000175110	26	237
ENSG00000172366	118	4
ENSG00000166411	28	501
ENSG00000041988	9	42
ENSG00000123684	7	160
ENSG00000087470	123	20
ENSG00000116652	12	38
ENSG00000285589	57	NA
ENSG00000164976	30	118
ENSG00000247092	111	156
ENSG00000128789	20	92
ENSG00000213066	27	9
ENSG00000121775	13	60
ENSG00000143353	53	7
ENSG00000245910	27	60
ENSG00000236155	73	NA
ENSG00000127947	22	6
ENSG00000116688	11	279
ENSG00000167797	86	2
ENSG00000101230	56	NA
ENSG00000123154	169	6
ENSG00000269318	177	4
ENSG00000119280	22	6
ENSG00000233061	25	1
ENSG00000181227	19	42
ENSG00000128203	90	83
ENSG00000165672	19	7
ENSG00000171791	94	107
ENSG00000181220	3	NA
ENSG00000181894	81	216
ENSG00000168701	56	2
ENSG00000111358	197	NA
ENSG00000188322	6	1
ENSG00000138400	26	NA
ENSG00000131381	43	107
ENSG00000110002	34	7
ENSG00000164815	29	8
ENSG00000136280	10	31
ENSG00000106603	142	NA
ENSG00000264895	40	NA
ENSG00000186106	18	40
ENSG00000136935	25	1
ENSG00000166359	255	5
ENSG00000128309	49	15
ENSG00000165637	59	165
ENSG00000232043	14	8
ENSG00000204439	32	186
ENSG00000128872	45	144
ENSG00000143158	27	17
ENSG00000228253	4	103
ENSG00000146216	8	NA
ENSG00000070214	10	4
ENSG00000112996	10	149
ENSG00000254004	72	NA
ENSG00000225439	44	73
ENSG00000141934	10	1
ENSG00000198258	26	12
ENSG00000186818	22	53
ENSG00000221869	9	2
ENSG00000141506	15	27
ENSG00000129538	12	11
ENSG00000110693	38	154
ENSG00000129315	22	312
ENSG00000175334	27	36
ENSG00000074603	7	122
ENSG00000274414	90	NA
ENSG00000213638	141	4
ENSG00000080822	11	5
ENSG00000099899	101	15
ENSG00000131470	49	NA
ENSG00000224531	46	52
ENSG00000173020	13	54
ENSG00000125386	12	NA
ENSG00000237289	125	NA
ENSG00000141664	70	NA
ENSG00000148848	35	86
ENSG00000106591	77	NA
ENSG00000237212	99	1
ENSG00000185442	42	4
ENSG00000163728	48	NA
ENSG00000114790	25	82
ENSG00000185414	43	19
ENSG00000176971	18	10
ENSG00000160570	61	72
ENSG00000131174	18	14
ENSG00000164307	20	1
ENSG00000134982	47	6
ENSG00000108001	48	91
ENSG00000206601	44	NA
ENSG00000148803	34	NA
ENSG00000006432	40	NA
ENSG00000225387	52	NA
ENSG00000118496	144	NA
ENSG00000153310	11	51
ENSG00000155096	14	336
ENSG00000188833	44	34
ENSG00000181789	64	155
ENSG00000171475	59	NA
ENSG00000251523	31	3
ENSG00000159784	22	95
ENSG00000129151	33	18
ENSG00000245148	9	75
ENSG00000178252	40	1
ENSG00000143061	3	87
ENSG00000187556	12	41
ENSG00000178075	25	61
ENSG00000056586	12	112
ENSG00000213593	24	NA
ENSG00000255153	66	9
ENSG00000166091	35	NA
ENSG00000286242	27	7
ENSG00000125462	3	3
ENSG00000179222	16	4
ENSG00000271646	28	1
ENSG00000197258	4	237
ENSG00000138071	13	320
ENSG00000152558	19	15
ENSG00000167972	2	NA
ENSG00000007080	32	26
ENSG00000077420	35	66
ENSG00000136143	69	25
ENSG00000137100	34	27
ENSG00000177485	228	43
ENSG00000273486	63	NA
ENSG00000116750	11	32
ENSG00000129810	140	NA
ENSG00000174007	35	NA
ENSG00000134717	66	3
ENSG00000104979	49	7
ENSG00000115652	30	6
ENSG00000225973	68	9
ENSG00000138085	23	6
ENSG00000109771	11	NA
ENSG00000250182	8	2
ENSG00000075826	3	14
ENSG00000100129	36	423
ENSG00000271971	6	418
ENSG00000011600	41	57
ENSG00000104325	39	19
ENSG00000169567	26	24
ENSG00000092148	65	268
ENSG00000287193	54	NA
ENSG00000165832	43	393
ENSG00000136819	25	17
ENSG00000162999	101	NA
ENSG00000105255	115	16
ENSG00000151116	67	16
ENSG00000154582	5	19
ENSG00000172348	24	118
ENSG00000286372	39	2
ENSG00000125534	11	NA
ENSG00000143363	42	116
ENSG00000184697	106	61
ENSG00000106086	16	3
ENSG00000136541	9	22
ENSG00000135336	52	NA
ENSG00000246067	78	2
ENSG00000260392	145	NA
ENSG00000260097	3	3
ENSG00000134461	16	42
ENSG00000125821	138	9
ENSG00000110911	14	41
ENSG00000198075	47	15
ENSG00000187605	14	NA
ENSG00000162385	4	17
ENSG00000116171	19	NA
ENSG00000287663	23	11
ENSG00000269514	98	2
ENSG00000231920	76	NA
ENSG00000213088	25	5
ENSG00000049883	21	237
ENSG00000072201	40	406
ENSG00000197136	8	NA
ENSG00000137274	51	NA
ENSG00000242507	35	NA
ENSG00000165966	57	26
ENSG00000242338	75	NA
ENSG00000114859	41	NA
ENSG00000135838	11	35
ENSG00000139645	7	NA
ENSG00000143321	23	70
ENSG00000163026	14	7
ENSG00000179361	20	NA
ENSG00000185518	50	189
ENSG00000025800	43	207
ENSG00000060138	10	12
ENSG00000277493	229	NA
ENSG00000234338	15	1
ENSG00000180806	7	2
ENSG00000254726	100	NA
ENSG00000109103	57	NA
ENSG00000130764	29	127
ENSG00000034713	16	3
ENSG00000182173	63	80
ENSG00000065923	69	370
ENSG00000245694	21	119
ENSG00000171067	27	1
ENSG00000287963	2	78
ENSG00000163617	113	46
ENSG00000261455	75	110
ENSG00000113068	18	37
ENSG00000145041	20	66
ENSG00000183665	8	223
ENSG00000248275	10	1
ENSG00000185774	9	288
ENSG00000153207	9	1
ENSG00000066827	27	2
ENSG00000247828	61	1
ENSG00000267909	42	566
ENSG00000163528	17	39
ENSG00000279692	94	9
ENSG00000149182	98	10
ENSG00000114416	34	54
ENSG00000280222	39	14
ENSG00000080493	9	85
ENSG00000169427	38	50
ENSG00000137672	16	79
ENSG00000184840	11	NA
ENSG00000250848	55	18
ENSG00000271789	21	113
ENSG00000256762	30	5
ENSG00000167642	54	267
ENSG00000112799	19	45
ENSG00000255035	102	NA
ENSG00000145391	21	80
ENSG00000124279	120	NA
ENSG00000245937	3	6
ENSG00000136522	5	NA
ENSG00000280234	66	2
ENSG00000198830	37	NA
ENSG00000251189	85	NA
ENSG00000154957	154	17
ENSG00000162636	37	228
ENSG00000113790	26	11
ENSG00000159348	22	NA
ENSG00000171566	74	1
ENSG00000005156	39	36
ENSG00000173786	15	10
ENSG00000161638	6	6
ENSG00000182095	10	NA
ENSG00000106683	64	49
ENSG00000138650	20	22
ENSG00000152433	57	9
ENSG00000143819	28	14
ENSG00000250365	21	NA
ENSG00000287287	42	9
ENSG00000259642	11	117
ENSG00000110422	19	8
ENSG00000132581	12	2
ENSG00000249318	18	NA
ENSG00000105048	43	NA
ENSG00000188976	9	64
ENSG00000185988	62	NA
ENSG00000088035	53	NA
ENSG00000143545	7	3
ENSG00000134780	18	13
ENSG00000219926	4	4
ENSG00000224470	53	120
ENSG00000240499	11	NA
ENSG00000188107	50	NA
ENSG00000280057	143	1
ENSG00000147174	402	111
ENSG00000246575	86	4
ENSG00000185869	14	NA
ENSG00000233476	9	1
ENSG00000138399	24	4
ENSG00000168894	49	NA
ENSG00000160716	19	325
ENSG00000236255	77	NA
ENSG00000177855	22	NA
ENSG00000102699	32	91
ENSG00000173064	19	5
ENSG00000257095	25	NA
ENSG00000150456	10	NA
ENSG00000145293	31	5
ENSG00000240849	97	NA
ENSG00000198711	37	NA
ENSG00000114978	111	6
ENSG00000158019	16	6
ENSG00000117632	6	4
ENSG00000096654	78	NA
ENSG00000239887	12	2
ENSG00000230035	34	27
ENSG00000143473	34	130
ENSG00000255320	53	19
ENSG00000276058	150	NA
ENSG00000243069	15	5
ENSG00000163629	44	130
ENSG00000238227	18	11
ENSG00000123444	68	233
ENSG00000100823	87	7
ENSG00000225663	21	57
ENSG00000047634	41	NA
ENSG00000160783	25	8
ENSG00000124608	31	4
ENSG00000108819	18	56
ENSG00000254672	41	1
ENSG00000234445	70	1
ENSG00000257390	67	NA
ENSG00000065135	36	61
ENSG00000266498	26	2
ENSG00000118454	11	7
ENSG00000243445	29	NA
ENSG00000151461	58	1
ENSG00000148399	68	1
ENSG00000225399	69	15
ENSG00000184226	49	92
ENSG00000119929	9	11
ENSG00000162493	11	3
ENSG00000092108	46	1
ENSG00000032389	20	14
ENSG00000140332	127	5
ENSG00000273002	4	1
ENSG00000226499	46	NA
ENSG00000183458	2	7
ENSG00000280062	130	17
ENSG00000179406	6	171
ENSG00000228594	32	25
ENSG00000257771	26	7
ENSG00000144589	28	NA
ENSG00000259881	51	70
ENSG00000144460	11	2
ENSG00000108479	199	1
ENSG00000103512	48	103
ENSG00000105393	5	82
ENSG00000175727	24	30
ENSG00000179163	21	1
ENSG00000273618	26	67
ENSG00000198431	56	11
ENSG00000255690	6	40
ENSG00000237949	11	7
ENSG00000285581	51	137
ENSG00000143375	11	22
ENSG00000109606	22	2
ENSG00000220506	7	NA
ENSG00000117500	24	9
ENSG00000213713	76	349
ENSG00000127980	13	4
ENSG00000205726	30	11
ENSG00000196139	49	11
ENSG00000197779	75	122
ENSG00000083896	1	3
ENSG00000131844	88	5
ENSG00000140988	35	1
ENSG00000180938	62	1
ENSG00000134809	38	1
ENSG00000177830	20	NA
ENSG00000013288	20	6
ENSG00000088298	41	NA
ENSG00000182050	13	67
ENSG00000287527	72	27
ENSG00000286736	79	13
ENSG00000203721	86	4
ENSG00000163684	1	NA
ENSG00000179082	159	12
ENSG00000017797	42	11
ENSG00000113595	55	17
ENSG00000113282	12	35
ENSG00000236480	55	NA
ENSG00000135063	13	39
ENSG00000171435	26	13
ENSG00000185674	10	NA
ENSG00000125122	49	9
ENSG00000256356	5	NA
ENSG00000152382	8	48
ENSG00000127314	7	NA
ENSG00000136940	23	27
ENSG00000160117	39	13
ENSG00000139428	82	2
ENSG00000149657	21	164
ENSG00000109189	32	120
ENSG00000226239	2	7
ENSG00000107020	20	NA
ENSG00000102572	48	174
ENSG00000255741	57	1
ENSG00000168461	20	78
ENSG00000139977	60	31
ENSG00000161544	26	59
ENSG00000147144	247	34
ENSG00000175556	97	239
ENSG00000197603	69	3
ENSG00000268049	170	NA
ENSG00000286773	32	NA
ENSG00000108561	18	121
ENSG00000251405	37	30
ENSG00000144834	6	42
ENSG00000164061	10	2
ENSG00000176018	26	2
ENSG00000249661	11	NA
ENSG00000167483	45	NA
ENSG00000069764	38	1
ENSG00000132837	14	4
ENSG00000284693	17	NA
ENSG00000212864	6	32
ENSG00000175166	22	91
ENSG00000150316	12	49
ENSG00000283761	14	NA
ENSG00000143387	58	35
ENSG00000272219	48	52
ENSG00000277142	32	39
ENSG00000170549	20	7
ENSG00000111642	11	163
ENSG00000138035	56	78
ENSG00000119715	41	82
ENSG00000179598	24	6
ENSG00000269044	39	10
ENSG00000095059	80	66
ENSG00000162104	28	3
ENSG00000224505	136	7
ENSG00000248643	71	NA
ENSG00000189266	21	1
ENSG00000230280	10	NA
ENSG00000111886	54	NA
ENSG00000204120	15	NA
ENSG00000115241	1	5
ENSG00000147724	47	52
ENSG00000187514	21	14
ENSG00000287990	63	3
ENSG00000009830	72	10
ENSG00000269387	40	5
ENSG00000169740	10	5
ENSG00000072840	23	74
ENSG00000159459	17	391
ENSG00000250722	6	35
ENSG00000120458	44	89
ENSG00000183066	78	NA
ENSG00000083093	182	80
ENSG00000271013	162	NA
ENSG00000232044	7	15
ENSG00000175054	91	NA
ENSG00000176095	5	2
ENSG00000117906	46	115
ENSG00000086102	36	NA
ENSG00000178498	61	12
ENSG00000166949	35	90
ENSG00000156711	84	NA
ENSG00000171311	99	46
ENSG00000171823	37	16
ENSG00000180964	15	4
ENSG00000146676	30	94
ENSG00000148334	9	160
ENSG00000068912	65	39
ENSG00000284874	84	7
ENSG00000172086	5	4
ENSG00000110237	31	34
ENSG00000151151	32	21
ENSG00000242498	97	20
ENSG00000104375	20	40
ENSG00000005194	10	8
ENSG00000219545	125	NA
ENSG00000107736	1	NA
ENSG00000129990	49	32
ENSG00000105289	110	59
ENSG00000175137	23	38
ENSG00000099381	36	2
ENSG00000185760	29	150
ENSG00000213073	39	NA
ENSG00000161203	22	92
ENSG00000128881	45	36
ENSG00000111639	14	NA
ENSG00000007202	24	207
ENSG00000171224	9	72
ENSG00000188846	18	33
ENSG00000142197	180	88
ENSG00000164089	24	46
ENSG00000125166	22	64
ENSG00000116199	21	96
ENSG00000130309	91	7
ENSG00000131748	58	64
ENSG00000144028	5	47
ENSG00000235020	46	6
ENSG00000259294	4	15
ENSG00000197818	180	13
ENSG00000163531	26	6
ENSG00000134375	11	5
ENSG00000260572	7	4
ENSG00000099256	13	8
ENSG00000148795	193	NA
ENSG00000150681	1	36
ENSG00000169762	42	19
ENSG00000145337	13	NA
ENSG00000100335	69	470
ENSG00000145545	9	81
ENSG00000137218	85	2
ENSG00000125730	37	80
ENSG00000183160	19	45
ENSG00000133069	24	53
ENSG00000286196	41	NA
ENSG00000130748	105	59
ENSG00000175449	96	NA
ENSG00000254595	2	184
ENSG00000145332	63	87
ENSG00000184492	51	NA
ENSG00000134508	16	54
ENSG00000136156	2	50
ENSG00000205090	7	3
ENSG00000204209	37	94
ENSG00000186951	80	88
ENSG00000152104	18	102
ENSG00000280474	57	12
ENSG00000205424	81	108
ENSG00000090534	71	NA
ENSG00000273274	46	NA
ENSG00000213058	1	NA
ENSG00000185900	14	68
ENSG00000164022	19	1
ENSG00000118322	5	29
ENSG00000135929	22	17
ENSG00000103037	12	NA
ENSG00000144895	22	2
ENSG00000119669	24	5
ENSG00000123612	26	77
ENSG00000138688	22	2
ENSG00000249695	3	3
ENSG00000055163	41	192
ENSG00000002746	9	52
ENSG00000110107	4	16
ENSG00000184156	35	86
ENSG00000196700	50	3
ENSG00000279716	42	2
ENSG00000279434	110	21
ENSG00000108468	39	81
ENSG00000140527	121	12
ENSG00000139372	37	NA
ENSG00000108528	121	224
ENSG00000091542	26	35
ENSG00000154310	8	94
ENSG00000134278	37	115
ENSG00000184588	9	33
ENSG00000112941	6	NA
ENSG00000072518	31	12
ENSG00000276855	36	NA
ENSG00000111837	9	10
ENSG00000108861	107	210
ENSG00000040341	30	89
ENSG00000135404	16	NA
ENSG00000188647	50	19
ENSG00000260672	49	1
ENSG00000225670	16	11
ENSG00000271151	74	5
ENSG00000136810	29	11
ENSG00000050820	65	NA
ENSG00000171873	92	NA
ENSG00000230201	54	79
ENSG00000181555	14	1
ENSG00000116574	11	NA
ENSG00000160299	35	NA
ENSG00000249150	64	8
ENSG00000114767	11	7
ENSG00000116251	37	NA
ENSG00000126602	4	13
ENSG00000286616	33	1
ENSG00000114054	29	39
ENSG00000136770	28	26
ENSG00000135766	25	182
ENSG00000266852	34	NA
ENSG00000130254	46	35
ENSG00000124532	17	11
ENSG00000117425	109	209
ENSG00000122778	20	55
ENSG00000164615	5	14
ENSG00000111716	6	73
ENSG00000169116	27	117
ENSG00000165023	17	65
ENSG00000143970	15	20
ENSG00000135899	16	14
ENSG00000247271	58	14
ENSG00000204922	38	3
ENSG00000013810	39	NA
ENSG00000140157	19	175
ENSG00000133114	37	NA
ENSG00000148798	30	95
ENSG00000123575	24	NA
ENSG00000170190	157	NA
ENSG00000013297	14	6
ENSG00000164885	15	147
ENSG00000140400	17	3
ENSG00000264269	24	1
ENSG00000102144	47	48
ENSG00000261379	3	NA
ENSG00000253710	4	174
ENSG00000178761	20	236
ENSG00000278576	48	1
ENSG00000267372	126	NA
ENSG00000285854	96	NA
ENSG00000270638	60	2
ENSG00000100316	50	5
ENSG00000196151	25	56
ENSG00000145945	32	382
ENSG00000272008	15	32
ENSG00000233954	1	NA
ENSG00000227078	82	6
ENSG00000114279	47	104
ENSG00000229380	30	5
ENSG00000110315	46	7
ENSG00000116991	19	13
ENSG00000165312	13	54
ENSG00000104324	48	21
ENSG00000272343	8	367
ENSG00000264920	52	NA
ENSG00000154429	32	31
ENSG00000136045	57	14
ENSG00000166685	67	131
ENSG00000288063	20	NA
ENSG00000164902	11	22
ENSG00000093100	92	86
ENSG00000173110	4	NA
ENSG00000240445	40	180
ENSG00000164258	17	NA
ENSG00000237410	33	80
ENSG00000198642	29	26
ENSG00000033011	182	126
ENSG00000279133	35	NA
ENSG00000285994	40	40
ENSG00000140350	11	65
ENSG00000168679	61	NA
ENSG00000044115	22	NA
ENSG00000267939	31	NA
ENSG00000004975	45	1
ENSG00000254363	31	8
ENSG00000145494	38	9
ENSG00000230989	32	3
ENSG00000087077	10	58
ENSG00000244026	37	NA
ENSG00000211460	9	20
ENSG00000148225	30	1
ENSG00000254487	28	NA
ENSG00000065559	72	20
ENSG00000164509	23	NA
ENSG00000215218	25	64
ENSG00000173013	46	7
ENSG00000168589	74	NA
ENSG00000137573	12	3
ENSG00000173926	8	31
ENSG00000023516	26	34
ENSG00000169860	5	66
ENSG00000160957	47	21
ENSG00000138107	29	15
ENSG00000287965	63	1
ENSG00000213918	19	1
ENSG00000196295	1	NA
ENSG00000256667	11	NA
ENSG00000153086	2	NA
ENSG00000181827	33	1
ENSG00000287878	26	NA
ENSG00000137601	10	14
ENSG00000116005	37	211
ENSG00000143994	14	37
ENSG00000268182	62	120
ENSG00000240695	71	7
ENSG00000144426	25	60
ENSG00000136936	51	NA
ENSG00000178342	36	NA
ENSG00000125458	68	6
ENSG00000280207	20	22
ENSG00000158869	18	39
ENSG00000083838	102	15
ENSG00000000003	75	141
ENSG00000109805	28	NA
ENSG00000252821	43	10
ENSG00000141294	22	NA
ENSG00000204403	11	NA
ENSG00000123395	27	35
ENSG00000183960	14	NA
ENSG00000136261	63	NA
ENSG00000218536	13	NA
ENSG00000165181	30	12
ENSG00000166780	7	36
ENSG00000237325	112	69
ENSG00000166887	90	NA
ENSG00000099800	45	1
ENSG00000170027	42	154
ENSG00000135829	3	13
ENSG00000146233	39	NA
ENSG00000108439	104	NA
ENSG00000122584	37	102
ENSG00000100490	72	2
ENSG00000112851	21	43
ENSG00000136897	28	7
ENSG00000176101	12	12
ENSG00000185352	21	18
ENSG00000067369	69	157
ENSG00000052841	23	79
ENSG00000168286	24	68
ENSG00000154001	16	303
ENSG00000111262	17	15
ENSG00000163823	8	63
ENSG00000103657	7	2
ENSG00000006210	16	82
ENSG00000179387	37	5
ENSG00000223963	63	NA
ENSG00000116030	14	11
ENSG00000274922	19	1
ENSG00000235257	25	NA
ENSG00000111843	58	16
ENSG00000096063	36	NA
ENSG00000148482	5	15
ENSG00000126838	9	1
ENSG00000141449	18	90
ENSG00000158526	45	5
ENSG00000262873	20	NA
ENSG00000150977	54	3
ENSG00000167191	41	49
ENSG00000163349	32	200
ENSG00000132141	146	11
ENSG00000100065	2	4
ENSG00000181904	12	20
ENSG00000230612	13	NA
ENSG00000160917	15	2
ENSG00000260634	42	NA
ENSG00000130921	26	43
ENSG00000154856	7	78
ENSG00000164978	8	NA
ENSG00000168092	22	86
ENSG00000272702	69	9
ENSG00000139083	13	4
ENSG00000114686	15	NA
ENSG00000229689	10	293
ENSG00000160959	8	NA
ENSG00000115128	23	19
ENSG00000249456	43	1
ENSG00000230551	13	NA
ENSG00000230701	57	7
ENSG00000129245	45	87
ENSG00000114654	23	50
ENSG00000265452	24	67
ENSG00000081870	7	NA
ENSG00000166402	12	254
ENSG00000138395	26	6
ENSG00000032742	41	NA
ENSG00000198580	69	NA
ENSG00000160791	10	11
ENSG00000205274	29	NA
ENSG00000269806	25	118
ENSG00000173898	6	57
ENSG00000007541	21	2
ENSG00000116954	8	6
ENSG00000111275	10	21
ENSG00000224731	4	282
ENSG00000115295	6	NA
ENSG00000273367	16	91
ENSG00000168556	19	3
ENSG00000050748	16	185
ENSG00000026508	18	5
ENSG00000104218	90	31
ENSG00000225342	37	NA
ENSG00000101452	312	34
ENSG00000121579	37	1
ENSG00000188566	5	12
ENSG00000047597	22	266
ENSG00000235927	71	NA
ENSG00000142230	26	29
ENSG00000279759	35	50
ENSG00000074047	9	52
ENSG00000184481	122	5
ENSG00000142453	21	NA
ENSG00000260464	57	420
ENSG00000084444	28	337
ENSG00000174233	15	3
ENSG00000154127	56	209
ENSG00000237938	23	38
ENSG00000134852	18	215
ENSG00000204311	46	17
ENSG00000260494	26	NA
ENSG00000166908	23	50
ENSG00000176058	2	8
ENSG00000130159	22	17
ENSG00000138794	15	37
ENSG00000175414	12	NA
ENSG00000100580	27	60
ENSG00000168077	27	7
ENSG00000155975	4	109
ENSG00000253368	7	125
ENSG00000253696	12	NA
ENSG00000011332	62	NA
ENSG00000174799	14	NA
ENSG00000232040	69	35
ENSG00000172824	96	4
ENSG00000005206	169	11
ENSG00000166816	37	5
ENSG00000182768	48	71
ENSG00000167306	47	NA
ENSG00000163093	10	35
ENSG00000108641	19	2
ENSG00000143486	39	NA
ENSG00000053438	59	36
ENSG00000185271	19	NA
ENSG00000275413	14	244
ENSG00000176055	22	35
ENSG00000116586	13	NA
ENSG00000183696	17	NA
ENSG00000154059	66	8
ENSG00000133065	30	10
ENSG00000100280	255	NA
ENSG00000280347	10	11
ENSG00000127184	28	32
ENSG00000284738	8	1
ENSG00000103160	20	59
ENSG00000145819	35	122
ENSG00000155287	5	272
ENSG00000226919	22	243
ENSG00000122420	6	NA
ENSG00000100167	49	331
ENSG00000280010	82	38
ENSG00000065427	16	87
ENSG00000065526	11	1
ENSG00000183291	10	NA
ENSG00000155275	16	5
ENSG00000173726	34	113
ENSG00000104529	31	24
ENSG00000183250	259	16
ENSG00000164211	27	64
ENSG00000116473	51	2
ENSG00000089041	91	NA
ENSG00000156574	37	NA
ENSG00000174721	47	4
ENSG00000130540	89	276
ENSG00000100445	68	2
ENSG00000137266	78	14
ENSG00000100387	19	110
ENSG00000152082	38	5
ENSG00000232729	39	NA
ENSG00000257438	39	NA
ENSG00000135338	25	3
ENSG00000065357	26	NA
ENSG00000155974	24	164
ENSG00000198019	2	8
ENSG00000040199	48	62
ENSG00000180370	10	NA
ENSG00000135108	37	380
ENSG00000132405	9	115
ENSG00000266993	7	NA
ENSG00000145284	8	87
ENSG00000094916	19	65
ENSG00000287625	75	21
ENSG00000141968	37	29
ENSG00000180902	122	2
ENSG00000141012	16	12
ENSG00000115137	20	261
ENSG00000238058	2	NA
ENSG00000173947	20	NA
ENSG00000078319	26	1
ENSG00000159792	104	NA
ENSG00000271714	48	1
ENSG00000111328	14	NA
ENSG00000165572	4	16
ENSG00000179523	15	NA
ENSG00000262652	16	49
ENSG00000162819	11	21
ENSG00000172508	21	5
ENSG00000172901	77	NA
ENSG00000119514	31	NA
ENSG00000203307	70	NA
ENSG00000253965	75	NA
ENSG00000109943	6	11
ENSG00000168118	15	10
ENSG00000114125	16	163
ENSG00000243789	60	62
ENSG00000047365	16	108
ENSG00000157778	21	40
ENSG00000158169	45	61
ENSG00000154144	9	24
ENSG00000279633	42	29
ENSG00000198242	18	NA
ENSG00000167523	29	NA
ENSG00000142408	57	125
ENSG00000092931	97	NA
ENSG00000119772	2	NA
ENSG00000245293	2	4
ENSG00000178982	28	13
ENSG00000140990	30	51
ENSG00000159176	2	NA
ENSG00000160190	42	23
ENSG00000131368	29	1
ENSG00000096070	52	NA
ENSG00000274996	39	144
ENSG00000103047	129	145
ENSG00000116791	8	NA
ENSG00000285486	5	11
ENSG00000261168	44	49
ENSG00000115718	8	NA
ENSG00000128513	46	NA
ENSG00000109193	18	3
ENSG00000163430	16	40
ENSG00000127585	13	115
ENSG00000198856	66	5
ENSG00000020129	14	131
ENSG00000185122	31	12
ENSG00000221883	26	1
ENSG00000166317	62	6
ENSG00000257935	37	54
ENSG00000104883	136	3
ENSG00000123908	22	21
ENSG00000276255	16	16
ENSG00000108651	20	66
ENSG00000170903	11	NA
ENSG00000038382	7	NA
ENSG00000111647	67	520
ENSG00000175395	16	147
ENSG00000170486	34	18
ENSG00000067606	35	63
ENSG00000116198	11	4
ENSG00000165113	32	78
ENSG00000163399	9	164
ENSG00000235740	40	NA
ENSG00000136044	31	50
ENSG00000152409	35	5
ENSG00000186198	12	NA
ENSG00000137404	9	19
ENSG00000055130	24	35
ENSG00000237989	1	NA
ENSG00000272990	13	344
ENSG00000213064	13	82
ENSG00000140740	52	4
ENSG00000111737	9	58
ENSG00000137692	30	243
ENSG00000165185	47	17
ENSG00000228113	87	1
ENSG00000136709	24	326
ENSG00000160097	15	45
ENSG00000132323	3	35
ENSG00000138185	17	14
ENSG00000126698	10	4
ENSG00000286532	24	25
ENSG00000125675	126	189
ENSG00000124767	6	NA
ENSG00000084112	25	115
ENSG00000155876	26	228
ENSG00000273828	18	6
ENSG00000270171	1	NA
ENSG00000164077	3	NA
ENSG00000088247	52	78
ENSG00000218739	19	1
ENSG00000189403	14	NA
ENSG00000160396	58	NA
ENSG00000244617	31	59
ENSG00000172543	8	40
ENSG00000175348	10	1
ENSG00000231587	8	2
ENSG00000163501	43	NA
ENSG00000213976	38	1
ENSG00000131143	20	18
ENSG00000226913	17	NA
ENSG00000206538	24	3
ENSG00000236431	14	241
ENSG00000151651	3	NA
ENSG00000151376	55	NA
ENSG00000244124	15	NA
ENSG00000184313	6	9
ENSG00000187486	2	NA
ENSG00000095321	14	NA
ENSG00000122545	3	NA
ENSG00000169813	23	18
ENSG00000072803	31	115
ENSG00000143294	18	52
ENSG00000065809	27	NA
ENSG00000198133	33	17
ENSG00000242613	25	NA
ENSG00000160445	8	4
ENSG00000203876	80	NA
ENSG00000176946	15	62
ENSG00000267612	44	171
ENSG00000166913	35	136
ENSG00000178980	13	1
ENSG00000106571	16	78
ENSG00000267346	56	16
ENSG00000143493	76	2
ENSG00000077235	34	NA
ENSG00000183654	17	6
ENSG00000108523	14	48
ENSG00000186187	42	NA
ENSG00000179151	4	108
ENSG00000024862	15	190
ENSG00000119408	27	74
ENSG00000197386	7	4
ENSG00000139163	24	NA
ENSG00000144369	11	1
ENSG00000172336	27	76
ENSG00000229719	22	113
ENSG00000104064	23	1
ENSG00000147650	19	346
ENSG00000172869	8	99
ENSG00000279077	37	2
ENSG00000111481	35	NA
ENSG00000085117	30	13
ENSG00000177030	13	4
ENSG00000134769	76	145
ENSG00000143799	12	85
ENSG00000180096	111	7
ENSG00000111664	65	17
ENSG00000244480	41	NA
ENSG00000090238	7	18
ENSG00000163029	5	41
ENSG00000166716	3	NA
ENSG00000164300	6	11
ENSG00000243244	9	82
ENSG00000149541	9	52
ENSG00000280069	37	31
ENSG00000144655	5	NA
ENSG00000113812	31	107
ENSG00000238107	3	1
ENSG00000176842	23	7
ENSG00000273329	12	1
ENSG00000088205	4	16
ENSG00000231731	13	1
ENSG00000179010	14	9
ENSG00000162066	5	1
ENSG00000180871	3	1
ENSG00000164066	36	NA
ENSG00000110871	28	NA
ENSG00000228502	5	NA
ENSG00000150527	4	NA
ENSG00000003987	23	203
ENSG00000205250	14	NA
ENSG00000167601	71	134
ENSG00000227536	335	NA
ENSG00000186212	20	148
ENSG00000176022	14	17
ENSG00000253389	10	11
ENSG00000167699	23	4
ENSG00000116679	43	NA
ENSG00000048140	10	2
ENSG00000165806	28	40
ENSG00000134709	21	NA
ENSG00000178187	1	4
ENSG00000086232	28	74
ENSG00000160999	16	5
ENSG00000204308	29	1
ENSG00000103199	77	NA
ENSG00000249419	23	NA
ENSG00000074071	30	61
ENSG00000163703	26	6
ENSG00000277435	32	83
ENSG00000175455	19	19
ENSG00000204186	17	50
ENSG00000164031	18	140
ENSG00000160218	28	372
ENSG00000122025	54	5
ENSG00000204472	19	58
ENSG00000156467	18	NA
ENSG00000165868	26	36
ENSG00000162734	10	NA
ENSG00000108784	41	2
ENSG00000174579	17	37
ENSG00000109046	167	1
ENSG00000188419	53	325
ENSG00000170162	6	6
ENSG00000236552	10	NA
ENSG00000227359	66	NA
ENSG00000249568	16	5
ENSG00000198846	21	183
ENSG00000196876	13	7
ENSG00000072858	7	NA
ENSG00000197471	7	38
ENSG00000110436	36	114
ENSG00000100350	74	129
ENSG00000159164	4	123
ENSG00000122512	94	2
ENSG00000146833	40	NA
ENSG00000121440	15	23
ENSG00000177426	35	31
ENSG00000155906	15	6
ENSG00000156860	31	1
ENSG00000146223	13	189
ENSG00000279702	67	75
ENSG00000101152	50	161
ENSG00000010704	16	25
ENSG00000113558	24	7
ENSG00000225620	15	16
ENSG00000170291	21	33
ENSG00000108064	11	21
ENSG00000255302	11	10
ENSG00000261542	6	12
ENSG00000154096	7	10
ENSG00000109685	26	3
ENSG00000136631	4	8
ENSG00000246451	24	2
ENSG00000111058	54	27
ENSG00000065491	2	10
ENSG00000106772	26	6
ENSG00000116918	37	8
ENSG00000049656	12	NA
ENSG00000115816	22	65
ENSG00000261207	39	143
ENSG00000179115	3	62
ENSG00000173950	14	8
ENSG00000196296	11	4
ENSG00000011347	12	75
ENSG00000261716	24	46
ENSG00000157483	5	5
ENSG00000205302	6	2
ENSG00000182636	1	17
ENSG00000136521	48	NA
ENSG00000278922	115	NA
ENSG00000086300	9	14
ENSG00000168899	8	5
ENSG00000159685	33	NA
ENSG00000127989	6	NA
ENSG00000149923	44	45
ENSG00000066044	69	180
ENSG00000286412	25	43
ENSG00000137996	22	7
ENSG00000113163	18	12
ENSG00000031003	5	5
ENSG00000174586	57	40
ENSG00000162419	1	102
ENSG00000137575	1	9
ENSG00000168874	7	11
ENSG00000065243	12	63
ENSG00000139154	8	NA
ENSG00000113328	11	1
ENSG00000054116	3	NA
ENSG00000185477	33	19
ENSG00000240053	96	NA
ENSG00000172458	36	61
ENSG00000198231	41	2
ENSG00000065970	17	29
ENSG00000134504	9	1
ENSG00000152128	6	3
ENSG00000006459	37	18
ENSG00000213742	82	18
ENSG00000270647	4	NA
ENSG00000182359	15	189
ENSG00000133983	9	87
ENSG00000166925	7	1
ENSG00000165030	20	8
ENSG00000121864	10	2
ENSG00000153790	14	NA
ENSG00000253372	26	41
ENSG00000272195	14	2
ENSG00000150625	6	222
ENSG00000115252	5	34
ENSG00000129562	15	7
ENSG00000260618	11	NA
ENSG00000089472	35	59
ENSG00000263001	23	118
ENSG00000197323	5	4
ENSG00000280073	28	14
ENSG00000287086	11	193
ENSG00000163681	28	NA
ENSG00000203865	3	5
ENSG00000279342	4	NA
ENSG00000160867	6	NA
ENSG00000183166	21	273
ENSG00000184752	16	12
ENSG00000124782	15	81
ENSG00000218416	1	NA
ENSG00000122203	51	12
ENSG00000135547	21	25
ENSG00000129167	42	NA
ENSG00000196683	23	33
ENSG00000260492	7	NA
ENSG00000136448	57	63
ENSG00000069345	22	NA
ENSG00000205339	29	297
ENSG00000166197	15	315
ENSG00000155545	39	12
ENSG00000111641	58	NA
ENSG00000100796	77	11
ENSG00000265460	149	2
ENSG00000230084	9	3
ENSG00000005075	7	47
ENSG00000129521	2	2
ENSG00000113407	2	NA
ENSG00000165443	18	NA
ENSG00000164252	14	1
ENSG00000107223	37	9
ENSG00000184185	9	167
ENSG00000254433	19	1
ENSG00000183833	47	1
ENSG00000159433	1	NA
ENSG00000279530	6	1
ENSG00000229638	10	1
ENSG00000279789	55	NA
ENSG00000139998	82	16
ENSG00000278828	40	NA
ENSG00000034152	71	21
ENSG00000164430	5	NA
ENSG00000279147	32	NA
ENSG00000132541	19	65
ENSG00000068697	9	1
ENSG00000268655	87	11
ENSG00000077150	30	5
ENSG00000185522	1	NA
ENSG00000253636	6	248
ENSG00000166452	51	NA
ENSG00000105695	23	13
ENSG00000135999	19	56
ENSG00000139187	57	4
ENSG00000136888	25	1
ENSG00000167863	71	11
ENSG00000103024	21	10
ENSG00000171204	9	NA
ENSG00000267422	16	NA
ENSG00000101343	33	6
ENSG00000156515	20	199
ENSG00000152894	4	16
ENSG00000139220	28	275
ENSG00000184900	51	414
ENSG00000163382	33	10
ENSG00000145592	29	8
ENSG00000147894	101	NA
ENSG00000280780	3	NA
ENSG00000146834	12	18
ENSG00000157429	54	24
ENSG00000204856	7	4
ENSG00000108932	34	NA
ENSG00000064313	1	13
ENSG00000263426	1	3
ENSG00000070601	19	7
ENSG00000279631	29	133
ENSG00000142227	12	2
ENSG00000238278	57	NA
ENSG00000287332	50	NA
ENSG00000137955	48	NA
ENSG00000139915	29	4
ENSG00000070756	12	NA
ENSG00000224204	71	13
ENSG00000115053	28	146
ENSG00000067955	5	3
ENSG00000100884	67	1
ENSG00000253399	20	21
ENSG00000198899	5	227
ENSG00000143442	10	20
ENSG00000179965	11	8
ENSG00000232354	2	3
ENSG00000189221	51	71
ENSG00000007402	14	79
ENSG00000141854	6	3
ENSG00000115756	3	10
ENSG00000199398	64	NA
ENSG00000112578	3	7
ENSG00000100234	8	11
ENSG00000166927	9	NA
ENSG00000139112	26	4
ENSG00000261529	38	3
ENSG00000134453	18	170
ENSG00000174776	21	11
ENSG00000275088	70	NA
ENSG00000235018	120	85
ENSG00000111667	17	108
ENSG00000103404	51	28
ENSG00000166595	10	49
ENSG00000124593	43	NA
ENSG00000131116	10	32
ENSG00000161681	4	5
ENSG00000233293	96	48
ENSG00000269825	3	NA
ENSG00000176732	73	4
ENSG00000109016	22	NA
ENSG00000119616	7	NA
ENSG00000234650	20	NA
ENSG00000268670	10	2
ENSG00000141349	49	2
ENSG00000187091	15	10
ENSG00000112893	10	17
ENSG00000162757	7	10
ENSG00000186417	12	1
ENSG00000110344	23	209
ENSG00000179862	8	NA
ENSG00000151353	16	55
ENSG00000278611	34	NA
ENSG00000179832	8	98
ENSG00000110876	7	2
ENSG00000177707	12	30
ENSG00000160883	25	15
ENSG00000174521	18	11
ENSG00000142507	9	27
ENSG00000176542	10	98
ENSG00000127080	34	11
ENSG00000189343	34	NA
ENSG00000183648	13	10
ENSG00000022355	10	19
ENSG00000068615	14	21
ENSG00000148826	6	1
ENSG00000109762	15	84
ENSG00000224420	42	49
ENSG00000062650	54	3
ENSG00000124172	34	83
ENSG00000066027	12	51
ENSG00000178913	37	NA
ENSG00000074211	32	201
ENSG00000000457	32	NA
ENSG00000286044	32	NA
ENSG00000088986	26	13
ENSG00000286318	5	1
ENSG00000173473	24	3
ENSG00000133134	31	98
ENSG00000164733	6	NA
ENSG00000253738	1	NA
ENSG00000173040	33	29
ENSG00000170345	3	NA
ENSG00000185716	102	34
ENSG00000113327	14	152
ENSG00000172020	8	44
ENSG00000172466	101	15
ENSG00000144357	3	8
ENSG00000148600	9	12
ENSG00000131508	10	10
ENSG00000154305	14	6
ENSG00000160183	21	NA
ENSG00000103723	38	NA
ENSG00000142186	23	49
ENSG00000049618	7	NA
ENSG00000259290	43	NA
ENSG00000056972	7	19
ENSG00000250132	41	76
ENSG00000150787	4	NA
ENSG00000155115	3	NA
ENSG00000178974	52	179
ENSG00000114520	48	22
ENSG00000134440	4	58
ENSG00000165506	16	12
ENSG00000127241	31	8
ENSG00000069956	28	50
ENSG00000143742	13	1
ENSG00000183624	2	28
ENSG00000148468	1	NA
ENSG00000142556	7	10
ENSG00000117016	6	82
ENSG00000162910	26	8
ENSG00000270890	32	NA
ENSG00000254656	47	136
ENSG00000114353	17	NA
ENSG00000145244	24	NA
ENSG00000170144	2	2
ENSG00000120306	4	8
ENSG00000170075	5	3
ENSG00000006652	23	4
ENSG00000173272	29	4
ENSG00000001167	18	24
ENSG00000287654	18	NA
ENSG00000143977	9	13
ENSG00000154978	12	7
ENSG00000161011	16	130
ENSG00000177182	18	39
ENSG00000085276	6	7
ENSG00000125962	220	18
ENSG00000134049	3	9
ENSG00000118777	2	NA
ENSG00000142444	19	37
ENSG00000217555	27	1
ENSG00000106993	5	8
ENSG00000267749	47	77
ENSG00000184677	8	NA
ENSG00000173530	12	1
ENSG00000236760	12	1
ENSG00000169193	20	20
ENSG00000135241	17	NA
ENSG00000158560	42	36
ENSG00000114648	16	21
ENSG00000188167	24	69
ENSG00000179915	16	102
ENSG00000234028	14	NA
ENSG00000230912	83	NA
ENSG00000256746	38	5
ENSG00000141198	119	5
ENSG00000139263	39	94
ENSG00000254545	1	NA
ENSG00000101079	43	139
ENSG00000164024	24	4
ENSG00000107185	12	177
ENSG00000135643	16	5
ENSG00000140396	13	239
ENSG00000123096	13	9
ENSG00000143224	7	NA
ENSG00000182257	80	76
ENSG00000101353	146	21
ENSG00000261823	4	NA
ENSG00000124788	4	1
ENSG00000172748	72	4
ENSG00000084207	7	NA
ENSG00000111530	31	124
ENSG00000152952	22	98
ENSG00000139625	12	47
ENSG00000141434	84	NA
ENSG00000105220	15	6
ENSG00000163032	5	1
ENSG00000150867	18	14
ENSG00000124198	36	396
ENSG00000145348	17	NA
ENSG00000183379	7	NA
ENSG00000178796	19	12
ENSG00000231010	100	35
ENSG00000137166	15	10
ENSG00000198034	25	NA
ENSG00000226979	14	2
ENSG00000147274	426	68
ENSG00000181315	18	17
ENSG00000197746	21	12
ENSG00000116604	2	22
ENSG00000120709	16	9
ENSG00000104859	8	164
ENSG00000114204	9	87
ENSG00000224232	22	NA
ENSG00000120805	40	198
ENSG00000166579	5	31
ENSG00000244134	18	19
ENSG00000164929	46	47
ENSG00000243323	12	10
ENSG00000261556	53	137
ENSG00000147416	13	64
ENSG00000051382	41	178
ENSG00000067560	2	NA
ENSG00000118046	5	5
ENSG00000149328	4	23
ENSG00000111832	7	39
ENSG00000270607	32	5
ENSG00000162341	19	6
ENSG00000164164	16	3
ENSG00000136273	19	1
ENSG00000084623	13	37
ENSG00000205138	37	110
ENSG00000259556	67	91
ENSG00000236423	2	NA
ENSG00000260000	37	NA
ENSG00000176769	16	27
ENSG00000251022	40	8
ENSG00000214517	3	8
ENSG00000280660	18	67
ENSG00000143740	18	277
ENSG00000198894	38	3
ENSG00000105063	110	NA
ENSG00000196166	23	NA
ENSG00000198546	49	67
ENSG00000089094	9	NA
ENSG00000169006	13	4
ENSG00000186919	29	57
ENSG00000105851	18	65
ENSG00000242265	32	239
ENSG00000103042	48	NA
ENSG00000251003	28	1
ENSG00000166855	53	NA
ENSG00000274751	3	NA
ENSG00000124613	2	NA
ENSG00000146352	5	18
ENSG00000145864	11	235
ENSG00000248863	1	NA
ENSG00000125944	9	NA
ENSG00000141424	37	132
ENSG00000226396	5	113
ENSG00000170860	17	4
ENSG00000214389	6	NA
ENSG00000286695	5	1
ENSG00000185813	19	12
ENSG00000185155	9	24
ENSG00000137098	38	3
ENSG00000136160	11	30
ENSG00000179886	7	1
ENSG00000145912	7	11
ENSG00000152137	17	NA
ENSG00000137496	22	8
ENSG00000138430	13	38
ENSG00000161204	13	NA
ENSG00000236266	9	NA
ENSG00000129667	15	17
ENSG00000162576	5	8
ENSG00000163288	16	50
ENSG00000113721	18	35
ENSG00000163933	44	NA
ENSG00000145817	13	10
ENSG00000115468	10	1
ENSG00000084092	10	97
ENSG00000165502	24	3
ENSG00000011426	10	13
ENSG00000217930	8	3
ENSG00000188186	24	55
ENSG00000081019	5	24
ENSG00000159496	47	27
ENSG00000197081	16	80
ENSG00000164603	20	2
ENSG00000095970	25	52
ENSG00000258891	39	1
ENSG00000132517	53	41
ENSG00000229619	9	NA
ENSG00000076382	17	NA
ENSG00000113456	24	393
ENSG00000092439	66	1
ENSG00000213152	12	NA
ENSG00000038219	5	109
ENSG00000117395	2	NA
ENSG00000254198	14	315
ENSG00000272374	12	14
ENSG00000197885	8	36
ENSG00000139436	11	50
ENSG00000228878	28	1
ENSG00000065154	9	NA
ENSG00000054523	6	4
ENSG00000162512	19	26
ENSG00000153443	21	50
ENSG00000236671	23	135
ENSG00000146215	38	1
ENSG00000169020	1	9
ENSG00000148737	5	100
ENSG00000177984	37	6
ENSG00000137409	3	NA
ENSG00000273483	8	408
ENSG00000165732	5	14
ENSG00000271653	18	214
ENSG00000205318	33	NA
ENSG00000136807	37	NA
ENSG00000276030	6	195
ENSG00000124422	29	414
ENSG00000183978	33	3
ENSG00000287665	10	37
ENSG00000113356	44	NA
ENSG00000076108	3	NA
ENSG00000116752	12	1
ENSG00000167302	43	NA
ENSG00000082641	10	NA
ENSG00000188803	14	13
ENSG00000281649	24	50
ENSG00000179403	3	NA
ENSG00000125814	43	206
ENSG00000176490	7	186
ENSG00000172469	3	NA
ENSG00000251664	2	23
ENSG00000129084	3	22
ENSG00000167685	10	1
ENSG00000229852	36	4
ENSG00000167792	26	6
ENSG00000249493	24	18
ENSG00000269918	16	142
ENSG00000136869	23	68
ENSG00000262468	80	1
ENSG00000274211	4	28
ENSG00000089234	7	5
ENSG00000271780	71	NA
ENSG00000285868	46	9
ENSG00000140262	35	116
ENSG00000151414	12	23
ENSG00000123545	7	8
ENSG00000255384	57	91
ENSG00000165669	19	8
ENSG00000213013	70	NA
ENSG00000156256	121	NA
ENSG00000155269	25	NA
ENSG00000223356	11	NA
ENSG00000225442	26	42
ENSG00000224578	24	NA
ENSG00000160948	21	1
ENSG00000154358	7	17
ENSG00000162613	5	3
ENSG00000137818	23	142
ENSG00000266173	29	8
ENSG00000270124	24	1
ENSG00000163221	4	NA
ENSG00000164414	9	245
ENSG00000100150	163	3
ENSG00000091732	1	15
ENSG00000081014	26	4
ENSG00000127578	15	NA
ENSG00000162384	34	1
ENSG00000149554	14	NA
ENSG00000173452	12	22
ENSG00000173457	3	NA
ENSG00000155659	14	16
ENSG00000250092	13	NA
ENSG00000069667	33	218
ENSG00000110395	19	7
ENSG00000140983	2	NA
ENSG00000011009	6	3
ENSG00000186517	6	33
ENSG00000132155	17	38
ENSG00000117450	9	NA
ENSG00000270049	57	2
ENSG00000279382	24	22
ENSG00000167705	16	6
ENSG00000080709	3	19
ENSG00000163412	8	133
ENSG00000110921	6	NA
ENSG00000171044	18	NA
ENSG00000147050	10	2
ENSG00000157954	3	12
ENSG00000135637	1	NA
ENSG00000176407	11	28
ENSG00000136928	7	94
ENSG00000204842	39	2
ENSG00000132330	6	NA
ENSG00000271778	4	66
ENSG00000201384	12	64
ENSG00000267694	102	109
ENSG00000236544	21	1
ENSG00000118600	11	NA
ENSG00000138663	9	1
ENSG00000168283	10	2
ENSG00000248932	73	37
ENSG00000105355	17	10
ENSG00000134901	51	NA
ENSG00000152092	9	267
ENSG00000101542	35	132
ENSG00000151572	52	135
ENSG00000205913	32	3
ENSG00000255136	81	NA
ENSG00000214140	29	NA
ENSG00000112110	12	8
ENSG00000258035	15	1
ENSG00000185238	39	2
ENSG00000242950	14	5
ENSG00000154319	4	63
ENSG00000169247	9	2
ENSG00000133275	13	1
ENSG00000066651	20	4
ENSG00000132932	26	336
ENSG00000147684	19	26
ENSG00000091513	2	18
ENSG00000182004	19	NA
ENSG00000087206	8	14
ENSG00000280326	22	110
ENSG00000258847	21	NA
ENSG00000105519	11	NA
ENSG00000283041	4	1
ENSG00000151322	28	134
ENSG00000233337	5	NA
ENSG00000260296	4	271
ENSG00000119953	37	24
ENSG00000227573	7	36
ENSG00000070831	26	14
ENSG00000187736	45	3
ENSG00000188786	31	5
ENSG00000256948	33	73
ENSG00000145365	21	63
ENSG00000229348	2	29
ENSG00000139579	25	48
ENSG00000102882	35	NA
ENSG00000169169	47	19
ENSG00000151503	14	2
ENSG00000252677	64	NA
ENSG00000261744	44	100
ENSG00000173281	8	2
ENSG00000265867	22	71
ENSG00000151789	4	7
ENSG00000281327	20	1
ENSG00000237556	39	21
ENSG00000178700	15	NA
ENSG00000006625	3	12
ENSG00000173141	22	115
ENSG00000166181	4	2
ENSG00000176293	11	9
ENSG00000171865	26	48
ENSG00000120686	4	5
ENSG00000042753	17	32
ENSG00000255710	15	NA
ENSG00000167613	36	60
ENSG00000180878	18	92
ENSG00000160469	5	102
ENSG00000048162	27	NA
ENSG00000105939	13	115
ENSG00000149926	7	5
ENSG00000198646	16	NA
ENSG00000110047	12	7
ENSG00000165478	39	151
ENSG00000127884	35	NA
ENSG00000165029	16	119
ENSG00000249478	30	1
ENSG00000228141	28	NA
ENSG00000280758	8	12
ENSG00000116667	18	9
ENSG00000151502	12	59
ENSG00000260852	77	NA
ENSG00000152402	24	1
ENSG00000160199	132	23
ENSG00000138735	13	58
ENSG00000165633	19	68
ENSG00000118263	8	6
ENSG00000155097	20	162
ENSG00000228653	4	NA
ENSG00000178015	24	2
ENSG00000117543	6	NA
ENSG00000144445	15	NA
ENSG00000198142	15	1
ENSG00000075336	57	1
ENSG00000261794	13	NA
ENSG00000009335	13	100
ENSG00000197971	3	3
ENSG00000255310	35	NA
ENSG00000132768	1	NA
ENSG00000074842	27	NA
ENSG00000256973	18	64
ENSG00000231290	22	2
ENSG00000168843	15	178
ENSG00000186174	2	NA
ENSG00000278702	1	1
ENSG00000181610	6	20
ENSG00000214960	28	4
ENSG00000104133	15	3
ENSG00000227741	17	NA
ENSG00000224097	20	NA
ENSG00000279331	9	40
ENSG00000233622	51	NA
ENSG00000174444	20	8
ENSG00000152520	2	74
ENSG00000100226	164	NA
ENSG00000165283	10	77
ENSG00000185621	18	4
ENSG00000133878	16	18
ENSG00000230062	1	NA
ENSG00000008277	23	56
ENSG00000167815	52	156
ENSG00000248416	33	31
ENSG00000149201	51	116
ENSG00000085982	30	12
ENSG00000116717	1	NA
ENSG00000174607	8	11
ENSG00000244289	13	4
ENSG00000090273	5	53
ENSG00000260625	79	52
ENSG00000277791	7	11
ENSG00000138411	5	2
ENSG00000269125	26	NA
ENSG00000137727	3	25
ENSG00000239480	25	NA
ENSG00000138398	8	11
ENSG00000179988	4	NA
ENSG00000263740	2	3
ENSG00000122873	18	20
ENSG00000183715	39	137
ENSG00000110934	5	8
ENSG00000281183	29	361
ENSG00000139540	15	13
ENSG00000141034	27	10
ENSG00000176624	16	3
ENSG00000184304	11	6
ENSG00000164220	21	NA
ENSG00000213024	27	81
ENSG00000101367	15	1
ENSG00000254141	9	2
ENSG00000231769	28	1
ENSG00000182575	22	77
ENSG00000119383	14	3
ENSG00000267107	31	NA
ENSG00000136485	79	78
ENSG00000144306	16	91
ENSG00000092820	17	8
ENSG00000168672	10	2
ENSG00000182253	31	23
ENSG00000123104	22	71
ENSG00000135763	1	7
ENSG00000085365	15	5
ENSG00000144476	20	71
ENSG00000260558	2	NA
ENSG00000178163	12	84
ENSG00000239857	12	NA
ENSG00000185189	19	NA
ENSG00000135631	14	32
ENSG00000230684	17	NA
ENSG00000128849	44	29
ENSG00000136451	56	2
ENSG00000154240	21	NA
ENSG00000254211	7	NA
ENSG00000236200	4	NA
ENSG00000162517	8	1
ENSG00000284642	6	61
ENSG00000108826	6	2
ENSG00000177674	22	3
ENSG00000239789	9	3
ENSG00000275675	11	NA
ENSG00000188725	6	NA
ENSG00000163359	2	1
ENSG00000112379	10	7
ENSG00000189195	2	3
ENSG00000158483	48	NA
ENSG00000183354	11	NA
ENSG00000229512	31	NA
ENSG00000186603	35	68
ENSG00000115317	4	128
ENSG00000139438	6	NA
ENSG00000183048	92	2
ENSG00000142089	7	3
ENSG00000116783	8	NA
ENSG00000004534	17	128
ENSG00000124216	20	50
ENSG00000185306	39	75
ENSG00000229807	18	22
ENSG00000183196	9	NA
ENSG00000128524	6	4
ENSG00000133597	20	3
ENSG00000280046	10	NA
ENSG00000261308	51	NA
ENSG00000270039	2	63
ENSG00000030110	1	NA
ENSG00000162607	3	NA
ENSG00000114021	15	NA
ENSG00000118242	11	7
ENSG00000272442	49	NA
ENSG00000103423	7	33
ENSG00000135387	25	248
ENSG00000286084	21	1
ENSG00000162407	14	121
ENSG00000079215	4	6
ENSG00000250510	14	5
ENSG00000205269	23	74
ENSG00000132561	15	98
ENSG00000153012	13	84
ENSG00000237818	39	3
ENSG00000116983	17	219
ENSG00000131931	7	2
ENSG00000270629	2	26
ENSG00000122862	6	7
ENSG00000092531	33	3
ENSG00000102974	28	58
ENSG00000279901	22	NA
ENSG00000197457	9	NA
ENSG00000286977	286	74
ENSG00000135945	13	NA
ENSG00000136874	10	NA
ENSG00000111674	7	NA
ENSG00000178381	3	17
ENSG00000116337	2	NA
ENSG00000065675	2	NA
ENSG00000163820	5	25
ENSG00000261546	40	54
ENSG00000170035	10	29
ENSG00000110717	18	8
ENSG00000182601	18	5
ENSG00000214425	1	1
ENSG00000162702	15	82
ENSG00000142583	8	46
ENSG00000275383	16	1
ENSG00000106404	20	1
ENSG00000168542	3	NA
ENSG00000271553	7	89
ENSG00000246922	6	NA
ENSG00000153044	39	1
ENSG00000083720	15	49
ENSG00000157303	1	4
ENSG00000122390	4	83
ENSG00000134245	10	NA
ENSG00000166263	46	NA
ENSG00000168385	3	11
ENSG00000256235	13	7
ENSG00000100804	20	1
ENSG00000155903	5	6
ENSG00000164402	9	NA
ENSG00000232104	33	1
ENSG00000171148	2	NA
ENSG00000280332	110	10
ENSG00000251034	28	NA
ENSG00000272894	32	NA
ENSG00000180228	8	67
ENSG00000232439	6	2
ENSG00000242689	49	NA
ENSG00000168026	20	NA
ENSG00000237973	4	57
ENSG00000137076	2	13
ENSG00000205309	41	22
ENSG00000279148	23	NA
ENSG00000071127	3	1
ENSG00000105246	11	6
ENSG00000231638	17	NA
ENSG00000184574	15	58
ENSG00000204592	5	8
ENSG00000163497	20	NA
ENSG00000127337	36	83
ENSG00000175352	40	62
ENSG00000205629	27	38
ENSG00000253361	41	NA
ENSG00000197291	23	2
ENSG00000143401	8	NA
ENSG00000260698	39	6
ENSG00000265296	96	NA
ENSG00000139131	18	9
ENSG00000207003	20	2
ENSG00000147065	81	179
ENSG00000003056	22	312
ENSG00000228544	13	51
ENSG00000124140	59	142
ENSG00000137720	12	28
ENSG00000102886	26	231
ENSG00000120756	5	NA
ENSG00000273257	10	NA
ENSG00000167862	1	13
ENSG00000229692	11	NA
ENSG00000258667	2	NA
ENSG00000181240	43	88
ENSG00000168807	27	2
ENSG00000140632	36	8
ENSG00000128626	10	11
ENSG00000146733	27	NA
ENSG00000157911	9	1
ENSG00000197977	5	36
ENSG00000114854	10	NA
ENSG00000279110	117	55
ENSG00000204514	10	13
ENSG00000286970	19	NA
ENSG00000167258	34	152
ENSG00000132254	8	17
ENSG00000271425	2	13
ENSG00000251143	6	5
ENSG00000073605	27	18
ENSG00000253704	5	NA
ENSG00000151948	41	268
ENSG00000139117	7	54
ENSG00000167210	50	NA
ENSG00000234336	12	3
ENSG00000260701	11	NA
ENSG00000257680	11	NA
ENSG00000262884	25	3
ENSG00000100664	44	7
ENSG00000166889	11	12
ENSG00000261442	33	55
ENSG00000198270	16	7
ENSG00000147421	3	151
ENSG00000100209	15	3
ENSG00000181631	4	27
ENSG00000073737	1	NA
ENSG00000158201	37	1
ENSG00000143889	16	32
ENSG00000113578	19	14
ENSG00000196437	14	15
ENSG00000261183	7	4
ENSG00000259797	30	3
ENSG00000148841	7	3
ENSG00000105219	64	12
ENSG00000280189	68	1
ENSG00000184608	3	16
ENSG00000220008	55	134
ENSG00000130175	59	20
ENSG00000147872	12	2
ENSG00000110079	9	11
ENSG00000141295	31	NA
ENSG00000204344	6	NA
ENSG00000106399	19	42
ENSG00000143845	12	NA
ENSG00000109180	23	76
ENSG00000267567	27	39
ENSG00000168522	7	101
ENSG00000286205	15	1
ENSG00000127995	4	50
ENSG00000182903	19	NA
ENSG00000283683	18	1
ENSG00000144827	1	20
ENSG00000019505	7	35
ENSG00000165487	10	222
ENSG00000135736	17	1
ENSG00000181264	3	2
ENSG00000136802	6	99
ENSG00000021488	56	NA
ENSG00000204934	20	21
ENSG00000164050	7	24
ENSG00000099999	152	9
ENSG00000197798	14	NA
ENSG00000128594	3	177
ENSG00000205560	16	NA
ENSG00000130731	6	6
ENSG00000023330	6	156
ENSG00000237159	13	9
ENSG00000008282	22	9
ENSG00000134824	6	NA
ENSG00000133401	5	89
ENSG00000229127	22	NA
ENSG00000181804	18	18
ENSG00000103356	4	23
ENSG00000168487	3	NA
ENSG00000135905	2	NA
ENSG00000285781	12	115
ENSG00000253394	36	NA
ENSG00000261528	16	2
ENSG00000160113	10	47
ENSG00000165813	29	16
ENSG00000244560	21	20
ENSG00000242294	1	NA
ENSG00000138385	16	9
ENSG00000257727	19	NA
ENSG00000165689	3	NA
ENSG00000073670	18	4
ENSG00000159214	22	NA
ENSG00000166819	14	3
ENSG00000144233	29	4
ENSG00000256824	17	NA
ENSG00000204438	9	NA
ENSG00000254999	6	51
ENSG00000227788	4	3
ENSG00000225063	10	NA
ENSG00000164631	21	32
ENSG00000196850	22	143
ENSG00000138376	9	8
ENSG00000204070	85	1
ENSG00000183527	71	21
ENSG00000284691	34	4
ENSG00000112659	7	23
ENSG00000101940	84	NA
ENSG00000227199	27	21
ENSG00000178096	21	1
ENSG00000123178	28	2
ENSG00000239486	18	4
ENSG00000205356	11	NA
ENSG00000274750	48	NA
ENSG00000183298	21	NA
ENSG00000124160	19	8
ENSG00000137103	3	6
ENSG00000131171	27	20
ENSG00000259877	40	NA
ENSG00000001631	11	125
ENSG00000154447	9	22
ENSG00000103266	26	206
ENSG00000179918	10	454
ENSG00000099834	5	33
ENSG00000251535	30	13
ENSG00000124496	10	NA
ENSG00000161664	44	NA
ENSG00000213903	63	NA
ENSG00000108474	31	3
ENSG00000189043	11	8
ENSG00000067113	3	NA
ENSG00000178917	7	18
ENSG00000149054	20	36
ENSG00000104154	35	9
ENSG00000145246	19	99
ENSG00000100600	31	NA
ENSG00000114209	1	NA
ENSG00000166123	7	7
ENSG00000165410	17	NA
ENSG00000245384	33	NA
ENSG00000196132	18	3
ENSG00000141279	34	NA
ENSG00000136152	29	1
ENSG00000104219	4	169
ENSG00000099795	47	19
ENSG00000130479	3	4
ENSG00000272181	16	180
ENSG00000135245	7	NA
ENSG00000168653	13	7
ENSG00000140474	10	4
ENSG00000186352	17	NA
ENSG00000076554	1	15
ENSG00000278259	18	3
ENSG00000110077	12	30
ENSG00000286900	37	10
ENSG00000170571	14	22
ENSG00000135423	9	NA
ENSG00000108061	30	44
ENSG00000155846	14	15
ENSG00000143502	12	NA
ENSG00000162441	4	NA
ENSG00000146731	5	8
ENSG00000114999	1	NA
ENSG00000171051	4	12
ENSG00000132010	24	3
ENSG00000256481	23	6
ENSG00000137504	20	1
ENSG00000172243	16	28
ENSG00000178988	13	20
ENSG00000226291	10	NA
ENSG00000112159	4	NA
ENSG00000016602	4	NA
ENSG00000177694	13	2
ENSG00000105401	4	6
ENSG00000162777	14	82
ENSG00000108094	4	54
ENSG00000156345	5	49
ENSG00000171735	14	11
ENSG00000286974	22	51
ENSG00000166377	47	6
ENSG00000071564	51	2
ENSG00000284024	9	134
ENSG00000056736	2	18
ENSG00000239653	2	NA
ENSG00000054983	42	NA
ENSG00000230953	7	25
ENSG00000110274	36	78
ENSG00000250644	30	15
ENSG00000053371	13	1
ENSG00000093144	1	NA
ENSG00000143850	34	1
ENSG00000185009	7	60
ENSG00000107815	27	22
ENSG00000087086	11	NA
ENSG00000151917	2	1
ENSG00000164405	20	4
ENSG00000075089	25	2
ENSG00000196290	17	6
ENSG00000247315	21	131
ENSG00000267222	19	23
ENSG00000125652	3	6
ENSG00000258643	34	NA
ENSG00000107560	13	364
ENSG00000113811	13	27
ENSG00000163659	6	NA
ENSG00000115541	2	5
ENSG00000132535	20	5
ENSG00000173269	2	4
ENSG00000265820	34	10
ENSG00000196091	4	NA
ENSG00000155858	9	11
ENSG00000146109	2	5
ENSG00000150556	18	31
ENSG00000231721	17	256
ENSG00000222007	17	NA
ENSG00000126814	8	NA
ENSG00000103248	13	1
ENSG00000214013	72	7
ENSG00000170092	22	3
ENSG00000162076	18	13
ENSG00000170324	16	6
ENSG00000182310	28	1
ENSG00000169738	8	1
ENSG00000185290	2	NA
ENSG00000117601	21	NA
ENSG00000142039	8	NA
ENSG00000151239	1	NA
ENSG00000059728	28	NA
ENSG00000240583	9	1
ENSG00000118640	3	2
ENSG00000229519	8	NA
ENSG00000181061	4	NA
ENSG00000283839	21	NA
ENSG00000168488	4	NA
ENSG00000133687	3	7
ENSG00000253250	43	NA
ENSG00000283199	13	31
ENSG00000133226	3	1
ENSG00000286808	57	NA
ENSG00000085231	1	NA
ENSG00000230487	12	NA
ENSG00000198056	16	93
ENSG00000111678	13	16
ENSG00000075340	3	167
ENSG00000279443	13	2
ENSG00000099364	13	14
ENSG00000260084	1	24
ENSG00000213699	4	4
ENSG00000162426	17	1
ENSG00000062725	53	221
ENSG00000282608	4	12
ENSG00000269959	64	NA
ENSG00000157219	4	NA
ENSG00000112977	13	NA
ENSG00000168159	9	14
ENSG00000205581	149	2
ENSG00000161021	8	1
ENSG00000196363	13	9
ENSG00000087250	22	12
ENSG00000128606	18	6
ENSG00000228300	4	4
ENSG00000214135	20	9
ENSG00000251203	39	NA
ENSG00000231856	43	NA
ENSG00000004866	1	55
ENSG00000276966	12	NA
ENSG00000278396	17	NA
ENSG00000106608	1	6
ENSG00000113638	24	128
ENSG00000228238	32	1
ENSG00000125977	15	NA
ENSG00000123064	20	260
ENSG00000120889	3	4
ENSG00000156976	14	12
ENSG00000180875	23	76
ENSG00000230091	8	NA
ENSG00000009307	5	45
ENSG00000071051	10	9
ENSG00000132388	17	7
ENSG00000114861	2	313
ENSG00000204065	7	62
ENSG00000113300	34	21
ENSG00000230523	15	NA
ENSG00000276168	2	5
ENSG00000159063	24	1
ENSG00000260988	45	NA
ENSG00000273001	10	3
ENSG00000207956	1	NA
ENSG00000120899	18	NA
ENSG00000156642	14	15
ENSG00000036054	27	NA
ENSG00000188761	14	5
ENSG00000188243	10	14
ENSG00000154813	6	NA
ENSG00000085224	86	8
ENSG00000172172	9	NA
ENSG00000274220	31	NA
ENSG00000167968	11	32
ENSG00000086015	4	NA
ENSG00000273455	2	38
ENSG00000268205	25	382
ENSG00000177383	13	124
ENSG00000112592	16	19
ENSG00000116871	3	NA
ENSG00000112576	4	31
ENSG00000163743	39	25
ENSG00000163719	9	15
ENSG00000163918	10	1
ENSG00000187535	29	NA
ENSG00000236512	41	NA
ENSG00000242860	2	115
ENSG00000108443	35	7
ENSG00000160014	20	130
ENSG00000019991	9	2
ENSG00000143546	4	NA
ENSG00000178623	28	2
ENSG00000145685	3	19
ENSG00000104671	19	NA
ENSG00000175087	12	28
ENSG00000241563	6	NA
ENSG00000271275	12	11
ENSG00000103534	20	NA
ENSG00000241553	30	93
ENSG00000149480	24	NA
ENSG00000250067	33	5
ENSG00000257543	20	NA
ENSG00000251666	6	NA
ENSG00000135486	18	NA
ENSG00000135974	6	3
ENSG00000006025	12	12
ENSG00000167005	27	167
ENSG00000125449	15	59
ENSG00000151806	5	NA
ENSG00000270948	35	3
ENSG00000197150	19	80
ENSG00000122257	64	42
ENSG00000174669	7	NA
ENSG00000165066	8	NA
ENSG00000166321	18	NA
ENSG00000160075	13	57
ENSG00000120318	6	11
ENSG00000114026	1	NA
ENSG00000224189	4	9
ENSG00000171421	9	2
ENSG00000174938	3	10
ENSG00000275572	41	3
ENSG00000077782	2	NA
ENSG00000156587	5	NA
ENSG00000271830	6	NA
ENSG00000125482	8	83
ENSG00000145833	8	65
ENSG00000114439	12	1
ENSG00000108262	19	11
ENSG00000236065	14	8
ENSG00000163466	11	NA
ENSG00000232884	97	NA
ENSG00000285676	3	16
ENSG00000271913	6	NA
ENSG00000107242	12	NA
ENSG00000207955	25	NA
ENSG00000185787	21	71
ENSG00000105771	36	23
ENSG00000177479	9	17
ENSG00000105926	30	74
ENSG00000259956	2	150
ENSG00000248333	5	NA
ENSG00000173264	30	NA
ENSG00000111348	7	6
ENSG00000175820	35	NA
ENSG00000256943	2	NA
ENSG00000132879	17	37
ENSG00000062194	17	2
ENSG00000112981	24	NA
ENSG00000265265	26	1
ENSG00000254432	11	7
ENSG00000111271	38	7
ENSG00000111725	25	1
ENSG00000221914	2	NA
ENSG00000213160	9	NA
ENSG00000134042	38	30
ENSG00000285649	9	NA
ENSG00000099365	13	39
ENSG00000258168	24	NA
ENSG00000278829	46	54
ENSG00000224032	5	9
ENSG00000173113	5	35
ENSG00000124562	4	96
ENSG00000141428	1	1
ENSG00000279170	9	NA
ENSG00000172766	7	85
ENSG00000258768	31	NA
ENSG00000164002	3	13
ENSG00000272604	2	NA
ENSG00000229780	9	NA
ENSG00000161057	7	5
ENSG00000102898	6	9
ENSG00000226084	1	NA
ENSG00000147687	31	NA
ENSG00000090266	4	9
ENSG00000065883	5	25
ENSG00000007392	30	17
ENSG00000165731	15	28
ENSG00000078018	7	NA
ENSG00000287727	15	4
ENSG00000149292	28	NA
ENSG00000181817	2	2
ENSG00000163312	13	NA
ENSG00000257354	47	14
ENSG00000039987	32	NA
ENSG00000275468	26	17
ENSG00000170231	1	NA
ENSG00000167625	4	36
ENSG00000148291	3	7
ENSG00000257953	8	106
ENSG00000115977	7	NA
ENSG00000170776	20	123
ENSG00000204160	5	38
ENSG00000241935	58	NA
ENSG00000267498	21	2
ENSG00000129055	14	NA
ENSG00000134352	2	NA
ENSG00000169230	8	30
ENSG00000106538	3	NA
ENSG00000138738	15	29
ENSG00000120053	3	52
ENSG00000256972	9	26
ENSG00000112541	1	NA
ENSG00000077585	4	62
ENSG00000232564	89	50
ENSG00000015479	4	1
ENSG00000108883	40	12
ENSG00000272163	26	386
ENSG00000178021	4	29
ENSG00000119285	4	177
ENSG00000286681	10	NA
ENSG00000105127	3	NA
ENSG00000282100	15	60
ENSG00000134748	15	1
ENSG00000271848	17	NA
ENSG00000235445	80	80
ENSG00000259961	1	1
ENSG00000033030	22	138
ENSG00000144560	12	12
ENSG00000186638	4	11
ENSG00000204410	25	1
ENSG00000213930	12	13
ENSG00000119421	2	2
ENSG00000287135	27	1
ENSG00000125877	21	2
ENSG00000129493	6	1
ENSG00000120063	20	9
ENSG00000272417	3	120
ENSG00000171722	11	NA
ENSG00000198356	31	103
ENSG00000137841	21	68
ENSG00000009844	7	74
ENSG00000116922	5	196
ENSG00000145757	3	NA
ENSG00000264364	12	32
ENSG00000166823	22	5
ENSG00000221866	2	128
ENSG00000121454	3	13
ENSG00000260351	24	NA
ENSG00000189280	8	103
ENSG00000253948	5	243
ENSG00000231824	4	14
ENSG00000287202	2	13
ENSG00000008869	8	342
ENSG00000126524	10	1
ENSG00000138078	14	82
ENSG00000166326	1	5
ENSG00000130005	19	1
ENSG00000164125	16	54
ENSG00000188042	4	24
ENSG00000164190	50	NA
ENSG00000163053	8	51
ENSG00000096401	20	NA
ENSG00000181450	2	1
ENSG00000132153	6	23
ENSG00000178904	26	37
ENSG00000179262	18	218
ENSG00000164418	7	2
ENSG00000115504	11	1
ENSG00000131238	19	73
ENSG00000138615	7	NA
ENSG00000165416	14	15
ENSG00000223804	1	NA
ENSG00000198821	16	NA
ENSG00000163909	4	NA
ENSG00000137033	11	50
ENSG00000166847	9	NA
ENSG00000288051	45	NA
ENSG00000252008	5	5
ENSG00000079335	10	32
ENSG00000165629	28	7
ENSG00000172992	18	NA
ENSG00000107771	12	NA
ENSG00000108176	14	1
ENSG00000143222	12	NA
ENSG00000279104	11	NA
ENSG00000226833	9	3
ENSG00000163995	6	165
ENSG00000150764	46	33
ENSG00000112212	6	1
ENSG00000197694	4	18
ENSG00000114503	2	4
ENSG00000254739	12	20
ENSG00000204969	1	NA
ENSG00000118058	13	NA
ENSG00000124406	39	1
ENSG00000163888	7	62
ENSG00000164111	5	NA
ENSG00000116147	1	10
ENSG00000135211	3	1
ENSG00000175764	8	NA
ENSG00000165959	2	7
ENSG00000139842	19	3
ENSG00000104412	11	5
ENSG00000163618	11	88
ENSG00000160294	15	236
ENSG00000137338	10	NA
ENSG00000206535	4	3
ENSG00000146476	2	NA
ENSG00000249242	18	NA
ENSG00000116981	3	204
ENSG00000111269	14	33
ENSG00000084733	4	1
ENSG00000081148	17	NA
ENSG00000134253	7	NA
ENSG00000169218	2	75
ENSG00000152127	4	47
ENSG00000168495	4	14
ENSG00000147457	3	NA
ENSG00000011295	28	15
ENSG00000163884	12	16
ENSG00000109339	1	NA
ENSG00000177519	7	1
ENSG00000071462	17	4
ENSG00000287543	13	NA
ENSG00000137700	15	28
ENSG00000119392	2	1
ENSG00000171853	2	6
ENSG00000248265	15	NA
ENSG00000110367	14	1
ENSG00000115112	4	9
ENSG00000245748	8	1
ENSG00000143013	6	NA
ENSG00000075651	6	7
ENSG00000197768	11	5
ENSG00000128923	46	9
ENSG00000198695	7	185
ENSG00000224389	2	NA
ENSG00000280163	17	78
ENSG00000091986	11	75
ENSG00000100228	30	1
ENSG00000138030	4	225
ENSG00000250220	13	NA
ENSG00000162377	1	210
ENSG00000107249	22	62
ENSG00000230102	2	NA
ENSG00000116698	9	10
ENSG00000162543	5	2
ENSG00000245213	8	85
ENSG00000184076	20	47
ENSG00000137822	44	22
ENSG00000183309	17	271
ENSG00000181638	5	6
ENSG00000108518	8	3
ENSG00000114388	6	3
ENSG00000148204	1	28
ENSG00000167178	39	39
ENSG00000212907	11	222
ENSG00000150627	8	4
ENSG00000116157	18	NA
ENSG00000163947	6	NA
ENSG00000285883	2	NA
ENSG00000132510	1	NA
ENSG00000172728	5	15
ENSG00000004939	4	NA
ENSG00000133895	6	NA
ENSG00000164930	3	NA
ENSG00000105383	22	27
ENSG00000188672	14	NA
ENSG00000282022	3	6
ENSG00000123836	12	16
ENSG00000069020	8	76
ENSG00000270808	11	NA
ENSG00000181915	16	146
ENSG00000283462	3	NA
ENSG00000153147	6	NA
ENSG00000229152	28	19
ENSG00000279685	10	15
ENSG00000145721	11	14
ENSG00000154380	9	7
ENSG00000283434	5	NA
ENSG00000134698	11	NA
ENSG00000173728	4	1
ENSG00000111412	7	5
ENSG00000183741	2	112
ENSG00000189077	3	NA
ENSG00000272588	11	4
ENSG00000100104	76	139
ENSG00000183808	7	50
ENSG00000228474	4	NA
ENSG00000132570	15	NA
ENSG00000117020	6	1
ENSG00000014123	8	NA
ENSG00000214465	17	NA
ENSG00000115896	1	NA
ENSG00000264538	2	64
ENSG00000276293	10	3
ENSG00000278716	17	12
ENSG00000168090	12	24
ENSG00000151687	3	NA
ENSG00000260793	49	3
ENSG00000241837	12	111
ENSG00000169288	3	NA
ENSG00000261096	9	68
ENSG00000077549	10	9
ENSG00000148110	4	NA
ENSG00000146007	4	NA
ENSG00000174442	31	2
ENSG00000170871	3	69
ENSG00000166912	15	3
ENSG00000120925	11	NA
ENSG00000179476	54	NA
ENSG00000224431	9	NA
ENSG00000180061	25	29
ENSG00000165092	11	22
ENSG00000105464	40	52
ENSG00000277258	38	4
ENSG00000166228	5	1
ENSG00000101191	148	17
ENSG00000228484	2	NA
ENSG00000149257	14	NA
ENSG00000137497	1	7
ENSG00000152234	21	76
ENSG00000136842	7	69
ENSG00000131966	23	6
ENSG00000259116	16	NA
ENSG00000267122	20	47
ENSG00000225767	7	NA
ENSG00000171202	3	NA
ENSG00000028310	5	9
ENSG00000273230	5	NA
ENSG00000166900	34	NA
ENSG00000180957	50	39
ENSG00000227115	6	5
ENSG00000182985	4	6
ENSG00000249131	5	NA
ENSG00000124641	4	NA
ENSG00000101752	7	1
ENSG00000196656	1	1
ENSG00000004799	5	14
ENSG00000146963	21	48
ENSG00000136854	12	98
ENSG00000100568	4	NA
ENSG00000286305	2	NA
ENSG00000285650	7	NA
ENSG00000279891	8	NA
ENSG00000115233	3	NA
ENSG00000153814	7	8
ENSG00000198455	8	293
ENSG00000286360	3	NA
ENSG00000152291	20	345
ENSG00000104885	28	NA
ENSG00000262678	9	20
ENSG00000278963	30	NA
ENSG00000171843	9	NA
ENSG00000198746	2	20
ENSG00000107371	7	128
ENSG00000169905	2	56
ENSG00000269893	14	2
ENSG00000261924	13	10
ENSG00000280407	32	110
ENSG00000175390	10	24
ENSG00000005810	20	19
ENSG00000131196	45	54
ENSG00000272505	14	NA
ENSG00000130724	30	48
ENSG00000166436	8	5
ENSG00000170390	2	4
ENSG00000131016	18	128
ENSG00000247970	26	2
ENSG00000118873	11	244
ENSG00000230428	27	41
ENSG00000173914	16	225
ENSG00000122477	6	NA
ENSG00000143322	2	NA
ENSG00000239900	18	NA
ENSG00000135002	16	125
ENSG00000179632	17	23
ENSG00000285692	12	6
ENSG00000205133	2	NA
ENSG00000188687	2	2
ENSG00000066583	13	28
ENSG00000061676	27	18
ENSG00000186104	28	NA
ENSG00000270641	17	12
ENSG00000170043	5	1
ENSG00000075035	8	NA
ENSG00000115540	6	5
ENSG00000123213	15	7
ENSG00000255933	16	4
ENSG00000273249	9	NA
ENSG00000006831	16	44
ENSG00000169118	20	NA
ENSG00000115216	19	51
ENSG00000274561	25	11
ENSG00000146477	3	12
ENSG00000225905	48	NA
ENSG00000139714	2	NA
ENSG00000079462	10	22
ENSG00000175155	24	16
ENSG00000204366	12	NA
ENSG00000196505	5	NA
ENSG00000105968	19	47
ENSG00000203797	3	NA
ENSG00000155511	9	82
ENSG00000247982	17	4
ENSG00000148450	6	NA
ENSG00000248923	3	35
ENSG00000187944	38	1
ENSG00000138439	14	15
ENSG00000240682	10	272
ENSG00000176731	10	NA
ENSG00000154188	6	25
ENSG00000259318	26	3
ENSG00000122515	20	6
ENSG00000160781	2	3
ENSG00000177731	37	NA
ENSG00000160991	5	NA
ENSG00000186487	5	78
ENSG00000104731	21	10
ENSG00000114670	9	30
ENSG00000100813	4	NA
ENSG00000225830	3	10
ENSG00000147364	11	212
ENSG00000281106	27	40
ENSG00000129654	68	NA
ENSG00000188334	20	20
ENSG00000179528	12	20
ENSG00000077942	21	NA
ENSG00000100116	72	2
ENSG00000196935	15	87
ENSG00000211584	18	NA
ENSG00000170832	10	45
ENSG00000204482	4	2
ENSG00000230896	4	3
ENSG00000164620	7	182
ENSG00000134215	13	51
ENSG00000246985	7	9
ENSG00000163389	19	NA
ENSG00000023228	12	353
ENSG00000246859	19	49
ENSG00000128285	21	53
ENSG00000230415	11	1
ENSG00000109519	5	55
ENSG00000250571	15	10
ENSG00000049130	7	13
ENSG00000137312	3	12
ENSG00000214021	10	32
ENSG00000272321	16	100
ENSG00000155438	9	NA
ENSG00000089820	271	NA
ENSG00000170142	3	NA
ENSG00000235613	4	9
ENSG00000153233	11	20
ENSG00000031823	20	35
ENSG00000260917	22	25
ENSG00000177628	13	88
ENSG00000277504	14	3
ENSG00000049245	4	46
ENSG00000189376	14	137
ENSG00000196209	26	5
ENSG00000285053	2	NA
ENSG00000237476	74	1
ENSG00000137959	4	2
ENSG00000269807	15	NA
ENSG00000197249	12	25
ENSG00000172209	10	81
ENSG00000131013	25	NA
ENSG00000120948	7	4
ENSG00000113916	17	NA
ENSG00000218475	15	2
ENSG00000221821	9	22
ENSG00000286550	6	NA
ENSG00000104419	6	3
ENSG00000262152	1	NA
ENSG00000116016	1	17
ENSG00000272576	4	28
ENSG00000167912	5	4
ENSG00000165898	9	2
ENSG00000048828	6	5
ENSG00000242048	12	11
ENSG00000175224	5	12
ENSG00000154803	16	NA
ENSG00000129484	28	11
ENSG00000249277	24	NA
ENSG00000001084	3	NA
ENSG00000101384	4	1
ENSG00000064989	5	16
ENSG00000214432	3	NA
ENSG00000196504	4	NA
ENSG00000175274	20	NA
ENSG00000228862	3	3
ENSG00000172586	13	6
ENSG00000166012	1	NA
ENSG00000254027	2	26
ENSG00000224153	16	4
ENSG00000270112	6	3
ENSG00000169689	16	2
ENSG00000108309	9	14
ENSG00000286463	27	36
ENSG00000240376	1	NA
ENSG00000111728	4	NA
ENSG00000287769	2	46
ENSG00000110844	1	6
ENSG00000285569	6	NA
ENSG00000257180	3	2
ENSG00000090376	6	10
ENSG00000275040	68	NA
ENSG00000140307	13	36
ENSG00000184058	70	1
ENSG00000227091	2	NA
ENSG00000204310	1	NA
ENSG00000169683	6	NA
ENSG00000123689	6	NA
ENSG00000204580	15	26
ENSG00000182827	9	202
ENSG00000287431	3	NA
ENSG00000184557	3	4
ENSG00000174891	6	97
ENSG00000162997	19	NA
ENSG00000122176	5	NA
ENSG00000168913	2	NA
ENSG00000198482	35	6
ENSG00000204713	21	NA
ENSG00000251669	21	1
ENSG00000177000	8	1
ENSG00000228983	47	NA
ENSG00000272525	15	2
ENSG00000278926	22	NA
ENSG00000227417	8	NA
ENSG00000141759	5	42
ENSG00000143147	6	23
ENSG00000005189	36	NA
ENSG00000163637	13	17
ENSG00000225647	25	NA
ENSG00000105568	32	16
ENSG00000278383	32	9
ENSG00000118733	9	127
ENSG00000266405	120	20
ENSG00000235481	5	1
ENSG00000285669	4	NA
ENSG00000134899	12	NA
ENSG00000253686	4	15
ENSG00000280000	11	187
ENSG00000163694	9	10
ENSG00000249855	3	1
ENSG00000156011	14	130
ENSG00000204851	11	42
ENSG00000137872	15	93
ENSG00000119711	20	60
ENSG00000167550	25	2
ENSG00000142949	2	39
ENSG00000010438	4	65
ENSG00000184047	1	NA
ENSG00000113273	3	NA
ENSG00000259775	71	1
ENSG00000262118	9	1
ENSG00000226890	19	NA
ENSG00000287829	4	196
ENSG00000188693	8	NA
ENSG00000273557	8	NA
ENSG00000079841	5	14
ENSG00000103145	8	16
ENSG00000144228	1	NA
ENSG00000180425	48	13
ENSG00000184983	7	NA
ENSG00000174842	11	14
ENSG00000197063	58	22
ENSG00000013306	38	NA
ENSG00000204351	1	NA
ENSG00000162704	7	39
ENSG00000154654	26	74
ENSG00000265744	3	NA
ENSG00000187097	13	NA
ENSG00000136149	2	NA
ENSG00000157087	2	6
ENSG00000275811	10	2
ENSG00000229153	7	NA
ENSG00000188613	4	1
ENSG00000213197	9	272
ENSG00000168675	24	345
ENSG00000279878	12	2
ENSG00000279281	15	15
ENSG00000110148	6	3
ENSG00000248360	19	NA
ENSG00000134825	11	NA
ENSG00000180834	12	164
ENSG00000197119	8	1
ENSG00000168096	26	173
ENSG00000167522	8	4
ENSG00000091947	24	NA
ENSG00000122432	3	NA
ENSG00000275476	1	9
ENSG00000116455	7	18
ENSG00000100207	83	181
ENSG00000116133	1	NA
ENSG00000232503	5	NA
ENSG00000175106	24	1
ENSG00000119977	11	NA
ENSG00000161265	1	2
ENSG00000180098	7	101
ENSG00000184507	14	NA
ENSG00000166794	5	NA
ENSG00000270409	5	7
ENSG00000127838	14	2
ENSG00000087269	12	NA
ENSG00000151135	21	NA
ENSG00000267638	27	18
ENSG00000130734	11	82
ENSG00000131876	32	6
ENSG00000113575	5	20
ENSG00000170085	18	NA
ENSG00000111859	1	8
ENSG00000169598	11	10
ENSG00000279678	39	22
ENSG00000080503	4	NA
ENSG00000140905	30	2
ENSG00000249119	3	31
ENSG00000232995	8	NA
ENSG00000274682	3	5
ENSG00000187239	6	1
ENSG00000135018	11	36
ENSG00000267934	7	107
ENSG00000231964	4	NA
ENSG00000050438	16	90
ENSG00000213963	3	1
ENSG00000069329	16	13
ENSG00000284976	2	125
ENSG00000125975	17	NA
ENSG00000184408	6	2
ENSG00000166033	3	13
ENSG00000156381	1	NA
ENSG00000138801	5	NA
ENSG00000134086	9	30
ENSG00000169760	1	1
ENSG00000062716	10	18
ENSG00000186577	3	NA
ENSG00000232706	25	NA
ENSG00000174871	10	1
ENSG00000264229	6	NA
ENSG00000068903	42	4
ENSG00000175463	5	NA
ENSG00000198754	9	2
ENSG00000183943	29	8
ENSG00000253908	4	NA
ENSG00000286672	3	3
ENSG00000230368	14	1
ENSG00000148719	14	NA
ENSG00000184445	23	NA
ENSG00000250007	6	3
ENSG00000187123	2	9
ENSG00000170873	9	1
ENSG00000135655	1	NA
ENSG00000285996	25	99
ENSG00000163644	7	2
ENSG00000182551	6	29
ENSG00000233901	5	NA
ENSG00000140612	12	9
ENSG00000169764	2	NA
ENSG00000274560	13	5
ENSG00000174197	1	27
ENSG00000144730	9	13
ENSG00000164778	7	30
ENSG00000182366	12	49
ENSG00000284882	9	8
ENSG00000135549	3	31
ENSG00000079999	6	80
ENSG00000175073	9	26
ENSG00000225806	66	NA
ENSG00000276517	5	1
ENSG00000207721	2	91
ENSG00000108829	9	204
ENSG00000223745	6	NA
ENSG00000268743	1	9
ENSG00000164168	2	20
ENSG00000107021	1	NA
ENSG00000070047	6	4
ENSG00000101463	8	1
ENSG00000163806	11	1
ENSG00000236830	123	1
ENSG00000279500	8	33
ENSG00000286805	14	55
ENSG00000040933	11	126
ENSG00000163191	2	1
ENSG00000143643	4	NA
ENSG00000204152	29	3
ENSG00000130558	17	2
ENSG00000131386	6	NA
ENSG00000001629	4	NA
ENSG00000227473	18	1
ENSG00000258708	3	NA
ENSG00000179456	8	22
ENSG00000196205	7	67
ENSG00000279928	1	NA
ENSG00000111052	7	NA
ENSG00000143420	4	4
ENSG00000279334	15	32
ENSG00000206384	4	NA
ENSG00000196535	9	3
ENSG00000272183	15	12
ENSG00000279089	1	NA
ENSG00000163106	5	NA
ENSG00000126709	4	NA
ENSG00000171206	4	NA
ENSG00000178567	9	45
ENSG00000204220	6	NA
ENSG00000131771	7	1
ENSG00000105261	30	NA
ENSG00000104388	16	8
ENSG00000139343	7	102
ENSG00000126088	16	1
ENSG00000257896	3	8
ENSG00000112874	7	NA
ENSG00000066185	10	NA
ENSG00000124145	12	17
ENSG00000130560	8	10
ENSG00000118257	9	3
ENSG00000119729	5	2
ENSG00000287351	20	56
ENSG00000149532	15	1
ENSG00000178952	15	4
ENSG00000259520	13	NA
ENSG00000008283	5	13
ENSG00000177732	27	NA
ENSG00000231167	16	NA
ENSG00000247679	1	NA
ENSG00000247077	13	63
ENSG00000187372	6	22
ENSG00000204052	11	118
ENSG00000136718	3	7
ENSG00000170515	8	29
ENSG00000162976	4	NA
ENSG00000258057	4	18
ENSG00000078747	18	236
ENSG00000122696	5	NA
ENSG00000149564	4	4
ENSG00000160179	39	72
ENSG00000166313	6	74
ENSG00000137168	1	1
ENSG00000179454	14	62
ENSG00000164616	3	68
ENSG00000171222	23	30
ENSG00000274698	59	NA
ENSG00000091409	2	8
ENSG00000165046	5	NA
ENSG00000064490	12	NA
ENSG00000161714	19	NA
ENSG00000082929	1	NA
ENSG00000189042	38	3
ENSG00000135519	23	NA
ENSG00000144908	12	16
ENSG00000128563	1	50
ENSG00000196715	13	166
ENSG00000276754	19	2
ENSG00000215131	5	NA
ENSG00000100360	118	3
ENSG00000130717	3	5
ENSG00000255389	13	89
ENSG00000161956	8	NA
ENSG00000177807	1	10
ENSG00000121766	8	9
ENSG00000267080	41	NA
ENSG00000073111	3	468
ENSG00000145390	5	NA
ENSG00000157985	6	NA
ENSG00000268362	4	NA
ENSG00000198794	2	2
ENSG00000235026	2	7
ENSG00000135334	6	10
ENSG00000135317	5	14
ENSG00000143162	1	NA
ENSG00000259803	37	NA
ENSG00000169851	8	38
ENSG00000285857	16	NA
ENSG00000171612	5	NA
ENSG00000105443	5	NA
ENSG00000225032	2	NA
ENSG00000124214	10	5
ENSG00000229728	51	9
ENSG00000273820	24	133
ENSG00000256894	5	7
ENSG00000234545	15	NA
ENSG00000283498	7	187
ENSG00000253671	7	4
ENSG00000147509	5	16
ENSG00000112175	6	NA
ENSG00000130312	22	3
ENSG00000012983	1	344
ENSG00000260400	5	22
ENSG00000175387	26	77
ENSG00000232615	4	2
ENSG00000255050	5	NA
ENSG00000186493	2	7
ENSG00000173391	5	18
ENSG00000251229	3	NA
ENSG00000156876	7	NA
ENSG00000234367	17	NA
ENSG00000072415	28	1
ENSG00000124635	16	NA
ENSG00000151093	6	NA
ENSG00000188612	19	1
ENSG00000280295	25	12
ENSG00000118363	2	22
ENSG00000199805	3	51
ENSG00000198918	34	3
ENSG00000161981	7	3
ENSG00000163510	20	NA
ENSG00000197951	2	11
ENSG00000148396	2	NA
ENSG00000166813	11	19
ENSG00000233487	13	NA
ENSG00000287759	18	NA
ENSG00000197961	2	3
ENSG00000254314	10	NA
ENSG00000073849	3	3
ENSG00000187713	12	65
ENSG00000159579	50	NA
ENSG00000153879	40	6
ENSG00000213139	14	429
ENSG00000172590	8	210
ENSG00000175029	10	1
ENSG00000214078	7	179
ENSG00000260526	6	NA
ENSG00000119318	11	28
ENSG00000212694	4	42
ENSG00000106780	17	56
ENSG00000140395	23	21
ENSG00000240457	23	NA
ENSG00000245958	3	NA
ENSG00000260440	14	NA
ENSG00000184831	4	NA
ENSG00000169499	1	2
ENSG00000076984	20	29
ENSG00000243364	2	10
ENSG00000135439	8	NA
ENSG00000135069	11	20
ENSG00000139233	5	NA
ENSG00000185236	1	1
ENSG00000124383	1	NA
ENSG00000127081	3	NA
ENSG00000109458	15	28
ENSG00000256591	7	NA
ENSG00000158859	2	NA
ENSG00000162913	5	NA
ENSG00000172216	10	NA
ENSG00000163939	4	4
ENSG00000162068	7	NA
ENSG00000076641	6	4
ENSG00000248487	11	2
ENSG00000100461	7	1
ENSG00000279833	90	4
ENSG00000232558	16	25
ENSG00000258366	7	35
ENSG00000285636	5	NA
ENSG00000159256	19	12
ENSG00000130816	11	14
ENSG00000171604	24	100
ENSG00000170325	14	68
ENSG00000152284	9	133
ENSG00000139651	3	98
ENSG00000207581	1	19
ENSG00000095906	24	6
ENSG00000268896	3	1
ENSG00000164675	6	NA
ENSG00000158796	9	8
ENSG00000164182	2	1
ENSG00000260070	8	59
ENSG00000172037	13	57
ENSG00000117984	4	NA
ENSG00000205544	10	2
ENSG00000182504	2	29
ENSG00000203485	6	3
ENSG00000255474	17	11
ENSG00000116731	4	1
ENSG00000134001	3	NA
ENSG00000208772	2	1
ENSG00000276023	12	31
ENSG00000267096	27	1
ENSG00000143093	1	136
ENSG00000069696	3	4
ENSG00000110851	7	9
ENSG00000229052	10	30
ENSG00000086666	4	37
ENSG00000149499	29	NA
ENSG00000267044	50	73
ENSG00000057663	6	4
ENSG00000124785	9	29
ENSG00000105887	2	1
ENSG00000139697	19	10
ENSG00000231861	11	NA
ENSG00000169403	8	47
ENSG00000132821	10	NA
ENSG00000171316	2	NA
ENSG00000163913	17	NA
ENSG00000272356	5	9
ENSG00000154723	21	17
ENSG00000100439	10	3
ENSG00000168970	7	20
ENSG00000233762	3	NA
ENSG00000184277	3	NA
ENSG00000104435	2	1
ENSG00000227589	7	NA
ENSG00000160679	2	14
ENSG00000178719	6	1
ENSG00000169083	14	6
ENSG00000132612	5	6
ENSG00000081665	1	22
ENSG00000165028	16	NA
ENSG00000187109	13	51
ENSG00000272391	7	2
ENSG00000225450	42	NA
ENSG00000125149	11	63
ENSG00000286634	6	NA
ENSG00000182628	5	5
ENSG00000115289	13	29
ENSG00000119655	21	2
ENSG00000196114	1	NA
ENSG00000250073	24	NA
ENSG00000265205	12	2
ENSG00000275549	19	1
ENSG00000117751	5	NA
ENSG00000043093	5	NA
ENSG00000170846	6	23
ENSG00000163635	2	NA
ENSG00000270871	17	4
ENSG00000255455	20	NA
ENSG00000166454	8	304
ENSG00000170468	5	167
ENSG00000167680	13	7
ENSG00000117569	1	14
ENSG00000242085	28	61
ENSG00000049769	6	10
ENSG00000230454	5	5
ENSG00000170242	8	1
ENSG00000104880	6	62
ENSG00000170837	5	4
ENSG00000136048	22	6
ENSG00000149212	8	NA
ENSG00000227512	12	13
ENSG00000069869	3	7
ENSG00000158793	19	NA
ENSG00000130477	3	NA
ENSG00000171150	6	16
ENSG00000286786	6	4
ENSG00000163655	11	170
ENSG00000145911	6	212
ENSG00000133321	9	NA
ENSG00000133639	4	23
ENSG00000257923	3	41
ENSG00000102524	10	NA
ENSG00000100865	9	1
ENSG00000108733	7	NA
ENSG00000114993	2	NA
ENSG00000284513	7	NA
ENSG00000227188	31	1
ENSG00000137648	3	1
ENSG00000214526	11	NA
ENSG00000196678	32	13
ENSG00000183520	4	NA
ENSG00000244165	4	NA
ENSG00000108219	3	10
ENSG00000136720	12	NA
ENSG00000213553	2	NA
ENSG00000166793	2	NA
ENSG00000187045	62	2
ENSG00000041357	9	2
ENSG00000267474	7	NA
ENSG00000123595	34	NA
ENSG00000078140	8	9
ENSG00000148908	15	19
ENSG00000103740	8	25
ENSG00000214944	10	111
ENSG00000166352	1	NA
ENSG00000135070	10	16
ENSG00000138867	20	NA
ENSG00000125445	18	1
ENSG00000272910	3	NA
ENSG00000166762	11	4
ENSG00000108179	3	NA
ENSG00000185482	11	5
ENSG00000247137	38	NA
ENSG00000233538	5	NA
ENSG00000142751	7	24
ENSG00000140319	11	37
ENSG00000143622	2	NA
ENSG00000155363	7	128
ENSG00000141556	8	NA
ENSG00000265354	4	3
ENSG00000153132	7	8
ENSG00000272375	4	NA
ENSG00000141101	5	79
ENSG00000147488	5	19
ENSG00000269609	8	NA
ENSG00000119522	11	47
ENSG00000099341	23	83
ENSG00000157045	13	NA
ENSG00000266235	7	NA
ENSG00000110427	7	6
ENSG00000259481	6	66
ENSG00000261420	25	NA
ENSG00000136444	36	41
ENSG00000196498	4	NA
ENSG00000037241	9	1
ENSG00000136908	4	NA
ENSG00000137876	12	2
ENSG00000171903	3	3
ENSG00000184845	10	72
ENSG00000274294	15	3
ENSG00000136895	1	NA
ENSG00000135773	3	NA
ENSG00000133318	4	19
ENSG00000172346	76	NA
ENSG00000139637	4	54
ENSG00000132669	34	56
ENSG00000180611	6	89
ENSG00000148834	3	7
ENSG00000272871	10	284
ENSG00000271918	17	NA
ENSG00000086570	6	14
ENSG00000264247	30	14
ENSG00000138449	6	63
ENSG00000240032	1	NA
ENSG00000065057	4	5
ENSG00000107404	10	12
ENSG00000180219	8	NA
ENSG00000287929	1	NA
ENSG00000204673	24	NA
ENSG00000163513	3	14
ENSG00000042317	12	NA
ENSG00000116649	14	1
ENSG00000181019	10	NA
ENSG00000110925	20	20
ENSG00000005483	7	1
ENSG00000257556	25	NA
ENSG00000197111	3	70
ENSG00000258789	2	129
ENSG00000225484	5	NA
ENSG00000287809	14	4
ENSG00000167641	21	4
ENSG00000151491	9	3
ENSG00000232388	7	34
ENSG00000042493	1	NA
ENSG00000225969	9	NA
ENSG00000101052	29	6
ENSG00000259422	3	8
ENSG00000124688	7	29
ENSG00000149091	9	3
ENSG00000287444	25	NA
ENSG00000250144	4	NA
ENSG00000226352	10	NA
ENSG00000204231	6	1
ENSG00000152332	6	1
ENSG00000155304	14	134
ENSG00000143774	2	14
ENSG00000106336	3	1
ENSG00000129968	8	32
ENSG00000270681	4	NA
ENSG00000241973	19	7
ENSG00000164151	4	NA
ENSG00000124217	13	33
ENSG00000122733	4	77
ENSG00000158856	9	111
ENSG00000259924	18	19
ENSG00000134326	3	NA
ENSG00000148358	5	96
ENSG00000124786	2	1
ENSG00000102053	17	NA
ENSG00000127922	3	16
ENSG00000173451	2	NA
ENSG00000175985	19	23
ENSG00000097033	1	22
ENSG00000171532	8	3
ENSG00000172733	10	257
ENSG00000181029	50	NA
ENSG00000111203	16	9
ENSG00000197057	9	NA
ENSG00000132780	3	202
ENSG00000235527	3	NA
ENSG00000164904	9	19
ENSG00000270504	4	2
ENSG00000233276	4	NA
ENSG00000229065	5	NA
ENSG00000223592	74	NA
ENSG00000198914	2	NA
ENSG00000160633	2	NA
ENSG00000111237	10	NA
ENSG00000243107	9	NA
ENSG00000173166	8	6
ENSG00000122507	8	NA
ENSG00000100949	3	3
ENSG00000119608	21	NA
ENSG00000113460	1	3
ENSG00000131473	17	378
ENSG00000249876	7	NA
ENSG00000006451	8	NA
ENSG00000170088	3	NA
ENSG00000111885	19	33
ENSG00000128791	2	NA
ENSG00000180316	18	NA
ENSG00000281404	13	37
ENSG00000174231	5	82
ENSG00000272033	11	NA
ENSG00000141644	23	6
ENSG00000113719	11	14
ENSG00000129250	7	NA
ENSG00000137875	20	NA
ENSG00000148180	4	64
ENSG00000253477	9	NA
ENSG00000010810	4	NA
ENSG00000042445	3	NA
ENSG00000175318	1	NA
ENSG00000286282	20	NA
ENSG00000153157	18	2
ENSG00000127957	3	2
ENSG00000240771	3	NA
ENSG00000259038	2	NA
ENSG00000106367	12	23
ENSG00000179218	13	6
ENSG00000133250	27	8
ENSG00000185049	12	177
ENSG00000162618	5	8
ENSG00000060762	2	15
ENSG00000068745	2	1
ENSG00000199172	1	NA
ENSG00000236194	18	NA
ENSG00000286171	9	NA
ENSG00000172053	8	2
ENSG00000151778	4	2
ENSG00000147164	11	1
ENSG00000270031	3	NA
ENSG00000213793	11	NA
ENSG00000153930	9	2
ENSG00000131370	15	370
ENSG00000162337	20	22
ENSG00000198205	22	279
ENSG00000129158	11	62
ENSG00000241404	1	NA
ENSG00000149792	18	21
ENSG00000127483	8	1
ENSG00000010270	8	NA
ENSG00000213853	9	2
ENSG00000200750	31	NA
ENSG00000071794	10	2
ENSG00000177951	5	NA
ENSG00000160613	5	NA
ENSG00000218426	3	NA
ENSG00000285652	23	NA
ENSG00000100883	33	NA
ENSG00000170852	9	NA
ENSG00000114805	6	4
ENSG00000197891	12	24
ENSG00000265519	3	10
ENSG00000115904	5	NA
ENSG00000134056	2	NA
ENSG00000171016	12	3
ENSG00000176485	9	NA
ENSG00000184207	6	171
ENSG00000144647	3	2
ENSG00000115159	19	NA
ENSG00000163870	6	NA
ENSG00000164684	2	NA
ENSG00000055118	4	33
ENSG00000116095	4	4
ENSG00000104824	3	187
ENSG00000182134	4	43
ENSG00000272444	23	NA
ENSG00000253649	5	NA
ENSG00000137944	3	NA
ENSG00000158286	2	NA
ENSG00000110917	4	3
ENSG00000121989	1	NA
ENSG00000113048	5	NA
ENSG00000141744	2	1
ENSG00000117118	12	NA
ENSG00000233016	1	NA
ENSG00000177868	6	18
ENSG00000198898	2	NA
ENSG00000267321	17	15
ENSG00000271659	2	79
ENSG00000074964	3	NA
ENSG00000196090	41	107
ENSG00000149582	3	9
ENSG00000177946	4	6
ENSG00000270362	2	NA
ENSG00000129595	10	1
ENSG00000272886	2	12
ENSG00000271664	1	NA
ENSG00000179532	8	15
ENSG00000144580	6	44
ENSG00000269887	8	NA
ENSG00000284716	9	NA
ENSG00000121289	6	19
ENSG00000205336	5	38
ENSG00000262691	13	3
ENSG00000279243	5	NA
ENSG00000229694	2	NA
ENSG00000272002	1	NA
ENSG00000284707	2	2
ENSG00000152583	17	76
ENSG00000160785	4	182
ENSG00000285184	5	11
ENSG00000253309	3	NA
ENSG00000131236	1	115
ENSG00000106290	7	21
ENSG00000285280	1	13
ENSG00000055950	15	1
ENSG00000168769	2	9
ENSG00000009950	3	69
ENSG00000221823	5	31
ENSG00000177875	1	44
ENSG00000164588	18	172
ENSG00000023697	12	NA
ENSG00000104221	1	278
ENSG00000182149	31	17
ENSG00000106565	6	NA
ENSG00000083097	14	3
ENSG00000141736	6	27
ENSG00000139746	10	378
ENSG00000182118	7	NA
ENSG00000173486	19	NA
ENSG00000235522	3	NA
ENSG00000160310	102	1
ENSG00000159210	1	11
ENSG00000163704	3	16
ENSG00000123384	2	19
ENSG00000156973	6	NA
ENSG00000177853	6	NA
ENSG00000260404	6	7
ENSG00000069275	5	NA
ENSG00000165724	2	4
ENSG00000165556	13	NA
ENSG00000170348	2	NA
ENSG00000155066	4	NA
ENSG00000176428	3	17
ENSG00000132256	5	1
ENSG00000163660	4	NA
ENSG00000158042	3	4
ENSG00000170604	1	15
ENSG00000156136	1	16
ENSG00000115590	4	NA
ENSG00000285770	7	NA
ENSG00000198081	14	261
ENSG00000162728	2	16
ENSG00000286125	43	4
ENSG00000155034	3	87
ENSG00000156194	7	9
ENSG00000185650	11	11
ENSG00000138686	3	185
ENSG00000104892	44	4
ENSG00000228133	13	24
ENSG00000160209	12	NA
ENSG00000188070	6	87
ENSG00000180537	6	2
ENSG00000276259	17	111
ENSG00000182473	2	25
ENSG00000196449	3	16
ENSG00000253875	1	2
ENSG00000106263	3	NA
ENSG00000091073	6	NA
ENSG00000010292	9	NA
ENSG00000181191	50	406
ENSG00000005100	13	17
ENSG00000275120	8	NA
ENSG00000253540	16	NA
ENSG00000237512	3	NA
ENSG00000106853	12	81
ENSG00000130684	45	NA
ENSG00000125868	22	66
ENSG00000102924	15	26
ENSG00000003137	4	2
ENSG00000108395	32	120
ENSG00000167468	6	1
ENSG00000168288	1	4
ENSG00000140829	8	115
ENSG00000198718	3	66
ENSG00000263321	4	NA
ENSG00000175573	8	25
ENSG00000135457	27	NA
ENSG00000214413	1	NA
ENSG00000180035	8	71
ENSG00000125995	30	33
ENSG00000029725	29	25
ENSG00000132554	13	4
ENSG00000165282	6	42
ENSG00000185863	12	1
ENSG00000185453	16	NA
ENSG00000179111	16	2
ENSG00000090316	6	NA
ENSG00000198001	9	NA
ENSG00000103194	7	19
ENSG00000135976	4	1
ENSG00000279300	20	21
ENSG00000227354	17	NA
ENSG00000257698	12	3
ENSG00000108021	7	NA
ENSG00000131791	7	NA
ENSG00000155368	9	2
ENSG00000166902	8	61
ENSG00000250251	13	1
ENSG00000158715	5	5
ENSG00000198792	64	1
ENSG00000272189	11	1
ENSG00000176619	11	122
ENSG00000166963	3	214
ENSG00000196865	5	22
ENSG00000174132	5	29
ENSG00000124380	4	1
ENSG00000125247	6	NA
ENSG00000102934	5	8
ENSG00000166171	1	NA
ENSG00000105698	11	7
ENSG00000163251	8	9
ENSG00000172046	2	207
ENSG00000228492	2	4
ENSG00000248161	2	10
ENSG00000168438	2	139
ENSG00000111196	2	NA
ENSG00000260314	1	NA
ENSG00000260588	11	1
ENSG00000132128	16	NA
ENSG00000240024	6	4
ENSG00000249923	13	2
ENSG00000110723	6	4
ENSG00000224717	9	4
ENSG00000234835	1	NA
ENSG00000018625	2	59
ENSG00000285918	27	295
ENSG00000181856	16	NA
ENSG00000198888	2	38
ENSG00000203772	4	61
ENSG00000111834	5	3
ENSG00000173889	1	NA
ENSG00000140403	45	27
ENSG00000106459	10	9
ENSG00000149547	1	NA
ENSG00000265656	6	NA
ENSG00000285130	4	51
ENSG00000014919	4	2
ENSG00000176401	25	19
ENSG00000074800	7	NA
ENSG00000091831	3	2
ENSG00000183853	2	35
ENSG00000105202	7	NA
ENSG00000256073	1	NA
ENSG00000149196	5	4
ENSG00000092094	24	5
ENSG00000135632	5	NA
ENSG00000231246	2	6
ENSG00000118412	7	19
ENSG00000134882	9	17
ENSG00000083544	3	17
ENSG00000134531	8	3
ENSG00000198948	1	5
ENSG00000234771	8	6
ENSG00000215156	7	32
ENSG00000241158	2	NA
ENSG00000266904	9	NA
ENSG00000172775	10	7
ENSG00000267938	39	11
ENSG00000105397	4	NA
ENSG00000114982	5	105
ENSG00000013583	3	2
ENSG00000133794	3	NA
ENSG00000154553	5	39
ENSG00000072682	5	NA
ENSG00000159202	9	57
ENSG00000251188	8	16
ENSG00000049089	1	1
ENSG00000115935	2	1
ENSG00000114739	2	2
ENSG00000177556	4	9
ENSG00000058729	1	NA
ENSG00000172548	3	2
ENSG00000070367	8	NA
ENSG00000119509	5	NA
ENSG00000177511	15	60
ENSG00000196104	1	1
ENSG00000115325	3	NA
ENSG00000141698	13	10
ENSG00000137642	10	142
ENSG00000275580	16	235
ENSG00000183598	5	NA
ENSG00000134007	17	5
ENSG00000171953	6	NA
ENSG00000215720	4	NA
ENSG00000285606	8	NA
ENSG00000229739	4	1
ENSG00000125733	10	NA
ENSG00000213123	2	87
ENSG00000005175	12	79
ENSG00000130726	34	141
ENSG00000178425	11	NA
ENSG00000173581	18	6
ENSG00000276337	7	10
ENSG00000274987	4	NA
ENSG00000145191	2	1
ENSG00000140025	8	2
ENSG00000235035	6	NA
ENSG00000233146	22	NA
ENSG00000187164	4	4
ENSG00000143786	6	NA
ENSG00000170502	2	7
ENSG00000120963	4	NA
ENSG00000163875	3	14
ENSG00000179958	14	14
ENSG00000145907	5	NA
ENSG00000279425	3	3
ENSG00000143951	2	NA
ENSG00000100359	101	46
ENSG00000205795	11	NA
ENSG00000099917	3	20
ENSG00000185842	3	35
ENSG00000250764	2	22
ENSG00000205707	9	6
ENSG00000249249	7	4
ENSG00000127415	6	20
ENSG00000186395	9	32
ENSG00000070961	1	18
ENSG00000134243	1	13
ENSG00000173757	36	20
ENSG00000107954	1	NA
ENSG00000103494	4	NA
ENSG00000269054	39	NA
ENSG00000116701	2	39
ENSG00000213676	1	1
ENSG00000116580	4	6
ENSG00000099260	1	2
ENSG00000187051	46	24
ENSG00000259940	3	NA
ENSG00000231645	33	104
ENSG00000174109	14	10
ENSG00000260367	18	NA
ENSG00000198934	25	294
ENSG00000117598	9	20
ENSG00000183549	2	8
ENSG00000143149	6	28
ENSG00000224616	2	NA
ENSG00000141425	16	NA
ENSG00000107862	1	NA
ENSG00000163788	3	6
ENSG00000176105	43	79
ENSG00000166997	9	NA
ENSG00000115548	4	NA
ENSG00000272864	1	NA
ENSG00000257108	6	NA
ENSG00000235641	11	NA
ENSG00000253535	4	226
ENSG00000113140	9	7
ENSG00000177169	9	2
ENSG00000163832	1	121
ENSG00000134444	18	NA
ENSG00000132275	4	100
ENSG00000172840	1	32
ENSG00000262265	9	1
ENSG00000134108	1	32
ENSG00000262312	11	NA
ENSG00000265136	6	61
ENSG00000164296	1	3
ENSG00000117298	5	NA
ENSG00000187601	57	69
ENSG00000103429	6	259
ENSG00000116815	1	NA
ENSG00000181800	4	82
ENSG00000143543	2	43
ENSG00000146094	3	NA
ENSG00000199545	2	NA
ENSG00000111775	6	26
ENSG00000255517	10	NA
ENSG00000145220	2	NA
ENSG00000163155	2	1
ENSG00000234807	14	NA
ENSG00000143748	7	NA
ENSG00000230286	10	3
ENSG00000261609	9	80
ENSG00000163950	3	36
ENSG00000159479	2	NA
ENSG00000002933	4	NA
ENSG00000130227	17	NA
ENSG00000107130	1	NA
ENSG00000185127	2	39
ENSG00000137970	1	NA
ENSG00000288066	6	15
ENSG00000187783	5	43
ENSG00000259151	10	NA
ENSG00000196218	3	4
ENSG00000110651	24	15
ENSG00000281103	7	NA
ENSG00000124766	2	NA
ENSG00000197106	2	20
ENSG00000224728	4	NA
ENSG00000168061	9	47
ENSG00000235823	3	NA
ENSG00000196591	3	2
ENSG00000232160	30	2
ENSG00000277969	9	NA
ENSG00000082438	2	1
ENSG00000115524	5	NA
ENSG00000198786	2	103
ENSG00000175376	9	5
ENSG00000134909	1	9
ENSG00000174574	1	NA
ENSG00000085662	1	4
ENSG00000124151	20	42
ENSG00000182934	2	250
ENSG00000105258	16	16
ENSG00000179240	7	4
ENSG00000205002	11	2
ENSG00000074266	5	34
ENSG00000280809	6	NA
ENSG00000160087	10	43
ENSG00000186063	2	4
ENSG00000271538	2	NA
ENSG00000144821	1	26
ENSG00000171130	4	4
ENSG00000237522	4	16
ENSG00000261460	3	NA
ENSG00000163960	10	NA
ENSG00000136738	7	67
ENSG00000111906	4	37
ENSG00000250999	2	NA
ENSG00000176046	4	1
ENSG00000184056	28	77
ENSG00000160695	1	42
ENSG00000135436	4	NA
ENSG00000231102	1	2
ENSG00000250282	6	6
ENSG00000104043	11	NA
ENSG00000092096	11	34
ENSG00000268530	38	NA
ENSG00000104660	4	2
ENSG00000257298	2	NA
ENSG00000178741	5	3
ENSG00000121931	2	NA
ENSG00000075975	3	6
ENSG00000164284	4	30
ENSG00000138069	8	NA
ENSG00000159082	31	99
ENSG00000175874	2	NA
ENSG00000214189	34	3
ENSG00000124194	17	11
ENSG00000104442	5	123
ENSG00000168398	2	NA
ENSG00000196440	166	4
ENSG00000220575	12	2
ENSG00000166340	5	51
ENSG00000157593	1	7
ENSG00000183783	1	4
ENSG00000161970	23	NA
ENSG00000147408	5	25
ENSG00000144550	4	NA
ENSG00000175928	3	2
ENSG00000198805	5	4
ENSG00000197054	23	NA
ENSG00000023041	9	NA
ENSG00000286952	6	NA
ENSG00000065183	1	24
ENSG00000247134	1	NA
ENSG00000229847	5	NA
ENSG00000242808	2	16
ENSG00000127540	3	1
ENSG00000109686	22	NA
ENSG00000267041	23	NA
ENSG00000228748	3	NA
ENSG00000183801	10	NA
ENSG00000147654	3	1
ENSG00000258317	1	25
ENSG00000287715	9	2
ENSG00000169900	12	6
ENSG00000119862	4	NA
ENSG00000099385	7	2
ENSG00000143815	1	NA
ENSG00000143256	2	69
ENSG00000230773	1	NA
ENSG00000198873	3	5
ENSG00000074319	7	45
ENSG00000177873	7	23
ENSG00000115602	1	NA
ENSG00000138660	7	80
ENSG00000187848	10	21
ENSG00000179950	8	319
ENSG00000172301	5	67
ENSG00000285812	3	21
ENSG00000165512	11	43
ENSG00000158955	3	67
ENSG00000115091	5	4
ENSG00000159147	55	275
ENSG00000127554	5	18
ENSG00000230615	3	NA
ENSG00000137038	8	NA
ENSG00000113739	9	26
ENSG00000105321	28	5
ENSG00000158716	4	NA
ENSG00000267016	11	39
ENSG00000139618	1	NA
ENSG00000095637	9	62
ENSG00000171827	27	157
ENSG00000171084	5	NA
ENSG00000198089	15	7
ENSG00000174775	5	20
ENSG00000125656	6	29
ENSG00000186026	21	NA
ENSG00000166037	1	NA
ENSG00000122705	13	65
ENSG00000257218	16	15
ENSG00000148200	13	32
ENSG00000170615	3	NA
ENSG00000152256	2	2
ENSG00000233038	8	50
ENSG00000181666	3	2
ENSG00000213184	12	NA
ENSG00000261360	10	NA
ENSG00000072364	2	40
ENSG00000091972	9	59
ENSG00000100271	20	175
ENSG00000261719	17	7
ENSG00000187742	7	NA
ENSG00000107175	3	1
ENSG00000102901	2	6
ENSG00000224934	2	2
ENSG00000170209	47	NA
ENSG00000014138	17	15
ENSG00000009954	3	2
ENSG00000169554	3	7
ENSG00000170271	9	6
ENSG00000100225	2	NA
ENSG00000126759	39	NA
ENSG00000167566	9	22
ENSG00000272911	6	NA
ENSG00000249604	2	2
ENSG00000227252	1	NA
ENSG00000163125	1	NA
ENSG00000186765	11	41
ENSG00000179168	12	NA
ENSG00000162396	3	3
ENSG00000167543	5	3
ENSG00000181982	4	NA
ENSG00000285230	76	3
ENSG00000150455	2	NA
ENSG00000165617	9	90
ENSG00000066230	2	26
ENSG00000196943	13	411
ENSG00000134574	1	NA
ENSG00000147853	4	7
ENSG00000184347	1	NA
ENSG00000213090	4	NA
ENSG00000248544	2	NA
ENSG00000115738	1	NA
ENSG00000002919	4	5
ENSG00000267114	23	NA
ENSG00000149716	4	NA
ENSG00000178307	12	8
ENSG00000169413	12	10
ENSG00000167930	10	15
ENSG00000166016	3	93
ENSG00000141314	5	NA
ENSG00000213619	3	2
ENSG00000060237	4	NA
ENSG00000145354	4	17
ENSG00000277831	8	15
ENSG00000109846	8	1
ENSG00000101150	7	12
ENSG00000170425	3	1
ENSG00000116489	3	NA
ENSG00000178928	31	NA
ENSG00000120832	5	34
ENSG00000133030	10	134
ENSG00000077348	31	1
ENSG00000287279	2	NA
ENSG00000283341	4	5
ENSG00000186298	1	2
ENSG00000260430	29	NA
ENSG00000051341	6	NA
ENSG00000198522	1	1
ENSG00000152240	5	4
ENSG00000261678	2	NA
ENSG00000134115	5	6
ENSG00000162889	2	NA
ENSG00000156853	2	157
ENSG00000272677	7	6
ENSG00000183476	3	NA
ENSG00000117859	6	24
ENSG00000143079	1	2
ENSG00000283209	19	84
ENSG00000167074	28	40
ENSG00000137106	5	4
ENSG00000135047	2	NA
ENSG00000117152	2	NA
ENSG00000124257	13	NA
ENSG00000166343	2	36
ENSG00000127603	3	6
ENSG00000145358	4	NA
ENSG00000237686	5	NA
ENSG00000166503	3	84
ENSG00000165055	2	NA
ENSG00000278998	1	NA
ENSG00000113734	4	NA
ENSG00000075426	1	NA
ENSG00000089876	1	NA
ENSG00000236104	7	129
ENSG00000172771	6	3
ENSG00000280187	2	NA
ENSG00000126016	49	84
ENSG00000163882	3	14
ENSG00000228274	107	NA
ENSG00000171824	1	NA
ENSG00000232934	10	6
ENSG00000164889	6	1
ENSG00000104635	1	3
ENSG00000100353	44	16
ENSG00000205060	10	50
ENSG00000141985	2	28
ENSG00000177409	5	9
ENSG00000273198	2	3
ENSG00000157181	2	26
ENSG00000213888	9	164
ENSG00000186001	3	1
ENSG00000081181	2	8
ENSG00000215097	2	NA
ENSG00000204572	16	NA
ENSG00000167281	7	2
ENSG00000090372	6	NA
ENSG00000187905	39	2
ENSG00000163354	3	NA
ENSG00000254192	1	NA
ENSG00000224631	4	NA
ENSG00000121871	5	145
ENSG00000204252	4	3
ENSG00000051523	7	12
ENSG00000100216	20	26
ENSG00000143032	2	2
ENSG00000138031	3	36
ENSG00000025156	2	22
ENSG00000118292	1	4
ENSG00000187513	1	1
ENSG00000108828	13	NA
ENSG00000240418	7	NA
ENSG00000286008	3	3
ENSG00000163131	6	4
ENSG00000260884	4	NA
ENSG00000158987	1	2
ENSG00000242419	9	517
ENSG00000166707	5	NA
ENSG00000128283	9	NA
ENSG00000100138	5	36
ENSG00000188986	2	15
ENSG00000168004	9	NA
ENSG00000242797	8	6
ENSG00000251414	2	NA
ENSG00000064652	4	NA
ENSG00000143858	3	112
ENSG00000138161	4	NA
ENSG00000121101	13	NA
ENSG00000169490	4	16
ENSG00000173193	3	30
ENSG00000215421	1	NA
ENSG00000188542	3	NA
ENSG00000196465	5	5
ENSG00000110324	5	1
ENSG00000126106	4	NA
ENSG00000175931	4	NA
ENSG00000169217	25	220
ENSG00000152601	1	NA
ENSG00000233799	6	NA
ENSG00000213937	12	113
ENSG00000116406	3	NA
ENSG00000284770	4	NA
ENSG00000173960	3	NA
ENSG00000255423	1	NA
ENSG00000041515	7	88
ENSG00000184887	5	4
ENSG00000287957	5	NA
ENSG00000058091	4	271
ENSG00000095564	3	4
ENSG00000073969	4	68
ENSG00000268696	28	NA
ENSG00000198682	1	5
ENSG00000167257	2	55
ENSG00000171135	2	2
ENSG00000089248	4	10
ENSG00000105643	1	NA
ENSG00000220205	6	22
ENSG00000170786	3	2
ENSG00000198816	3	71
ENSG00000144227	4	115
ENSG00000230269	4	NA
ENSG00000260790	10	NA
ENSG00000090905	2	NA
ENSG00000249700	5	NA
ENSG00000174282	49	380
ENSG00000257763	9	NA
ENSG00000113810	6	29
ENSG00000157869	1	30
ENSG00000265996	1	NA
ENSG00000105122	5	11
ENSG00000132842	1	14
ENSG00000230630	7	NA
ENSG00000132952	1	2
ENSG00000224647	20	2
ENSG00000276075	15	NA
ENSG00000197780	2	NA
ENSG00000134864	4	2
ENSG00000065615	4	NA
ENSG00000168079	2	NA
ENSG00000255503	4	NA
ENSG00000230358	1	NA
ENSG00000114738	2	NA
ENSG00000165684	1	NA
ENSG00000232344	10	50
ENSG00000179029	5	NA
ENSG00000137507	4	6
ENSG00000267203	5	NA
ENSG00000117115	2	NA
ENSG00000196810	1	NA
ENSG00000100348	44	NA
ENSG00000214546	11	NA
ENSG00000198680	7	33
ENSG00000129226	21	NA
ENSG00000176915	3	12
ENSG00000151532	5	118
ENSG00000222448	1	NA
ENSG00000165678	8	1
ENSG00000165695	9	NA
ENSG00000260394	15	48
ENSG00000033050	1	16
ENSG00000002330	3	16
ENSG00000143867	2	NA
ENSG00000123810	6	4
ENSG00000213445	2	NA
ENSG00000274080	3	26
ENSG00000128272	26	9
ENSG00000125901	13	4
ENSG00000271427	1	NA
ENSG00000162929	2	1
ENSG00000270882	7	NA
ENSG00000027847	2	5
ENSG00000177971	9	8
ENSG00000239911	1	6
ENSG00000168003	2	1
ENSG00000092621	2	13
ENSG00000251448	4	3
ENSG00000164742	3	75
ENSG00000234084	3	1
ENSG00000261840	7	NA
ENSG00000285646	2	NA
ENSG00000105146	26	4
ENSG00000100075	24	1
ENSG00000068079	3	4
ENSG00000139679	1	NA
ENSG00000126705	3	NA
ENSG00000144659	1	12
ENSG00000139719	2	NA
ENSG00000136274	1	NA
ENSG00000131504	3	20
ENSG00000148053	6	15
ENSG00000172915	7	132
ENSG00000203362	3	NA
ENSG00000182220	26	71
ENSG00000143614	3	9
ENSG00000170743	15	92
ENSG00000152782	6	16
ENSG00000047457	1	NA
ENSG00000100941	14	NA
ENSG00000259118	3	NA
ENSG00000004961	34	129
ENSG00000004700	14	230
ENSG00000235760	4	NA
ENSG00000133985	10	97
ENSG00000110042	11	9
ENSG00000280067	1	4
ENSG00000175970	1	11
ENSG00000227365	4	115
ENSG00000232713	1	NA
ENSG00000279020	33	20
ENSG00000214199	4	NA
ENSG00000215712	5	7
ENSG00000279900	8	NA
ENSG00000171603	7	11
ENSG00000076928	2	34
ENSG00000270012	93	7
ENSG00000147905	1	53
ENSG00000287917	6	15
ENSG00000092201	2	13
ENSG00000109971	6	NA
ENSG00000217488	3	NA
ENSG00000119950	2	51
ENSG00000269837	80	4
ENSG00000111012	2	NA
ENSG00000092847	2	NA
ENSG00000242372	12	16
ENSG00000118473	5	1
ENSG00000228397	1	NA
ENSG00000145623	5	15
ENSG00000263300	2	NA
ENSG00000176623	11	NA
ENSG00000090097	2	NA
ENSG00000095739	2	NA
ENSG00000145868	2	4
ENSG00000230872	3	NA
ENSG00000162444	1	NA
ENSG00000157514	19	12
ENSG00000138002	1	7
ENSG00000117697	1	NA
ENSG00000161013	5	2
ENSG00000224546	4	82
ENSG00000250033	2	NA
ENSG00000159423	9	23
ENSG00000138336	2	35
ENSG00000149735	7	6
ENSG00000123268	3	NA
ENSG00000141298	21	NA
ENSG00000150471	1	35
ENSG00000133422	11	NA
ENSG00000273702	30	2
ENSG00000256087	2	71
ENSG00000107872	7	NA
ENSG00000138642	2	7
ENSG00000167182	1	NA
ENSG00000279179	3	9
ENSG00000132470	22	20
ENSG00000279453	2	NA
ENSG00000230806	5	NA
ENSG00000100028	9	128
ENSG00000277072	4	NA
ENSG00000132975	4	179
ENSG00000225791	3	2
ENSG00000129450	1	4
ENSG00000183092	1	NA
ENSG00000174606	2	1
ENSG00000164398	3	43
ENSG00000263990	14	2
ENSG00000169306	3	NA
ENSG00000137221	6	37
ENSG00000228288	6	NA
ENSG00000134255	2	NA
ENSG00000129518	1	NA
ENSG00000196159	2	NA
ENSG00000119650	7	100
ENSG00000121933	6	NA
ENSG00000234979	53	87
ENSG00000167494	10	NA
ENSG00000276250	3	377
ENSG00000280120	3	291
ENSG00000137767	9	6
ENSG00000179041	1	170
ENSG00000182512	9	5
ENSG00000163156	2	25
ENSG00000126231	3	NA
ENSG00000178662	1	141
ENSG00000226950	7	44
ENSG00000066135	2	NA
ENSG00000171103	1	181
ENSG00000278965	1	4
ENSG00000284600	6	NA
ENSG00000020577	2	NA
ENSG00000278881	71	75
ENSG00000264112	19	NA
ENSG00000198513	6	232
ENSG00000107669	7	158
ENSG00000137941	2	NA
ENSG00000179912	5	21
ENSG00000250156	2	NA
ENSG00000135697	3	NA
ENSG00000143333	1	120
ENSG00000067829	54	95
ENSG00000177034	4	NA
ENSG00000232648	2	NA
ENSG00000146828	11	31
ENSG00000104964	19	67
ENSG00000287896	1	1
ENSG00000085831	2	24
ENSG00000228060	5	1
ENSG00000100442	9	130
ENSG00000204634	2	6
ENSG00000225778	2	NA
ENSG00000166073	4	24
ENSG00000259575	7	75
ENSG00000239213	5	NA
ENSG00000241839	7	26
ENSG00000269896	2	9
ENSG00000110076	2	NA
ENSG00000102271	12	1
ENSG00000152413	2	22
ENSG00000147324	4	1
ENSG00000100354	24	NA
ENSG00000055208	4	NA
ENSG00000166446	27	31
ENSG00000065548	2	NA
ENSG00000120129	1	NA
ENSG00000227507	4	NA
ENSG00000148331	4	23
ENSG00000137207	1	NA
ENSG00000165795	3	11
ENSG00000149930	3	NA
ENSG00000070476	2	2
ENSG00000276633	2	NA
ENSG00000261653	18	3
ENSG00000259972	9	NA
ENSG00000224490	3	NA
ENSG00000271344	3	278
ENSG00000272483	8	1
ENSG00000239569	2	1
ENSG00000255991	12	NA
ENSG00000004660	8	8
ENSG00000198380	11	58
ENSG00000179409	5	290
ENSG00000234913	16	64
ENSG00000070785	2	33
ENSG00000151131	2	NA
ENSG00000179364	1	1
ENSG00000114115	2	NA
ENSG00000100722	8	NA
ENSG00000203413	7	NA
ENSG00000280033	2	NA
ENSG00000164845	15	NA
ENSG00000277566	1	6
ENSG00000065911	1	NA
ENSG00000183690	15	8
ENSG00000117411	4	4
ENSG00000007866	6	6
ENSG00000175309	4	3
ENSG00000117419	3	20
ENSG00000138308	9	NA
ENSG00000141971	6	1
ENSG00000288085	7	NA
ENSG00000224914	1	NA
ENSG00000163866	7	5
ENSG00000103152	14	91
ENSG00000125037	6	3
ENSG00000258725	12	NA
ENSG00000166266	10	48
ENSG00000131943	16	67
ENSG00000272645	1	99
ENSG00000105373	10	3
ENSG00000269964	1	1
ENSG00000128016	7	NA
ENSG00000229422	8	39
ENSG00000197157	2	NA
ENSG00000129353	13	24
ENSG00000106537	5	7
ENSG00000124571	1	NA
ENSG00000260179	1	11
ENSG00000232888	3	NA
ENSG00000142910	3	NA
ENSG00000204590	1	151
ENSG00000136925	4	105
ENSG00000198612	1	NA
ENSG00000168209	5	NA
ENSG00000109906	9	NA
ENSG00000132321	5	NA
ENSG00000085382	3	1
ENSG00000018189	1	NA
ENSG00000253667	2	NA
ENSG00000103018	10	NA
ENSG00000135046	1	NA
ENSG00000078487	3	NA
ENSG00000103343	4	1
ENSG00000183763	4	NA
ENSG00000185112	4	NA
ENSG00000140320	11	NA
ENSG00000100055	13	48
ENSG00000182326	4	NA
ENSG00000112303	3	NA
ENSG00000004399	2	2
ENSG00000279497	14	15
ENSG00000287744	4	NA
ENSG00000137628	6	35
ENSG00000255317	1	NA
ENSG00000164949	5	NA
ENSG00000088179	4	NA
ENSG00000007520	7	22
ENSG00000084070	3	NA
ENSG00000229797	5	1
ENSG00000172757	6	9
ENSG00000170624	1	15
ENSG00000186522	1	1
ENSG00000167614	12	25
ENSG00000165699	1	NA
ENSG00000273493	5	29
ENSG00000187244	4	NA
ENSG00000181938	5	4
ENSG00000155111	3	NA
ENSG00000168569	6	NA
ENSG00000146425	6	82
ENSG00000221890	40	33
ENSG00000119979	2	1
ENSG00000103769	5	1
ENSG00000145335	4	3
ENSG00000162688	11	NA
ENSG00000076706	8	69
ENSG00000179933	5	3
ENSG00000287257	7	32
ENSG00000103449	6	5
ENSG00000275437	24	74
ENSG00000101363	34	36
ENSG00000102760	12	20
ENSG00000028839	1	18
ENSG00000136930	4	8
ENSG00000271795	1	NA
ENSG00000099875	3	NA
ENSG00000163319	1	NA
ENSG00000145920	1	NA
ENSG00000280485	5	NA
ENSG00000181218	2	28
ENSG00000119725	13	1
ENSG00000172375	2	NA
ENSG00000155744	1	2
ENSG00000092208	1	1
ENSG00000139547	2	1
ENSG00000234632	2	NA
ENSG00000111199	6	NA
ENSG00000117528	2	1
ENSG00000088256	20	38
ENSG00000111644	4	NA
ENSG00000166262	10	3
ENSG00000279696	3	NA
ENSG00000006530	24	NA
ENSG00000196150	5	28
ENSG00000113643	11	2
ENSG00000272037	2	NA
ENSG00000260051	9	19
ENSG00000201684	1	NA
ENSG00000162004	9	NA
ENSG00000183530	38	12
ENSG00000198917	1	NA
ENSG00000233058	1	NA
ENSG00000112146	1	7
ENSG00000068024	1	NA
ENSG00000178184	10	1
ENSG00000011304	5	NA
ENSG00000163001	2	NA
ENSG00000164346	2	NA
ENSG00000137267	1	NA
ENSG00000176472	3	NA
ENSG00000149313	8	2
ENSG00000243943	1	22
ENSG00000174365	16	NA
ENSG00000119638	3	20
ENSG00000254858	1	NA
ENSG00000197114	21	70
ENSG00000197771	4	NA
ENSG00000257097	7	17
ENSG00000148943	1	11
ENSG00000113552	2	1
ENSG00000115594	1	2
ENSG00000287306	2	NA
ENSG00000100554	3	NA
ENSG00000132423	1	40
ENSG00000177181	2	244
ENSG00000121653	3	286
ENSG00000123066	4	NA
ENSG00000053770	10	1
ENSG00000286216	1	NA
ENSG00000284633	116	NA
ENSG00000278987	4	NA
ENSG00000101346	21	6
ENSG00000170322	5	NA
ENSG00000260257	15	243
ENSG00000196361	2	4
ENSG00000263499	8	NA
ENSG00000105723	29	49
ENSG00000005486	1	NA
ENSG00000163348	2	51
ENSG00000254470	8	74
ENSG00000184319	21	3
ENSG00000090061	16	45
ENSG00000139946	3	11
ENSG00000258711	7	NA
ENSG00000037637	2	NA
ENSG00000169964	2	NA
ENSG00000109061	12	NA
ENSG00000145040	2	NA
ENSG00000025293	28	447
ENSG00000122180	2	5
ENSG00000134030	2	NA
ENSG00000221988	1	12
ENSG00000189056	6	1
ENSG00000275759	2	NA
ENSG00000124795	5	3
ENSG00000129933	10	1
ENSG00000139687	12	1
ENSG00000135916	3	1
ENSG00000108312	13	21
ENSG00000084764	2	59
ENSG00000175161	2	1
ENSG00000148143	3	19
ENSG00000173376	6	NA
ENSG00000188554	2	44
ENSG00000125246	23	4
ENSG00000127220	7	31
ENSG00000180626	8	5
ENSG00000135473	1	NA
ENSG00000196187	2	16
ENSG00000163479	3	73
ENSG00000172985	1	NA
ENSG00000150337	3	15
ENSG00000286743	1	NA
ENSG00000169075	3	NA
ENSG00000079785	1	NA
ENSG00000246851	4	NA
ENSG00000033122	1	NA
ENSG00000112511	4	NA
ENSG00000253168	1	NA
ENSG00000198492	4	19
ENSG00000250377	1	NA
ENSG00000138495	2	6
ENSG00000057468	5	NA
ENSG00000230223	4	4
ENSG00000124920	11	12
ENSG00000003249	3	3
ENSG00000164051	1	3
ENSG00000171867	11	10
ENSG00000233850	2	NA
ENSG00000230262	3	NA
ENSG00000262833	23	45
ENSG00000274964	4	NA
ENSG00000102103	45	9
ENSG00000198793	1	28
ENSG00000198265	6	NA
ENSG00000242299	1	22
ENSG00000153774	3	3
ENSG00000197535	4	150
ENSG00000138175	2	NA
ENSG00000147533	4	NA
ENSG00000236700	3	NA
ENSG00000069248	3	NA
ENSG00000107290	4	NA
ENSG00000163512	1	263
ENSG00000249158	5	50
ENSG00000082153	1	NA
ENSG00000143257	3	6
ENSG00000115355	2	6
ENSG00000269293	2	260
ENSG00000115282	3	NA
ENSG00000196172	10	NA
ENSG00000255521	2	NA
ENSG00000134470	2	4
ENSG00000187609	3	6
ENSG00000231443	9	NA
ENSG00000120784	27	1
ENSG00000150776	3	6
ENSG00000137802	13	3
ENSG00000163162	2	9
ENSG00000231607	3	34
ENSG00000135148	5	NA
ENSG00000169047	2	NA
ENSG00000185090	2	90
ENSG00000113194	1	1
ENSG00000248383	1	NA
ENSG00000258682	5	3
ENSG00000169282	2	NA
ENSG00000082068	6	NA
ENSG00000156508	6	NA
ENSG00000133773	1	1
ENSG00000276672	3	1
ENSG00000238098	3	253
ENSG00000101182	29	28
ENSG00000226312	4	1
ENSG00000134684	3	6
ENSG00000228486	2	1
ENSG00000187555	9	184
ENSG00000100714	5	NA
ENSG00000272319	5	NA
ENSG00000184371	1	14
ENSG00000076716	28	51
ENSG00000261647	2	8
ENSG00000165097	4	NA
ENSG00000198892	4	NA
ENSG00000146409	3	4
ENSG00000112237	7	NA
ENSG00000133874	1	NA
ENSG00000153391	21	24
ENSG00000153904	1	NA
ENSG00000286112	7	8
ENSG00000105254	9	NA
ENSG00000148343	2	NA
ENSG00000251616	1	NA
ENSG00000166974	13	8
ENSG00000213035	5	NA
ENSG00000076321	2	85
ENSG00000260661	1	NA
ENSG00000197747	1	NA
ENSG00000227543	17	NA
ENSG00000116685	2	53
ENSG00000132692	1	2
ENSG00000100890	3	NA
ENSG00000183508	3	1
ENSG00000065060	1	17
ENSG00000166557	1	NA
ENSG00000260277	14	28
ENSG00000186635	2	NA
ENSG00000110108	1	1
ENSG00000280047	9	NA
ENSG00000144134	6	NA
ENSG00000164853	2	2
ENSG00000210082	3	253
ENSG00000072849	13	146
ENSG00000239763	1	NA
ENSG00000226454	2	7
ENSG00000101365	19	83
ENSG00000283930	3	NA
ENSG00000130165	16	73
ENSG00000286004	5	42
ENSG00000260388	7	NA
ENSG00000197815	1	16
ENSG00000215217	5	NA
ENSG00000170145	3	NA
ENSG00000287076	2	NA
ENSG00000186094	3	10
ENSG00000069998	11	1
ENSG00000134970	1	NA
ENSG00000105204	1	NA
ENSG00000104765	3	39
ENSG00000089737	2	111
ENSG00000139211	2	NA
ENSG00000286378	1	NA
ENSG00000095794	3	78
ENSG00000235191	2	NA
ENSG00000157890	1	5
ENSG00000120690	5	7
ENSG00000120705	1	NA
ENSG00000280003	4	NA
ENSG00000135720	18	7
ENSG00000248874	1	NA
ENSG00000184898	5	5
ENSG00000240423	5	NA
ENSG00000278897	5	7
ENSG00000175471	1	16
ENSG00000197497	5	NA
ENSG00000271605	11	9
ENSG00000171450	1	104
ENSG00000277531	5	147
ENSG00000236559	6	NA
ENSG00000228487	2	109
ENSG00000286873	1	NA
ENSG00000286847	6	NA
ENSG00000121053	16	NA
ENSG00000131652	2	4
ENSG00000097096	2	NA
ENSG00000165152	1	48
ENSG00000167842	2	NA
ENSG00000180357	10	NA
ENSG00000155506	2	94
ENSG00000088833	9	9
ENSG00000070610	3	NA
ENSG00000130775	1	NA
ENSG00000172361	3	28
ENSG00000156968	12	9
ENSG00000260751	1	1
ENSG00000227695	1	1
ENSG00000083454	9	NA
ENSG00000235706	3	112
ENSG00000188643	1	NA
ENSG00000157168	3	60
ENSG00000054690	4	1
ENSG00000146856	5	3
ENSG00000145919	3	NA
ENSG00000279673	4	NA
ENSG00000091039	4	98
ENSG00000213380	1	NA
ENSG00000260186	3	8
ENSG00000243433	1	20
ENSG00000105619	20	NA
ENSG00000260190	9	NA
ENSG00000164144	1	6
ENSG00000102908	1	87
ENSG00000273611	17	25
ENSG00000198355	8	15
ENSG00000108946	19	302
ENSG00000184937	6	NA
ENSG00000103111	8	23
ENSG00000136542	1	NA
ENSG00000100266	43	50
ENSG00000138795	1	NA
ENSG00000185958	2	205
ENSG00000077279	34	84
ENSG00000134107	1	NA
ENSG00000121671	2	NA
ENSG00000229492	5	48
ENSG00000150782	3	NA
ENSG00000264575	2	NA
ENSG00000140030	5	NA
ENSG00000102547	14	NA
ENSG00000167419	25	NA
ENSG00000135912	1	25
ENSG00000057757	3	48
ENSG00000148297	1	NA
ENSG00000259163	5	NA
ENSG00000132507	5	65
ENSG00000102362	6	4
ENSG00000133112	4	40
ENSG00000074755	11	NA
ENSG00000110429	1	NA
ENSG00000182150	1	9
ENSG00000135535	2	NA
ENSG00000187735	2	NA
ENSG00000254839	5	20
ENSG00000117143	3	10
ENSG00000165169	2	NA
ENSG00000141469	11	7
ENSG00000233836	9	31
ENSG00000284428	1	NA
ENSG00000162542	2	NA
ENSG00000015676	2	NA
ENSG00000270814	2	NA
ENSG00000119865	4	18
ENSG00000010278	1	NA
ENSG00000225339	8	2
ENSG00000162438	3	NA
ENSG00000196660	1	59
ENSG00000177125	3	7
ENSG00000106635	5	33
ENSG00000137145	1	41
ENSG00000235961	24	35
ENSG00000228203	1	NA
ENSG00000274191	1	140
ENSG00000162063	6	NA
ENSG00000117899	2	NA
ENSG00000131778	3	1
ENSG00000133265	9	13
ENSG00000103994	15	2
ENSG00000168758	3	50
ENSG00000104969	8	56
ENSG00000011083	14	NA
ENSG00000008324	4	29
ENSG00000196767	11	10
ENSG00000198176	5	8
ENSG00000002834	6	NA
ENSG00000187010	1	NA
ENSG00000160345	6	NA
ENSG00000142459	4	27
ENSG00000285943	1	61
ENSG00000205869	1	7
ENSG00000227906	15	NA
ENSG00000163811	2	67
ENSG00000285979	7	NA
ENSG00000143669	2	3
ENSG00000106636	2	NA
ENSG00000256053	3	11
ENSG00000234630	32	8
ENSG00000172889	1	3
ENSG00000092010	10	NA
ENSG00000121481	3	7
ENSG00000279543	13	43
ENSG00000104870	19	24
ENSG00000268947	9	7
ENSG00000153989	1	2
ENSG00000136828	3	17
ENSG00000115194	3	5
ENSG00000130818	6	22
ENSG00000014914	1	NA
ENSG00000002079	4	NA
ENSG00000121851	3	3
ENSG00000111640	1	103
ENSG00000102172	9	7
ENSG00000138629	3	NA
ENSG00000167755	1	13
ENSG00000184743	5	NA
ENSG00000006128	1	2
ENSG00000196843	1	2
ENSG00000109814	3	NA
ENSG00000168944	6	236
ENSG00000106028	4	NA
ENSG00000242767	3	NA
ENSG00000228392	1	NA
ENSG00000131871	2	NA
ENSG00000155816	2	23
ENSG00000151692	1	1
ENSG00000255135	5	2
ENSG00000171174	2	1
ENSG00000154518	2	4
ENSG00000176155	2	12
ENSG00000160796	1	NA
ENSG00000100505	9	NA
ENSG00000010319	1	NA
ENSG00000280061	1	90
ENSG00000223501	2	14
ENSG00000162928	2	NA
ENSG00000180385	2	NA
ENSG00000170113	2	4
ENSG00000002549	3	NA
ENSG00000100979	12	59
ENSG00000116661	1	1
ENSG00000171552	14	19
ENSG00000173567	1	NA
ENSG00000177963	4	73
ENSG00000154263	3	5
ENSG00000253284	13	210
ENSG00000203710	1	NA
ENSG00000261210	4	28
ENSG00000261082	11	4
ENSG00000177464	6	5
ENSG00000234797	5	NA
ENSG00000155189	2	NA
ENSG00000204161	4	NA
ENSG00000274759	1	NA
ENSG00000158850	1	2
ENSG00000187391	1	14
ENSG00000116641	1	NA
ENSG00000181007	14	NA
ENSG00000285725	2	4
ENSG00000198865	4	1
ENSG00000066926	3	NA
ENSG00000115425	2	NA
ENSG00000100211	47	136
ENSG00000259994	4	NA
ENSG00000186407	3	1
ENSG00000261371	13	20
ENSG00000278616	6	94
ENSG00000179277	2	38
ENSG00000177105	6	NA
ENSG00000100522	8	107
ENSG00000173011	1	263
ENSG00000161040	2	NA
ENSG00000038358	19	8
ENSG00000197982	1	NA
ENSG00000157184	1	NA
ENSG00000169902	1	NA
ENSG00000261094	2	29
ENSG00000139410	2	NA
ENSG00000175895	4	NA
ENSG00000287868	3	73
ENSG00000157306	12	25
ENSG00000259234	6	NA
ENSG00000170426	16	NA
ENSG00000174123	1	11
ENSG00000143033	4	7
ENSG00000240065	4	NA
ENSG00000145794	3	80
ENSG00000287338	2	4
ENSG00000175826	1	2
ENSG00000066084	9	12
ENSG00000122741	1	2
ENSG00000278985	5	NA
ENSG00000168264	1	2
ENSG00000205730	8	15
ENSG00000121903	6	136
ENSG00000070087	5	7
ENSG00000109787	4	4
ENSG00000256148	3	45
ENSG00000168496	3	132
ENSG00000254042	2	NA
ENSG00000103275	4	11
ENSG00000132718	2	13
ENSG00000108798	5	37
ENSG00000078269	3	2
ENSG00000053702	11	31
ENSG00000198795	2	36
ENSG00000159593	14	NA
ENSG00000279649	2	NA
ENSG00000198744	2	10
ENSG00000249258	7	NA
ENSG00000167088	7	NA
ENSG00000269873	6	35
ENSG00000180329	10	5
ENSG00000182324	6	NA
ENSG00000053900	2	306
ENSG00000235750	1	NA
ENSG00000060971	2	NA
ENSG00000151552	2	NA
ENSG00000115808	1	NA
ENSG00000144406	1	NA
ENSG00000225630	2	16
ENSG00000267708	1	NA
ENSG00000105281	7	9
ENSG00000275494	4	6
ENSG00000126522	1	55
ENSG00000135749	2	NA
ENSG00000137285	2	9
ENSG00000188191	3	11
ENSG00000125409	27	NA
ENSG00000173621	6	1
ENSG00000170396	1	NA
ENSG00000143393	3	14
ENSG00000136141	1	NA
ENSG00000123094	3	4
ENSG00000006744	5	3
ENSG00000185245	6	6
ENSG00000262877	10	NA
ENSG00000115020	2	NA
ENSG00000259383	10	4
ENSG00000254094	1	16
ENSG00000196511	4	NA
ENSG00000275111	4	2
ENSG00000185019	29	5
ENSG00000215274	19	NA
ENSG00000185043	8	NA
ENSG00000102452	9	NA
ENSG00000162645	1	2
ENSG00000143479	1	1
ENSG00000145431	2	8
ENSG00000259707	1	NA
ENSG00000146677	1	NA
ENSG00000172531	2	99
ENSG00000162430	1	NA
ENSG00000272578	54	82
ENSG00000013561	3	4
ENSG00000287619	110	NA
ENSG00000106609	3	19
ENSG00000273271	34	167
ENSG00000197713	2	31
ENSG00000071282	3	55
ENSG00000113569	1	106
ENSG00000166924	1	60
ENSG00000228242	1	NA
ENSG00000101096	14	12
ENSG00000223396	3	NA
ENSG00000166592	12	NA
ENSG00000236411	1	NA
ENSG00000114853	3	NA
ENSG00000263177	2	NA
ENSG00000221963	19	114
ENSG00000224079	2	NA
ENSG00000108424	4	NA
ENSG00000174243	11	98
ENSG00000215241	22	NA
ENSG00000141030	10	32
ENSG00000139597	2	1
ENSG00000185274	2	NA
ENSG00000228794	1	12
ENSG00000272455	1	NA
ENSG00000112186	1	1
ENSG00000211829	4	15
ENSG00000185187	5	NA
ENSG00000242931	3	44
ENSG00000221990	1	NA
ENSG00000236204	5	NA
ENSG00000108774	6	NA
ENSG00000117461	2	8
ENSG00000128590	1	NA
ENSG00000270547	2	3
ENSG00000253873	2	NA
ENSG00000083312	2	1
ENSG00000136243	3	2
ENSG00000141252	1	NA
ENSG00000108509	1	NA
ENSG00000204271	112	NA
ENSG00000178882	4	1
ENSG00000245614	1	NA
ENSG00000140105	3	7
ENSG00000133739	3	2
ENSG00000111231	3	8
ENSG00000214433	3	NA
ENSG00000088538	2	NA
ENSG00000100393	48	NA
ENSG00000183255	47	20
ENSG00000118503	1	NA
ENSG00000102003	6	74
ENSG00000141367	4	130
ENSG00000130962	7	10
ENSG00000164342	4	13
ENSG00000196381	1	1
ENSG00000176410	1	22
ENSG00000103066	1	NA
ENSG00000261326	2	133
ENSG00000145194	1	11
ENSG00000168546	5	114
ENSG00000135249	3	6
ENSG00000186472	2	NA
ENSG00000035141	3	13
ENSG00000111880	1	1
ENSG00000278224	1	NA
ENSG00000125991	20	9
ENSG00000235681	23	1
ENSG00000143384	2	NA
ENSG00000111596	1	3
ENSG00000102606	6	9
ENSG00000204967	2	3
ENSG00000164176	2	NA
ENSG00000175505	7	NA
ENSG00000265962	19	NA
ENSG00000285524	3	5
ENSG00000123411	4	NA
ENSG00000178965	1	1
ENSG00000093183	7	14
ENSG00000255458	2	1
ENSG00000168792	4	4
ENSG00000066336	8	2
ENSG00000245849	20	5
ENSG00000232310	1	NA
ENSG00000079263	1	NA
ENSG00000166387	4	NA
ENSG00000065534	1	NA
ENSG00000072832	3	40
ENSG00000122863	1	30
ENSG00000105135	3	NA
ENSG00000170921	5	NA
ENSG00000075945	1	NA
ENSG00000010818	4	70
ENSG00000117174	1	NA
ENSG00000075239	7	NA
ENSG00000196655	1	NA
ENSG00000135094	12	1
ENSG00000176381	5	1
ENSG00000196182	2	NA
ENSG00000157851	2	NA
ENSG00000136205	3	6
ENSG00000236438	1	NA
ENSG00000254081	1	NA
ENSG00000229990	1	8
ENSG00000089685	9	NA
ENSG00000251138	1	NA
ENSG00000166260	2	NA
ENSG00000155970	2	20
ENSG00000154928	1	NA
ENSG00000139613	4	119
ENSG00000113312	2	NA
ENSG00000279162	6	4
ENSG00000122756	1	1
ENSG00000066136	1	14
ENSG00000174059	2	1
ENSG00000189091	9	50
ENSG00000180747	2	NA
ENSG00000095485	4	NA
ENSG00000118997	1	NA
ENSG00000144848	2	NA
ENSG00000050344	1	NA
ENSG00000225981	1	9
ENSG00000271396	8	NA
ENSG00000122644	11	23
ENSG00000197226	1	2
ENSG00000287236	33	NA
ENSG00000188060	6	NA
ENSG00000129625	4	3
ENSG00000248092	1	NA
ENSG00000134369	1	34
ENSG00000174977	1	NA
ENSG00000284266	5	49
ENSG00000263753	18	1
ENSG00000101210	4	100
ENSG00000284966	2	NA
ENSG00000198954	4	25
ENSG00000137478	1	NA
ENSG00000227495	5	NA
ENSG00000227345	4	NA
ENSG00000138658	4	NA
ENSG00000129194	6	40
ENSG00000091527	1	3
ENSG00000232748	5	2
ENSG00000279852	4	NA
ENSG00000214176	8	7
ENSG00000116221	4	15
ENSG00000270894	4	NA
ENSG00000198673	9	53
ENSG00000160298	11	NA
ENSG00000146083	4	NA
ENSG00000119720	1	15
ENSG00000139200	6	34
ENSG00000285661	10	NA
ENSG00000205683	4	NA
ENSG00000286195	4	12
ENSG00000125249	3	1
ENSG00000100206	22	NA
ENSG00000279358	2	NA
ENSG00000071626	9	NA
ENSG00000121644	3	15
ENSG00000104689	2	3
ENSG00000269858	4	37
ENSG00000176463	6	NA
ENSG00000165879	5	41
ENSG00000225938	2	6
ENSG00000136950	2	21
ENSG00000207524	1	NA
ENSG00000269892	3	26
ENSG00000186130	1	2
ENSG00000131467	4	85
ENSG00000129003	3	NA
ENSG00000165526	4	4
ENSG00000124091	2	NA
ENSG00000229931	1	NA
ENSG00000156050	5	5
ENSG00000279203	24	36
ENSG00000012171	4	NA
ENSG00000119684	7	12
ENSG00000157106	13	NA
ENSG00000154359	1	NA
ENSG00000167110	2	28
ENSG00000168497	1	NA
ENSG00000163634	2	NA
ENSG00000257122	1	NA
ENSG00000274372	1	NA
ENSG00000287430	5	102
ENSG00000125686	20	342
ENSG00000106355	3	NA
ENSG00000085449	2	NA
ENSG00000185800	5	27
ENSG00000127362	2	1
ENSG00000241634	2	6
ENSG00000119778	1	4
ENSG00000187715	3	NA
ENSG00000021574	1	1
ENSG00000198832	35	22
ENSG00000286486	4	NA
ENSG00000188315	1	74
ENSG00000128708	2	NA
ENSG00000257702	3	NA
ENSG00000254531	2	NA
ENSG00000223522	4	NA
ENSG00000248473	1	NA
ENSG00000152484	2	1
ENSG00000172403	4	2
ENSG00000110768	4	19
ENSG00000134046	14	NA
ENSG00000224536	1	NA
ENSG00000165168	2	49
ENSG00000266094	1	NA
ENSG00000160688	2	NA
ENSG00000205704	27	NA
ENSG00000231980	2	57
ENSG00000183908	2	NA
ENSG00000169223	2	NA
ENSG00000182796	5	NA
ENSG00000274918	13	NA
ENSG00000159842	4	2
ENSG00000254997	8	NA
ENSG00000053372	2	8
ENSG00000259429	7	NA
ENSG00000139266	2	6
ENSG00000090263	3	1
ENSG00000154889	13	21
ENSG00000182372	1	1
ENSG00000148337	2	NA
ENSG00000280383	44	17
ENSG00000117643	1	NA
ENSG00000124459	6	43
ENSG00000147471	3	1
ENSG00000082293	1	17
ENSG00000139291	1	NA
ENSG00000233723	1	NA
ENSG00000254634	4	NA
ENSG00000269976	1	336
ENSG00000213639	1	NA
ENSG00000172578	3	2
ENSG00000166562	12	2
ENSG00000157500	3	32
ENSG00000176273	5	4
ENSG00000226235	1	NA
ENSG00000116863	1	47
ENSG00000159023	1	5
ENSG00000133574	1	2
ENSG00000091140	3	NA
ENSG00000240356	4	NA
ENSG00000162521	2	2
ENSG00000170385	1	NA
ENSG00000138834	1	NA
ENSG00000166226	2	7
ENSG00000106089	2	15
ENSG00000139832	3	NA
ENSG00000078177	2	28
ENSG00000065029	1	1
ENSG00000108352	2	2
ENSG00000168216	1	NA
ENSG00000164112	1	NA
ENSG00000260646	4	33
ENSG00000086475	3	3
ENSG00000089006	29	11
ENSG00000168734	3	28
ENSG00000283156	2	NA
ENSG00000253793	4	NA
ENSG00000261526	3	NA
ENSG00000105784	1	14
ENSG00000237742	1	NA
ENSG00000138780	1	NA
ENSG00000175183	1	NA
ENSG00000148606	5	131
ENSG00000156873	12	16
ENSG00000279880	11	NA
ENSG00000005469	2	NA
ENSG00000197903	3	NA
ENSG00000144061	1	94
ENSG00000164530	2	NA
ENSG00000204386	4	67
ENSG00000186501	1	29
ENSG00000101745	3	NA
ENSG00000279253	2	NA
ENSG00000153404	1	NA
ENSG00000286813	2	NA
ENSG00000095539	4	1
ENSG00000267221	20	NA
ENSG00000286333	3	NA
ENSG00000184378	1	79
ENSG00000011478	6	5
ENSG00000279273	7	1
ENSG00000137073	2	NA
ENSG00000281162	2	NA
ENSG00000238290	1	NA
ENSG00000242220	10	2
ENSG00000140948	2	12
ENSG00000168228	3	NA
ENSG00000223959	2	NA
ENSG00000000938	2	9
ENSG00000136114	7	72
ENSG00000279821	1	NA
ENSG00000099994	3	NA
ENSG00000135392	1	500
ENSG00000263235	3	19
ENSG00000279569	1	49
ENSG00000090971	10	1
ENSG00000185624	5	23
ENSG00000260528	2	1
ENSG00000180346	3	368
ENSG00000129255	1	3
ENSG00000261101	22	76
ENSG00000144468	1	NA
ENSG00000107625	3	12
ENSG00000112763	3	5
ENSG00000114988	1	31
ENSG00000281021	4	NA
ENSG00000162302	5	2
ENSG00000131115	11	NA
ENSG00000139988	16	2
ENSG00000107262	1	NA
ENSG00000095002	1	2
ENSG00000159714	2	NA
ENSG00000133048	1	NA
ENSG00000118482	1	NA
ENSG00000259235	6	14
ENSG00000142731	1	NA
ENSG00000065978	2	2
ENSG00000166200	3	NA
ENSG00000188026	4	NA
ENSG00000227799	1	NA
ENSG00000106069	5	NA
ENSG00000232818	1	NA
ENSG00000237927	2	11
ENSG00000099995	25	327
ENSG00000141756	4	4
ENSG00000005249	1	NA
ENSG00000266466	17	NA
ENSG00000197536	3	NA
ENSG00000107105	1	1
ENSG00000101019	32	NA
ENSG00000277020	4	1
ENSG00000139644	2	10
ENSG00000235711	9	66
ENSG00000177335	3	NA
ENSG00000108255	1	NA
ENSG00000275066	7	NA
ENSG00000021300	2	4
ENSG00000127586	6	NA
ENSG00000163541	6	18
ENSG00000065361	6	11
ENSG00000278058	4	NA
ENSG00000177337	16	6
ENSG00000161179	8	6
ENSG00000148154	1	18
ENSG00000054793	7	276
ENSG00000198055	2	16
ENSG00000137965	2	3
ENSG00000166508	1	5
ENSG00000260719	3	NA
ENSG00000089902	1	2
ENSG00000152518	1	12
ENSG00000116209	1	NA
ENSG00000168490	2	4
ENSG00000225386	1	NA
ENSG00000275392	1	NA
ENSG00000166922	3	9
ENSG00000100596	1	NA
ENSG00000127564	1	NA
ENSG00000156052	2	NA
ENSG00000205632	37	1
ENSG00000182180	1	18
ENSG00000172404	89	NA
ENSG00000006118	3	NA
ENSG00000225648	3	NA
ENSG00000235033	1	NA
ENSG00000280435	2	29
ENSG00000112149	1	16
ENSG00000198939	2	5
ENSG00000222460	7	NA
ENSG00000111731	8	4
ENSG00000091622	4	1
ENSG00000042062	6	1
ENSG00000228363	2	32
ENSG00000285564	2	NA
ENSG00000186318	4	383
ENSG00000287209	5	NA
ENSG00000107551	6	NA
ENSG00000186583	3	12
ENSG00000136297	1	3
ENSG00000171914	2	49
ENSG00000287900	1	NA
ENSG00000119203	2	NA
ENSG00000111344	10	NA
ENSG00000114166	1	7
ENSG00000272758	1	NA
ENSG00000257337	6	2
ENSG00000272086	1	2
ENSG00000260317	2	10
ENSG00000106823	1	32
ENSG00000131323	1	NA
ENSG00000213442	4	1
ENSG00000135617	2	NA
ENSG00000110906	1	9
ENSG00000225193	4	2
ENSG00000237672	1	NA
ENSG00000121742	6	2
ENSG00000152503	3	12
ENSG00000174226	2	NA
ENSG00000118518	4	6
ENSG00000128463	11	1
ENSG00000228679	4	NA
ENSG00000198715	2	NA
ENSG00000106610	2	24
ENSG00000177363	1	NA
ENSG00000214194	2	NA
ENSG00000120693	3	79
ENSG00000196507	11	24
ENSG00000129422	2	18
ENSG00000153574	1	50
ENSG00000102900	2	18
ENSG00000166822	10	42
ENSG00000065150	4	1
ENSG00000163902	1	10
ENSG00000157388	2	9
ENSG00000163082	1	NA
ENSG00000072864	1	NA
ENSG00000140455	4	34
ENSG00000188641	1	NA
ENSG00000275236	8	4
ENSG00000232487	1	2
ENSG00000160932	1	1
ENSG00000143624	1	4
ENSG00000153902	14	11
ENSG00000120159	2	NA
ENSG00000266533	103	131
ENSG00000173145	2	NA
ENSG00000205476	1	42
ENSG00000167693	8	NA
ENSG00000235526	2	NA
ENSG00000172269	2	NA
ENSG00000055917	1	22
ENSG00000167987	1	NA
ENSG00000137842	6	NA
ENSG00000135835	1	NA
ENSG00000185610	7	NA
ENSG00000078668	3	18
ENSG00000143776	4	NA
ENSG00000135299	3	2
ENSG00000006756	18	NA
ENSG00000023902	1	6
ENSG00000196313	1	NA
ENSG00000153395	2	NA
ENSG00000169564	1	31
ENSG00000259598	1	NA
ENSG00000227946	1	NA
ENSG00000259495	10	NA
ENSG00000183431	1	NA
ENSG00000151092	1	12
ENSG00000151458	3	99
ENSG00000167077	7	29
ENSG00000121310	1	1
ENSG00000171960	2	2
ENSG00000225043	36	12
ENSG00000144635	1	42
ENSG00000274341	19	38
ENSG00000243199	1	NA
ENSG00000147166	105	3
ENSG00000198416	3	57
ENSG00000162783	1	6
ENSG00000198844	1	2
ENSG00000287578	2	5
ENSG00000134954	2	4
ENSG00000122033	4	NA
ENSG00000183513	1	137
ENSG00000151117	2	14
ENSG00000196312	1	NA
ENSG00000127325	1	NA
ENSG00000154027	2	2
ENSG00000181274	1	16
ENSG00000138767	1	2
ENSG00000254092	3	2
ENSG00000217897	1	NA
ENSG00000271500	2	NA
ENSG00000112276	4	2
ENSG00000154721	4	27
ENSG00000102230	4	NA
ENSG00000056998	28	NA
ENSG00000126803	7	17
ENSG00000286223	1	42
ENSG00000266445	1	NA
ENSG00000067141	2	25
ENSG00000109956	2	10
ENSG00000134539	5	NA
ENSG00000130584	9	7
ENSG00000182902	10	26
ENSG00000273014	1	NA
ENSG00000181222	2	2
ENSG00000255163	1	NA
ENSG00000205155	4	21
ENSG00000280214	3	2
ENSG00000261172	2	1
ENSG00000135390	4	78
ENSG00000142655	1	45
ENSG00000278949	3	1
ENSG00000123159	1	4
ENSG00000111142	3	1
ENSG00000234377	4	NA
ENSG00000232545	12	6
ENSG00000198815	1	2
ENSG00000168395	2	7
ENSG00000215041	1	9
ENSG00000130803	10	37
ENSG00000169359	2	NA
ENSG00000129317	6	NA
ENSG00000162601	1	1
ENSG00000102174	17	2
ENSG00000115232	1	2
ENSG00000165912	2	NA
ENSG00000162599	1	NA
ENSG00000223203	2	25
ENSG00000105287	9	51
ENSG00000204278	10	1
ENSG00000271122	2	35
ENSG00000271614	1	142
ENSG00000175489	4	4
ENSG00000267565	1	1
ENSG00000183283	4	NA
ENSG00000139684	7	NA
ENSG00000008294	1	NA
ENSG00000216895	2	2
ENSG00000164117	2	3
ENSG00000175600	2	NA
ENSG00000084090	1	NA
ENSG00000198369	1	1
ENSG00000242574	1	1
ENSG00000081479	1	5
ENSG00000175130	1	NA
ENSG00000088451	2	NA
ENSG00000262700	2	NA
ENSG00000186141	1	2
ENSG00000163393	1	12
ENSG00000089060	1	35
ENSG00000237080	1	NA
ENSG00000106049	3	NA
ENSG00000286899	1	NA
ENSG00000043591	3	2
ENSG00000180233	7	19
ENSG00000280693	3	10
ENSG00000106631	3	3
ENSG00000230157	4	NA
ENSG00000151229	1	21
ENSG00000282826	1	3
ENSG00000103227	5	NA
ENSG00000166548	2	NA
ENSG00000076248	3	NA
ENSG00000174483	1	NA
ENSG00000258424	1	NA
ENSG00000150672	2	1
ENSG00000272668	2	NA
ENSG00000100906	3	NA
ENSG00000100731	1	NA
ENSG00000149311	3	NA
ENSG00000188342	4	NA
ENSG00000081377	4	20
ENSG00000149256	2	17
ENSG00000272971	1	NA
ENSG00000228127	1	NA
ENSG00000168070	2	NA
ENSG00000185220	1	1
ENSG00000163462	1	23
ENSG00000187554	1	NA
ENSG00000269653	7	26
ENSG00000100364	6	NA
ENSG00000169252	1	9
ENSG00000149485	7	2
ENSG00000163535	1	NA
ENSG00000187068	1	6
ENSG00000177879	2	75
ENSG00000149428	1	22
ENSG00000253837	1	NA
ENSG00000128567	2	13
ENSG00000278376	2	2
ENSG00000104517	1	1
ENSG00000188730	1	2
ENSG00000136010	10	7
ENSG00000137770	1	9
ENSG00000185630	1	3
ENSG00000135903	2	49
ENSG00000169313	3	38
ENSG00000279372	4	13
ENSG00000153066	1	7
ENSG00000159720	5	56
ENSG00000140564	5	10
ENSG00000272338	2	388
ENSG00000181090	1	95
ENSG00000157103	4	37
ENSG00000280128	1	NA
ENSG00000177542	3	4
ENSG00000197444	5	8
ENSG00000124181	23	28
ENSG00000273253	25	1
ENSG00000255020	1	NA
ENSG00000155508	2	NA
ENSG00000142892	2	51
ENSG00000130772	1	NA
ENSG00000179922	3	NA
ENSG00000179818	1	1
ENSG00000144671	1	NA
ENSG00000228521	2	NA
ENSG00000162604	1	NA
ENSG00000166478	10	NA
ENSG00000180739	3	4
ENSG00000147548	3	NA
ENSG00000135678	1	NA
ENSG00000226800	7	NA
ENSG00000135686	5	11
ENSG00000108771	2	NA
ENSG00000188177	2	NA
ENSG00000112761	2	19
ENSG00000099889	37	6
ENSG00000167378	30	12
ENSG00000239704	10	3
ENSG00000140525	2	NA
ENSG00000275601	1	NA
ENSG00000198556	1	1
ENSG00000152133	1	7
ENSG00000270426	1	87
ENSG00000159228	3	1
ENSG00000177239	5	NA
ENSG00000215717	1	NA
ENSG00000182389	2	99
ENSG00000118160	7	NA
ENSG00000267348	5	NA
ENSG00000174547	5	1
ENSG00000114745	1	15
ENSG00000143919	1	32
ENSG00000255062	1	NA
ENSG00000263004	11	NA
ENSG00000179335	6	NA
ENSG00000230432	1	1
ENSG00000171695	23	12
ENSG00000273218	1	NA
ENSG00000174917	21	8
ENSG00000183475	7	17
ENSG00000196787	3	NA
ENSG00000158545	5	NA
ENSG00000197183	2	5
ENSG00000177374	1	NA
ENSG00000248746	1	18
ENSG00000197217	2	18
ENSG00000173653	3	22
ENSG00000002745	4	60
ENSG00000085377	1	18
ENSG00000005238	1	NA
ENSG00000167065	14	NA
ENSG00000007237	4	93
ENSG00000156795	4	8
ENSG00000176396	9	117
ENSG00000184489	4	NA
ENSG00000131471	11	NA
ENSG00000233231	1	NA
ENSG00000274104	1	NA
ENSG00000285931	6	1
ENSG00000170185	1	4
ENSG00000155561	1	NA
ENSG00000214688	1	NA
ENSG00000170270	1	NA
ENSG00000122958	1	3
ENSG00000140280	3	7
ENSG00000049323	2	NA
ENSG00000240291	1	176
ENSG00000065320	2	15
ENSG00000196998	34	121
ENSG00000102753	3	NA
ENSG00000247081	1	NA
ENSG00000022567	2	NA
ENSG00000271816	4	NA
ENSG00000065518	1	30
ENSG00000188573	1	3
ENSG00000248734	1	NA
ENSG00000187187	1	NA
ENSG00000118402	1	49
ENSG00000104826	14	17
ENSG00000132017	1	NA
ENSG00000189136	2	4
ENSG00000178585	1	3
ENSG00000243970	1	7
ENSG00000156384	3	1
ENSG00000152944	9	74
ENSG00000271200	1	NA
ENSG00000163482	1	NA
ENSG00000105671	5	6
ENSG00000105438	2	NA
ENSG00000128191	19	NA
ENSG00000284959	1	NA
ENSG00000160799	3	27
ENSG00000160410	4	NA
ENSG00000277224	7	NA
ENSG00000272055	1	NA
ENSG00000137806	1	NA
ENSG00000137547	2	1
ENSG00000150990	4	13
ENSG00000239732	1	NA
ENSG00000147592	1	NA
ENSG00000148444	3	98
ENSG00000279573	2	NA
ENSG00000118308	1	NA
ENSG00000120896	1	84
ENSG00000277778	2	NA
ENSG00000163104	1	NA
ENSG00000222112	1	NA
ENSG00000139722	1	205
ENSG00000121988	1	NA
ENSG00000274403	3	48
ENSG00000186300	2	288
ENSG00000205771	1	23
ENSG00000188486	1	32
ENSG00000213928	1	39
ENSG00000281398	3	1
ENSG00000144749	1	46
ENSG00000083817	1	24
ENSG00000255468	1	NA
ENSG00000255176	6	12
ENSG00000128039	4	NA
ENSG00000286190	2	213
ENSG00000263724	7	NA
ENSG00000187778	3	3
ENSG00000109610	1	NA
ENSG00000151743	3	195
ENSG00000142347	7	16
ENSG00000286244	1	NA
ENSG00000198964	5	6
ENSG00000101040	19	NA
ENSG00000057704	1	NA
ENSG00000233862	1	NA
ENSG00000256947	1	20
ENSG00000196968	5	NA
ENSG00000273706	13	29
ENSG00000088448	3	12
ENSG00000266994	1	NA
ENSG00000163848	2	4
ENSG00000284735	1	NA
ENSG00000131089	16	193
ENSG00000147883	2	NA
ENSG00000137337	1	NA
ENSG00000185608	25	NA
ENSG00000198756	1	NA
ENSG00000251623	1	181
ENSG00000197724	2	2
ENSG00000103319	1	NA
ENSG00000158711	1	1
ENSG00000124155	16	25
ENSG00000148843	1	7
ENSG00000160194	2	2
ENSG00000148384	3	NA
ENSG00000266897	1	NA
ENSG00000168564	1	NA
ENSG00000151893	1	NA
ENSG00000071205	1	NA
ENSG00000100097	4	NA
ENSG00000267651	12	NA
ENSG00000279952	1	NA
ENSG00000149927	2	NA
ENSG00000161999	1	NA
ENSG00000167995	1	NA
ENSG00000110514	1	1
ENSG00000111790	7	3
ENSG00000109220	1	1
ENSG00000100142	23	1
ENSG00000115539	2	5
ENSG00000286997	4	13
ENSG00000102984	1	2
ENSG00000157916	1	NA
ENSG00000114270	1	1
ENSG00000102189	2	9
ENSG00000229029	1	14
ENSG00000029534	1	NA
ENSG00000160584	2	NA
ENSG00000177570	1	3
ENSG00000287074	1	NA
ENSG00000095574	3	NA
ENSG00000127334	6	8
ENSG00000259483	1	NA
ENSG00000185104	1	18
ENSG00000267270	2	NA
ENSG00000134318	1	NA
ENSG00000115204	1	NA
ENSG00000165494	1	NA
ENSG00000112079	6	459
ENSG00000237731	13	107
ENSG00000232803	2	NA
ENSG00000186687	6	NA
ENSG00000238390	30	NA
ENSG00000156042	2	3
ENSG00000204764	1	NA
ENSG00000253729	3	64
ENSG00000229809	1	12
ENSG00000071054	1	4
ENSG00000007264	2	NA
ENSG00000158773	2	6
ENSG00000086189	2	NA
ENSG00000005022	8	80
ENSG00000086289	2	NA
ENSG00000280088	3	10
ENSG00000183570	6	4
ENSG00000143376	2	NA
ENSG00000250770	2	21
ENSG00000165923	3	NA
ENSG00000214100	1	NA
ENSG00000244398	1	NA
ENSG00000162909	1	NA
ENSG00000186439	1	NA
ENSG00000123136	6	1
ENSG00000267412	2	4
ENSG00000236878	1	91
ENSG00000235159	59	2
ENSG00000185262	5	3
ENSG00000022840	3	31
ENSG00000136816	4	16
ENSG00000111666	2	NA
ENSG00000227825	1	148
ENSG00000260563	1	1
ENSG00000198824	3	206
ENSG00000271869	1	NA
ENSG00000234661	1	4
ENSG00000275025	3	1
ENSG00000278668	4	81
ENSG00000158865	2	3
ENSG00000134330	1	2
ENSG00000140987	2	NA
ENSG00000166860	1	21
ENSG00000254855	1	21
ENSG00000123146	5	NA
ENSG00000176393	1	9
ENSG00000168137	1	NA
ENSG00000079308	1	15
ENSG00000168172	1	NA
ENSG00000244754	4	1
ENSG00000224939	1	NA
ENSG00000261610	28	2
ENSG00000130640	3	34
ENSG00000143498	1	26
ENSG00000144642	1	NA
ENSG00000173273	1	NA
ENSG00000166133	4	3
ENSG00000134548	11	10
ENSG00000205189	2	1
ENSG00000152822	1	39
ENSG00000226416	2	NA
ENSG00000277443	1	NA
ENSG00000103528	2	NA
ENSG00000196376	2	46
ENSG00000006747	2	47
ENSG00000130021	1	NA
ENSG00000242628	1	NA
ENSG00000063761	2	NA
ENSG00000258289	2	4
ENSG00000107521	1	NA
ENSG00000213694	1	NA
ENSG00000154608	1	22
ENSG00000287032	1	NA
ENSG00000112200	6	29
ENSG00000179044	1	NA
ENSG00000155868	1	16
ENSG00000072042	2	NA
ENSG00000072135	1	57
ENSG00000256124	2	1
ENSG00000066468	7	128
ENSG00000103647	3	NA
ENSG00000004468	1	NA
ENSG00000271862	1	NA
ENSG00000227540	3	NA
ENSG00000104341	1	115
ENSG00000163481	1	6
ENSG00000080224	1	30
ENSG00000185697	3	NA
ENSG00000120798	12	21
ENSG00000134873	4	32
ENSG00000273765	5	1
ENSG00000286391	2	NA
ENSG00000158270	11	17
ENSG00000158636	1	NA
ENSG00000172331	2	NA
ENSG00000136147	2	34
ENSG00000145495	2	2
ENSG00000118564	2	NA
ENSG00000227253	1	NA
ENSG00000137817	2	19
ENSG00000281912	1	1
ENSG00000124784	2	NA
ENSG00000140374	8	NA
ENSG00000116711	1	NA
ENSG00000286331	2	5
ENSG00000175581	4	NA
ENSG00000165650	1	19
ENSG00000129083	1	NA
ENSG00000136286	1	2
ENSG00000196724	16	50
ENSG00000181027	3	4
ENSG00000280212	20	14
ENSG00000095066	11	6
ENSG00000280037	1	NA
ENSG00000275155	1	NA
ENSG00000286887	1	NA
ENSG00000237892	1	NA
ENSG00000169045	1	1
ENSG00000128989	9	1
ENSG00000106460	1	2
ENSG00000104290	2	NA
ENSG00000164080	1	NA
ENSG00000271717	2	12
ENSG00000241679	1	NA
ENSG00000188211	1	250
ENSG00000205832	3	NA
ENSG00000159403	5	NA
ENSG00000107984	2	34
ENSG00000237341	76	NA
ENSG00000149474	7	35
ENSG00000214485	1	NA
ENSG00000274614	1	NA
ENSG00000260549	3	3
ENSG00000157368	2	NA
ENSG00000174502	1	NA
ENSG00000118418	1	46
ENSG00000089220	2	NA
ENSG00000174292	4	59
ENSG00000223774	1	1
ENSG00000170485	1	NA
ENSG00000213463	1	NA
ENSG00000168477	1	NA
ENSG00000255198	5	3
ENSG00000133316	2	1
ENSG00000286299	3	11
ENSG00000198734	1	1
ENSG00000186272	20	5
ENSG00000275488	2	8
ENSG00000111802	2	6
ENSG00000111218	2	75
ENSG00000116747	1	12
ENSG00000181418	1	NA
ENSG00000198624	3	NA
ENSG00000105778	1	5
ENSG00000111785	2	13
ENSG00000100292	4	NA
ENSG00000143194	1	NA
ENSG00000221838	5	NA
ENSG00000150768	1	268
ENSG00000161980	1	2
ENSG00000100299	19	NA
ENSG00000096060	2	5
ENSG00000048991	1	NA
ENSG00000233783	33	1
ENSG00000172640	6	NA
ENSG00000106665	1	NA
ENSG00000138646	2	7
ENSG00000172995	1	1
ENSG00000204368	11	3
ENSG00000229393	1	1
ENSG00000188536	1	1
ENSG00000108688	10	2
ENSG00000275385	10	2
ENSG00000086758	35	7
ENSG00000147403	75	NA
ENSG00000174482	1	NA
ENSG00000160211	295	3
ENSG00000010404	72	374
ENSG00000248514	1	NA
ENSG00000126950	82	92
ENSG00000071553	85	396
ENSG00000234634	7	7
ENSG00000100219	8	2
ENSG00000011677	55	164
ENSG00000189108	58	109
ENSG00000243679	2	2
ENSG00000123560	12	12
ENSG00000254254	1	NA
ENSG00000266490	2	13
ENSG00000286990	30	4
ENSG00000122122	34	77
ENSG00000125846	17	22
ENSG00000129675	104	121
ENSG00000185022	7	3
ENSG00000230162	332	NA
ENSG00000180772	78	72
ENSG00000286327	127	20
ENSG00000241990	45	15
ENSG00000102158	27	64
ENSG00000279159	103	8
ENSG00000281732	42	77
ENSG00000180879	110	10
ENSG00000166432	76	11
ENSG00000281490	2	1
ENSG00000171004	54	122
ENSG00000130830	68	31
ENSG00000169057	39	78
ENSG00000213413	1	1
ENSG00000169715	1	NA
ENSG00000142168	18	1
ENSG00000064787	4	5
ENSG00000132801	8	15
ENSG00000234176	13	NA
ENSG00000186310	18	59
ENSG00000125356	25	59
ENSG00000129682	58	135
ENSG00000126952	102	NA
ENSG00000232119	40	NA
ENSG00000063601	136	1
ENSG00000101310	8	NA
ENSG00000273289	45	53
ENSG00000109113	3	12
ENSG00000166681	22	7
ENSG00000101474	22	32
ENSG00000155961	19	331
ENSG00000267541	2	23
ENSG00000101972	46	1
ENSG00000235703	28	158
ENSG00000206172	1	1
ENSG00000210196	10	117
ENSG00000225769	135	NA
ENSG00000184368	30	26
ENSG00000072501	18	40
ENSG00000196664	15	55
ENSG00000207650	1	NA
ENSG00000263360	4	6
ENSG00000155959	24	NA
ENSG00000224183	2	NA
ENSG00000143036	1	1
ENSG00000204116	11	10
ENSG00000100084	10	221
ENSG00000260118	14	13
ENSG00000046653	17	105
ENSG00000175676	4	NA
ENSG00000102302	23	NA
ENSG00000130725	15	71
ENSG00000228107	30	1
ENSG00000156304	13	NA
ENSG00000262919	14	10
ENSG00000169508	2	9
ENSG00000101400	26	27
ENSG00000132824	2	33
ENSG00000102119	32	1
ENSG00000198862	10	130
ENSG00000241769	10	11
ENSG00000005001	4	NA
ENSG00000221039	13	3
ENSG00000261418	6	NA
ENSG00000203952	51	5
ENSG00000136146	1	13
ENSG00000106809	6	NA
ENSG00000171659	29	55
ENSG00000107789	5	3
ENSG00000132664	9	1
ENSG00000203950	14	11
ENSG00000013563	142	48
ENSG00000174460	20	162
ENSG00000166710	2	NA
ENSG00000058335	1	43
ENSG00000102265	6	NA
ENSG00000167549	12	NA
ENSG00000267180	4	NA
ENSG00000130054	19	NA
ENSG00000153179	1	NA
ENSG00000279652	49	17
ENSG00000274717	28	NA
ENSG00000185885	2	2
ENSG00000134590	21	29
ENSG00000071889	47	1
ENSG00000102007	5	NA
ENSG00000105171	12	15
ENSG00000138606	3	6
ENSG00000172315	27	6
ENSG00000080845	3	30
ENSG00000126768	36	8
ENSG00000172534	15	34
ENSG00000100399	25	NA
ENSG00000100146	2	6
ENSG00000103569	8	NA
ENSG00000259612	4	NA
ENSG00000198689	19	141
ENSG00000085185	36	4
ENSG00000203879	12	31
ENSG00000188916	1	50
ENSG00000165704	28	48
ENSG00000213983	2	12
ENSG00000285437	1	1
ENSG00000125870	10	3
ENSG00000205362	1	2
ENSG00000050030	13	271
ENSG00000197782	6	220
ENSG00000100429	5	16
ENSG00000277075	1	NA
ENSG00000056487	12	27
ENSG00000185651	10	13
ENSG00000101955	18	115
ENSG00000171885	13	53
ENSG00000196453	2	1
ENSG00000198354	21	19
ENSG00000272468	2	NA
ENSG00000101331	1	NA
ENSG00000101850	6	NA
ENSG00000189159	5	27
ENSG00000160877	3	1
ENSG00000147400	21	NA
ENSG00000110497	1	NA
ENSG00000285237	1	NA
ENSG00000172465	7	2
ENSG00000274824	1	NA
ENSG00000178935	4	1
ENSG00000152454	10	220
ENSG00000177138	2	NA
ENSG00000093000	4	118
ENSG00000125352	12	NA
ENSG00000185222	6	NA
ENSG00000224114	1	NA
ENSG00000101161	4	6
ENSG00000172009	7	NA
ENSG00000276649	5	3
ENSG00000267710	4	NA
ENSG00000100401	53	1
ENSG00000196419	10	205
ENSG00000232599	7	22
ENSG00000149932	6	219
ENSG00000147123	16	1
ENSG00000104164	4	27
ENSG00000167085	9	1
ENSG00000185915	26	27
ENSG00000266385	4	6
ENSG00000149970	8	NA
ENSG00000102125	3	89
ENSG00000205209	10	NA
ENSG00000232712	17	4
ENSG00000147113	2	9
ENSG00000170677	12	5
ENSG00000188636	1	397
ENSG00000260816	2	231
ENSG00000101966	22	NA
ENSG00000184905	8	28
ENSG00000077312	1	60
ENSG00000185201	3	1
ENSG00000138944	21	154
ENSG00000125398	8	108
ENSG00000154640	3	3
ENSG00000198910	10	10
ENSG00000262119	5	NA
ENSG00000204131	4	60
ENSG00000123562	1	16
ENSG00000100003	18	2
ENSG00000229999	37	11
ENSG00000067842	17	134
ENSG00000090013	5	NA
ENSG00000269978	1	NA
ENSG00000171469	1	18
ENSG00000145439	1	NA
ENSG00000101333	4	16
ENSG00000120860	3	30
ENSG00000134755	4	8
ENSG00000001497	15	77
ENSG00000269743	4	20
ENSG00000263069	1	2
ENSG00000242071	3	NA
ENSG00000100307	3	23
ENSG00000130827	19	NA
ENSG00000161914	1	4
ENSG00000100294	7	68
ENSG00000141524	2	1
ENSG00000179935	3	NA
ENSG00000120509	5	NA
ENSG00000087842	4	NA
ENSG00000082213	1	138
ENSG00000139133	1	22
ENSG00000239407	18	8
ENSG00000100014	6	188
ENSG00000103316	2	2
ENSG00000156531	9	9
ENSG00000181704	15	5
ENSG00000128965	1	NA
ENSG00000254815	1	NA
ENSG00000067900	10	42
ENSG00000125354	10	44
ENSG00000204899	8	6
ENSG00000102181	6	1
ENSG00000166923	2	5
ENSG00000127920	1	12
ENSG00000102178	18	180
ENSG00000169515	14	4
ENSG00000119402	1	2
ENSG00000278771	3	3
ENSG00000074219	4	NA
ENSG00000126456	1	8
ENSG00000131051	2	2
ENSG00000198886	4	256
ENSG00000261123	3	108
ENSG00000105366	3	11
ENSG00000105677	1	2
ENSG00000169891	17	29
ENSG00000126860	5	7
ENSG00000185010	18	5
ENSG00000009694	3	1
ENSG00000273314	4	NA
ENSG00000069509	16	2
ENSG00000183172	12	NA
ENSG00000125835	7	29
ENSG00000205364	1	NA
ENSG00000236276	16	NA
ENSG00000110887	3	2
ENSG00000027075	3	12
ENSG00000164035	1	NA
ENSG00000101187	2	NA
ENSG00000076826	8	9
ENSG00000198466	2	NA
ENSG00000104067	7	34
ENSG00000083812	3	34
ENSG00000157224	1	5
ENSG00000182195	2	1
ENSG00000154898	4	12
ENSG00000188599	2	240
ENSG00000104946	15	4
ENSG00000189369	9	16
ENSG00000100033	9	NA
ENSG00000183098	1	33
ENSG00000005893	12	2
ENSG00000071991	6	1
ENSG00000213144	1	NA
ENSG00000101856	4	20
ENSG00000157617	8	12
ENSG00000082458	4	49
ENSG00000125997	2	NA
ENSG00000072310	8	NA
ENSG00000111229	7	NA
ENSG00000234993	2	4
ENSG00000143436	1	1
ENSG00000165288	9	NA
ENSG00000256508	2	NA
ENSG00000166971	10	10
ENSG00000182872	16	60
ENSG00000133641	2	NA
ENSG00000100246	11	NA
ENSG00000189046	1	NA
ENSG00000228049	1	1
ENSG00000128573	3	NA
ENSG00000062598	2	NA
ENSG00000205559	5	1
ENSG00000011422	2	NA
ENSG00000105642	9	1
ENSG00000105248	1	10
ENSG00000215305	3	NA
ENSG00000269388	4	NA
ENSG00000239713	13	NA
ENSG00000142512	6	6
ENSG00000228764	4	10
ENSG00000130204	11	8
ENSG00000134775	3	138
ENSG00000100147	2	146
ENSG00000167608	7	29
ENSG00000156500	4	NA
ENSG00000140022	8	30
ENSG00000159216	8	7
ENSG00000157350	2	3
ENSG00000125676	3	NA
ENSG00000100321	12	12
ENSG00000108557	2	NA
ENSG00000102763	6	15
ENSG00000167671	5	5
ENSG00000108551	2	NA
ENSG00000273893	8	NA
ENSG00000100330	4	282
ENSG00000125630	2	16
ENSG00000227456	5	NA
ENSG00000266967	5	2
ENSG00000112936	1	1
ENSG00000212123	7	NA
ENSG00000126005	7	NA
ENSG00000105559	3	NA
ENSG00000247627	1	40
ENSG00000131002	4	12
ENSG00000101421	4	8
ENSG00000169727	2	1
ENSG00000205238	1	1
ENSG00000261617	3	NA
ENSG00000237351	22	NA
ENSG00000250479	6	NA
ENSG00000264070	1	1
ENSG00000069535	2	NA
ENSG00000230916	4	20
ENSG00000117877	2	7
ENSG00000286555	2	9
ENSG00000149600	1	21
ENSG00000128342	1	NA
ENSG00000273769	7	40
ENSG00000179148	4	NA
ENSG00000133131	15	3
ENSG00000108622	1	9
ENSG00000260144	3	71
ENSG00000102024	20	14
ENSG00000105701	7	20
ENSG00000250166	2	NA
ENSG00000268521	6	NA
ENSG00000257267	4	NA
ENSG00000229356	12	NA
ENSG00000066777	1	188
ENSG00000008438	7	10
ENSG00000184113	2	9
ENSG00000121716	1	NA
ENSG00000196646	3	8
ENSG00000061794	5	NA
ENSG00000068366	10	432
ENSG00000237757	3	14
ENSG00000104756	1	NA
ENSG00000134897	3	205
ENSG00000182117	3	10
ENSG00000065325	4	NA
ENSG00000166862	5	108
ENSG00000225280	3	NA
ENSG00000286635	3	NA
ENSG00000099817	3	71
ENSG00000105732	1	40
ENSG00000206991	1	NA
ENSG00000099910	4	5
ENSG00000089505	2	NA
ENSG00000175115	3	NA
ENSG00000182481	1	2
ENSG00000088812	8	324
ENSG00000101336	3	20
ENSG00000239883	1	NA
ENSG00000108830	3	NA
ENSG00000166477	1	24
ENSG00000067445	4	NA
ENSG00000128311	9	3
ENSG00000099904	9	5
ENSG00000279738	7	25
ENSG00000102316	6	4
ENSG00000226608	1	NA
ENSG00000180530	15	322
ENSG00000168140	5	4
ENSG00000147255	3	2
ENSG00000101166	2	NA
ENSG00000163464	1	1
ENSG00000100300	10	NA
ENSG00000133142	5	32
ENSG00000007952	6	267
ENSG00000156958	5	15
ENSG00000282508	4	1
ENSG00000132549	1	NA
ENSG00000268742	17	NA
ENSG00000104915	1	43
ENSG00000099954	2	NA
ENSG00000287918	25	2
ENSG00000100462	3	49
ENSG00000005108	1	34
ENSG00000114374	2	19
ENSG00000160256	1	NA
ENSG00000180182	16	NA
ENSG00000012061	4	NA
ENSG00000269656	4	NA
ENSG00000077721	2	NA
ENSG00000182885	2	NA
ENSG00000101132	6	NA
ENSG00000140853	1	15
ENSG00000177699	3	NA
ENSG00000125872	15	NA
ENSG00000104888	3	25
ENSG00000279249	4	NA
ENSG00000140750	7	170
ENSG00000120800	1	NA
ENSG00000259377	1	NA
ENSG00000287710	3	NA
ENSG00000198105	4	30
ENSG00000139974	5	270
ENSG00000106348	1	NA
ENSG00000168259	6	21
ENSG00000183837	9	61
ENSG00000110063	4	60
ENSG00000286288	5	NA
ENSG00000260005	4	NA
ENSG00000264187	4	5
ENSG00000267560	1	NA
ENSG00000139180	1	35
ENSG00000164187	1	8
ENSG00000167700	2	1
ENSG00000267904	4	NA
ENSG00000265727	1	NA
ENSG00000177889	9	50
ENSG00000149575	4	47
ENSG00000267632	3	5
ENSG00000287979	1	NA
ENSG00000278627	8	4
ENSG00000161692	3	NA
ENSG00000260197	3	8
ENSG00000168959	5	52
ENSG00000147010	8	5
ENSG00000197620	7	193
ENSG00000175216	2	170
ENSG00000125124	2	2
ENSG00000198276	8	19
ENSG00000168610	5	NA
ENSG00000137193	2	NA
ENSG00000111726	5	35
ENSG00000123374	2	NA
ENSG00000161395	5	NA
ENSG00000197496	9	123
ENSG00000089163	1	NA
ENSG00000196705	7	2
ENSG00000278971	7	NA
ENSG00000185825	15	1
ENSG00000130811	6	96
ENSG00000108510	4	4
ENSG00000198046	6	6
ENSG00000100987	2	NA
ENSG00000131263	6	137
ENSG00000129195	2	23
ENSG00000142409	3	20
ENSG00000130226	2	NA
ENSG00000196152	2	23
ENSG00000279345	8	NA
ENSG00000138668	1	4
ENSG00000187867	4	NA
ENSG00000089639	4	24
ENSG00000270716	6	NA
ENSG00000198597	4	4
ENSG00000175311	1	NA
ENSG00000046604	9	NA
ENSG00000213799	6	1
ENSG00000170579	4	84
ENSG00000149403	1	5
ENSG00000197728	1	1
ENSG00000147082	21	NA
ENSG00000154945	3	NA
ENSG00000156298	1	52
ENSG00000278935	1	NA
ENSG00000197381	12	NA
ENSG00000186575	2	NA
ENSG00000177993	12	11
ENSG00000081913	3	18
ENSG00000139734	1	3
ENSG00000196357	3	NA
ENSG00000198692	4	12
ENSG00000102967	1	NA
ENSG00000257103	6	49
ENSG00000100296	3	NA
ENSG00000277972	5	1
ENSG00000089289	4	6
ENSG00000274422	5	16
ENSG00000178695	1	9
ENSG00000173275	10	12
ENSG00000174173	1	NA
ENSG00000068308	7	6
ENSG00000102109	3	1
ENSG00000012817	2	11
ENSG00000165175	3	NA
ENSG00000134321	1	1
ENSG00000247746	9	9
ENSG00000128340	3	1
ENSG00000196976	13	9
ENSG00000179776	2	4
ENSG00000176909	3	NA
ENSG00000084463	3	NA
ENSG00000283583	1	NA
ENSG00000154734	4	3
ENSG00000184828	2	NA
ENSG00000202314	1	NA
ENSG00000087302	4	14
ENSG00000125651	3	28
ENSG00000187792	5	NA
ENSG00000147121	7	NA
ENSG00000213018	1	NA
ENSG00000268392	1	NA
ENSG00000129932	1	29
ENSG00000230736	3	NA
ENSG00000253678	1	NA
ENSG00000130055	1	NA
ENSG00000152467	5	NA
ENSG00000107186	1	1
ENSG00000232573	1	NA
ENSG00000126746	1	65
ENSG00000268100	3	NA
ENSG00000176728	3	9
ENSG00000109929	1	4
ENSG00000185917	7	3
ENSG00000279926	1	2
ENSG00000260160	1	159
ENSG00000287403	9	33
ENSG00000147099	2	228
ENSG00000109270	1	43
ENSG00000204620	3	NA
ENSG00000152223	2	NA
ENSG00000158445	14	3
ENSG00000174010	2	12
ENSG00000115350	2	4
ENSG00000268231	1	2
ENSG00000274251	1	NA
ENSG00000175220	1	NA
ENSG00000177791	3	NA
ENSG00000223572	1	NA
ENSG00000267871	22	NA
ENSG00000224543	4	2
ENSG00000236397	1	NA
ENSG00000119636	2	NA
ENSG00000138346	7	7
ENSG00000186812	1	NA
ENSG00000228779	1	1
ENSG00000268533	5	1
ENSG00000223901	5	4
ENSG00000246596	1	NA
ENSG00000124733	1	22
ENSG00000170310	4	8
ENSG00000133195	2	4
ENSG00000172782	4	4
ENSG00000113269	2	1
ENSG00000128011	1	5
ENSG00000116032	3	NA
ENSG00000169021	6	2
ENSG00000280334	2	1
ENSG00000189067	4	NA
ENSG00000252623	8	NA
ENSG00000091129	2	53
ENSG00000261675	6	26
ENSG00000147140	4	7
ENSG00000280106	3	NA
ENSG00000262223	3	NA
ENSG00000169562	4	12
ENSG00000126883	1	NA
ENSG00000162572	1	1
ENSG00000060982	1	43
ENSG00000126261	6	3
ENSG00000100341	5	7
ENSG00000129347	2	NA
ENSG00000154864	3	1
ENSG00000228812	5	8
ENSG00000149658	5	8
ENSG00000272849	1	6
ENSG00000151006	7	1
ENSG00000140545	1	1
ENSG00000170855	1	NA
ENSG00000138135	2	NA
ENSG00000139239	2	NA
ENSG00000130066	4	1
ENSG00000279555	1	3
ENSG00000026036	3	3
ENSG00000249850	1	NA
ENSG00000170471	4	NA
ENSG00000088899	1	72
ENSG00000175354	2	1
ENSG00000184634	4	1
ENSG00000022277	2	NA
ENSG00000101638	1	1
ENSG00000205041	17	20
ENSG00000272097	1	NA
ENSG00000142166	1	1
ENSG00000040608	10	7
ENSG00000147118	2	2
ENSG00000166450	3	101
ENSG00000112118	1	NA
ENSG00000224924	3	NA
ENSG00000140199	1	NA
ENSG00000244723	1	NA
ENSG00000279155	2	17
ENSG00000153495	3	120
ENSG00000080166	1	NA
ENSG00000185985	12	91
ENSG00000287243	1	NA
ENSG00000126259	8	NA
ENSG00000068305	1	70
ENSG00000288049	3	8
ENSG00000172264	4	90
ENSG00000172296	2	NA
ENSG00000278847	3	2
ENSG00000102226	4	27
ENSG00000228539	14	3
ENSG00000066455	1	NA
ENSG00000102401	5	110
ENSG00000006327	2	NA
ENSG00000236472	4	16
ENSG00000267202	2	1
ENSG00000229598	6	6
ENSG00000166848	2	26
ENSG00000130741	6	NA
ENSG00000269699	2	11
ENSG00000276968	2	160
ENSG00000123570	13	33
ENSG00000183617	1	2
ENSG00000151702	3	5
ENSG00000254901	3	2
ENSG00000006712	1	17
ENSG00000125863	2	11
ENSG00000100227	2	1
ENSG00000184470	6	NA
ENSG00000101405	1	NA
ENSG00000166224	1	22
ENSG00000133460	1	NA
ENSG00000130590	10	NA
ENSG00000157540	2	9
ENSG00000087903	1	64
ENSG00000186976	7	1
ENSG00000278991	1	17
ENSG00000099956	5	1
ENSG00000232682	2	NA
ENSG00000197170	4	1
ENSG00000151176	1	118
ENSG00000200680	1	14
ENSG00000075218	9	NA
ENSG00000260279	12	15
ENSG00000160336	4	1
ENSG00000127903	1	NA
ENSG00000124098	3	6
ENSG00000108671	3	NA
ENSG00000215458	4	7
ENSG00000122386	1	53
ENSG00000132603	3	NA
ENSG00000196586	1	8
ENSG00000269148	6	NA
ENSG00000010671	3	36
ENSG00000185742	1	4
ENSG00000105767	2	NA
ENSG00000080839	1	NA
ENSG00000105866	2	24
ENSG00000188425	4	NA
ENSG00000197045	2	NA
ENSG00000167910	1	NA
ENSG00000169239	12	NA
ENSG00000033627	2	8
ENSG00000215007	9	NA
ENSG00000142207	4	5
ENSG00000077463	4	81
ENSG00000213015	1	83
ENSG00000141564	1	NA
ENSG00000104894	7	10
ENSG00000230732	1	3
ENSG00000262410	1	8
ENSG00000070501	2	17
ENSG00000110852	1	2
ENSG00000167447	3	292
ENSG00000064655	6	45
ENSG00000240915	2	NA
ENSG00000197019	4	NA
ENSG00000259985	4	98
ENSG00000141837	2	3
ENSG00000154217	1	12
ENSG00000126461	1	3
ENSG00000140406	1	2
ENSG00000141568	1	11
ENSG00000212743	1	3
ENSG00000267014	1	NA
ENSG00000213693	2	NA
ENSG00000149489	1	NA
ENSG00000198538	5	5
ENSG00000261118	5	NA
ENSG00000147459	3	15
ENSG00000196335	1	NA
ENSG00000064726	1	11
ENSG00000213590	1	13
ENSG00000243406	1	3
ENSG00000100288	3	11
ENSG00000125851	2	11
ENSG00000197563	3	NA
ENSG00000198814	1	NA
ENSG00000130032	11	NA
ENSG00000167721	1	76
ENSG00000133800	1	NA
ENSG00000115286	4	NA
ENSG00000198945	1	2
ENSG00000105137	5	NA
ENSG00000185070	2	54
ENSG00000198551	1	76
ENSG00000187257	1	1
ENSG00000285651	1	NA
ENSG00000140836	1	40
ENSG00000067715	1	4
ENSG00000227245	1	18
ENSG00000165630	3	6
ENSG00000125810	1	NA
ENSG00000141447	2	2
ENSG00000186312	3	NA
ENSG00000063587	4	12
ENSG00000103485	3	NA
ENSG00000035681	1	5
ENSG00000279344	6	NA
ENSG00000068323	3	NA
ENSG00000018610	2	NA
ENSG00000198723	3	NA
ENSG00000277692	4	241
ENSG00000151320	1	80
ENSG00000126945	1	NA
ENSG00000156675	2	39
ENSG00000196588	2	15
ENSG00000105821	1	4
ENSG00000137860	2	NA
ENSG00000247373	4	4
ENSG00000154118	2	8
ENSG00000276757	1	NA
ENSG00000178033	1	NA
ENSG00000108469	5	14
ENSG00000100888	1	1
ENSG00000185721	3	2
ENSG00000234684	1	NA
ENSG00000109758	1	NA
ENSG00000131885	3	92
ENSG00000286746	1	NA
ENSG00000275830	4	NA
ENSG00000178971	3	NA
ENSG00000042429	2	NA
ENSG00000039523	1	NA
ENSG00000110697	2	119
ENSG00000255642	1	NA
ENSG00000051825	3	42
ENSG00000101266	10	NA
ENSG00000123124	4	NA
ENSG00000267758	2	NA
ENSG00000213171	1	NA
ENSG00000108587	1	NA
ENSG00000173706	1	2
ENSG00000182132	3	NA
ENSG00000207357	2	NA
ENSG00000140932	5	112
ENSG00000164096	1	NA
ENSG00000268093	1	NA
ENSG00000147127	3	NA
ENSG00000111653	4	1
ENSG00000225947	1	NA
ENSG00000198951	10	NA
ENSG00000100982	1	10
ENSG00000102383	2	11
ENSG00000101843	4	4
ENSG00000167130	1	3
ENSG00000171100	8	42
ENSG00000197933	1	NA
ENSG00000259969	3	NA
ENSG00000085872	2	NA
ENSG00000258793	1	NA
ENSG00000130881	4	3
ENSG00000267568	3	3
ENSG00000258890	1	289
ENSG00000248124	3	NA
ENSG00000132199	1	NA
ENSG00000109063	3	19
ENSG00000242732	1	43
ENSG00000263089	3	4
ENSG00000126775	1	NA
ENSG00000125875	4	21
ENSG00000115604	1	NA
ENSG00000174437	2	14
ENSG00000127561	1	56
ENSG00000134297	1	NA
ENSG00000267009	4	NA
ENSG00000280198	1	NA
ENSG00000261485	2	NA
ENSG00000185065	1	NA
ENSG00000071073	1	3
ENSG00000133561	2	4
ENSG00000228663	3	2
ENSG00000170175	2	NA
ENSG00000109832	2	NA
ENSG00000124228	1	1
ENSG00000165359	4	NA
ENSG00000165246	2	7
ENSG00000185386	1	NA
ENSG00000150760	3	31
ENSG00000109111	1	1
ENSG00000092841	1	NA
ENSG00000170439	2	NA
ENSG00000260895	2	21
ENSG00000262358	1	NA
ENSG00000157601	2	NA
ENSG00000103591	2	1
ENSG00000062038	1	NA
ENSG00000234965	1	NA
ENSG00000203650	2	NA
ENSG00000073910	2	4
ENSG00000230982	3	2
ENSG00000277151	2	NA
ENSG00000108599	5	33
ENSG00000268895	1	7
ENSG00000263674	2	NA
ENSG00000119559	1	NA
ENSG00000091164	1	3
ENSG00000167283	2	6
ENSG00000176182	3	27
ENSG00000163584	3	42
ENSG00000267395	2	1
ENSG00000141994	2	NA
ENSG00000167775	5	NA
ENSG00000177380	1	NA
ENSG00000109072	2	NA
ENSG00000139350	3	4
ENSG00000130299	2	NA
ENSG00000274776	2	5
ENSG00000100298	2	1
ENSG00000106066	1	1
ENSG00000256422	2	NA
ENSG00000225180	2	6
ENSG00000234608	1	5
ENSG00000111581	4	NA
ENSG00000100410	5	5
ENSG00000238045	1	29
ENSG00000144802	1	NA
ENSG00000155229	1	NA
ENSG00000265443	1	26
ENSG00000160305	16	4
ENSG00000099284	1	22
ENSG00000279278	2	NA
ENSG00000153982	1	18
ENSG00000214456	2	8
ENSG00000270022	5	NA
ENSG00000230629	3	NA
ENSG00000154727	1	NA
ENSG00000259081	1	NA
ENSG00000267064	3	7
ENSG00000126756	5	64
ENSG00000183878	3	13
ENSG00000188735	3	1
ENSG00000234688	1	41
ENSG00000100263	1	11
ENSG00000130589	1	10
ENSG00000100567	2	14
ENSG00000070061	1	2
ENSG00000100916	4	18
ENSG00000077458	3	NA
ENSG00000254612	6	2
ENSG00000237977	4	2
ENSG00000166006	1	49
ENSG00000167858	1	NA
ENSG00000243669	1	NA
ENSG00000198843	2	1
ENSG00000275409	2	17
ENSG00000111405	1	NA
ENSG00000171804	1	NA
ENSG00000167676	1	NA
ENSG00000107957	2	NA
ENSG00000244687	1	NA
ENSG00000169255	1	38
ENSG00000151838	4	NA
ENSG00000012048	2	1
ENSG00000105329	1	NA
ENSG00000145555	1	33
ENSG00000076053	1	NA
ENSG00000089063	1	NA
ENSG00000101888	2	20
ENSG00000177885	4	5
ENSG00000103415	4	17
ENSG00000184863	2	15
ENSG00000101224	2	NA
ENSG00000129009	2	NA
ENSG00000135365	2	242
ENSG00000111845	1	NA
ENSG00000091157	2	20
ENSG00000186111	1	NA
ENSG00000126858	5	42
ENSG00000171388	1	NA
ENSG00000140497	2	1
ENSG00000183207	1	NA
ENSG00000279608	1	NA
ENSG00000279330	3	NA
ENSG00000239672	1	6
ENSG00000230894	2	NA
ENSG00000280274	1	127
ENSG00000236287	1	NA
ENSG00000130158	3	25
ENSG00000025423	3	1
ENSG00000164961	2	11
ENSG00000184402	2	6
ENSG00000176358	1	3
ENSG00000101445	1	NA
ENSG00000275228	1	NA
ENSG00000008516	4	11
ENSG00000173598	1	11
ENSG00000229939	1	1
ENSG00000241258	1	11
ENSG00000100427	3	136
ENSG00000067596	4	347
ENSG00000259031	1	NA
ENSG00000156313	2	34
ENSG00000272155	1	238
ENSG00000142046	1	192
ENSG00000051108	4	4
ENSG00000188021	4	69
ENSG00000072736	5	49
ENSG00000260495	1	87
ENSG00000223813	1	29
ENSG00000197702	3	NA
ENSG00000102221	7	NA
ENSG00000156253	1	NA
ENSG00000149503	1	4
ENSG00000236867	4	1
ENSG00000090863	1	NA
ENSG00000151746	1	NA
ENSG00000181392	1	NA
ENSG00000011485	1	NA
ENSG00000196961	2	70
ENSG00000236986	2	1
ENSG00000274712	2	NA
ENSG00000128604	1	NA
ENSG00000124207	4	24
ENSG00000272173	2	NA
ENSG00000198131	1	NA
ENSG00000148408	1	NA
ENSG00000225975	2	42
ENSG00000132792	1	NA
ENSG00000197892	2	6
ENSG00000100221	3	9
ENSG00000102595	1	3
ENSG00000100744	1	NA
ENSG00000120685	1	NA
ENSG00000126458	1	NA
ENSG00000183077	1	NA
ENSG00000128482	1	14
ENSG00000182718	2	NA
ENSG00000261879	3	1
ENSG00000068489	1	NA
ENSG00000147231	1	1
ENSG00000135521	1	34
ENSG00000136197	2	NA
ENSG00000108306	2	NA
ENSG00000141639	1	5
ENSG00000161647	2	11
ENSG00000092199	2	9
ENSG00000046647	4	NA
ENSG00000198042	1	5
ENSG00000005801	2	NA
ENSG00000225140	1	NA
ENSG00000151914	1	8
ENSG00000196116	1	NA
ENSG00000186074	1	2
ENSG00000137843	1	NA
ENSG00000169925	1	247
ENSG00000188229	1	15
ENSG00000285936	1	NA
ENSG00000104805	1	NA
ENSG00000274226	6	NA
ENSG00000100479	1	8
ENSG00000156502	1	89
ENSG00000103978	1	NA
ENSG00000237440	17	NA
ENSG00000108799	1	136
ENSG00000173809	5	NA
ENSG00000187166	3	NA
ENSG00000171862	1	4
ENSG00000180616	3	NA
ENSG00000223878	5	NA
ENSG00000279428	1	1
ENSG00000221968	1	NA
ENSG00000122034	1	36
ENSG00000180881	1	NA
ENSG00000177640	3	1
ENSG00000164654	1	13
ENSG00000133958	2	NA
ENSG00000100379	2	9
ENSG00000100994	1	NA
ENSG00000088356	5	39
ENSG00000122254	1	NA
ENSG00000188649	2	15
ENSG00000137992	1	NA
ENSG00000137871	3	1
ENSG00000254469	1	NA
ENSG00000134758	1	NA
ENSG00000224883	1	NA
ENSG00000259868	1	NA
ENSG00000164924	3	26
ENSG00000130699	2	NA
ENSG00000261026	1	NA
ENSG00000279762	1	21
ENSG00000250990	1	NA
ENSG00000101938	3	43
ENSG00000279236	1	NA
ENSG00000207128	1	NA
ENSG00000181619	1	40
ENSG00000286723	2	NA
ENSG00000136379	1	1
ENSG00000124302	1	NA
ENSG00000285813	1	NA
ENSG00000102471	1	11
ENSG00000106789	2	41
ENSG00000151748	1	1
ENSG00000183723	1	NA
ENSG00000233670	1	NA
ENSG00000172425	1	3
ENSG00000275665	3	NA
ENSG00000148248	1	6
ENSG00000103540	3	NA
ENSG00000279090	1	NA
ENSG00000169714	2	1
ENSG00000126214	1	13
ENSG00000272582	1	9
ENSG00000229236	2	11
ENSG00000196136	1	NA
ENSG00000221909	1	NA
ENSG00000250317	1	NA
ENSG00000093072	1	NA
ENSG00000164830	4	158
ENSG00000182732	1	2
ENSG00000070770	2	NA
ENSG00000227289	2	3
ENSG00000245812	2	NA
ENSG00000101557	1	2
ENSG00000246695	1	NA
ENSG00000279589	1	NA
ENSG00000070371	2	NA
ENSG00000181035	2	16
ENSG00000185215	3	NA
ENSG00000089693	1	18
ENSG00000124222	1	169
ENSG00000197180	2	NA
ENSG00000261544	2	3
ENSG00000130702	1	12
ENSG00000272159	1	16
ENSG00000198838	1	29
ENSG00000107829	1	170
ENSG00000184388	2	48
ENSG00000100815	1	2
ENSG00000132825	1	NA
ENSG00000063245	1	1
ENSG00000104177	2	6
ENSG00000100380	2	NA
ENSG00000229419	2	22
ENSG00000272745	1	2
ENSG00000167645	1	NA
ENSG00000188991	2	NA
ENSG00000230922	2	52
ENSG00000171425	2	4
ENSG00000213904	3	NA
ENSG00000279198	1	NA
ENSG00000269246	1	NA
ENSG00000176476	1	50
ENSG00000005007	2	1
ENSG00000101849	1	NA
ENSG00000169314	1	NA
ENSG00000100418	4	NA
ENSG00000160213	2	23
ENSG00000273451	2	NA
ENSG00000197343	1	1
ENSG00000268401	2	NA
ENSG00000128268	2	6
ENSG00000168661	1	NA
ENSG00000256069	3	NA
ENSG00000274421	1	NA
ENSG00000259781	2	NA
ENSG00000265142	2	NA
ENSG00000279319	2	32
ENSG00000197128	2	104
ENSG00000239998	2	3
ENSG00000286369	1	3
ENSG00000279636	2	NA
ENSG00000196547	2	192
ENSG00000132359	1	16
ENSG00000226328	3	1
ENSG00000133103	1	NA
ENSG00000176715	3	12
ENSG00000223508	1	46
ENSG00000263465	1	13
ENSG00000259436	2	12
ENSG00000141696	1	NA
ENSG00000169908	1	4
ENSG00000125304	1	NA
ENSG00000187325	3	26
ENSG00000069122	2	8
ENSG00000132109	1	2
ENSG00000262902	1	38
ENSG00000132024	1	10
ENSG00000176761	3	NA
ENSG00000120279	1	1
ENSG00000221955	1	5
ENSG00000261594	1	NA
ENSG00000107731	1	1
ENSG00000286063	1	NA
ENSG00000184009	2	NA
ENSG00000103187	1	NA
ENSG00000140519	1	NA
ENSG00000077238	1	2
ENSG00000111615	1	NA
ENSG00000100342	1	2
ENSG00000091262	2	NA
ENSG00000258636	1	2
ENSG00000155307	1	4
ENSG00000272636	2	NA
ENSG00000073150	1	NA
ENSG00000263266	1	NA
ENSG00000101417	5	NA
ENSG00000140265	1	34
ENSG00000187790	3	NA
ENSG00000221994	1	NA
ENSG00000277200	1	16
ENSG00000004897	1	8
ENSG00000253719	1	24
ENSG00000276529	2	33
ENSG00000272953	1	2
ENSG00000118432	1	6
ENSG00000140264	1	115
ENSG00000257704	1	NA
ENSG00000067646	2	14
ENSG00000095139	1	172
ENSG00000085274	1	46
ENSG00000108788	1	208
ENSG00000145700	2	NA
ENSG00000138835	1	3
ENSG00000233508	1	71
ENSG00000119632	1	NA
ENSG00000141219	2	10
ENSG00000277450	2	NA
ENSG00000279811	1	3
ENSG00000172349	1	NA
ENSG00000110200	1	NA
ENSG00000089682	3	33
ENSG00000257256	3	NA
ENSG00000103064	2	NA
ENSG00000090339	1	NA
ENSG00000271533	1	NA
ENSG00000102977	1	NA
ENSG00000132563	1	3
ENSG00000105327	1	NA
ENSG00000261669	4	NA
ENSG00000149599	2	NA
ENSG00000100605	2	11
ENSG00000101901	2	64
ENSG00000111913	1	12
ENSG00000272918	1	NA
ENSG00000272682	1	NA
ENSG00000213185	1	1
ENSG00000141540	1	6
ENSG00000249577	1	4
ENSG00000273176	2	42
ENSG00000102038	1	NA
ENSG00000133661	1	NA
ENSG00000148925	1	1
ENSG00000119004	1	NA
ENSG00000076356	1	NA
ENSG00000189144	1	199
ENSG00000099901	2	15
ENSG00000279187	2	2
ENSG00000174028	6	426
ENSG00000152779	1	NA
ENSG00000183060	3	NA
ENSG00000253327	2	NA
ENSG00000132383	1	NA
ENSG00000182916	3	3
ENSG00000100532	1	NA
ENSG00000183722	1	NA
ENSG00000139567	1	4
ENSG00000186908	1	NA
ENSG00000182093	1	NA
ENSG00000121039	3	NA
ENSG00000226648	1	2
ENSG00000277715	2	3
ENSG00000228677	1	NA
ENSG00000149633	1	6
ENSG00000167232	1	NA
ENSG00000261949	2	NA
ENSG00000132702	1	NA
ENSG00000026950	1	NA
ENSG00000105323	1	NA
ENSG00000131797	1	12
ENSG00000104312	1	NA
ENSG00000197776	1	NA
ENSG00000181072	1	122
ENSG00000130943	1	3
ENSG00000104976	1	46
ENSG00000177189	1	NA
ENSG00000197016	1	NA
ENSG00000184925	2	NA
ENSG00000232533	1	7
ENSG00000087074	1	NA
ENSG00000148835	1	NA
ENSG00000137819	2	NA
ENSG00000185837	1	NA
ENSG00000231770	2	NA
ENSG00000101160	2	NA
ENSG00000207507	1	NA
ENSG00000106144	1	NA
ENSG00000273096	1	36
ENSG00000126561	1	NA
ENSG00000163625	1	1
ENSG00000149636	1	1
ENSG00000133026	1	6
ENSG00000276916	2	NA
ENSG00000146918	1	NA
ENSG00000278864	2	50
ENSG00000130856	1	1
ENSG00000067048	2	16
ENSG00000166856	2	1
ENSG00000100297	1	NA
ENSG00000077080	1	5
ENSG00000126767	1	NA
ENSG00000245060	1	NA
ENSG00000237446	1	NA
ENSG00000139767	1	NA
ENSG00000260844	1	30
ENSG00000166192	1	NA
ENSG00000281706	1	NA
ENSG00000231711	1	NA
ENSG00000130638	1	2
ENSG00000165775	1	7
ENSG00000105738	2	81
ENSG00000122912	2	1
ENSG00000167969	1	24
ENSG00000179242	1	33
ENSG00000136003	1	NA
ENSG00000180628	2	NA
ENSG00000166578	3	1
ENSG00000177728	1	8
ENSG00000258515	1	NA
ENSG00000100918	1	9
ENSG00000162585	1	NA
ENSG00000157259	1	NA
ENSG00000269427	1	NA
ENSG00000102786	1	NA
ENSG00000261474	1	NA
ENSG00000199960	1	45
ENSG00000268945	1	NA
ENSG00000162298	1	NA
ENSG00000279118	1	56
ENSG00000100151	1	NA
ENSG00000224877	1	NA
ENSG00000123416	1	217
ENSG00000165434	3	16
ENSG00000274363	2	5
ENSG00000197837	1	NA
ENSG00000267838	2	2
ENSG00000174038	1	NA
ENSG00000132640	1	47
ENSG00000088053	1	NA
ENSG00000164761	1	5
ENSG00000063169	1	6
ENSG00000118707	2	34
ENSG00000171984	1	NA
ENSG00000184702	3	1
ENSG00000167654	3	101
ENSG00000141098	1	15
ENSG00000183019	1	NA
ENSG00000130313	1	1
ENSG00000121361	1	NA
ENSG00000256771	2	1
ENSG00000134594	4	32
ENSG00000082196	2	2
ENSG00000168040	1	103
ENSG00000121073	1	NA
ENSG00000107897	1	1
ENSG00000087157	2	4
ENSG00000171847	4	NA
ENSG00000228889	2	NA
ENSG00000140057	2	59
ENSG00000279467	1	NA
ENSG00000170091	1	58
ENSG00000278505	1	NA
ENSG00000011114	1	1
ENSG00000177575	1	1
ENSG00000174599	1	NA
ENSG00000111335	2	1
ENSG00000123131	1	NA
ENSG00000202337	1	NA
ENSG00000140876	2	NA
ENSG00000235865	1	3
ENSG00000257241	1	NA
ENSG00000181991	1	NA
ENSG00000246731	2	4
ENSG00000082397	3	17
ENSG00000186416	2	NA
ENSG00000181381	1	13
ENSG00000279989	1	37
ENSG00000070540	3	1
ENSG00000151929	1	NA
ENSG00000242020	1	NA
ENSG00000174886	1	1
ENSG00000124126	1	76
ENSG00000161813	2	NA
ENSG00000183248	1	NA
ENSG00000261535	1	14
ENSG00000105447	2	10
ENSG00000224281	3	3
ENSG00000230537	2	303
ENSG00000165804	1	NA
ENSG00000109534	1	6
ENSG00000087095	1	NA
ENSG00000172247	1	2
ENSG00000205018	1	NA
ENSG00000128578	1	1
ENSG00000246089	1	NA
ENSG00000188321	1	NA
ENSG00000213281	1	NA
ENSG00000131981	2	6
ENSG00000230844	2	NA
ENSG00000105364	1	NA
ENSG00000144040	1	NA
ENSG00000250734	1	NA
ENSG00000176406	1	NA
ENSG00000250208	1	NA
ENSG00000119328	1	NA
ENSG00000215580	2	9
ENSG00000115226	1	NA
ENSG00000247774	1	NA
ENSG00000148300	1	18
ENSG00000267319	2	1
ENSG00000185433	1	9
ENSG00000103035	2	143
ENSG00000058262	1	NA
ENSG00000282936	1	5
ENSG00000148655	1	5
ENSG00000125726	1	NA
ENSG00000165821	1	219
ENSG00000167785	1	NA
ENSG00000159069	1	4
ENSG00000214575	3	89
ENSG00000167555	2	NA
ENSG00000139921	1	NA
ENSG00000270837	1	NA
ENSG00000100938	1	4
ENSG00000170836	1	5
ENSG00000188039	1	NA
ENSG00000155926	2	19
ENSG00000120533	1	36
ENSG00000165675	2	NA
ENSG00000235786	7	4
ENSG00000250254	1	49
ENSG00000133135	2	10
ENSG00000176473	1	1
ENSG00000100991	1	2
ENSG00000118922	2	NA
ENSG00000158941	1	NA
ENSG00000228002	1	NA
ENSG00000180776	2	NA
ENSG00000140743	2	NA
ENSG00000140993	1	2
ENSG00000121064	3	NA
ENSG00000049860	1	NA
ENSG00000232593	1	258
ENSG00000287271	1	10
ENSG00000070950	1	NA
ENSG00000259045	1	24
ENSG00000178631	1	NA
ENSG00000180263	1	NA
ENSG00000161547	1	NA
ENSG00000167114	1	37
ENSG00000241343	2	1
ENSG00000168032	1	NA
ENSG00000266598	1	NA
ENSG00000283703	1	NA
ENSG00000158290	2	1
ENSG00000235538	1	5
ENSG00000149531	1	1
ENSG00000086712	1	NA
ENSG00000078814	2	3
ENSG00000213753	1	1
ENSG00000146938	1	1
ENSG00000110619	1	1
ENSG00000134871	1	10
ENSG00000236710	1	NA
ENSG00000175662	1	NA
ENSG00000246223	1	NA
ENSG00000099624	1	8
ENSG00000163075	1	2
ENSG00000070413	1	1
ENSG00000165757	1	6
ENSG00000183463	1	NA
ENSG00000151208	1	36
ENSG00000100504	1	NA
ENSG00000121058	1	16
ENSG00000266936	1	1
ENSG00000166444	1	10
ENSG00000101413	1	NA
ENSG00000238086	1	NA
ENSG00000129824	1	24
ENSG00000283709	1	NA
ENSG00000172667	1	2
ENSG00000278129	2	4
ENSG00000279082	1	19
ENSG00000257093	1	51
ENSG00000110048	1	15
ENSG00000268516	3	NA
ENSG00000258441	1	4
ENSG00000197937	2	NA
ENSG00000205213	1	21
ENSG00000006007	1	NA
ENSG00000197912	1	NA
ENSG00000286457	1	18
ENSG00000185088	2	7
ENSG00000269343	1	NA
ENSG00000279419	1	12
ENSG00000070269	1	NA
ENSG00000165716	1	2
ENSG00000287550	1	21
ENSG00000196235	2	NA
ENSG00000256533	2	NA
ENSG00000183401	1	69
ENSG00000131730	1	NA
ENSG00000122591	1	NA
ENSG00000152684	1	2
ENSG00000186222	1	NA
ENSG00000141741	1	2
ENSG00000156374	1	1
ENSG00000227782	1	7
ENSG00000011638	1	1
ENSG00000287056	1	98
ENSG00000167173	1	8
ENSG00000103342	1	NA
ENSG00000168000	1	NA
ENSG00000198960	3	16
ENSG00000279452	2	NA
ENSG00000213397	1	NA
ENSG00000141646	1	5
ENSG00000129351	1	9
ENSG00000283208	2	NA
ENSG00000101935	1	NA
ENSG00000152455	1	NA
ENSG00000206899	1	NA
ENSG00000205531	1	87
ENSG00000163632	1	NA
ENSG00000100625	1	2
ENSG00000112992	1	67
ENSG00000183751	1	1
ENSG00000105426	1	NA
ENSG00000188878	1	NA
ENSG00000129515	1	NA
ENSG00000136098	1	35
ENSG00000133243	1	58
ENSG00000105514	1	156
ENSG00000151023	1	NA
ENSG00000233483	1	NA
ENSG00000131378	1	NA
ENSG00000164627	1	NA
ENSG00000149577	1	1
ENSG00000066629	1	1
ENSG00000266208	1	NA
ENSG00000126351	2	1
ENSG00000129480	1	31
ENSG00000278313	1	NA
ENSG00000160993	1	7
ENSG00000196411	1	6
ENSG00000251393	1	NA
ENSG00000267296	1	NA
ENSG00000204387	1	NA
ENSG00000123200	1	NA
ENSG00000183150	1	NA
ENSG00000124164	1	NA
ENSG00000178718	1	42
ENSG00000230303	1	NA
ENSG00000205542	1	NA
ENSG00000109854	1	NA
ENSG00000118900	1	2
ENSG00000160216	1	28
ENSG00000008056	1	20
ENSG00000259315	2	NA
ENSG00000214578	2	NA
ENSG00000129757	1	NA
ENSG00000078687	1	NA
ENSG00000109066	1	1
ENSG00000270179	1	NA
ENSG00000253854	1	3
ENSG00000106351	1	NA
ENSG00000112343	1	2
ENSG00000130332	1	22
ENSG00000189051	2	NA
ENSG00000268189	1	9
ENSG00000108389	1	1
ENSG00000104112	1	NA
ENSG00000198547	1	NA
ENSG00000232112	1	54
ENSG00000155966	1	61
ENSG00000145860	1	3
ENSG00000253772	1	1
ENSG00000275401	1	NA
ENSG00000136231	1	NA
ENSG00000197021	1	NA
ENSG00000139197	1	1
ENSG00000188153	1	6
ENSG00000138152	1	NA
ENSG00000235552	1	NA
ENSG00000104205	1	33
ENSG00000089195	1	NA
ENSG00000200013	1	NA
ENSG00000204370	1	NA
ENSG00000261471	1	3
ENSG00000136628	1	56
ENSG00000166979	1	2
ENSG00000202522	1	NA
ENSG00000176225	1	NA
ENSG00000260788	1	3
ENSG00000249006	1	NA
ENSG00000186566	1	NA
ENSG00000140931	1	NA
ENSG00000182022	1	17
ENSG00000234473	1	NA
ENSG00000121281	1	8
ENSG00000197372	1	126
ENSG00000108823	1	NA
ENSG00000160188	1	NA
ENSG00000153789	1	NA
ENSG00000167536	1	57
ENSG00000272915	1	34
ENSG00000227218	1	NA
ENSG00000004864	1	NA
ENSG00000100319	1	NA
ENSG00000129235	1	NA
ENSG00000130522	1	17
ENSG00000183765	1	NA
ENSG00000147044	1	NA
ENSG00000100739	1	NA
ENSG00000127318	1	NA
ENSG00000206560	1	NA
ENSG00000103852	1	NA
ENSG00000146842	1	1
ENSG00000074935	1	NA
ENSG00000267475	1	NA
ENSG00000247596	1	9
ENSG00000228886	1	4
ENSG00000158458	1	3
ENSG00000125834	1	NA
ENSG00000230590	1	1
ENSG00000202354	1	NA
ENSG00000184575	1	NA
ENSG00000167985	1	75
ENSG00000154316	1	6
ENSG00000134153	1	NA
ENSG00000101811	1	NA
ENSG00000108349	1	NA
ENSG00000205084	2	NA
ENSG00000279474	1	3
ENSG00000279744	1	NA
ENSG00000107937	1	34
ENSG00000254653	1	NA
ENSG00000198053	1	NA
ENSG00000197860	1	202
ENSG00000260260	1	23
ENSG00000047056	1	6
ENSG00000125895	1	NA
ENSG00000232448	1	NA
ENSG00000006740	1	10
ENSG00000131095	NA	120
ENSG00000120885	NA	92
ENSG00000152154	NA	264
ENSG00000169951	NA	323
ENSG00000165280	NA	216
ENSG00000166295	NA	147
ENSG00000079134	NA	220
ENSG00000215452	NA	141
ENSG00000248890	NA	348
ENSG00000241641	NA	115
ENSG00000280173	NA	234
ENSG00000144677	NA	281
ENSG00000113712	NA	322
ENSG00000110218	NA	332
ENSG00000233421	NA	220
ENSG00000274118	NA	75
ENSG00000144488	NA	1
ENSG00000169919	NA	124
ENSG00000204843	NA	188
ENSG00000112419	NA	142
ENSG00000168958	NA	65
ENSG00000196371	NA	114
ENSG00000189410	NA	117
ENSG00000275197	NA	146
ENSG00000151247	NA	14
ENSG00000198857	NA	160
ENSG00000144868	NA	57
ENSG00000120696	NA	178
ENSG00000239697	NA	83
ENSG00000185246	NA	205
ENSG00000198938	NA	103
ENSG00000008018	NA	151
ENSG00000215769	NA	303
ENSG00000145414	NA	143
ENSG00000221083	NA	154
ENSG00000261663	NA	223
ENSG00000162761	NA	1
ENSG00000110987	NA	185
ENSG00000260196	NA	167
ENSG00000198625	NA	232
ENSG00000130177	NA	153
ENSG00000260428	NA	114
ENSG00000099725	NA	13
ENSG00000273987	NA	200
ENSG00000144583	NA	93
ENSG00000270157	NA	28
ENSG00000172059	NA	75
ENSG00000272031	NA	140
ENSG00000144959	NA	201
ENSG00000200164	NA	99
ENSG00000280176	NA	107
ENSG00000203760	NA	201
ENSG00000124789	NA	133
ENSG00000272800	NA	111
ENSG00000092203	NA	169
ENSG00000198712	NA	63
ENSG00000143373	NA	219
ENSG00000172977	NA	180
ENSG00000189319	NA	126
ENSG00000248965	NA	248
ENSG00000157193	NA	150
ENSG00000274444	NA	230
ENSG00000206579	NA	65
ENSG00000180667	NA	18
ENSG00000168116	NA	204
ENSG00000130304	NA	114
ENSG00000114631	NA	9
ENSG00000157992	NA	123
ENSG00000013293	NA	142
ENSG00000167986	NA	262
ENSG00000132964	NA	196
ENSG00000148120	NA	28
ENSG00000100836	NA	127
ENSG00000207989	NA	88
ENSG00000179820	NA	228
ENSG00000271993	NA	149
ENSG00000204599	NA	51
ENSG00000133216	NA	91
ENSG00000213199	NA	49
ENSG00000271947	NA	115
ENSG00000272182	NA	118
ENSG00000173402	NA	34
ENSG00000261373	NA	45
ENSG00000244627	NA	135
ENSG00000135502	NA	32
ENSG00000131437	NA	69
ENSG00000272922	NA	120
ENSG00000240184	NA	60
ENSG00000277462	NA	192
ENSG00000088970	NA	223
ENSG00000187147	NA	55
ENSG00000180884	NA	259
ENSG00000268592	NA	175
ENSG00000072041	NA	128
ENSG00000276148	NA	278
ENSG00000214029	NA	42
ENSG00000261386	NA	216
ENSG00000118655	NA	146
ENSG00000173261	NA	195
ENSG00000284740	NA	201
ENSG00000237887	NA	71
ENSG00000116288	NA	32
ENSG00000251050	NA	110
ENSG00000162687	NA	86
ENSG00000288033	NA	43
ENSG00000146066	NA	59
ENSG00000277168	NA	29
ENSG00000143921	NA	66
ENSG00000137486	NA	216
ENSG00000108231	NA	45
ENSG00000224261	NA	75
ENSG00000215105	NA	442
ENSG00000164236	NA	4
ENSG00000244921	NA	10
ENSG00000114867	NA	121
ENSG00000156639	NA	134
ENSG00000198720	NA	93
ENSG00000138448	NA	15
ENSG00000237638	NA	142
ENSG00000120137	NA	106
ENSG00000144021	NA	86
ENSG00000170100	NA	116
ENSG00000131849	NA	217
ENSG00000266017	NA	94
ENSG00000257464	NA	184
ENSG00000127824	NA	40
ENSG00000197653	NA	65
ENSG00000121350	NA	111
ENSG00000139624	NA	34
ENSG00000272420	NA	121
ENSG00000160539	NA	2
ENSG00000168275	NA	49
ENSG00000164118	NA	29
ENSG00000118217	NA	98
ENSG00000269973	NA	104
ENSG00000160094	NA	37
ENSG00000157881	NA	154
ENSG00000257365	NA	170
ENSG00000273058	NA	127
ENSG00000273108	NA	178
ENSG00000278784	NA	211
ENSG00000215114	NA	57
ENSG00000158815	NA	143
ENSG00000132680	NA	36
ENSG00000154767	NA	32
ENSG00000117862	NA	105
ENSG00000176399	NA	53
ENSG00000090861	NA	209
ENSG00000231811	NA	44
ENSG00000203805	NA	1
ENSG00000270558	NA	63
ENSG00000087448	NA	148
ENSG00000113966	NA	145
ENSG00000134247	NA	17
ENSG00000143842	NA	24
ENSG00000279129	NA	74
ENSG00000065000	NA	54
ENSG00000173531	NA	16
ENSG00000136827	NA	125
ENSG00000211454	NA	32
ENSG00000213949	NA	22
ENSG00000265735	NA	1
ENSG00000267388	NA	222
ENSG00000160326	NA	25
ENSG00000129696	NA	129
ENSG00000089597	NA	116
ENSG00000114744	NA	7
ENSG00000136267	NA	98
ENSG00000163126	NA	108
ENSG00000132334	NA	91
ENSG00000007923	NA	81
ENSG00000113205	NA	94
ENSG00000213462	NA	102
ENSG00000115109	NA	71
ENSG00000132286	NA	54
ENSG00000071575	NA	29
ENSG00000164038	NA	57
ENSG00000240230	NA	116
ENSG00000196388	NA	134
ENSG00000269373	NA	205
ENSG00000196704	NA	52
ENSG00000124570	NA	109
ENSG00000189367	NA	19
ENSG00000104142	NA	19
ENSG00000242125	NA	60
ENSG00000213411	NA	128
ENSG00000184271	NA	3
ENSG00000149179	NA	124
ENSG00000076555	NA	94
ENSG00000082515	NA	52
ENSG00000174928	NA	88
ENSG00000072315	NA	172
ENSG00000109079	NA	31
ENSG00000147117	NA	169
ENSG00000198093	NA	57
ENSG00000100767	NA	68
ENSG00000263326	NA	54
ENSG00000162139	NA	22
ENSG00000267150	NA	53
ENSG00000204305	NA	122
ENSG00000165424	NA	15
ENSG00000156709	NA	7
ENSG00000122335	NA	84
ENSG00000228109	NA	15
ENSG00000103549	NA	132
ENSG00000100412	NA	306
ENSG00000182405	NA	120
ENSG00000011021	NA	157
ENSG00000174514	NA	30
ENSG00000143952	NA	103
ENSG00000269489	NA	52
ENSG00000267457	NA	148
ENSG00000165060	NA	67
ENSG00000169242	NA	1
ENSG00000199226	NA	170
ENSG00000179455	NA	2
ENSG00000147649	NA	97
ENSG00000073536	NA	72
ENSG00000158411	NA	18
ENSG00000177613	NA	66
ENSG00000285766	NA	53
ENSG00000172350	NA	7
ENSG00000265806	NA	14
ENSG00000185730	NA	43
ENSG00000204435	NA	17
ENSG00000272777	NA	51
ENSG00000287406	NA	121
ENSG00000065609	NA	31
ENSG00000119737	NA	26
ENSG00000237101	NA	40
ENSG00000151715	NA	178
ENSG00000109089	NA	26
ENSG00000112290	NA	49
ENSG00000167513	NA	45
ENSG00000144057	NA	14
ENSG00000136193	NA	136
ENSG00000102030	NA	111
ENSG00000143627	NA	40
ENSG00000267680	NA	117
ENSG00000165271	NA	69
ENSG00000196305	NA	89
ENSG00000272361	NA	82
ENSG00000158691	NA	39
ENSG00000159921	NA	13
ENSG00000184619	NA	51
ENSG00000226419	NA	99
ENSG00000151474	NA	24
ENSG00000176102	NA	39
ENSG00000143751	NA	23
ENSG00000137760	NA	15
ENSG00000135205	NA	43
ENSG00000113448	NA	53
ENSG00000107951	NA	10
ENSG00000151012	NA	69
ENSG00000226149	NA	54
ENSG00000119673	NA	74
ENSG00000220749	NA	19
ENSG00000083642	NA	43
ENSG00000164610	NA	98
ENSG00000104643	NA	28
ENSG00000011258	NA	29
ENSG00000102935	NA	5
ENSG00000259933	NA	47
ENSG00000279518	NA	136
ENSG00000175701	NA	11
ENSG00000160058	NA	8
ENSG00000165417	NA	96
ENSG00000148335	NA	77
ENSG00000144362	NA	22
ENSG00000112309	NA	4
ENSG00000075151	NA	2
ENSG00000213465	NA	49
ENSG00000131711	NA	69
ENSG00000171097	NA	8
ENSG00000123352	NA	26
ENSG00000273238	NA	59
ENSG00000126254	NA	8
ENSG00000135953	NA	48
ENSG00000111361	NA	37
ENSG00000225649	NA	58
ENSG00000186815	NA	2
ENSG00000274460	NA	64
ENSG00000135540	NA	35
ENSG00000204920	NA	65
ENSG00000275484	NA	50
ENSG00000163563	NA	41
ENSG00000237879	NA	29
ENSG00000283031	NA	37
ENSG00000257596	NA	50
ENSG00000272541	NA	81
ENSG00000254944	NA	136
ENSG00000153822	NA	59
ENSG00000287405	NA	28
ENSG00000132294	NA	42
ENSG00000231999	NA	6
ENSG00000237984	NA	25
ENSG00000058453	NA	49
ENSG00000256238	NA	43
ENSG00000175606	NA	22
ENSG00000181481	NA	27
ENSG00000272145	NA	6
ENSG00000023191	NA	14
ENSG00000254122	NA	23
ENSG00000287985	NA	72
ENSG00000120942	NA	53
ENSG00000197321	NA	17
ENSG00000198561	NA	11
ENSG00000105928	NA	3
ENSG00000198728	NA	46
ENSG00000237190	NA	24
ENSG00000200638	NA	18
ENSG00000167461	NA	115
ENSG00000139908	NA	39
ENSG00000184209	NA	27
ENSG00000058056	NA	57
ENSG00000010165	NA	13
ENSG00000124535	NA	12
ENSG00000075413	NA	93
ENSG00000124243	NA	34
ENSG00000170891	NA	13
ENSG00000136986	NA	17
ENSG00000170234	NA	11
ENSG00000055070	NA	6
ENSG00000096746	NA	101
ENSG00000277218	NA	56
ENSG00000198739	NA	88
ENSG00000133193	NA	126
ENSG00000241468	NA	44
ENSG00000060709	NA	31
ENSG00000271335	NA	37
ENSG00000198868	NA	5
ENSG00000185359	NA	26
ENSG00000011566	NA	18
ENSG00000117640	NA	19
ENSG00000187676	NA	2
ENSG00000109323	NA	38
ENSG00000128045	NA	14
ENSG00000168393	NA	19
ENSG00000138442	NA	63
ENSG00000182168	NA	32
ENSG00000003096	NA	110
ENSG00000152556	NA	80
ENSG00000187987	NA	13
ENSG00000236778	NA	48
ENSG00000106588	NA	7
ENSG00000214022	NA	26
ENSG00000143368	NA	15
ENSG00000204791	NA	34
ENSG00000244733	NA	53
ENSG00000143862	NA	21
ENSG00000113648	NA	28
ENSG00000238260	NA	10
ENSG00000100564	NA	16
ENSG00000163807	NA	14
ENSG00000189241	NA	37
ENSG00000254585	NA	67
ENSG00000170464	NA	26
ENSG00000136002	NA	38
ENSG00000162664	NA	31
ENSG00000120833	NA	32
ENSG00000137960	NA	31
ENSG00000272509	NA	77
ENSG00000131165	NA	10
ENSG00000284862	NA	37
ENSG00000113971	NA	69
ENSG00000260911	NA	110
ENSG00000156261	NA	3
ENSG00000130770	NA	21
ENSG00000008838	NA	3
ENSG00000126457	NA	14
ENSG00000242612	NA	46
ENSG00000013503	NA	16
ENSG00000280077	NA	40
ENSG00000197008	NA	23
ENSG00000143340	NA	1
ENSG00000177410	NA	18
ENSG00000157107	NA	26
ENSG00000261810	NA	20
ENSG00000116898	NA	3
ENSG00000144649	NA	11
ENSG00000261187	NA	37
ENSG00000102445	NA	43
ENSG00000164764	NA	50
ENSG00000221539	NA	60
ENSG00000203286	NA	3
ENSG00000231252	NA	30
ENSG00000269463	NA	80
ENSG00000197714	NA	17
ENSG00000105339	NA	5
ENSG00000114646	NA	3
ENSG00000270154	NA	24
ENSG00000188994	NA	6
ENSG00000163132	NA	8
ENSG00000166839	NA	88
ENSG00000124440	NA	52
ENSG00000260912	NA	66
ENSG00000286615	NA	22
ENSG00000260918	NA	26
ENSG00000158315	NA	58
ENSG00000180543	NA	42
ENSG00000143126	NA	56
ENSG00000172922	NA	18
ENSG00000176771	NA	11
ENSG00000239305	NA	37
ENSG00000001460	NA	28
ENSG00000112312	NA	52
ENSG00000269399	NA	88
ENSG00000153714	NA	15
ENSG00000243960	NA	14
ENSG00000075884	NA	18
ENSG00000126953	NA	223
ENSG00000181873	NA	36
ENSG00000183049	NA	50
ENSG00000241170	NA	39
ENSG00000110013	NA	32
ENSG00000089199	NA	18
ENSG00000080200	NA	10
ENSG00000196735	NA	10
ENSG00000182199	NA	8
ENSG00000286864	NA	19
ENSG00000085563	NA	7
ENSG00000118492	NA	1
ENSG00000008311	NA	51
ENSG00000169330	NA	89
ENSG00000144331	NA	7
ENSG00000111325	NA	11
ENSG00000225313	NA	4
ENSG00000199753	NA	73
ENSG00000148296	NA	32
ENSG00000273399	NA	79
ENSG00000236901	NA	76
ENSG00000275995	NA	69
ENSG00000272137	NA	36
ENSG00000178921	NA	44
ENSG00000158887	NA	34
ENSG00000158125	NA	17
ENSG00000231336	NA	11
ENSG00000136830	NA	1
ENSG00000111087	NA	18
ENSG00000184786	NA	14
ENSG00000196517	NA	1
ENSG00000232489	NA	52
ENSG00000204564	NA	21
ENSG00000278445	NA	13
ENSG00000152689	NA	3
ENSG00000135930	NA	13
ENSG00000213859	NA	64
ENSG00000134905	NA	81
ENSG00000047410	NA	3
ENSG00000227398	NA	47
ENSG00000151150	NA	53
ENSG00000158806	NA	3
ENSG00000286904	NA	5
ENSG00000137309	NA	16
ENSG00000112796	NA	41
ENSG00000113504	NA	21
ENSG00000166188	NA	20
ENSG00000273407	NA	54
ENSG00000064545	NA	11
ENSG00000138758	NA	31
ENSG00000270562	NA	12
ENSG00000171443	NA	6
ENSG00000235010	NA	38
ENSG00000275358	NA	129
ENSG00000139800	NA	5
ENSG00000198301	NA	30
ENSG00000268836	NA	29
ENSG00000048544	NA	1
ENSG00000224222	NA	3
ENSG00000233830	NA	59
ENSG00000125755	NA	78
ENSG00000135776	NA	2
ENSG00000272696	NA	93
ENSG00000145217	NA	12
ENSG00000174136	NA	25
ENSG00000227671	NA	4
ENSG00000186777	NA	38
ENSG00000171574	NA	102
ENSG00000234617	NA	59
ENSG00000116819	NA	22
ENSG00000232177	NA	17
ENSG00000167216	NA	101
ENSG00000233639	NA	53
ENSG00000173933	NA	25
ENSG00000117154	NA	2
ENSG00000135446	NA	30
ENSG00000185634	NA	9
ENSG00000154975	NA	27
ENSG00000107317	NA	63
ENSG00000167619	NA	24
ENSG00000271382	NA	77
ENSG00000097007	NA	29
ENSG00000068971	NA	9
ENSG00000197599	NA	49
ENSG00000226476	NA	12
ENSG00000253910	NA	5
ENSG00000266189	NA	19
ENSG00000115318	NA	8
ENSG00000156475	NA	57
ENSG00000279289	NA	8
ENSG00000258469	NA	54
ENSG00000166046	NA	27
ENSG00000146005	NA	10
ENSG00000180660	NA	38
ENSG00000028137	NA	7
ENSG00000272699	NA	17
ENSG00000146067	NA	31
ENSG00000280798	NA	13
ENSG00000050165	NA	79
ENSG00000278867	NA	40
ENSG00000176222	NA	54
ENSG00000159905	NA	30
ENSG00000117602	NA	11
ENSG00000154493	NA	13
ENSG00000163794	NA	12
ENSG00000073417	NA	12
ENSG00000073921	NA	1
ENSG00000136870	NA	8
ENSG00000108106	NA	47
ENSG00000165527	NA	8
ENSG00000270906	NA	1
ENSG00000120526	NA	25
ENSG00000071189	NA	10
ENSG00000232022	NA	9
ENSG00000112658	NA	15
ENSG00000009790	NA	13
ENSG00000152061	NA	3
ENSG00000233757	NA	10
ENSG00000128739	NA	18
ENSG00000251544	NA	78
ENSG00000120149	NA	15
ENSG00000235636	NA	127
ENSG00000158747	NA	21
ENSG00000101391	NA	52
ENSG00000276007	NA	62
ENSG00000275248	NA	22
ENSG00000273064	NA	42
ENSG00000167011	NA	24
ENSG00000090447	NA	4
ENSG00000128266	NA	62
ENSG00000142327	NA	54
ENSG00000046651	NA	100
ENSG00000117266	NA	4
ENSG00000163781	NA	7
ENSG00000160789	NA	37
ENSG00000213614	NA	12
ENSG00000095261	NA	17
ENSG00000241399	NA	17
ENSG00000196937	NA	41
ENSG00000254960	NA	7
ENSG00000164109	NA	7
ENSG00000283674	NA	46
ENSG00000201326	NA	34
ENSG00000112365	NA	85
ENSG00000105185	NA	23
ENSG00000188343	NA	7
ENSG00000131373	NA	22
ENSG00000287063	NA	13
ENSG00000151498	NA	44
ENSG00000162650	NA	6
ENSG00000087008	NA	7
ENSG00000125089	NA	5
ENSG00000162642	NA	9
ENSG00000104331	NA	25
ENSG00000120437	NA	3
ENSG00000253480	NA	2
ENSG00000251340	NA	21
ENSG00000135679	NA	70
ENSG00000065882	NA	39
ENSG00000185420	NA	5
ENSG00000114019	NA	19
ENSG00000197530	NA	6
ENSG00000261240	NA	32
ENSG00000229180	NA	9
ENSG00000141582	NA	20
ENSG00000101084	NA	18
ENSG00000279464	NA	4
ENSG00000013441	NA	7
ENSG00000100368	NA	19
ENSG00000136938	NA	13
ENSG00000115616	NA	36
ENSG00000142546	NA	54
ENSG00000270147	NA	30
ENSG00000084234	NA	46
ENSG00000136463	NA	34
ENSG00000248489	NA	6
ENSG00000105552	NA	29
ENSG00000163946	NA	54
ENSG00000146426	NA	8
ENSG00000160972	NA	50
ENSG00000272345	NA	11
ENSG00000286933	NA	8
ENSG00000148339	NA	39
ENSG00000215068	NA	4
ENSG00000099797	NA	46
ENSG00000119943	NA	4
ENSG00000207816	NA	25
ENSG00000128298	NA	94
ENSG00000271320	NA	14
ENSG00000139168	NA	5
ENSG00000207736	NA	53
ENSG00000213385	NA	9
ENSG00000100911	NA	4
ENSG00000157152	NA	15
ENSG00000168309	NA	6
ENSG00000228444	NA	62
ENSG00000059758	NA	18
ENSG00000197312	NA	7
ENSG00000163597	NA	31
ENSG00000204356	NA	5
ENSG00000173825	NA	12
ENSG00000164879	NA	48
ENSG00000139405	NA	55
ENSG00000259319	NA	43
ENSG00000083099	NA	11
ENSG00000243989	NA	27
ENSG00000175325	NA	4
ENSG00000134851	NA	28
ENSG00000136155	NA	47
ENSG00000170458	NA	1
ENSG00000176853	NA	17
ENSG00000205323	NA	2
ENSG00000172113	NA	29
ENSG00000136868	NA	2
ENSG00000184486	NA	11
ENSG00000275910	NA	35
ENSG00000198771	NA	1
ENSG00000163914	NA	1
ENSG00000043514	NA	11
ENSG00000015171	NA	9
ENSG00000114200	NA	9
ENSG00000274925	NA	20
ENSG00000170265	NA	2
ENSG00000150938	NA	11
ENSG00000181751	NA	8
ENSG00000113845	NA	10
ENSG00000163636	NA	33
ENSG00000260011	NA	69
ENSG00000170915	NA	21
ENSG00000139631	NA	11
ENSG00000260329	NA	3
ENSG00000122008	NA	4
ENSG00000179292	NA	15
ENSG00000167657	NA	5
ENSG00000187416	NA	28
ENSG00000287262	NA	38
ENSG00000108344	NA	1
ENSG00000082701	NA	26
ENSG00000170854	NA	4
ENSG00000245904	NA	50
ENSG00000286292	NA	4
ENSG00000176204	NA	6
ENSG00000185627	NA	26
ENSG00000170919	NA	7
ENSG00000257815	NA	16
ENSG00000279801	NA	41
ENSG00000231064	NA	12
ENSG00000162736	NA	13
ENSG00000109680	NA	36
ENSG00000235710	NA	7
ENSG00000143110	NA	28
ENSG00000161091	NA	7
ENSG00000122882	NA	15
ENSG00000119535	NA	28
ENSG00000115255	NA	1
ENSG00000271992	NA	25
ENSG00000137054	NA	18
ENSG00000125945	NA	3
ENSG00000087494	NA	15
ENSG00000179583	NA	1
ENSG00000273687	NA	132
ENSG00000213339	NA	10
ENSG00000242779	NA	28
ENSG00000261762	NA	6
ENSG00000276136	NA	93
ENSG00000171988	NA	4
ENSG00000138050	NA	28
ENSG00000130653	NA	31
ENSG00000186162	NA	9
ENSG00000144711	NA	46
ENSG00000116138	NA	36
ENSG00000272807	NA	7
ENSG00000162706	NA	6
ENSG00000226742	NA	35
ENSG00000070761	NA	16
ENSG00000245667	NA	9
ENSG00000186184	NA	31
ENSG00000204406	NA	4
ENSG00000104833	NA	7
ENSG00000173175	NA	3
ENSG00000144320	NA	32
ENSG00000198944	NA	6
ENSG00000121417	NA	2
ENSG00000116106	NA	4
ENSG00000231165	NA	45
ENSG00000182511	NA	1
ENSG00000174227	NA	8
ENSG00000188051	NA	38
ENSG00000261934	NA	20
ENSG00000140526	NA	31
ENSG00000107745	NA	11
ENSG00000173465	NA	25
ENSG00000128595	NA	1
ENSG00000151025	NA	20
ENSG00000136875	NA	1
ENSG00000230445	NA	35
ENSG00000189350	NA	22
ENSG00000235253	NA	13
ENSG00000088854	NA	4
ENSG00000203877	NA	1
ENSG00000130377	NA	32
ENSG00000138032	NA	19
ENSG00000181215	NA	22
ENSG00000115275	NA	12
ENSG00000139910	NA	16
ENSG00000104866	NA	45
ENSG00000102910	NA	15
ENSG00000070718	NA	17
ENSG00000204954	NA	5
ENSG00000165714	NA	83
ENSG00000154814	NA	4
ENSG00000148688	NA	8
ENSG00000177943	NA	6
ENSG00000240522	NA	12
ENSG00000143198	NA	7
ENSG00000198690	NA	19
ENSG00000124177	NA	113
ENSG00000188157	NA	4
ENSG00000158435	NA	44
ENSG00000197959	NA	17
ENSG00000245105	NA	8
ENSG00000169221	NA	23
ENSG00000171649	NA	38
ENSG00000151883	NA	23
ENSG00000152527	NA	4
ENSG00000105793	NA	23
ENSG00000138617	NA	30
ENSG00000248152	NA	15
ENSG00000103061	NA	9
ENSG00000172201	NA	3
ENSG00000157837	NA	8
ENSG00000263531	NA	4
ENSG00000152443	NA	12
ENSG00000125826	NA	24
ENSG00000173436	NA	8
ENSG00000171357	NA	8
ENSG00000254348	NA	25
ENSG00000223551	NA	37
ENSG00000232327	NA	2
ENSG00000186567	NA	38
ENSG00000105221	NA	41
ENSG00000163545	NA	3
ENSG00000103489	NA	42
ENSG00000141391	NA	28
ENSG00000223715	NA	4
ENSG00000171368	NA	27
ENSG00000215788	NA	12
ENSG00000253159	NA	10
ENSG00000178821	NA	22
ENSG00000162714	NA	11
ENSG00000170906	NA	14
ENSG00000182158	NA	21
ENSG00000196689	NA	33
ENSG00000069493	NA	24
ENSG00000185115	NA	6
ENSG00000274678	NA	28
ENSG00000198440	NA	19
ENSG00000140718	NA	5
ENSG00000185722	NA	39
ENSG00000258584	NA	5
ENSG00000205423	NA	12
ENSG00000148308	NA	20
ENSG00000229604	NA	8
ENSG00000183888	NA	3
ENSG00000156735	NA	16
ENSG00000185033	NA	35
ENSG00000198959	NA	9
ENSG00000164181	NA	4
ENSG00000188993	NA	4
ENSG00000167978	NA	12
ENSG00000137269	NA	26
ENSG00000180769	NA	6
ENSG00000088808	NA	43
ENSG00000005812	NA	2
ENSG00000180113	NA	23
ENSG00000179603	NA	16
ENSG00000147419	NA	17
ENSG00000173818	NA	9
ENSG00000110799	NA	14
ENSG00000273240	NA	23
ENSG00000249106	NA	40
ENSG00000261732	NA	19
ENSG00000166501	NA	2
ENSG00000168404	NA	2
ENSG00000009724	NA	29
ENSG00000162367	NA	1
ENSG00000052795	NA	16
ENSG00000177370	NA	57
ENSG00000168036	NA	3
ENSG00000214174	NA	33
ENSG00000166801	NA	21
ENSG00000128602	NA	17
ENSG00000166111	NA	8
ENSG00000153107	NA	26
ENSG00000013275	NA	26
ENSG00000200170	NA	67
ENSG00000139173	NA	25
ENSG00000173545	NA	6
ENSG00000134716	NA	11
ENSG00000132274	NA	16
ENSG00000104852	NA	26
ENSG00000183963	NA	27
ENSG00000100897	NA	3
ENSG00000250958	NA	16
ENSG00000164597	NA	21
ENSG00000272630	NA	21
ENSG00000155760	NA	21
ENSG00000251562	NA	15
ENSG00000213079	NA	7
ENSG00000010610	NA	4
ENSG00000145990	NA	2
ENSG00000222267	NA	10
ENSG00000148429	NA	7
ENSG00000270557	NA	6
ENSG00000198933	NA	4
ENSG00000249378	NA	14
ENSG00000151657	NA	2
ENSG00000115459	NA	11
ENSG00000146282	NA	1
ENSG00000234424	NA	35
ENSG00000133835	NA	10
ENSG00000061936	NA	9
ENSG00000048405	NA	5
ENSG00000088826	NA	5
ENSG00000123983	NA	17
ENSG00000280206	NA	14
ENSG00000267254	NA	24
ENSG00000064115	NA	19
ENSG00000101605	NA	3
ENSG00000275703	NA	6
ENSG00000140386	NA	55
ENSG00000039123	NA	2
ENSG00000279103	NA	31
ENSG00000117155	NA	23
ENSG00000138379	NA	2
ENSG00000189229	NA	6
ENSG00000249863	NA	26
ENSG00000054267	NA	10
ENSG00000079337	NA	21
ENSG00000162520	NA	5
ENSG00000235597	NA	2
ENSG00000104863	NA	8
ENSG00000255408	NA	17
ENSG00000169291	NA	5
ENSG00000228549	NA	14
ENSG00000204227	NA	16
ENSG00000066056	NA	4
ENSG00000112983	NA	3
ENSG00000262484	NA	40
ENSG00000117394	NA	7
ENSG00000105402	NA	55
ENSG00000147535	NA	2
ENSG00000228031	NA	6
ENSG00000070614	NA	10
ENSG00000139668	NA	21
ENSG00000170445	NA	10
ENSG00000143067	NA	12
ENSG00000177947	NA	16
ENSG00000174600	NA	14
ENSG00000157343	NA	17
ENSG00000266412	NA	21
ENSG00000161860	NA	46
ENSG00000218336	NA	5
ENSG00000135750	NA	7
ENSG00000184672	NA	12
ENSG00000123933	NA	3
ENSG00000213523	NA	16
ENSG00000111144	NA	18
ENSG00000176973	NA	8
ENSG00000134070	NA	3
ENSG00000234373	NA	9
ENSG00000135093	NA	2
ENSG00000117481	NA	18
ENSG00000144674	NA	1
ENSG00000125170	NA	6
ENSG00000182771	NA	12
ENSG00000151690	NA	11
ENSG00000134627	NA	3
ENSG00000153006	NA	16
ENSG00000156990	NA	3
ENSG00000148082	NA	5
ENSG00000226415	NA	4
ENSG00000259326	NA	9
ENSG00000147316	NA	31
ENSG00000150991	NA	14
ENSG00000120328	NA	21
ENSG00000133019	NA	34
ENSG00000100603	NA	8
ENSG00000264546	NA	67
ENSG00000230397	NA	16
ENSG00000169641	NA	8
ENSG00000237654	NA	20
ENSG00000102978	NA	10
ENSG00000047932	NA	5
ENSG00000189060	NA	55
ENSG00000164758	NA	26
ENSG00000272686	NA	20
ENSG00000126934	NA	2
ENSG00000280113	NA	11
ENSG00000185219	NA	7
ENSG00000260932	NA	32
ENSG00000179899	NA	13
ENSG00000146151	NA	5
ENSG00000164169	NA	4
ENSG00000206527	NA	3
ENSG00000189420	NA	99
ENSG00000132313	NA	17
ENSG00000081138	NA	16
ENSG00000287855	NA	18
ENSG00000240370	NA	5
ENSG00000264534	NA	2
ENSG00000164694	NA	9
ENSG00000242861	NA	1
ENSG00000156469	NA	12
ENSG00000173988	NA	8
ENSG00000258017	NA	10
ENSG00000198753	NA	48
ENSG00000198569	NA	18
ENSG00000146373	NA	6
ENSG00000267834	NA	4
ENSG00000144619	NA	14
ENSG00000108018	NA	11
ENSG00000124614	NA	25
ENSG00000197410	NA	24
ENSG00000262096	NA	3
ENSG00000135596	NA	13
ENSG00000167615	NA	9
ENSG00000110075	NA	7
ENSG00000143933	NA	4
ENSG00000280789	NA	19
ENSG00000254996	NA	4
ENSG00000183281	NA	18
ENSG00000131697	NA	7
ENSG00000197956	NA	4
ENSG00000269124	NA	12
ENSG00000249673	NA	4
ENSG00000178209	NA	6
ENSG00000152620	NA	6
ENSG00000146001	NA	11
ENSG00000138463	NA	18
ENSG00000171763	NA	4
ENSG00000106443	NA	10
ENSG00000114784	NA	11
ENSG00000248905	NA	7
ENSG00000173327	NA	26
ENSG00000104907	NA	39
ENSG00000124120	NA	16
ENSG00000143341	NA	3
ENSG00000263968	NA	20
ENSG00000204947	NA	35
ENSG00000231663	NA	1
ENSG00000201136	NA	21
ENSG00000206052	NA	53
ENSG00000106333	NA	9
ENSG00000272010	NA	13
ENSG00000151553	NA	11
ENSG00000121390	NA	13
ENSG00000263603	NA	20
ENSG00000199489	NA	16
ENSG00000121940	NA	4
ENSG00000133627	NA	13
ENSG00000223893	NA	8
ENSG00000150401	NA	21
ENSG00000164074	NA	2
ENSG00000115207	NA	7
ENSG00000115239	NA	10
ENSG00000115267	NA	8
ENSG00000103995	NA	6
ENSG00000146386	NA	33
ENSG00000081052	NA	11
ENSG00000165233	NA	29
ENSG00000163673	NA	5
ENSG00000039650	NA	12
ENSG00000116852	NA	3
ENSG00000109536	NA	3
ENSG00000095464	NA	3
ENSG00000117360	NA	4
ENSG00000164741	NA	6
ENSG00000283312	NA	2
ENSG00000124659	NA	20
ENSG00000284610	NA	21
ENSG00000213020	NA	59
ENSG00000075391	NA	3
ENSG00000116127	NA	3
ENSG00000270035	NA	1
ENSG00000122483	NA	2
ENSG00000160563	NA	1
ENSG00000152465	NA	3
ENSG00000124701	NA	2
ENSG00000113658	NA	2
ENSG00000257818	NA	7
ENSG00000263874	NA	3
ENSG00000169385	NA	6
ENSG00000122786	NA	3
ENSG00000103226	NA	35
ENSG00000144218	NA	11
ENSG00000178896	NA	5
ENSG00000233225	NA	4
ENSG00000113248	NA	15
ENSG00000204301	NA	1
ENSG00000257531	NA	7
ENSG00000180044	NA	6
ENSG00000237004	NA	1
ENSG00000118420	NA	2
ENSG00000144747	NA	7
ENSG00000130758	NA	8
ENSG00000198721	NA	20
ENSG00000165985	NA	8
ENSG00000085465	NA	1
ENSG00000075420	NA	11
ENSG00000164983	NA	5
ENSG00000228058	NA	1
ENSG00000198752	NA	16
ENSG00000164366	NA	12
ENSG00000257458	NA	4
ENSG00000137831	NA	17
ENSG00000187098	NA	1
ENSG00000185875	NA	10
ENSG00000168872	NA	27
ENSG00000262001	NA	12
ENSG00000139546	NA	5
ENSG00000125848	NA	17
ENSG00000142798	NA	7
ENSG00000232642	NA	2
ENSG00000273148	NA	9
ENSG00000162144	NA	14
ENSG00000287908	NA	13
ENSG00000178996	NA	3
ENSG00000271207	NA	6
ENSG00000064225	NA	4
ENSG00000198822	NA	9
ENSG00000109265	NA	4
ENSG00000271474	NA	7
ENSG00000169885	NA	8
ENSG00000204789	NA	2
ENSG00000273474	NA	4
ENSG00000160908	NA	2
ENSG00000132122	NA	5
ENSG00000101276	NA	9
ENSG00000254245	NA	7
ENSG00000144034	NA	10
ENSG00000243795	NA	10
ENSG00000081721	NA	6
ENSG00000189316	NA	1
ENSG00000179859	NA	1
ENSG00000260038	NA	5
ENSG00000067704	NA	3
ENSG00000197142	NA	7
ENSG00000170631	NA	9
ENSG00000174851	NA	8
ENSG00000100604	NA	21
ENSG00000182534	NA	24
ENSG00000279887	NA	17
ENSG00000122140	NA	8
ENSG00000164951	NA	5
ENSG00000178301	NA	2
ENSG00000101489	NA	10
ENSG00000270587	NA	7
ENSG00000168056	NA	12
ENSG00000214941	NA	40
ENSG00000176383	NA	5
ENSG00000153933	NA	5
ENSG00000112033	NA	23
ENSG00000132872	NA	6
ENSG00000185418	NA	44
ENSG00000266714	NA	8
ENSG00000184602	NA	14
ENSG00000076067	NA	3
ENSG00000164897	NA	12
ENSG00000078967	NA	8
ENSG00000181908	NA	1
ENSG00000138119	NA	12
ENSG00000223705	NA	2
ENSG00000286782	NA	3
ENSG00000273456	NA	4
ENSG00000196230	NA	5
ENSG00000173812	NA	3
ENSG00000286679	NA	1
ENSG00000200534	NA	4
ENSG00000204574	NA	1
ENSG00000239899	NA	1
ENSG00000116741	NA	1
ENSG00000112759	NA	19
ENSG00000287586	NA	1
ENSG00000239122	NA	5
ENSG00000153071	NA	2
ENSG00000101680	NA	5
ENSG00000279568	NA	8
ENSG00000178149	NA	8
ENSG00000068885	NA	4
ENSG00000149289	NA	5
ENSG00000213923	NA	88
ENSG00000259591	NA	28
ENSG00000234500	NA	4
ENSG00000286281	NA	11
ENSG00000198160	NA	1
ENSG00000233593	NA	15
ENSG00000135740	NA	1
ENSG00000130733	NA	16
ENSG00000198286	NA	9
ENSG00000171262	NA	5
ENSG00000059804	NA	1
ENSG00000244119	NA	1
ENSG00000122550	NA	3
ENSG00000237126	NA	16
ENSG00000168067	NA	34
ENSG00000163956	NA	2
ENSG00000176142	NA	3
ENSG00000225733	NA	1
ENSG00000091844	NA	5
ENSG00000171503	NA	1
ENSG00000143155	NA	7
ENSG00000168389	NA	1
ENSG00000151694	NA	2
ENSG00000260083	NA	3
ENSG00000123143	NA	11
ENSG00000148700	NA	2
ENSG00000170848	NA	13
ENSG00000136891	NA	1
ENSG00000272405	NA	3
ENSG00000169398	NA	11
ENSG00000137942	NA	13
ENSG00000235944	NA	7
ENSG00000031698	NA	3
ENSG00000272047	NA	2
ENSG00000112139	NA	2
ENSG00000117036	NA	2
ENSG00000281969	NA	4
ENSG00000178386	NA	27
ENSG00000114120	NA	5
ENSG00000145604	NA	1
ENSG00000285938	NA	3
ENSG00000011201	NA	18
ENSG00000187527	NA	4
ENSG00000198604	NA	13
ENSG00000197329	NA	2
ENSG00000116191	NA	10
ENSG00000272905	NA	9
ENSG00000156453	NA	10
ENSG00000169087	NA	14
ENSG00000097046	NA	2
ENSG00000158321	NA	11
ENSG00000151304	NA	4
ENSG00000185909	NA	7
ENSG00000149308	NA	2
ENSG00000134744	NA	1
ENSG00000273045	NA	4
ENSG00000280355	NA	10
ENSG00000241684	NA	2
ENSG00000235919	NA	3
ENSG00000167674	NA	12
ENSG00000157326	NA	12
ENSG00000137364	NA	4
ENSG00000153944	NA	5
ENSG00000196405	NA	4
ENSG00000272912	NA	3
ENSG00000157870	NA	16
ENSG00000212766	NA	2
ENSG00000133858	NA	1
ENSG00000157227	NA	8
ENSG00000147465	NA	3
ENSG00000076924	NA	12
ENSG00000265972	NA	3
ENSG00000224713	NA	6
ENSG00000133703	NA	17
ENSG00000186889	NA	1
ENSG00000221887	NA	2
ENSG00000274105	NA	6
ENSG00000196659	NA	1
ENSG00000174915	NA	8
ENSG00000249915	NA	3
ENSG00000075415	NA	17
ENSG00000255717	NA	7
ENSG00000068654	NA	4
ENSG00000150656	NA	3
ENSG00000146143	NA	3
ENSG00000261697	NA	6
ENSG00000279339	NA	6
ENSG00000180089	NA	45
ENSG00000105404	NA	1
ENSG00000233334	NA	19
ENSG00000157999	NA	1
ENSG00000100908	NA	3
ENSG00000163682	NA	3
ENSG00000206053	NA	5
ENSG00000130294	NA	8
ENSG00000164749	NA	3
ENSG00000038427	NA	8
ENSG00000189171	NA	2
ENSG00000272556	NA	10
ENSG00000196455	NA	5
ENSG00000200253	NA	8
ENSG00000121769	NA	5
ENSG00000116977	NA	2
ENSG00000145934	NA	5
ENSG00000261167	NA	5
ENSG00000197548	NA	8
ENSG00000172007	NA	4
ENSG00000054803	NA	6
ENSG00000241058	NA	3
ENSG00000106009	NA	3
ENSG00000146463	NA	6
ENSG00000116906	NA	1
ENSG00000160307	NA	6
ENSG00000174996	NA	16
ENSG00000187049	NA	8
ENSG00000137204	NA	7
ENSG00000080823	NA	14
ENSG00000117625	NA	11
ENSG00000123095	NA	13
ENSG00000167528	NA	21
ENSG00000162526	NA	1
ENSG00000004487	NA	1
ENSG00000162654	NA	1
ENSG00000108924	NA	29
ENSG00000134262	NA	6
ENSG00000250602	NA	16
ENSG00000226332	NA	16
ENSG00000116691	NA	8
ENSG00000203326	NA	18
ENSG00000161243	NA	3
ENSG00000164506	NA	6
ENSG00000102738	NA	3
ENSG00000131409	NA	1
ENSG00000091428	NA	2
ENSG00000119403	NA	1
ENSG00000165379	NA	2
ENSG00000279288	NA	1
ENSG00000135709	NA	18
ENSG00000287434	NA	6
ENSG00000141499	NA	13
ENSG00000080546	NA	16
ENSG00000131653	NA	19
ENSG00000189283	NA	2
ENSG00000168917	NA	2
ENSG00000131788	NA	4
ENSG00000252202	NA	9
ENSG00000120314	NA	11
ENSG00000113083	NA	7
ENSG00000227953	NA	12
ENSG00000124507	NA	1
ENSG00000072134	NA	16
ENSG00000183977	NA	7
ENSG00000241852	NA	1
ENSG00000205279	NA	6
ENSG00000240401	NA	3
ENSG00000268798	NA	8
ENSG00000119973	NA	7
ENSG00000270720	NA	1
ENSG00000061273	NA	6
ENSG00000108666	NA	7
ENSG00000165197	NA	77
ENSG00000145349	NA	1
ENSG00000121005	NA	5
ENSG00000108187	NA	2
ENSG00000177156	NA	6
ENSG00000139496	NA	3
ENSG00000243466	NA	2
ENSG00000213600	NA	2
ENSG00000101574	NA	1
ENSG00000127418	NA	7
ENSG00000253720	NA	2
ENSG00000235217	NA	69
ENSG00000276547	NA	5
ENSG00000260941	NA	1
ENSG00000131462	NA	8
ENSG00000228995	NA	3
ENSG00000113749	NA	5
ENSG00000204334	NA	5
ENSG00000270108	NA	2
ENSG00000255248	NA	7
ENSG00000164167	NA	2
ENSG00000115942	NA	1
ENSG00000084693	NA	8
ENSG00000234177	NA	2
ENSG00000065268	NA	4
ENSG00000158864	NA	2
ENSG00000120616	NA	7
ENSG00000245711	NA	11
ENSG00000157933	NA	7
ENSG00000110492	NA	3
ENSG00000229833	NA	26
ENSG00000126861	NA	2
ENSG00000160062	NA	2
ENSG00000273749	NA	19
ENSG00000131018	NA	6
ENSG00000150630	NA	1
ENSG00000287269	NA	34
ENSG00000187801	NA	7
ENSG00000233436	NA	4
ENSG00000263272	NA	10
ENSG00000203761	NA	2
ENSG00000286379	NA	6
ENSG00000272077	NA	5
ENSG00000267890	NA	9
ENSG00000240764	NA	5
ENSG00000149294	NA	2
ENSG00000262943	NA	18
ENSG00000228606	NA	4
ENSG00000132361	NA	1
ENSG00000023287	NA	5
ENSG00000198590	NA	9
ENSG00000221829	NA	8
ENSG00000164867	NA	4
ENSG00000157978	NA	4
ENSG00000164713	NA	5
ENSG00000125820	NA	3
ENSG00000224945	NA	6
ENSG00000250155	NA	12
ENSG00000068028	NA	1
ENSG00000171819	NA	2
ENSG00000263050	NA	14
ENSG00000152778	NA	5
ENSG00000287706	NA	4
ENSG00000174021	NA	2
ENSG00000188313	NA	1
ENSG00000182700	NA	1
ENSG00000171488	NA	1
ENSG00000143398	NA	1
ENSG00000154134	NA	13
ENSG00000100578	NA	1
ENSG00000169436	NA	7
ENSG00000226766	NA	3
ENSG00000280011	NA	11
ENSG00000255085	NA	3
ENSG00000221025	NA	7
ENSG00000134072	NA	7
ENSG00000151725	NA	4
ENSG00000044524	NA	8
ENSG00000105516	NA	26
ENSG00000119640	NA	4
ENSG00000153721	NA	2
ENSG00000173875	NA	8
ENSG00000144837	NA	3
ENSG00000104228	NA	1
ENSG00000251432	NA	2
ENSG00000138433	NA	2
ENSG00000010017	NA	1
ENSG00000250397	NA	20
ENSG00000227388	NA	3
ENSG00000184515	NA	3
ENSG00000113141	NA	8
ENSG00000134686	NA	6
ENSG00000255122	NA	2
ENSG00000158113	NA	1
ENSG00000118096	NA	4
ENSG00000251615	NA	1
ENSG00000144712	NA	1
ENSG00000078725	NA	3
ENSG00000165886	NA	3
ENSG00000198517	NA	1
ENSG00000132591	NA	15
ENSG00000184613	NA	5
ENSG00000112769	NA	6
ENSG00000157554	NA	10
ENSG00000207697	NA	1
ENSG00000169918	NA	3
ENSG00000177700	NA	3
ENSG00000168702	NA	1
ENSG00000137726	NA	1
ENSG00000225264	NA	3
ENSG00000089050	NA	18
ENSG00000070366	NA	7
ENSG00000087266	NA	1
ENSG00000116141	NA	8
ENSG00000173227	NA	6
ENSG00000172115	NA	3
ENSG00000086589	NA	2
ENSG00000100154	NA	35
ENSG00000112214	NA	1
ENSG00000105618	NA	45
ENSG00000164161	NA	3
ENSG00000196083	NA	7
ENSG00000259120	NA	1
ENSG00000272426	NA	2
ENSG00000144744	NA	1
ENSG00000120802	NA	5
ENSG00000196510	NA	9
ENSG00000110442	NA	3
ENSG00000135604	NA	2
ENSG00000259595	NA	18
ENSG00000196557	NA	6
ENSG00000124491	NA	2
ENSG00000139737	NA	6
ENSG00000160746	NA	1
ENSG00000171298	NA	1
ENSG00000183684	NA	2
ENSG00000204463	NA	3
ENSG00000224928	NA	1
ENSG00000170632	NA	1
ENSG00000267127	NA	11
ENSG00000143556	NA	2
ENSG00000167981	NA	8
ENSG00000169371	NA	10
ENSG00000100478	NA	23
ENSG00000177098	NA	5
ENSG00000198825	NA	9
ENSG00000141503	NA	10
ENSG00000177666	NA	1
ENSG00000183307	NA	5
ENSG00000249471	NA	28
ENSG00000104140	NA	1
ENSG00000286427	NA	1
ENSG00000128699	NA	1
ENSG00000286330	NA	8
ENSG00000269925	NA	1
ENSG00000112078	NA	1
ENSG00000161791	NA	4
ENSG00000175899	NA	3
ENSG00000106003	NA	3
ENSG00000122783	NA	1
ENSG00000272203	NA	3
ENSG00000229587	NA	2
ENSG00000100109	NA	91
ENSG00000178691	NA	23
ENSG00000116663	NA	2
ENSG00000161912	NA	6
ENSG00000240869	NA	2
ENSG00000121270	NA	7
ENSG00000234685	NA	5
ENSG00000257950	NA	19
ENSG00000279066	NA	6
ENSG00000253137	NA	5
ENSG00000161654	NA	4
ENSG00000148288	NA	3
ENSG00000278983	NA	10
ENSG00000187800	NA	3
ENSG00000087076	NA	4
ENSG00000234912	NA	3
ENSG00000230793	NA	21
ENSG00000197182	NA	58
ENSG00000135083	NA	2
ENSG00000204314	NA	3
ENSG00000267224	NA	21
ENSG00000033867	NA	2
ENSG00000273792	NA	3
ENSG00000280020	NA	6
ENSG00000174206	NA	4
ENSG00000182154	NA	4
ENSG00000100124	NA	46
ENSG00000143382	NA	1
ENSG00000160710	NA	3
ENSG00000183826	NA	1
ENSG00000152495	NA	3
ENSG00000131023	NA	1
ENSG00000145491	NA	8
ENSG00000278133	NA	13
ENSG00000174827	NA	1
ENSG00000164338	NA	1
ENSG00000152242	NA	2
ENSG00000287061	NA	12
ENSG00000271933	NA	2
ENSG00000167186	NA	13
ENSG00000187630	NA	6
ENSG00000234418	NA	11
ENSG00000163666	NA	1
ENSG00000279623	NA	7
ENSG00000249849	NA	2
ENSG00000090621	NA	2
ENSG00000231752	NA	5
ENSG00000249170	NA	2
ENSG00000228510	NA	1
ENSG00000115839	NA	6
ENSG00000269938	NA	4
ENSG00000234062	NA	286
ENSG00000185565	NA	6
ENSG00000162769	NA	4
ENSG00000157216	NA	1
ENSG00000286757	NA	2
ENSG00000187522	NA	6
ENSG00000001630	NA	12
ENSG00000234648	NA	2
ENSG00000118690	NA	8
ENSG00000163961	NA	2
ENSG00000275005	NA	4
ENSG00000169224	NA	1
ENSG00000182552	NA	1
ENSG00000104613	NA	5
ENSG00000107295	NA	7
ENSG00000156218	NA	2
ENSG00000254221	NA	4
ENSG00000213222	NA	3
ENSG00000272797	NA	1
ENSG00000095319	NA	6
ENSG00000262246	NA	8
ENSG00000120457	NA	1
ENSG00000231924	NA	6
ENSG00000153237	NA	1
ENSG00000146670	NA	3
ENSG00000108381	NA	3
ENSG00000107562	NA	1
ENSG00000167363	NA	2
ENSG00000256552	NA	1
ENSG00000262903	NA	2
ENSG00000182103	NA	13
ENSG00000138698	NA	8
ENSG00000137491	NA	5
ENSG00000100105	NA	29
ENSG00000101577	NA	4
ENSG00000178031	NA	5
ENSG00000099821	NA	6
ENSG00000259381	NA	2
ENSG00000280294	NA	8
ENSG00000272927	NA	3
ENSG00000165646	NA	1
ENSG00000197037	NA	11
ENSG00000103150	NA	5
ENSG00000146006	NA	9
ENSG00000182247	NA	3
ENSG00000172935	NA	3
ENSG00000054598	NA	1
ENSG00000241316	NA	2
ENSG00000245149	NA	1
ENSG00000022976	NA	5
ENSG00000008128	NA	4
ENSG00000116266	NA	3
ENSG00000185664	NA	2
ENSG00000139192	NA	2
ENSG00000235236	NA	1
ENSG00000278959	NA	1
ENSG00000259417	NA	2
ENSG00000184007	NA	1
ENSG00000183258	NA	2
ENSG00000096384	NA	4
ENSG00000130713	NA	4
ENSG00000167766	NA	6
ENSG00000150051	NA	2
ENSG00000273403	NA	2
ENSG00000138162	NA	4
ENSG00000184611	NA	3
ENSG00000145782	NA	5
ENSG00000121060	NA	3
ENSG00000199562	NA	1
ENSG00000128654	NA	2
ENSG00000136932	NA	2
ENSG00000167535	NA	4
ENSG00000188338	NA	1
ENSG00000225194	NA	1
ENSG00000111371	NA	3
ENSG00000167397	NA	10
ENSG00000196781	NA	6
ENSG00000214039	NA	1
ENSG00000186132	NA	5
ENSG00000157110	NA	6
ENSG00000133818	NA	11
ENSG00000206612	NA	3
ENSG00000251429	NA	1
ENSG00000113296	NA	3
ENSG00000160712	NA	1
ENSG00000286834	NA	5
ENSG00000107833	NA	5
ENSG00000224376	NA	5
ENSG00000108797	NA	18
ENSG00000188582	NA	2
ENSG00000048392	NA	5
ENSG00000256742	NA	2
ENSG00000205085	NA	3
ENSG00000266573	NA	7
ENSG00000161960	NA	4
ENSG00000272372	NA	4
ENSG00000136824	NA	1
ENSG00000243137	NA	20
ENSG00000268061	NA	3
ENSG00000111261	NA	11
ENSG00000225877	NA	34
ENSG00000198077	NA	30
ENSG00000153956	NA	4
ENSG00000234263	NA	1
ENSG00000011590	NA	17
ENSG00000136240	NA	1
ENSG00000066379	NA	5
ENSG00000247199	NA	3
ENSG00000133789	NA	2
ENSG00000263033	NA	2
ENSG00000178233	NA	2
ENSG00000277268	NA	6
ENSG00000130414	NA	2
ENSG00000255326	NA	2
ENSG00000279786	NA	9
ENSG00000205937	NA	2
ENSG00000159337	NA	4
ENSG00000249087	NA	1
ENSG00000274315	NA	8
ENSG00000113583	NA	1
ENSG00000107819	NA	9
ENSG00000127526	NA	1
ENSG00000181444	NA	4
ENSG00000122641	NA	4
ENSG00000174844	NA	1
ENSG00000251369	NA	15
ENSG00000179967	NA	4
ENSG00000273841	NA	1
ENSG00000128607	NA	9
ENSG00000188626	NA	1
ENSG00000185668	NA	3
ENSG00000152078	NA	2
ENSG00000122218	NA	1
ENSG00000114770	NA	1
ENSG00000183778	NA	21
ENSG00000132424	NA	2
ENSG00000145375	NA	1
ENSG00000198382	NA	5
ENSG00000284669	NA	1
ENSG00000040531	NA	3
ENSG00000172732	NA	6
ENSG00000079819	NA	1
ENSG00000133704	NA	9
ENSG00000198730	NA	1
ENSG00000255237	NA	4
ENSG00000278214	NA	1
ENSG00000271228	NA	1
ENSG00000168303	NA	6
ENSG00000147799	NA	1
ENSG00000198732	NA	4
ENSG00000272368	NA	3
ENSG00000269947	NA	17
ENSG00000178175	NA	2
ENSG00000271551	NA	1
ENSG00000186448	NA	3
ENSG00000140443	NA	2
ENSG00000170191	NA	5
ENSG00000083937	NA	1
ENSG00000260565	NA	19
ENSG00000189298	NA	1
ENSG00000185946	NA	3
ENSG00000204536	NA	2
ENSG00000175906	NA	9
ENSG00000273344	NA	1
ENSG00000078549	NA	6
ENSG00000126012	NA	2
ENSG00000168081	NA	4
ENSG00000119231	NA	2
ENSG00000135917	NA	1
ENSG00000238165	NA	1
ENSG00000184261	NA	2
ENSG00000106771	NA	4
ENSG00000162992	NA	1
ENSG00000095380	NA	2
ENSG00000261795	NA	3
ENSG00000105576	NA	11
ENSG00000110057	NA	4
ENSG00000240857	NA	1
ENSG00000267244	NA	20
ENSG00000159409	NA	2
ENSG00000178878	NA	4
ENSG00000162825	NA	3
ENSG00000188404	NA	2
ENSG00000151332	NA	10
ENSG00000269956	NA	4
ENSG00000154328	NA	2
ENSG00000182836	NA	5
ENSG00000169062	NA	5
ENSG00000135469	NA	1
ENSG00000198064	NA	6
ENSG00000104679	NA	1
ENSG00000204498	NA	5
ENSG00000197558	NA	2
ENSG00000181790	NA	1
ENSG00000162804	NA	1
ENSG00000257272	NA	7
ENSG00000186994	NA	2
ENSG00000151500	NA	2
ENSG00000231889	NA	1
ENSG00000284128	NA	21
ENSG00000236675	NA	2
ENSG00000243659	NA	2
ENSG00000206530	NA	2
ENSG00000108175	NA	3
ENSG00000116962	NA	1
ENSG00000235314	NA	1
ENSG00000111727	NA	3
ENSG00000108578	NA	3
ENSG00000149016	NA	7
ENSG00000184110	NA	4
ENSG00000198218	NA	1
ENSG00000213023	NA	6
ENSG00000286220	NA	11
ENSG00000146576	NA	1
ENSG00000268087	NA	6
ENSG00000271811	NA	1
ENSG00000115183	NA	4
ENSG00000171115	NA	1
ENSG00000160767	NA	1
ENSG00000168434	NA	1
ENSG00000223891	NA	25
ENSG00000228577	NA	1
ENSG00000136636	NA	1
ENSG00000117262	NA	1
ENSG00000117707	NA	1
ENSG00000112425	NA	1
ENSG00000164828	NA	3
ENSG00000140090	NA	1
ENSG00000153820	NA	1
ENSG00000279123	NA	7
ENSG00000146263	NA	1
ENSG00000188277	NA	2
ENSG00000110841	NA	3
ENSG00000279910	NA	4
ENSG00000118689	NA	1
ENSG00000120708	NA	1
ENSG00000189337	NA	2
ENSG00000172878	NA	3
ENSG00000091136	NA	3
ENSG00000206190	NA	7
ENSG00000232082	NA	5
ENSG00000288095	NA	1
ENSG00000119682	NA	1
ENSG00000250125	NA	1
ENSG00000184154	NA	1
ENSG00000121057	NA	2
ENSG00000141699	NA	2
ENSG00000268496	NA	1
ENSG00000175215	NA	2
ENSG00000159079	NA	4
ENSG00000180398	NA	3
ENSG00000262172	NA	5
ENSG00000241288	NA	1
ENSG00000011405	NA	8
ENSG00000157191	NA	1
ENSG00000244405	NA	1
ENSG00000061938	NA	1
ENSG00000287281	NA	2
ENSG00000094914	NA	3
ENSG00000179604	NA	7
ENSG00000141179	NA	7
ENSG00000152763	NA	1
ENSG00000174951	NA	8
ENSG00000150907	NA	10
ENSG00000273374	NA	1
ENSG00000155761	NA	1
ENSG00000140153	NA	1
ENSG00000285627	NA	3
ENSG00000095951	NA	1
ENSG00000197847	NA	1
ENSG00000278434	NA	1
ENSG00000138675	NA	2
ENSG00000285973	NA	1
ENSG00000232453	NA	1
ENSG00000119986	NA	2
ENSG00000187626	NA	5
ENSG00000215301	NA	2
ENSG00000198483	NA	1
ENSG00000133246	NA	1
ENSG00000104714	NA	1
ENSG00000180644	NA	1
ENSG00000117385	NA	2
ENSG00000213145	NA	5
ENSG00000204178	NA	1
ENSG00000136504	NA	1
ENSG00000135537	NA	2
ENSG00000165138	NA	1
ENSG00000198727	NA	19
ENSG00000140464	NA	1
ENSG00000066117	NA	1
ENSG00000239553	NA	3
ENSG00000249306	NA	3
ENSG00000183137	NA	2
ENSG00000130349	NA	3
ENSG00000146376	NA	2
ENSG00000178105	NA	2
ENSG00000184897	NA	3
ENSG00000233170	NA	3
ENSG00000198890	NA	2
ENSG00000138459	NA	2
ENSG00000168883	NA	2
ENSG00000285886	NA	1
ENSG00000285704	NA	3
ENSG00000162437	NA	3
ENSG00000018280	NA	1
ENSG00000234584	NA	3
ENSG00000168918	NA	2
ENSG00000170381	NA	3
ENSG00000157693	NA	1
ENSG00000089280	NA	2
ENSG00000280103	NA	22
ENSG00000277687	NA	1
ENSG00000105894	NA	3
ENSG00000120662	NA	7
ENSG00000165091	NA	3
ENSG00000155100	NA	1
ENSG00000118965	NA	2
ENSG00000135775	NA	1
ENSG00000146859	NA	1
ENSG00000002587	NA	1
ENSG00000164707	NA	2
ENSG00000102931	NA	2
ENSG00000163607	NA	1
ENSG00000164054	NA	2
ENSG00000213244	NA	1
ENSG00000174453	NA	2
ENSG00000107882	NA	2
ENSG00000273142	NA	2
ENSG00000166333	NA	2
ENSG00000086062	NA	1
ENSG00000133812	NA	2
ENSG00000087460	NA	4
ENSG00000168724	NA	1
ENSG00000115956	NA	2
ENSG00000176531	NA	2
ENSG00000135821	NA	1
ENSG00000168306	NA	2
ENSG00000272620	NA	1
ENSG00000205268	NA	2
ENSG00000170522	NA	1
ENSG00000151967	NA	3
ENSG00000155367	NA	1
ENSG00000128284	NA	2
ENSG00000137947	NA	1
ENSG00000205413	NA	2
ENSG00000141446	NA	2
ENSG00000146555	NA	2
ENSG00000163453	NA	1
ENSG00000275131	NA	1
ENSG00000140577	NA	9
ENSG00000132781	NA	1
ENSG00000156858	NA	3
ENSG00000280205	NA	4
ENSG00000162971	NA	1
ENSG00000133247	NA	15
ENSG00000214331	NA	2
ENSG00000236173	NA	2
ENSG00000148488	NA	1
ENSG00000231741	NA	1
ENSG00000104267	NA	1
ENSG00000068354	NA	13
ENSG00000277893	NA	1
ENSG00000113441	NA	2
ENSG00000167106	NA	1
ENSG00000152315	NA	2
ENSG00000158352	NA	6
ENSG00000197774	NA	1
ENSG00000099937	NA	32
ENSG00000259431	NA	1
ENSG00000124299	NA	10
ENSG00000101460	NA	2
ENSG00000135318	NA	2
ENSG00000148187	NA	1
ENSG00000122692	NA	2
ENSG00000152193	NA	5
ENSG00000114656	NA	4
ENSG00000004139	NA	1
ENSG00000238018	NA	4
ENSG00000162482	NA	1
ENSG00000175264	NA	8
ENSG00000115361	NA	1
ENSG00000213390	NA	1
ENSG00000234175	NA	1
ENSG00000205791	NA	1
ENSG00000155254	NA	2
ENSG00000149260	NA	4
ENSG00000163516	NA	1
ENSG00000140945	NA	4
ENSG00000233912	NA	1
ENSG00000076650	NA	5
ENSG00000130844	NA	1
ENSG00000239381	NA	1
ENSG00000132478	NA	19
ENSG00000177103	NA	3
ENSG00000115145	NA	1
ENSG00000135823	NA	1
ENSG00000287372	NA	1
ENSG00000115963	NA	1
ENSG00000166886	NA	2
ENSG00000113319	NA	1
ENSG00000171303	NA	2
ENSG00000090565	NA	1
ENSG00000154783	NA	1
ENSG00000137449	NA	1
ENSG00000118971	NA	3
ENSG00000167395	NA	3
ENSG00000132840	NA	1
ENSG00000271980	NA	1
ENSG00000135111	NA	3
ENSG00000185507	NA	5
ENSG00000115414	NA	2
ENSG00000266124	NA	2
ENSG00000243716	NA	2
ENSG00000072657	NA	3
ENSG00000231295	NA	1
ENSG00000178188	NA	3
ENSG00000119965	NA	1
ENSG00000143878	NA	1
ENSG00000099804	NA	8
ENSG00000196867	NA	1
ENSG00000162711	NA	1
ENSG00000104723	NA	6
ENSG00000261616	NA	5
ENSG00000145780	NA	1
ENSG00000107438	NA	1
ENSG00000246982	NA	1
ENSG00000265531	NA	1
ENSG00000206567	NA	1
ENSG00000218823	NA	1
ENSG00000198520	NA	1
ENSG00000134057	NA	2
ENSG00000174125	NA	2
ENSG00000179909	NA	2
ENSG00000250462	NA	2
ENSG00000168273	NA	2
ENSG00000064933	NA	1
ENSG00000160460	NA	21
ENSG00000279549	NA	1
ENSG00000131375	NA	1
ENSG00000206557	NA	2
ENSG00000265206	NA	1
ENSG00000092607	NA	1
ENSG00000281333	NA	5
ENSG00000251381	NA	5
ENSG00000248367	NA	2
ENSG00000279135	NA	6
ENSG00000278989	NA	2
ENSG00000163898	NA	1
ENSG00000158863	NA	1
ENSG00000169718	NA	2
ENSG00000253305	NA	1
ENSG00000163472	NA	1
ENSG00000262777	NA	1
ENSG00000236908	NA	5
ENSG00000099810	NA	1
ENSG00000096433	NA	1
ENSG00000159111	NA	2
ENSG00000196954	NA	4
ENSG00000143164	NA	1
ENSG00000170917	NA	1
ENSG00000242028	NA	1
ENSG00000270589	NA	3
ENSG00000149573	NA	3
ENSG00000273007	NA	1
ENSG00000185728	NA	2
ENSG00000000971	NA	1
ENSG00000249715	NA	1
ENSG00000247934	NA	1
ENSG00000114405	NA	1
ENSG00000153815	NA	2
ENSG00000266524	NA	1
ENSG00000127993	NA	1
ENSG00000249412	NA	1
ENSG00000232912	NA	1
ENSG00000117614	NA	1
ENSG00000169583	NA	2
ENSG00000130997	NA	1
ENSG00000007174	NA	10
ENSG00000067066	NA	2
ENSG00000106992	NA	1
ENSG00000219133	NA	1
ENSG00000185361	NA	4
ENSG00000231346	NA	1
ENSG00000125508	NA	11
ENSG00000182544	NA	1
ENSG00000175048	NA	1
ENSG00000117280	NA	1
ENSG00000211459	NA	2
ENSG00000025434	NA	4
ENSG00000258472	NA	4
ENSG00000224067	NA	1
ENSG00000172671	NA	3
ENSG00000138166	NA	1
ENSG00000135828	NA	1
ENSG00000163590	NA	1
ENSG00000170633	NA	7
ENSG00000284946	NA	7
ENSG00000124104	NA	4
ENSG00000100814	NA	1
ENSG00000075073	NA	2
ENSG00000011376	NA	1
ENSG00000225031	NA	112
ENSG00000124171	NA	2
ENSG00000185666	NA	24
ENSG00000168427	NA	1
ENSG00000241527	NA	5
ENSG00000183287	NA	3
ENSG00000187690	NA	28
ENSG00000196338	NA	19
ENSG00000177234	NA	1
ENSG00000101144	NA	40
ENSG00000277161	NA	1
ENSG00000104957	NA	17
ENSG00000089057	NA	12
ENSG00000147155	NA	60
ENSG00000215440	NA	12
ENSG00000196459	NA	26
ENSG00000159753	NA	7
ENSG00000215012	NA	22
ENSG00000183647	NA	8
ENSG00000167733	NA	3
ENSG00000185973	NA	18
ENSG00000158578	NA	1
ENSG00000155666	NA	2
ENSG00000154620	NA	8
ENSG00000099864	NA	3
ENSG00000156925	NA	1
ENSG00000206159	NA	3
ENSG00000279080	NA	10
ENSG00000161992	NA	2
ENSG00000237015	NA	16
ENSG00000102225	NA	5
ENSG00000184675	NA	6
ENSG00000149654	NA	9
ENSG00000179399	NA	5
ENSG00000267002	NA	1
ENSG00000147130	NA	3
ENSG00000282968	NA	2
ENSG00000118162	NA	3
ENSG00000160606	NA	1
ENSG00000241360	NA	3
ENSG00000073050	NA	2
ENSG00000100425	NA	11
ENSG00000104983	NA	3
ENSG00000111605	NA	1
ENSG00000165186	NA	26
ENSG00000100056	NA	11
ENSG00000178966	NA	1
ENSG00000265465	NA	26
ENSG00000102879	NA	1
ENSG00000136450	NA	1
ENSG00000236526	NA	1
ENSG00000140479	NA	5
ENSG00000269335	NA	25
ENSG00000104972	NA	15
ENSG00000125967	NA	11
ENSG00000269190	NA	9
ENSG00000275485	NA	2
ENSG00000183397	NA	4
ENSG00000087191	NA	12
ENSG00000100083	NA	1
ENSG00000241859	NA	6
ENSG00000183762	NA	13
ENSG00000244625	NA	9
ENSG00000076043	NA	4
ENSG00000184216	NA	6
ENSG00000199161	NA	1
ENSG00000104974	NA	13
ENSG00000100650	NA	3
ENSG00000147162	NA	2
ENSG00000184194	NA	8
ENSG00000186288	NA	11
ENSG00000101883	NA	19
ENSG00000102081	NA	6
ENSG00000166265	NA	5
ENSG00000167202	NA	1
ENSG00000165525	NA	5
ENSG00000183044	NA	7
ENSG00000124201	NA	9
ENSG00000130052	NA	17
ENSG00000267653	NA	1
ENSG00000079689	NA	1
ENSG00000169710	NA	7
ENSG00000167595	NA	3
ENSG00000286485	NA	4
ENSG00000102755	NA	1
ENSG00000274718	NA	12
ENSG00000142192	NA	11
ENSG00000112339	NA	1
ENSG00000270091	NA	15
ENSG00000184787	NA	4
ENSG00000067177	NA	4
ENSG00000200556	NA	4
ENSG00000058600	NA	1
ENSG00000182841	NA	3
ENSG00000152214	NA	4
ENSG00000236333	NA	1
ENSG00000099998	NA	1
ENSG00000254419	NA	5
ENSG00000187720	NA	5
ENSG00000093010	NA	9
ENSG00000267741	NA	2
ENSG00000196422	NA	3
ENSG00000204560	NA	2
ENSG00000152818	NA	2
ENSG00000184274	NA	1
ENSG00000284473	NA	9
ENSG00000279332	NA	9
ENSG00000286787	NA	3
ENSG00000132793	NA	3
ENSG00000156599	NA	2
ENSG00000278917	NA	6
ENSG00000196368	NA	13
ENSG00000147124	NA	2
ENSG00000136478	NA	18
ENSG00000176871	NA	3
ENSG00000127328	NA	2
ENSG00000267060	NA	2
ENSG00000234390	NA	7
ENSG00000173821	NA	6
ENSG00000266805	NA	7
ENSG00000025772	NA	6
ENSG00000124226	NA	2
ENSG00000170412	NA	3
ENSG00000104921	NA	2
ENSG00000273906	NA	4
ENSG00000253392	NA	4
ENSG00000259685	NA	1
ENSG00000178951	NA	1
ENSG00000132530	NA	3
ENSG00000164483	NA	1
ENSG00000252147	NA	4
ENSG00000119969	NA	4
ENSG00000101003	NA	2
ENSG00000101146	NA	2
ENSG00000101493	NA	2
ENSG00000183785	NA	7
ENSG00000166582	NA	2
ENSG00000224003	NA	5
ENSG00000286158	NA	8
ENSG00000169989	NA	1
ENSG00000102096	NA	2
ENSG00000118507	NA	1
ENSG00000287712	NA	2
ENSG00000169446	NA	2
ENSG00000118680	NA	3
ENSG00000070669	NA	1
ENSG00000171714	NA	1
ENSG00000102804	NA	1
ENSG00000131725	NA	3
ENSG00000283443	NA	1
ENSG00000134602	NA	7
ENSG00000101181	NA	1
ENSG00000277287	NA	2
ENSG00000176641	NA	5
ENSG00000118596	NA	7
ENSG00000135315	NA	2
ENSG00000178809	NA	1
ENSG00000278543	NA	6
ENSG00000275004	NA	2
ENSG00000278816	NA	3
ENSG00000101464	NA	2
ENSG00000287340	NA	6
ENSG00000166002	NA	2
ENSG00000130706	NA	6
ENSG00000177082	NA	1
ENSG00000105755	NA	12
ENSG00000196227	NA	4
ENSG00000070388	NA	6
ENSG00000130703	NA	3
ENSG00000139675	NA	4
ENSG00000104825	NA	7
ENSG00000200812	NA	5
ENSG00000204524	NA	4
ENSG00000273325	NA	1
ENSG00000125285	NA	5
ENSG00000086504	NA	1
ENSG00000205659	NA	2
ENSG00000100483	NA	3
ENSG00000006757	NA	1
ENSG00000269313	NA	3
ENSG00000269067	NA	2
ENSG00000180787	NA	1
ENSG00000183668	NA	7
ENSG00000166147	NA	2
ENSG00000196922	NA	1
ENSG00000141873	NA	2
ENSG00000259583	NA	2
ENSG00000130826	NA	7
ENSG00000268912	NA	2
ENSG00000121858	NA	1
ENSG00000203880	NA	3
ENSG00000186017	NA	2
ENSG00000171302	NA	4
ENSG00000276488	NA	2
ENSG00000226174	NA	2
ENSG00000142544	NA	1
ENSG00000164543	NA	2
ENSG00000132622	NA	1
ENSG00000125505	NA	1
ENSG00000130787	NA	1
ENSG00000286483	NA	1
ENSG00000068394	NA	3
ENSG00000102104	NA	3
ENSG00000287109	NA	1
ENSG00000173276	NA	1
ENSG00000171940	NA	4
ENSG00000167460	NA	1
ENSG00000092929	NA	6
ENSG00000266053	NA	3
ENSG00000153317	NA	4
ENSG00000168612	NA	7
ENSG00000224383	NA	1
ENSG00000282034	NA	2
ENSG00000068650	NA	6
ENSG00000213304	NA	3
ENSG00000280434	NA	2
ENSG00000148950	NA	1
ENSG00000094841	NA	7
ENSG00000073350	NA	2
ENSG00000103510	NA	2
ENSG00000105696	NA	2
ENSG00000231784	NA	1
ENSG00000141452	NA	2
ENSG00000226450	NA	1
ENSG00000267764	NA	4
ENSG00000105197	NA	1
ENSG00000276603	NA	1
ENSG00000198947	NA	1
ENSG00000138764	NA	1
ENSG00000140534	NA	1
ENSG00000287652	NA	1
ENSG00000285658	NA	1
ENSG00000119397	NA	2
ENSG00000132646	NA	2
ENSG00000125970	NA	7
ENSG00000094631	NA	1
ENSG00000232098	NA	2
ENSG00000169180	NA	1
ENSG00000036672	NA	1
ENSG00000102218	NA	1
ENSG00000099250	NA	1
ENSG00000134759	NA	2
ENSG00000258811	NA	3
ENSG00000151849	NA	2
ENSG00000187446	NA	1
ENSG00000160282	NA	2
ENSG00000279302	NA	2
ENSG00000109083	NA	1
ENSG00000215506	NA	2
ENSG00000161955	NA	1
ENSG00000254413	NA	1
ENSG00000101608	NA	1
ENSG00000278153	NA	2
ENSG00000273759	NA	2
ENSG00000258010	NA	3
ENSG00000108506	NA	1
ENSG00000272168	NA	1
ENSG00000173404	NA	8
ENSG00000261790	NA	1
ENSG00000088832	NA	2
ENSG00000198833	NA	1
ENSG00000182580	NA	1
ENSG00000263345	NA	1
ENSG00000077684	NA	1
ENSG00000214548	NA	2
ENSG00000158470	NA	1
ENSG00000260267	NA	4
ENSG00000259146	NA	5
ENSG00000107960	NA	1
ENSG00000088888	NA	1
ENSG00000106948	NA	3
ENSG00000267666	NA	1
ENSG00000106105	NA	1
ENSG00000287617	NA	1
ENSG00000147383	NA	1
ENSG00000101361	NA	1
ENSG00000182185	NA	1
ENSG00000237307	NA	10
ENSG00000277511	NA	4
ENSG00000178295	NA	1
ENSG00000131845	NA	2
ENSG00000177025	NA	5
ENSG00000100711	NA	2
ENSG00000135972	NA	1
ENSG00000114450	NA	1
ENSG00000102317	NA	3
ENSG00000140650	NA	3
ENSG00000280486	NA	2
ENSG00000079332	NA	1
ENSG00000172817	NA	5
ENSG00000136040	NA	1
ENSG00000165300	NA	1
ENSG00000100239	NA	3
ENSG00000225125	NA	6
ENSG00000173575	NA	3
ENSG00000168356	NA	1
ENSG00000072958	NA	2
ENSG00000108947	NA	1
ENSG00000092978	NA	1
ENSG00000110400	NA	1
ENSG00000133997	NA	4
ENSG00000259262	NA	3
ENSG00000165733	NA	1
ENSG00000213906	NA	2
ENSG00000163357	NA	1
ENSG00000110066	NA	1
ENSG00000185339	NA	3
ENSG00000276768	NA	1
ENSG00000188316	NA	1
ENSG00000196967	NA	1
ENSG00000009413	NA	2
ENSG00000126785	NA	3
ENSG00000269553	NA	1
ENSG00000139155	NA	5
ENSG00000179761	NA	2
ENSG00000196642	NA	1
ENSG00000157764	NA	3
ENSG00000169733	NA	1
ENSG00000173221	NA	2
ENSG00000232725	NA	2
ENSG00000213965	NA	1
ENSG00000251136	NA	1
ENSG00000261329	NA	2
ENSG00000196242	NA	1
ENSG00000169131	NA	1
ENSG00000103375	NA	3
ENSG00000198157	NA	1
ENSG00000261634	NA	1
ENSG00000206149	NA	3
ENSG00000103966	NA	3
ENSG00000286688	NA	1
ENSG00000275465	NA	1
ENSG00000110092	NA	1
ENSG00000049768	NA	2
ENSG00000118620	NA	1
ENSG00000273899	NA	3
ENSG00000236753	NA	1
ENSG00000067840	NA	3
ENSG00000254718	NA	1
ENSG00000100077	NA	2
ENSG00000100241	NA	1
ENSG00000125966	NA	1
ENSG00000197256	NA	1
ENSG00000180354	NA	1
ENSG00000125772	NA	1
ENSG00000079385	NA	3
ENSG00000241878	NA	1
ENSG00000125931	NA	1
ENSG00000179889	NA	1
ENSG00000224975	NA	2
ENSG00000155252	NA	1
ENSG00000220161	NA	4
ENSG00000151466	NA	1
ENSG00000012124	NA	3
ENSG00000197992	NA	6
ENSG00000163630	NA	1
ENSG00000099940	NA	10
ENSG00000245975	NA	1
ENSG00000023171	NA	1
ENSG00000174106	NA	1
ENSG00000004777	NA	1
ENSG00000083814	NA	1
ENSG00000181830	NA	1
ENSG00000109917	NA	2
ENSG00000168993	NA	2
ENSG00000213468	NA	1
ENSG00000268458	NA	2
ENSG00000262115	NA	2
ENSG00000251023	NA	1
ENSG00000172379	NA	2
ENSG00000105705	NA	1
ENSG00000166619	NA	2
ENSG00000107679	NA	1
ENSG00000184083	NA	2
ENSG00000034533	NA	1
ENSG00000149679	NA	1
ENSG00000137094	NA	1
ENSG00000232677	NA	1
ENSG00000224404	NA	8
ENSG00000257027	NA	2
ENSG00000205363	NA	2
ENSG00000126249	NA	1
ENSG00000242247	NA	1
ENSG00000070423	NA	1
ENSG00000145012	NA	1
ENSG00000178449	NA	1
ENSG00000196391	NA	1
ENSG00000196712	NA	2
ENSG00000221817	NA	1
ENSG00000277829	NA	2
ENSG00000099330	NA	1
ENSG00000212747	NA	2
ENSG00000048471	NA	1
ENSG00000272293	NA	2
ENSG00000074410	NA	2
ENSG00000132972	NA	1
ENSG00000234776	NA	1
ENSG00000167380	NA	1
ENSG00000100030	NA	1
ENSG00000010244	NA	3
ENSG00000140943	NA	1
ENSG00000287134	NA	1
ENSG00000172725	NA	1
ENSG00000169758	NA	1
ENSG00000182272	NA	3
ENSG00000234882	NA	1
ENSG00000024422	NA	1
ENSG00000103241	NA	1
ENSG00000279532	NA	1
ENSG00000227392	NA	1
ENSG00000104823	NA	5
ENSG00000258302	NA	1
ENSG00000286217	NA	1
ENSG00000182890	NA	1
ENSG00000073008	NA	1
ENSG00000122126	NA	3
ENSG00000101158	NA	3
ENSG00000173681	NA	1
ENSG00000137124	NA	1
ENSG00000176809	NA	1
ENSG00000166888	NA	2
ENSG00000152642	NA	1
ENSG00000149761	NA	1
ENSG00000155008	NA	1
ENSG00000100697	NA	3
ENSG00000260001	NA	2
ENSG00000101457	NA	1
ENSG00000087053	NA	1
ENSG00000183337	NA	1
ENSG00000144182	NA	1
ENSG00000278703	NA	2
ENSG00000278909	NA	1
ENSG00000110171	NA	1
ENSG00000099308	NA	1
ENSG00000104332	NA	1
ENSG00000101844	NA	1
ENSG00000105711	NA	1
ENSG00000224086	NA	2
ENSG00000200726	NA	2
ENSG00000137821	NA	2
ENSG00000087111	NA	1
ENSG00000101213	NA	3
ENSG00000037042	NA	3
ENSG00000265478	NA	1
ENSG00000214087	NA	1
ENSG00000188092	NA	1
ENSG00000115825	NA	1
ENSG00000059378	NA	1
ENSG00000161835	NA	1
ENSG00000131732	NA	1
ENSG00000172239	NA	1
ENSG00000264083	NA	3
ENSG00000182963	NA	1
ENSG00000235954	NA	4
ENSG00000235034	NA	2
ENSG00000278041	NA	1
ENSG00000278052	NA	1
ENSG00000135164	NA	1
ENSG00000048740	NA	2
ENSG00000187678	NA	2
ENSG00000148985	NA	1
ENSG00000077264	NA	2
ENSG00000103460	NA	2
ENSG00000274536	NA	1
ENSG00000287705	NA	1
ENSG00000056277	NA	1
ENSG00000102878	NA	1
ENSG00000235621	NA	1
ENSG00000222398	NA	1
ENSG00000108984	NA	1
ENSG00000105374	NA	1
ENSG00000223697	NA	2
ENSG00000269694	NA	1
ENSG00000261670	NA	1
ENSG00000168256	NA	1
ENSG00000075399	NA	1
ENSG00000102241	NA	2
ENSG00000183496	NA	2
ENSG00000262905	NA	1
ENSG00000102780	NA	1
ENSG00000104953	NA	3
ENSG00000169397	NA	1
ENSG00000185803	NA	1
ENSG00000196074	NA	1
ENSG00000166136	NA	1
ENSG00000186496	NA	2
ENSG00000157625	NA	1
ENSG00000178297	NA	1
ENSG00000025770	NA	1
ENSG00000232928	NA	1
ENSG00000227640	NA	1
ENSG00000043355	NA	4
ENSG00000115211	NA	1
ENSG00000268199	NA	1
ENSG00000180901	NA	1
ENSG00000160131	NA	1
ENSG00000271819	NA	4
ENSG00000230319	NA	1
ENSG00000108423	NA	1
ENSG00000011451	NA	1
ENSG00000171817	NA	4
ENSG00000278725	NA	1
ENSG00000205702	NA	1
ENSG00000022267	NA	2
ENSG00000037280	NA	1
ENSG00000196470	NA	1
ENSG00000243978	NA	1
ENSG00000287650	NA	2
ENSG00000184182	NA	1
ENSG00000129197	NA	1
ENSG00000104320	NA	1
ENSG00000204677	NA	1
ENSG00000101098	NA	1
ENSG00000182264	NA	1
ENSG00000203392	NA	2
ENSG00000280248	NA	2
ENSG00000179144	NA	1
ENSG00000150093	NA	1
ENSG00000133816	NA	1
ENSG00000147145	NA	1
ENSG00000134287	NA	1
ENSG00000126453	NA	1
ENSG00000125741	NA	1
ENSG00000128908	NA	1
ENSG00000141562	NA	1
ENSG00000188352	NA	1
ENSG00000198783	NA	2
ENSG00000140678	NA	3
ENSG00000102001	NA	1
ENSG00000285667	NA	1
ENSG00000085871	NA	1
ENSG00000243547	NA	1
ENSG00000148411	NA	1
ENSG00000179564	NA	1
ENSG00000271105	NA	1
ENSG00000109572	NA	2
ENSG00000230185	NA	1
ENSG00000255794	NA	2
ENSG00000224795	NA	1
ENSG00000066654	NA	1
ENSG00000150347	NA	1
ENSG00000105429	NA	1
ENSG00000176593	NA	1
ENSG00000134265	NA	3
ENSG00000232442	NA	1
ENSG00000268751	NA	1
ENSG00000125355	NA	1
ENSG00000102996	NA	1
ENSG00000157734	NA	1
ENSG00000185658	NA	1
ENSG00000100526	NA	1
ENSG00000136100	NA	1
ENSG00000172159	NA	2
ENSG00000005379	NA	1
ENSG00000184517	NA	2
ENSG00000119121	NA	1
ENSG00000186532	NA	1
ENSG00000125257	NA	1
ENSG00000265298	NA	1
ENSG00000286000	NA	1
ENSG00000186076	NA	1
ENSG00000082175	NA	1
ENSG00000050405	NA	1
ENSG00000126003	NA	1
ENSG00000103121	NA	1
ENSG00000127720	NA	1
ENSG00000108604	NA	1
ENSG00000174151	NA	1
ENSG00000182586	NA	2
ENSG00000123360	NA	1
ENSG00000258376	NA	1
ENSG00000124444	NA	1
ENSG00000008735	NA	1
ENSG00000265791	NA	1
ENSG00000130202	NA	1
ENSG00000153339	NA	3
ENSG00000276957	NA	1
ENSG00000148362	NA	1
ENSG00000272669	NA	1
ENSG00000063854	NA	1
ENSG00000262814	NA	1
ENSG00000125744	NA	1
ENSG00000167850	NA	1
ENSG00000109944	NA	1
ENSG00000023608	NA	1
ENSG00000287631	NA	1
ENSG00000196169	NA	1
ENSG00000106462	NA	1
ENSG00000185532	NA	1
ENSG00000276533	NA	1
ENSG00000177192	NA	1
ENSG00000157445	NA	1
ENSG00000286311	NA	1
ENSG00000100416	NA	1
ENSG00000234230	NA	1
ENSG00000141655	NA	1
ENSG00000131069	NA	1
ENSG00000160961	NA	1
ENSG00000286862	NA	1
ENSG00000165588	NA	1
ENSG00000260922	NA	1
ENSG00000215039	NA	1
ENSG00000145388	NA	1
ENSG00000285710	NA	1
ENSG00000186073	NA	1
ENSG00000165995	NA	1
ENSG00000223496	NA	1
ENSG00000101349	NA	1
ENSG00000150594	NA	1
ENSG00000173548	NA	1
ENSG00000088367	NA	1
ENSG00000172000	NA	1
ENSG00000111846	NA	1
ENSG00000120278	NA	1
ENSG00000125912	NA	1
ENSG00000133028	NA	2
ENSG00000228432	NA	1
ENSG00000108840	NA	1
ENSG00000135144	NA	1
ENSG00000111540	NA	1
ENSG00000177225	NA	1
ENSG00000274501	NA	1
ENSG00000161082	NA	1
ENSG00000133107	NA	1
ENSG00000188517	NA	1
ENSG00000286024	NA	1
ENSG00000185513	NA	1
ENSG00000154133	NA	1
ENSG00000113209	NA	1
ENSG00000255410	NA	1
ENSG00000166145	NA	1
ENSG00000165914	NA	1
