gene	AD	CTL	delta	z_change	perc_AD	perc_CTL	delta_perc	HigherNetwork
ENSG00000159189	17	46	-29	-0.4764359470357635	0.44950706101785237	0.592326139088729	-0.14281907807087663	Control
ENSG00000276168	8	6	2	0.03041275165282881	0.3160138555822009	0.24660271782573942	0.06941113775646149	AD
ENSG00000138757	811	664	147	2.4011566648736635	0.9992006394884093	0.9842792432720491	0.014921396216360239	AD
ENSG00000131095	7	3	4	0.06311266769725413	0.29349853450572877	0.16027178257394084	0.13322675193178793	AD
ENSG00000110955	636	495	141	2.303056916740388	0.9788169464428457	0.9455102584598988	0.03330668798294689	AD
ENSG00000131100	708	660	48	0.7825108206746109	0.9905409006128431	0.9833466560085266	0.007194244604316502	AD
ENSG00000085433	663	677	-14	-0.23118657670257364	0.9818811617372768	0.9853450572875033	-0.0034638955502265256	Control
ENSG00000152556	555	513	42	0.6844110725413349	0.9589661604050094	0.9519051425526246	0.007061017852384777	AD
ENSG00000155097	791	689	102	1.6654085538740941	0.9986677324806821	0.9882760458300026	0.010391686650679466	AD
ENSG00000114573	554	438	116	1.8943079661850712	0.9583000266453504	0.9292565947242206	0.029043431921129792	AD
ENSG00000173726	663	659	4	0.06311266769725413	0.9818811617372768	0.9828137490007993	-9.325872635225219e-4	AD
ENSG00000139112	813	661	152	2.482906454984727	0.9994670929922729	0.9838795630162537	0.015587529976019199	AD
ENSG00000213190	438	316	122	1.9924077143183472	0.9237942978950173	0.8808952837729817	0.04289901412203567	AD
ENSG00000147416	498	431	67	1.0931600230966512	0.9449773514521715	0.9265920596855849	0.018385291766586653	AD
ENSG00000166913	588	406	182	2.9734051956511065	0.968558486544098	0.9150013322675193	0.0535571542765787	AD
ENSG00000161203	765	768	-3	-0.05133703845823445	0.996802557953637	0.9954702904343192	0.001332267519317809	Control
ENSG00000050748	712	550	162	2.6464060352068537	0.991207034372502	0.9602984279243272	0.030908606448174836	AD
ENSG00000120265	752	615	137	2.2376570846515373	0.9948041566746603	0.9756195043964828	0.01918465227817745	AD
ENSG00000198888	7	7	0	-0.0022871643915964943	0.29349853450572877	0.2675193178790301	0.025979216626698665	Control
ENSG00000169139	749	629	120	1.959707798273922	0.9944044764188649	0.9777511324273914	0.016653343991473446	AD
ENSG00000031698	770	665	105	1.714458427940732	0.9972022382094324	0.9845456967759126	0.012656541433519797	AD
ENSG00000154917	602	638	-36	-0.590885653191252	0.9722888355981881	0.9789501731947775	-0.006661337596589378	Control
ENSG00000159377	517	348	169	2.760855741362342	0.9509725552891021	0.896349586997069	0.05462296829203306	AD
ENSG00000213585	736	807	-71	-1.163134183968695	0.9936051159072742	0.9989341859845456	-0.005329070077271458	Control
ENSG00000119125	92	109	-17	-0.2802364507692116	0.7140953903543832	0.7315480948574474	-0.017452704503064242	Control
ENSG00000159720	732	718	14	0.22661224791938067	0.9933386624034106	0.991207034372502	0.0021316280309086055	AD
ENSG00000213760	581	563	18	0.2920120800082313	0.9669597655209166	0.9645616839861444	0.0023980815347721673	AD
ENSG00000151729	616	639	-23	-0.37833619890248754	0.9757527311484147	0.9796163069544365	-0.003863575806021813	Control
ENSG00000089818	627	531	96	1.5673088057408182	0.9772182254196643	0.9561683986144418	0.021049826805222493	AD
ENSG00000131437	709	574	135	2.204957168607112	0.9909405808686385	0.9677591260325074	0.0231814548361311	AD
ENSG00000198513	444	428	16	0.25931216396380596	0.9269917399413802	0.9253930189181988	0.0015987210231813709	AD
ENSG00000240694	564	563	1	0.01406279363061616	0.9612310151878497	0.9645616839861444	-0.003330668798294689	AD
ENSG00000010256	557	544	13	0.21026228989716803	0.9594990674127365	0.9586997069011457	7.993605115907965e-4	AD
ENSG00000102003	351	348	3	0.04676270967504147	0.886357580602185	0.896349586997069	-0.009992006394884068	AD
ENSG00000138430	771	755	16	0.25931216396380596	0.9976019184652278	0.9933386624034106	0.004263256061817211	AD
ENSG00000144834	366	471	-105	-1.7190327567239252	0.8926192379429789	0.9405808686384226	-0.04796163069544368	Control
ENSG00000111674	433	335	98	1.6000087217852434	0.9213962163602452	0.8887556621369571	0.03264055422328804	AD
ENSG00000133318	493	348	145	2.3684567488292383	0.9431121769251266	0.896349586997069	0.046762589928057596	AD
ENSG00000104388	752	785	-33	-0.5418357791246141	0.9948041566746603	0.9970690114575007	-0.002264854782840442	Control
ENSG00000136143	647	570	77	1.2566596033187778	0.9800159872102319	0.9661604050093259	0.013855582200905991	AD
ENSG00000165943	706	611	95	1.5509588477186056	0.9901412203570477	0.9746869171329603	0.015454303224087362	AD
ENSG00000146701	839	765	74	1.2076097292521397	1	0.9944044764188649	0.005595523581135131	AD
ENSG00000159164	451	460	-9	-0.14943678659151036	0.9299227284838796	0.93591793232081	-0.005995203836930418	Control
ENSG00000057757	691	582	109	1.7798582600295827	0.9876099120703438	0.9706901145750066	0.01691979749533712	AD
ENSG00000061918	673	601	72	1.1749098132077145	0.9849453770317079	0.9733546496136424	0.01159072741806555	AD
ENSG00000198932	415	552	-137	-2.24223141343473	0.9128697042366107	0.9612310151878497	-0.04836131095123897	Control
ENSG00000154277	372	284	88	1.436509141563117	0.89568345323741	0.8665067945643485	0.029176658673061517	AD
ENSG00000181789	755	696	59	0.9623603589189501	0.9960031974420464	0.9892086330935251	0.006794564348521215	AD
ENSG00000013275	577	538	39	0.635361198474697	0.9653610444977352	0.9573674393818279	0.007993605115907298	AD
ENSG00000065154	568	449	119	1.943357840251709	0.9617639221955768	0.9320543565147882	0.02970956568078864	AD
ENSG00000167770	780	764	16	0.25931216396380596	0.9978683719690914	0.9941380229150013	0.0037303490540900874	AD
ENSG00000163536	212	232	-20	-0.3292863248358496	0.82227551292299494	0.8409272581934453	-0.018651745270450326	Control
ENSG00000163875	793	786	7	0.11216254176389208	0.9989341859845456	0.9973354649613643	0.0015987210231813709	AD
ENSG00000162378	600	363	237	3.8726528868728027	0.9720223820943246	0.9022115640820677	0.06981081801225686	AD
ENSG00000162188	339	362	-23	-0.37833619890248754	0.8808952837729817	0.9018118838262723	-0.020916600053290657	Control
ENSG00000113575	755	790	-35	-0.5745356951690394	0.9960031974420464	0.9978683719690914	-0.0018651745270450437	Control
ENSG00000100554	695	464	231	3.7745531387395266	0.9890754063415934	0.9372501998401279	0.05182520650146549	AD
ENSG00000142686	596	625	-29	-0.4764359470357635	0.9709565680788702	0.9770849986677325	-0.006128430588862255	Control
ENSG00000167863	508	476	32	0.5209114923192084	0.9476418864908074	0.9413802291500133	0.006261657340794091	AD
ENSG00000177889	828	800	28	0.45551166023035783	0.9997335464961364	0.9984012789768185	0.00133226751931792	AD
ENSG00000167778	682	774	-92	-1.5064833024351607	0.986144417799094	0.9960031974420464	-0.009858779642952342	Control
ENSG00000107758	663	593	70	1.1422098971632892	0.9818811617372768	0.9722888355981881	0.00959232613908867	AD
ENSG00000108395	579	485	94	1.5346088896963928	0.9664268585131894	0.9436450839328537	0.0227817745803357	AD
ENSG00000134287	383	299	84	1.3711093094742663	0.9002131628030908	0.8727684519051425	0.02744471089794831	AD
ENSG00000158560	336	227	109	1.7798582600295827	0.8794297895017319	0.8359978683719691	0.043431921129762796	AD
ENSG00000165678	654	559	95	1.5509588477186056	0.980548894217959	0.9640287769784173	0.01652011723954172	AD
ENSG00000116750	494	397	97	1.5836587637630308	0.9436450839328537	0.9123367972288836	0.03130828670397012	AD
ENSG00000143106	481	554	-73	-1.1958341000131203	0.9399147348787636	0.9621636024513722	-0.022248867572608577	Control
ENSG00000197872	667	500	167	2.728155825317917	0.9833466560085266	0.947242206235012	0.03610444977351457	AD
ENSG00000134108	725	639	86	1.4038092255186916	0.9920063948840927	0.9796163069544365	0.012390087929656235	AD
ENSG00000086300	285	239	46	0.7498109046301856	0.8617106314948042	0.8458566480149214	0.01585398347988276	AD
ENSG00000182013	427	368	59	0.9623603589189501	0.9191313615774047	0.9034106048494538	0.015720756727950924	AD
ENSG00000149313	690	729	-39	-0.6399355272578899	0.9870770050626165	0.9922728483879563	-0.005195843325339733	Control
ENSG00000198804	11	7	4	0.06311266769725413	0.36757260857980284	0.2675193178790301	0.10005329070077273	AD
ENSG00000004059	644	531	113	1.8452580921184334	0.9792166266986411	0.9561683986144418	0.023048228084199263	AD
ENSG00000125814	381	340	41	0.6680611145191223	0.8987476685318412	0.89195310418332	0.006794564348521215	AD
ENSG00000129625	690	661	29	0.4718616182525705	0.9870770050626165	0.9838795630162537	0.003197442046362853	AD
ENSG00000156515	789	789	0	-0.0022871643915964943	0.9984012789768185	0.9976019184652278	7.993605115906854e-4	Control
ENSG00000128683	3	4	-1	-0.01863712241380915	0.17306155075939247	0.19571009858779642	-0.022648547828403948	Control
ENSG00000157064	363	431	-68	-1.114084309902057	0.8920863309352518	0.9265920596855849	-0.03450572875033309	Control
ENSG00000129636	593	610	-17	-0.2802364507692116	0.9697575273114841	0.9742872368771649	-0.004529709565680773	Control
ENSG00000103769	646	688	-42	-0.6889854013245279	0.9796163069544365	0.9878763655742073	-0.00826005861977086	Control
ENSG00000196262	555	473	82	1.338409393429841	0.9589661604050094	0.9408473221422862	0.018118838262723203	AD
ENSG00000178662	418	325	93	1.5182589316741801	0.9138022915001333	0.8838262723154809	0.029976019184652314	AD
ENSG00000175203	692	657	35	0.5699613663858464	0.988009592326139	0.9818811617372768	0.006128430588862255	AD
ENSG00000167005	759	684	75	1.2239596872743523	0.9965361044497735	0.9870770050626165	0.009459099387156944	AD
ENSG00000173372	11	29	-18	-0.2965864087914242	0.36757260857980284	0.5135891286970423	-0.14601652011723948	Control
ENSG00000149269	447	372	75	1.2239596872743523	0.9283240074606981	0.9047428723687716	0.023581135091926497	AD
ENSG00000198934	148	279	-131	-2.144131665301454	0.7768451905142553	0.8638422595257128	-0.08699706901145754	Control
ENSG00000068912	699	683	16	0.25931216396380596	0.9896083133493205	0.9865440980548894	0.0030642152944311274	AD
ENSG00000105649	435	465	-30	-0.4927859050579761	0.9221955768718358	0.9383160138555822	-0.016120436983746322	Control
ENSG00000022355	172	186	-14	-0.23118657670257364	0.7970956568078871	0.808419930722089	-0.011324273914201877	Control
ENSG00000069329	755	758	-3	-0.05133703845823445	0.9960031974420464	0.9936051159072742	0.0023980815347721673	Control
ENSG00000165637	593	540	53	0.8642606107856742	0.9697575273114841	0.957900346389555	0.011857180921929111	AD
ENSG00000165434	115	89	26	0.42281174418593254	0.7450039968025579	0.7015720756727951	0.043431921129762796	AD
ENSG00000134717	659	530	129	2.106857420473836	0.981215027977618	0.9556354916067147	0.025579536370903266	AD
ENSG00000120805	689	607	82	1.338409393429841	0.9866773248068212	0.9738875566213696	0.012789768185451633	AD
ENSG00000165280	605	178	427	6.979144911093207	0.9728217426059153	0.8016253663735678	0.1711963762323474	AD
ENSG00000132341	667	767	-100	-1.6372829666128619	0.9833466560085266	0.9950706101785238	-0.011723954169997275	Control
ENSG00000164031	314	181	133	2.1722572525626864	0.8719690913935518	0.8049560351718625	0.0670130562216893	AD
ENSG00000198961	570	459	111	1.812558176074008	0.9624300559552358	0.9353850253130829	0.027045030642152912	AD
ENSG00000197885	572	644	-72	-1.1794841419909077	0.9630961897148947	0.9804156674660272	-0.017319477751132406	Control
ENSG00000196937	493	304	189	3.0878549018065953	0.9431121769251266	0.8755662136957101	0.06754596322941653	AD
ENSG00000100764	598	554	44	0.7171109885857603	0.9716227018385292	0.9621636024513722	0.009459099387156944	AD
ENSG00000087470	630	571	59	0.9623603589189501	0.9776179056754596	0.9668265387689848	0.010791366906474753	AD
ENSG00000139182	387	385	2	0.03041275165282881	0.9011457500666133	0.9082067679189981	-0.007061017852384777	AD
ENSG00000078668	595	444	151	2.4665564969625144	0.9704236610711431	0.9311217692512657	0.03930189181987742	AD
ENSG00000089737	770	738	32	0.5209114923192084	0.9972022382094324	0.9928057553956835	0.0043964828137489365	AD
ENSG00000122873	730	783	-53	-0.8688349395688671	0.9930722088995471	0.996802557953637	-0.0037303490540899764	Control
ENSG00000171617	178	157	21	0.3410619540748692	0.8016253663735678	0.78390620836664	0.017719158006927804	AD
ENSG00000019582	3	10	-7	-0.11673687054708508	0.17306155075939247	0.32187583266719955	-0.14881428190780707	Control
ENSG00000111669	554	684	-130	-2.1277817072792415	0.9583000266453504	0.9870770050626165	-0.02877697841726612	Control
ENSG00000120053	352	292	60	0.9787103169411627	0.8872901678657075	0.8706368238742339	0.016653343991473557	AD
ENSG00000186462	401	336	65	1.060460107052226	0.9072741806554756	0.8895550226485478	0.017719158006927804	AD
ENSG00000177432	280	201	79	1.289359519363203	0.8582467359445777	0.8180122568611777	0.04023447908339994	AD
ENSG00000109180	698	629	69	1.1258599391410764	0.989341859845457	0.9777511324273914	0.01159072741806555	AD
ENSG00000176788	259	216	43	0.7007610305635477	0.8458566480149214	0.8285371702637889	0.017319477751132517	AD
ENSG00000101654	623	680	-57	-0.9342347716577177	0.9765520916600053	0.9857447375432987	-0.009192645883293382	Control
ENSG00000128245	446	451	-5	-0.08403695450265977	0.9276578737010391	0.9329869437783107	-0.005329070077271569	Control
ENSG00000070718	725	799	-74	-1.212184058035333	0.9920063948840927	0.998134825472955	-0.006128430588862255	Control
ENSG00000115685	498	776	-278	-4.547575494566714	0.9449773514521715	0.9964028776978417	-0.051425526245670206	Control
ENSG00000073969	419	452	-33	-0.5418357791246141	0.9146016520117239	0.933386624034106	-0.01878497202238205	Control
ENSG00000170027	381	281	100	1.6327086378296687	0.8987476685318412	0.8650413002930989	0.03370636823874229	AD
ENSG00000152234	617	570	47	0.7661608626523982	0.9760191846522782	0.9661604050093259	0.009858779642952342	AD
ENSG00000184613	238	186	52	0.8479106527634616	0.8321342925659473	0.808419930722089	0.023714361843858334	AD
ENSG00000174607	32	25	7	0.11216254176389208	0.5639488409272582	0.48627764455102584	0.07767119637623232	AD
ENSG00000131507	615	704	-89	-1.4574334283685229	0.9752198241406874	0.9904076738609112	-0.0151878497202238	Control
ENSG00000128609	576	587	-11	-0.18213670263593568	0.9645616839861444	0.9712230215827338	-0.006661337596589378	Control
ENSG00000164924	591	638	-47	-0.7707351914355912	0.969224620303757	0.9789501731947775	-0.009725552891020506	Control
ENSG00000111667	656	839	-183	-2.994329482456512	0.9808153477218226	0.9994670929922729	-0.018651745270450326	Control
ENSG00000158301	569	529	40	0.6517111564969097	0.9621636024513722	0.9551025845989874	0.007061017852384777	AD
ENSG00000074590	486	347	139	2.2703570006959626	0.9417799094058087	0.89568345323741	0.046096456168398636	AD
ENSG00000175582	725	699	26	0.42281174418593254	0.9920063948840927	0.9901412203570477	0.0018651745270450437	AD
ENSG00000111726	598	610	-12	-0.19848666065814832	0.9716227018385292	0.9742872368771649	-0.002664535038635729	Control
ENSG00000092096	664	682	-18	-0.2965864087914242	0.9825472954969358	0.986144417799094	-0.003597122302158251	Control
ENSG00000142875	552	617	-65	-1.0650344358354191	0.9576338928856915	0.9761524114042099	-0.01851851851851849	Control
ENSG00000116675	439	332	107	1.7471583439851575	0.9244604316546763	0.8870237143618439	0.03743671729283238	AD
ENSG00000075945	537	425	112	1.8289081340962206	0.9556354916067147	0.9240607513988809	0.031574740207833796	AD
ENSG00000139637	460	339	121	1.9760577562961346	0.9328537170263789	0.8911537436717293	0.04169997335464959	AD
ENSG00000083720	526	575	-49	-0.8034351074800166	0.9532374100719424	0.9681588062883026	-0.014921396216360239	Control
ENSG00000102226	632	521	111	1.812558176074008	0.978017585931255	0.9540367705835332	0.023980815347721784	AD
ENSG00000079785	672	628	44	0.7171109885857603	0.9844124700239808	0.977351452171596	0.007061017852384777	AD
ENSG00000104435	232	290	-58	-0.9505847296799305	0.8289368505195843	0.8693045563549161	-0.04036770583533178	Control
ENSG00000164209	513	549	-36	-0.590885653191252	0.9499067412736477	0.9600319744204636	-0.010125233146815904	Control
ENSG00000166681	612	553	59	0.9623603589189501	0.9738875566213696	0.9616306954436451	0.01225686117772451	AD
ENSG00000131263	722	566	156	2.5483062870735775	0.9914734878763656	0.9653610444977352	0.02611244337863039	AD
ENSG00000133169	206	318	-112	-1.8334824628794137	0.8185451638689049	0.8826272315480949	-0.06408206767919	Control
ENSG00000114279	233	186	47	0.7661608626523982	0.829736211031175	0.808419930722089	0.021316280309086055	AD
ENSG00000070087	509	571	-62	-1.015984561768781	0.9483080202504663	0.9668265387689848	-0.01851851851851849	Control
ENSG00000175874	320	235	85	1.387459267496479	0.8738342659205969	0.8431921129762856	0.030642152944311274	AD
ENSG00000113595	523	520	3	0.04676270967504147	0.951638689048761	0.9536370903277378	-0.001998401278976769	AD
ENSG00000074317	276	338	-62	-1.015984561768781	0.8553157474020784	0.8904876099120703	-0.035171862509991936	Control
ENSG00000102409	408	379	29	0.4718616182525705	0.9107380762057021	0.9062083666400214	0.004529709565680773	AD
ENSG00000185787	741	767	-26	-0.4273860729691255	0.9941380229150013	0.9950706101785238	-9.325872635225219e-4	Control
ENSG00000173660	526	510	16	0.25931216396380596	0.9532374100719424	0.9507061017852385	0.0025313082867038927	AD
ENSG00000150768	625	580	45	0.7334609466079729	0.9768185451638689	0.969890754063416	0.00692779110045294	AD
ENSG00000104643	537	416	121	1.9760577562961346	0.9556354916067147	0.9204636290967226	0.03517186250999205	AD
ENSG00000112186	275	227	48	0.7825108206746109	0.8545163868904876	0.8359978683719691	0.01851851851851849	AD
ENSG00000102471	459	440	19	0.30836203803044393	0.9325872635225153	0.9301891819877431	0.0023980815347721673	AD
ENSG00000131089	511	527	-16	-0.26388649274699894	0.9489741540101252	0.9547029043431922	-0.005728750333066968	Control
ENSG00000128524	671	731	-60	-0.9832846457243557	0.9840127897681854	0.9925393018918198	-0.008526512123634422	Control
ENSG00000162817	398	396	2	0.03041275165282881	0.9059419131361578	0.9116706634692247	-0.0057287503330668565	AD
ENSG00000155876	481	498	-17	-0.2802364507692116	0.9399147348787636	0.9463096189714895	-0.006394884092725817	Control
ENSG00000214517	471	418	53	0.8642606107856742	0.9364508393285371	0.9211297628563816	0.015321076472155526	AD
ENSG00000079246	539	361	178	2.908005363562256	0.9563016253663735	0.9011457500666133	0.05515587529976018	AD
ENSG00000065609	234	240	-6	-0.10038691252487242	0.8302691180389022	0.8469224620303757	-0.016653343991473446	Control
ENSG00000171314	538	638	-100	-1.6372829666128619	0.95603517186251	0.9789501731947775	-0.022915001332267537	Control
ENSG00000164091	729	698	31	0.5045615342969958	0.9928057553956835	0.9898747668531841	0.002930988542499402	AD
ENSG00000084444	562	465	97	1.5836587637630308	0.9601652011723955	0.9383160138555822	0.02184918731681329	AD
ENSG00000058091	422	302	120	1.959707798273922	0.9166000532907008	0.874367172928324	0.04223288036237682	AD
ENSG00000161057	457	377	80	1.3057094773854157	0.9317879030109246	0.9056754596322941	0.0261124433786305	AD
ENSG00000099246	222	28	194	3.1696046919176584	0.8250732747135625	0.5063948840927258	0.3186783906208367	AD
ENSG00000105223	380	419	-39	-0.6399355272578899	0.8980815347721822	0.9217958966160406	-0.023714361843858334	Control
ENSG00000104381	406	506	-100	-1.6372829666128619	0.9092725819344525	0.9495070610178524	-0.04023447908339994	Control
ENSG00000136930	549	497	52	0.8479106527634616	0.9571009858779643	0.9459099387156941	0.011191047162270262	AD
ENSG00000153130	416	344	72	1.1749098132077145	0.913269384492406	0.8940847322142286	0.01918465227817745	AD
ENSG00000159082	470	336	134	2.188607210584899	0.9360511590727418	0.8895550226485478	0.046496136424194034	AD
ENSG00000266472	575	546	29	0.4718616182525705	0.9640287769784173	0.9594990674127365	0.004529709565680773	AD
ENSG00000042753	577	583	-6	-0.10038691252487242	0.9653610444977352	0.9709565680788702	-0.00559552358113502	Control
ENSG00000124702	673	648	25	0.40646178616371986	0.9849453770317079	0.9808153477218226	0.004130029309885375	AD
ENSG00000165832	682	519	163	2.6627559932290663	0.986144417799094	0.9531041833200107	0.03304023447908333	AD
ENSG00000069345	754	889	-135	-2.2095314973903046	0.9953370636823874	1	-0.004662936317612609	Control
ENSG00000138138	446	412	34	0.5536114083636338	0.9276578737010391	0.9191313615774047	0.008526512123634422	AD
ENSG00000154174	694	845	-151	-2.471130825745707	0.988675726085798	0.9997335464961364	-0.011057820410338426	Control
ENSG00000082213	591	597	-6	-0.10038691252487242	0.969224620303757	0.9726885158539835	-0.0034638955502265256	Control
ENSG00000145864	96	110	-14	-0.23118657670257364	0.7191580069277911	0.7326139088729017	-0.013455901945110593	Control
ENSG00000013016	477	313	164	2.679105951251279	0.938449240607514	0.878763655742073	0.059685584865440955	AD
ENSG00000138069	614	680	-66	-1.0813843938576317	0.9745536903810285	0.9857447375432987	-0.011191047162270262	Control
ENSG00000134001	583	356	227	3.709153306650676	0.9674926725286438	0.8996802557953637	0.06781241673328009	AD
ENSG00000162989	246	203	43	0.7007610305635477	0.8361310951239008	0.8193445243804957	0.01678657074340517	AD
ENSG00000152061	404	297	107	1.7471583439851575	0.9080735411670664	0.8719690913935518	0.03610444977351457	AD
ENSG00000078140	361	245	116	1.8943079661850712	0.8912869704236611	0.8497202238209433	0.04156674660271786	AD
ENSG00000173692	533	414	119	1.943357840251709	0.9545696775912603	0.9197974953370637	0.03477218225419665	AD
ENSG00000164830	595	439	156	2.5483062870735775	0.9704236610711431	0.929656274980016	0.04076738609112707	AD
ENSG00000196419	708	712	-4	-0.06768699648044711	0.9905409006128431	0.9909405808686385	-3.9968025579539823e-4	Control
ENSG00000158856	249	251	-2	-0.0349870804360218	0.8381294964028777	0.8527844391153744	-0.014654942712496677	Control
ENSG00000198612	584	685	-101	-1.6536329246350747	0.9678923527844391	0.9874766853184119	-0.019584332533972848	Control
ENSG00000084764	424	697	-273	-4.465825704455651	0.9176658673061551	0.9896083133493205	-0.07194244604316546	Control
ENSG00000132932	123	159	-36	-0.590885653191252	0.7541966426858513	0.7857713828936851	-0.031574740207833796	Control
ENSG00000108528	553	387	166	2.711805867295704	0.957900346389555	0.9094058086863842	0.048494537703170804	AD
ENSG00000163399	580	256	324	5.295099234805304	0.966693312017053	0.8558486544098055	0.11084465760724749	AD
ENSG00000166197	614	589	25	0.40646178616371986	0.9745536903810285	0.9714894750865974	0.0030642152944310164	AD
ENSG00000220205	447	503	-56	-0.9178848136355051	0.9283240074606981	0.9480415667466027	-0.019717559285904573	Control
ENSG00000139505	609	377	232	3.790903096761739	0.973621103117506	0.9056754596322941	0.06794564348521193	AD
ENSG00000135002	297	253	44	0.7171109885857603	0.8663735678124167	0.8546496136424194	0.011723954169997275	AD
ENSG00000086061	13	10	3	0.04676270967504147	0.397015720756728	0.32187583266719955	0.07513988808952843	AD
ENSG00000134440	665	557	108	1.76350830200737	0.9829469757527312	0.9632294164668266	0.019717559285904573	AD
ENSG00000126247	481	464	17	0.27566212198601864	0.9399147348787636	0.9372501998401279	0.002664535038635729	AD
ENSG00000136003	682	519	163	2.6627559932290663	0.986144417799094	0.9531041833200107	0.03304023447908333	AD
ENSG00000186106	726	725	1	0.01406279363061616	0.9925393018918198	0.9917399413802291	7.993605115906854e-4	AD
ENSG00000172336	436	407	29	0.4718616182525705	0.922728483879563	0.91580069277911	0.00692779110045294	AD
ENSG00000198954	576	503	73	1.191259771229927	0.9645616839861444	0.9480415667466027	0.01652011723954172	AD
ENSG00000182220	691	722	-31	-0.5091358630801888	0.9876099120703438	0.9914734878763656	-0.003863575806021813	Control
ENSG00000096092	471	339	132	2.155907294540474	0.9364508393285371	0.8911537436717293	0.04529709565680784	AD
ENSG00000136960	35	25	10	0.16121241583053006	0.5768718358646416	0.48627764455102584	0.09059419131361579	AD
ENSG00000132305	457	354	103	1.6817585118963068	0.9317879030109246	0.8983479882760458	0.03343991473487884	AD
ENSG00000167815	484	468	16	0.25931216396380596	0.940980548894218	0.9395150546229682	0.0014654942712497565	AD
ENSG00000165704	608	578	30	0.4882115762747831	0.9733546496136424	0.9694910738076206	0.003863575806021813	AD
ENSG00000099341	568	558	10	0.16121241583053006	0.9617639221955768	0.9636290967226219	-0.0018651745270450437	AD
ENSG00000125166	595	494	101	1.6490585958518815	0.9704236610711431	0.9451105782041034	0.025313082867039705	AD
ENSG00000119801	500	205	295	4.820950452161137	0.9453770317079669	0.820943245403677	0.12443378630428992	AD
ENSG00000047249	519	383	136	2.2213071266293247	0.9512390087929656	0.907007727151612	0.04423128164135359	AD
ENSG00000139970	336	92	244	3.987102593028291	0.8794297895017319	0.7065014654942713	0.1729283240074606	AD
ENSG00000156976	528	556	-28	-0.4600859890135508	0.9539035438316014	0.9628297362110312	-0.00892619237942982	Control
ENSG00000171132	301	354	-53	-0.8688349395688671	0.8675726085798028	0.8983479882760458	-0.030775379696243	Control
ENSG00000106537	251	234	17	0.27566212198601864	0.8403943511857181	0.8422595257127631	-0.0018651745270449327	AD
ENSG00000106723	782	752	30	0.4882115762747831	0.998134825472955	0.9930722088995471	0.0050626165734078965	AD
ENSG00000100138	694	771	-77	-1.261233932101971	0.988675726085798	0.9957367439381828	-0.007061017852384777	Control
ENSG00000138663	564	619	-55	-0.9015348556132925	0.9612310151878497	0.9765520916600053	-0.015321076472155637	Control
ENSG00000072201	277	206	71	1.1585598551855019	0.8562483346656009	0.8218758326671995	0.03437250199840136	AD
ENSG00000131966	541	353	188	3.0715049437843827	0.9565680788702371	0.8978150812683187	0.05875299760191843	AD
ENSG00000105270	400	333	67	1.0931600230966512	0.9068745003996802	0.8878230748734346	0.019051425526245613	AD
ENSG00000168439	11	7	4	0.06311266769725413	0.36757260857980284	0.2675193178790301	0.10005329070077273	AD
ENSG00000176903	494	479	15	0.24296220594159332	0.9436450839328537	0.9421795896616041	0.0014654942712496455	AD
ENSG00000131779	572	728	-156	-2.5528806158567705	0.9630961897148947	0.9920063948840927	-0.028910205169197956	Control
ENSG00000115839	584	576	8	0.12851249978610474	0.9678923527844391	0.968558486544098	-6.6613375965896e-4	AD
ENSG00000054793	461	708	-247	-4.040726795878122	0.933386624034106	0.9906741273647749	-0.0572875033306689	Control
ENSG00000167986	445	212	233	3.807253054783952	0.9272581934452439	0.8258726352251532	0.10138555822009065	AD
ENSG00000154518	240	215	25	0.40646178616371986	0.8330668798294698	0.8276045830002664	0.005462296829203406	AD
ENSG00000071553	664	658	6	0.09581258374167942	0.9825472954969358	0.9822808419930722	2.664535038635618e-4	AD
ENSG00000062485	513	311	202	3.3004043560953598	0.9499067412736477	0.8783639754862776	0.07154276578737007	AD
ENSG00000014641	196	189	7	0.11216254176389208	0.8125499600319744	0.8114841460165201	0.0010658140154543583	AD
ENSG00000114784	572	409	163	2.6627559932290663	0.9630961897148947	0.9169997335464961	0.046096456168398636	AD
ENSG00000089220	590	464	126	2.0578075464071977	0.9688249400479616	0.9372501998401279	0.031574740207833685	AD
ENSG00000140740	418	254	164	2.679105951251279	0.9138022915001333	0.8554489741540101	0.058353317346123146	AD
ENSG00000087191	512	458	54	0.8806105688078868	0.9493738342659206	0.9348521183053558	0.01452171596056484	AD
ENSG00000168090	582	551	31	0.5045615342969958	0.9672262190247801	0.9606981081801226	0.006528110844657542	AD
ENSG00000197217	88	91	-3	-0.05133703845823445	0.709832134292566	0.704769517719158	0.0050626165734080075	Control
ENSG00000117152	202	111	91	1.485559015629755	0.8161470823341327	0.7338129496402878	0.08233413269384493	AD
ENSG00000095139	439	296	143	2.335756832784813	0.9244604316546763	0.8714361843858247	0.053024247268851576	AD
ENSG00000163468	26	15	11	0.1775623738527427	0.5242472688515853	0.3911537436717293	0.13309352517985606	AD
ENSG00000158864	536	533	3	0.04676270967504147	0.9552358113509193	0.9565680788702371	-0.001332267519317809	AD
ENSG00000132424	83	187	-104	-1.7026827987017126	0.7015720756727951	0.8100186517452704	-0.10844657607247532	Control
ENSG00000115762	461	443	18	0.2920120800082313	0.933386624034106	0.9307220889954703	0.002664535038635729	AD
ENSG00000138434	82	93	-11	-0.18213670263593568	0.7005062616573408	0.7078337330135891	-0.0073274713562483385	Control
ENSG00000197043	463	413	50	0.8152107367190362	0.9339195310418332	0.9195310418332001	0.014388489208633115	AD
ENSG00000126432	477	427	50	0.8152107367190362	0.938449240607514	0.9247268851585398	0.013722355448974155	AD
ENSG00000101365	672	660	12	0.19391233187495535	0.9844124700239808	0.9833466560085266	0.0010658140154542473	AD
ENSG00000277531	393	345	48	0.7825108206746109	0.9036770583533174	0.894484412470024	0.009192645883293382	AD
ENSG00000033627	363	235	128	2.090507462451623	0.8920863309352518	0.8431921129762856	0.0488942179589662	AD
ENSG00000198825	354	421	-67	-1.0977343518798444	0.8884892086330936	0.9232613908872902	-0.03477218225419665	Control
ENSG00000138107	632	760	-128	-2.095081791234816	0.978017585931255	0.9938715694111377	-0.01585398347988276	Control
ENSG00000183715	264	291	-27	-0.4437360309913381	0.84798827604583	0.869970690114575	-0.021982414068744904	Control
ENSG00000166908	419	315	104	1.6981084699185194	0.9146016520117239	0.8800959232613909	0.03450572875033309	AD
ENSG00000105696	411	598	-187	-3.0597293145453626	0.9116706634692247	0.9730881961097788	-0.06141753264055416	Control
ENSG00000144567	606	578	28	0.45551166023035783	0.9730881961097788	0.9694910738076206	0.003597122302158251	AD
ENSG00000188191	286	451	-165	-2.700030238056684	0.8626432187583267	0.9329869437783107	-0.07034372501998398	Control
ENSG00000065559	356	366	-10	-0.16578674461372303	0.8898214761524114	0.9027444710897948	-0.01292299493738347	Control
ENSG00000213619	371	433	-62	-1.015984561768781	0.8947508659738875	0.9279243272049027	-0.03317346123101517	Control
ENSG00000159199	465	507	-42	-0.6889854013245279	0.9347188915534239	0.9499067412736477	-0.0151878497202238	Control
ENSG00000113327	167	159	8	0.12851249978610474	0.7921662669864109	0.7857713828936851	0.006394884092725817	AD
ENSG00000136531	161	210	-49	-0.8034351074800166	0.7875033306687983	0.82440714095390355	-0.036903810285105254	Control
ENSG00000126777	137	135	2	0.03041275165282881	0.7651212363442579	0.7664535038635758	-0.00133226751931792	AD
ENSG00000007168	738	545	193	3.1532547338954457	0.9938715694111377	0.9592326139088729	0.03463895550226481	AD
ENSG00000158941	627	509	118	1.9270078822294965	0.9772182254196643	0.9501731947775113	0.027045030642153023	AD
ENSG00000165152	301	351	-50	-0.8197850655022292	0.8675726085798028	0.8974154010125233	-0.029842792432720477	Control
ENSG00000116752	458	548	-90	-1.4737833863907355	0.9323208100186517	0.9597655209166001	-0.02744471089794831	Control
ENSG00000197170	497	409	88	1.436509141563117	0.9444444444444444	0.9169997335464961	0.02744471089794831	AD
ENSG00000144635	505	410	95	1.5509588477186056	0.9468425259792166	0.9180655475619505	0.02877697841726612	AD
ENSG00000177383	276	217	59	0.9623603589189501	0.8553157474020784	0.8290700772715162	0.026245670130562226	AD
ENSG00000145335	198	75	123	2.00875767234056	0.8130828670397016	0.6742605915267785	0.13882227551292303	AD
ENSG00000018189	508	465	43	0.7007610305635477	0.9476418864908074	0.9383160138555822	0.009325872635225219	AD
ENSG00000189241	428	191	237	3.8726528868728027	0.9195310418332001	0.8124167332800426	0.10711430855315751	AD
ENSG00000004779	380	465	-85	-1.3920335962796722	0.8980815347721822	0.9383160138555822	-0.04023447908339994	Control
ENSG00000198836	528	529	-1	-0.01863712241380915	0.9539035438316014	0.9551025845989874	-0.0011990407673860837	Control
ENSG00000115944	604	776	-172	-2.814479944212173	0.9725552891020517	0.9964028776978417	-0.02384758859579006	Control
ENSG00000135250	636	575	61	0.9950602749633753	0.9788169464428457	0.9681588062883026	0.010658140154543028	AD
ENSG00000104852	66	80	-14	-0.23118657670257364	0.6722621902478018	0.6849187316813216	-0.012656541433519797	Control
ENSG00000126088	447	395	52	0.8479106527634616	0.9283240074606981	0.9108713029576339	0.017452704503064242	AD
ENSG00000136521	523	592	-69	-1.1304342679242698	0.951638689048761	0.9720223820943246	-0.020383693045563533	Control
ENSG00000087448	675	565	110	1.7962082180517953	0.9853450572875033	0.9650945909938715	0.020250466293631808	AD
ENSG00000128463	477	332	145	2.3684567488292383	0.938449240607514	0.8870237143618439	0.051425526245670095	AD
ENSG00000055070	86	139	-53	-0.8688349395688671	0.7065014654942713	0.7701838529176659	-0.0636823874233946	Control
ENSG00000277791	335	317	18	0.2920120800082313	0.878763655742073	0.8818278710365042	-0.0030642152944311274	AD
ENSG00000110107	454	558	-104	-1.7026827987017126	0.9307220889954703	0.9636290967226219	-0.032907007727151605	Control
ENSG00000101079	669	467	202	3.3004043560953598	0.9837463362643218	0.9392486011191047	0.044497735145217154	AD
ENSG00000225465	268	205	63	1.0277601910078007	0.8499866773248068	0.820943245403677	0.029043431921129792	AD
ENSG00000160014	289	208	81	1.3220594354076283	0.8635758060218491	0.8230748734345856	0.040500932587263505	AD
ENSG00000117395	474	573	-99	-1.6209330085906493	0.937783106847855	0.9674926725286438	-0.029709565680788752	Control
ENSG00000135624	633	653	-20	-0.3292863248358496	0.9784172661870504	0.9810818012256861	-0.002664535038635729	Control
ENSG00000104490	142	83	59	0.9623603589189501	0.7704503064215295	0.691580069277911	0.0788702371436184	AD
ENSG00000075785	372	200	172	2.80990561542898	0.89568345323741	0.8170796695976552	0.07860378363975484	AD
ENSG00000175175	171	128	43	0.7007610305635477	0.7960298427924327	0.7585931254996003	0.03743671729283238	AD
ENSG00000137076	164	180	-16	-0.26388649274699894	0.7904343192112976	0.8036237676525446	-0.013189448441247031	Control
ENSG00000107295	158	88	70	1.1422098971632892	0.784572342126299	0.6998401278976819	0.0847322142286171	AD
ENSG00000132872	154	212	-58	-0.9505847296799305	0.7800426325606181	0.8258726352251532	-0.045830002664535074	Control
ENSG00000038274	449	502	-53	-0.8688349395688671	0.9292565947242206	0.9475086597388755	-0.018252065014654928	Control
ENSG00000157077	455	525	-70	-1.1467842259464824	0.9311217692512657	0.9544364508393285	-0.023314681588062824	Control
ENSG00000151320	422	314	108	1.76350830200737	0.9166000532907008	0.8792965627498002	0.03730349054090065	AD
ENSG00000138018	332	261	71	1.1585598551855019	0.8774313882227551	0.8575806021849187	0.01985078603783641	AD
ENSG00000084070	425	223	202	3.3004043560953598	0.9181987743138822	0.8333333333333334	0.08486544098054882	AD
ENSG00000135940	149	94	55	0.8969605268300995	0.777644551025846	0.709832134292566	0.06781241673327998	AD
ENSG00000125868	693	695	-2	-0.0349870804360218	0.9882760458300026	0.9888089528377298	-5.329070077272346e-4	Control
ENSG00000109436	513	417	96	1.5673088057408182	0.9499067412736477	0.920863309352518	0.02904343192112968	AD
ENSG00000141030	597	551	46	0.7498109046301856	0.9712230215827338	0.9606981081801226	0.010524913402611191	AD
ENSG00000172500	382	431	-49	-0.8034351074800166	0.8995470290434319	0.9265920596855849	-0.027045030642153023	Control
ENSG00000082458	754	659	95	1.5509588477186056	0.9953370636823874	0.9828137490007993	0.012523314681588071	AD
ENSG00000255302	349	356	-7	-0.11673687054708508	0.8855582200905942	0.8996802557953637	-0.014122035704769553	Control
ENSG00000127463	562	513	49	0.7988607786968236	0.9601652011723955	0.9519051425526246	0.00826005861977086	AD
ENSG00000144290	140	51	89	1.4528590995853297	0.7679189981348254	0.6067146282973621	0.16120436983746333	AD
ENSG00000089693	424	688	-264	-4.318676082255737	0.9176658673061551	0.9878763655742073	-0.07021049826805226	Control
ENSG00000113387	299	244	55	0.8969605268300995	0.8669064748201439	0.8489208633093526	0.017985611510791366	AD
ENSG00000158985	473	492	-19	-0.3129363668136369	0.9372501998401279	0.944710897948308	-0.007460698108180064	Control
ENSG00000196972	25	21	4	0.06311266769725413	0.5154543032240874	0.4559019451105782	0.059552358113509174	AD
ENSG00000115252	102	33	69	1.1258599391410764	0.7290167865707434	0.5363709032773781	0.1926458832933653	AD
ENSG00000097021	312	437	-125	-2.0460319171681784	0.869970690114575	0.9288569144684252	-0.05888622435385027	Control
ENSG00000091972	203	333	-130	-2.1277817072792415	0.8169464428457234	0.8878230748734346	-0.07087663202771122	Control
ENSG00000171224	369	304	65	1.060460107052226	0.8935518252065014	0.8755662136957101	0.017985611510791366	AD
ENSG00000185518	253	290	-37	-0.6072356112134647	0.8423927524646949	0.8693045563549161	-0.026911803890221186	Control
ENSG00000140262	154	206	-52	-0.8524849815466545	0.7800426325606181	0.8218758326671995	-0.041833200106581425	Control
ENSG00000085365	286	233	53	0.8642606107856742	0.8626432187583267	0.8415933919531042	0.021049826805222493	AD
ENSG00000147224	443	510	-67	-1.0977343518798444	0.9265920596855849	0.9507061017852385	-0.02411404209965362	Control
ENSG00000173786	29	17	12	0.19391233187495535	0.5442312816413536	0.4132693844924061	0.13096189714894751	AD
ENSG00000146267	254	252	2	0.03041275165282881	0.843591793232081	0.8535837996269651	-0.009992006394884068	AD
ENSG00000068308	509	289	220	3.5947036004951873	0.9483080202504663	0.8686384225952571	0.0796695976552092	AD
ENSG00000085415	528	572	-44	-0.7216853173689532	0.9539035438316014	0.9672262190247801	-0.013322675193178757	Control
ENSG00000019505	354	317	37	0.6026612824302717	0.8884892086330936	0.8818278710365042	0.006661337596589378	AD
ENSG00000164332	408	326	82	1.338409393429841	0.9107380762057021	0.8842259525712763	0.026512123634425788	AD
ENSG00000152503	169	70	99	1.616358679807456	0.794031441513456	0.665201172395417	0.12883026911803896	AD
ENSG00000113558	525	477	48	0.7825108206746109	0.9527045030642153	0.9416466826538769	0.011057820410338426	AD
ENSG00000180488	464	332	132	2.155907294540474	0.9343192112976285	0.8870237143618439	0.04729549693578461	AD
ENSG00000091513	25	23	2	0.03041275165282881	0.5154543032240874	0.47282174260591525	0.04263256061817211	AD
ENSG00000068615	282	314	-32	-0.5254858211024014	0.8599786837196909	0.8792965627498002	-0.019317879030109286	Control
ENSG00000159352	484	530	-46	-0.7543852334133786	0.940980548894218	0.9556354916067147	-0.014654942712496677	Control
ENSG00000127445	525	412	113	1.8452580921184334	0.9527045030642153	0.9191313615774047	0.033573141486810565	AD
ENSG00000047315	524	505	19	0.30836203803044393	0.9521715960564882	0.949107380762057	0.0030642152944311274	AD
ENSG00000181754	516	440	76	1.2403096452965652	0.9507061017852385	0.9301891819877431	0.02051691979749537	AD
ENSG00000143436	371	307	64	1.0441101490300133	0.8947508659738875	0.8772981614708233	0.017452704503064242	AD
ENSG00000116120	282	172	110	1.7962082180517953	0.8599786837196909	0.7982946975752732	0.061683986144417724	AD
ENSG00000055163	501	427	74	1.2076097292521397	0.9459099387156941	0.9247268851585398	0.02118305355715422	AD
ENSG00000132507	361	219	142	2.3194068747626004	0.8912869704236611	0.8302691180389022	0.061017852384758875	AD
ENSG00000144021	343	157	186	3.0388050277399574	0.8828936850519584	0.78390620836664	0.09898747668531838	AD
ENSG00000143727	615	591	24	0.3901118281415072	0.9752198241406874	0.971755928590461	0.0034638955502264146	AD
ENSG00000164405	101	108	-7	-0.11673687054708508	0.7278177458033573	0.7302158273381295	-0.0023980815347721673	Control
ENSG00000124785	324	250	74	1.2076097292521397	0.875033306687983	0.8521183053557154	0.022915001332267537	AD
ENSG00000084234	473	342	131	2.139557336518261	0.9372501998401279	0.8930189181987743	0.04423128164135359	AD
ENSG00000143155	485	482	3	0.04676270967504147	0.9413802291500133	0.9427124966693312	-0.00133226751931792	AD
ENSG00000174514	167	51	116	1.8943079661850712	0.7921662669864109	0.6067146282973621	0.1854516386890488	AD
ENSG00000040933	330	434	-104	-1.7026827987017126	0.8770317079669597	0.9284572342126299	-0.051425526245670206	Control
ENSG00000155744	63	45	18	0.2920120800082313	0.6665334399147349	0.5885957900346389	0.077937649880096	AD
ENSG00000167755	19	16	3	0.04676270967504147	0.46989075406341596	0.4023447908339995	0.06754596322941647	AD
ENSG00000136854	387	315	72	1.1749098132077145	0.9011457500666133	0.8800959232613909	0.021049826805222493	AD
ENSG00000198689	586	480	106	1.7308083859629446	0.9682920330402345	0.9424460431654677	0.025845989874766828	AD
ENSG00000084093	128	135	-7	-0.11673687054708508	0.7585931254996003	0.7664535038635758	-0.007860378363975462	Control
ENSG00000139973	210	204	6	0.09581258374167942	0.8208100186517453	0.8201438848920863	6.6613375965896e-4	AD
ENSG00000107874	313	404	-91	-1.490133344412948	0.8710365041300293	0.913935518252065	-0.04289901412203567	Control
ENSG00000108309	268	199	69	1.1258599391410764	0.8499866773248068	0.8161470823341327	0.03383959499067413	AD
ENSG00000178502	646	444	202	3.3004043560953598	0.9796163069544365	0.9311217692512657	0.048494537703170804	AD
ENSG00000151500	436	209	227	3.709153306650676	0.922728483879563	0.8237410071942446	0.09898747668531838	AD
ENSG00000143013	272	286	-14	-0.23118657670257364	0.8529176658673061	0.8678390620836663	-0.014921396216360239	Control
ENSG00000073464	326	485	-159	-2.6019304899234084	0.8754329869437784	0.9436450839328537	-0.06821209698907538	Control
ENSG00000134590	701	630	71	1.1585598551855019	0.9898747668531841	0.9782840394351185	0.01159072741806555	AD
ENSG00000103591	659	570	89	1.4528590995853297	0.981215027977618	0.9661604050093259	0.015054622968292075	AD
ENSG00000054356	230	187	43	0.7007610305635477	0.8282707167599254	0.8100186517452704	0.018252065014654928	AD
ENSG00000203930	7	4	3	0.04676270967504147	0.29349853450572877	0.19571009858779642	0.09778843591793235	AD
ENSG00000084623	333	90	243	3.9707526350060784	0.8778310684785505	0.7029043431921129	0.1749267252864376	AD
ENSG00000091483	220	96	124	2.0251076303627724	0.8245403677058354	0.7143618438582467	0.11017852384758864	AD
ENSG00000125037	353	259	94	1.5346088896963928	0.8879563016253664	0.8566480149213962	0.031308286703970234	AD
ENSG00000187189	511	581	-70	-1.1467842259464824	0.9489741540101252	0.9702904343192112	-0.021316280309086055	Control
ENSG00000164885	466	504	-38	-0.6235855692356773	0.9349853450572875	0.9487077005062616	-0.013722355448974155	Control
ENSG00000134265	681	644	37	0.6026612824302717	0.9856115107913669	0.9804156674660272	0.005195843325339733	AD
ENSG00000156642	509	495	14	0.22661224791938067	0.9483080202504663	0.9455102584598988	0.0027977617905675656	AD
ENSG00000183258	505	464	41	0.6680611145191223	0.9468425259792166	0.9372501998401279	0.00959232613908867	AD
ENSG00000124733	260	281	-21	-0.3456362828580622	0.8463895550226486	0.8650413002930989	-0.018651745270450326	Control
ENSG00000147676	204	198	6	0.09581258374167942	0.8174793498534506	0.815347721822542	0.0021316280309086055	AD
ENSG00000185591	73	91	-18	-0.2965864087914242	0.6857180921929124	0.704769517719158	-0.019051425526245613	Control
ENSG00000072832	351	407	-56	-0.9178848136355051	0.886357580602185	0.91580069277911	-0.02944311217692508	Control
ENSG00000177570	189	118	71	1.1585598551855019	0.8086863842259526	0.7438049560351718	0.0648814281907808	AD
ENSG00000075340	169	202	-33	-0.5418357791246141	0.794031441513456	0.8186783906208367	-0.024646949107380745	Control
ENSG00000172757	420	350	70	1.1422098971632892	0.9152677857713829	0.897015720756728	0.018252065014654928	AD
ENSG00000146223	578	411	167	2.728155825317917	0.966027178257394	0.9185984545696776	0.047428723687716445	AD
ENSG00000103035	577	613	-36	-0.590885653191252	0.9653610444977352	0.9750865973887557	-0.009725552891020506	Control
ENSG00000077549	341	211	130	2.1232073784960486	0.8816946442845723	0.8250732747135625	0.05662136957100983	AD
ENSG00000134744	60	215	-155	-2.536530657834558	0.6578737010391686	0.8276045830002664	-0.16973088196109776	Control
ENSG00000100519	363	342	21	0.3410619540748692	0.8920863309352518	0.8930189181987743	-9.325872635225219e-4	AD
ENSG00000198121	11	7	4	0.06311266769725413	0.36757260857980284	0.2675193178790301	0.10005329070077273	AD
ENSG00000159658	133	131	2	0.03041275165282881	0.7612576605382361	0.7624567013056222	-0.0011990407673860837	AD
ENSG00000164190	140	187	-47	-0.7707351914355912	0.7679189981348254	0.8100186517452704	-0.04209965361044499	Control
ENSG00000173915	247	239	8	0.12851249978610474	0.8370636823874233	0.8458566480149214	-0.008792965627498095	AD
ENSG00000205629	615	696	-81	-1.3266337641908215	0.9752198241406874	0.9892086330935251	-0.013988808952837717	Control
ENSG00000111652	501	630	-129	-2.111431749257029	0.9459099387156941	0.9782840394351185	-0.03237410071942448	Control
ENSG00000138279	246	81	165	2.6954559092734915	0.8361310951239008	0.6873168132160938	0.148814281907807	AD
ENSG00000167792	407	385	22	0.3574119120970819	0.9099387156941113	0.9082067679189981	0.0017319477751132073	AD
ENSG00000178741	281	207	74	1.2076097292521397	0.8590460964561684	0.8225419664268585	0.036504130029309856	AD
ENSG00000100216	327	429	-102	-1.6699828826572873	0.8759658939515055	0.9257926991739941	-0.04982680522248861	Control
ENSG00000137547	398	174	224	3.6601034325840383	0.9059419131361578	0.7994937383426592	0.10644817479349855	AD
ENSG00000125827	436	339	97	1.5836587637630308	0.922728483879563	0.8911537436717293	0.031574740207833685	AD
ENSG00000165868	250	323	-73	-1.1958341000131203	0.839195310418332	0.883160138555822	-0.04396482813749003	Control
ENSG00000041353	56	33	23	0.37376187011929457	0.6486810551558753	0.5363709032773781	0.11231015187849713	AD
ENSG00000100934	652	623	29	0.4718616182525705	0.9802824407140954	0.9768185451638689	0.0034638955502265256	AD
ENSG00000070961	213	377	-164	-2.6836802800344715	0.8228084199307221	0.9056754596322941	-0.08286703970157205	Control
ENSG00000080822	17	19	-2	-0.0349870804360218	0.44950706101785237	0.4337863042899014	0.01572075672795098	Control
ENSG00000197959	441	211	230	3.758203180717314	0.9257926991739941	0.8250732747135625	0.10071942446043158	AD
ENSG00000239911	152	160	-8	-0.1330868285692977	0.7787103650413003	0.7873701039168665	-0.008659738875566148	Control
ENSG00000196072	467	597	-130	-2.1277817072792415	0.9353850253130829	0.9726885158539835	-0.03730349054090065	Control
ENSG00000170606	13	12	1	0.01406279363061616	0.397015720756728	0.35251798561151076	0.04449773514521721	AD
ENSG00000100167	411	244	167	2.728155825317917	0.9116706634692247	0.8489208633093526	0.06274980015987208	AD
ENSG00000166780	376	222	154	2.5156063710291523	0.897015720756728	0.8325339728217426	0.0644817479349854	AD
ENSG00000138071	369	224	145	2.3684567488292383	0.8935518252065014	0.8342659205968559	0.05928590460964556	AD
ENSG00000172260	155	196	-41	-0.6726354433023153	0.7812416733280043	0.8144151345590195	-0.03317346123101517	Control
ENSG00000149428	376	136	240	3.9217027609394406	0.897015720756728	0.7677857713828937	0.12922994937383425	AD
ENSG00000101557	561	434	127	2.0741575044294103	0.9597655209166001	0.9284572342126299	0.03130828670397012	AD
ENSG00000182901	256	198	58	0.9460104008967375	0.8451905142552625	0.815347721822542	0.029842792432720477	AD
ENSG00000161021	76	120	-44	-0.7216853173689532	0.6917132960298428	0.7460698108180123	-0.0543565147881695	Control
ENSG00000133703	437	556	-119	-1.9479321690349025	0.9233946176392219	0.9628297362110312	-0.03943511857180926	Control
ENSG00000106367	392	463	-71	-1.163134183968695	0.9028776978417267	0.936584066080469	-0.03370636823874229	Control
ENSG00000163001	461	543	-82	-1.3429837222130343	0.933386624034106	0.9581667998934186	-0.02478017585931258	Control
ENSG00000145293	433	458	-25	-0.41103611494691283	0.9213962163602452	0.9348521183053558	-0.013455901945110593	Control
ENSG00000164951	320	176	144	2.3521067908070257	0.8738342659205969	0.8005595523581135	0.07327471356248338	AD
ENSG00000168159	555	539	16	0.25931216396380596	0.9589661604050094	0.9576338928856915	0.00133226751931792	AD
ENSG00000166167	390	296	94	1.5346088896963928	0.9023447908339994	0.8714361843858247	0.030908606448174725	AD
ENSG00000204655	33	37	-4	-0.06768699648044711	0.5692779110045297	0.5568878230748734	0.012390087929656346	Control
ENSG00000117410	437	483	-46	-0.7543852334133786	0.9233946176392219	0.9431121769251266	-0.019717559285904684	Control
ENSG00000123178	422	239	183	2.989755153673319	0.9166000532907008	0.8458566480149214	0.07074340527577938	AD
ENSG00000146414	99	196	-97	-1.588233092546224	0.7228883559818812	0.8144151345590195	-0.09152677857713831	Control
ENSG00000129055	491	450	41	0.6680611145191223	0.9427124966693312	0.9324540367705836	0.01025845989874763	AD
ENSG00000196230	14	11	3	0.04676270967504147	0.4108713029576339	0.33679722888355984	0.07407407407407407	AD
ENSG00000067829	576	656	-80	-1.3102838061686088	0.9645616839861444	0.9816147082334132	-0.017053024247268844	Control
ENSG00000120727	419	552	-133	-2.1768315813458794	0.9146016520117239	0.9612310151878497	-0.04662936317612576	Control
ENSG00000137040	386	355	31	0.5045615342969958	0.9006128430588862	0.898880895283773	0.0017319477751132073	AD
ENSG00000197860	352	248	104	1.6981084699185194	0.8872901678657075	0.8511857180921929	0.03610444977351457	AD
ENSG00000072609	148	155	-7	-0.11673687054708508	0.7768451905142553	0.7817745803357314	-0.004929389821476171	Control
ENSG00000116005	282	387	-105	-1.7190327567239252	0.8599786837196909	0.9094058086863842	-0.049427124966693325	Control
ENSG00000115073	275	274	1	0.01406279363061616	0.8545163868904876	0.861177724487077	-0.006661337596589378	AD
ENSG00000204590	394	568	-174	-2.847179860256598	0.904476418864908	0.9656274980015987	-0.06115107913669071	Control
ENSG00000111912	348	157	191	3.1205548178510205	0.885025313082867	0.78390620836664	0.10111910471622698	AD
ENSG00000132718	383	358	25	0.40646178616371986	0.9002131628030908	0.9003463895550227	-1.3322675193183642e-4	AD
ENSG00000174469	62	96	-34	-0.5581857371468267	0.6637356781241673	0.7143618438582467	-0.05062616573407941	Control
ENSG00000112514	342	427	-85	-1.3920335962796722	0.8820943245403677	0.9247268851585398	-0.04263256061817211	Control
ENSG00000196876	49	63	-14	-0.23118657670257364	0.6305622168931522	0.645750066613376	-0.0151878497202238	Control
ENSG00000111110	211	298	-87	-1.4247335123240974	0.8214761524114043	0.8723687716493472	-0.05089261923794297	Control
ENSG00000187601	431	392	39	0.635361198474697	0.9205968558486544	0.9104716227018386	0.010125233146815793	AD
ENSG00000047597	347	303	44	0.7171109885857603	0.8843591793232081	0.8749000799360511	0.009459099387156944	AD
ENSG00000253719	535	536	-1	-0.01863712241380915	0.9549693578470557	0.9571009858779643	-0.0021316280309086055	Control
ENSG00000143158	550	515	35	0.5699613663858464	0.9573674393818279	0.9524380495603517	0.004929389821476171	AD
ENSG00000134375	487	433	54	0.8806105688078868	0.9421795896616041	0.9279243272049027	0.01425526245670139	AD
ENSG00000126067	322	228	94	1.5346088896963928	0.8747668531841194	0.8370636823874233	0.03770317079669605	AD
ENSG00000174684	357	335	22	0.3574119120970819	0.8903543831601386	0.8887556621369571	0.001598721023181482	AD
ENSG00000164124	19	21	-2	-0.0349870804360218	0.46989075406341596	0.4559019451105782	0.013988808952837772	Control
ENSG00000004534	60	73	-13	-0.214836618680361	0.6578737010391686	0.669597655209166	-0.011723954169997386	Control
ENSG00000133059	200	61	139	2.2703570006959626	0.8148148148148148	0.6394884092725819	0.1753264055422329	AD
ENSG00000172292	266	385	-119	-1.9479321690349025	0.8490540900612843	0.9082067679189981	-0.05915267785771383	Control
ENSG00000106105	472	411	61	0.9950602749633753	0.9368505195843325	0.9185984545696776	0.018252065014654928	AD
ENSG00000116030	422	521	-99	-1.6209330085906493	0.9166000532907008	0.9540367705835332	-0.03743671729283238	Control
ENSG00000239306	13	12	1	0.01406279363061616	0.397015720756728	0.35251798561151076	0.04449773514521721	AD
ENSG00000115216	488	544	-56	-0.9178848136355051	0.9424460431654677	0.9586997069011457	-0.016253663735678048	Control
ENSG00000047056	254	86	168	2.7445057833401294	0.843591793232081	0.69597655209166	0.14761524114042102	AD
ENSG00000130540	329	389	-60	-0.9832846457243557	0.8766320277111644	0.9099387156941113	-0.03330668798294689	Control
ENSG00000160714	407	674	-267	-4.367725956322375	0.9099387156941113	0.9849453770317079	-0.07500666133759659	Control
ENSG00000116106	260	304	-44	-0.7216853173689532	0.8463895550226486	0.8755662136957101	-0.029176658673061517	Control
ENSG00000124782	140	108	32	0.5209114923192084	0.7679189981348254	0.7302158273381295	0.03770317079669594	AD
ENSG00000177301	31	28	3	0.04676270967504147	0.5567545963229417	0.5063948840927258	0.05035971223021585	AD
ENSG00000108953	414	370	44	0.7171109885857603	0.9126032507327472	0.9039435118571809	0.008659738875566259	AD
ENSG00000137100	396	419	-23	-0.37833619890248754	0.9052757793764988	0.9217958966160406	-0.01652011723954172	Control
ENSG00000157470	245	70	175	2.858955489495618	0.8351985078603784	0.665201172395417	0.16999733546496143	AD
ENSG00000162377	422	342	80	1.3057094773854157	0.9166000532907008	0.8930189181987743	0.023581135091926497	AD
ENSG00000067225	478	447	31	0.5045615342969958	0.9389821476152411	0.9317879030109246	0.007194244604316502	AD
ENSG00000162729	392	228	164	2.679105951251279	0.9028776978417267	0.8370636823874233	0.06581401545430332	AD
ENSG00000112640	497	683	-186	-3.04337935652315	0.9444444444444444	0.9865440980548894	-0.04209965361044499	Control
ENSG00000165629	223	197	26	0.42281174418593254	0.8258726352251532	0.8148148148148148	0.011057820410338426	AD
ENSG00000166922	108	121	-13	-0.214836618680361	0.7363442579269918	0.7475353050892619	-0.011191047162270151	Control
ENSG00000099365	273	231	42	0.6844110725413349	0.8535837996269651	0.8398614441779909	0.013722355448974155	AD
ENSG00000181555	23	44	-21	-0.3456362828580622	0.5001332267519318	0.5848654409805489	-0.0847322142286171	Control
ENSG00000108797	355	385	-30	-0.4927859050579761	0.8891553423927525	0.9082067679189981	-0.019051425526245613	Control
ENSG00000215712	372	406	-34	-0.5581857371468267	0.89568345323741	0.9150013322675193	-0.019317879030109286	Control
ENSG00000114857	86	119	-33	-0.5418357791246141	0.7065014654942713	0.7447375432986943	-0.03823607780442306	Control
ENSG00000116138	430	192	238	3.8890028448950154	0.9199307220889955	0.8129496402877698	0.10698108180122567	AD
ENSG00000168092	390	384	6	0.09581258374167942	0.9023447908339994	0.9072741806554756	-0.004929389821476171	AD
ENSG00000156735	419	355	64	1.0441101490300133	0.9146016520117239	0.898880895283773	0.015720756727950924	AD
ENSG00000104888	147	78	69	1.1258599391410764	0.7756461497468692	0.6813216093791633	0.09432454036770588	AD
ENSG00000133019	94	93	1	0.01406279363061616	0.7164934718891554	0.7078337330135891	0.008659738875566259	AD
ENSG00000118733	116	126	-10	-0.16578674461372303	0.7463362643218758	0.7549960031974421	-0.008659738875566259	Control
ENSG00000003756	111	117	-6	-0.10038691252487242	0.7398081534772182	0.7422062350119905	-0.0023980815347722784	Control
ENSG00000135540	44	76	-32	-0.5254858211024014	0.614308553157474	0.6762589928057554	-0.0619504396482814	Control
ENSG00000008869	299	400	-101	-1.6536329246350747	0.8669064748201439	0.9127364774846789	-0.04583000266453496	Control
ENSG00000166181	464	498	-34	-0.5581857371468267	0.9343192112976285	0.9463096189714895	-0.011990407673860948	Control
ENSG00000166411	355	419	-64	-1.0486844778132065	0.8891553423927525	0.9217958966160406	-0.03264055422328804	Control
ENSG00000156411	424	504	-80	-1.3102838061686088	0.9176658673061551	0.9487077005062616	-0.03104183320010656	Control
ENSG00000116288	179	200	-21	-0.3456362828580622	0.8026911803890221	0.8170796695976552	-0.014388489208633115	Control
ENSG00000286214	141	91	50	0.8152107367190362	0.7689848121502798	0.704769517719158	0.06421529443112184	AD
ENSG00000137996	442	391	51	0.8315606947412488	0.9261923794297895	0.910205169197975	0.015987210231814486	AD
ENSG00000112695	144	110	34	0.5536114083636338	0.7731148414601652	0.7326139088729017	0.040500932587263505	AD
ENSG00000133627	236	311	-75	-1.2285340160575455	0.8312017053024248	0.8783639754862776	-0.047162270183852883	Control
ENSG00000265354	481	281	200	3.2677044400509345	0.9399147348787636	0.8650413002930989	0.07487343458566476	AD
ENSG00000157152	48	25	23	0.37376187011929457	0.6268318678390621	0.48627764455102584	0.14055422328803624	AD
ENSG00000162706	126	46	80	1.3057094773854157	0.756861177724487	0.592326139088729	0.16453503863575802	AD
ENSG00000198794	181	217	-36	-0.590885653191252	0.8037569944044765	0.8290700772715162	-0.025313082867039705	Control
ENSG00000119414	111	15	96	1.5673088057408182	0.7398081534772182	0.3911537436717293	0.3486544098054889	AD
ENSG00000116459	271	88	183	2.989755153673319	0.8518518518518519	0.6998401278976819	0.15201172395416995	AD
ENSG00000099901	486	329	157	2.56465624509579	0.9417799094058087	0.8859579003463895	0.05582200905941914	AD
ENSG00000155324	48	98	-50	-0.8197850655022292	0.6268318678390621	0.7174260591526779	-0.09059419131361579	Control
ENSG00000086504	431	265	166	2.711805867295704	0.9205968558486544	0.8586464162003731	0.061950439648281286	AD
ENSG00000110514	138	142	-4	-0.06768699648044711	0.7659205968558487	0.7727151612043698	-0.006794564348521104	Control
ENSG00000170775	18	23	-5	-0.08403695450265977	0.45976552091660006	0.47282174260591525	-0.013056221689315195	Control
ENSG00000128656	186	21	165	2.6954559092734915	0.806554756195044	0.4559019451105782	0.35065281108446583	AD
ENSG00000165572	451	344	107	1.7471583439851575	0.9299227284838796	0.8940847322142286	0.03583799626965101	AD
ENSG00000251474	74	164	-90	-1.4737833863907355	0.687849720223821	0.7922994937383426	-0.10444977351452167	Control
ENSG00000142230	621	803	-182	-2.9779795244342995	0.9762856381561418	0.9986677324806821	-0.022382094324540303	Control
ENSG00000107223	403	231	172	2.80990561542898	0.907673860911271	0.8398614441779909	0.06781241673328009	AD
ENSG00000102978	389	366	23	0.37376187011929457	0.9019451105782041	0.9027444710897948	-7.993605115906854e-4	AD
ENSG00000135164	132	220	-88	-1.4410834703463102	0.7599253930189181	0.8310684785504929	-0.07114308553157478	Control
ENSG00000148606	413	248	165	2.6954559092734915	0.9123367972288836	0.8511857180921929	0.06115107913669071	AD
ENSG00000185946	77	94	-17	-0.2802364507692116	0.6938449240607514	0.709832134292566	-0.015987210231814597	Control
ENSG00000115234	376	248	128	2.090507462451623	0.897015720756728	0.8511857180921929	0.045830002664535074	AD
ENSG00000174238	573	483	90	1.4692090576075423	0.9637623234745537	0.9431121769251266	0.020650146549427095	AD
ENSG00000131174	524	445	79	1.289359519363203	0.9521715960564882	0.9315214495070611	0.020650146549427095	AD
ENSG00000146731	203	245	-42	-0.6889854013245279	0.8169464428457234	0.8497202238209433	-0.03277378097521988	Control
ENSG00000153922	38	73	-35	-0.5745356951690394	0.5907274180655475	0.669597655209166	-0.07887023714361852	Control
ENSG00000165916	252	421	-169	-2.765430070145535	0.8413269384492406	0.9232613908872902	-0.08193445243804964	Control
ENSG00000177181	30	40	-10	-0.16578674461372303	0.5494271249666933	0.5700772715161204	-0.020650146549427095	Control
ENSG00000108094	572	613	-41	-0.6726354433023153	0.9630961897148947	0.9750865973887557	-0.011990407673860948	Control
ENSG00000196935	74	85	-11	-0.18213670263593568	0.687849720223821	0.6945110578204103	-0.006661337596589378	Control
ENSG00000108946	377	335	42	0.6844110725413349	0.8976818545163869	0.8887556621369571	0.00892619237942982	AD
ENSG00000152932	96	120	-24	-0.39468615692470016	0.7191580069277911	0.7460698108180123	-0.026911803890221186	Control
ENSG00000081189	252	33	219	3.5783536424729747	0.8413269384492406	0.5363709032773781	0.3049560351718624	AD
ENSG00000109738	259	267	-8	-0.1330868285692977	0.8458566480149214	0.8591793232081002	-0.013322675193178757	Control
ENSG00000106682	382	340	42	0.6844110725413349	0.8995470290434319	0.89195310418332	0.0075939248601119	AD
ENSG00000114166	108	160	-52	-0.8524849815466545	0.7363442579269918	0.7873701039168665	-0.051025845989874696	Control
ENSG00000067900	193	210	-17	-0.2802364507692116	0.8110844657607248	0.82440714095390355	-0.013322675193178757	Control
ENSG00000144285	10	26	-16	-0.26388649274699894	0.35251798561151076	0.4933386624034106	-0.14082067679189986	Control
ENSG00000120063	85	139	-54	-0.8851848975910798	0.7043698374633627	0.7701838529176659	-0.06581401545430321	Control
ENSG00000109920	59	47	12	0.19391233187495535	0.6560085265121236	0.5957900346389555	0.06021849187316808	AD
ENSG00000138095	393	206	187	3.05515498576217	0.9036770583533174	0.8218758326671995	0.0818012256861178	AD
ENSG00000078902	457	440	17	0.27566212198601864	0.9317879030109246	0.9301891819877431	0.001598721023181482	AD
ENSG00000118680	254	151	103	1.6817585118963068	0.843591793232081	0.7791100452970957	0.06448174793498529	AD
ENSG00000110048	280	270	10	0.16121241583053006	0.8582467359445777	0.8602451372235544	-0.001998401278976769	AD
ENSG00000260804	359	323	36	0.5863113244080591	0.8907540634159339	0.883160138555822	0.0075939248601119	AD
ENSG00000102934	14	11	3	0.04676270967504147	0.4108713029576339	0.33679722888355984	0.07407407407407407	AD
ENSG00000198763	10	6	4	0.06311266769725413	0.35251798561151076	0.24660271782573942	0.10591526778577134	AD
ENSG00000065548	426	339	87	1.4201591835409042	0.9185984545696776	0.8911537436717293	0.02744471089794831	AD
ENSG00000138078	182	181	1	0.01406279363061616	0.8042899014122036	0.8049560351718625	-6.6613375965896e-4	AD
ENSG00000169641	15	7	8	0.12851249978610474	0.4237942978950173	0.2675193178790301	0.15627498001598722	AD
ENSG00000008277	94	89	5	0.07946262571946677	0.7164934718891554	0.7015720756727951	0.014921396216360239	AD
ENSG00000184384	135	167	-32	-0.5254858211024014	0.7637889688249401	0.7948308020250466	-0.03104183320010656	Control
ENSG00000136950	501	577	-76	-1.2448839740797584	0.9459099387156941	0.9689581667998934	-0.023048228084199374	Control
ENSG00000113312	388	459	-71	-1.163134183968695	0.9016786570743405	0.9353850253130829	-0.0337063682387424	Control
ENSG00000101210	427	385	42	0.6844110725413349	0.9191313615774047	0.9082067679189981	0.01092459365840659	AD
ENSG00000075790	421	277	144	2.3521067908070257	0.9156674660271783	0.8625099920063949	0.05315747402078341	AD
ENSG00000197324	103	103	0	-0.0022871643915964943	0.7303490540900612	0.7242206235011991	0.006128430588862144	Control
ENSG00000185721	544	503	41	0.6680611145191223	0.9568345323741008	0.9480415667466027	0.008792965627498095	AD
ENSG00000072062	398	581	-183	-2.994329482456512	0.9059419131361578	0.9702904343192112	-0.06434852118305345	Control
ENSG00000164919	191	228	-37	-0.6072356112134647	0.809618971489475	0.8370636823874233	-0.02744471089794831	Control
ENSG00000108344	441	350	91	1.485559015629755	0.9257926991739941	0.897015720756728	0.02877697841726612	AD
ENSG00000003402	137	152	-15	-0.2475365347247863	0.7651212363442579	0.7797761790567546	-0.014654942712496677	Control
ENSG00000116221	403	427	-24	-0.39468615692470016	0.907673860911271	0.9247268851585398	-0.017053024247268844	Control
ENSG00000181722	104	111	-7	-0.11673687054708508	0.731814548361311	0.7338129496402878	-0.001998401278976769	Control
ENSG00000169567	387	415	-28	-0.4600859890135508	0.9011457500666133	0.9200639488409272	-0.018918198774313888	Control
ENSG00000078403	105	149	-44	-0.7216853173689532	0.7331468158806288	0.7775113242739142	-0.04436450839328543	Control
ENSG00000110675	193	289	-96	-1.5718831345240114	0.8110844657607248	0.8686384225952571	-0.05755395683453235	Control
ENSG00000115825	79	102	-23	-0.37833619890248754	0.6967759126032508	0.7228883559818812	-0.02611244337863039	Control
ENSG00000136541	24	20	4	0.06311266769725413	0.5077271516120437	0.44537703170796694	0.062350119904076795	AD
ENSG00000140299	159	147	12	0.19391233187495535	0.7855049293898215	0.7763122835065281	0.009192645883293382	AD
ENSG00000164615	409	261	148	2.4175066228958766	0.9112709832134293	0.8575806021849187	0.053690381028510537	AD
ENSG00000132463	502	654	-152	-2.4874807837679196	0.9464428457234213	0.9813482547295497	-0.034905409006128374	Control
ENSG00000237190	474	316	158	2.5810062031180028	0.937783106847855	0.8808952837729817	0.05688782307487339	AD
ENSG00000156471	412	474	-62	-1.015984561768781	0.9120703437250199	0.9411137756461497	-0.029043431921129792	Control
ENSG00000127824	183	356	-173	-2.8308299022343855	0.8048228084199307	0.8996802557953637	-0.094857447375433	Control
ENSG00000077264	235	167	68	1.1095099811188638	0.8306687982946975	0.7948308020250466	0.035837996269650896	AD
ENSG00000114383	367	510	-143	-2.340331161568006	0.8928856914468425	0.9507061017852385	-0.05782041033839602	Control
ENSG00000070761	321	403	-82	-1.3429837222130343	0.874367172928324	0.9136690647482014	-0.03930189181987742	Control
ENSG00000150093	101	24	77	1.2566596033187778	0.7278177458033573	0.4794830802025047	0.24833466560085266	AD
ENSG00000134684	335	512	-177	-2.896229734323236	0.878763655742073	0.9513722355448974	-0.07260857980282431	Control
ENSG00000164609	339	499	-160	-2.618280447945621	0.8808952837729817	0.9468425259792166	-0.06594724220623494	Control
ENSG00000230590	56	73	-17	-0.2802364507692116	0.6486810551558753	0.669597655209166	-0.020916600053290768	Control
ENSG00000115484	48	62	-14	-0.23118657670257364	0.6268318678390621	0.6421529443112177	-0.015321076472155637	Control
ENSG00000134516	11	22	-11	-0.18213670263593568	0.36757260857980284	0.464828137490008	-0.09725552891020517	Control
ENSG00000150760	79	60	19	0.30836203803044393	0.6967759126032508	0.636957100985878	0.05981881161737279	AD
ENSG00000174996	271	169	102	1.6654085538740941	0.8518518518518519	0.7958966160405009	0.05595523581135098	AD
ENSG00000135932	207	184	23	0.37376187011929457	0.8192112976285638	0.8066879829469757	0.012523314681588071	AD
ENSG00000215021	254	126	128	2.090507462451623	0.843591793232081	0.7549960031974421	0.08859579003463891	AD
ENSG00000197586	119	292	-173	-2.8308299022343855	0.7500666133759659	0.8706368238742339	-0.120570210498268	Control
ENSG00000130731	448	284	164	2.679105951251279	0.9288569144684252	0.8665067945643485	0.062350119904076684	AD
ENSG00000136810	273	122	151	2.4665564969625144	0.8535837996269651	0.7492672528643751	0.10431654676258995	AD
ENSG00000104738	233	56	177	2.8916554055400434	0.829736211031175	0.6244337863042899	0.2053024247268851	AD
ENSG00000122203	169	63	106	1.7308083859629446	0.794031441513456	0.645750066613376	0.14828137490007998	AD
ENSG00000104447	68	159	-91	-1.490133344412948	0.6761257660538236	0.7857713828936851	-0.10964561683986151	Control
ENSG00000157827	67	81	-14	-0.23118657670257364	0.6746602717825739	0.6873168132160938	-0.012656541433519908	Control
ENSG00000105254	235	248	-13	-0.214836618680361	0.8306687982946975	0.8511857180921929	-0.02051691979749537	Control
ENSG00000157741	103	111	-8	-0.1330868285692977	0.7303490540900612	0.7338129496402878	-0.0034638955502265256	Control
ENSG00000214176	94	117	-23	-0.37833619890248754	0.7164934718891554	0.7422062350119905	-0.025712763122835103	Control
ENSG00000111530	533	470	63	1.0277601910078007	0.9545696775912603	0.940314415134559	0.014255262456701279	AD
ENSG00000077238	16	10	6	0.09581258374167942	0.4373834265920597	0.32187583266719955	0.11550759392486015	AD
ENSG00000069956	250	218	32	0.5209114923192084	0.839195310418332	0.8296029842792433	0.00959232613908867	AD
ENSG00000205060	253	272	-19	-0.3129363668136369	0.8423927524646949	0.8607780442312817	-0.018385291766586764	Control
ENSG00000178974	430	346	84	1.3711093094742663	0.9199307220889955	0.8950173194777511	0.024913402611244417	AD
ENSG00000006530	156	134	22	0.3574119120970819	0.782041033839595	0.7655209166000533	0.01652011723954172	AD
ENSG00000185760	65	171	-106	-1.7353827147461378	0.6697308819610978	0.7976285638156142	-0.12789768185451644	Control
ENSG00000171603	343	461	-118	-1.9315822110126897	0.8828936850519584	0.9363176125766054	-0.053423927524646975	Control
ENSG00000105695	26	22	4	0.06311266769725413	0.5242472688515853	0.464828137490008	0.05941913136157734	AD
ENSG00000081237	17	38	-21	-0.3456362828580622	0.44950706101785237	0.5612843058886224	-0.11177724487077006	Control
ENSG00000112651	306	346	-40	-0.6562854852801027	0.8689048760991207	0.8950173194777511	-0.02611244337863039	Control
ENSG00000151465	361	272	89	1.4528590995853297	0.8912869704236611	0.8607780442312817	0.030508926192379437	AD
ENSG00000166448	233	172	61	0.9950602749633753	0.829736211031175	0.7982946975752732	0.03144151345590185	AD
ENSG00000085377	152	58	94	1.5346088896963928	0.7787103650413003	0.6304289901412203	0.14828137490007998	AD
ENSG00000177119	94	58	36	0.5863113244080591	0.7164934718891554	0.6304289901412203	0.08606448174793502	AD
ENSG00000126267	393	231	162	2.6464060352068537	0.9036770583533174	0.8398614441779909	0.06381561417532644	AD
ENSG00000180044	159	53	106	1.7308083859629446	0.7855049293898215	0.6132427391420198	0.17226219024780176	AD
ENSG00000197892	33	44	-11	-0.18213670263593568	0.5692779110045297	0.5848654409805489	-0.015587529976019199	Control
ENSG00000117758	239	88	151	2.4665564969625144	0.8325339728217426	0.6998401278976819	0.13269384492406067	AD
ENSG00000175073	381	356	25	0.40646178616371986	0.8987476685318412	0.8996802557953637	-9.325872635225219e-4	AD
ENSG00000061936	85	120	-35	-0.5745356951690394	0.7043698374633627	0.7460698108180123	-0.04169997335464959	Control
ENSG00000004897	479	563	-84	-1.3756836382574595	0.9392486011191047	0.9645616839861444	-0.025313082867039705	Control
ENSG00000153814	253	305	-52	-0.8524849815466545	0.8423927524646949	0.8763655742073009	-0.03397282174260596	Control
ENSG00000168785	211	115	96	1.5673088057408182	0.8214761524114043	0.7379429789501732	0.08353317346123101	AD
ENSG00000134121	247	76	171	2.7935556574067673	0.8370636823874233	0.6762589928057554	0.16080468958166794	AD
ENSG00000119778	89	158	-69	-1.1304342679242698	0.7112976285638156	0.7847055688782307	-0.07340794031441511	Control
ENSG00000105856	66	66	0	-0.0022871643915964943	0.6722621902478018	0.6540101252331468	0.018252065014654928	Control
ENSG00000233705	27	19	8	0.12851249978610474	0.5325073274713562	0.4337863042899014	0.09872102318145481	AD
ENSG00000147669	326	432	-106	-1.7353827147461378	0.8754329869437784	0.9273914201971756	-0.05195843325339722	Control
ENSG00000182247	293	235	58	0.9460104008967375	0.8651745270450306	0.8431921129762856	0.021982414068745015	AD
ENSG00000143164	137	50	87	1.4201591835409042	0.7651212363442579	0.6040500932587264	0.1610711430855315	AD
ENSG00000164076	146	216	-70	-1.1467842259464824	0.7745803357314148	0.8285371702637889	-0.0539568345323741	Control
ENSG00000279348	316	275	41	0.6680611145191223	0.8727684519051425	0.8615774047428724	0.011191047162270151	AD
ENSG00000164172	279	577	-298	-4.874574655010967	0.8575806021849187	0.9689581667998934	-0.11137756461497472	Control
ENSG00000166348	43	33	10	0.16121241583053006	0.609912070343725	0.5363709032773781	0.07354116706634684	AD
ENSG00000143621	181	74	107	1.7471583439851575	0.8037569944044765	0.6718625099920064	0.1318944844124701	AD
ENSG00000101421	287	146	141	2.303056916740388	0.8633093525179856	0.7755129229949373	0.087796429523048225	AD
ENSG00000179091	314	238	76	1.2403096452965652	0.8719690913935518	0.8451905142552625	0.02677857713828935	AD
ENSG00000175550	276	173	103	1.6817585118963068	0.8553157474020784	0.798960831334932	0.05635491606714638	AD
ENSG00000246922	120	100	20	0.3247119960526566	0.7517985611510791	0.7199573674393819	0.03184119371169725	AD
ENSG00000198380	278	163	115	1.8779580081628586	0.8570476951771916	0.7916333599786837	0.06541433519850792	AD
ENSG00000163683	284	305	-21	-0.3456362828580622	0.8610444977351452	0.8763655742073009	-0.015321076472155637	Control
ENSG00000170464	188	382	-194	-3.1741790207008513	0.8078870237143618	0.9066080468958166	-0.09872102318145481	Control
ENSG00000145241	26	67	-41	-0.6726354433023153	0.5242472688515853	0.6576072475353051	-0.13335997868371974	Control
ENSG00000130764	399	193	206	3.3658041881842102	0.9064748201438849	0.8136157740474287	0.09285904609645623	AD
ENSG00000158109	184	258	-74	-1.212184058035333	0.8054889421795897	0.8561151079136691	-0.05062616573407941	Control
ENSG00000157693	291	125	166	2.711805867295704	0.8642419397815081	0.7529976019184652	0.11124433786304289	AD
ENSG00000116199	212	186	26	0.42281174418593254	0.82227551292299494	0.808419930722089	0.013855582200905991	AD
ENSG00000164161	28	29	-1	-0.01863712241380915	0.5390354383160139	0.5135891286970423	0.02544630961897154	Control
ENSG00000179010	316	235	81	1.3220594354076283	0.8727684519051425	0.8431921129762856	0.029576338928856916	AD
ENSG00000167699	201	156	45	0.7334609466079729	0.8154809485744737	0.7828403943511857	0.03264055422328804	AD
ENSG00000126945	563	450	113	1.8452580921184334	0.9606981081801226	0.9324540367705836	0.028244071409538996	AD
ENSG00000003987	146	95	51	0.8315606947412488	0.7745803357314148	0.7119637623234746	0.06261657340794025	AD
ENSG00000135070	439	519	-80	-1.3102838061686088	0.9244604316546763	0.9531041833200107	-0.028643751665334394	Control
ENSG00000280347	12	36	-24	-0.39468615692470016	0.3824940047961631	0.5523581135091926	-0.16986410871302954	Control
ENSG00000075415	313	250	63	1.0277601910078007	0.8710365041300293	0.8521183053557154	0.018918198774313888	AD
ENSG00000091140	255	140	115	1.8779580081628586	0.8446576072475354	0.7711164401811884	0.07354116706634695	AD
ENSG00000101474	408	420	-12	-0.19848666065814832	0.9107380762057021	0.9224620303756994	-0.011723954169997275	Control
ENSG00000163798	257	405	-148	-2.422080951679069	0.845456967759126	0.9143351985078604	-0.06887823074873434	Control
ENSG00000124920	31	37	-6	-0.10038691252487242	0.5567545963229417	0.5568878230748734	-1.332267519317254e-4	Control
ENSG00000162618	21	4	17	0.27566212198601864	0.4845456967759126	0.19571009858779642	0.28883559818811616	AD
ENSG00000131143	270	228	42	0.6844110725413349	0.8509192645883293	0.8370636823874233	0.013855582200905991	AD
ENSG00000163110	79	162	-83	-1.359333680235247	0.6967759126032508	0.7903010924593659	-0.09352517985611508	Control
ENSG00000163728	110	152	-42	-0.6889854013245279	0.7382094324540368	0.7797761790567546	-0.04156674660271775	Control
ENSG00000040341	172	156	16	0.25931216396380596	0.7970956568078871	0.7828403943511857	0.01425526245670139	AD
ENSG00000135018	376	328	48	0.7825108206746109	0.897015720756728	0.8854249933386624	0.01159072741806555	AD
ENSG00000137815	248	261	-13	-0.214836618680361	0.8375965893951506	0.8575806021849187	-0.019984012789768135	Control
ENSG00000091640	244	213	31	0.5045615342969958	0.8345323741007195	0.826671995736744	0.007860378363975462	AD
ENSG00000171735	56	58	-2	-0.0349870804360218	0.6486810551558753	0.6304289901412203	0.018252065014654928	Control
ENSG00000136827	347	395	-48	-0.7870851494578038	0.8843591793232081	0.9108713029576339	-0.026512123634425788	Control
ENSG00000166257	33	40	-7	-0.11673687054708508	0.5692779110045297	0.5700772715161204	-7.993605115906854e-4	Control
ENSG00000114541	35	31	4	0.06311266769725413	0.5768718358646416	0.5257127631228351	0.05115907274180653	AD
ENSG00000163947	168	41	127	2.0741575044294103	0.7932320810018652	0.5751398880895284	0.21809219291233672	AD
ENSG00000141385	416	396	20	0.3247119960526566	0.913269384492406	0.9116706634692247	0.0015987210231813709	AD
ENSG00000136710	214	143	71	1.1585598551855019	0.8230748734345856	0.7735145217159606	0.04956035171862505	AD
ENSG00000139174	209	285	-76	-1.2448839740797584	0.8202771116440181	0.8671729283240075	-0.04689581667998943	Control
ENSG00000009844	406	658	-252	-4.122476585989185	0.9092725819344525	0.9822808419930722	-0.07300826005861971	Control
ENSG00000189369	73	154	-81	-1.3266337641908215	0.6857180921929124	0.7808419930722089	-0.09512390087929656	Control
ENSG00000013293	116	180	-64	-1.0486844778132065	0.7463362643218758	0.8036237676525446	-0.05728750333066879	Control
ENSG00000137409	86	94	-8	-0.1330868285692977	0.7065014654942713	0.709832134292566	-0.003330668798294689	Control
ENSG00000166206	65	142	-77	-1.261233932101971	0.6697308819610978	0.7727151612043698	-0.10298427924327203	Control
ENSG00000092203	443	438	5	0.07946262571946677	0.9265920596855849	0.9292565947242206	-0.002664535038635729	AD
ENSG00000096384	94	85	9	0.1448624578083174	0.7164934718891554	0.6945110578204103	0.021982414068745015	AD
ENSG00000187555	578	766	-188	-3.076079272567575	0.966027178257394	0.9946709299227284	-0.028643751665334394	Control
ENSG00000119862	277	208	69	1.1258599391410764	0.8562483346656009	0.8230748734345856	0.03317346123101528	AD
ENSG00000105221	140	187	-47	-0.7707351914355912	0.7679189981348254	0.8100186517452704	-0.04209965361044499	Control
ENSG00000198492	431	486	-55	-0.9015348556132925	0.9205968558486544	0.9440447641886491	-0.023447908339994772	Control
ENSG00000144713	21	27	-6	-0.10038691252487242	0.4845456967759126	0.4998667732480682	-0.015321076472155637	Control
ENSG00000089199	85	61	24	0.3901118281415072	0.7043698374633627	0.6394884092725819	0.0648814281907808	AD
ENSG00000004478	10	8	2	0.03041275165282881	0.35251798561151076	0.28710365041300295	0.06541433519850781	AD
ENSG00000014824	451	409	42	0.6844110725413349	0.9299227284838796	0.9169997335464961	0.01292299493738347	AD
ENSG00000136738	433	294	139	2.2703570006959626	0.9213962163602452	0.8710365041300293	0.05035971223021585	AD
ENSG00000099622	5	1	4	0.06311266769725413	0.24260591526778577	0.04209965361044498	0.20050626165734078	AD
ENSG00000104331	291	206	85	1.387459267496479	0.8642419397815081	0.8218758326671995	0.04236610711430855	AD
ENSG00000118402	115	99	16	0.25931216396380596	0.7450039968025579	0.718625099920064	0.026378896882493952	AD
ENSG00000170315	132	34	98	1.6000087217852434	0.7599253930189181	0.5428990141220357	0.21702637889688248	AD
ENSG00000116688	241	289	-48	-0.7870851494578038	0.8334665600852651	0.8686384225952571	-0.03517186250999205	Control
ENSG00000117118	279	151	128	2.090507462451623	0.8575806021849187	0.7791100452970957	0.078470556887823	AD
ENSG00000117632	97	30	67	1.0931600230966512	0.7207567279509726	0.5201172395417	0.2006394884092726	AD
ENSG00000082781	81	135	-54	-0.8851848975910798	0.699173994138023	0.7664535038635758	-0.06727950972555286	Control
ENSG00000129250	8	4	4	0.06311266769725413	0.3160138555822009	0.19571009858779642	0.12030375699440449	AD
ENSG00000164187	293	328	-35	-0.5745356951690394	0.8651745270450306	0.8854249933386624	-0.020250466293631808	Control
ENSG00000119396	176	187	-11	-0.18213670263593568	0.8000266453503864	0.8100186517452704	-0.009992006394884068	Control
ENSG00000116161	18	13	5	0.07946262571946677	0.45976552091660006	0.3673061550759392	0.09245936584066083	AD
ENSG00000198898	155	165	-10	-0.16578674461372303	0.7812416733280043	0.7932320810018652	-0.011990407673860837	Control
ENSG00000131238	271	91	180	2.9407052796066813	0.8518518518518519	0.704769517719158	0.1470823341326939	AD
ENSG00000130956	114	175	-61	-0.9996346037465683	0.7438049560351718	0.8000266453503864	-0.05622168931521454	Control
ENSG00000184203	172	146	26	0.42281174418593254	0.7970956568078871	0.7755129229949373	0.021582733812949728	AD
ENSG00000112697	237	250	-13	-0.214836618680361	0.8317346123101519	0.8521183053557154	-0.020383693045563533	Control
ENSG00000221823	184	230	-46	-0.7543852334133786	0.8054889421795897	0.8387956301625367	-0.033306687982947	Control
ENSG00000173113	206	240	-34	-0.5581857371468267	0.8185451638689049	0.8469224620303757	-0.028377298161470832	Control
ENSG00000181610	455	396	59	0.9623603589189501	0.9311217692512657	0.9116706634692247	0.01945110578204101	AD
ENSG00000258890	96	122	-26	-0.4273860729691255	0.7191580069277911	0.7492672528643751	-0.03010924593658404	Control
ENSG00000104142	244	544	-300	-4.9072745710553924	0.8345323741007195	0.9586997069011457	-0.12416733280042624	Control
ENSG00000186951	119	187	-68	-1.114084309902057	0.7500666133759659	0.8100186517452704	-0.05995203836930452	Control
ENSG00000114405	274	341	-67	-1.0977343518798444	0.8539834798827605	0.8923527844391154	-0.0383693045563549	Control
ENSG00000189043	67	101	-34	-0.5581857371468267	0.6746602717825739	0.7214228617106315	-0.046762589928057596	Control
ENSG00000166224	87	178	-91	-1.490133344412948	0.7087663202771116	0.8016253663735678	-0.09285904609645623	Control
ENSG00000168824	202	277	-75	-1.2285340160575455	0.8161470823341327	0.8625099920063949	-0.0463629096722622	Control
ENSG00000115183	77	28	49	0.7988607786968236	0.6938449240607514	0.5063948840927258	0.18745003996802556	AD
ENSG00000123636	78	113	-35	-0.5745356951690394	0.6954436450839329	0.7354116706634692	-0.03996802557953638	Control
ENSG00000145623	14	35	-21	-0.3456362828580622	0.4108713029576339	0.548361310951239	-0.13749000799360506	Control
ENSG00000165283	201	181	20	0.3247119960526566	0.8154809485744737	0.8049560351718625	0.010524913402611191	AD
ENSG00000178719	355	159	196	3.2023046079620836	0.8891553423927525	0.7857713828936851	0.10338395949906742	AD
ENSG00000188674	139	154	-15	-0.2475365347247863	0.7667199573674394	0.7808419930722089	-0.014122035704769553	Control
ENSG00000143575	246	186	60	0.9787103169411627	0.8361310951239008	0.808419930722089	0.027711164401811872	AD
ENSG00000138814	89	96	-7	-0.11673687054708508	0.7112976285638156	0.7143618438582467	-0.0030642152944311274	Control
ENSG00000008735	293	116	177	2.8916554055400434	0.8651745270450306	0.7398081534772182	0.12536637356781244	AD
ENSG00000184863	53	115	-62	-1.015984561768781	0.6406874500399681	0.7379429789501732	-0.09725552891020517	Control
ENSG00000065243	111	229	-118	-1.9315822110126897	0.7398081534772182	0.8379962696509459	-0.09818811617372769	Control
ENSG00000184831	307	455	-148	-2.422080951679069	0.8691713296029843	0.9344524380495604	-0.06528110844657609	Control
ENSG00000130477	160	136	24	0.3901118281415072	0.7863042899014122	0.7677857713828937	0.01851851851851849	AD
ENSG00000100485	145	226	-81	-1.3266337641908215	0.7737809752198241	0.8351985078603784	-0.06141753264055427	Control
ENSG00000164588	40	70	-30	-0.4927859050579761	0.5987210231814548	0.665201172395417	-0.06648014921396217	Control
ENSG00000126733	143	143	0	-0.0022871643915964943	0.7721822541966427	0.7735145217159606	-0.00133226751931792	Control
ENSG00000136750	3	7	-4	-0.06768699648044711	0.17306155075939247	0.2675193178790301	-0.09445776711963763	Control
ENSG00000273079	28	28	0	-0.0022871643915964943	0.5390354383160139	0.5063948840927258	0.03264055422328804	Control
ENSG00000184368	176	281	-105	-1.7190327567239252	0.8000266453503864	0.8650413002930989	-0.06501465494271252	Control
ENSG00000118873	351	277	74	1.2076097292521397	0.886357580602185	0.8625099920063949	0.02384758859579006	AD
ENSG00000067992	346	234	112	1.8289081340962206	0.8838262723154809	0.8422595257127631	0.04156674660271786	AD
ENSG00000152102	193	460	-267	-4.367725956322375	0.8110844657607248	0.93591793232081	-0.1248334665600852	Control
ENSG00000137693	70	97	-27	-0.4437360309913381	0.6793232081001865	0.7163602451372235	-0.03703703703703698	Control
ENSG00000196950	246	142	104	1.6981084699185194	0.8361310951239008	0.7727151612043698	0.06341593391953104	AD
ENSG00000127995	317	237	80	1.3057094773854157	0.8733013589128698	0.8446576072475354	0.028643751665334394	AD
ENSG00000125148	2	1	1	0.01406279363061616	0.12283506528110845	0.04209965361044498	0.08073541167066348	AD
ENSG00000151948	265	326	-61	-0.9996346037465683	0.8485211830535572	0.8842259525712763	-0.03570476951771917	Control
ENSG00000159433	54	65	-11	-0.18213670263593568	0.643218758326672	0.6508126831867839	-0.0075939248601119	Control
ENSG00000065978	44	22	22	0.3574119120970819	0.614308553157474	0.464828137490008	0.149480415667466	AD
ENSG00000154822	186	409	-223	-3.648327803345018	0.806554756195044	0.9169997335464961	-0.11044497735145209	Control
ENSG00000031081	83	155	-72	-1.1794841419909077	0.7015720756727951	0.7817745803357314	-0.08020250466293632	Control
ENSG00000204843	208	301	-93	-1.5228332604573733	0.8197442046362909	0.8738342659205969	-0.054090061284305935	Control
ENSG00000188313	15	34	-19	-0.3129363668136369	0.4237942978950173	0.5428990141220357	-0.11910471622701835	Control
ENSG00000160753	121	59	62	1.011410232985588	0.753130828670397	0.6338928856914469	0.11923794297895018	AD
ENSG00000115233	272	144	128	2.090507462451623	0.8529176658673061	0.7743138822275513	0.07860378363975484	AD
ENSG00000170445	327	368	-41	-0.6726354433023153	0.8759658939515055	0.9034106048494538	-0.02744471089794831	Control
ENSG00000109917	244	240	4	0.06311266769725413	0.8345323741007195	0.8469224620303757	-0.012390087929656235	AD
ENSG00000115966	147	118	29	0.4718616182525705	0.7756461497468692	0.7438049560351718	0.03184119371169736	AD
ENSG00000155304	148	243	-95	-1.5555331765017988	0.7768451905142553	0.8481215027977618	-0.0712763122835065	Control
ENSG00000185352	52	9	43	0.7007610305635477	0.6380229150013322	0.3050892619237943	0.3329336530775379	AD
ENSG00000113658	124	138	-14	-0.23118657670257364	0.7547295496935784	0.7692512656541434	-0.014521715960564952	Control
ENSG00000174780	245	230	15	0.24296220594159332	0.8351985078603784	0.8387956301625367	-0.003597122302158251	AD
ENSG00000074706	90	22	68	1.1095099811188638	0.7130295763389288	0.464828137490008	0.24820143884892082	AD
ENSG00000105402	515	617	-102	-1.6699828826572873	0.950439648281375	0.9761524114042099	-0.025712763122834992	Control
ENSG00000158805	39	53	-14	-0.23118657670257364	0.5951239008792966	0.6132427391420198	-0.018118838262723203	Control
ENSG00000105220	369	184	185	3.022455069717745	0.8935518252065014	0.8066879829469757	0.0868638422595257	AD
ENSG00000117360	48	71	-23	-0.37833619890248754	0.6268318678390621	0.6675992539301892	-0.04076738609112707	Control
ENSG00000163938	303	124	179	2.9243553215844686	0.86810551558753	0.751265654143352	0.11683986144417802	AD
ENSG00000175216	267	122	145	2.3684567488292383	0.8494537703170797	0.7492672528643751	0.10018651745270457	AD
ENSG00000108883	449	184	265	4.3304517114947565	0.9292565947242206	0.8066879829469757	0.12256861177724487	AD
ENSG00000126698	192	185	7	0.11216254176389208	0.8101518784972023	0.8074873434585664	0.00266453503863584	AD
ENSG00000114790	51	116	-65	-1.0650344358354191	0.6358912869704236	0.7398081534772182	-0.10391686650679455	Control
ENSG00000144746	133	162	-29	-0.4764359470357635	0.7612576605382361	0.7903010924593659	-0.029043431921129792	Control
ENSG00000171703	467	499	-32	-0.5254858211024014	0.9353850253130829	0.9468425259792166	-0.011457500666133713	Control
ENSG00000154582	351	347	4	0.06311266769725413	0.886357580602185	0.89568345323741	-0.009325872635225108	AD
ENSG00000012983	38	131	-93	-1.5228332604573733	0.5907274180655475	0.7624567013056222	-0.17172928324007464	Control
ENSG00000124194	215	242	-27	-0.4437360309913381	0.8233413269384492	0.8475885957900346	-0.024247268851585457	Control
ENSG00000123562	426	366	60	0.9787103169411627	0.9185984545696776	0.9027444710897948	0.01585398347988276	AD
ENSG00000131473	395	269	126	2.0578075464071977	0.9048760991207034	0.8598454569677592	0.04503064215294428	AD
ENSG00000172209	44	7	37	0.6026612824302717	0.614308553157474	0.2675193178790301	0.3467892352784439	AD
ENSG00000114023	147	22	125	2.041457588384985	0.7756461497468692	0.464828137490008	0.3108180122568612	AD
ENSG00000156687	114	20	94	1.5346088896963928	0.7438049560351718	0.44537703170796694	0.2984279243272049	AD
ENSG00000137726	77	31	46	0.7498109046301856	0.6938449240607514	0.5257127631228351	0.16813216093791628	AD
ENSG00000254999	330	205	125	2.041457588384985	0.8770317079669597	0.820943245403677	0.056088462563282704	AD
ENSG00000127184	55	45	10	0.16121241583053006	0.6456168398614441	0.5885957900346389	0.057021049826805226	AD
ENSG00000005249	110	187	-77	-1.261233932101971	0.7382094324540368	0.8100186517452704	-0.07180921929123363	Control
ENSG00000088986	161	110	51	0.8315606947412488	0.7875033306687983	0.7326139088729017	0.05488942179589662	AD
ENSG00000103160	315	317	-2	-0.0349870804360218	0.8723687716493472	0.8818278710365042	-0.009459099387156944	Control
ENSG00000167123	4	1	3	0.04676270967504147	0.21183053557154277	0.04209965361044498	0.16973088196109778	AD
ENSG00000146592	6	6	0	-0.0022871643915964943	0.2696509459099387	0.24660271782573942	0.02304822808419929	Control
ENSG00000143933	269	79	190	3.104204859828808	0.8505195843325339	0.6826538768984812	0.1678657074340527	AD
ENSG00000171914	157	100	57	0.9296604428745248	0.7832400746069811	0.7199573674393819	0.0632827071675992	AD
ENSG00000078053	62	18	44	0.7171109885857603	0.6637356781241673	0.42312816413535836	0.24060751398880897	AD
ENSG00000082701	262	286	-24	-0.39468615692470016	0.8469224620303757	0.8678390620836663	-0.020916600053290657	Control
ENSG00000129691	356	337	19	0.30836203803044393	0.8898214761524114	0.890087929656275	-2.6645350386367284e-4	AD
ENSG00000176396	242	193	49	0.7988607786968236	0.8338662403410605	0.8136157740474287	0.020250466293631808	AD
ENSG00000170091	199	327	-128	-2.095081791234816	0.8138822275512922	0.8847588595790035	-0.07087663202771122	Control
ENSG00000082074	13	29	-16	-0.26388649274699894	0.397015720756728	0.5135891286970423	-0.11657340794031434	Control
ENSG00000127838	20	12	8	0.12851249978610474	0.478017585931255	0.35251798561151076	0.12549960031974422	AD
ENSG00000143761	282	51	231	3.7745531387395266	0.8599786837196909	0.6067146282973621	0.25326405542232877	AD
ENSG00000109787	71	24	47	0.7661608626523982	0.6817212896349587	0.4794830802025047	0.20223820943245402	AD
ENSG00000182578	9	10	-1	-0.01863712241380915	0.3361310951239009	0.32187583266719955	0.014255262456701334	Control
ENSG00000177917	40	87	-47	-0.7707351914355912	0.5987210231814548	0.697841726618705	-0.09912070343725021	Control
ENSG00000074603	255	122	133	2.1722572525626864	0.8446576072475354	0.7492672528643751	0.09539035438316024	AD
ENSG00000139218	100	199	-99	-1.6209330085906493	0.7254196642685852	0.8161470823341327	-0.09072741806554752	Control
ENSG00000178567	297	144	153	2.4992564130069397	0.8663735678124167	0.7743138822275513	0.09205968558486544	AD
ENSG00000103266	133	343	-210	-3.4357783490562537	0.7612576605382361	0.8936850519584333	-0.13242739142019722	Control
ENSG00000263874	255	342	-87	-1.4247335123240974	0.8446576072475354	0.8930189181987743	-0.04836131095123897	Control
ENSG00000169727	167	165	2	0.03041275165282881	0.7921662669864109	0.7932320810018652	-0.0010658140154542473	AD
ENSG00000125841	337	227	110	1.7962082180517953	0.8799626965094591	0.8359978683719691	0.04396482813749003	AD
ENSG00000135119	193	116	77	1.2566596033187778	0.8110844657607248	0.7398081534772182	0.07127631228350662	AD
ENSG00000067606	53	193	-140	-2.2912812875013677	0.6406874500399681	0.8136157740474287	-0.1729283240074606	Control
ENSG00000092201	265	236	29	0.4718616182525705	0.8485211830535572	0.8439914734878764	0.004529709565680773	AD
ENSG00000148229	313	328	-15	-0.2475365347247863	0.8710365041300293	0.8854249933386624	-0.014388489208633115	Control
ENSG00000152642	313	280	33	0.5372614503414211	0.8710365041300293	0.8642419397815081	0.006794564348521215	AD
ENSG00000132471	342	267	75	1.2239596872743523	0.8820943245403677	0.8591793232081002	0.022915001332267537	AD
ENSG00000051382	104	163	-59	-0.9669346877021431	0.731814548361311	0.7916333599786837	-0.05981881161737268	Control
ENSG00000136888	285	161	124	2.0251076303627724	0.8617106314948042	0.7887023714361844	0.07300826005861982	AD
ENSG00000162430	54	29	25	0.40646178616371986	0.643218758326672	0.5135891286970423	0.12962962962962965	AD
ENSG00000117153	348	240	108	1.76350830200737	0.885025313082867	0.8469224620303757	0.03810285105249134	AD
ENSG00000183230	10	10	0	-0.0022871643915964943	0.35251798561151076	0.32187583266719955	0.03064215294431122	Control
ENSG00000174231	373	432	-59	-0.9669346877021431	0.896349586997069	0.9273914201971756	-0.03104183320010656	Control
ENSG00000143815	29	9	20	0.3247119960526566	0.5442312816413536	0.3050892619237943	0.23914201971755927	AD
ENSG00000091157	199	145	54	0.8806105688078868	0.8138822275512922	0.7749800159872102	0.03890221156408202	AD
ENSG00000181826	18	17	1	0.01406279363061616	0.45976552091660006	0.4132693844924061	0.04649613642419398	AD
ENSG00000119401	347	454	-107	-1.7517326727683507	0.8843591793232081	0.934052757793765	-0.04969357847055689	Control
ENSG00000181852	343	691	-348	-5.6920725561216	0.8828936850519584	0.9885424993338663	-0.10564881428190787	Control
ENSG00000137876	227	515	-288	-4.711075074788841	0.8270716759925393	0.9524380495603517	-0.12536637356781244	Control
ENSG00000084731	48	116	-68	-1.114084309902057	0.6268318678390621	0.7398081534772182	-0.1129762856381561	Control
ENSG00000157764	349	221	128	2.090507462451623	0.8855582200905942	0.8318678390620836	0.053690381028510537	AD
ENSG00000172888	105	125	-20	-0.3292863248358496	0.7331468158806288	0.7529976019184652	-0.01985078603783641	Control
ENSG00000132824	482	674	-192	-3.141479104656426	0.9405808686384226	0.9849453770317079	-0.04436450839328532	Control
ENSG00000204386	37	19	18	0.2920120800082313	0.5855315747402078	0.4337863042899014	0.1517452704503064	AD
ENSG00000166266	60	26	34	0.5536114083636338	0.6578737010391686	0.4933386624034106	0.16453503863575802	AD
ENSG00000154027	40	31	9	0.1448624578083174	0.5987210231814548	0.5257127631228351	0.07300826005861971	AD
ENSG00000158195	81	125	-44	-0.7216853173689532	0.699173994138023	0.7529976019184652	-0.05382360778044226	Control
ENSG00000184752	100	201	-101	-1.6536329246350747	0.7254196642685852	0.8180122568611777	-0.09259259259259256	Control
ENSG00000150753	27	20	7	0.11216254176389208	0.5325073274713562	0.44537703170796694	0.08713029576338926	AD
ENSG00000184743	26	8	18	0.2920120800082313	0.5242472688515853	0.28710365041300295	0.2371436184385824	AD
ENSG00000110696	19	1	18	0.2920120800082313	0.46989075406341596	0.04209965361044498	0.427791100452971	AD
ENSG00000123091	23	16	7	0.11216254176389208	0.5001332267519318	0.4023447908339995	0.09778843591793235	AD
ENSG00000157191	61	74	-13	-0.214836618680361	0.6605382360778044	0.6718625099920064	-0.011324273914201988	Control
ENSG00000065361	31	21	10	0.16121241583053006	0.5567545963229417	0.4559019451105782	0.10085265121236348	AD
ENSG00000117533	162	101	61	0.9950602749633753	0.7888355981881162	0.7214228617106315	0.06741273647748469	AD
ENSG00000177875	36	36	0	-0.0022871643915964943	0.5808686384225953	0.5523581135091926	0.02851052491340267	Control
ENSG00000139190	11	19	-8	-0.1330868285692977	0.36757260857980284	0.4337863042899014	-0.06621369571009855	Control
ENSG00000198780	61	71	-10	-0.16578674461372303	0.6605382360778044	0.6675992539301892	-0.007061017852384777	Control
ENSG00000133985	237	191	46	0.7498109046301856	0.8317346123101519	0.8124167332800426	0.019317879030109286	AD
ENSG00000120798	59	96	-37	-0.6072356112134647	0.6560085265121236	0.7143618438582467	-0.058353317346123146	Control
ENSG00000169891	382	421	-39	-0.6399355272578899	0.8995470290434319	0.9232613908872902	-0.023714361843858334	Control
ENSG00000067842	219	147	72	1.1749098132077145	0.8240074606981082	0.7763122835065281	0.04769517719158001	AD
ENSG00000076928	40	67	-27	-0.4437360309913381	0.5987210231814548	0.6576072475353051	-0.05888622435385027	Control
ENSG00000127946	26	25	1	0.01406279363061616	0.5242472688515853	0.48627764455102584	0.0379696243005595	AD
ENSG00000107105	96	51	45	0.7334609466079729	0.7191580069277911	0.6067146282973621	0.11244337863042897	AD
ENSG00000172348	41	51	-10	-0.16578674461372303	0.6021849187316813	0.6067146282973621	-0.004529709565680773	Control
ENSG00000122705	271	129	142	2.3194068747626004	0.8518518518518519	0.7595257127631229	0.092326139088729	AD
ENSG00000103089	35	28	7	0.11216254176389208	0.5768718358646416	0.5063948840927258	0.07047695177191582	AD
ENSG00000150656	4	2	2	0.03041275165282881	0.21183053557154277	0.11204369837463363	0.099786837196909145	AD
ENSG00000112290	135	219	-84	-1.3756836382574595	0.7637889688249401	0.8302691180389022	-0.06648014921396217	Control
ENSG00000143756	21	35	-14	-0.23118657670257364	0.4845456967759126	0.548361310951239	-0.06381561417532639	Control
ENSG00000086065	334	314	20	0.3247119960526566	0.8782307487343458	0.8792965627498002	-0.0010658140154543583	AD
ENSG00000198300	340	421	-81	-1.3266337641908215	0.8814281907807088	0.9232613908872902	-0.041833200106581425	Control
ENSG00000166313	369	469	-100	-1.6372829666128619	0.8935518252065014	0.9399147348787636	-0.0463629096722622	Control
ENSG00000173258	199	117	82	1.338409393429841	0.8138822275512922	0.7422062350119905	0.07167599253930179	AD
ENSG00000076067	54	33	21	0.3410619540748692	0.643218758326672	0.5363709032773781	0.10684785504929384	AD
ENSG00000173369	15	30	-15	-0.2475365347247863	0.4237942978950173	0.5201172395417	-0.09632294164668265	Control
ENSG00000175309	68	62	6	0.09581258374167942	0.6761257660538236	0.6421529443112177	0.03397282174260585	AD
ENSG00000138029	23	15	8	0.12851249978610474	0.5001332267519318	0.3911537436717293	0.10897948308020255	AD
ENSG00000183454	79	101	-22	-0.36198624088027487	0.6967759126032508	0.7214228617106315	-0.024646949107380745	Control
ENSG00000163444	200	299	-99	-1.6209330085906493	0.8148148148148148	0.8727684519051425	-0.05795363709032775	Control
ENSG00000090861	393	491	-98	-1.6045830505684366	0.9036770583533174	0.9443112176925127	-0.04063415933919534	Control
ENSG00000172115	217	66	151	2.4665564969625144	0.8236077804423129	0.6540101252331468	0.16959765520916603	AD
ENSG00000145632	101	59	42	0.6844110725413349	0.7278177458033573	0.6338928856914469	0.09392486011191048	AD
ENSG00000186479	187	231	-44	-0.7216853173689532	0.8072208899547029	0.8398614441779909	-0.03264055422328804	Control
ENSG00000167468	304	407	-103	-1.6863328406795	0.8685051958433253	0.91580069277911	-0.04729549693578472	Control
ENSG00000149657	563	410	153	2.4992564130069397	0.9606981081801226	0.9180655475619505	0.04263256061817211	AD
ENSG00000196715	270	220	50	0.8152107367190362	0.8509192645883293	0.8310684785504929	0.01985078603783641	AD
ENSG00000148498	72	96	-24	-0.39468615692470016	0.6837196909139355	0.7143618438582467	-0.030642152944311274	Control
ENSG00000184515	277	229	48	0.7825108206746109	0.8562483346656009	0.8379962696509459	0.01825206501465504	AD
ENSG00000184465	46	67	-21	-0.3456362828580622	0.6209698907540634	0.6576072475353051	-0.03663735678124169	Control
ENSG00000164284	80	131	-51	-0.8361350235244418	0.697841726618705	0.7624567013056222	-0.06461497468691713	Control
ENSG00000085788	285	230	55	0.8969605268300995	0.8617106314948042	0.8387956301625367	0.022915001332267537	AD
ENSG00000104442	188	115	73	1.191259771229927	0.8078870237143618	0.7379429789501732	0.06994404476418858	AD
ENSG00000105568	185	259	-74	-1.212184058035333	0.8060218491873168	0.8566480149213962	-0.05062616573407941	Control
ENSG00000178385	36	2	34	0.5536114083636338	0.5808686384225953	0.11204369837463363	0.46882494004796166	AD
ENSG00000118473	266	122	144	2.3521067908070257	0.8490540900612843	0.7492672528643751	0.09978683719690917	AD
ENSG00000198356	440	615	-175	-2.8635298182788107	0.925259792166267	0.9756195043964828	-0.05035971223021585	Control
ENSG00000168137	23	39	-16	-0.26388649274699894	0.5001332267519318	0.5648814281907807	-0.06474820143884885	Control
ENSG00000180543	250	431	-181	-2.961629566412087	0.839195310418332	0.9265920596855849	-0.08739674926725294	Control
ENSG00000174437	108	224	-116	-1.8988822949682644	0.7363442579269918	0.8342659205968559	-0.09792166266986413	Control
ENSG00000162889	69	59	10	0.16121241583053006	0.6773248068212097	0.6338928856914469	0.043431921129762796	AD
ENSG00000168653	72	1	71	1.1585598551855019	0.6837196909139355	0.04209965361044498	0.6416200373034905	AD
ENSG00000145555	34	86	-52	-0.8524849815466545	0.5731414868105515	0.69597655209166	-0.12283506528110844	Control
ENSG00000070214	27	29	-2	-0.0349870804360218	0.5325073274713562	0.5135891286970423	0.018918198774313888	Control
ENSG00000165264	119	168	-49	-0.8034351074800166	0.7500666133759659	0.7953637090327738	-0.04529709565680784	Control
ENSG00000008282	19	8	11	0.1775623738527427	0.46989075406341596	0.28710365041300295	0.182787103650413	AD
ENSG00000166619	125	252	-127	-2.0787318332126037	0.7556621369571009	0.8535837996269651	-0.09792166266986413	Control
ENSG00000088538	51	9	42	0.6844110725413349	0.6358912869704236	0.3050892619237943	0.3308020250466293	AD
ENSG00000112972	3	4	-1	-0.01863712241380915	0.17306155075939247	0.19571009858779642	-0.022648547828403948	Control
ENSG00000188976	370	330	40	0.6517111564969097	0.8942179589661604	0.8862243538502531	0.007993605115907298	AD
ENSG00000163634	405	469	-64	-1.0486844778132065	0.9086064481747935	0.9399147348787636	-0.03130828670397012	Control
ENSG00000168291	161	133	28	0.45551166023035783	0.7875033306687983	0.764455102584599	0.023048228084199263	AD
ENSG00000143514	34	104	-70	-1.1467842259464824	0.5731414868105515	0.7254196642685852	-0.15227817745803363	Control
ENSG00000172301	434	409	25	0.40646178616371986	0.9219291233679723	0.9169997335464961	0.004929389821476171	AD
ENSG00000159784	41	88	-47	-0.7707351914355912	0.6021849187316813	0.6998401278976819	-0.09765520916600057	Control
ENSG00000177954	5	5	0	-0.0022871643915964943	0.24260591526778577	0.22368771649347188	0.018918198774313888	Control
ENSG00000196295	62	127	-65	-1.0650344358354191	0.6637356781241673	0.7569944044764189	-0.09325872635225152	Control
ENSG00000108924	232	58	174	2.8426055314734056	0.8289368505195843	0.6304289901412203	0.198507860378364	AD
ENSG00000197444	154	77	77	1.2566596033187778	0.7800426325606181	0.679056754596323	0.10098587796429515	AD
ENSG00000120438	36	35	1	0.01406279363061616	0.5808686384225953	0.548361310951239	0.03250732747135632	AD
ENSG00000175215	57	39	18	0.2920120800082313	0.65201172395417	0.5648814281907807	0.08713029576338926	AD
ENSG00000163950	207	55	152	2.482906454984727	0.8192112976285638	0.6208366640021317	0.19837463362643215	AD
ENSG00000057608	163	93	70	1.1422098971632892	0.7897681854516387	0.7078337330135891	0.08193445243804964	AD
ENSG00000067167	13	1	12	0.19391233187495535	0.397015720756728	0.04209965361044498	0.354916067146283	AD
ENSG00000142937	9	11	-2	-0.0349870804360218	0.3361310951239009	0.33679722888355984	-6.6613375965896e-4	Control
ENSG00000163032	45	23	22	0.3574119120970819	0.6179056754596323	0.47282174260591525	0.145083932853717	AD
ENSG00000277586	132	97	35	0.5699613663858464	0.7599253930189181	0.7163602451372235	0.04356514788169463	AD
ENSG00000154727	13	5	8	0.12851249978610474	0.397015720756728	0.22368771649347188	0.1733280042632561	AD
ENSG00000157087	40	25	15	0.24296220594159332	0.5987210231814548	0.48627764455102584	0.11244337863042897	AD
ENSG00000103316	86	128	-42	-0.6889854013245279	0.7065014654942713	0.7585931254996003	-0.052091660005329055	Control
ENSG00000073670	137	106	31	0.5045615342969958	0.7651212363442579	0.7278177458033573	0.03730349054090054	AD
ENSG00000162910	126	38	88	1.436509141563117	0.756861177724487	0.5612843058886224	0.19557687183586459	AD
ENSG00000100804	158	236	-78	-1.2775838901241836	0.784572342126299	0.8439914734878764	-0.05941913136157739	Control
ENSG00000184905	112	77	35	0.5699613663858464	0.7412736477484679	0.679056754596323	0.06221689315214496	AD
ENSG00000173473	43	54	-11	-0.18213670263593568	0.609912070343725	0.617505995203837	-0.007593924860112011	Control
ENSG00000133872	111	86	25	0.40646178616371986	0.7398081534772182	0.69597655209166	0.043831601385558194	AD
ENSG00000157778	352	387	-35	-0.5745356951690394	0.8872901678657075	0.9094058086863842	-0.02211564082067674	Control
ENSG00000152495	104	74	30	0.4882115762747831	0.731814548361311	0.6718625099920064	0.05995203836930463	AD
ENSG00000204217	154	130	24	0.3901118281415072	0.7800426325606181	0.7609912070343725	0.019051425526245613	AD
ENSG00000135899	6	15	-9	-0.14943678659151036	0.2696509459099387	0.3911537436717293	-0.12150279776179057	Control
ENSG00000151414	35	10	25	0.40646178616371986	0.5768718358646416	0.32187583266719955	0.2549960031974421	AD
ENSG00000099331	47	93	-46	-0.7543852334133786	0.623767652544631	0.7078337330135891	-0.08406608046895814	Control
ENSG00000114439	59	75	-16	-0.26388649274699894	0.6560085265121236	0.6742605915267785	-0.018252065014654928	Control
ENSG00000124767	202	56	146	2.384806706851451	0.8161470823341327	0.6244337863042899	0.19171329602984277	AD
ENSG00000164038	177	25	152	2.482906454984727	0.8006927791100453	0.48627764455102584	0.3144151345590195	AD
ENSG00000174501	24	77	-53	-0.8688349395688671	0.5077271516120437	0.679056754596323	-0.17132960298427924	Control
ENSG00000075539	31	11	20	0.3247119960526566	0.5567545963229417	0.33679722888355984	0.21995736743938182	AD
ENSG00000132254	405	506	-101	-1.6536329246350747	0.9086064481747935	0.9495070610178524	-0.0409006128430589	Control
ENSG00000160695	339	188	151	2.4665564969625144	0.8808952837729817	0.8110844657607248	0.06981081801225686	AD
ENSG00000136167	13	39	-26	-0.4273860729691255	0.397015720756728	0.5648814281907807	-0.1678657074340527	Control
ENSG00000181163	73	37	36	0.5863113244080591	0.6857180921929124	0.5568878230748734	0.12883026911803896	AD
ENSG00000147459	17	14	3	0.04676270967504147	0.44950706101785237	0.3799626965094591	0.0695443645083933	AD
ENSG00000104093	223	140	83	1.3547593514520537	0.8258726352251532	0.7711164401811884	0.054756195043964784	AD
ENSG00000091656	21	58	-37	-0.6072356112134647	0.4845456967759126	0.6304289901412203	-0.14588329336530775	Control
ENSG00000198015	179	105	74	1.2076097292521397	0.8026911803890221	0.7266187050359713	0.07607247535305084	AD
ENSG00000102710	85	61	24	0.3901118281415072	0.7043698374633627	0.6394884092725819	0.0648814281907808	AD
ENSG00000109670	173	13	160	2.6137061191624285	0.7981614708233413	0.3673061550759392	0.4308553157474021	AD
ENSG00000177614	34	29	5	0.07946262571946677	0.5731414868105515	0.5135891286970423	0.05955235811350923	AD
ENSG00000196305	396	385	11	0.1775623738527427	0.9052757793764988	0.9082067679189981	-0.002930988542499291	AD
ENSG00000182934	345	124	221	3.6110535585174	0.8835598188116174	0.751265654143352	0.13229416466826538	AD
ENSG00000170989	37	81	-44	-0.7216853173689532	0.5855315747402078	0.6873168132160938	-0.10178523847588605	Control
ENSG00000018408	46	11	35	0.5699613663858464	0.6209698907540634	0.33679722888355984	0.28417266187050355	AD
ENSG00000049245	38	49	-11	-0.18213670263593568	0.5907274180655475	0.6023181454836131	-0.01159072741806555	Control
ENSG00000101856	191	52	139	2.2703570006959626	0.809618971489475	0.6095123900879297	0.20010658140154536	AD
ENSG00000198843	38	10	28	0.45551166023035783	0.5907274180655475	0.32187583266719955	0.26885158539834797	AD
ENSG00000126581	154	301	-147	-2.4057309936568565	0.7800426325606181	0.8738342659205969	-0.09379163335997875	Control
ENSG00000188042	42	52	-10	-0.16578674461372303	0.6060484945377032	0.6095123900879297	-0.0034638955502265256	Control
ENSG00000168461	44	105	-61	-0.9996346037465683	0.614308553157474	0.7266187050359713	-0.11231015187849724	Control
ENSG00000175756	195	221	-26	-0.4273860729691255	0.8120170530242473	0.8318678390620836	-0.0198507860378363	Control
ENSG00000166848	263	65	198	3.2350045240065093	0.8474553690381028	0.6508126831867839	0.19664268585131894	AD
ENSG00000162511	15	30	-15	-0.2475365347247863	0.4237942978950173	0.5201172395417	-0.09632294164668265	Control
ENSG00000107745	252	150	102	1.6654085538740941	0.8413269384492406	0.7783106847855049	0.06301625366373564	AD
ENSG00000052841	102	74	28	0.45551166023035783	0.7290167865707434	0.6718625099920064	0.05715427657873706	AD
ENSG00000163482	23	30	-7	-0.11673687054708508	0.5001332267519318	0.5201172395417	-0.019984012789768135	Control
ENSG00000184117	254	453	-199	-3.2559288108119144	0.843591793232081	0.9336530775379697	-0.09006128430588867	Control
ENSG00000179115	421	478	-57	-0.9342347716577177	0.9156674660271783	0.9419131361577405	-0.026245670130562226	Control
ENSG00000116478	105	127	-22	-0.36198624088027487	0.7331468158806288	0.7569944044764189	-0.02384758859579006	Control
ENSG00000129518	134	157	-23	-0.37833619890248754	0.7624567013056222	0.78390620836664	-0.021449507061017892	Control
ENSG00000025800	93	106	-13	-0.214836618680361	0.7150279776179057	0.7278177458033573	-0.012789768185451633	Control
ENSG00000150907	62	123	-61	-0.9996346037465683	0.6637356781241673	0.750599520383693	-0.0868638422595257	Control
ENSG00000171316	31	67	-36	-0.590885653191252	0.5567545963229417	0.6576072475353051	-0.10085265121236342	Control
ENSG00000125743	187	223	-36	-0.590885653191252	0.8072208899547029	0.8333333333333334	-0.0261124433786305	Control
ENSG00000151491	81	46	35	0.5699613663858464	0.699173994138023	0.592326139088729	0.10684785504929395	AD
ENSG00000163513	34	2	32	0.5209114923192084	0.5731414868105515	0.11204369837463363	0.4610977884359179	AD
ENSG00000155629	23	33	-10	-0.16578674461372303	0.5001332267519318	0.5363709032773781	-0.036237676525446294	Control
ENSG00000046889	49	106	-57	-0.9342347716577177	0.6305622168931522	0.7278177458033573	-0.09725552891020517	Control
ENSG00000122417	18	2	16	0.25931216396380596	0.45976552091660006	0.11204369837463363	0.34772182254196643	AD
ENSG00000149927	41	18	23	0.37376187011929457	0.6021849187316813	0.42312816413535836	0.17905675459632298	AD
ENSG00000130294	7	1	6	0.09581258374167942	0.29349853450572877	0.04209965361044498	0.2513988808952838	AD
ENSG00000115561	139	492	-353	-5.773822346232663	0.7667199573674394	0.944710897948308	-0.17799094058086862	Control
ENSG00000175395	226	117	109	1.7798582600295827	0.8265387689848122	0.7422062350119905	0.0843325339728217	AD
ENSG00000267680	73	63	10	0.16121241583053006	0.6857180921929124	0.645750066613376	0.03996802557953638	AD
ENSG00000163660	13	59	-46	-0.7543852334133786	0.397015720756728	0.6338928856914469	-0.2368771649347189	Control
ENSG00000175166	312	346	-34	-0.5581857371468267	0.869970690114575	0.8950173194777511	-0.025046629363176143	Control
ENSG00000183020	135	243	-108	-1.7680826307905633	0.7637889688249401	0.8481215027977618	-0.0843325339728217	Control
ENSG00000166579	495	603	-108	-1.7680826307905633	0.9440447641886491	0.973621103117506	-0.029576338928856916	Control
ENSG00000065809	22	14	8	0.12851249978610474	0.49213962163602454	0.3799626965094591	0.11217692512656546	AD
ENSG00000178988	268	307	-39	-0.6399355272578899	0.8499866773248068	0.8772981614708233	-0.027311484146016474	Control
ENSG00000175931	145	95	50	0.8152107367190362	0.7737809752198241	0.7119637623234746	0.06181721289634956	AD
ENSG00000189159	295	221	74	1.2076097292521397	0.8657074340527577	0.8318678390620836	0.03383959499067413	AD
ENSG00000183354	4	3	1	0.01406279363061616	0.21183053557154277	0.16027178257394084	0.05155875299760193	AD
ENSG00000107771	156	136	20	0.3247119960526566	0.782041033839595	0.7677857713828937	0.014255262456701279	AD
ENSG00000244038	97	2	95	1.5509588477186056	0.7207567279509726	0.11204369837463363	0.608713029576339	AD
ENSG00000124659	149	139	10	0.16121241583053006	0.777644551025846	0.7701838529176659	0.007460698108180064	AD
ENSG00000034713	161	141	20	0.3247119960526566	0.7875033306687983	0.7719158006927791	0.015587529976019199	AD
ENSG00000175455	37	33	4	0.06311266769725413	0.5855315747402078	0.5363709032773781	0.04916067146282965	AD
ENSG00000011485	440	466	-26	-0.4273860729691255	0.925259792166267	0.9389821476152411	-0.013722355448974155	Control
ENSG00000114391	17	26	-9	-0.14943678659151036	0.44950706101785237	0.4933386624034106	-0.04383160138555825	Control
ENSG00000164292	43	77	-34	-0.5581857371468267	0.609912070343725	0.679056754596323	-0.06914468425259801	Control
ENSG00000140577	53	127	-74	-1.212184058035333	0.6406874500399681	0.7569944044764189	-0.11630695443645078	Control
ENSG00000129355	223	282	-59	-0.9669346877021431	0.8258726352251532	0.8657074340527577	-0.039834798827604545	Control
ENSG00000129493	77	80	-3	-0.05133703845823445	0.6938449240607514	0.6849187316813216	0.00892619237942982	Control
ENSG00000179950	179	63	116	1.8943079661850712	0.8026911803890221	0.645750066613376	0.15694111377564612	AD
ENSG00000127837	227	166	61	0.9950602749633753	0.8270716759925393	0.7941646682653877	0.032907007727151605	AD
ENSG00000172020	37	13	24	0.3901118281415072	0.5855315747402078	0.3673061550759392	0.21822541966426856	AD
ENSG00000221978	54	109	-55	-0.9015348556132925	0.643218758326672	0.7315480948574474	-0.08832933653077546	Control
ENSG00000056050	196	180	16	0.25931216396380596	0.8125499600319744	0.8036237676525446	0.00892619237942982	AD
ENSG00000115947	281	327	-46	-0.7543852334133786	0.8590460964561684	0.8847588595790035	-0.025712763122835103	Control
ENSG00000134897	18	10	8	0.12851249978610474	0.45976552091660006	0.32187583266719955	0.1378896882494005	AD
ENSG00000143952	67	125	-58	-0.9505847296799305	0.6746602717825739	0.7529976019184652	-0.07833733013589128	Control
ENSG00000153558	74	16	58	0.9460104008967375	0.687849720223821	0.4023447908339995	0.28550492938982147	AD
ENSG00000119865	120	35	85	1.387459267496479	0.7517985611510791	0.548361310951239	0.20343725019984016	AD
ENSG00000108861	140	79	61	0.9950602749633753	0.7679189981348254	0.6826538768984812	0.08526512123634422	AD
ENSG00000169018	89	136	-47	-0.7707351914355912	0.7112976285638156	0.7677857713828937	-0.0564881428190781	Control
ENSG00000129484	102	65	37	0.6026612824302717	0.7290167865707434	0.6508126831867839	0.07820410338395956	AD
ENSG00000123119	119	101	18	0.2920120800082313	0.7500666133759659	0.7214228617106315	0.028643751665334394	AD
ENSG00000132386	105	24	81	1.3220594354076283	0.7331468158806288	0.4794830802025047	0.2536637356781241	AD
ENSG00000107643	232	83	149	2.433856580918089	0.8289368505195843	0.691580069277911	0.13735678124167328	AD
ENSG00000075303	186	200	-14	-0.23118657670257364	0.806554756195044	0.8170796695976552	-0.010524913402611191	Control
ENSG00000184144	20	11	9	0.1448624578083174	0.478017585931255	0.33679722888355984	0.14122035704769514	AD
ENSG00000124140	141	73	68	1.1095099811188638	0.7689848121502798	0.669597655209166	0.09938715694111377	AD
ENSG00000169490	284	396	-112	-1.8334824628794137	0.8610444977351452	0.9116706634692247	-0.05062616573407941	Control
ENSG00000146007	283	370	-87	-1.4247335123240974	0.8606448174793498	0.9039435118571809	-0.04329869437783107	Control
ENSG00000170540	110	137	-27	-0.4437360309913381	0.7382094324540368	0.7687183586464162	-0.030508926192379437	Control
ENSG00000257621	100	172	-72	-1.1794841419909077	0.7254196642685852	0.7982946975752732	-0.07287503330668799	Control
ENSG00000151743	311	150	161	2.630056077184641	0.8694377831068478	0.7783106847855049	0.09112709832134291	AD
ENSG00000156261	439	270	169	2.760855741362342	0.9244604316546763	0.8602451372235544	0.06421529443112184	AD
ENSG00000139697	114	63	51	0.8315606947412488	0.7438049560351718	0.645750066613376	0.09805488942179585	AD
ENSG00000103415	357	454	-97	-1.588233092546224	0.8903543831601386	0.934052757793765	-0.04369837463362636	Control
ENSG00000148798	31	49	-18	-0.2965864087914242	0.5567545963229417	0.6023181454836131	-0.0455635491606714	Control
ENSG00000159363	29	87	-58	-0.9505847296799305	0.5442312816413536	0.697841726618705	-0.15361044497735143	Control
ENSG00000165169	394	291	103	1.6817585118963068	0.904476418864908	0.869970690114575	0.03450572875033309	AD
ENSG00000172508	9	13	-4	-0.06768699648044711	0.3361310951239009	0.3673061550759392	-0.031175059952038342	Control
ENSG00000126602	173	201	-28	-0.4600859890135508	0.7981614708233413	0.8180122568611777	-0.01985078603783641	Control
ENSG00000142168	468	361	107	1.7471583439851575	0.9357847055688783	0.9011457500666133	0.03463895550226492	AD
ENSG00000104067	66	77	-11	-0.18213670263593568	0.6722621902478018	0.679056754596323	-0.006794564348521215	Control
ENSG00000231721	11	40	-29	-0.4764359470357635	0.36757260857980284	0.5700772715161204	-0.20250466293631758	Control
ENSG00000111961	57	86	-29	-0.4764359470357635	0.65201172395417	0.69597655209166	-0.04396482813749003	Control
ENSG00000198668	343	406	-63	-1.0323345197909937	0.8828936850519584	0.9150013322675193	-0.03210764721556092	Control
ENSG00000130643	125	174	-49	-0.8034351074800166	0.7556621369571009	0.7994937383426592	-0.043831601385558305	Control
ENSG00000196187	16	10	6	0.09581258374167942	0.4373834265920597	0.32187583266719955	0.11550759392486015	AD
ENSG00000047932	184	199	-15	-0.2475365347247863	0.8054889421795897	0.8161470823341327	-0.010658140154543028	Control
ENSG00000154096	128	215	-87	-1.4247335123240974	0.7585931254996003	0.8276045830002664	-0.06901145750066606	Control
ENSG00000100938	262	232	30	0.4882115762747831	0.8469224620303757	0.8409272581934453	0.005995203836930418	AD
ENSG00000198478	301	117	184	3.0061051116955317	0.8675726085798028	0.7422062350119905	0.12536637356781233	AD
ENSG00000116044	62	82	-20	-0.3292863248358496	0.6637356781241673	0.6895816679989342	-0.025845989874766828	Control
ENSG00000115520	353	265	88	1.436509141563117	0.8879563016253664	0.8586464162003731	0.029309885424993354	AD
ENSG00000054116	171	204	-33	-0.5418357791246141	0.7960298427924327	0.8201438848920863	-0.02411404209965362	Control
ENSG00000278311	223	126	97	1.5836587637630308	0.8258726352251532	0.7549960031974421	0.0708766320277111	AD
ENSG00000076554	85	80	5	0.07946262571946677	0.7043698374633627	0.6849187316813216	0.019451105782041123	AD
ENSG00000015676	63	91	-28	-0.4600859890135508	0.6665334399147349	0.704769517719158	-0.03823607780442306	Control
ENSG00000169905	13	15	-2	-0.0349870804360218	0.397015720756728	0.3911537436717293	0.005861977084998693	Control
ENSG00000204406	25	4	21	0.3410619540748692	0.5154543032240874	0.19571009858779642	0.31974420463629094	AD
ENSG00000168310	9	12	-3	-0.05133703845823445	0.3361310951239009	0.35251798561151076	-0.016386890487609884	Control
ENSG00000171497	9	9	0	-0.0022871643915964943	0.3361310951239009	0.3050892619237943	0.03104183320010656	Control
ENSG00000247828	64	130	-66	-1.0813843938576317	0.6681321609379164	0.7609912070343725	-0.09285904609645612	Control
ENSG00000119280	17	33	-16	-0.26388649274699894	0.44950706101785237	0.5363709032773781	-0.08686384225952576	Control
ENSG00000166501	96	229	-133	-2.1768315813458794	0.7191580069277911	0.8379962696509459	-0.11883826272315479	Control
ENSG00000204220	100	182	-82	-1.3429837222130343	0.7254196642685852	0.8057553956834532	-0.08033573141486805	Control
ENSG00000140854	158	160	-2	-0.0349870804360218	0.784572342126299	0.7873701039168665	-0.0027977617905674546	Control
ENSG00000151025	70	75	-5	-0.08403695450265977	0.6793232081001865	0.6742605915267785	0.0050626165734080075	Control
ENSG00000167881	317	512	-195	-3.190528978723064	0.8733013589128698	0.9513722355448974	-0.07807087663202761	Control
ENSG00000140990	182	275	-93	-1.5228332604573733	0.8042899014122036	0.8615774047428724	-0.05728750333066879	Control
ENSG00000156482	10	19	-9	-0.14943678659151036	0.35251798561151076	0.4337863042899014	-0.08126831867839063	Control
ENSG00000224531	55	17	38	0.6190112404524843	0.6456168398614441	0.4132693844924061	0.23234745536903806	AD
ENSG00000189195	76	47	29	0.4718616182525705	0.6917132960298428	0.5957900346389555	0.09592326139088725	AD
ENSG00000142507	158	284	-126	-2.062381875190391	0.784572342126299	0.8665067945643485	-0.08193445243804953	Control
ENSG00000204851	170	62	108	1.76350830200737	0.7949640287769785	0.6421529443112177	0.15281108446576075	AD
ENSG00000174917	249	405	-156	-2.5528806158567705	0.8381294964028777	0.9143351985078604	-0.07620570210498268	Control
ENSG00000013392	178	95	83	1.3547593514520537	0.8016253663735678	0.7119637623234746	0.08966160405009327	AD
ENSG00000169032	83	57	26	0.42281174418593254	0.7015720756727951	0.6273647748467892	0.0742073008260059	AD
ENSG00000243232	107	88	19	0.30836203803044393	0.7351452171596057	0.6998401278976819	0.03530508926192377	AD
ENSG00000204564	103	114	-11	-0.18213670263593568	0.7303490540900612	0.7366107114308553	-0.006261657340794091	Control
ENSG00000123444	271	300	-29	-0.4764359470357635	0.8518518518518519	0.8733013589128698	-0.021449507061017892	Control
ENSG00000158773	98	40	58	0.9460104008967375	0.7215560884625632	0.5700772715161204	0.15147881694644283	AD
ENSG00000163412	117	109	8	0.12851249978610474	0.7474020783373302	0.7315480948574474	0.01585398347988276	AD
ENSG00000112367	118	268	-150	-2.4547808677234944	0.7484678923527844	0.8595790034638956	-0.11111111111111116	Control
ENSG00000013561	312	419	-107	-1.7517326727683507	0.869970690114575	0.9217958966160406	-0.051825206501465604	Control
ENSG00000141367	203	7	196	3.2023046079620836	0.8169464428457234	0.2675193178790301	0.5494271249666933	AD
ENSG00000100320	113	67	46	0.7498109046301856	0.742472688515854	0.6576072475353051	0.08486544098054893	AD
ENSG00000230551	34	42	-8	-0.1330868285692977	0.5731414868105515	0.5788702371436184	-0.0057287503330668565	Control
ENSG00000104722	5	4	1	0.01406279363061616	0.24260591526778577	0.19571009858779642	0.04689581667998935	AD
ENSG00000270170	205	247	-42	-0.6889854013245279	0.8178790301092459	0.8505195843325339	-0.03264055422328804	Control
ENSG00000213445	36	41	-5	-0.08403695450265977	0.5808686384225953	0.5751398880895284	0.0057287503330668565	Control
ENSG00000112561	15	11	4	0.06311266769725413	0.4237942978950173	0.33679722888355984	0.08699706901145748	AD
ENSG00000116604	171	127	44	0.7171109885857603	0.7960298427924327	0.7569944044764189	0.03903543831601386	AD
ENSG00000134248	17	8	9	0.1448624578083174	0.44950706101785237	0.28710365041300295	0.16240341060484942	AD
ENSG00000139116	66	179	-113	-1.8498324209016266	0.6722621902478018	0.8025579536370904	-0.1302957633892886	Control
ENSG00000108561	167	87	80	1.3057094773854157	0.7921662669864109	0.697841726618705	0.09432454036770588	AD
ENSG00000102316	286	278	8	0.12851249978610474	0.8626432187583267	0.8633093525179856	-6.66133759658849e-4	AD
ENSG00000280798	62	81	-19	-0.3129363668136369	0.6637356781241673	0.6873168132160938	-0.023581135091926497	Control
ENSG00000164024	407	300	107	1.7471583439851575	0.9099387156941113	0.8733013589128698	0.03663735678124158	AD
ENSG00000134453	50	22	28	0.45551166023035783	0.6334932054356515	0.464828137490008	0.16866506794564345	AD
ENSG00000133878	44	24	20	0.3247119960526566	0.614308553157474	0.4794830802025047	0.13482547295496933	AD
ENSG00000114993	7	11	-4	-0.06768699648044711	0.29349853450572877	0.33679722888355984	-0.04329869437783107	Control
ENSG00000006715	157	401	-244	-3.991676921811484	0.7832400746069811	0.9131361577404743	-0.1298960831334932	Control
ENSG00000030066	52	132	-80	-1.3102838061686088	0.6380229150013322	0.7633892885691447	-0.12536637356781244	Control
ENSG00000007237	113	145	-32	-0.5254858211024014	0.742472688515854	0.7749800159872102	-0.03250732747135621	Control
ENSG00000198258	103	100	3	0.04676270967504147	0.7303490540900612	0.7199573674393819	0.010391686650679355	AD
ENSG00000114948	25	57	-32	-0.5254858211024014	0.5154543032240874	0.6273647748467892	-0.11191047162270185	Control
ENSG00000143947	15	18	-3	-0.05133703845823445	0.4237942978950173	0.42312816413535836	6.6613375965896e-4	Control
ENSG00000129422	72	48	24	0.3901118281415072	0.6837196909139355	0.5995203836930456	0.08419930722088986	AD
ENSG00000197343	43	59	-16	-0.26388649274699894	0.609912070343725	0.6338928856914469	-0.023980815347721895	Control
ENSG00000145012	59	98	-39	-0.6399355272578899	0.6560085265121236	0.7174260591526779	-0.06141753264055427	Control
ENSG00000229180	48	103	-55	-0.9015348556132925	0.6268318678390621	0.7242206235011991	-0.097388755662137	Control
ENSG00000130706	219	129	90	1.4692090576075423	0.8240074606981082	0.7595257127631229	0.06448174793498529	AD
ENSG00000173141	286	120	166	2.711805867295704	0.8626432187583267	0.7460698108180123	0.11657340794031446	AD
ENSG00000122126	405	315	90	1.4692090576075423	0.9086064481747935	0.8800959232613909	0.02851052491340267	AD
ENSG00000116747	41	33	8	0.12851249978610474	0.6021849187316813	0.5363709032773781	0.06581401545430321	AD
ENSG00000124422	96	30	66	1.0768100650744385	0.7191580069277911	0.5201172395417	0.1990407673860911	AD
ENSG00000068366	246	156	90	1.4692090576075423	0.8361310951239008	0.7828403943511857	0.05329070077271514	AD
ENSG00000166170	205	84	121	1.9760577562961346	0.8178790301092459	0.6931787903010924	0.12470023980815348	AD
ENSG00000196465	264	308	-44	-0.7216853173689532	0.84798827604583	0.8776978417266187	-0.02970956568078864	Control
ENSG00000213186	19	3	16	0.25931216396380596	0.46989075406341596	0.16027178257394084	0.30961897148947515	AD
ENSG00000113594	23	25	-2	-0.0349870804360218	0.5001332267519318	0.48627764455102584	0.013855582200905991	Control
ENSG00000243701	21	3	18	0.2920120800082313	0.4845456967759126	0.16027178257394084	0.3242739142019717	AD
ENSG00000023330	263	69	194	3.1696046919176584	0.8474553690381028	0.662669864108713	0.18478550492938983	AD
ENSG00000119383	46	253	-207	-3.386728474989616	0.6209698907540634	0.8546496136424194	-0.23367972288835603	Control
ENSG00000183023	25	170	-145	-2.3730310776124313	0.5154543032240874	0.7968292033040234	-0.28137490007993604	Control
ENSG00000186908	164	170	-6	-0.10038691252487242	0.7904343192112976	0.7968292033040234	-0.006394884092725817	Control
ENSG00000080947	31	102	-71	-1.163134183968695	0.5567545963229417	0.7228883559818812	-0.1661337596589395	Control
ENSG00000143970	56	56	0	-0.0022871643915964943	0.6486810551558753	0.6244337863042899	0.024247268851585346	Control
ENSG00000184347	2	7	-5	-0.08403695450265977	0.12283506528110845	0.2675193178790301	-0.14468425259792167	Control
ENSG00000197147	86	60	26	0.42281174418593254	0.7065014654942713	0.636957100985878	0.0695443645083933	AD
ENSG00000138629	175	202	-27	-0.4437360309913381	0.799626965094591	0.8186783906208367	-0.019051425526245724	Control
ENSG00000135077	8	24	-16	-0.26388649274699894	0.3160138555822009	0.4794830802025047	-0.16346922462030378	Control
ENSG00000172493	87	40	47	0.7661608626523982	0.7087663202771116	0.5700772715161204	0.1386890487609912	AD
ENSG00000140632	222	303	-81	-1.3266337641908215	0.8250732747135625	0.8749000799360511	-0.04982680522248861	Control
ENSG00000113638	32	50	-18	-0.2965864087914242	0.5639488409272582	0.6040500932587264	-0.04010125233146822	Control
ENSG00000106605	179	220	-41	-0.6726354433023153	0.8026911803890221	0.8310684785504929	-0.028377298161470832	Control
ENSG00000181191	338	376	-38	-0.6235855692356773	0.8803623767652544	0.905142552624567	-0.02478017585931258	Control
ENSG00000067221	101	40	61	0.9950602749633753	0.7278177458033573	0.5700772715161204	0.15774047428723692	AD
ENSG00000171988	23	38	-15	-0.2475365347247863	0.5001332267519318	0.5612843058886224	-0.0611510791366906	Control
ENSG00000132361	12	5	7	0.11216254176389208	0.3824940047961631	0.22368771649347188	0.1588062883026912	AD
ENSG00000185811	4	6	-2	-0.0349870804360218	0.21183053557154277	0.24660271782573942	-0.03477218225419665	Control
ENSG00000143153	12	10	2	0.03041275165282881	0.3824940047961631	0.32187583266719955	0.06061817212896353	AD
ENSG00000275131	20	42	-22	-0.36198624088027487	0.478017585931255	0.5788702371436184	-0.10085265121236342	Control
ENSG00000170043	251	151	100	1.6327086378296687	0.8403943511857181	0.7791100452970957	0.06128430588862244	AD
ENSG00000107104	59	135	-76	-1.2448839740797584	0.6560085265121236	0.7664535038635758	-0.1104449773514522	Control
ENSG00000075292	23	42	-19	-0.3129363668136369	0.5001332267519318	0.5788702371436184	-0.07873701039168657	Control
ENSG00000125633	48	81	-33	-0.5418357791246141	0.6268318678390621	0.6873168132160938	-0.06048494537703175	Control
ENSG00000123360	31	1	30	0.4882115762747831	0.5567545963229417	0.04209965361044498	0.5146549427124967	AD
ENSG00000197106	41	41	0	-0.0022871643915964943	0.6021849187316813	0.5751398880895284	0.027045030642152912	Control
ENSG00000154001	333	280	53	0.8642606107856742	0.8778310684785505	0.8642419397815081	0.01358912869704243	AD
ENSG00000119509	64	169	-105	-1.7190327567239252	0.6681321609379164	0.7958966160405009	-0.1277644551025845	Control
ENSG00000132313	157	89	68	1.1095099811188638	0.7832400746069811	0.7015720756727951	0.08166799893418597	AD
ENSG00000182400	252	278	-26	-0.4273860729691255	0.8413269384492406	0.8633093525179856	-0.021982414068745015	Control
ENSG00000124688	220	305	-85	-1.3920335962796722	0.8245403677058354	0.8763655742073009	-0.05182520650146549	Control
ENSG00000198625	31	33	-2	-0.0349870804360218	0.5567545963229417	0.5363709032773781	0.020383693045563533	Control
ENSG00000083168	55	43	12	0.19391233187495535	0.6456168398614441	0.5819344524380495	0.0636823874233946	AD
ENSG00000158715	16	11	5	0.07946262571946677	0.4373834265920597	0.33679722888355984	0.10058619770849986	AD
ENSG00000149582	125	107	18	0.2920120800082313	0.7556621369571009	0.7288835598188116	0.02677857713828935	AD
ENSG00000244754	57	134	-77	-1.261233932101971	0.65201172395417	0.7655209166000533	-0.11350919264588333	Control
ENSG00000140479	18	11	7	0.11216254176389208	0.45976552091660006	0.33679722888355984	0.12296829203304022	AD
ENSG00000069966	193	360	-167	-2.7327301541011098	0.8110844657607248	0.9006128430588862	-0.08952837729816143	Control
ENSG00000156639	24	87	-63	-1.0323345197909937	0.5077271516120437	0.697841726618705	-0.1901145750066613	Control
ENSG00000164877	8	29	-21	-0.3456362828580622	0.3160138555822009	0.5135891286970423	-0.1975752731148414	Control
ENSG00000183978	242	222	20	0.3247119960526566	0.8338662403410605	0.8325339728217426	0.00133226751931792	AD
ENSG00000170906	91	46	45	0.7334609466079729	0.7135624833466561	0.592326139088729	0.12123634425792706	AD
ENSG00000179918	304	10	294	4.804600494138924	0.8685051958433253	0.32187583266719955	0.5466293631761258	AD
ENSG00000247077	38	4	34	0.5536114083636338	0.5907274180655475	0.19571009858779642	0.3950173194777511	AD
ENSG00000155096	96	70	26	0.42281174418593254	0.7191580069277911	0.665201172395417	0.0539568345323741	AD
ENSG00000161204	296	335	-39	-0.6399355272578899	0.8659738875566214	0.8887556621369571	-0.0227817745803357	Control
ENSG00000284707	11	60	-49	-0.8034351074800166	0.36757260857980284	0.636957100985878	-0.26938449240607515	Control
ENSG00000184156	171	47	124	2.0251076303627724	0.7960298427924327	0.5957900346389555	0.2002398081534772	AD
ENSG00000204856	143	162	-19	-0.3129363668136369	0.7721822541966427	0.7903010924593659	-0.018118838262723203	Control
ENSG00000087460	321	243	78	1.2730095613409904	0.874367172928324	0.8481215027977618	0.026245670130562226	AD
ENSG00000143409	32	22	10	0.16121241583053006	0.5639488409272582	0.464828137490008	0.09912070343725016	AD
ENSG00000109519	173	89	84	1.3711093094742663	0.7981614708233413	0.7015720756727951	0.09658939515054621	AD
ENSG00000131495	111	136	-25	-0.41103611494691283	0.7398081534772182	0.7677857713828937	-0.027977617905675545	Control
ENSG00000113966	148	149	-1	-0.01863712241380915	0.7768451905142553	0.7775113242739142	-6.6613375965896e-4	Control
ENSG00000126226	37	18	19	0.30836203803044393	0.5855315747402078	0.42312816413535836	0.16240341060484942	AD
ENSG00000111540	163	72	91	1.485559015629755	0.7897681854516387	0.6685318411937117	0.12123634425792706	AD
ENSG00000198791	337	361	-24	-0.39468615692470016	0.8799626965094591	0.9011457500666133	-0.02118305355715422	Control
ENSG00000139132	32	14	18	0.2920120800082313	0.5639488409272582	0.3799626965094591	0.1839861444177991	AD
ENSG00000101843	250	105	145	2.3684567488292383	0.839195310418332	0.7266187050359713	0.1125766053823607	AD
ENSG00000107937	79	7	72	1.1749098132077145	0.6967759126032508	0.2675193178790301	0.4292565947242207	AD
ENSG00000143420	147	278	-131	-2.144131665301454	0.7756461497468692	0.8633093525179856	-0.08766320277111639	Control
ENSG00000106089	42	25	17	0.27566212198601864	0.6060484945377032	0.48627764455102584	0.11977084998667731	AD
ENSG00000149182	82	22	60	0.9787103169411627	0.7005062616573408	0.464828137490008	0.23567812416733275	AD
ENSG00000107099	7	8	-1	-0.01863712241380915	0.29349853450572877	0.28710365041300295	0.006394884092725817	Control
ENSG00000182481	275	127	148	2.4175066228958766	0.8545163868904876	0.7569944044764189	0.09752198241406873	AD
ENSG00000002016	35	54	-19	-0.3129363668136369	0.5768718358646416	0.617505995203837	-0.04063415933919534	Control
ENSG00000182916	170	215	-45	-0.7380352753911659	0.7949640287769785	0.8276045830002664	-0.03264055422328793	Control
ENSG00000097007	45	132	-87	-1.4247335123240974	0.6179056754596323	0.7633892885691447	-0.1454836131095124	Control
ENSG00000204138	45	84	-39	-0.6399355272578899	0.6179056754596323	0.6931787903010924	-0.07527311484146015	Control
ENSG00000143653	100	54	46	0.7498109046301856	0.7254196642685852	0.617505995203837	0.1079136690647482	AD
ENSG00000147419	49	119	-70	-1.1467842259464824	0.6305622168931522	0.7447375432986943	-0.11417532640554218	Control
ENSG00000136451	44	9	35	0.5699613663858464	0.614308553157474	0.3050892619237943	0.3092192912336797	AD
ENSG00000141540	24	23	1	0.01406279363061616	0.5077271516120437	0.47282174260591525	0.034905409006128485	AD
ENSG00000106609	103	17	86	1.4038092255186916	0.7303490540900612	0.4132693844924061	0.31707966959765516	AD
ENSG00000097033	60	104	-44	-0.7216853173689532	0.6578737010391686	0.7254196642685852	-0.06754596322941653	Control
ENSG00000182899	6	19	-13	-0.214836618680361	0.2696509459099387	0.4337863042899014	-0.16413535837996268	Control
ENSG00000181061	56	17	39	0.635361198474697	0.6486810551558753	0.4132693844924061	0.23541167066346919	AD
ENSG00000051825	37	39	-2	-0.0349870804360218	0.5855315747402078	0.5648814281907807	0.020650146549427095	Control
ENSG00000173320	27	1	26	0.42281174418593254	0.5325073274713562	0.04209965361044498	0.4904076738609112	AD
ENSG00000165478	63	93	-30	-0.4927859050579761	0.6665334399147349	0.7078337330135891	-0.04130029309885419	Control
ENSG00000138698	26	161	-135	-2.2095314973903046	0.5242472688515853	0.7887023714361844	-0.26445510258459903	Control
ENSG00000162517	120	107	13	0.21026228989716803	0.7517985611510791	0.7288835598188116	0.022915001332267537	AD
ENSG00000132563	30	16	14	0.22661224791938067	0.5494271249666933	0.4023447908339995	0.14708233413269384	AD
ENSG00000151690	163	166	-3	-0.05133703845823445	0.7897681854516387	0.7941646682653877	-0.0043964828137489365	Control
ENSG00000160613	66	44	22	0.3574119120970819	0.6722621902478018	0.5848654409805489	0.08739674926725283	AD
ENSG00000171867	125	27	98	1.6000087217852434	0.7556621369571009	0.4998667732480682	0.2557953637090327	AD
ENSG00000169871	55	49	6	0.09581258374167942	0.6456168398614441	0.6023181454836131	0.04329869437783107	AD
ENSG00000143418	20	17	3	0.04676270967504147	0.478017585931255	0.4132693844924061	0.0647482014388489	AD
ENSG00000184900	277	371	-94	-1.5391832184795862	0.8562483346656009	0.9043431921129763	-0.048094857447375405	Control
ENSG00000160785	138	225	-87	-1.4247335123240974	0.7659205968558487	0.834798827604583	-0.06887823074873434	Control
ENSG00000203709	17	23	-6	-0.10038691252487242	0.44950706101785237	0.47282174260591525	-0.02331468158806288	Control
ENSG00000102466	113	143	-30	-0.4927859050579761	0.742472688515854	0.7735145217159606	-0.03104183320010656	Control
ENSG00000276293	89	47	42	0.6844110725413349	0.7112976285638156	0.5957900346389555	0.1155075939248601	AD
ENSG00000086598	103	11	92	1.5019089736519675	0.7303490540900612	0.33679722888355984	0.3935518252065014	AD
ENSG00000185825	250	171	79	1.289359519363203	0.839195310418332	0.7976285638156142	0.04156674660271775	AD
ENSG00000173905	32	96	-64	-1.0486844778132065	0.5639488409272582	0.7143618438582467	-0.15041300293098858	Control
ENSG00000131370	206	82	124	2.0251076303627724	0.8185451638689049	0.6895816679989342	0.1289634958699707	AD
ENSG00000123545	227	324	-97	-1.588233092546224	0.8270716759925393	0.8835598188116174	-0.0564881428190781	Control
ENSG00000033030	43	37	6	0.09581258374167942	0.609912070343725	0.5568878230748734	0.053024247268851576	AD
ENSG00000130725	230	297	-67	-1.0977343518798444	0.8282707167599254	0.8719690913935518	-0.04369837463362647	Control
ENSG00000100220	248	100	148	2.4175066228958766	0.8375965893951506	0.7199573674393819	0.1176392219557687	AD
ENSG00000188573	173	108	65	1.060460107052226	0.7981614708233413	0.7302158273381295	0.06794564348521182	AD
ENSG00000146122	6	2	4	0.06311266769725413	0.2696509459099387	0.11204369837463363	0.15760724753530508	AD
ENSG00000102078	328	421	-93	-1.5228332604573733	0.8763655742073009	0.9232613908872902	-0.04689581667998932	Control
ENSG00000162426	100	66	34	0.5536114083636338	0.7254196642685852	0.6540101252331468	0.07140953903543834	AD
ENSG00000140497	87	79	8	0.12851249978610474	0.7087663202771116	0.6826538768984812	0.02611244337863039	AD
ENSG00000169255	95	144	-49	-0.8034351074800166	0.7176925126565414	0.7743138822275513	-0.05662136957100983	Control
ENSG00000180440	70	22	48	0.7825108206746109	0.6793232081001865	0.464828137490008	0.21449507061017853	AD
ENSG00000215218	69	55	14	0.22661224791938067	0.6773248068212097	0.6208366640021317	0.05648814281907799	AD
ENSG00000116209	199	85	114	1.861608050140646	0.8138822275512922	0.6945110578204103	0.11937116973088191	AD
ENSG00000280650	1	19	-18	-0.2965864087914242	0.04782840394351186	0.4337863042899014	-0.38595790034638955	Control
ENSG00000130520	180	237	-57	-0.9342347716577177	0.8033573141486811	0.8446576072475354	-0.0413002930988543	Control
ENSG00000110700	16	20	-4	-0.06768699648044711	0.4373834265920597	0.44537703170796694	-0.007993605115907243	Control
ENSG00000163131	7	14	-7	-0.11673687054708508	0.29349853450572877	0.3799626965094591	-0.0864641620037303	Control
ENSG00000111237	240	245	-5	-0.08403695450265977	0.8330668798294698	0.8497202238209433	-0.016653343991473446	Control
ENSG00000106299	153	28	125	2.041457588384985	0.7791100452970957	0.5063948840927258	0.2727151612043699	AD
ENSG00000152193	313	215	98	1.6000087217852434	0.8710365041300293	0.8276045830002664	0.04343192112976291	AD
ENSG00000180964	190	176	14	0.22661224791938067	0.8092192912336797	0.8005595523581135	0.008659738875566259	AD
ENSG00000178965	44	69	-25	-0.41103611494691283	0.614308553157474	0.662669864108713	-0.04836131095123897	Control
ENSG00000206418	212	331	-119	-1.9479321690349025	0.82227551292299494	0.8864908073541167	-0.06421529443112173	Control
ENSG00000138600	14	1	13	0.21026228989716803	0.4108713029576339	0.04209965361044498	0.3687716493471889	AD
ENSG00000169933	142	291	-149	-2.4384309097012817	0.7704503064215295	0.869970690114575	-0.0995203836930455	Control
ENSG00000155275	36	58	-22	-0.36198624088027487	0.5808686384225953	0.6304289901412203	-0.04956035171862505	Control
ENSG00000129116	19	27	-8	-0.1330868285692977	0.46989075406341596	0.4998667732480682	-0.02997601918465226	Control
ENSG00000153956	120	55	65	1.060460107052226	0.7517985611510791	0.6208366640021317	0.13096189714894746	AD
ENSG00000186409	39	59	-20	-0.3292863248358496	0.5951239008792966	0.6338928856914469	-0.0387689848121503	Control
ENSG00000120690	74	51	23	0.37376187011929457	0.687849720223821	0.6067146282973621	0.08113509192645885	AD
ENSG00000077254	170	141	29	0.4718616182525705	0.7949640287769785	0.7719158006927791	0.023048228084199374	AD
ENSG00000180376	30	69	-39	-0.6399355272578899	0.5494271249666933	0.662669864108713	-0.11324273914201965	Control
ENSG00000136928	56	9	47	0.7661608626523982	0.6486810551558753	0.3050892619237943	0.34359179323208094	AD
ENSG00000187094	97	84	13	0.21026228989716803	0.7207567279509726	0.6931787903010924	0.027577937649880147	AD
ENSG00000116918	56	25	31	0.5045615342969958	0.6486810551558753	0.48627764455102584	0.16240341060484942	AD
ENSG00000134250	43	117	-74	-1.212184058035333	0.609912070343725	0.7422062350119905	-0.1322941646682655	Control
ENSG00000174748	74	8	66	1.0768100650744385	0.687849720223821	0.28710365041300295	0.400746069810818	AD
ENSG00000086205	14	11	3	0.04676270967504147	0.4108713029576339	0.33679722888355984	0.07407407407407407	AD
ENSG00000119844	31	58	-27	-0.4437360309913381	0.5567545963229417	0.6304289901412203	-0.07367439381827867	Control
ENSG00000169230	51	34	17	0.27566212198601864	0.6358912869704236	0.5428990141220357	0.09299227284838796	AD
ENSG00000118200	143	178	-35	-0.5745356951690394	0.7721822541966427	0.8016253663735678	-0.02944311217692519	Control
ENSG00000129538	3	8	-5	-0.08403695450265977	0.17306155075939247	0.28710365041300295	-0.11404209965361048	Control
ENSG00000179958	228	114	114	1.861608050140646	0.8276045830002664	0.7366107114308553	0.09099387156941108	AD
ENSG00000124209	453	382	71	1.1585598551855019	0.9304556354916067	0.9066080468958166	0.02384758859579006	AD
ENSG00000111639	76	28	48	0.7825108206746109	0.6917132960298428	0.5063948840927258	0.18531841193711696	AD
ENSG00000163558	26	77	-51	-0.8361350235244418	0.5242472688515853	0.679056754596323	-0.15480948574473763	Control
ENSG00000185359	37	66	-29	-0.4764359470357635	0.5855315747402078	0.6540101252331468	-0.06847855049293905	Control
ENSG00000198919	38	10	28	0.45551166023035783	0.5907274180655475	0.32187583266719955	0.26885158539834797	AD
ENSG00000108510	56	73	-17	-0.2802364507692116	0.6486810551558753	0.669597655209166	-0.020916600053290768	Control
ENSG00000066557	58	45	13	0.21026228989716803	0.654543032240874	0.5885957900346389	0.06594724220623505	AD
ENSG00000214013	51	64	-13	-0.214836618680361	0.6358912869704236	0.6484146016520117	-0.012523314681588071	Control
ENSG00000134569	31	121	-90	-1.4737833863907355	0.5567545963229417	0.7475353050892619	-0.19078070876632025	Control
ENSG00000106615	45	16	29	0.4718616182525705	0.6179056754596323	0.4023447908339995	0.21556088462563278	AD
ENSG00000023228	106	43	63	1.0277601910078007	0.7343458566480149	0.5819344524380495	0.15241140420996535	AD
ENSG00000243302	16	18	-2	-0.0349870804360218	0.4373834265920597	0.42312816413535836	0.014255262456701334	Control
ENSG00000102935	14	34	-20	-0.3292863248358496	0.4108713029576339	0.5428990141220357	-0.13202771116440176	Control
ENSG00000006116	118	138	-20	-0.3292863248358496	0.7484678923527844	0.7692512656541434	-0.02078337330135893	Control
ENSG00000108176	26	45	-19	-0.3129363668136369	0.5242472688515853	0.5885957900346389	-0.06434852118305356	Control
ENSG00000132849	18	24	-6	-0.10038691252487242	0.45976552091660006	0.4794830802025047	-0.01971755928590463	Control
ENSG00000116117	35	71	-36	-0.590885653191252	0.5768718358646416	0.6675992539301892	-0.09072741806554752	Control
ENSG00000138385	157	54	103	1.6817585118963068	0.7832400746069811	0.617505995203837	0.1657340794031441	AD
ENSG00000005486	39	95	-56	-0.9178848136355051	0.5951239008792966	0.7119637623234746	-0.11683986144417802	Control
ENSG00000185246	94	88	6	0.09581258374167942	0.7164934718891554	0.6998401278976819	0.016653343991473446	AD
ENSG00000168385	30	13	17	0.27566212198601864	0.5494271249666933	0.3673061550759392	0.1821209698907541	AD
ENSG00000005194	142	157	-15	-0.2475365347247863	0.7704503064215295	0.78390620836664	-0.013455901945110593	Control
ENSG00000144535	64	80	-16	-0.26388649274699894	0.6681321609379164	0.6849187316813216	-0.01678657074340517	Control
ENSG00000169851	101	11	90	1.4692090576075423	0.7278177458033573	0.33679722888355984	0.3910205169197975	AD
ENSG00000116754	49	40	9	0.1448624578083174	0.6305622168931522	0.5700772715161204	0.06048494537703175	AD
ENSG00000125445	108	67	41	0.6680611145191223	0.7363442579269918	0.6576072475353051	0.07873701039168668	AD
ENSG00000175606	160	53	107	1.7471583439851575	0.7863042899014122	0.6132427391420198	0.17306155075939245	AD
ENSG00000177034	253	114	139	2.2703570006959626	0.8423927524646949	0.7366107114308553	0.10578204103383959	AD
ENSG00000140750	80	128	-48	-0.7870851494578038	0.697841726618705	0.7585931254996003	-0.06075139888089531	Control
ENSG00000173327	16	9	7	0.11216254176389208	0.4373834265920597	0.3050892619237943	0.13229416466826538	AD
ENSG00000090905	114	125	-11	-0.18213670263593568	0.7438049560351718	0.7529976019184652	-0.009192645883293382	Control
ENSG00000184076	229	159	70	1.1422098971632892	0.8278710365041301	0.7857713828936851	0.04209965361044499	AD
ENSG00000121769	67	32	35	0.5699613663858464	0.6746602717825739	0.530775379696243	0.14388489208633093	AD
ENSG00000172890	53	94	-41	-0.6726354433023153	0.6406874500399681	0.709832134292566	-0.0691446842525979	Control
ENSG00000140945	72	34	38	0.6190112404524843	0.6837196909139355	0.5428990141220357	0.1408206767918998	AD
ENSG00000144827	192	554	-362	-5.9209719684325774	0.8101518784972023	0.9621636024513722	-0.15201172395416995	Control
ENSG00000196458	23	7	16	0.25931216396380596	0.5001332267519318	0.2675193178790301	0.23261390887290173	AD
ENSG00000138756	29	38	-9	-0.14943678659151036	0.5442312816413536	0.5612843058886224	-0.017053024247268844	Control
ENSG00000165476	16	6	10	0.16121241583053006	0.4373834265920597	0.24660271782573942	0.19078070876632028	AD
ENSG00000102468	56	51	5	0.07946262571946677	0.6486810551558753	0.6067146282973621	0.04196642685851315	AD
ENSG00000177971	150	114	36	0.5863113244080591	0.7781774580335732	0.7366107114308553	0.04156674660271786	AD
ENSG00000154945	15	6	9	0.1448624578083174	0.4237942978950173	0.24660271782573942	0.1771915800692779	AD
ENSG00000129292	9	7	2	0.03041275165282881	0.3361310951239009	0.2675193178790301	0.06861177724487078	AD
ENSG00000233006	27	48	-21	-0.3456362828580622	0.5325073274713562	0.5995203836930456	-0.0670130562216894	Control
ENSG00000145087	22	12	10	0.16121241583053006	0.49213962163602454	0.35251798561151076	0.13962163602451377	AD
ENSG00000204619	278	337	-59	-0.9669346877021431	0.8570476951771916	0.890087929656275	-0.03304023447908344	Control
ENSG00000049618	34	30	4	0.06311266769725413	0.5731414868105515	0.5201172395417	0.053024247268851576	AD
ENSG00000115840	21	22	-1	-0.01863712241380915	0.4845456967759126	0.464828137490008	0.019717559285904573	Control
ENSG00000133083	100	73	27	0.43916170220814515	0.7254196642685852	0.669597655209166	0.05582200905941914	AD
ENSG00000080823	22	34	-12	-0.19848666065814832	0.49213962163602454	0.5428990141220357	-0.050759392486011135	Control
ENSG00000140718	129	80	49	0.7988607786968236	0.7591260325073275	0.6849187316813216	0.0742073008260059	AD
ENSG00000144566	76	11	65	1.060460107052226	0.6917132960298428	0.33679722888355984	0.35491606714628293	AD
ENSG00000144597	280	226	54	0.8806105688078868	0.8582467359445777	0.8351985078603784	0.023048228084199263	AD
ENSG00000135503	67	5	62	1.011410232985588	0.6746602717825739	0.22368771649347188	0.4509725552891021	AD
ENSG00000125675	113	127	-14	-0.23118657670257364	0.742472688515854	0.7569944044764189	-0.01452171596056484	Control
ENSG00000135709	93	76	17	0.27566212198601864	0.7150279776179057	0.6762589928057554	0.0387689848121503	AD
ENSG00000255112	251	159	92	1.5019089736519675	0.8403943511857181	0.7857713828936851	0.05462296829203306	AD
ENSG00000172548	12	1	11	0.1775623738527427	0.3824940047961631	0.04209965361044498	0.3403943511857181	AD
ENSG00000127870	77	302	-225	-3.6810277193894434	0.6938449240607514	0.874367172928324	-0.18052224886757262	Control
ENSG00000165731	10	15	-5	-0.08403695450265977	0.35251798561151076	0.3911537436717293	-0.03863575806021852	Control
ENSG00000150457	36	18	18	0.2920120800082313	0.5808686384225953	0.42312816413535836	0.15774047428723692	AD
ENSG00000111647	210	251	-41	-0.6726354433023153	0.8208100186517453	0.8527844391153744	-0.03197442046362908	Control
ENSG00000136869	18	48	-30	-0.4927859050579761	0.45976552091660006	0.5995203836930456	-0.13975486277644555	Control
ENSG00000072041	87	83	4	0.06311266769725413	0.7087663202771116	0.691580069277911	0.01718625099920057	AD
ENSG00000186001	58	165	-107	-1.7517326727683507	0.654543032240874	0.7932320810018652	-0.1386890487609912	Control
ENSG00000152818	10	1	9	0.1448624578083174	0.35251798561151076	0.04209965361044498	0.3104183320010658	AD
ENSG00000133606	166	253	-87	-1.4247335123240974	0.7912336797228884	0.8546496136424194	-0.06341593391953104	Control
ENSG00000113013	174	88	86	1.4038092255186916	0.7990940580868638	0.6998401278976819	0.09925393018918194	AD
ENSG00000028116	16	3	13	0.21026228989716803	0.4373834265920597	0.16027178257394084	0.27711164401811883	AD
ENSG00000166111	66	95	-29	-0.4764359470357635	0.6722621902478018	0.7119637623234746	-0.03970157207567282	Control
ENSG00000019144	15	10	5	0.07946262571946677	0.4237942978950173	0.32187583266719955	0.10191846522781778	AD
ENSG00000198169	13	4	9	0.1448624578083174	0.397015720756728	0.19571009858779642	0.20130562216893155	AD
ENSG00000077080	111	212	-101	-1.6536329246350747	0.7398081534772182	0.8258726352251532	-0.08606448174793502	Control
ENSG00000178764	39	92	-53	-0.8688349395688671	0.5951239008792966	0.7065014654942713	-0.11137756461497472	Control
ENSG00000136861	48	162	-114	-1.8661823789238392	0.6268318678390621	0.7903010924593659	-0.16346922462030378	Control
ENSG00000100664	78	200	-122	-1.9969820431015404	0.6954436450839329	0.8170796695976552	-0.12163602451372235	Control
ENSG00000117016	31	65	-34	-0.5581857371468267	0.5567545963229417	0.6508126831867839	-0.0940580868638422	Control
ENSG00000152520	25	63	-38	-0.6235855692356773	0.5154543032240874	0.645750066613376	-0.1302957633892886	Control
ENSG00000170899	26	14	12	0.19391233187495535	0.5242472688515853	0.3799626965094591	0.14428457234212627	AD
ENSG00000109381	69	133	-64	-1.0486844778132065	0.6773248068212097	0.764455102584599	-0.08713029576338938	Control
ENSG00000144118	62	99	-37	-0.6072356112134647	0.6637356781241673	0.718625099920064	-0.05488942179589662	Control
ENSG00000117600	24	48	-24	-0.39468615692470016	0.5077271516120437	0.5995203836930456	-0.09179323208100187	Control
ENSG00000112305	133	90	43	0.7007610305635477	0.7612576605382361	0.7029043431921129	0.058353317346123146	AD
ENSG00000164163	75	37	38	0.6190112404524843	0.689714894750866	0.5568878230748734	0.13282707167599261	AD
ENSG00000083444	4	1	3	0.04676270967504147	0.21183053557154277	0.04209965361044498	0.16973088196109778	AD
ENSG00000004961	400	641	-241	-3.9426270477448457	0.9068745003996802	0.9800159872102319	-0.07314148681055166	Control
ENSG00000117859	12	9	3	0.04676270967504147	0.3824940047961631	0.3050892619237943	0.07740474287236876	AD
ENSG00000142408	132	79	53	0.8642606107856742	0.7599253930189181	0.6826538768984812	0.07727151612043692	AD
ENSG00000197457	76	60	16	0.25931216396380596	0.6917132960298428	0.636957100985878	0.054756195043964784	AD
ENSG00000149575	68	122	-54	-0.8851848975910798	0.6761257660538236	0.7492672528643751	-0.07314148681055155	Control
ENSG00000177200	9	14	-5	-0.08403695450265977	0.3361310951239009	0.3799626965094591	-0.043831601385558194	Control
ENSG00000061676	31	253	-222	-3.6319778453228055	0.5567545963229417	0.8546496136424194	-0.29789501731947776	Control
ENSG00000276966	113	316	-203	-3.321328642900765	0.742472688515854	0.8808952837729817	-0.13842259525712763	Control
ENSG00000075089	200	109	91	1.485559015629755	0.8148148148148148	0.7315480948574474	0.08326671995736734	AD
ENSG00000122786	16	9	7	0.11216254176389208	0.4373834265920597	0.3050892619237943	0.13229416466826538	AD
ENSG00000145817	209	264	-55	-0.9015348556132925	0.8202771116440181	0.8582467359445777	-0.03796962430055961	Control
ENSG00000185414	71	131	-60	-0.9832846457243557	0.6817212896349587	0.7624567013056222	-0.08073541167066345	Control
ENSG00000186469	17	23	-6	-0.10038691252487242	0.44950706101785237	0.47282174260591525	-0.02331468158806288	Control
ENSG00000079134	99	160	-61	-0.9996346037465683	0.7228883559818812	0.7873701039168665	-0.06448174793498529	Control
ENSG00000223959	64	77	-13	-0.214836618680361	0.6681321609379164	0.679056754596323	-0.01092459365840659	Control
ENSG00000108424	105	9	96	1.5673088057408182	0.7331468158806288	0.3050892619237943	0.4280575539568345	AD
ENSG00000143442	38	65	-27	-0.4437360309913381	0.5907274180655475	0.6508126831867839	-0.06008526512123635	Control
ENSG00000133858	69	87	-18	-0.2965864087914242	0.6773248068212097	0.697841726618705	-0.02051691979749537	Control
ENSG00000166226	75	34	41	0.6680611145191223	0.689714894750866	0.5428990141220357	0.14681588062883033	AD
ENSG00000136878	27	7	20	0.3247119960526566	0.5325073274713562	0.2675193178790301	0.2649880095923261	AD
ENSG00000197694	121	61	60	0.9787103169411627	0.753130828670397	0.6394884092725819	0.11364241939781516	AD
ENSG00000053372	178	53	125	2.041457588384985	0.8016253663735678	0.6132427391420198	0.18838262723154808	AD
ENSG00000117906	198	118	80	1.3057094773854157	0.8130828670397016	0.7438049560351718	0.06927791100452974	AD
ENSG00000103657	57	8	49	0.7988607786968236	0.65201172395417	0.28710365041300295	0.364908073541167	AD
ENSG00000110171	208	136	72	1.1749098132077145	0.8197442046362909	0.7677857713828937	0.05195843325339722	AD
ENSG00000148700	18	133	-115	-1.8825323369460518	0.45976552091660006	0.764455102584599	-0.304689581667999	Control
ENSG00000170759	7	4	3	0.04676270967504147	0.29349853450572877	0.19571009858779642	0.09778843591793235	AD
ENSG00000100823	110	84	26	0.42281174418593254	0.7382094324540368	0.6931787903010924	0.04503064215294439	AD
ENSG00000023572	41	12	29	0.4718616182525705	0.6021849187316813	0.35251798561151076	0.24966693312017058	AD
ENSG00000180611	121	129	-8	-0.1330868285692977	0.753130828670397	0.7595257127631229	-0.006394884092725817	Control
ENSG00000086730	6	24	-18	-0.2965864087914242	0.2696509459099387	0.4794830802025047	-0.20983213429256597	Control
ENSG00000133134	126	183	-57	-0.9342347716577177	0.756861177724487	0.8060218491873168	-0.049160671462829764	Control
ENSG00000162944	15	25	-10	-0.16578674461372303	0.4237942978950173	0.48627764455102584	-0.06248334665600852	Control
ENSG00000103353	150	113	37	0.6026612824302717	0.7781774580335732	0.7354116706634692	0.04276578737010395	AD
ENSG00000168769	30	62	-32	-0.5254858211024014	0.5494271249666933	0.6421529443112177	-0.0927258193445244	Control
ENSG00000261115	53	12	41	0.6680611145191223	0.6406874500399681	0.35251798561151076	0.2881694644284573	AD
ENSG00000108468	51	9	42	0.6844110725413349	0.6358912869704236	0.3050892619237943	0.3308020250466293	AD
ENSG00000170579	178	34	144	2.3521067908070257	0.8016253663735678	0.5428990141220357	0.2587263522515322	AD
ENSG00000055130	142	210	-68	-1.114084309902057	0.7704503064215295	0.82440714095390355	-0.0539568345323741	Control
ENSG00000198604	63	43	20	0.3247119960526566	0.6665334399147349	0.5819344524380495	0.08459898747668537	AD
ENSG00000227057	211	65	146	2.384806706851451	0.8214761524114043	0.6508126831867839	0.1706634692246204	AD
ENSG00000167515	157	164	-7	-0.11673687054708508	0.7832400746069811	0.7922994937383426	-0.009059419131361546	Control
ENSG00000119013	42	25	17	0.27566212198601864	0.6060484945377032	0.48627764455102584	0.11977084998667731	AD
ENSG00000073605	36	39	-3	-0.05133703845823445	0.5808686384225953	0.5648814281907807	0.015987210231814597	Control
ENSG00000183431	101	26	75	1.2239596872743523	0.7278177458033573	0.4933386624034106	0.23447908339994672	AD
ENSG00000151322	9	71	-62	-1.015984561768781	0.3361310951239009	0.6675992539301892	-0.33146815880628827	Control
ENSG00000181090	86	209	-123	-2.013332001123753	0.7065014654942713	0.8237410071942446	-0.1172395416999733	Control
ENSG00000171051	3	16	-13	-0.214836618680361	0.17306155075939247	0.4023447908339995	-0.22928324007460701	Control
ENSG00000135365	30	76	-46	-0.7543852334133786	0.5494271249666933	0.6762589928057554	-0.12683186783906208	Control
ENSG00000085719	60	103	-43	-0.7053353593467406	0.6578737010391686	0.7242206235011991	-0.06634692246203044	Control
ENSG00000249592	36	17	19	0.30836203803044393	0.5808686384225953	0.4132693844924061	0.1675992539301892	AD
ENSG00000165973	48	3	45	0.7334609466079729	0.6268318678390621	0.16027178257394084	0.46656008526512127	AD
ENSG00000163820	46	68	-22	-0.36198624088027487	0.6209698907540634	0.6606714628297362	-0.03970157207567282	Control
ENSG00000179604	41	31	10	0.16121241583053006	0.6021849187316813	0.5257127631228351	0.07647215560884624	AD
ENSG00000139746	35	17	18	0.2920120800082313	0.5768718358646416	0.4132693844924061	0.16360245137223556	AD
ENSG00000139433	10	2	8	0.12851249978610474	0.35251798561151076	0.11204369837463363	0.24047428723687714	AD
ENSG00000116903	81	63	18	0.2920120800082313	0.699173994138023	0.645750066613376	0.053423927524646975	AD
ENSG00000280660	12	25	-13	-0.214836618680361	0.3824940047961631	0.48627764455102584	-0.10378363975486277	Control
ENSG00000170458	5	16	-11	-0.18213670263593568	0.24260591526778577	0.4023447908339995	-0.15973887556621372	Control
ENSG00000165782	92	178	-86	-1.4083835543018848	0.7140953903543832	0.8016253663735678	-0.08752997601918466	Control
ENSG00000075826	26	29	-3	-0.05133703845823445	0.5242472688515853	0.5135891286970423	0.010658140154543028	Control
ENSG00000196961	165	317	-152	-2.4874807837679196	0.790833999467093	0.8818278710365042	-0.09099387156941119	Control
ENSG00000198964	42	19	23	0.37376187011929457	0.6060484945377032	0.4337863042899014	0.17226219024780176	AD
ENSG00000174516	19	10	9	0.1448624578083174	0.46989075406341596	0.32187583266719955	0.14801492139621641	AD
ENSG00000168918	7	14	-7	-0.11673687054708508	0.29349853450572877	0.3799626965094591	-0.0864641620037303	Control
ENSG00000158710	14	15	-1	-0.01863712241380915	0.4108713029576339	0.3911537436717293	0.01971755928590463	Control
ENSG00000211460	126	10	116	1.8943079661850712	0.756861177724487	0.32187583266719955	0.4349853450572875	AD
ENSG00000187446	168	283	-115	-1.8825323369460518	0.7932320810018652	0.8659738875566214	-0.07274180655475626	Control
ENSG00000105819	99	155	-56	-0.9178848136355051	0.7228883559818812	0.7817745803357314	-0.05888622435385027	Control
ENSG00000156113	26	4	22	0.3574119120970819	0.5242472688515853	0.19571009858779642	0.3285371702637889	AD
ENSG00000174938	143	121	22	0.3574119120970819	0.7721822541966427	0.7475353050892619	0.024646949107380745	AD
ENSG00000013297	23	10	13	0.21026228989716803	0.5001332267519318	0.32187583266719955	0.1782573940847323	AD
ENSG00000167378	81	108	-27	-0.4437360309913381	0.699173994138023	0.7302158273381295	-0.03104183320010656	Control
ENSG00000163655	146	120	26	0.42281174418593254	0.7745803357314148	0.7460698108180123	0.028510524913402557	AD
ENSG00000112335	17	7	10	0.16121241583053006	0.44950706101785237	0.2675193178790301	0.18198774313882227	AD
ENSG00000161016	13	11	2	0.03041275165282881	0.397015720756728	0.33679722888355984	0.060218491873168134	AD
ENSG00000145354	60	162	-102	-1.6699828826572873	0.6578737010391686	0.7903010924593659	-0.13242739142019722	Control
ENSG00000114686	281	237	44	0.7171109885857603	0.8590460964561684	0.8446576072475354	0.014388489208633004	AD
ENSG00000023171	20	14	6	0.09581258374167942	0.478017585931255	0.3799626965094591	0.09805488942179591	AD
ENSG00000100796	13	2	11	0.1775623738527427	0.397015720756728	0.11204369837463363	0.28497202238209435	AD
ENSG00000138378	26	5	21	0.3410619540748692	0.5242472688515853	0.22368771649347188	0.3005595523581135	AD
ENSG00000140688	16	5	11	0.1775623738527427	0.4373834265920597	0.22368771649347188	0.21369571009858782	AD
ENSG00000100744	135	362	-227	-3.7137276354338686	0.7637889688249401	0.9018118838262723	-0.13802291500133224	Control
ENSG00000125354	156	163	-7	-0.11673687054708508	0.782041033839595	0.7916333599786837	-0.00959232613908867	Control
ENSG00000176749	122	213	-91	-1.490133344412948	0.753796962430056	0.826671995736744	-0.07287503330668799	Control
ENSG00000159692	160	170	-10	-0.16578674461372303	0.7863042899014122	0.7968292033040234	-0.010524913402611191	Control
ENSG00000172350	26	9	17	0.27566212198601864	0.5242472688515853	0.3050892619237943	0.21915800692779103	AD
ENSG00000178996	42	26	16	0.25931216396380596	0.6060484945377032	0.4933386624034106	0.11270983213429253	AD
ENSG00000101444	100	18	82	1.338409393429841	0.7254196642685852	0.42312816413535836	0.3022915001332268	AD
ENSG00000157219	77	82	-5	-0.08403695450265977	0.6938449240607514	0.6895816679989342	0.004263256061817211	Control
ENSG00000175182	105	181	-76	-1.2448839740797584	0.7331468158806288	0.8049560351718625	-0.07180921929123374	Control
ENSG00000169744	33	31	2	0.03041275165282881	0.5692779110045297	0.5257127631228351	0.04356514788169463	AD
ENSG00000178075	33	51	-18	-0.2965864087914242	0.5692779110045297	0.6067146282973621	-0.03743671729283238	Control
ENSG00000086232	189	231	-42	-0.6889854013245279	0.8086863842259526	0.8398614441779909	-0.031175059952038287	Control
ENSG00000150394	46	42	4	0.06311266769725413	0.6209698907540634	0.5788702371436184	0.04209965361044499	AD
ENSG00000114978	26	7	19	0.30836203803044393	0.5242472688515853	0.2675193178790301	0.25672795097255524	AD
ENSG00000163565	8	20	-12	-0.19848666065814832	0.3160138555822009	0.44537703170796694	-0.12936317612576603	Control
ENSG00000130724	141	97	44	0.7171109885857603	0.7689848121502798	0.7163602451372235	0.05262456701305629	AD
ENSG00000112079	31	116	-85	-1.3920335962796722	0.5567545963229417	0.7398081534772182	-0.18305355715427651	Control
ENSG00000160752	44	36	8	0.12851249978610474	0.614308553157474	0.5523581135091926	0.0619504396482814	AD
ENSG00000101542	14	60	-46	-0.7543852334133786	0.4108713029576339	0.636957100985878	-0.22608579802824408	Control
ENSG00000198087	53	89	-36	-0.590885653191252	0.6406874500399681	0.7015720756727951	-0.06088462563282704	Control
ENSG00000024048	5	10	-5	-0.08403695450265977	0.24260591526778577	0.32187583266719955	-0.07926991739941378	Control
ENSG00000105711	8	11	-3	-0.05133703845823445	0.3160138555822009	0.33679722888355984	-0.02078337330135893	Control
ENSG00000167654	89	84	5	0.07946262571946677	0.7112976285638156	0.6931787903010924	0.018118838262723203	AD
ENSG00000109158	22	26	-4	-0.06768699648044711	0.49213962163602454	0.4933386624034106	-0.0011990407673860837	Control
ENSG00000067182	9	37	-28	-0.4600859890135508	0.3361310951239009	0.5568878230748734	-0.2207567279509725	Control
ENSG00000179262	236	285	-49	-0.8034351074800166	0.8312017053024248	0.8671729283240075	-0.03597122302158273	Control
ENSG00000110427	63	55	8	0.12851249978610474	0.6665334399147349	0.6208366640021317	0.04569677591260324	AD
ENSG00000176771	9	7	2	0.03041275165282881	0.3361310951239009	0.2675193178790301	0.06861177724487078	AD
ENSG00000145912	162	204	-42	-0.6889854013245279	0.7888355981881162	0.8201438848920863	-0.03130828670397012	Control
ENSG00000249042	14	38	-24	-0.39468615692470016	0.4108713029576339	0.5612843058886224	-0.15041300293098853	Control
ENSG00000165959	13	6	7	0.11216254176389208	0.397015720756728	0.24660271782573942	0.15041300293098855	AD
ENSG00000113048	115	12	103	1.6817585118963068	0.7450039968025579	0.35251798561151076	0.39248601119104715	AD
ENSG00000186310	116	63	53	0.8642606107856742	0.7463362643218758	0.645750066613376	0.10058619770849986	AD
ENSG00000179542	162	77	85	1.387459267496479	0.7888355981881162	0.679056754596323	0.10977884359179324	AD
ENSG00000115419	15	2	13	0.21026228989716803	0.4237942978950173	0.11204369837463363	0.3117505995203837	AD
ENSG00000119711	27	82	-55	-0.9015348556132925	0.5325073274713562	0.6895816679989342	-0.15707434052757796	Control
ENSG00000136942	9	20	-11	-0.18213670263593568	0.3361310951239009	0.44537703170796694	-0.10924593658406606	Control
ENSG00000173548	55	33	22	0.3574119120970819	0.6456168398614441	0.5363709032773781	0.109245936584066	AD
ENSG00000118276	44	35	9	0.1448624578083174	0.614308553157474	0.548361310951239	0.06594724220623505	AD
ENSG00000079335	25	101	-76	-1.2448839740797584	0.5154543032240874	0.7214228617106315	-0.20596855848654416	Control
ENSG00000168374	116	41	75	1.2239596872743523	0.7463362643218758	0.5751398880895284	0.1711963762323474	AD
ENSG00000101132	71	212	-141	-2.3076312455235803	0.6817212896349587	0.8258726352251532	-0.1441513455901945	Control
ENSG00000144468	39	75	-36	-0.590885653191252	0.5951239008792966	0.6742605915267785	-0.07913669064748197	Control
ENSG00000175416	83	310	-227	-3.7137276354338686	0.7015720756727951	0.87796429523048225	-0.17639221955768714	Control
ENSG00000110931	49	69	-20	-0.3292863248358496	0.6305622168931522	0.662669864108713	-0.03210764721556081	Control
ENSG00000082153	47	3	44	0.7171109885857603	0.623767652544631	0.16027178257394084	0.46349586997069014	AD
ENSG00000006831	31	14	17	0.27566212198601864	0.5567545963229417	0.3799626965094591	0.1767918998134826	AD
ENSG00000125863	75	41	34	0.5536114083636338	0.689714894750866	0.5751398880895284	0.11457500666133758	AD
ENSG00000117222	53	54	-1	-0.01863712241380915	0.6406874500399681	0.617505995203837	0.0231814548361311	Control
ENSG00000058404	24	173	-149	-2.4384309097012817	0.5077271516120437	0.798960831334932	-0.2912336797228883	Control
ENSG00000136770	19	32	-13	-0.214836618680361	0.46989075406341596	0.530775379696243	-0.06088462563282704	Control
ENSG00000237298	24	4	20	0.3247119960526566	0.5077271516120437	0.19571009858779642	0.3120170530242473	AD
ENSG00000137462	10	18	-8	-0.1330868285692977	0.35251798561151076	0.42312816413535836	-0.0706101785238476	Control
ENSG00000176155	28	67	-39	-0.6399355272578899	0.5390354383160139	0.6576072475353051	-0.11857180921929122	Control
ENSG00000133812	38	203	-165	-2.700030238056684	0.5907274180655475	0.8193445243804957	-0.22861710631494814	Control
ENSG00000091164	116	180	-64	-1.0486844778132065	0.7463362643218758	0.8036237676525446	-0.05728750333066879	Control
ENSG00000118762	46	116	-70	-1.1467842259464824	0.6209698907540634	0.7398081534772182	-0.11883826272315479	Control
ENSG00000078687	17	11	6	0.09581258374167942	0.44950706101785237	0.33679722888355984	0.11270983213429253	AD
ENSG00000187079	35	65	-30	-0.4927859050579761	0.5768718358646416	0.6508126831867839	-0.07394084732214223	Control
ENSG00000168490	37	19	18	0.2920120800082313	0.5855315747402078	0.4337863042899014	0.1517452704503064	AD
ENSG00000154845	44	65	-21	-0.3456362828580622	0.614308553157474	0.6508126831867839	-0.036504130029309856	Control
ENSG00000163818	18	12	6	0.09581258374167942	0.45976552091660006	0.35251798561151076	0.10724753530508929	AD
ENSG00000134851	16	10	6	0.09581258374167942	0.4373834265920597	0.32187583266719955	0.11550759392486015	AD
ENSG00000072121	37	104	-67	-1.0977343518798444	0.5855315747402078	0.7254196642685852	-0.1398880895283774	Control
ENSG00000092439	48	58	-10	-0.16578674461372303	0.6268318678390621	0.6304289901412203	-0.003597122302158251	Control
ENSG00000127561	49	29	20	0.3247119960526566	0.6305622168931522	0.5135891286970423	0.11697308819610985	AD
ENSG00000005448	24	125	-101	-1.6536329246350747	0.5077271516120437	0.7529976019184652	-0.24527045030642147	Control
ENSG00000135930	183	223	-40	-0.6562854852801027	0.8048228084199307	0.8333333333333334	-0.02851052491340267	Control
ENSG00000181929	121	90	31	0.5045615342969958	0.753130828670397	0.7029043431921129	0.05022648547828412	AD
ENSG00000204071	78	16	62	1.011410232985588	0.6954436450839329	0.4023447908339995	0.29309885424993337	AD
ENSG00000171530	50	8	42	0.6844110725413349	0.6334932054356515	0.28710365041300295	0.3463895550226485	AD
ENSG00000164985	161	83	78	1.2730095613409904	0.7875033306687983	0.691580069277911	0.09592326139088725	AD
ENSG00000108854	75	82	-7	-0.11673687054708508	0.689714894750866	0.6895816679989342	1.3322675193183642e-4	Control
ENSG00000165209	33	41	-8	-0.1330868285692977	0.5692779110045297	0.5751398880895284	-0.005861977084998693	Control
ENSG00000114127	3	1	2	0.03041275165282881	0.17306155075939247	0.04209965361044498	0.1309618971489475	AD
ENSG00000183775	30	17	13	0.21026228989716803	0.5494271249666933	0.4132693844924061	0.13615774047428725	AD
ENSG00000144674	13	24	-11	-0.18213670263593568	0.397015720756728	0.4794830802025047	-0.08246735944577671	Control
ENSG00000198420	37	120	-83	-1.359333680235247	0.5855315747402078	0.7460698108180123	-0.16053823607780449	Control
ENSG00000163577	26	55	-29	-0.4764359470357635	0.5242472688515853	0.6208366640021317	-0.09658939515054632	Control
ENSG00000179818	44	86	-42	-0.6889854013245279	0.614308553157474	0.69597655209166	-0.08166799893418597	Control
ENSG00000176105	89	80	9	0.1448624578083174	0.7112976285638156	0.6849187316813216	0.026378896882494063	AD
ENSG00000204314	73	43	30	0.4882115762747831	0.6857180921929124	0.5819344524380495	0.10378363975486282	AD
ENSG00000088812	159	191	-32	-0.5254858211024014	0.7855049293898215	0.8124167332800426	-0.026911803890221075	Control
ENSG00000148572	166	78	88	1.436509141563117	0.7912336797228884	0.6813216093791633	0.10991207034372508	AD
ENSG00000108848	39	74	-35	-0.5745356951690394	0.5951239008792966	0.6718625099920064	-0.0767386091127098	Control
ENSG00000100462	89	40	49	0.7988607786968236	0.7112976285638156	0.5700772715161204	0.1412203570476952	AD
ENSG00000144730	10	27	-17	-0.2802364507692116	0.35251798561151076	0.4998667732480682	-0.14734878763655745	Control
ENSG00000153310	66	112	-46	-0.7543852334133786	0.6722621902478018	0.7347455369038103	-0.06248334665600852	Control
ENSG00000088247	127	117	10	0.16121241583053006	0.7577937649880095	0.7422062350119905	0.015587529976019088	AD
ENSG00000114841	10	19	-9	-0.14943678659151036	0.35251798561151076	0.4337863042899014	-0.08126831867839063	Control
ENSG00000165138	31	48	-17	-0.2802364507692116	0.5567545963229417	0.5995203836930456	-0.04276578737010395	Control
ENSG00000180957	195	429	-234	-3.8281773415893574	0.8120170530242473	0.9257926991739941	-0.11377564614974678	Control
ENSG00000170653	30	81	-51	-0.8361350235244418	0.5494271249666933	0.6873168132160938	-0.1378896882494005	Control
ENSG00000268362	27	60	-33	-0.5418357791246141	0.5325073274713562	0.636957100985878	-0.10444977351452178	Control
ENSG00000185278	61	124	-63	-1.0323345197909937	0.6605382360778044	0.751265654143352	-0.09072741806554763	Control
ENSG00000164941	26	34	-8	-0.1330868285692977	0.5242472688515853	0.5428990141220357	-0.018651745270450326	Control
ENSG00000136718	85	105	-20	-0.3292863248358496	0.7043698374633627	0.7266187050359713	-0.022248867572608577	Control
ENSG00000114902	83	77	6	0.09581258374167942	0.7015720756727951	0.679056754596323	0.02251532107647214	AD
ENSG00000178952	99	5	94	1.5346088896963928	0.7228883559818812	0.22368771649347188	0.4992006394884093	AD
ENSG00000143842	28	47	-19	-0.3129363668136369	0.5390354383160139	0.5957900346389555	-0.056754596322941664	Control
ENSG00000131508	63	64	-1	-0.01863712241380915	0.6665334399147349	0.6484146016520117	0.018118838262723203	Control
ENSG00000167553	8	10	-2	-0.0349870804360218	0.3160138555822009	0.32187583266719955	-0.0058619770849986375	Control
ENSG00000197535	98	65	33	0.5372614503414211	0.7215560884625632	0.6508126831867839	0.07074340527577938	AD
ENSG00000128590	95	12	83	1.3547593514520537	0.7176925126565414	0.35251798561151076	0.3651745270450307	AD
ENSG00000175573	145	52	93	1.5182589316741801	0.7737809752198241	0.6095123900879297	0.16426858513189446	AD
ENSG00000132842	18	16	2	0.03041275165282881	0.45976552091660006	0.4023447908339995	0.05742073008260057	AD
ENSG00000116857	44	19	25	0.40646178616371986	0.614308553157474	0.4337863042899014	0.18052224886757262	AD
ENSG00000226419	43	111	-68	-1.114084309902057	0.609912070343725	0.7338129496402878	-0.1239008792965628	Control
ENSG00000184220	66	12	54	0.8806105688078868	0.6722621902478018	0.35251798561151076	0.319744204636291	AD
ENSG00000073417	29	18	11	0.1775623738527427	0.5442312816413536	0.42312816413535836	0.12110311750599523	AD
ENSG00000119231	58	59	-1	-0.01863712241380915	0.654543032240874	0.6338928856914469	0.020650146549427095	Control
ENSG00000102401	507	416	91	1.485559015629755	0.947242206235012	0.9204636290967226	0.02677857713828935	AD
ENSG00000241973	81	64	17	0.27566212198601864	0.699173994138023	0.6484146016520117	0.050759392486011246	AD
ENSG00000178234	119	114	5	0.07946262571946677	0.7500666133759659	0.7366107114308553	0.013455901945110593	AD
ENSG00000163840	9	20	-11	-0.18213670263593568	0.3361310951239009	0.44537703170796694	-0.10924593658406606	Control
ENSG00000123066	22	56	-34	-0.5581857371468267	0.49213962163602454	0.6244337863042899	-0.13229416466826538	Control
ENSG00000151229	36	98	-62	-1.015984561768781	0.5808686384225953	0.7174260591526779	-0.1365574207300826	Control
ENSG00000206573	12	22	-10	-0.16578674461372303	0.3824940047961631	0.464828137490008	-0.08233413269384493	Control
ENSG00000106052	100	29	71	1.1585598551855019	0.7254196642685852	0.5135891286970423	0.21183053557154286	AD
ENSG00000147475	8	14	-6	-0.10038691252487242	0.3160138555822009	0.3799626965094591	-0.06394884092725817	Control
ENSG00000134056	90	4	86	1.4038092255186916	0.7130295763389288	0.19571009858779642	0.5173194777511324	AD
ENSG00000122733	70	26	44	0.7171109885857603	0.6793232081001865	0.4933386624034106	0.18598454569677592	AD
ENSG00000168314	5	3	2	0.03041275165282881	0.24260591526778577	0.16027178257394084	0.08233413269384493	AD
ENSG00000196776	89	10	79	1.289359519363203	0.7112976285638156	0.32187583266719955	0.3894217958966161	AD
ENSG00000105993	8	4	4	0.06311266769725413	0.3160138555822009	0.19571009858779642	0.12030375699440449	AD
ENSG00000128581	177	318	-141	-2.3076312455235803	0.8006927791100453	0.8826272315480949	-0.08193445243804953	Control
ENSG00000177733	73	175	-102	-1.6699828826572873	0.6857180921929124	0.8000266453503864	-0.11430855315747401	Control
ENSG00000170515	33	3	30	0.4882115762747831	0.5692779110045297	0.16027178257394084	0.4090061284305889	AD
ENSG00000122406	9	9	0	-0.0022871643915964943	0.3361310951239009	0.3050892619237943	0.03104183320010656	Control
ENSG00000069869	70	44	26	0.42281174418593254	0.6793232081001865	0.5848654409805489	0.0944577671196376	AD
ENSG00000162599	55	100	-45	-0.7380352753911659	0.6456168398614441	0.7199573674393819	-0.07434052757793774	Control
ENSG00000064655	8	51	-43	-0.7053353593467406	0.3160138555822009	0.6067146282973621	-0.2907007727151612	Control
ENSG00000104859	12	28	-16	-0.26388649274699894	0.3824940047961631	0.5063948840927258	-0.12390087929656274	Control
ENSG00000250903	6	7	-1	-0.01863712241380915	0.2696509459099387	0.2675193178790301	0.0021316280309086055	Control
ENSG00000179456	41	26	15	0.24296220594159332	0.6021849187316813	0.4933386624034106	0.10884625632827072	AD
ENSG00000130770	117	141	-24	-0.39468615692470016	0.7474020783373302	0.7719158006927791	-0.024513722355448908	Control
ENSG00000197603	20	53	-33	-0.5418357791246141	0.478017585931255	0.6132427391420198	-0.13522515321076478	Control
ENSG00000143314	45	7	38	0.6190112404524843	0.6179056754596323	0.2675193178790301	0.35038635758060216	AD
ENSG00000077420	8	18	-10	-0.16578674461372303	0.3160138555822009	0.42312816413535836	-0.10711430855315746	Control
ENSG00000164050	57	60	-3	-0.05133703845823445	0.65201172395417	0.636957100985878	0.015054622968291964	Control
ENSG00000083857	17	47	-30	-0.4927859050579761	0.44950706101785237	0.5957900346389555	-0.14628297362110315	Control
ENSG00000127314	14	39	-25	-0.41103611494691283	0.4108713029576339	0.5648814281907807	-0.15401012523314678	Control
ENSG00000185008	12	11	1	0.01406279363061616	0.3824940047961631	0.33679722888355984	0.04569677591260324	AD
ENSG00000123684	19	233	-214	-3.501178181145104	0.46989075406341596	0.8415933919531042	-0.37170263788968827	Control
ENSG00000011523	157	8	149	2.433856580918089	0.7832400746069811	0.28710365041300295	0.49613642419397813	AD
ENSG00000112851	51	68	-17	-0.2802364507692116	0.6358912869704236	0.6606714628297362	-0.02478017585931258	Control
ENSG00000166441	17	28	-11	-0.18213670263593568	0.44950706101785237	0.5063948840927258	-0.056887823074873445	Control
ENSG00000164112	43	122	-79	-1.2939338481463962	0.609912070343725	0.7492672528643751	-0.13935518252065016	Control
ENSG00000062725	66	34	32	0.5209114923192084	0.6722621902478018	0.5428990141220357	0.1293631761257661	AD
ENSG00000126870	26	48	-22	-0.36198624088027487	0.5242472688515853	0.5995203836930456	-0.07527311484146026	Control
ENSG00000167613	25	53	-28	-0.4600859890135508	0.5154543032240874	0.6132427391420198	-0.0977884359179324	Control
ENSG00000068400	22	3	19	0.30836203803044393	0.49213962163602454	0.16027178257394084	0.3318678390620837	AD
ENSG00000115084	26	63	-37	-0.6072356112134647	0.5242472688515853	0.645750066613376	-0.12150279776179063	Control
ENSG00000144320	66	9	57	0.9296604428745248	0.6722621902478018	0.3050892619237943	0.36717292832400744	AD
ENSG00000152931	45	9	36	0.5863113244080591	0.6179056754596323	0.3050892619237943	0.31281641353583794	AD
ENSG00000100030	89	63	26	0.42281174418593254	0.7112976285638156	0.645750066613376	0.06554756195043965	AD
ENSG00000149136	113	208	-95	-1.5555331765017988	0.742472688515854	0.8230748734345856	-0.08060218491873161	Control
ENSG00000109133	31	29	2	0.03041275165282881	0.5567545963229417	0.5135891286970423	0.043165467625899345	AD
ENSG00000138443	41	9	32	0.5209114923192084	0.6021849187316813	0.3050892619237943	0.297095656807887	AD
ENSG00000150459	10	8	2	0.03041275165282881	0.35251798561151076	0.28710365041300295	0.06541433519850781	AD
ENSG00000103512	272	353	-81	-1.3266337641908215	0.8529176658673061	0.8978150812683187	-0.04489741540101255	Control
ENSG00000172380	16	31	-15	-0.2475365347247863	0.4373834265920597	0.5257127631228351	-0.0883293365307754	Control
ENSG00000162636	55	35	20	0.3247119960526566	0.6456168398614441	0.548361310951239	0.09725552891020517	AD
ENSG00000161638	10	3	7	0.11216254176389208	0.35251798561151076	0.16027178257394084	0.19224620303756992	AD
ENSG00000092531	33	31	2	0.03041275165282881	0.5692779110045297	0.5257127631228351	0.04356514788169463	AD
ENSG00000273841	135	11	124	2.0251076303627724	0.7637889688249401	0.33679722888355984	0.42699173994138023	AD
ENSG00000167004	2	2	0	-0.0022871643915964943	0.12283506528110845	0.11204369837463363	0.010791366906474822	Control
ENSG00000204442	86	28	58	0.9460104008967375	0.7065014654942713	0.5063948840927258	0.20010658140154547	AD
ENSG00000175426	6	13	-7	-0.11673687054708508	0.2696509459099387	0.3673061550759392	-0.09765520916600051	Control
ENSG00000008083	8	5	3	0.04676270967504147	0.3160138555822009	0.22368771649347188	0.09232613908872903	AD
ENSG00000158526	57	56	1	0.01406279363061616	0.65201172395417	0.6244337863042899	0.027577937649880035	AD
ENSG00000161980	189	184	5	0.07946262571946677	0.8086863842259526	0.8066879829469757	0.00199840127897688	AD
ENSG00000162852	35	48	-13	-0.214836618680361	0.5768718358646416	0.5995203836930456	-0.022648547828403975	Control
ENSG00000189223	1	1	0	-0.0022871643915964943	0.04782840394351186	0.04209965361044498	0.005728750333066877	Control
ENSG00000011426	15	1	14	0.22661224791938067	0.4237942978950173	0.04209965361044498	0.38169464428457234	AD
ENSG00000286318	3	9	-6	-0.10038691252487242	0.17306155075939247	0.3050892619237943	-0.13202771116440185	Control
ENSG00000152291	61	34	27	0.43916170220814515	0.6605382360778044	0.5428990141220357	0.1176392219557687	AD
ENSG00000104164	142	203	-61	-0.9996346037465683	0.7704503064215295	0.8193445243804957	-0.0488942179589662	Control
ENSG00000121481	22	15	7	0.11216254176389208	0.49213962163602454	0.3911537436717293	0.10098587796429526	AD
ENSG00000204301	2	3	-1	-0.01863712241380915	0.12283506528110845	0.16027178257394084	-0.03743671729283239	Control
ENSG00000261326	42	16	26	0.42281174418593254	0.6060484945377032	0.4023447908339995	0.20370370370370366	AD
ENSG00000175727	15	8	7	0.11216254176389208	0.4237942978950173	0.28710365041300295	0.13669064748201437	AD
ENSG00000152990	8	36	-28	-0.4600859890135508	0.3160138555822009	0.5523581135091926	-0.2363442579269917	Control
ENSG00000117155	55	26	29	0.4718616182525705	0.6456168398614441	0.4933386624034106	0.15227817745803351	AD
ENSG00000218739	75	35	40	0.6517111564969097	0.689714894750866	0.548361310951239	0.14135358379962704	AD
ENSG00000163590	73	95	-22	-0.36198624088027487	0.6857180921929124	0.7119637623234746	-0.026245670130562226	Control
ENSG00000121905	22	62	-40	-0.6562854852801027	0.49213962163602454	0.6421529443112177	-0.15001332267519318	Control
ENSG00000176148	33	53	-20	-0.3292863248358496	0.5692779110045297	0.6132427391420198	-0.04396482813749003	Control
ENSG00000067066	26	26	0	-0.0022871643915964943	0.5242472688515853	0.4933386624034106	0.030908606448174725	Control
ENSG00000206535	70	114	-44	-0.7216853173689532	0.6793232081001865	0.7366107114308553	-0.05728750333066879	Control
ENSG00000069509	177	259	-82	-1.3429837222130343	0.8006927791100453	0.8566480149213962	-0.05595523581135087	Control
ENSG00000188229	32	87	-55	-0.9015348556132925	0.5639488409272582	0.697841726618705	-0.13389288569144686	Control
ENSG00000279118	5	13	-8	-0.1330868285692977	0.24260591526778577	0.3673061550759392	-0.12470023980815345	Control
ENSG00000128654	111	121	-10	-0.16578674461372303	0.7398081534772182	0.7475353050892619	-0.007727151612043737	Control
ENSG00000023734	87	126	-39	-0.6399355272578899	0.7087663202771116	0.7549960031974421	-0.04622968292033047	Control
ENSG00000083937	37	2	35	0.5699613663858464	0.5855315747402078	0.11204369837463363	0.47348787636557416	AD
ENSG00000165121	39	122	-83	-1.359333680235247	0.5951239008792966	0.7492672528643751	-0.15414335198507856	Control
ENSG00000105855	15	47	-32	-0.5254858211024014	0.4237942978950173	0.5957900346389555	-0.1719957367439382	Control
ENSG00000163466	100	83	17	0.27566212198601864	0.7254196642685852	0.691580069277911	0.03383959499067413	AD
ENSG00000100883	70	37	33	0.5372614503414211	0.6793232081001865	0.5568878230748734	0.12243538502531315	AD
ENSG00000133398	25	66	-41	-0.6726354433023153	0.5154543032240874	0.6540101252331468	-0.13855582200905947	Control
ENSG00000196954	14	13	1	0.01406279363061616	0.4108713029576339	0.3673061550759392	0.04356514788169469	AD
ENSG00000162374	35	10	25	0.40646178616371986	0.5768718358646416	0.32187583266719955	0.2549960031974421	AD
ENSG00000129245	104	244	-140	-2.2912812875013677	0.731814548361311	0.8489208633093526	-0.11710631494804158	Control
ENSG00000144579	28	23	5	0.07946262571946677	0.5390354383160139	0.47282174260591525	0.06621369571009861	AD
ENSG00000171163	7	6	1	0.01406279363061616	0.29349853450572877	0.24660271782573942	0.04689581667998935	AD
ENSG00000123349	15	18	-3	-0.05133703845823445	0.4237942978950173	0.42312816413535836	6.6613375965896e-4	Control
ENSG00000151090	33	8	25	0.40646178616371986	0.5692779110045297	0.28710365041300295	0.2821742605915268	AD
ENSG00000148143	19	38	-19	-0.3129363668136369	0.46989075406341596	0.5612843058886224	-0.09139355182520648	Control
ENSG00000123338	24	45	-21	-0.3456362828580622	0.5077271516120437	0.5885957900346389	-0.08086863842259517	Control
ENSG00000008988	4	3	1	0.01406279363061616	0.21183053557154277	0.16027178257394084	0.05155875299760193	AD
ENSG00000139737	23	7	16	0.25931216396380596	0.5001332267519318	0.2675193178790301	0.23261390887290173	AD
ENSG00000123240	89	116	-27	-0.4437360309913381	0.7112976285638156	0.7398081534772182	-0.028510524913402557	Control
ENSG00000175087	84	130	-46	-0.7543852334133786	0.7029043431921129	0.7609912070343725	-0.058086863842259584	Control
ENSG00000213719	10	15	-5	-0.08403695450265977	0.35251798561151076	0.3911537436717293	-0.03863575806021852	Control
ENSG00000173611	58	21	37	0.6026612824302717	0.654543032240874	0.4559019451105782	0.19864108713029577	AD
ENSG00000180353	8	36	-28	-0.4600859890135508	0.3160138555822009	0.5523581135091926	-0.2363442579269917	Control
ENSG00000145246	60	125	-65	-1.0650344358354191	0.6578737010391686	0.7529976019184652	-0.09512390087929656	Control
ENSG00000165185	39	92	-53	-0.8688349395688671	0.5951239008792966	0.7065014654942713	-0.11137756461497472	Control
ENSG00000041357	119	239	-120	-1.9642821270571151	0.7500666133759659	0.8458566480149214	-0.09579003463895552	Control
ENSG00000083828	70	103	-33	-0.5418357791246141	0.6793232081001865	0.7242206235011991	-0.04489741540101255	Control
ENSG00000105376	3	2	1	0.01406279363061616	0.17306155075939247	0.11204369837463363	0.06101785238475885	AD
ENSG00000158220	6	5	1	0.01406279363061616	0.2696509459099387	0.22368771649347188	0.04596322941646683	AD
ENSG00000162409	107	12	95	1.5509588477186056	0.7351452171596057	0.35251798561151076	0.3826272315480949	AD
ENSG00000089159	32	59	-27	-0.4437360309913381	0.5639488409272582	0.6338928856914469	-0.0699440447641887	Control
ENSG00000157680	16	33	-17	-0.2802364507692116	0.4373834265920597	0.5363709032773781	-0.09898747668531843	Control
ENSG00000132357	18	2	16	0.25931216396380596	0.45976552091660006	0.11204369837463363	0.34772182254196643	AD
ENSG00000179532	28	24	4	0.06311266769725413	0.5390354383160139	0.4794830802025047	0.059552358113509174	AD
ENSG00000204287	3	9	-6	-0.10038691252487242	0.17306155075939247	0.3050892619237943	-0.13202771116440185	Control
ENSG00000011114	22	9	13	0.21026228989716803	0.49213962163602454	0.3050892619237943	0.18705035971223022	AD
ENSG00000170919	70	127	-57	-0.9342347716577177	0.6793232081001865	0.7569944044764189	-0.07767119637623232	Control
ENSG00000139668	46	148	-102	-1.6699828826572873	0.6209698907540634	0.7769784172661871	-0.1560085265121237	Control
ENSG00000119688	12	15	-3	-0.05133703845823445	0.3824940047961631	0.3911537436717293	-0.008659738875566203	Control
ENSG00000182512	139	79	60	0.9787103169411627	0.7667199573674394	0.6826538768984812	0.08406608046895814	AD
ENSG00000139200	35	96	-61	-0.9996346037465683	0.5768718358646416	0.7143618438582467	-0.1374900079936051	Control
ENSG00000109320	21	21	0	-0.0022871643915964943	0.4845456967759126	0.4559019451105782	0.028643751665334394	Control
ENSG00000157110	11	9	2	0.03041275165282881	0.36757260857980284	0.3050892619237943	0.06248334665600852	AD
ENSG00000147642	33	17	16	0.25931216396380596	0.5692779110045297	0.4132693844924061	0.15600852651212366	AD
ENSG00000102898	37	6	31	0.5045615342969958	0.5855315747402078	0.24660271782573942	0.3389288569144684	AD
ENSG00000114631	27	10	17	0.27566212198601864	0.5325073274713562	0.32187583266719955	0.21063149480415666	AD
ENSG00000110651	2	3	-1	-0.01863712241380915	0.12283506528110845	0.16027178257394084	-0.03743671729283239	Control
ENSG00000114942	6	1	5	0.07946262571946677	0.2696509459099387	0.04209965361044498	0.22755129229949372	AD
ENSG00000168259	155	402	-247	-4.040726795878122	0.7812416733280043	0.9134026112443379	-0.13216093791633354	Control
ENSG00000122965	33	59	-26	-0.4273860729691255	0.5692779110045297	0.6338928856914469	-0.06461497468691713	Control
ENSG00000144959	9	6	3	0.04676270967504147	0.3361310951239009	0.24660271782573942	0.08952837729816146	AD
ENSG00000111371	5	42	-37	-0.6072356112134647	0.24260591526778577	0.5788702371436184	-0.33626432187583266	Control
ENSG00000124507	4	2	2	0.03041275165282881	0.21183053557154277	0.11204369837463363	0.099786837196909145	AD
ENSG00000165895	51	37	14	0.22661224791938067	0.6358912869704236	0.5568878230748734	0.07900346389555024	AD
ENSG00000001629	55	32	23	0.37376187011929457	0.6456168398614441	0.530775379696243	0.11484146016520114	AD
ENSG00000282164	32	55	-23	-0.37833619890248754	0.5639488409272582	0.6208366640021317	-0.0568878230748735	Control
ENSG00000172466	35	22	13	0.21026228989716803	0.5768718358646416	0.464828137490008	0.11204369837463363	AD
ENSG00000119471	20	32	-12	-0.19848666065814832	0.478017585931255	0.530775379696243	-0.052757793764988015	Control
ENSG00000146433	32	44	-12	-0.19848666065814832	0.5639488409272582	0.5848654409805489	-0.020916600053290768	Control
ENSG00000184277	94	125	-31	-0.5091358630801888	0.7164934718891554	0.7529976019184652	-0.036504130029309856	Control
ENSG00000136867	16	19	-3	-0.05133703845823445	0.4373834265920597	0.4337863042899014	0.0035971223021583065	Control
ENSG00000184524	29	40	-11	-0.18213670263593568	0.5442312816413536	0.5700772715161204	-0.025845989874766828	Control
ENSG00000132879	12	56	-44	-0.7216853173689532	0.3824940047961631	0.6244337863042899	-0.24193978150812684	Control
ENSG00000127957	15	29	-14	-0.23118657670257364	0.4237942978950173	0.5135891286970423	-0.089794830802025	Control
ENSG00000137267	6	13	-7	-0.11673687054708508	0.2696509459099387	0.3673061550759392	-0.09765520916600051	Control
ENSG00000163902	29	4	25	0.40646178616371986	0.5442312816413536	0.19571009858779642	0.34852118305355717	AD
ENSG00000253877	6	3	3	0.04676270967504147	0.2696509459099387	0.16027178257394084	0.10937916333599787	AD
ENSG00000075651	21	8	13	0.21026228989716803	0.4845456967759126	0.28710365041300295	0.19744204636290963	AD
ENSG00000104427	34	16	18	0.2920120800082313	0.5731414868105515	0.4023447908339995	0.17079669597655206	AD
ENSG00000173039	6	19	-13	-0.214836618680361	0.2696509459099387	0.4337863042899014	-0.16413535837996268	Control
ENSG00000119397	30	147	-117	-1.915232252990477	0.5494271249666933	0.7763122835065281	-0.22688515853983482	Control
ENSG00000109458	38	58	-20	-0.3292863248358496	0.5907274180655475	0.6304289901412203	-0.03970157207567282	Control
ENSG00000171160	16	3	13	0.21026228989716803	0.4373834265920597	0.16027178257394084	0.27711164401811883	AD
ENSG00000067191	23	46	-23	-0.37833619890248754	0.5001332267519318	0.592326139088729	-0.09219291233679716	Control
ENSG00000166479	250	53	197	3.2186545659842962	0.839195310418332	0.6132427391420198	0.2259525712763122	AD
ENSG00000177879	49	19	30	0.4882115762747831	0.6305622168931522	0.4337863042899014	0.19677591260325078	AD
ENSG00000174080	39	2	37	0.6026612824302717	0.5951239008792966	0.11204369837463363	0.48308020250466294	AD
ENSG00000106245	36	4	32	0.5209114923192084	0.5808686384225953	0.19571009858779642	0.38515853983479886	AD
ENSG00000163516	11	12	-1	-0.01863712241380915	0.36757260857980284	0.35251798561151076	0.015054622968292075	Control
ENSG00000103145	119	110	9	0.1448624578083174	0.7500666133759659	0.7326139088729017	0.017452704503064242	AD
ENSG00000164181	9	1	8	0.12851249978610474	0.3361310951239009	0.04209965361044498	0.2940314415134559	AD
ENSG00000110958	10	7	3	0.04676270967504147	0.35251798561151076	0.2675193178790301	0.08499866773248066	AD
ENSG00000138496	2	9	-7	-0.11673687054708508	0.12283506528110845	0.3050892619237943	-0.18225419664268588	Control
ENSG00000023516	123	179	-56	-0.9178848136355051	0.7541966426858513	0.8025579536370904	-0.04836131095123908	Control
ENSG00000126860	19	10	9	0.1448624578083174	0.46989075406341596	0.32187583266719955	0.14801492139621641	AD
ENSG00000157214	65	26	39	0.635361198474697	0.6697308819610978	0.4933386624034106	0.17639221955768714	AD
ENSG00000143198	23	27	-4	-0.06768699648044711	0.5001332267519318	0.4998667732480682	2.664535038636173e-4	Control
ENSG00000183624	42	68	-26	-0.4273860729691255	0.6060484945377032	0.6606714628297362	-0.05462296829203306	Control
ENSG00000139579	28	95	-67	-1.0977343518798444	0.5390354383160139	0.7119637623234746	-0.17292832400746072	Control
ENSG00000030419	26	14	12	0.19391233187495535	0.5242472688515853	0.3799626965094591	0.14428457234212627	AD
ENSG00000102103	170	161	9	0.1448624578083174	0.7949640287769785	0.7887023714361844	0.006261657340794091	AD
ENSG00000050030	80	94	-14	-0.23118657670257364	0.697841726618705	0.709832134292566	-0.011990407673860948	Control
ENSG00000104723	84	165	-81	-1.3266337641908215	0.7029043431921129	0.7932320810018652	-0.09032773780975223	Control
ENSG00000171824	4	5	-1	-0.01863712241380915	0.21183053557154277	0.22368771649347188	-0.011857180921929111	Control
ENSG00000144445	27	14	13	0.21026228989716803	0.5325073274713562	0.3799626965094591	0.15254463096189713	AD
ENSG00000085982	26	76	-50	-0.8197850655022292	0.5242472688515853	0.6762589928057554	-0.15201172395417006	Control
ENSG00000137177	13	68	-55	-0.9015348556132925	0.397015720756728	0.6606714628297362	-0.26365574207300824	Control
ENSG00000140941	133	82	51	0.8315606947412488	0.7612576605382361	0.6895816679989342	0.0716759925393019	AD
ENSG00000172331	57	22	35	0.5699613663858464	0.65201172395417	0.464828137490008	0.18718358646416194	AD
ENSG00000137710	33	36	-3	-0.05133703845823445	0.5692779110045297	0.5523581135091926	0.01691979749533712	Control
ENSG00000166402	6	4	2	0.03041275165282881	0.2696509459099387	0.19571009858779642	0.07394084732214229	AD
ENSG00000106153	96	54	42	0.6844110725413349	0.7191580069277911	0.617505995203837	0.1016520117239541	AD
ENSG00000122550	87	118	-31	-0.5091358630801888	0.7087663202771116	0.7438049560351718	-0.03503863575806021	Control
ENSG00000164663	11	19	-8	-0.1330868285692977	0.36757260857980284	0.4337863042899014	-0.06621369571009855	Control
ENSG00000167114	43	7	36	0.5863113244080591	0.609912070343725	0.2675193178790301	0.34239275246469486	AD
ENSG00000214765	17	22	-5	-0.08403695450265977	0.44950706101785237	0.464828137490008	-0.015321076472155637	Control
ENSG00000165424	9	4	5	0.07946262571946677	0.3361310951239009	0.19571009858779642	0.14042099653610446	AD
ENSG00000213625	7	5	2	0.03041275165282881	0.29349853450572877	0.22368771649347188	0.06981081801225689	AD
ENSG00000189079	73	189	-116	-1.8988822949682644	0.6857180921929124	0.8114841460165201	-0.12576605382360773	Control
ENSG00000113552	115	81	34	0.5536114083636338	0.7450039968025579	0.6873168132160938	0.057687183586464075	AD
ENSG00000048544	72	3	69	1.1258599391410764	0.6837196909139355	0.16027178257394084	0.5234479083399947	AD
ENSG00000006125	61	15	46	0.7498109046301856	0.6605382360778044	0.3911537436717293	0.2693844924060751	AD
ENSG00000179104	14	6	8	0.12851249978610474	0.4108713029576339	0.24660271782573942	0.1642685851318945	AD
ENSG00000147650	61	409	-348	-5.6920725561216	0.6605382360778044	0.9169997335464961	-0.25646149746869173	Control
ENSG00000107077	47	75	-28	-0.4600859890135508	0.623767652544631	0.6742605915267785	-0.05049293898214757	Control
ENSG00000150867	17	23	-6	-0.10038691252487242	0.44950706101785237	0.47282174260591525	-0.02331468158806288	Control
ENSG00000158470	49	13	36	0.5863113244080591	0.6305622168931522	0.3673061550759392	0.26325606181721295	AD
ENSG00000089597	39	3	36	0.5863113244080591	0.5951239008792966	0.16027178257394084	0.43485211830535575	AD
ENSG00000154803	4	5	-1	-0.01863712241380915	0.21183053557154277	0.22368771649347188	-0.011857180921929111	Control
ENSG00000166689	26	60	-34	-0.5581857371468267	0.5242472688515853	0.636957100985878	-0.11270983213429264	Control
ENSG00000174173	74	81	-7	-0.11673687054708508	0.687849720223821	0.6873168132160938	5.329070077271236e-4	Control
ENSG00000162407	16	56	-40	-0.6562854852801027	0.4373834265920597	0.6244337863042899	-0.18705035971223022	Control
ENSG00000248019	29	12	17	0.27566212198601864	0.5442312816413536	0.35251798561151076	0.19171329602984283	AD
ENSG00000074071	61	150	-89	-1.4574334283685229	0.6605382360778044	0.7783106847855049	-0.11777244870770054	Control
ENSG00000104863	142	254	-112	-1.8334824628794137	0.7704503064215295	0.8554489741540101	-0.08499866773248066	Control
ENSG00000136819	47	14	33	0.5372614503414211	0.623767652544631	0.3799626965094591	0.24380495603517188	AD
ENSG00000110218	76	138	-62	-1.015984561768781	0.6917132960298428	0.7692512656541434	-0.0775379696243006	Control
ENSG00000009413	23	55	-32	-0.5254858211024014	0.5001332267519318	0.6208366640021317	-0.12070343725019983	Control
ENSG00000185742	48	12	36	0.5863113244080591	0.6268318678390621	0.35251798561151076	0.2743138822275513	AD
ENSG00000136875	30	1	29	0.4718616182525705	0.5494271249666933	0.04209965361044498	0.5073274713562483	AD
ENSG00000187239	56	77	-21	-0.3456362828580622	0.6486810551558753	0.679056754596323	-0.030375699440447712	Control
ENSG00000047365	35	64	-29	-0.4764359470357635	0.5768718358646416	0.6484146016520117	-0.07154276578737007	Control
ENSG00000131873	14	4	10	0.16121241583053006	0.4108713029576339	0.19571009858779642	0.2151612043698375	AD
ENSG00000164794	14	21	-7	-0.11673687054708508	0.4108713029576339	0.4559019451105782	-0.04503064215294428	Control
ENSG00000015479	22	22	0	-0.0022871643915964943	0.49213962163602454	0.464828137490008	0.02731148414601653	Control
ENSG00000167642	162	40	122	1.9924077143183472	0.7888355981881162	0.5700772715161204	0.2187583266719958	AD
ENSG00000130024	32	1	31	0.5045615342969958	0.5639488409272582	0.04209965361044498	0.5218491873168132	AD
ENSG00000168496	26	50	-24	-0.39468615692470016	0.5242472688515853	0.6040500932587264	-0.07980282440714104	Control
ENSG00000148175	24	20	4	0.06311266769725413	0.5077271516120437	0.44537703170796694	0.062350119904076795	AD
ENSG00000054690	24	12	12	0.19391233187495535	0.5077271516120437	0.35251798561151076	0.15520916600053297	AD
ENSG00000060138	19	17	2	0.03041275165282881	0.46989075406341596	0.4132693844924061	0.05662136957100988	AD
ENSG00000104365	57	108	-51	-0.8361350235244418	0.65201172395417	0.7302158273381295	-0.07820410338395956	Control
ENSG00000072864	37	17	20	0.3247119960526566	0.5855315747402078	0.4132693844924061	0.1722621902478017	AD
ENSG00000148334	120	18	102	1.6654085538740941	0.7517985611510791	0.42312816413535836	0.32867039701572076	AD
ENSG00000139684	37	26	11	0.1775623738527427	0.5855315747402078	0.4933386624034106	0.09219291233679716	AD
ENSG00000169564	22	11	11	0.1775623738527427	0.49213962163602454	0.33679722888355984	0.1553423927524647	AD
ENSG00000116983	4	2	2	0.03041275165282881	0.21183053557154277	0.11204369837463363	0.099786837196909145	AD
ENSG00000143772	38	55	-17	-0.2802364507692116	0.5907274180655475	0.6208366640021317	-0.03010924593658415	Control
ENSG00000171634	21	80	-59	-0.9669346877021431	0.4845456967759126	0.6849187316813216	-0.20037303490540898	Control
ENSG00000180370	28	45	-17	-0.2802364507692116	0.5390354383160139	0.5885957900346389	-0.04956035171862505	Control
ENSG00000170832	117	276	-159	-2.6019304899234084	0.7474020783373302	0.8619770849986678	-0.11457500666133758	Control
ENSG00000126947	125	43	82	1.338409393429841	0.7556621369571009	0.5819344524380495	0.1737276845190514	AD
ENSG00000035141	106	155	-49	-0.8034351074800166	0.7343458566480149	0.7817745803357314	-0.047428723687716556	Control
ENSG00000164889	9	4	5	0.07946262571946677	0.3361310951239009	0.19571009858779642	0.14042099653610446	AD
ENSG00000106484	100	3	97	1.5836587637630308	0.7254196642685852	0.16027178257394084	0.5651478816946444	AD
ENSG00000186166	28	26	2	0.03041275165282881	0.5390354383160139	0.4933386624034106	0.04569677591260324	AD
ENSG00000154124	24	15	9	0.1448624578083174	0.5077271516120437	0.3911537436717293	0.11657340794031446	AD
ENSG00000164117	10	14	-4	-0.06768699648044711	0.35251798561151076	0.3799626965094591	-0.02744471089794831	Control
ENSG00000159202	74	63	11	0.1775623738527427	0.687849720223821	0.645750066613376	0.04209965361044499	AD
ENSG00000112282	19	28	-9	-0.14943678659151036	0.46989075406341596	0.5063948840927258	-0.036504130029309856	Control
ENSG00000105778	17	10	7	0.11216254176389208	0.44950706101785237	0.32187583266719955	0.12763122835065283	AD
ENSG00000158445	111	117	-6	-0.10038691252487242	0.7398081534772182	0.7422062350119905	-0.0023980815347722784	Control
ENSG00000198563	46	68	-22	-0.36198624088027487	0.6209698907540634	0.6606714628297362	-0.03970157207567282	Control
ENSG00000124164	71	161	-90	-1.4737833863907355	0.6817212896349587	0.7887023714361844	-0.10698108180122567	Control
ENSG00000123570	86	67	19	0.30836203803044393	0.7065014654942713	0.6576072475353051	0.0488942179589662	AD
ENSG00000039319	24	37	-13	-0.214836618680361	0.5077271516120437	0.5568878230748734	-0.04916067146282965	Control
ENSG00000235750	5	4	1	0.01406279363061616	0.24260591526778577	0.19571009858779642	0.04689581667998935	AD
ENSG00000142676	8	13	-5	-0.08403695450265977	0.3160138555822009	0.3673061550759392	-0.051292299493738314	Control
ENSG00000125901	124	179	-55	-0.9015348556132925	0.7547295496935784	0.8025579536370904	-0.047828403943511955	Control
ENSG00000119772	6	3	3	0.04676270967504147	0.2696509459099387	0.16027178257394084	0.10937916333599787	AD
ENSG00000103034	100	5	95	1.5509588477186056	0.7254196642685852	0.22368771649347188	0.5017319477751133	AD
ENSG00000158636	50	37	13	0.21026228989716803	0.6334932054356515	0.5568878230748734	0.07660538236077807	AD
ENSG00000087152	72	153	-81	-1.3266337641908215	0.6837196909139355	0.7803090860644818	-0.09658939515054632	Control
ENSG00000103723	14	27	-13	-0.214836618680361	0.4108713029576339	0.4998667732480682	-0.08899547029043431	Control
ENSG00000154723	118	227	-109	-1.7844325888127759	0.7484678923527844	0.8359978683719691	-0.08752997601918466	Control
ENSG00000215788	8	11	-3	-0.05133703845823445	0.3160138555822009	0.33679722888355984	-0.02078337330135893	Control
ENSG00000174132	118	160	-42	-0.6889854013245279	0.7484678923527844	0.7873701039168665	-0.03890221156408202	Control
ENSG00000279419	11	6	5	0.07946262571946677	0.36757260857980284	0.24660271782573942	0.12096989075406342	AD
ENSG00000113240	13	4	9	0.1448624578083174	0.397015720756728	0.19571009858779642	0.20130562216893155	AD
ENSG00000188419	161	333	-172	-2.814479944212173	0.7875033306687983	0.8878230748734346	-0.1003197442046363	Control
ENSG00000214029	30	60	-30	-0.4927859050579761	0.5494271249666933	0.636957100985878	-0.08752997601918466	Control
ENSG00000145495	50	30	20	0.3247119960526566	0.6334932054356515	0.5201172395417	0.11337596589395149	AD
ENSG00000050426	57	34	23	0.37376187011929457	0.65201172395417	0.5428990141220357	0.10911270983213428	AD
ENSG00000119927	9	77	-68	-1.114084309902057	0.3361310951239009	0.679056754596323	-0.3429256594724221	Control
ENSG00000105854	32	61	-29	-0.4764359470357635	0.5639488409272582	0.6394884092725819	-0.07553956834532372	Control
ENSG00000175161	28	12	16	0.25931216396380596	0.5390354383160139	0.35251798561151076	0.1865174527045031	AD
ENSG00000185090	65	73	-8	-0.1330868285692977	0.6697308819610978	0.669597655209166	1.332267519317254e-4	Control
ENSG00000167601	38	53	-15	-0.2475365347247863	0.5907274180655475	0.6132427391420198	-0.02251532107647225	Control
ENSG00000165801	32	82	-50	-0.8197850655022292	0.5639488409272582	0.6895816679989342	-0.125632827071676	Control
ENSG00000240764	12	70	-58	-0.9505847296799305	0.3824940047961631	0.665201172395417	-0.2827071675992539	Control
ENSG00000198887	42	88	-46	-0.7543852334133786	0.6060484945377032	0.6998401278976819	-0.09379163335997875	Control
ENSG00000166200	147	50	97	1.5836587637630308	0.7756461497468692	0.6040500932587264	0.1715960564881428	AD
ENSG00000213949	18	2	16	0.25931216396380596	0.45976552091660006	0.11204369837463363	0.34772182254196643	AD
ENSG00000075413	30	70	-40	-0.6562854852801027	0.5494271249666933	0.665201172395417	-0.11577404742872366	Control
ENSG00000185432	29	87	-58	-0.9505847296799305	0.5442312816413536	0.697841726618705	-0.15361044497735143	Control
ENSG00000197249	13	22	-9	-0.14943678659151036	0.397015720756728	0.464828137490008	-0.06781241673328003	Control
ENSG00000142186	142	193	-51	-0.8361350235244418	0.7704503064215295	0.8136157740474287	-0.043165467625899234	Control
ENSG00000135837	11	77	-66	-1.0813843938576317	0.36757260857980284	0.679056754596323	-0.31148414601652014	Control
ENSG00000169282	27	43	-16	-0.26388649274699894	0.5325073274713562	0.5819344524380495	-0.049427124966693325	Control
ENSG00000136238	50	25	25	0.40646178616371986	0.6334932054356515	0.48627764455102584	0.14721556088462562	AD
ENSG00000061794	112	130	-18	-0.2965864087914242	0.7412736477484679	0.7609912070343725	-0.019717559285904573	Control
ENSG00000133135	63	147	-84	-1.3756836382574595	0.6665334399147349	0.7763122835065281	-0.10977884359179324	Control
ENSG00000155858	62	102	-40	-0.6562854852801027	0.6637356781241673	0.7228883559818812	-0.05915267785771383	Control
ENSG00000155099	32	35	-3	-0.05133703845823445	0.5639488409272582	0.548361310951239	0.015587529976019199	Control
ENSG00000213614	23	32	-9	-0.14943678659151036	0.5001332267519318	0.530775379696243	-0.030642152944311163	Control
ENSG00000186416	239	252	-13	-0.214836618680361	0.8325339728217426	0.8535837996269651	-0.021049826805222493	Control
ENSG00000137478	20	18	2	0.03041275165282881	0.478017585931255	0.42312816413535836	0.05488942179589662	AD
ENSG00000044115	26	31	-5	-0.08403695450265977	0.5242472688515853	0.5257127631228351	-0.0014654942712497565	Control
ENSG00000132153	30	48	-18	-0.2965864087914242	0.5494271249666933	0.5995203836930456	-0.050093258726352285	Control
ENSG00000162639	20	149	-129	-2.111431749257029	0.478017585931255	0.7775113242739142	-0.29949373834265924	Control
ENSG00000169764	9	17	-8	-0.1330868285692977	0.3361310951239009	0.4132693844924061	-0.0771382893685052	Control
ENSG00000115594	1	1	0	-0.0022871643915964943	0.04782840394351186	0.04209965361044498	0.005728750333066877	Control
ENSG00000109270	127	223	-96	-1.5718831345240114	0.7577937649880095	0.8333333333333334	-0.07553956834532383	Control
ENSG00000134884	46	53	-7	-0.11673687054708508	0.6209698907540634	0.6132427391420198	0.007727151612043626	Control
ENSG00000072786	15	5	10	0.16121241583053006	0.4237942978950173	0.22368771649347188	0.20010658140154544	AD
ENSG00000150995	40	13	27	0.43916170220814515	0.5987210231814548	0.3673061550759392	0.2314148681055156	AD
ENSG00000130226	37	45	-8	-0.1330868285692977	0.5855315747402078	0.5885957900346389	-0.0030642152944311274	Control
ENSG00000132669	84	55	29	0.4718616182525705	0.7029043431921129	0.6208366640021317	0.08206767918998126	AD
ENSG00000111266	15	1	14	0.22661224791938067	0.4237942978950173	0.04209965361044498	0.38169464428457234	AD
ENSG00000132780	21	52	-31	-0.5091358630801888	0.4845456967759126	0.6095123900879297	-0.1249666933120171	Control
ENSG00000128881	54	46	8	0.12851249978610474	0.643218758326672	0.592326139088729	0.05089261923794297	AD
ENSG00000166847	9	3	6	0.09581258374167942	0.3361310951239009	0.16027178257394084	0.17585931254996004	AD
ENSG00000232931	23	65	-42	-0.6889854013245279	0.5001332267519318	0.6508126831867839	-0.15067945643485203	Control
ENSG00000197536	14	18	-4	-0.06768699648044711	0.4108713029576339	0.42312816413535836	-0.012256861177724454	Control
ENSG00000197283	3	2	1	0.01406279363061616	0.17306155075939247	0.11204369837463363	0.06101785238475885	AD
ENSG00000157216	30	4	26	0.42281174418593254	0.5494271249666933	0.19571009858779642	0.3537170263788969	AD
ENSG00000100632	96	70	26	0.42281174418593254	0.7191580069277911	0.665201172395417	0.0539568345323741	AD
ENSG00000188021	84	41	43	0.7007610305635477	0.7029043431921129	0.5751398880895284	0.1277644551025845	AD
ENSG00000106344	15	3	12	0.19391233187495535	0.4237942978950173	0.16027178257394084	0.2635225153210765	AD
ENSG00000136448	93	45	48	0.7825108206746109	0.7150279776179057	0.5885957900346389	0.1264321875832668	AD
ENSG00000165392	7	48	-41	-0.6726354433023153	0.29349853450572877	0.5995203836930456	-0.30602184918731684	Control
ENSG00000155970	23	14	9	0.1448624578083174	0.5001332267519318	0.3799626965094591	0.12017053024247276	AD
ENSG00000028839	44	62	-18	-0.2965864087914242	0.614308553157474	0.6421529443112177	-0.02784439115374371	Control
ENSG00000242485	50	31	19	0.30836203803044393	0.6334932054356515	0.5257127631228351	0.10778044231281636	AD
ENSG00000272505	1	14	-13	-0.214836618680361	0.04782840394351186	0.3799626965094591	-0.33213429256594723	Control
ENSG00000172915	25	22	3	0.04676270967504147	0.5154543032240874	0.464828137490008	0.050626165734079354	AD
ENSG00000264112	2	6	-4	-0.06768699648044711	0.12283506528110845	0.24660271782573942	-0.12376765254463097	Control
ENSG00000125386	16	39	-23	-0.37833619890248754	0.4373834265920597	0.5648814281907807	-0.127498001598721	Control
ENSG00000172936	3	21	-18	-0.2965864087914242	0.17306155075939247	0.4559019451105782	-0.2828403943511857	Control
ENSG00000125149	78	19	59	0.9623603589189501	0.6954436450839329	0.4337863042899014	0.26165734079403147	AD
ENSG00000178917	10	13	-3	-0.05133703845823445	0.35251798561151076	0.3673061550759392	-0.014788169464428458	Control
ENSG00000139641	19	4	15	0.24296220594159332	0.46989075406341596	0.19571009858779642	0.27418065547561954	AD
ENSG00000139726	168	155	13	0.21026228989716803	0.7932320810018652	0.7817745803357314	0.011457500666133713	AD
ENSG00000143226	8	31	-23	-0.37833619890248754	0.3160138555822009	0.5257127631228351	-0.2096989075406342	Control
ENSG00000178035	13	12	1	0.01406279363061616	0.397015720756728	0.35251798561151076	0.04449773514521721	AD
ENSG00000127884	56	5	51	0.8315606947412488	0.6486810551558753	0.22368771649347188	0.4249933386624034	AD
ENSG00000176490	134	122	12	0.19391233187495535	0.7624567013056222	0.7492672528643751	0.013189448441247031	AD
ENSG00000183579	8	12	-4	-0.06768699648044711	0.3160138555822009	0.35251798561151076	-0.036504130029309856	Control
ENSG00000164258	33	16	17	0.27566212198601864	0.5692779110045297	0.4023447908339995	0.16693312017053025	AD
ENSG00000101144	14	46	-32	-0.5254858211024014	0.4108713029576339	0.592326139088729	-0.1814548361310951	Control
ENSG00000081377	41	94	-53	-0.8688349395688671	0.6021849187316813	0.709832134292566	-0.10764721556088463	Control
ENSG00000007392	13	5	8	0.12851249978610474	0.397015720756728	0.22368771649347188	0.1733280042632561	AD
ENSG00000138685	8	19	-11	-0.18213670263593568	0.3160138555822009	0.4337863042899014	-0.11777244870770048	Control
ENSG00000100983	67	18	49	0.7988607786968236	0.6746602717825739	0.42312816413535836	0.25153210764721556	AD
ENSG00000166946	134	372	-238	-3.893577173678208	0.7624567013056222	0.9047428723687716	-0.14228617106314945	Control
ENSG00000168438	19	19	0	-0.0022871643915964943	0.46989075406341596	0.4337863042899014	0.03610444977351457	Control
ENSG00000163964	40	69	-29	-0.4764359470357635	0.5987210231814548	0.662669864108713	-0.06394884092725817	Control
ENSG00000181619	9	53	-44	-0.7216853173689532	0.3361310951239009	0.6132427391420198	-0.2771116440181189	Control
ENSG00000065518	9	17	-8	-0.1330868285692977	0.3361310951239009	0.4132693844924061	-0.0771382893685052	Control
ENSG00000247556	67	49	18	0.2920120800082313	0.6746602717825739	0.6023181454836131	0.07234212629896086	AD
ENSG00000148730	15	33	-18	-0.2965864087914242	0.4237942978950173	0.5363709032773781	-0.1125766053823608	Control
ENSG00000071967	10	29	-19	-0.3129363668136369	0.35251798561151076	0.5135891286970423	-0.16107114308553155	Control
ENSG00000068724	22	74	-52	-0.8524849815466545	0.49213962163602454	0.6718625099920064	-0.17972288835598182	Control
ENSG00000112996	17	27	-10	-0.16578674461372303	0.44950706101785237	0.4998667732480682	-0.05035971223021585	Control
ENSG00000166912	25	42	-17	-0.2802364507692116	0.5154543032240874	0.5788702371436184	-0.06341593391953104	Control
ENSG00000154975	37	23	14	0.22661224791938067	0.5855315747402078	0.47282174260591525	0.11270983213429253	AD
ENSG00000101182	142	94	48	0.7825108206746109	0.7704503064215295	0.709832134292566	0.06061817212896348	AD
ENSG00000134748	12	29	-17	-0.2802364507692116	0.3824940047961631	0.5135891286970423	-0.13109512390087924	Control
ENSG00000173456	109	41	68	1.1095099811188638	0.737410071942446	0.5751398880895284	0.16227018385291758	AD
ENSG00000163788	33	31	2	0.03041275165282881	0.5692779110045297	0.5257127631228351	0.04356514788169463	AD
ENSG00000174013	16	58	-42	-0.6889854013245279	0.4373834265920597	0.6304289901412203	-0.19304556354916064	Control
ENSG00000167110	76	126	-50	-0.8197850655022292	0.6917132960298428	0.7549960031974421	-0.06328270716759932	Control
ENSG00000134779	58	13	45	0.7334609466079729	0.654543032240874	0.3673061550759392	0.28723687716493473	AD
ENSG00000233639	4	3	1	0.01406279363061616	0.21183053557154277	0.16027178257394084	0.05155875299760193	AD
ENSG00000079805	48	57	-9	-0.14943678659151036	0.6268318678390621	0.6273647748467892	-5.329070077271236e-4	Control
ENSG00000065150	134	28	106	1.7308083859629446	0.7624567013056222	0.5063948840927258	0.25606181721289634	AD
ENSG00000111911	1	1	0	-0.0022871643915964943	0.04782840394351186	0.04209965361044498	0.005728750333066877	Control
ENSG00000104660	21	40	-19	-0.3129363668136369	0.4845456967759126	0.5700772715161204	-0.08553157474020784	Control
ENSG00000228794	14	5	9	0.1448624578083174	0.4108713029576339	0.22368771649347188	0.18718358646416203	AD
ENSG00000196290	62	48	14	0.22661224791938067	0.6637356781241673	0.5995203836930456	0.06421529443112173	AD
ENSG00000197724	16	14	2	0.03041275165282881	0.4373834265920597	0.3799626965094591	0.057420730082600624	AD
ENSG00000102699	49	68	-19	-0.3129363668136369	0.6305622168931522	0.6606714628297362	-0.03010924593658404	Control
ENSG00000109339	8	3	5	0.07946262571946677	0.3160138555822009	0.16027178257394084	0.15574207300826007	AD
ENSG00000120688	72	25	47	0.7661608626523982	0.6837196909139355	0.48627764455102584	0.19744204636290963	AD
ENSG00000108381	8	3	5	0.07946262571946677	0.3160138555822009	0.16027178257394084	0.15574207300826007	AD
ENSG00000132702	6	2	4	0.06311266769725413	0.2696509459099387	0.11204369837463363	0.15760724753530508	AD
ENSG00000120616	22	18	4	0.06311266769725413	0.49213962163602454	0.42312816413535836	0.06901145750066617	AD
ENSG00000170860	27	7	20	0.3247119960526566	0.5325073274713562	0.2675193178790301	0.2649880095923261	AD
ENSG00000078369	68	159	-91	-1.490133344412948	0.6761257660538236	0.7857713828936851	-0.10964561683986151	Control
ENSG00000204084	10	6	4	0.06311266769725413	0.35251798561151076	0.24660271782573942	0.10591526778577134	AD
ENSG00000161981	39	49	-10	-0.16578674461372303	0.5951239008792966	0.6023181454836131	-0.007194244604316502	Control
ENSG00000108389	120	24	96	1.5673088057408182	0.7517985611510791	0.4794830802025047	0.27231548094857444	AD
ENSG00000185900	28	17	11	0.1775623738527427	0.5390354383160139	0.4132693844924061	0.12576605382360778	AD
ENSG00000214021	8	9	-1	-0.01863712241380915	0.3160138555822009	0.3050892619237943	0.01092459365840659	Control
ENSG00000134186	5	14	-9	-0.14943678659151036	0.24260591526778577	0.3799626965094591	-0.1373567812416733	Control
ENSG00000059377	10	10	0	-0.0022871643915964943	0.35251798561151076	0.32187583266719955	0.03064215294431122	Control
ENSG00000048392	46	34	12	0.19391233187495535	0.6209698907540634	0.5428990141220357	0.07807087663202772	AD
ENSG00000281026	32	67	-35	-0.5745356951690394	0.5639488409272582	0.6576072475353051	-0.09365840660804692	Control
ENSG00000109919	62	20	42	0.6844110725413349	0.6637356781241673	0.44537703170796694	0.2183586464162004	AD
ENSG00000146112	6	9	-3	-0.05133703845823445	0.2696509459099387	0.3050892619237943	-0.03543831601385561	Control
ENSG00000104904	135	234	-99	-1.6209330085906493	0.7637889688249401	0.8422595257127631	-0.078470556887823	Control
ENSG00000136045	128	46	82	1.338409393429841	0.7585931254996003	0.592326139088729	0.16626698641087134	AD
ENSG00000111817	24	2	22	0.3574119120970819	0.5077271516120437	0.11204369837463363	0.3956834532374101	AD
ENSG00000182158	25	44	-19	-0.3129363668136369	0.5154543032240874	0.5848654409805489	-0.06941113775646157	Control
ENSG00000111052	74	80	-6	-0.10038691252487242	0.687849720223821	0.6849187316813216	0.002930988542499402	Control
ENSG00000155363	8	14	-6	-0.10038691252487242	0.3160138555822009	0.3799626965094591	-0.06394884092725817	Control
ENSG00000130147	19	15	4	0.06311266769725413	0.46989075406341596	0.3911537436717293	0.07873701039168668	AD
ENSG00000143093	75	79	-4	-0.06768699648044711	0.689714894750866	0.6826538768984812	0.007061017852384777	Control
ENSG00000104218	27	66	-39	-0.6399355272578899	0.5325073274713562	0.6540101252331468	-0.12150279776179063	Control
ENSG00000152782	5	2	3	0.04676270967504147	0.24260591526778577	0.11204369837463363	0.13056221689315214	AD
ENSG00000115355	8	38	-30	-0.4927859050579761	0.3160138555822009	0.5612843058886224	-0.24527045030642153	Control
ENSG00000231607	10	45	-35	-0.5745356951690394	0.35251798561151076	0.5885957900346389	-0.23607780442312815	Control
ENSG00000106976	44	54	-10	-0.16578674461372303	0.614308553157474	0.617505995203837	-0.003197442046362964	Control
ENSG00000196586	13	65	-52	-0.8524849815466545	0.397015720756728	0.6508126831867839	-0.2537969624300559	Control
ENSG00000198673	38	28	10	0.16121241583053006	0.5907274180655475	0.5063948840927258	0.0843325339728217	AD
ENSG00000177511	58	116	-58	-0.9505847296799305	0.654543032240874	0.7398081534772182	-0.08526512123634422	Control
ENSG00000203747	7	23	-16	-0.26388649274699894	0.29349853450572877	0.47282174260591525	-0.17932320810018648	Control
ENSG00000158290	31	7	24	0.3901118281415072	0.5567545963229417	0.2675193178790301	0.28923527844391156	AD
ENSG00000140455	42	42	0	-0.0022871643915964943	0.6060484945377032	0.5788702371436184	0.02717825739408475	Control
ENSG00000174442	17	3	14	0.22661224791938067	0.44950706101785237	0.16027178257394084	0.2892352784439115	AD
ENSG00000036257	48	80	-32	-0.5254858211024014	0.6268318678390621	0.6849187316813216	-0.05808686384225947	Control
ENSG00000081913	35	38	-3	-0.05133703845823445	0.5768718358646416	0.5612843058886224	0.015587529976019199	Control
ENSG00000078328	46	77	-31	-0.5091358630801888	0.6209698907540634	0.679056754596323	-0.058086863842259584	Control
ENSG00000164039	7	1	6	0.09581258374167942	0.29349853450572877	0.04209965361044498	0.2513988808952838	AD
ENSG00000063177	6	2	4	0.06311266769725413	0.2696509459099387	0.11204369837463363	0.15760724753530508	AD
ENSG00000119421	99	190	-91	-1.490133344412948	0.7228883559818812	0.8118838262723155	-0.08899547029043431	Control
ENSG00000177853	16	32	-16	-0.26388649274699894	0.4373834265920597	0.530775379696243	-0.0933919531041833	Control
ENSG00000158623	76	11	65	1.060460107052226	0.6917132960298428	0.33679722888355984	0.35491606714628293	AD
ENSG00000111737	118	116	2	0.03041275165282881	0.7484678923527844	0.7398081534772182	0.008659738875566259	AD
ENSG00000138326	9	21	-12	-0.19848666065814832	0.3361310951239009	0.4559019451105782	-0.11977084998667731	Control
ENSG00000120889	5	9	-4	-0.06768699648044711	0.24260591526778577	0.3050892619237943	-0.06248334665600855	Control
ENSG00000167325	52	19	33	0.5372614503414211	0.6380229150013322	0.4337863042899014	0.20423661071143084	AD
ENSG00000204946	21	24	-3	-0.05133703845823445	0.4845456967759126	0.4794830802025047	0.0050626165734078965	Control
ENSG00000121753	3	4	-1	-0.01863712241380915	0.17306155075939247	0.19571009858779642	-0.022648547828403948	Control
ENSG00000173465	82	1	81	1.3220594354076283	0.7005062616573408	0.04209965361044498	0.6584066080468958	AD
ENSG00000148120	12	29	-17	-0.2802364507692116	0.3824940047961631	0.5135891286970423	-0.13109512390087924	Control
ENSG00000273247	18	48	-30	-0.4927859050579761	0.45976552091660006	0.5995203836930456	-0.13975486277644555	Control
ENSG00000137055	42	8	34	0.5536114083636338	0.6060484945377032	0.28710365041300295	0.3189448441247002	AD
ENSG00000105401	174	140	34	0.5536114083636338	0.7990940580868638	0.7711164401811884	0.027977617905675434	AD
ENSG00000143337	13	12	1	0.01406279363061616	0.397015720756728	0.35251798561151076	0.04449773514521721	AD
ENSG00000113721	28	3	25	0.40646178616371986	0.5390354383160139	0.16027178257394084	0.37876365574207305	AD
ENSG00000166454	52	39	13	0.21026228989716803	0.6380229150013322	0.5648814281907807	0.07314148681055155	AD
ENSG00000137312	18	112	-94	-1.5391832184795862	0.45976552091660006	0.7347455369038103	-0.2749800159872102	Control
ENSG00000127947	23	4	19	0.30836203803044393	0.5001332267519318	0.19571009858779642	0.3044231281641354	AD
ENSG00000024862	11	2	9	0.1448624578083174	0.36757260857980284	0.11204369837463363	0.2555289102051692	AD
ENSG00000133026	36	16	20	0.3247119960526566	0.5808686384225953	0.4023447908339995	0.1785238475885958	AD
ENSG00000081154	19	20	-1	-0.01863712241380915	0.46989075406341596	0.44537703170796694	0.02451372235544902	Control
ENSG00000132965	5	17	-12	-0.19848666065814832	0.24260591526778577	0.4132693844924061	-0.1706634692246203	Control
ENSG00000126457	86	40	46	0.7498109046301856	0.7065014654942713	0.5700772715161204	0.13642419397815087	AD
ENSG00000122692	18	12	6	0.09581258374167942	0.45976552091660006	0.35251798561151076	0.10724753530508929	AD
ENSG00000186212	17	5	12	0.19391233187495535	0.44950706101785237	0.22368771649347188	0.2258193445243805	AD
ENSG00000185158	57	66	-9	-0.14943678659151036	0.65201172395417	0.6540101252331468	-0.00199840127897688	Control
ENSG00000028137	4	15	-11	-0.18213670263593568	0.21183053557154277	0.3911537436717293	-0.1793232081001865	Control
ENSG00000039560	17	2	15	0.24296220594159332	0.44950706101785237	0.11204369837463363	0.33746336264321874	AD
ENSG00000196597	22	30	-8	-0.1330868285692977	0.49213962163602454	0.5201172395417	-0.027977617905675434	Control
ENSG00000153989	15	1	14	0.22661224791938067	0.4237942978950173	0.04209965361044498	0.38169464428457234	AD
ENSG00000204580	26	33	-7	-0.11673687054708508	0.5242472688515853	0.5363709032773781	-0.012123634425792784	Control
ENSG00000196542	12	21	-9	-0.14943678659151036	0.3824940047961631	0.4559019451105782	-0.07340794031441511	Control
ENSG00000123609	2	6	-4	-0.06768699648044711	0.12283506528110845	0.24660271782573942	-0.12376765254463097	Control
ENSG00000172031	12	6	6	0.09581258374167942	0.3824940047961631	0.24660271782573942	0.13589128697042366	AD
ENSG00000111897	24	2	22	0.3574119120970819	0.5077271516120437	0.11204369837463363	0.3956834532374101	AD
ENSG00000107872	10	6	4	0.06311266769725413	0.35251798561151076	0.24660271782573942	0.10591526778577134	AD
ENSG00000143149	5	8	-3	-0.05133703845823445	0.24260591526778577	0.28710365041300295	-0.04449773514521718	Control
ENSG00000188786	4	14	-10	-0.16578674461372303	0.21183053557154277	0.3799626965094591	-0.1681321609379163	Control
ENSG00000264522	10	11	-1	-0.01863712241380915	0.35251798561151076	0.33679722888355984	0.015720756727950924	Control
ENSG00000134343	20	13	7	0.11216254176389208	0.478017585931255	0.3673061550759392	0.11071143085531576	AD
ENSG00000137221	19	5	14	0.22661224791938067	0.46989075406341596	0.22368771649347188	0.24620303756994408	AD
ENSG00000114544	16	7	9	0.1448624578083174	0.4373834265920597	0.2675193178790301	0.1698641087130296	AD
ENSG00000198301	44	33	11	0.1775623738527427	0.614308553157474	0.5363709032773781	0.07793764988009588	AD
ENSG00000141380	93	139	-46	-0.7543852334133786	0.7150279776179057	0.7701838529176659	-0.05515587529976018	Control
ENSG00000124374	5	4	1	0.01406279363061616	0.24260591526778577	0.19571009858779642	0.04689581667998935	AD
ENSG00000158467	12	56	-44	-0.7216853173689532	0.3824940047961631	0.6244337863042899	-0.24193978150812684	Control
ENSG00000166822	16	1	15	0.24296220594159332	0.4373834265920597	0.04209965361044498	0.3952837729816147	AD
ENSG00000174197	8	20	-12	-0.19848666065814832	0.3160138555822009	0.44537703170796694	-0.12936317612576603	Control
ENSG00000104671	11	12	-1	-0.01863712241380915	0.36757260857980284	0.35251798561151076	0.015054622968292075	Control
ENSG00000118160	30	31	-1	-0.01863712241380915	0.5494271249666933	0.5257127631228351	0.023714361843858223	Control
ENSG00000205189	6	9	-3	-0.05133703845823445	0.2696509459099387	0.3050892619237943	-0.03543831601385561	Control
ENSG00000100284	13	26	-13	-0.214836618680361	0.397015720756728	0.4933386624034106	-0.09632294164668265	Control
ENSG00000132535	24	85	-61	-0.9996346037465683	0.5077271516120437	0.6945110578204103	-0.1867839062083666	Control
ENSG00000170500	22	52	-30	-0.4927859050579761	0.49213962163602454	0.6095123900879297	-0.11737276845190514	Control
ENSG00000286190	43	47	-4	-0.06768699648044711	0.609912070343725	0.5957900346389555	0.014122035704769442	Control
ENSG00000122026	8	18	-10	-0.16578674461372303	0.3160138555822009	0.42312816413535836	-0.10711430855315746	Control
ENSG00000188566	4	4	0	-0.0022871643915964943	0.21183053557154277	0.19571009858779642	0.01612043698374635	Control
ENSG00000141425	31	50	-19	-0.3129363668136369	0.5567545963229417	0.6040500932587264	-0.04729549693578472	Control
ENSG00000119705	12	3	9	0.1448624578083174	0.3824940047961631	0.16027178257394084	0.22222222222222224	AD
ENSG00000164442	15	8	7	0.11216254176389208	0.4237942978950173	0.28710365041300295	0.13669064748201437	AD
ENSG00000125733	7	1	6	0.09581258374167942	0.29349853450572877	0.04209965361044498	0.2513988808952838	AD
ENSG00000154493	30	8	22	0.3574119120970819	0.5494271249666933	0.28710365041300295	0.26232347455369037	AD
ENSG00000152382	56	76	-20	-0.3292863248358496	0.6486810551558753	0.6762589928057554	-0.027577937649880147	Control
ENSG00000101849	108	129	-21	-0.3456362828580622	0.7363442579269918	0.7595257127631229	-0.0231814548361311	Control
ENSG00000136518	10	15	-5	-0.08403695450265977	0.35251798561151076	0.3911537436717293	-0.03863575806021852	Control
ENSG00000204065	87	16	71	1.1585598551855019	0.7087663202771116	0.4023447908339995	0.30642152944311213	AD
ENSG00000135426	11	21	-10	-0.16578674461372303	0.36757260857980284	0.4559019451105782	-0.08832933653077535	Control
ENSG00000115459	8	12	-4	-0.06768699648044711	0.3160138555822009	0.35251798561151076	-0.036504130029309856	Control
ENSG00000145242	31	74	-43	-0.7053353593467406	0.5567545963229417	0.6718625099920064	-0.1151079136690647	Control
ENSG00000169021	109	162	-53	-0.8688349395688671	0.737410071942446	0.7903010924593659	-0.05289102051691985	Control
ENSG00000138696	26	46	-20	-0.3292863248358496	0.5242472688515853	0.592326139088729	-0.06807887023714365	Control
ENSG00000070476	5	20	-15	-0.2475365347247863	0.24260591526778577	0.44537703170796694	-0.20277111644018117	Control
ENSG00000108298	14	24	-10	-0.16578674461372303	0.4108713029576339	0.4794830802025047	-0.06861177724487078	Control
ENSG00000169860	2	12	-10	-0.16578674461372303	0.12283506528110845	0.35251798561151076	-0.22968292033040233	Control
ENSG00000063015	6	3	3	0.04676270967504147	0.2696509459099387	0.16027178257394084	0.10937916333599787	AD
ENSG00000155511	6	11	-5	-0.08403695450265977	0.2696509459099387	0.33679722888355984	-0.06714628297362113	Control
ENSG00000257103	13	2	11	0.1775623738527427	0.397015720756728	0.11204369837463363	0.28497202238209435	AD
ENSG00000185986	5	5	0	-0.0022871643915964943	0.24260591526778577	0.22368771649347188	0.018918198774313888	Control
ENSG00000129566	40	130	-90	-1.4737833863907355	0.5987210231814548	0.7609912070343725	-0.1622701838529177	Control
ENSG00000124762	2	3	-1	-0.01863712241380915	0.12283506528110845	0.16027178257394084	-0.03743671729283239	Control
ENSG00000129933	26	30	-4	-0.06768699648044711	0.5242472688515853	0.5201172395417	0.004130029309885375	Control
ENSG00000188994	11	25	-14	-0.23118657670257364	0.36757260857980284	0.48627764455102584	-0.118705035971223	Control
ENSG00000154856	3	27	-24	-0.39468615692470016	0.17306155075939247	0.4998667732480682	-0.3268052224886757	Control
ENSG00000163694	5	12	-7	-0.11673687054708508	0.24260591526778577	0.35251798561151076	-0.109912070343725	Control
ENSG00000184983	139	53	86	1.4038092255186916	0.7667199573674394	0.6132427391420198	0.1534772182254196	AD
ENSG00000162368	2	1	1	0.01406279363061616	0.12283506528110845	0.04209965361044498	0.08073541167066348	AD
ENSG00000171791	11	12	-1	-0.01863712241380915	0.36757260857980284	0.35251798561151076	0.015054622968292075	Control
ENSG00000168610	26	42	-16	-0.26388649274699894	0.5242472688515853	0.5788702371436184	-0.05462296829203306	Control
ENSG00000244627	34	70	-36	-0.590885653191252	0.5731414868105515	0.665201172395417	-0.09205968558486544	Control
ENSG00000179820	61	116	-55	-0.9015348556132925	0.6605382360778044	0.7398081534772182	-0.0792699173994138	Control
ENSG00000197296	32	18	14	0.22661224791938067	0.5639488409272582	0.42312816413535836	0.1408206767918998	AD
ENSG00000126524	36	12	24	0.3901118281415072	0.5808686384225953	0.35251798561151076	0.22835065281108452	AD
ENSG00000011021	34	56	-22	-0.36198624088027487	0.5731414868105515	0.6244337863042899	-0.05129229949373837	Control
ENSG00000113141	8	2	6	0.09581258374167942	0.3160138555822009	0.11204369837463363	0.20397015720756728	AD
ENSG00000164587	8	21	-13	-0.214836618680361	0.3160138555822009	0.4559019451105782	-0.13988808952837728	Control
ENSG00000169247	16	8	8	0.12851249978610474	0.4373834265920597	0.28710365041300295	0.15027977617905675	AD
ENSG00000106244	65	44	21	0.3410619540748692	0.6697308819610978	0.5848654409805489	0.08486544098054882	AD
ENSG00000137642	8	2	6	0.09581258374167942	0.3160138555822009	0.11204369837463363	0.20397015720756728	AD
ENSG00000125629	15	96	-81	-1.3266337641908215	0.4237942978950173	0.7143618438582467	-0.2905675459632294	Control
ENSG00000128602	13	33	-20	-0.3292863248358496	0.397015720756728	0.5363709032773781	-0.13935518252065016	Control
ENSG00000104419	3	2	1	0.01406279363061616	0.17306155075939247	0.11204369837463363	0.06101785238475885	AD
ENSG00000134153	41	12	29	0.4718616182525705	0.6021849187316813	0.35251798561151076	0.24966693312017058	AD
ENSG00000166833	18	20	-2	-0.0349870804360218	0.45976552091660006	0.44537703170796694	0.014388489208633115	Control
ENSG00000118482	14	39	-25	-0.41103611494691283	0.4108713029576339	0.5648814281907807	-0.15401012523314678	Control
ENSG00000169976	42	3	39	0.635361198474697	0.6060484945377032	0.16027178257394084	0.44577671196376234	AD
ENSG00000140836	48	25	23	0.37376187011929457	0.6268318678390621	0.48627764455102584	0.14055422328803624	AD
ENSG00000266777	6	14	-8	-0.1330868285692977	0.2696509459099387	0.3799626965094591	-0.11031175059952036	Control
ENSG00000066084	11	4	7	0.11216254176389208	0.36757260857980284	0.19571009858779642	0.17186250999200642	AD
ENSG00000101161	154	67	87	1.4201591835409042	0.7800426325606181	0.6576072475353051	0.12243538502531304	AD
ENSG00000063854	90	218	-128	-2.095081791234816	0.7130295763389288	0.8296029842792433	-0.11657340794031446	Control
ENSG00000250510	38	5	33	0.5372614503414211	0.5907274180655475	0.22368771649347188	0.36703970157207566	AD
ENSG00000119321	6	16	-10	-0.16578674461372303	0.2696509459099387	0.4023447908339995	-0.13269384492406078	Control
ENSG00000057663	41	62	-21	-0.3456362828580622	0.6021849187316813	0.6421529443112177	-0.03996802557953638	Control
ENSG00000183718	12	9	3	0.04676270967504147	0.3824940047961631	0.3050892619237943	0.07740474287236876	AD
ENSG00000145349	9	8	1	0.01406279363061616	0.3361310951239009	0.28710365041300295	0.04902744471089793	AD
ENSG00000188647	23	70	-47	-0.7707351914355912	0.5001332267519318	0.665201172395417	-0.16506794564348515	Control
ENSG00000063046	3	3	0	-0.0022871643915964943	0.17306155075939247	0.16027178257394084	0.012789768185451633	Control
ENSG00000138801	65	53	12	0.19391233187495535	0.6697308819610978	0.6132427391420198	0.05648814281907799	AD
ENSG00000205356	5	1	4	0.06311266769725413	0.24260591526778577	0.04209965361044498	0.20050626165734078	AD
ENSG00000121892	6	4	2	0.03041275165282881	0.2696509459099387	0.19571009858779642	0.07394084732214229	AD
ENSG00000172037	15	11	4	0.06311266769725413	0.4237942978950173	0.33679722888355984	0.08699706901145748	AD
ENSG00000101350	49	35	14	0.22661224791938067	0.6305622168931522	0.548361310951239	0.0822009059419132	AD
ENSG00000167851	4	33	-29	-0.4764359470357635	0.21183053557154277	0.5363709032773781	-0.3245403677058354	Control
ENSG00000148411	37	13	24	0.3901118281415072	0.5855315747402078	0.3673061550759392	0.21822541966426856	AD
ENSG00000172586	3	2	1	0.01406279363061616	0.17306155075939247	0.11204369837463363	0.06101785238475885	AD
ENSG00000124570	35	62	-27	-0.4437360309913381	0.5768718358646416	0.6421529443112177	-0.06528110844657609	Control
ENSG00000179832	1	1	0	-0.0022871643915964943	0.04782840394351186	0.04209965361044498	0.005728750333066877	Control
ENSG00000091317	14	20	-6	-0.10038691252487242	0.4108713029576339	0.44537703170796694	-0.03450572875033303	Control
ENSG00000134333	26	1	25	0.40646178616371986	0.5242472688515853	0.04209965361044498	0.48214761524114036	AD
ENSG00000035115	31	44	-13	-0.214836618680361	0.5567545963229417	0.5848654409805489	-0.02811084465760727	Control
ENSG00000234745	1	1	0	-0.0022871643915964943	0.04782840394351186	0.04209965361044498	0.005728750333066877	Control
ENSG00000198899	6	3	3	0.04676270967504147	0.2696509459099387	0.16027178257394084	0.10937916333599787	AD
ENSG00000175066	3	1	2	0.03041275165282881	0.17306155075939247	0.04209965361044498	0.1309618971489475	AD
ENSG00000104765	10	40	-30	-0.4927859050579761	0.35251798561151076	0.5700772715161204	-0.21755928590460966	Control
ENSG00000130997	14	23	-9	-0.14943678659151036	0.4108713029576339	0.47282174260591525	-0.06195043964828134	Control
ENSG00000281649	39	181	-142	-2.3239812035457934	0.5951239008792966	0.8049560351718625	-0.20983213429256597	Control
ENSG00000131467	112	62	50	0.8152107367190362	0.7412736477484679	0.6421529443112177	0.09912070343725021	AD
ENSG00000106571	8	74	-66	-1.0813843938576317	0.3160138555822009	0.6718625099920064	-0.35584865440980545	Control
ENSG00000137075	17	22	-5	-0.08403695450265977	0.44950706101785237	0.464828137490008	-0.015321076472155637	Control
ENSG00000087263	78	108	-30	-0.4927859050579761	0.6954436450839329	0.7302158273381295	-0.03477218225419665	Control
ENSG00000140575	29	55	-26	-0.4273860729691255	0.5442312816413536	0.6208366640021317	-0.07660538236077807	Control
ENSG00000056972	10	32	-22	-0.36198624088027487	0.35251798561151076	0.530775379696243	-0.17825739408473223	Control
ENSG00000101363	143	99	44	0.7171109885857603	0.7721822541966427	0.718625099920064	0.0535571542765787	AD
ENSG00000196268	31	58	-27	-0.4437360309913381	0.5567545963229417	0.6304289901412203	-0.07367439381827867	Control
ENSG00000140988	1	1	0	-0.0022871643915964943	0.04782840394351186	0.04209965361044498	0.005728750333066877	Control
ENSG00000149716	7	9	-2	-0.0349870804360218	0.29349853450572877	0.3050892619237943	-0.01159072741806555	Control
ENSG00000125691	14	20	-6	-0.10038691252487242	0.4108713029576339	0.44537703170796694	-0.03450572875033303	Control
ENSG00000055609	27	132	-105	-1.7190327567239252	0.5325073274713562	0.7633892885691447	-0.23088196109778847	Control
ENSG00000187164	10	5	5	0.07946262571946677	0.35251798561151076	0.22368771649347188	0.12883026911803888	AD
ENSG00000163884	6	5	1	0.01406279363061616	0.2696509459099387	0.22368771649347188	0.04596322941646683	AD
ENSG00000115282	30	15	15	0.24296220594159332	0.5494271249666933	0.3911537436717293	0.15827338129496404	AD
ENSG00000073614	31	120	-89	-1.4574334283685229	0.5567545963229417	0.7460698108180123	-0.1893152144950706	Control
ENSG00000168994	17	18	-1	-0.01863712241380915	0.44950706101785237	0.42312816413535836	0.026378896882494007	Control
ENSG00000139350	26	24	2	0.03041275165282881	0.5242472688515853	0.4794830802025047	0.04476418864908066	AD
ENSG00000065427	66	8	58	0.9460104008967375	0.6722621902478018	0.28710365041300295	0.3851585398347988	AD
ENSG00000122435	7	8	-1	-0.01863712241380915	0.29349853450572877	0.28710365041300295	0.006394884092725817	Control
ENSG00000178440	6	25	-19	-0.3129363668136369	0.2696509459099387	0.48627764455102584	-0.21662669864108713	Control
ENSG00000138834	9	2	7	0.11216254176389208	0.3361310951239009	0.11204369837463363	0.22408739674926725	AD
ENSG00000137802	3	1	2	0.03041275165282881	0.17306155075939247	0.04209965361044498	0.1309618971489475	AD
ENSG00000069702	7	15	-8	-0.1330868285692977	0.29349853450572877	0.3911537436717293	-0.09765520916600051	Control
ENSG00000119403	26	66	-40	-0.6562854852801027	0.5242472688515853	0.6540101252331468	-0.1297628563815615	Control
ENSG00000170632	15	2	13	0.21026228989716803	0.4237942978950173	0.11204369837463363	0.3117505995203837	AD
ENSG00000114698	7	23	-16	-0.26388649274699894	0.29349853450572877	0.47282174260591525	-0.17932320810018648	Control
ENSG00000171940	52	35	17	0.27566212198601864	0.6380229150013322	0.548361310951239	0.08966160405009327	AD
ENSG00000198909	21	17	4	0.06311266769725413	0.4845456967759126	0.4132693844924061	0.0712763122835065	AD
ENSG00000145545	3	1	2	0.03041275165282881	0.17306155075939247	0.04209965361044498	0.1309618971489475	AD
ENSG00000157796	22	9	13	0.21026228989716803	0.49213962163602454	0.3050892619237943	0.18705035971223022	AD
ENSG00000260565	17	46	-29	-0.4764359470357635	0.44950706101785237	0.592326139088729	-0.14281907807087663	Control
ENSG00000176244	4	14	-10	-0.16578674461372303	0.21183053557154277	0.3799626965094591	-0.1681321609379163	Control
ENSG00000066248	7	1	6	0.09581258374167942	0.29349853450572877	0.04209965361044498	0.2513988808952838	AD
ENSG00000242265	2	2	0	-0.0022871643915964943	0.12283506528110845	0.11204369837463363	0.010791366906474822	Control
ENSG00000177628	54	14	40	0.6517111564969097	0.643218758326672	0.3799626965094591	0.2632560618172129	AD
ENSG00000103449	40	46	-6	-0.10038691252487242	0.5987210231814548	0.592326139088729	0.006394884092725817	Control
ENSG00000186566	16	20	-4	-0.06768699648044711	0.4373834265920597	0.44537703170796694	-0.007993605115907243	Control
ENSG00000280063	7	1	6	0.09581258374167942	0.29349853450572877	0.04209965361044498	0.2513988808952838	AD
ENSG00000204052	24	12	12	0.19391233187495535	0.5077271516120437	0.35251798561151076	0.15520916600053297	AD
ENSG00000071054	7	3	4	0.06311266769725413	0.29349853450572877	0.16027178257394084	0.13322675193178793	AD
ENSG00000198682	10	2	8	0.12851249978610474	0.35251798561151076	0.11204369837463363	0.24047428723687714	AD
ENSG00000170802	8	1	7	0.11216254176389208	0.3160138555822009	0.04209965361044498	0.2739142019717559	AD
ENSG00000009307	15	40	-25	-0.41103611494691283	0.4237942978950173	0.5700772715161204	-0.1462829736211031	Control
ENSG00000142583	5	15	-10	-0.16578674461372303	0.24260591526778577	0.3911537436717293	-0.1485478284039435	Control
ENSG00000156467	19	99	-80	-1.3102838061686088	0.46989075406341596	0.718625099920064	-0.248734345856648	Control
ENSG00000126091	11	33	-22	-0.36198624088027487	0.36757260857980284	0.5363709032773781	-0.1687982946975753	Control
ENSG00000124207	172	162	10	0.16121241583053006	0.7970956568078871	0.7903010924593659	0.006794564348521215	AD
ENSG00000122958	13	5	8	0.12851249978610474	0.397015720756728	0.22368771649347188	0.1733280042632561	AD
ENSG00000224660	18	48	-30	-0.4927859050579761	0.45976552091660006	0.5995203836930456	-0.13975486277644555	Control
ENSG00000102172	98	252	-154	-2.5201806998123453	0.7215560884625632	0.8535837996269651	-0.13202771116440182	Control
ENSG00000145425	6	11	-5	-0.08403695450265977	0.2696509459099387	0.33679722888355984	-0.06714628297362113	Control
ENSG00000108061	38	306	-268	-4.384075914344588	0.5907274180655475	0.876898481215028	-0.2861710631494805	Control
ENSG00000112149	71	12	59	0.9623603589189501	0.6817212896349587	0.35251798561151076	0.32920330402344794	AD
ENSG00000113068	7	8	-1	-0.01863712241380915	0.29349853450572877	0.28710365041300295	0.006394884092725817	Control
ENSG00000135929	3	15	-12	-0.19848666065814832	0.17306155075939247	0.3911537436717293	-0.2180921929123368	Control
ENSG00000114738	2	5	-3	-0.05133703845823445	0.12283506528110845	0.22368771649347188	-0.10085265121236343	Control
ENSG00000136044	17	102	-85	-1.3920335962796722	0.44950706101785237	0.7228883559818812	-0.2733812949640288	Control
ENSG00000186350	9	9	0	-0.0022871643915964943	0.3361310951239009	0.3050892619237943	0.03104183320010656	Control
ENSG00000183401	7	4	3	0.04676270967504147	0.29349853450572877	0.19571009858779642	0.09778843591793235	AD
ENSG00000111481	42	2	40	0.6517111564969097	0.6060484945377032	0.11204369837463363	0.4940047961630695	AD
ENSG00000139436	7	30	-23	-0.37833619890248754	0.29349853450572877	0.5201172395417	-0.2266187050359712	Control
ENSG00000167524	5	12	-7	-0.11673687054708508	0.24260591526778577	0.35251798561151076	-0.109912070343725	Control
ENSG00000108523	76	68	8	0.12851249978610474	0.6917132960298428	0.6606714628297362	0.03104183320010656	AD
ENSG00000173214	5	2	3	0.04676270967504147	0.24260591526778577	0.11204369837463363	0.13056221689315214	AD
ENSG00000270953	51	47	4	0.06311266769725413	0.6358912869704236	0.5957900346389555	0.04010125233146811	AD
ENSG00000104517	15	67	-52	-0.8524849815466545	0.4237942978950173	0.6576072475353051	-0.23381294964028776	Control
ENSG00000136758	53	9	44	0.7171109885857603	0.6406874500399681	0.3050892619237943	0.33559818811617376	AD
ENSG00000182054	3	1	2	0.03041275165282881	0.17306155075939247	0.04209965361044498	0.1309618971489475	AD
ENSG00000165406	31	20	11	0.1775623738527427	0.5567545963229417	0.44537703170796694	0.11137756461497472	AD
ENSG00000152284	16	5	11	0.1775623738527427	0.4373834265920597	0.22368771649347188	0.21369571009858782	AD
ENSG00000163541	13	4	9	0.1448624578083174	0.397015720756728	0.19571009858779642	0.20130562216893155	AD
ENSG00000168710	3	13	-10	-0.16578674461372303	0.17306155075939247	0.3673061550759392	-0.19424460431654675	Control
ENSG00000008086	28	28	0	-0.0022871643915964943	0.5390354383160139	0.5063948840927258	0.03264055422328804	Control
ENSG00000110717	25	111	-86	-1.4083835543018848	0.5154543032240874	0.7338129496402878	-0.2183586464162004	Control
ENSG00000054654	13	1	12	0.19391233187495535	0.397015720756728	0.04209965361044498	0.354916067146283	AD
ENSG00000093167	13	53	-40	-0.6562854852801027	0.397015720756728	0.6132427391420198	-0.2162270183852918	Control
ENSG00000198618	21	6	15	0.24296220594159332	0.4845456967759126	0.24660271782573942	0.23794297895017316	AD
ENSG00000108947	14	54	-40	-0.6562854852801027	0.4108713029576339	0.617505995203837	-0.20663469224620307	Control
ENSG00000172766	23	24	-1	-0.01863712241380915	0.5001332267519318	0.4794830802025047	0.02065014654942715	Control
ENSG00000165417	23	7	16	0.25931216396380596	0.5001332267519318	0.2675193178790301	0.23261390887290173	AD
ENSG00000101290	92	170	-78	-1.2775838901241836	0.7140953903543832	0.7968292033040234	-0.08273381294964022	Control
ENSG00000117298	10	5	5	0.07946262571946677	0.35251798561151076	0.22368771649347188	0.12883026911803888	AD
ENSG00000143612	22	30	-8	-0.1330868285692977	0.49213962163602454	0.5201172395417	-0.027977617905675434	Control
ENSG00000279759	19	6	13	0.21026228989716803	0.46989075406341596	0.24660271782573942	0.22328803623767654	AD
ENSG00000132122	13	13	0	-0.0022871643915964943	0.397015720756728	0.3673061550759392	0.029709565680788752	Control
ENSG00000100916	55	400	-345	-5.643022682054962	0.6456168398614441	0.9127364774846789	-0.26711963762323476	Control
ENSG00000106683	3	1	2	0.03041275165282881	0.17306155075939247	0.04209965361044498	0.1309618971489475	AD
ENSG00000012174	70	30	40	0.6517111564969097	0.6793232081001865	0.5201172395417	0.15920596855848657	AD
ENSG00000143549	46	27	19	0.30836203803044393	0.6209698907540634	0.4998667732480682	0.12110311750599517	AD
ENSG00000116001	3	5	-2	-0.0349870804360218	0.17306155075939247	0.22368771649347188	-0.05062616573407941	Control
ENSG00000178982	32	133	-101	-1.6536329246350747	0.5639488409272582	0.764455102584599	-0.20050626165734087	Control
ENSG00000093000	371	246	125	2.041457588384985	0.8947508659738875	0.8502531308286704	0.044497735145217154	AD
ENSG00000169714	61	5	56	0.9133104848523121	0.6605382360778044	0.22368771649347188	0.4368505195843325	AD
ENSG00000100503	33	126	-93	-1.5228332604573733	0.5692779110045297	0.7549960031974421	-0.18571809219291235	Control
ENSG00000148400	22	26	-4	-0.06768699648044711	0.49213962163602454	0.4933386624034106	-0.0011990407673860837	Control
ENSG00000270344	16	45	-29	-0.4764359470357635	0.4373834265920597	0.5885957900346389	-0.1512123634425792	Control
ENSG00000204592	2	1	1	0.01406279363061616	0.12283506528110845	0.04209965361044498	0.08073541167066348	AD
ENSG00000168014	10	1	9	0.1448624578083174	0.35251798561151076	0.04209965361044498	0.3104183320010658	AD
ENSG00000129667	2	16	-14	-0.23118657670257364	0.12283506528110845	0.4023447908339995	-0.27950972555289105	Control
ENSG00000173209	18	27	-9	-0.14943678659151036	0.45976552091660006	0.4998667732480682	-0.04010125233146816	Control
ENSG00000084463	20	2	18	0.2920120800082313	0.478017585931255	0.11204369837463363	0.36597388755662136	AD
ENSG00000109790	10	4	6	0.09581258374167942	0.35251798561151076	0.19571009858779642	0.15680788702371434	AD
ENSG00000143858	2	7	-5	-0.08403695450265977	0.12283506528110845	0.2675193178790301	-0.14468425259792167	Control
ENSG00000066322	4	2	2	0.03041275165282881	0.21183053557154277	0.11204369837463363	0.099786837196909145	AD
ENSG00000171204	11	4	7	0.11216254176389208	0.36757260857980284	0.19571009858779642	0.17186250999200642	AD
ENSG00000245293	3	3	0	-0.0022871643915964943	0.17306155075939247	0.16027178257394084	0.012789768185451633	Control
ENSG00000172171	11	19	-8	-0.1330868285692977	0.36757260857980284	0.4337863042899014	-0.06621369571009855	Control
ENSG00000237441	16	10	6	0.09581258374167942	0.4373834265920597	0.32187583266719955	0.11550759392486015	AD
ENSG00000134698	5	1	4	0.06311266769725413	0.24260591526778577	0.04209965361044498	0.20050626165734078	AD
ENSG00000066654	28	14	14	0.22661224791938067	0.5390354383160139	0.3799626965094591	0.15907274180655478	AD
ENSG00000169919	5	8	-3	-0.05133703845823445	0.24260591526778577	0.28710365041300295	-0.04449773514521718	Control
ENSG00000148841	21	2	19	0.30836203803044393	0.4845456967759126	0.11204369837463363	0.37250199840127896	AD
ENSG00000100852	3	30	-27	-0.4437360309913381	0.17306155075939247	0.5201172395417	-0.3470556887823075	Control
ENSG00000010017	14	67	-53	-0.8688349395688671	0.4108713029576339	0.6576072475353051	-0.24673594457767117	Control
ENSG00000183309	37	15	22	0.3574119120970819	0.5855315747402078	0.3911537436717293	0.1943778310684785	AD
ENSG00000163428	6	3	3	0.04676270967504147	0.2696509459099387	0.16027178257394084	0.10937916333599787	AD
ENSG00000070159	49	27	22	0.3574119120970819	0.6305622168931522	0.4998667732480682	0.13069544364508395	AD
ENSG00000135750	2	11	-9	-0.14943678659151036	0.12283506528110845	0.33679722888355984	-0.2139621636024514	Control
ENSG00000116984	6	7	-1	-0.01863712241380915	0.2696509459099387	0.2675193178790301	0.0021316280309086055	Control
ENSG00000146833	9	15	-6	-0.10038691252487242	0.3361310951239009	0.3911537436717293	-0.0550226485478284	Control
ENSG00000279453	62	127	-65	-1.0650344358354191	0.6637356781241673	0.7569944044764189	-0.09325872635225152	Control
ENSG00000175352	11	60	-49	-0.8034351074800166	0.36757260857980284	0.636957100985878	-0.26938449240607515	Control
ENSG00000105887	14	12	2	0.03041275165282881	0.4108713029576339	0.35251798561151076	0.058353317346123146	AD
ENSG00000215386	19	82	-63	-1.0323345197909937	0.46989075406341596	0.6895816679989342	-0.2196909139355182	Control
ENSG00000139644	22	11	11	0.1775623738527427	0.49213962163602454	0.33679722888355984	0.1553423927524647	AD
ENSG00000087095	35	14	21	0.3410619540748692	0.5768718358646416	0.3799626965094591	0.19690913935518256	AD
ENSG00000164188	7	37	-30	-0.4927859050579761	0.29349853450572877	0.5568878230748734	-0.2633892885691446	Control
ENSG00000148834	71	90	-19	-0.3129363668136369	0.6817212896349587	0.7029043431921129	-0.02118305355715422	Control
ENSG00000057704	9	1	8	0.12851249978610474	0.3361310951239009	0.04209965361044498	0.2940314415134559	AD
ENSG00000247092	2	3	-1	-0.01863712241380915	0.12283506528110845	0.16027178257394084	-0.03743671729283239	Control
ENSG00000119446	22	18	4	0.06311266769725413	0.49213962163602454	0.42312816413535836	0.06901145750066617	AD
ENSG00000163328	23	2	21	0.3410619540748692	0.5001332267519318	0.11204369837463363	0.3880895283772982	AD
ENSG00000243970	8	2	6	0.09581258374167942	0.3160138555822009	0.11204369837463363	0.20397015720756728	AD
ENSG00000186635	28	47	-19	-0.3129363668136369	0.5390354383160139	0.5957900346389555	-0.056754596322941664	Control
ENSG00000144791	13	4	9	0.1448624578083174	0.397015720756728	0.19571009858779642	0.20130562216893155	AD
ENSG00000174099	16	43	-27	-0.4437360309913381	0.4373834265920597	0.5819344524380495	-0.14455102584598983	Control
ENSG00000061273	44	64	-20	-0.3292863248358496	0.614308553157474	0.6484146016520117	-0.03410604849453769	Control
ENSG00000149100	44	2	42	0.6844110725413349	0.614308553157474	0.11204369837463363	0.5022648547828403	AD
ENSG00000214753	26	14	12	0.19391233187495535	0.5242472688515853	0.3799626965094591	0.14428457234212627	AD
ENSG00000013364	3	25	-22	-0.36198624088027487	0.17306155075939247	0.48627764455102584	-0.3132160937916334	Control
ENSG00000156136	3	7	-4	-0.06768699648044711	0.17306155075939247	0.2675193178790301	-0.09445776711963763	Control
ENSG00000197070	7	19	-12	-0.19848666065814832	0.29349853450572877	0.4337863042899014	-0.14028776978417262	Control
ENSG00000120458	19	3	16	0.25931216396380596	0.46989075406341596	0.16027178257394084	0.30961897148947515	AD
ENSG00000120509	132	119	13	0.21026228989716803	0.7599253930189181	0.7447375432986943	0.0151878497202238	AD
ENSG00000086289	30	18	12	0.19391233187495535	0.5494271249666933	0.42312816413535836	0.12629896083133496	AD
ENSG00000132604	81	185	-104	-1.7026827987017126	0.699173994138023	0.8074873434585664	-0.10831334932054348	Control
ENSG00000188153	15	8	7	0.11216254176389208	0.4237942978950173	0.28710365041300295	0.13669064748201437	AD
ENSG00000181904	3	3	0	-0.0022871643915964943	0.17306155075939247	0.16027178257394084	0.012789768185451633	Control
ENSG00000037241	29	22	7	0.11216254176389208	0.5442312816413536	0.464828137490008	0.07940314415134558	AD
ENSG00000180155	7	1	6	0.09581258374167942	0.29349853450572877	0.04209965361044498	0.2513988808952838	AD
ENSG00000167615	54	54	0	-0.0022871643915964943	0.643218758326672	0.617505995203837	0.025712763122834992	Control
ENSG00000172375	25	26	-1	-0.01863712241380915	0.5154543032240874	0.4933386624034106	0.02211564082067674	Control
ENSG00000165119	9	1	8	0.12851249978610474	0.3361310951239009	0.04209965361044498	0.2940314415134559	AD
ENSG00000027075	25	2	23	0.37376187011929457	0.5154543032240874	0.11204369837463363	0.40341060484945374	AD
ENSG00000164506	32	5	27	0.43916170220814515	0.5639488409272582	0.22368771649347188	0.3402611244337863	AD
ENSG00000100441	39	63	-24	-0.39468615692470016	0.5951239008792966	0.645750066613376	-0.05062616573407941	Control
ENSG00000077585	19	79	-60	-0.9832846457243557	0.46989075406341596	0.6826538768984812	-0.21276312283506527	Control
ENSG00000162572	8	2	6	0.09581258374167942	0.3160138555822009	0.11204369837463363	0.20397015720756728	AD
ENSG00000103021	9	20	-11	-0.18213670263593568	0.3361310951239009	0.44537703170796694	-0.10924593658406606	Control
ENSG00000157388	3	9	-6	-0.10038691252487242	0.17306155075939247	0.3050892619237943	-0.13202771116440185	Control
ENSG00000130158	32	45	-13	-0.214836618680361	0.5639488409272582	0.5885957900346389	-0.024646949107380745	Control
ENSG00000158815	2	2	0	-0.0022871643915964943	0.12283506528110845	0.11204369837463363	0.010791366906474822	Control
ENSG00000106459	5	11	-6	-0.10038691252487242	0.24260591526778577	0.33679722888355984	-0.09419131361577407	Control
ENSG00000180008	12	2	10	0.16121241583053006	0.3824940047961631	0.11204369837463363	0.27045030642152945	AD
ENSG00000250722	2	2	0	-0.0022871643915964943	0.12283506528110845	0.11204369837463363	0.010791366906474822	Control
ENSG00000163823	2	16	-14	-0.23118657670257364	0.12283506528110845	0.4023447908339995	-0.27950972555289105	Control
ENSG00000127415	11	26	-15	-0.2475365347247863	0.36757260857980284	0.4933386624034106	-0.12576605382360778	Control
ENSG00000166295	4	1	3	0.04676270967504147	0.21183053557154277	0.04209965361044498	0.16973088196109778	AD
ENSG00000090273	12	20	-8	-0.1330868285692977	0.3824940047961631	0.44537703170796694	-0.06288302691180386	Control
ENSG00000090060	12	7	5	0.07946262571946677	0.3824940047961631	0.2675193178790301	0.11497468691713297	AD
ENSG00000171262	65	224	-159	-2.6019304899234084	0.6697308819610978	0.8342659205968559	-0.16453503863575814	Control
ENSG00000187800	6	1	5	0.07946262571946677	0.2696509459099387	0.04209965361044498	0.22755129229949372	AD
ENSG00000143486	11	17	-6	-0.10038691252487242	0.36757260857980284	0.4132693844924061	-0.04569677591260324	Control
ENSG00000075420	16	2	14	0.22661224791938067	0.4373834265920597	0.11204369837463363	0.32533972821742607	AD
ENSG00000146373	9	9	0	-0.0022871643915964943	0.3361310951239009	0.3050892619237943	0.03104183320010656	Control
ENSG00000214253	17	3	14	0.22661224791938067	0.44950706101785237	0.16027178257394084	0.2892352784439115	AD
ENSG00000134809	53	30	23	0.37376187011929457	0.6406874500399681	0.5201172395417	0.1205702104982681	AD
ENSG00000044574	4	2	2	0.03041275165282881	0.21183053557154277	0.11204369837463363	0.099786837196909145	AD
ENSG00000054277	5	2	3	0.04676270967504147	0.24260591526778577	0.11204369837463363	0.13056221689315214	AD
ENSG00000149289	27	26	1	0.01406279363061616	0.5325073274713562	0.4933386624034106	0.039168665067945585	AD
ENSG00000117592	9	16	-7	-0.11673687054708508	0.3361310951239009	0.4023447908339995	-0.06621369571009861	Control
ENSG00000008311	19	51	-32	-0.5254858211024014	0.46989075406341596	0.6067146282973621	-0.13682387423394615	Control
ENSG00000126070	13	32	-19	-0.3129363668136369	0.397015720756728	0.530775379696243	-0.13375965893951502	Control
ENSG00000004142	53	8	45	0.7334609466079729	0.6406874500399681	0.28710365041300295	0.3535837996269651	AD
ENSG00000230989	22	10	12	0.19391233187495535	0.49213962163602454	0.32187583266719955	0.170263788968825	AD
ENSG00000101911	44	115	-71	-1.163134183968695	0.614308553157474	0.7379429789501732	-0.12363442579269923	Control
ENSG00000151247	20	36	-16	-0.26388649274699894	0.478017585931255	0.5523581135091926	-0.07434052757793763	Control
ENSG00000152377	27	1	26	0.42281174418593254	0.5325073274713562	0.04209965361044498	0.4904076738609112	AD
ENSG00000095380	40	8	32	0.5209114923192084	0.5987210231814548	0.28710365041300295	0.31161737276845186	AD
ENSG00000197746	29	1	28	0.45551166023035783	0.5442312816413536	0.04209965361044498	0.5021316280309086	AD
ENSG00000171860	4	19	-15	-0.2475365347247863	0.21183053557154277	0.4337863042899014	-0.22195576871835862	Control
ENSG00000073921	15	10	5	0.07946262571946677	0.4237942978950173	0.32187583266719955	0.10191846522781778	AD
ENSG00000163618	3	8	-5	-0.08403695450265977	0.17306155075939247	0.28710365041300295	-0.11404209965361048	Control
ENSG00000119950	41	7	34	0.5536114083636338	0.6021849187316813	0.2675193178790301	0.33466560085265123	AD
ENSG00000184672	2	1	1	0.01406279363061616	0.12283506528110845	0.04209965361044498	0.08073541167066348	AD
ENSG00000249915	23	13	10	0.16121241583053006	0.5001332267519318	0.3673061550759392	0.13282707167599261	AD
ENSG00000267002	12	26	-14	-0.23118657670257364	0.3824940047961631	0.4933386624034106	-0.11084465760724754	Control
ENSG00000139631	13	39	-26	-0.4273860729691255	0.397015720756728	0.5648814281907807	-0.1678657074340527	Control
ENSG00000242768	1	2	-1	-0.01863712241380915	0.04782840394351186	0.11204369837463363	-0.06421529443112177	Control
ENSG00000146386	15	63	-48	-0.7870851494578038	0.4237942978950173	0.645750066613376	-0.22195576871835865	Control
ENSG00000104324	20	11	9	0.1448624578083174	0.478017585931255	0.33679722888355984	0.14122035704769514	AD
ENSG00000145730	57	40	17	0.27566212198601864	0.65201172395417	0.5700772715161204	0.08193445243804953	AD
ENSG00000103091	13	19	-6	-0.10038691252487242	0.397015720756728	0.4337863042899014	-0.03677058353317342	Control
ENSG00000102931	71	31	40	0.6517111564969097	0.6817212896349587	0.5257127631228351	0.1560085265121236	AD
ENSG00000233237	8	8	0	-0.0022871643915964943	0.3160138555822009	0.28710365041300295	0.028910205169197956	Control
ENSG00000084754	5	9	-4	-0.06768699648044711	0.24260591526778577	0.3050892619237943	-0.06248334665600855	Control
ENSG00000119638	13	134	-121	-1.9806320850793278	0.397015720756728	0.7655209166000533	-0.3685051958433253	Control
ENSG00000129473	30	169	-139	-2.274931329479155	0.5494271249666933	0.7958966160405009	-0.24646949107380756	Control
ENSG00000157259	14	19	-5	-0.08403695450265977	0.4108713029576339	0.4337863042899014	-0.02291500133226748	Control
ENSG00000253738	7	28	-21	-0.3456362828580622	0.29349853450572877	0.5063948840927258	-0.21289634958699705	Control
ENSG00000114956	29	8	21	0.3410619540748692	0.5442312816413536	0.28710365041300295	0.25712763122835064	AD
ENSG00000143473	5	2	3	0.04676270967504147	0.24260591526778577	0.11204369837463363	0.13056221689315214	AD
ENSG00000223745	10	9	1	0.01406279363061616	0.35251798561151076	0.3050892619237943	0.047428723687716445	AD
ENSG00000122863	4	5	-1	-0.01863712241380915	0.21183053557154277	0.22368771649347188	-0.011857180921929111	Control
ENSG00000129450	8	23	-15	-0.2475365347247863	0.3160138555822009	0.47282174260591525	-0.15680788702371434	Control
ENSG00000133624	6	4	2	0.03041275165282881	0.2696509459099387	0.19571009858779642	0.07394084732214229	AD
ENSG00000108509	42	38	4	0.06311266769725413	0.6060484945377032	0.5612843058886224	0.044764188649080716	AD
ENSG00000161996	10	7	3	0.04676270967504147	0.35251798561151076	0.2675193178790301	0.08499866773248066	AD
ENSG00000197062	5	58	-53	-0.8688349395688671	0.24260591526778577	0.6304289901412203	-0.3878230748734346	Control
ENSG00000138448	9	13	-4	-0.06768699648044711	0.3361310951239009	0.3673061550759392	-0.031175059952038342	Control
ENSG00000176401	30	3	27	0.43916170220814515	0.5494271249666933	0.16027178257394084	0.3891553423927525	AD
ENSG00000151917	8	11	-3	-0.05133703845823445	0.3160138555822009	0.33679722888355984	-0.02078337330135893	Control
ENSG00000165458	19	13	6	0.09581258374167942	0.46989075406341596	0.3673061550759392	0.10258459898747674	AD
ENSG00000254876	12	4	8	0.12851249978610474	0.3824940047961631	0.19571009858779642	0.18678390620836666	AD
ENSG00000168894	37	7	30	0.4882115762747831	0.5855315747402078	0.2675193178790301	0.3180122568611777	AD
ENSG00000103423	28	97	-69	-1.1304342679242698	0.5390354383160139	0.7163602451372235	-0.17732480682120966	Control
ENSG00000165795	13	27	-14	-0.23118657670257364	0.397015720756728	0.4998667732480682	-0.10285105249134024	Control
ENSG00000272163	22	19	3	0.04676270967504147	0.49213962163602454	0.4337863042899014	0.058353317346123146	AD
ENSG00000229739	3	34	-31	-0.5091358630801888	0.17306155075939247	0.5428990141220357	-0.3698374633626432	Control
ENSG00000273329	12	22	-10	-0.16578674461372303	0.3824940047961631	0.464828137490008	-0.08233413269384493	Control
ENSG00000117450	3	2	1	0.01406279363061616	0.17306155075939247	0.11204369837463363	0.06101785238475885	AD
ENSG00000124226	8	7	1	0.01406279363061616	0.3160138555822009	0.2675193178790301	0.048494537703170804	AD
ENSG00000163904	25	180	-155	-2.536530657834558	0.5154543032240874	0.8036237676525446	-0.28816946442845726	Control
ENSG00000132781	9	20	-11	-0.18213670263593568	0.3361310951239009	0.44537703170796694	-0.10924593658406606	Control
ENSG00000103502	16	11	5	0.07946262571946677	0.4373834265920597	0.33679722888355984	0.10058619770849986	AD
ENSG00000133265	2	4	-2	-0.0349870804360218	0.12283506528110845	0.19571009858779642	-0.07287503330668797	Control
ENSG00000074935	17	12	5	0.07946262571946677	0.44950706101785237	0.35251798561151076	0.09698907540634161	AD
ENSG00000145526	33	11	22	0.3574119120970819	0.5692779110045297	0.33679722888355984	0.2324806821209699	AD
ENSG00000010810	11	51	-40	-0.6562854852801027	0.36757260857980284	0.6067146282973621	-0.23914201971755927	Control
ENSG00000259972	20	50	-30	-0.4927859050579761	0.478017585931255	0.6040500932587264	-0.1260325073274714	Control
ENSG00000203739	13	41	-28	-0.4600859890135508	0.397015720756728	0.5751398880895284	-0.17812416733280045	Control
ENSG00000144426	31	93	-62	-1.015984561768781	0.5567545963229417	0.7078337330135891	-0.15107913669064743	Control
ENSG00000173418	63	32	31	0.5045615342969958	0.6665334399147349	0.530775379696243	0.1357580602184919	AD
ENSG00000197102	18	1	17	0.27566212198601864	0.45976552091660006	0.04209965361044498	0.41766586730615507	AD
ENSG00000185274	9	2	7	0.11216254176389208	0.3361310951239009	0.11204369837463363	0.22408739674926725	AD
ENSG00000082397	40	22	18	0.2920120800082313	0.5987210231814548	0.464828137490008	0.1338928856914468	AD
ENSG00000183960	4	1	3	0.04676270967504147	0.21183053557154277	0.04209965361044498	0.16973088196109778	AD
ENSG00000186687	25	127	-102	-1.6699828826572873	0.5154543032240874	0.7569944044764189	-0.2415401012523315	Control
ENSG00000139364	27	1	26	0.42281174418593254	0.5325073274713562	0.04209965361044498	0.4904076738609112	AD
ENSG00000162733	2	8	-6	-0.10038691252487242	0.12283506528110845	0.28710365041300295	-0.16426858513189452	Control
ENSG00000198729	2	24	-22	-0.36198624088027487	0.12283506528110845	0.4794830802025047	-0.35664801492139625	Control
ENSG00000116127	5	19	-14	-0.23118657670257364	0.24260591526778577	0.4337863042899014	-0.19118038902211562	Control
ENSG00000157181	7	44	-37	-0.6072356112134647	0.29349853450572877	0.5848654409805489	-0.29136690647482016	Control
ENSG00000147099	84	113	-29	-0.4764359470357635	0.7029043431921129	0.7354116706634692	-0.03250732747135632	Control
ENSG00000204120	3	13	-10	-0.16578674461372303	0.17306155075939247	0.3673061550759392	-0.19424460431654675	Control
ENSG00000165025	7	15	-8	-0.1330868285692977	0.29349853450572877	0.3911537436717293	-0.09765520916600051	Control
ENSG00000253230	8	10	-2	-0.0349870804360218	0.3160138555822009	0.32187583266719955	-0.0058619770849986375	Control
ENSG00000130558	47	28	19	0.30836203803044393	0.623767652544631	0.5063948840927258	0.11737276845190514	AD
ENSG00000139977	20	21	-1	-0.01863712241380915	0.478017585931255	0.4559019451105782	0.022115640820676796	Control
ENSG00000160445	16	9	7	0.11216254176389208	0.4373834265920597	0.3050892619237943	0.13229416466826538	AD
ENSG00000196227	107	31	76	1.2403096452965652	0.7351452171596057	0.5257127631228351	0.20943245403677058	AD
ENSG00000147655	7	2	5	0.07946262571946677	0.29349853450572877	0.11204369837463363	0.18145483613109514	AD
ENSG00000102144	290	167	123	2.00875767234056	0.8638422595257128	0.7948308020250466	0.06901145750066617	AD
ENSG00000264538	13	17	-4	-0.06768699648044711	0.397015720756728	0.4132693844924061	-0.016253663735678103	Control
ENSG00000149503	62	6	56	0.9133104848523121	0.6637356781241673	0.24660271782573942	0.41713296029842795	AD
ENSG00000138660	8	133	-125	-2.0460319171681784	0.3160138555822009	0.764455102584599	-0.4484412470023981	Control
ENSG00000167258	53	62	-9	-0.14943678659151036	0.6406874500399681	0.6421529443112177	-0.0014654942712496455	Control
ENSG00000132423	60	48	12	0.19391233187495535	0.6578737010391686	0.5995203836930456	0.058353317346123035	AD
ENSG00000064393	8	7	1	0.01406279363061616	0.3160138555822009	0.2675193178790301	0.048494537703170804	AD
ENSG00000067369	18	4	14	0.22661224791938067	0.45976552091660006	0.19571009858779642	0.26405542232880364	AD
ENSG00000065000	28	14	14	0.22661224791938067	0.5390354383160139	0.3799626965094591	0.15907274180655478	AD
ENSG00000250251	17	12	5	0.07946262571946677	0.44950706101785237	0.35251798561151076	0.09698907540634161	AD
ENSG00000186522	20	8	12	0.19391233187495535	0.478017585931255	0.28710365041300295	0.19091393551825203	AD
ENSG00000231889	21	35	-14	-0.23118657670257364	0.4845456967759126	0.548361310951239	-0.06381561417532639	Control
ENSG00000134014	31	58	-27	-0.4437360309913381	0.5567545963229417	0.6304289901412203	-0.07367439381827867	Control
ENSG00000152954	9	37	-28	-0.4600859890135508	0.3361310951239009	0.5568878230748734	-0.2207567279509725	Control
ENSG00000104964	53	69	-16	-0.26388649274699894	0.6406874500399681	0.662669864108713	-0.021982414068744904	Control
ENSG00000105258	16	18	-2	-0.0349870804360218	0.4373834265920597	0.42312816413535836	0.014255262456701334	Control
ENSG00000114270	4	4	0	-0.0022871643915964943	0.21183053557154277	0.19571009858779642	0.01612043698374635	Control
ENSG00000119318	3	2	1	0.01406279363061616	0.17306155075939247	0.11204369837463363	0.06101785238475885	AD
ENSG00000136938	12	12	0	-0.0022871643915964943	0.3824940047961631	0.35251798561151076	0.029976019184652314	Control
ENSG00000168781	25	3	22	0.3574119120970819	0.5154543032240874	0.16027178257394084	0.35518252065014655	AD
ENSG00000104689	6	1	5	0.07946262571946677	0.2696509459099387	0.04209965361044498	0.22755129229949372	AD
ENSG00000196367	4	1	3	0.04676270967504147	0.21183053557154277	0.04209965361044498	0.16973088196109778	AD
ENSG00000105552	4	12	-8	-0.1330868285692977	0.21183053557154277	0.35251798561151076	-0.140687450039968	Control
ENSG00000172081	38	21	17	0.27566212198601864	0.5907274180655475	0.4559019451105782	0.13482547295496933	AD
ENSG00000132294	41	55	-14	-0.23118657670257364	0.6021849187316813	0.6208366640021317	-0.018651745270450326	Control
ENSG00000172977	8	1	7	0.11216254176389208	0.3160138555822009	0.04209965361044498	0.2739142019717559	AD
ENSG00000168539	34	37	-3	-0.05133703845823445	0.5731414868105515	0.5568878230748734	0.01625366373567816	Control
ENSG00000147065	27	47	-20	-0.3292863248358496	0.5325073274713562	0.5957900346389555	-0.06328270716759932	Control
ENSG00000128731	9	6	3	0.04676270967504147	0.3361310951239009	0.24660271782573942	0.08952837729816146	AD
ENSG00000143614	5	23	-18	-0.2965864087914242	0.24260591526778577	0.47282174260591525	-0.23021582733812948	Control
ENSG00000138081	21	37	-16	-0.26388649274699894	0.4845456967759126	0.5568878230748734	-0.07234212629896081	Control
ENSG00000167566	19	30	-11	-0.18213670263593568	0.46989075406341596	0.5201172395417	-0.05022648547828401	Control
ENSG00000115365	5	10	-5	-0.08403695450265977	0.24260591526778577	0.32187583266719955	-0.07926991739941378	Control
ENSG00000261786	4	11	-7	-0.11673687054708508	0.21183053557154277	0.33679722888355984	-0.12496669331201707	Control
ENSG00000215717	14	1	13	0.21026228989716803	0.4108713029576339	0.04209965361044498	0.3687716493471889	AD
ENSG00000145390	15	1	14	0.22661224791938067	0.4237942978950173	0.04209965361044498	0.38169464428457234	AD
ENSG00000101336	15	45	-30	-0.4927859050579761	0.4237942978950173	0.5885957900346389	-0.16480149213962159	Control
ENSG00000080200	13	40	-27	-0.4437360309913381	0.397015720756728	0.5700772715161204	-0.17306155075939245	Control
ENSG00000135900	18	28	-10	-0.16578674461372303	0.45976552091660006	0.5063948840927258	-0.04662936317612576	Control
ENSG00000121073	21	8	13	0.21026228989716803	0.4845456967759126	0.28710365041300295	0.19744204636290963	AD
ENSG00000111783	27	37	-10	-0.16578674461372303	0.5325073274713562	0.5568878230748734	-0.024380495603517183	Control
ENSG00000177674	1	5	-4	-0.06768699648044711	0.04782840394351186	0.22368771649347188	-0.17585931254996	Control
ENSG00000143061	2	1	1	0.01406279363061616	0.12283506528110845	0.04209965361044498	0.08073541167066348	AD
ENSG00000110274	14	30	-16	-0.26388649274699894	0.4108713029576339	0.5201172395417	-0.10924593658406606	Control
ENSG00000170537	19	5	14	0.22661224791938067	0.46989075406341596	0.22368771649347188	0.24620303756994408	AD
ENSG00000102595	7	14	-7	-0.11673687054708508	0.29349853450572877	0.3799626965094591	-0.0864641620037303	Control
ENSG00000151136	1	3	-2	-0.0349870804360218	0.04782840394351186	0.16027178257394084	-0.11244337863042898	Control
ENSG00000067560	4	1	3	0.04676270967504147	0.21183053557154277	0.04209965361044498	0.16973088196109778	AD
ENSG00000171840	9	12	-3	-0.05133703845823445	0.3361310951239009	0.35251798561151076	-0.016386890487609884	Control
ENSG00000070831	5	2	3	0.04676270967504147	0.24260591526778577	0.11204369837463363	0.13056221689315214	AD
ENSG00000050165	5	6	-1	-0.01863712241380915	0.24260591526778577	0.24660271782573942	-0.003996802557953649	Control
ENSG00000042429	11	2	9	0.1448624578083174	0.36757260857980284	0.11204369837463363	0.2555289102051692	AD
ENSG00000167972	3	9	-6	-0.10038691252487242	0.17306155075939247	0.3050892619237943	-0.13202771116440185	Control
ENSG00000183837	86	55	31	0.5045615342969958	0.7065014654942713	0.6208366640021317	0.08566480149213962	AD
ENSG00000104983	18	14	4	0.06311266769725413	0.45976552091660006	0.3799626965094591	0.07980282440714098	AD
ENSG00000247137	25	41	-16	-0.26388649274699894	0.5154543032240874	0.5751398880895284	-0.059685584865441066	Control
ENSG00000140157	14	21	-7	-0.11673687054708508	0.4108713029576339	0.4559019451105782	-0.04503064215294428	Control
ENSG00000246067	24	42	-18	-0.2965864087914242	0.5077271516120437	0.5788702371436184	-0.07114308553157467	Control
ENSG00000152944	11	9	2	0.03041275165282881	0.36757260857980284	0.3050892619237943	0.06248334665600852	AD
ENSG00000146535	17	107	-90	-1.4737833863907355	0.44950706101785237	0.7288835598188116	-0.2793764988009592	Control
ENSG00000236901	9	16	-7	-0.11673687054708508	0.3361310951239009	0.4023447908339995	-0.06621369571009861	Control
ENSG00000259153	19	161	-142	-2.3239812035457934	0.46989075406341596	0.7887023714361844	-0.3188116173727684	Control
ENSG00000058335	16	29	-13	-0.214836618680361	0.4373834265920597	0.5135891286970423	-0.07620570210498262	Control
ENSG00000186517	7	31	-24	-0.39468615692470016	0.29349853450572877	0.5257127631228351	-0.23221422861710633	Control
ENSG00000143190	6	13	-7	-0.11673687054708508	0.2696509459099387	0.3673061550759392	-0.09765520916600051	Control
ENSG00000013441	7	2	5	0.07946262571946677	0.29349853450572877	0.11204369837463363	0.18145483613109514	AD
ENSG00000148925	52	130	-78	-1.2775838901241836	0.6380229150013322	0.7609912070343725	-0.12296829203304027	Control
ENSG00000122862	4	4	0	-0.0022871643915964943	0.21183053557154277	0.19571009858779642	0.01612043698374635	Control
ENSG00000139180	15	7	8	0.12851249978610474	0.4237942978950173	0.2675193178790301	0.15627498001598722	AD
ENSG00000197142	8	4	4	0.06311266769725413	0.3160138555822009	0.19571009858779642	0.12030375699440449	AD
ENSG00000183580	25	57	-32	-0.5254858211024014	0.5154543032240874	0.6273647748467892	-0.11191047162270185	Control
ENSG00000137145	22	67	-45	-0.7380352753911659	0.49213962163602454	0.6576072475353051	-0.16546762589928055	Control
ENSG00000271204	2	5	-3	-0.05133703845823445	0.12283506528110845	0.22368771649347188	-0.10085265121236343	Control
ENSG00000108239	10	1	9	0.1448624578083174	0.35251798561151076	0.04209965361044498	0.3104183320010658	AD
ENSG00000072840	13	43	-30	-0.4927859050579761	0.397015720756728	0.5819344524380495	-0.18491873168132156	Control
ENSG00000185627	45	40	5	0.07946262571946677	0.6179056754596323	0.5700772715161204	0.047828403943511844	AD
ENSG00000092871	9	3	6	0.09581258374167942	0.3361310951239009	0.16027178257394084	0.17585931254996004	AD
ENSG00000136504	24	1	23	0.37376187011929457	0.5077271516120437	0.04209965361044498	0.46562749800159875	AD
ENSG00000138835	15	4	11	0.1775623738527427	0.4237942978950173	0.19571009858779642	0.2280841993072209	AD
ENSG00000263465	13	1	12	0.19391233187495535	0.397015720756728	0.04209965361044498	0.354916067146283	AD
ENSG00000153944	17	6	11	0.1775623738527427	0.44950706101785237	0.24660271782573942	0.20290434319211295	AD
ENSG00000267080	3	2	1	0.01406279363061616	0.17306155075939247	0.11204369837463363	0.06101785238475885	AD
ENSG00000138399	3	3	0	-0.0022871643915964943	0.17306155075939247	0.16027178257394084	0.012789768185451633	Control
ENSG00000048028	11	24	-13	-0.214836618680361	0.36757260857980284	0.4794830802025047	-0.11191047162270185	Control
ENSG00000158769	4	1	3	0.04676270967504147	0.21183053557154277	0.04209965361044498	0.16973088196109778	AD
ENSG00000104221	46	18	28	0.45551166023035783	0.6209698907540634	0.42312816413535836	0.19784172661870503	AD
ENSG00000006128	1	3	-2	-0.0349870804360218	0.04782840394351186	0.16027178257394084	-0.11244337863042898	Control
ENSG00000085276	8	1	7	0.11216254176389208	0.3160138555822009	0.04209965361044498	0.2739142019717559	AD
ENSG00000117448	28	8	20	0.3247119960526566	0.5390354383160139	0.28710365041300295	0.2519317879030109	AD
ENSG00000073712	20	74	-54	-0.8851848975910798	0.478017585931255	0.6718625099920064	-0.19384492406075138	Control
ENSG00000164114	16	23	-7	-0.11673687054708508	0.4373834265920597	0.47282174260591525	-0.03543831601385555	Control
ENSG00000137364	50	66	-16	-0.26388649274699894	0.6334932054356515	0.6540101252331468	-0.02051691979749537	Control
ENSG00000213064	2	9	-7	-0.11673687054708508	0.12283506528110845	0.3050892619237943	-0.18225419664268588	Control
ENSG00000112343	13	10	3	0.04676270967504147	0.397015720756728	0.32187583266719955	0.07513988808952843	AD
ENSG00000131196	5	6	-1	-0.01863712241380915	0.24260591526778577	0.24660271782573942	-0.003996802557953649	Control
ENSG00000155366	7	17	-10	-0.16578674461372303	0.29349853450572877	0.4132693844924061	-0.11977084998667731	Control
ENSG00000173193	7	6	1	0.01406279363061616	0.29349853450572877	0.24660271782573942	0.04689581667998935	AD
ENSG00000170234	14	4	10	0.16121241583053006	0.4108713029576339	0.19571009858779642	0.2151612043698375	AD
ENSG00000138442	26	67	-41	-0.6726354433023153	0.5242472688515853	0.6576072475353051	-0.13335997868371974	Control
ENSG00000116731	3	1	2	0.03041275165282881	0.17306155075939247	0.04209965361044498	0.1309618971489475	AD
ENSG00000187325	27	3	24	0.3901118281415072	0.5325073274713562	0.16027178257394084	0.3722355448974154	AD
ENSG00000187609	5	6	-1	-0.01863712241380915	0.24260591526778577	0.24660271782573942	-0.003996802557953649	Control
ENSG00000151239	11	2	9	0.1448624578083174	0.36757260857980284	0.11204369837463363	0.2555289102051692	AD
ENSG00000168096	5	1	4	0.06311266769725413	0.24260591526778577	0.04209965361044498	0.20050626165734078	AD
ENSG00000169020	1	1	0	-0.0022871643915964943	0.04782840394351186	0.04209965361044498	0.005728750333066877	Control
ENSG00000143862	18	41	-23	-0.37833619890248754	0.45976552091660006	0.5751398880895284	-0.11537436717292837	Control
ENSG00000067955	31	27	4	0.06311266769725413	0.5567545963229417	0.4998667732480682	0.056887823074873445	AD
ENSG00000067064	2	1	1	0.01406279363061616	0.12283506528110845	0.04209965361044498	0.08073541167066348	AD
ENSG00000148158	2	9	-7	-0.11673687054708508	0.12283506528110845	0.3050892619237943	-0.18225419664268588	Control
ENSG00000169756	7	6	1	0.01406279363061616	0.29349853450572877	0.24660271782573942	0.04689581667998935	AD
ENSG00000142961	7	10	-3	-0.05133703845823445	0.29349853450572877	0.32187583266719955	-0.028377298161470776	Control
ENSG00000135596	10	15	-5	-0.08403695450265977	0.35251798561151076	0.3911537436717293	-0.03863575806021852	Control
ENSG00000198910	292	286	6	0.09581258374167942	0.8646416200373035	0.8678390620836663	-0.003197442046362853	AD
ENSG00000180901	22	4	18	0.2920120800082313	0.49213962163602454	0.19571009858779642	0.2964295230482281	AD
ENSG00000069424	6	2	4	0.06311266769725413	0.2696509459099387	0.11204369837463363	0.15760724753530508	AD
ENSG00000165516	12	3	9	0.1448624578083174	0.3824940047961631	0.16027178257394084	0.22222222222222224	AD
ENSG00000155158	8	1	7	0.11216254176389208	0.3160138555822009	0.04209965361044498	0.2739142019717559	AD
ENSG00000149633	15	6	9	0.1448624578083174	0.4237942978950173	0.24660271782573942	0.1771915800692779	AD
ENSG00000268043	4	4	0	-0.0022871643915964943	0.21183053557154277	0.19571009858779642	0.01612043698374635	Control
ENSG00000123094	18	40	-22	-0.36198624088027487	0.45976552091660006	0.5700772715161204	-0.11031175059952036	Control
ENSG00000170522	8	2	6	0.09581258374167942	0.3160138555822009	0.11204369837463363	0.20397015720756728	AD
ENSG00000128482	11	2	9	0.1448624578083174	0.36757260857980284	0.11204369837463363	0.2555289102051692	AD
ENSG00000070778	9	42	-33	-0.5418357791246141	0.3361310951239009	0.5788702371436184	-0.24273914201971752	Control
ENSG00000275004	28	4	24	0.3901118281415072	0.5390354383160139	0.19571009858779642	0.34332533972821744	AD
ENSG00000099308	5	4	1	0.01406279363061616	0.24260591526778577	0.19571009858779642	0.04689581667998935	AD
ENSG00000122756	2	10	-8	-0.1330868285692977	0.12283506528110845	0.32187583266719955	-0.1990407673860911	Control
ENSG00000204308	3	9	-6	-0.10038691252487242	0.17306155075939247	0.3050892619237943	-0.13202771116440185	Control
ENSG00000135862	11	24	-13	-0.214836618680361	0.36757260857980284	0.4794830802025047	-0.11191047162270185	Control
ENSG00000163624	5	2	3	0.04676270967504147	0.24260591526778577	0.11204369837463363	0.13056221689315214	AD
ENSG00000010244	13	30	-17	-0.2802364507692116	0.397015720756728	0.5201172395417	-0.123101518784972	Control
ENSG00000156650	2	3	-1	-0.01863712241380915	0.12283506528110845	0.16027178257394084	-0.03743671729283239	Control
ENSG00000168884	1	2	-1	-0.01863712241380915	0.04782840394351186	0.11204369837463363	-0.06421529443112177	Control
ENSG00000177679	7	31	-24	-0.39468615692470016	0.29349853450572877	0.5257127631228351	-0.23221422861710633	Control
ENSG00000132591	61	14	47	0.7661608626523982	0.6605382360778044	0.3799626965094591	0.2805755395683453	AD
ENSG00000100600	19	9	10	0.16121241583053006	0.46989075406341596	0.3050892619237943	0.16480149213962164	AD
ENSG00000116586	4	2	2	0.03041275165282881	0.21183053557154277	0.11204369837463363	0.099786837196909145	AD
ENSG00000198252	8	5	3	0.04676270967504147	0.3160138555822009	0.22368771649347188	0.09232613908872903	AD
ENSG00000164300	11	6	5	0.07946262571946677	0.36757260857980284	0.24660271782573942	0.12096989075406342	AD
ENSG00000089248	31	75	-44	-0.7216853173689532	0.5567545963229417	0.6742605915267785	-0.11750599520383687	Control
ENSG00000008710	4	1	3	0.04676270967504147	0.21183053557154277	0.04209965361044498	0.16973088196109778	AD
ENSG00000121904	2	1	1	0.01406279363061616	0.12283506528110845	0.04209965361044498	0.08073541167066348	AD
ENSG00000006747	4	19	-15	-0.2475365347247863	0.21183053557154277	0.4337863042899014	-0.22195576871835862	Control
ENSG00000112130	12	27	-15	-0.2475365347247863	0.3824940047961631	0.4998667732480682	-0.11737276845190514	Control
ENSG00000137845	16	3	13	0.21026228989716803	0.4373834265920597	0.16027178257394084	0.27711164401811883	AD
ENSG00000151502	12	10	2	0.03041275165282881	0.3824940047961631	0.32187583266719955	0.06061817212896353	AD
ENSG00000198315	5	22	-17	-0.2802364507692116	0.24260591526778577	0.464828137490008	-0.22222222222222224	Control
ENSG00000211456	18	33	-15	-0.2475365347247863	0.45976552091660006	0.5363709032773781	-0.07660538236077807	Control
ENSG00000198879	11	10	1	0.01406279363061616	0.36757260857980284	0.32187583266719955	0.045696775912603294	AD
ENSG00000154642	29	17	12	0.19391233187495535	0.5442312816413536	0.4132693844924061	0.13096189714894751	AD
ENSG00000075407	17	3	14	0.22661224791938067	0.44950706101785237	0.16027178257394084	0.2892352784439115	AD
ENSG00000153208	5	52	-47	-0.7707351914355912	0.24260591526778577	0.6095123900879297	-0.36690647482014394	Control
ENSG00000278259	37	16	21	0.3410619540748692	0.5855315747402078	0.4023447908339995	0.1831867839062083	AD
ENSG00000274925	4	3	1	0.01406279363061616	0.21183053557154277	0.16027178257394084	0.05155875299760193	AD
ENSG00000124574	6	7	-1	-0.01863712241380915	0.2696509459099387	0.2675193178790301	0.0021316280309086055	Control
ENSG00000137947	4	1	3	0.04676270967504147	0.21183053557154277	0.04209965361044498	0.16973088196109778	AD
ENSG00000169217	16	8	8	0.12851249978610474	0.4373834265920597	0.28710365041300295	0.15027977617905675	AD
ENSG00000169813	4	1	3	0.04676270967504147	0.21183053557154277	0.04209965361044498	0.16973088196109778	AD
ENSG00000134996	7	1	6	0.09581258374167942	0.29349853450572877	0.04209965361044498	0.2513988808952838	AD
ENSG00000014216	19	9	10	0.16121241583053006	0.46989075406341596	0.3050892619237943	0.16480149213962164	AD
ENSG00000136213	6	21	-15	-0.2475365347247863	0.2696509459099387	0.4559019451105782	-0.18625099920063948	Control
ENSG00000198042	10	6	4	0.06311266769725413	0.35251798561151076	0.24660271782573942	0.10591526778577134	AD
ENSG00000183864	18	16	2	0.03041275165282881	0.45976552091660006	0.4023447908339995	0.05742073008260057	AD
ENSG00000129990	52	105	-53	-0.8688349395688671	0.6380229150013322	0.7266187050359713	-0.08859579003463902	Control
ENSG00000162390	1	3	-2	-0.0349870804360218	0.04782840394351186	0.16027178257394084	-0.11244337863042898	Control
ENSG00000145794	3	27	-24	-0.39468615692470016	0.17306155075939247	0.4998667732480682	-0.3268052224886757	Control
ENSG00000169439	5	40	-35	-0.5745356951690394	0.24260591526778577	0.5700772715161204	-0.3274713562483347	Control
ENSG00000158042	17	32	-15	-0.2475365347247863	0.44950706101785237	0.530775379696243	-0.08126831867839063	Control
ENSG00000054803	27	9	18	0.2920120800082313	0.5325073274713562	0.3050892619237943	0.2274180655475619	AD
ENSG00000188612	30	8	22	0.3574119120970819	0.5494271249666933	0.28710365041300295	0.26232347455369037	AD
ENSG00000132383	24	5	19	0.30836203803044393	0.5077271516120437	0.22368771649347188	0.2840394351185719	AD
ENSG00000162341	8	16	-8	-0.1330868285692977	0.3160138555822009	0.4023447908339995	-0.08633093525179858	Control
ENSG00000167196	11	11	0	-0.0022871643915964943	0.36757260857980284	0.33679722888355984	0.030775379696243	Control
ENSG00000113456	11	7	4	0.06311266769725413	0.36757260857980284	0.2675193178790301	0.10005329070077273	AD
ENSG00000103647	3	1	2	0.03041275165282881	0.17306155075939247	0.04209965361044498	0.1309618971489475	AD
ENSG00000167371	15	10	5	0.07946262571946677	0.4237942978950173	0.32187583266719955	0.10191846522781778	AD
ENSG00000160932	5	54	-49	-0.8034351074800166	0.24260591526778577	0.617505995203837	-0.37490007993605123	Control
ENSG00000166263	25	44	-19	-0.3129363668136369	0.5154543032240874	0.5848654409805489	-0.06941113775646157	Control
ENSG00000166851	2	4	-2	-0.0349870804360218	0.12283506528110845	0.19571009858779642	-0.07287503330668797	Control
ENSG00000148291	41	36	5	0.07946262571946677	0.6021849187316813	0.5523581135091926	0.049826805222488724	AD
ENSG00000179222	60	16	44	0.7171109885857603	0.6578737010391686	0.4023447908339995	0.25552891020516916	AD
ENSG00000163743	7	8	-1	-0.01863712241380915	0.29349853450572877	0.28710365041300295	0.006394884092725817	Control
ENSG00000167315	19	58	-39	-0.6399355272578899	0.46989075406341596	0.6304289901412203	-0.16053823607780437	Control
ENSG00000165660	30	37	-7	-0.11673687054708508	0.5494271249666933	0.5568878230748734	-0.007460698108180064	Control
ENSG00000125249	6	2	4	0.06311266769725413	0.2696509459099387	0.11204369837463363	0.15760724753530508	AD
ENSG00000131475	25	39	-14	-0.23118657670257364	0.5154543032240874	0.5648814281907807	-0.049427124966693325	Control
ENSG00000182621	16	39	-23	-0.37833619890248754	0.4373834265920597	0.5648814281907807	-0.127498001598721	Control
ENSG00000066468	2	18	-16	-0.26388649274699894	0.12283506528110845	0.42312816413535836	-0.30029309885424993	Control
ENSG00000127955	1	1	0	-0.0022871643915964943	0.04782840394351186	0.04209965361044498	0.005728750333066877	Control
ENSG00000125730	8	21	-13	-0.214836618680361	0.3160138555822009	0.4559019451105782	-0.13988808952837728	Control
ENSG00000182095	4	5	-1	-0.01863712241380915	0.21183053557154277	0.22368771649347188	-0.011857180921929111	Control
ENSG00000141750	4	11	-7	-0.11673687054708508	0.21183053557154277	0.33679722888355984	-0.12496669331201707	Control
ENSG00000143384	7	2	5	0.07946262571946677	0.29349853450572877	0.11204369837463363	0.18145483613109514	AD
ENSG00000133101	7	91	-84	-1.3756836382574595	0.29349853450572877	0.704769517719158	-0.4112709832134292	Control
ENSG00000198363	2	13	-11	-0.18213670263593568	0.12283506528110845	0.3673061550759392	-0.2444710897948308	Control
ENSG00000136068	3	17	-14	-0.23118657670257364	0.17306155075939247	0.4132693844924061	-0.2402078337330136	Control
ENSG00000166762	3	21	-18	-0.2965864087914242	0.17306155075939247	0.4559019451105782	-0.2828403943511857	Control
ENSG00000155636	5	2	3	0.04676270967504147	0.24260591526778577	0.11204369837463363	0.13056221689315214	AD
ENSG00000198198	9	1	8	0.12851249978610474	0.3361310951239009	0.04209965361044498	0.2940314415134559	AD
ENSG00000115137	28	7	21	0.3410619540748692	0.5390354383160139	0.2675193178790301	0.27151612043698375	AD
ENSG00000163349	8	3	5	0.07946262571946677	0.3160138555822009	0.16027178257394084	0.15574207300826007	AD
ENSG00000071564	50	23	27	0.43916170220814515	0.6334932054356515	0.47282174260591525	0.1606714628297362	AD
ENSG00000035681	7	12	-5	-0.08403695450265977	0.29349853450572877	0.35251798561151076	-0.059019451105781995	Control
ENSG00000204623	20	33	-13	-0.214836618680361	0.478017585931255	0.5363709032773781	-0.058353317346123146	Control
ENSG00000147123	99	77	22	0.3574119120970819	0.7228883559818812	0.679056754596323	0.043831601385558194	AD
ENSG00000124198	65	14	51	0.8315606947412488	0.6697308819610978	0.3799626965094591	0.2897681854516387	AD
ENSG00000273156	1	2	-1	-0.01863712241380915	0.04782840394351186	0.11204369837463363	-0.06421529443112177	Control
ENSG00000166272	19	1	18	0.2920120800082313	0.46989075406341596	0.04209965361044498	0.427791100452971	AD
ENSG00000104853	18	16	2	0.03041275165282881	0.45976552091660006	0.4023447908339995	0.05742073008260057	AD
ENSG00000128283	16	6	10	0.16121241583053006	0.4373834265920597	0.24660271782573942	0.19078070876632028	AD
ENSG00000173402	11	19	-8	-0.1330868285692977	0.36757260857980284	0.4337863042899014	-0.06621369571009855	Control
ENSG00000167112	25	56	-31	-0.5091358630801888	0.5154543032240874	0.6244337863042899	-0.10897948308020255	Control
ENSG00000157954	12	28	-16	-0.26388649274699894	0.3824940047961631	0.5063948840927258	-0.12390087929656274	Control
ENSG00000198113	5	2	3	0.04676270967504147	0.24260591526778577	0.11204369837463363	0.13056221689315214	AD
ENSG00000141338	16	9	7	0.11216254176389208	0.4373834265920597	0.3050892619237943	0.13229416466826538	AD
ENSG00000106479	6	20	-14	-0.23118657670257364	0.2696509459099387	0.44537703170796694	-0.17572608579802823	Control
ENSG00000138311	7	5	2	0.03041275165282881	0.29349853450572877	0.22368771649347188	0.06981081801225689	AD
ENSG00000128915	21	130	-109	-1.7844325888127759	0.4845456967759126	0.7609912070343725	-0.2764455102584599	Control
ENSG00000168288	14	34	-20	-0.3292863248358496	0.4108713029576339	0.5428990141220357	-0.13202771116440176	Control
ENSG00000138668	14	8	6	0.09581258374167942	0.4108713029576339	0.28710365041300295	0.12376765254463096	AD
ENSG00000146066	10	8	2	0.03041275165282881	0.35251798561151076	0.28710365041300295	0.06541433519850781	AD
ENSG00000117519	3	14	-11	-0.18213670263593568	0.17306155075939247	0.3799626965094591	-0.2069011457500666	Control
ENSG00000264364	11	23	-12	-0.19848666065814832	0.36757260857980284	0.47282174260591525	-0.10524913402611241	Control
ENSG00000137269	10	20	-10	-0.16578674461372303	0.35251798561151076	0.44537703170796694	-0.09285904609645618	Control
ENSG00000143222	15	13	2	0.03041275165282881	0.4237942978950173	0.3673061550759392	0.0564881428190781	AD
ENSG00000010438	15	12	3	0.04676270967504147	0.4237942978950173	0.35251798561151076	0.07127631228350656	AD
ENSG00000103335	19	92	-73	-1.1958341000131203	0.46989075406341596	0.7065014654942713	-0.23661071143085532	Control
ENSG00000105810	1	1	0	-0.0022871643915964943	0.04782840394351186	0.04209965361044498	0.005728750333066877	Control
ENSG00000092621	4	19	-15	-0.2475365347247863	0.21183053557154277	0.4337863042899014	-0.22195576871835862	Control
ENSG00000170846	13	1	12	0.19391233187495535	0.397015720756728	0.04209965361044498	0.354916067146283	AD
ENSG00000183662	15	5	10	0.16121241583053006	0.4237942978950173	0.22368771649347188	0.20010658140154544	AD
ENSG00000213463	4	1	3	0.04676270967504147	0.21183053557154277	0.04209965361044498	0.16973088196109778	AD
ENSG00000174125	3	35	-32	-0.5254858211024014	0.17306155075939247	0.548361310951239	-0.3752997601918465	Control
ENSG00000105784	14	15	-1	-0.01863712241380915	0.4108713029576339	0.3911537436717293	0.01971755928590463	Control
ENSG00000271601	4	14	-10	-0.16578674461372303	0.21183053557154277	0.3799626965094591	-0.1681321609379163	Control
ENSG00000138119	7	3	4	0.06311266769725413	0.29349853450572877	0.16027178257394084	0.13322675193178793	AD
ENSG00000131116	31	1	30	0.4882115762747831	0.5567545963229417	0.04209965361044498	0.5146549427124967	AD
ENSG00000198001	16	22	-6	-0.10038691252487242	0.4373834265920597	0.464828137490008	-0.02744471089794831	Control
ENSG00000070018	9	37	-28	-0.4600859890135508	0.3361310951239009	0.5568878230748734	-0.2207567279509725	Control
ENSG00000115694	3	24	-21	-0.3456362828580622	0.17306155075939247	0.4794830802025047	-0.3064215294431122	Control
ENSG00000147604	5	10	-5	-0.08403695450265977	0.24260591526778577	0.32187583266719955	-0.07926991739941378	Control
ENSG00000131462	20	60	-40	-0.6562854852801027	0.478017585931255	0.636957100985878	-0.158939515054623	Control
ENSG00000164032	13	26	-13	-0.214836618680361	0.397015720756728	0.4933386624034106	-0.09632294164668265	Control
ENSG00000214106	5	33	-28	-0.4600859890135508	0.24260591526778577	0.5363709032773781	-0.2937649880095924	Control
ENSG00000101608	16	6	10	0.16121241583053006	0.4373834265920597	0.24660271782573942	0.19078070876632028	AD
ENSG00000047644	99	153	-54	-0.8851848975910798	0.7228883559818812	0.7803090860644818	-0.057420730082600624	Control
ENSG00000139974	2	1	1	0.01406279363061616	0.12283506528110845	0.04209965361044498	0.08073541167066348	AD
ENSG00000171444	10	35	-25	-0.41103611494691283	0.35251798561151076	0.548361310951239	-0.1958433253397282	Control
ENSG00000278983	2	3	-1	-0.01863712241380915	0.12283506528110845	0.16027178257394084	-0.03743671729283239	Control
ENSG00000135362	14	8	6	0.09581258374167942	0.4108713029576339	0.28710365041300295	0.12376765254463096	AD
ENSG00000072736	17	22	-5	-0.08403695450265977	0.44950706101785237	0.464828137490008	-0.015321076472155637	Control
ENSG00000126785	18	6	12	0.19391233187495535	0.45976552091660006	0.24660271782573942	0.21316280309086064	AD
ENSG00000154553	1	6	-5	-0.08403695450265977	0.04782840394351186	0.24660271782573942	-0.19877431388222755	Control
ENSG00000133731	18	18	0	-0.0022871643915964943	0.45976552091660006	0.42312816413535836	0.03663735678124169	Control
ENSG00000119986	14	11	3	0.04676270967504147	0.4108713029576339	0.33679722888355984	0.07407407407407407	AD
ENSG00000142892	30	75	-45	-0.7380352753911659	0.5494271249666933	0.6742605915267785	-0.1248334665600852	Control
ENSG00000177807	3	4	-1	-0.01863712241380915	0.17306155075939247	0.19571009858779642	-0.022648547828403948	Control
ENSG00000104805	8	4	4	0.06311266769725413	0.3160138555822009	0.19571009858779642	0.12030375699440449	AD
ENSG00000140382	6	2	4	0.06311266769725413	0.2696509459099387	0.11204369837463363	0.15760724753530508	AD
ENSG00000113758	3	1	2	0.03041275165282881	0.17306155075939247	0.04209965361044498	0.1309618971489475	AD
ENSG00000163191	1	16	-15	-0.2475365347247863	0.04782840394351186	0.4023447908339995	-0.35451638689048764	Control
ENSG00000161791	10	2	8	0.12851249978610474	0.35251798561151076	0.11204369837463363	0.24047428723687714	AD
ENSG00000117528	9	1	8	0.12851249978610474	0.3361310951239009	0.04209965361044498	0.2940314415134559	AD
ENSG00000179241	14	5	9	0.1448624578083174	0.4108713029576339	0.22368771649347188	0.18718358646416203	AD
ENSG00000152578	1	1	0	-0.0022871643915964943	0.04782840394351186	0.04209965361044498	0.005728750333066877	Control
ENSG00000049130	3	3	0	-0.0022871643915964943	0.17306155075939247	0.16027178257394084	0.012789768185451633	Control
ENSG00000006432	14	16	-2	-0.0349870804360218	0.4108713029576339	0.4023447908339995	0.008526512123634422	Control
ENSG00000105329	15	16	-1	-0.01863712241380915	0.4237942978950173	0.4023447908339995	0.021449507061017836	Control
ENSG00000204116	144	165	-21	-0.3456362828580622	0.7731148414601652	0.7932320810018652	-0.02011723954169997	Control
ENSG00000169783	2	3	-1	-0.01863712241380915	0.12283506528110845	0.16027178257394084	-0.03743671729283239	Control
ENSG00000115935	3	7	-4	-0.06768699648044711	0.17306155075939247	0.2675193178790301	-0.09445776711963763	Control
ENSG00000007341	4	3	1	0.01406279363061616	0.21183053557154277	0.16027178257394084	0.05155875299760193	AD
ENSG00000147862	2	16	-14	-0.23118657670257364	0.12283506528110845	0.4023447908339995	-0.27950972555289105	Control
ENSG00000111058	17	36	-19	-0.3129363668136369	0.44950706101785237	0.5523581135091926	-0.10285105249134024	Control
ENSG00000149474	31	51	-20	-0.3292863248358496	0.5567545963229417	0.6067146282973621	-0.04996003197442045	Control
ENSG00000115760	1	2	-1	-0.01863712241380915	0.04782840394351186	0.11204369837463363	-0.06421529443112177	Control
ENSG00000179406	3	2	1	0.01406279363061616	0.17306155075939247	0.11204369837463363	0.06101785238475885	AD
ENSG00000044459	17	46	-29	-0.4764359470357635	0.44950706101785237	0.592326139088729	-0.14281907807087663	Control
ENSG00000057935	2	3	-1	-0.01863712241380915	0.12283506528110845	0.16027178257394084	-0.03743671729283239	Control
ENSG00000137831	14	4	10	0.16121241583053006	0.4108713029576339	0.19571009858779642	0.2151612043698375	AD
ENSG00000106460	5	3	2	0.03041275165282881	0.24260591526778577	0.16027178257394084	0.08233413269384493	AD
ENSG00000182674	12	11	1	0.01406279363061616	0.3824940047961631	0.33679722888355984	0.04569677591260324	AD
ENSG00000079277	11	1	10	0.16121241583053006	0.36757260857980284	0.04209965361044498	0.32547295496935785	AD
ENSG00000280287	1	11	-10	-0.16578674461372303	0.04782840394351186	0.33679722888355984	-0.288968824940048	Control
ENSG00000104375	8	16	-8	-0.1330868285692977	0.3160138555822009	0.4023447908339995	-0.08633093525179858	Control
ENSG00000071082	1	2	-1	-0.01863712241380915	0.04782840394351186	0.11204369837463363	-0.06421529443112177	Control
ENSG00000137207	29	1	28	0.45551166023035783	0.5442312816413536	0.04209965361044498	0.5021316280309086	AD
ENSG00000163346	2	37	-35	-0.5745356951690394	0.12283506528110845	0.5568878230748734	-0.43405275779376495	Control
ENSG00000198740	11	20	-9	-0.14943678659151036	0.36757260857980284	0.44537703170796694	-0.0778044231281641	Control
ENSG00000151702	8	1	7	0.11216254176389208	0.3160138555822009	0.04209965361044498	0.2739142019717559	AD
ENSG00000102753	27	2	25	0.40646178616371986	0.5325073274713562	0.11204369837463363	0.4204636290967226	AD
ENSG00000138002	1	2	-1	-0.01863712241380915	0.04782840394351186	0.11204369837463363	-0.06421529443112177	Control
ENSG00000143748	5	21	-16	-0.26388649274699894	0.24260591526778577	0.4559019451105782	-0.21329602984279242	Control
ENSG00000119004	4	5	-1	-0.01863712241380915	0.21183053557154277	0.22368771649347188	-0.011857180921929111	Control
ENSG00000272645	1	1	0	-0.0022871643915964943	0.04782840394351186	0.04209965361044498	0.005728750333066877	Control
ENSG00000273381	3	3	0	-0.0022871643915964943	0.17306155075939247	0.16027178257394084	0.012789768185451633	Control
ENSG00000106144	3	7	-4	-0.06768699648044711	0.17306155075939247	0.2675193178790301	-0.09445776711963763	Control
ENSG00000173267	6	53	-47	-0.7707351914355912	0.2696509459099387	0.6132427391420198	-0.34359179323208106	Control
ENSG00000065883	13	57	-44	-0.7216853173689532	0.397015720756728	0.6273647748467892	-0.23034905409006123	Control
ENSG00000110756	14	61	-47	-0.7707351914355912	0.4108713029576339	0.6394884092725819	-0.22861710631494797	Control
ENSG00000134352	2	11	-9	-0.14943678659151036	0.12283506528110845	0.33679722888355984	-0.2139621636024514	Control
ENSG00000172005	1	1	0	-0.0022871643915964943	0.04782840394351186	0.04209965361044498	0.005728750333066877	Control
ENSG00000110888	4	47	-43	-0.7053353593467406	0.21183053557154277	0.5957900346389555	-0.3839594990674128	Control
ENSG00000119408	5	6	-1	-0.01863712241380915	0.24260591526778577	0.24660271782573942	-0.003996802557953649	Control
ENSG00000160255	18	42	-24	-0.39468615692470016	0.45976552091660006	0.5788702371436184	-0.11910471622701835	Control
ENSG00000160131	188	63	125	2.041457588384985	0.8078870237143618	0.645750066613376	0.16213695710098586	AD
ENSG00000198815	11	13	-2	-0.0349870804360218	0.36757260857980284	0.3673061550759392	2.664535038636173e-4	Control
ENSG00000105483	38	53	-15	-0.2475365347247863	0.5907274180655475	0.6132427391420198	-0.02251532107647225	Control
ENSG00000078114	15	67	-52	-0.8524849815466545	0.4237942978950173	0.6576072475353051	-0.23381294964028776	Control
ENSG00000227398	2	57	-55	-0.9015348556132925	0.12283506528110845	0.6273647748467892	-0.5045297095656808	Control
ENSG00000196312	7	5	2	0.03041275165282881	0.29349853450572877	0.22368771649347188	0.06981081801225689	AD
ENSG00000020129	1	6	-5	-0.08403695450265977	0.04782840394351186	0.24660271782573942	-0.19877431388222755	Control
ENSG00000148948	13	13	0	-0.0022871643915964943	0.397015720756728	0.3673061550759392	0.029709565680788752	Control
ENSG00000174718	8	29	-21	-0.3456362828580622	0.3160138555822009	0.5135891286970423	-0.1975752731148414	Control
ENSG00000113161	5	2	3	0.04676270967504147	0.24260591526778577	0.11204369837463363	0.13056221689315214	AD
ENSG00000178074	26	24	2	0.03041275165282881	0.5242472688515853	0.4794830802025047	0.04476418864908066	AD
ENSG00000090376	8	2	6	0.09581258374167942	0.3160138555822009	0.11204369837463363	0.20397015720756728	AD
ENSG00000162909	4	20	-16	-0.26388649274699894	0.21183053557154277	0.44537703170796694	-0.23354649613642417	Control
ENSG00000130202	4	14	-10	-0.16578674461372303	0.21183053557154277	0.3799626965094591	-0.1681321609379163	Control
ENSG00000225746	1	2	-1	-0.01863712241380915	0.04782840394351186	0.11204369837463363	-0.06421529443112177	Control
ENSG00000176171	15	56	-41	-0.6726354433023153	0.4237942978950173	0.6244337863042899	-0.2006394884092726	Control
ENSG00000133142	5	15	-10	-0.16578674461372303	0.24260591526778577	0.3911537436717293	-0.1485478284039435	Control
ENSG00000169635	26	4	22	0.3574119120970819	0.5242472688515853	0.19571009858779642	0.3285371702637889	AD
ENSG00000146476	13	6	7	0.11216254176389208	0.397015720756728	0.24660271782573942	0.15041300293098855	AD
ENSG00000087077	8	33	-25	-0.41103611494691283	0.3160138555822009	0.5363709032773781	-0.22035704769517722	Control
ENSG00000164466	6	34	-28	-0.4600859890135508	0.2696509459099387	0.5428990141220357	-0.27324806821209696	Control
ENSG00000136141	11	20	-9	-0.14943678659151036	0.36757260857980284	0.44537703170796694	-0.0778044231281641	Control
ENSG00000122008	6	19	-13	-0.214836618680361	0.2696509459099387	0.4337863042899014	-0.16413535837996268	Control
ENSG00000203879	613	827	-214	-3.501178181145104	0.9741540101252332	0.9992006394884093	-0.025046629363176143	Control
ENSG00000084453	9	3	6	0.09581258374167942	0.3361310951239009	0.16027178257394084	0.17585931254996004	AD
ENSG00000124217	47	23	24	0.3901118281415072	0.623767652544631	0.47282174260591525	0.1509459099387157	AD
ENSG00000119965	19	8	11	0.1775623738527427	0.46989075406341596	0.28710365041300295	0.182787103650413	AD
ENSG00000162755	14	20	-6	-0.10038691252487242	0.4108713029576339	0.44537703170796694	-0.03450572875033303	Control
ENSG00000082641	18	44	-26	-0.4273860729691255	0.45976552091660006	0.5848654409805489	-0.12509992006394888	Control
ENSG00000197930	4	1	3	0.04676270967504147	0.21183053557154277	0.04209965361044498	0.16973088196109778	AD
ENSG00000227640	3	21	-18	-0.2965864087914242	0.17306155075939247	0.4559019451105782	-0.2828403943511857	Control
ENSG00000132963	13	3	10	0.16121241583053006	0.397015720756728	0.16027178257394084	0.23674393818278713	AD
ENSG00000147439	1	1	0	-0.0022871643915964943	0.04782840394351186	0.04209965361044498	0.005728750333066877	Control
ENSG00000167535	4	2	2	0.03041275165282881	0.21183053557154277	0.11204369837463363	0.099786837196909145	AD
ENSG00000183255	27	42	-15	-0.2475365347247863	0.5325073274713562	0.5788702371436184	-0.0463629096722622	Control
ENSG00000134508	3	9	-6	-0.10038691252487242	0.17306155075939247	0.3050892619237943	-0.13202771116440185	Control
ENSG00000074319	25	2	23	0.37376187011929457	0.5154543032240874	0.11204369837463363	0.40341060484945374	AD
ENSG00000101493	7	34	-27	-0.4437360309913381	0.29349853450572877	0.5428990141220357	-0.2494004796163069	Control
ENSG00000105397	12	53	-41	-0.6726354433023153	0.3824940047961631	0.6132427391420198	-0.2307487343458567	Control
ENSG00000087206	1	9	-8	-0.1330868285692977	0.04782840394351186	0.3050892619237943	-0.2572608579802825	Control
ENSG00000118596	24	32	-8	-0.1330868285692977	0.5077271516120437	0.530775379696243	-0.023048228084199263	Control
ENSG00000144357	4	1	3	0.04676270967504147	0.21183053557154277	0.04209965361044498	0.16973088196109778	AD
ENSG00000176700	16	62	-46	-0.7543852334133786	0.4373834265920597	0.6421529443112177	-0.20476951771915802	Control
ENSG00000166342	25	6	19	0.30836203803044393	0.5154543032240874	0.24660271782573942	0.26885158539834797	AD
ENSG00000099282	1	2	-1	-0.01863712241380915	0.04782840394351186	0.11204369837463363	-0.06421529443112177	Control
ENSG00000108349	2	1	1	0.01406279363061616	0.12283506528110845	0.04209965361044498	0.08073541167066348	AD
ENSG00000160716	4	26	-22	-0.36198624088027487	0.21183053557154277	0.4933386624034106	-0.2815081268318679	Control
ENSG00000244005	21	1	20	0.3247119960526566	0.4845456967759126	0.04209965361044498	0.4424460431654676	AD
ENSG00000110925	19	12	7	0.11216254176389208	0.46989075406341596	0.35251798561151076	0.1173727684519052	AD
ENSG00000122140	18	32	-14	-0.23118657670257364	0.45976552091660006	0.530775379696243	-0.07100985877964294	Control
ENSG00000196368	12	3	9	0.1448624578083174	0.3824940047961631	0.16027178257394084	0.22222222222222224	AD
ENSG00000107185	7	5	2	0.03041275165282881	0.29349853450572877	0.22368771649347188	0.06981081801225689	AD
ENSG00000140398	13	25	-12	-0.19848666065814832	0.397015720756728	0.48627764455102584	-0.08926192379429787	Control
ENSG00000261678	4	4	0	-0.0022871643915964943	0.21183053557154277	0.19571009858779642	0.01612043698374635	Control
ENSG00000163629	4	25	-21	-0.3456362828580622	0.21183053557154277	0.48627764455102584	-0.2744471089794831	Control
ENSG00000168970	3	16	-13	-0.214836618680361	0.17306155075939247	0.4023447908339995	-0.22928324007460701	Control
ENSG00000178381	3	1	2	0.03041275165282881	0.17306155075939247	0.04209965361044498	0.1309618971489475	AD
ENSG00000241399	5	4	1	0.01406279363061616	0.24260591526778577	0.19571009858779642	0.04689581667998935	AD
ENSG00000116641	5	124	-119	-1.9479321690349025	0.24260591526778577	0.751265654143352	-0.5086597388755663	Control
ENSG00000150787	22	1	21	0.3410619540748692	0.49213962163602454	0.04209965361044498	0.45003996802557955	AD
ENSG00000176407	4	3	1	0.01406279363061616	0.21183053557154277	0.16027178257394084	0.05155875299760193	AD
ENSG00000172458	2	5	-3	-0.05133703845823445	0.12283506528110845	0.22368771649347188	-0.10085265121236343	Control
ENSG00000081307	4	54	-50	-0.8197850655022292	0.21183053557154277	0.617505995203837	-0.40567545963229423	Control
ENSG00000104129	8	18	-10	-0.16578674461372303	0.3160138555822009	0.42312816413535836	-0.10711430855315746	Control
ENSG00000240225	108	55	53	0.8642606107856742	0.7363442579269918	0.6208366640021317	0.1155075939248601	AD
ENSG00000090266	1	3	-2	-0.0349870804360218	0.04782840394351186	0.16027178257394084	-0.11244337863042898	Control
ENSG00000106524	18	32	-14	-0.23118657670257364	0.45976552091660006	0.530775379696243	-0.07100985877964294	Control
ENSG00000145247	4	2	2	0.03041275165282881	0.21183053557154277	0.11204369837463363	0.099786837196909145	AD
ENSG00000166503	15	31	-16	-0.26388649274699894	0.4237942978950173	0.5257127631228351	-0.10191846522781778	Control
ENSG00000197912	4	1	3	0.04676270967504147	0.21183053557154277	0.04209965361044498	0.16973088196109778	AD
ENSG00000260316	1	1	0	-0.0022871643915964943	0.04782840394351186	0.04209965361044498	0.005728750333066877	Control
ENSG00000170456	8	12	-4	-0.06768699648044711	0.3160138555822009	0.35251798561151076	-0.036504130029309856	Control
ENSG00000137806	13	5	8	0.12851249978610474	0.397015720756728	0.22368771649347188	0.1733280042632561	AD
ENSG00000128791	6	5	1	0.01406279363061616	0.2696509459099387	0.22368771649347188	0.04596322941646683	AD
ENSG00000081791	5	13	-8	-0.1330868285692977	0.24260591526778577	0.3673061550759392	-0.12470023980815345	Control
ENSG00000185049	6	1	5	0.07946262571946677	0.2696509459099387	0.04209965361044498	0.22755129229949372	AD
ENSG00000137713	11	16	-5	-0.08403695450265977	0.36757260857980284	0.4023447908339995	-0.03477218225419665	Control
ENSG00000142327	7	71	-64	-1.0486844778132065	0.29349853450572877	0.6675992539301892	-0.3741007194244604	Control
ENSG00000149273	4	8	-4	-0.06768699648044711	0.21183053557154277	0.28710365041300295	-0.07527311484146018	Control
ENSG00000172340	12	20	-8	-0.1330868285692977	0.3824940047961631	0.44537703170796694	-0.06288302691180386	Control
ENSG00000109475	9	16	-7	-0.11673687054708508	0.3361310951239009	0.4023447908339995	-0.06621369571009861	Control
ENSG00000089169	1	16	-15	-0.2475365347247863	0.04782840394351186	0.4023447908339995	-0.35451638689048764	Control
ENSG00000154328	2	1	1	0.01406279363061616	0.12283506528110845	0.04209965361044498	0.08073541167066348	AD
ENSG00000213654	6	18	-12	-0.19848666065814832	0.2696509459099387	0.42312816413535836	-0.15347721822541965	Control
ENSG00000135315	3	48	-45	-0.7380352753911659	0.17306155075939247	0.5995203836930456	-0.42645883293365316	Control
ENSG00000241839	8	11	-3	-0.05133703845823445	0.3160138555822009	0.33679722888355984	-0.02078337330135893	Control
ENSG00000269343	10	27	-17	-0.2802364507692116	0.35251798561151076	0.4998667732480682	-0.14734878763655745	Control
ENSG00000174456	48	5	43	0.7007610305635477	0.6268318678390621	0.22368771649347188	0.40314415134559023	AD
ENSG00000164062	21	101	-80	-1.3102838061686088	0.4845456967759126	0.7214228617106315	-0.23687716493471894	Control
ENSG00000180329	43	198	-155	-2.536530657834558	0.609912070343725	0.815347721822542	-0.20543565147881704	Control
ENSG00000124067	23	14	9	0.1448624578083174	0.5001332267519318	0.3799626965094591	0.12017053024247276	AD
ENSG00000094975	1	1	0	-0.0022871643915964943	0.04782840394351186	0.04209965361044498	0.005728750333066877	Control
ENSG00000113732	7	27	-20	-0.3292863248358496	0.29349853450572877	0.4998667732480682	-0.20636823874233945	Control
ENSG00000242759	5	10	-5	-0.08403695450265977	0.24260591526778577	0.32187583266719955	-0.07926991739941378	Control
ENSG00000117143	7	3	4	0.06311266769725413	0.29349853450572877	0.16027178257394084	0.13322675193178793	AD
ENSG00000167107	4	76	-72	-1.1794841419909077	0.21183053557154277	0.6762589928057554	-0.46442845723421267	Control
ENSG00000143870	3	4	-1	-0.01863712241380915	0.17306155075939247	0.19571009858779642	-0.022648547828403948	Control
ENSG00000230715	5	22	-17	-0.2802364507692116	0.24260591526778577	0.464828137490008	-0.22222222222222224	Control
ENSG00000166398	11	22	-11	-0.18213670263593568	0.36757260857980284	0.464828137490008	-0.09725552891020517	Control
ENSG00000197223	15	6	9	0.1448624578083174	0.4237942978950173	0.24660271782573942	0.1771915800692779	AD
ENSG00000176410	5	1	4	0.06311266769725413	0.24260591526778577	0.04209965361044498	0.20050626165734078	AD
ENSG00000183155	5	4	1	0.01406279363061616	0.24260591526778577	0.19571009858779642	0.04689581667998935	AD
ENSG00000197958	1	2	-1	-0.01863712241380915	0.04782840394351186	0.11204369837463363	-0.06421529443112177	Control
ENSG00000273820	43	10	33	0.5372614503414211	0.609912070343725	0.32187583266719955	0.2880362376765254	AD
ENSG00000187730	7	40	-33	-0.5418357791246141	0.29349853450572877	0.5700772715161204	-0.27657873701039165	Control
ENSG00000103479	9	59	-50	-0.8197850655022292	0.3361310951239009	0.6338928856914469	-0.297761790567546	Control
ENSG00000126950	127	219	-92	-1.5064833024351607	0.7577937649880095	0.8302691180389022	-0.0724753530508927	Control
ENSG00000169116	8	12	-4	-0.06768699648044711	0.3160138555822009	0.35251798561151076	-0.036504130029309856	Control
ENSG00000174136	4	2	2	0.03041275165282881	0.21183053557154277	0.11204369837463363	0.099786837196909145	AD
ENSG00000160447	3	1	2	0.03041275165282881	0.17306155075939247	0.04209965361044498	0.1309618971489475	AD
ENSG00000159079	16	22	-6	-0.10038691252487242	0.4373834265920597	0.464828137490008	-0.02744471089794831	Control
ENSG00000100591	12	9	3	0.04676270967504147	0.3824940047961631	0.3050892619237943	0.07740474287236876	AD
ENSG00000151914	3	2	1	0.01406279363061616	0.17306155075939247	0.11204369837463363	0.06101785238475885	AD
ENSG00000163946	8	10	-2	-0.0349870804360218	0.3160138555822009	0.32187583266719955	-0.0058619770849986375	Control
ENSG00000198168	12	45	-33	-0.5418357791246141	0.3824940047961631	0.5885957900346389	-0.20610178523847583	Control
ENSG00000180104	16	4	12	0.19391233187495535	0.4373834265920597	0.19571009858779642	0.24167332800426328	AD
ENSG00000132694	2	1	1	0.01406279363061616	0.12283506528110845	0.04209965361044498	0.08073541167066348	AD
ENSG00000233508	4	8	-4	-0.06768699648044711	0.21183053557154277	0.28710365041300295	-0.07527311484146018	Control
ENSG00000197894	2	1	1	0.01406279363061616	0.12283506528110845	0.04209965361044498	0.08073541167066348	AD
ENSG00000101489	4	3	1	0.01406279363061616	0.21183053557154277	0.16027178257394084	0.05155875299760193	AD
ENSG00000100139	18	3	15	0.24296220594159332	0.45976552091660006	0.16027178257394084	0.29949373834265924	AD
ENSG00000143622	1	6	-5	-0.08403695450265977	0.04782840394351186	0.24660271782573942	-0.19877431388222755	Control
ENSG00000103852	24	23	1	0.01406279363061616	0.5077271516120437	0.47282174260591525	0.034905409006128485	AD
ENSG00000189410	6	7	-1	-0.01863712241380915	0.2696509459099387	0.2675193178790301	0.0021316280309086055	Control
ENSG00000148672	5	7	-2	-0.0349870804360218	0.24260591526778577	0.2675193178790301	-0.024913402611244334	Control
ENSG00000016391	1	36	-35	-0.5745356951690394	0.04782840394351186	0.5523581135091926	-0.5045297095656808	Control
ENSG00000086062	6	4	2	0.03041275165282881	0.2696509459099387	0.19571009858779642	0.07394084732214229	AD
ENSG00000101460	28	18	10	0.16121241583053006	0.5390354383160139	0.42312816413535836	0.1159072741806555	AD
ENSG00000158258	13	5	8	0.12851249978610474	0.397015720756728	0.22368771649347188	0.1733280042632561	AD
ENSG00000135637	3	7	-4	-0.06768699648044711	0.17306155075939247	0.2675193178790301	-0.09445776711963763	Control
ENSG00000184371	3	9	-6	-0.10038691252487242	0.17306155075939247	0.3050892619237943	-0.13202771116440185	Control
ENSG00000012779	1	34	-33	-0.5418357791246141	0.04782840394351186	0.5428990141220357	-0.49507061017852383	Control
ENSG00000004455	1	4	-3	-0.05133703845823445	0.04782840394351186	0.19571009858779642	-0.14788169464428458	Control
ENSG00000149311	16	53	-37	-0.6072356112134647	0.4373834265920597	0.6132427391420198	-0.17585931254996007	Control
ENSG00000135090	2	4	-2	-0.0349870804360218	0.12283506528110845	0.19571009858779642	-0.07287503330668797	Control
ENSG00000095002	9	17	-8	-0.1330868285692977	0.3361310951239009	0.4132693844924061	-0.0771382893685052	Control
ENSG00000164600	9	5	4	0.06311266769725413	0.3361310951239009	0.22368771649347188	0.112443378630429	AD
ENSG00000164574	5	3	2	0.03041275165282881	0.24260591526778577	0.16027178257394084	0.08233413269384493	AD
ENSG00000221866	3	2	1	0.01406279363061616	0.17306155075939247	0.11204369837463363	0.06101785238475885	AD
ENSG00000175866	1	1	0	-0.0022871643915964943	0.04782840394351186	0.04209965361044498	0.005728750333066877	Control
ENSG00000100599	8	25	-17	-0.2802364507692116	0.3160138555822009	0.48627764455102584	-0.17026378896882494	Control
ENSG00000141522	11	12	-1	-0.01863712241380915	0.36757260857980284	0.35251798561151076	0.015054622968292075	Control
ENSG00000147050	1	1	0	-0.0022871643915964943	0.04782840394351186	0.04209965361044498	0.005728750333066877	Control
ENSG00000266714	1	1	0	-0.0022871643915964943	0.04782840394351186	0.04209965361044498	0.005728750333066877	Control
ENSG00000085563	5	2	3	0.04676270967504147	0.24260591526778577	0.11204369837463363	0.13056221689315214	AD
ENSG00000121766	11	9	2	0.03041275165282881	0.36757260857980284	0.3050892619237943	0.06248334665600852	AD
ENSG00000123933	2	1	1	0.01406279363061616	0.12283506528110845	0.04209965361044498	0.08073541167066348	AD
ENSG00000104936	5	30	-25	-0.41103611494691283	0.24260591526778577	0.5201172395417	-0.27751132427391423	Control
ENSG00000131375	3	91	-88	-1.4410834703463102	0.17306155075939247	0.704769517719158	-0.5317079669597655	Control
ENSG00000198130	6	7	-1	-0.01863712241380915	0.2696509459099387	0.2675193178790301	0.0021316280309086055	Control
ENSG00000253284	1	4	-3	-0.05133703845823445	0.04782840394351186	0.19571009858779642	-0.14788169464428458	Control
ENSG00000167671	3	57	-54	-0.8851848975910798	0.17306155075939247	0.6273647748467892	-0.45430322408739676	Control
ENSG00000005810	12	7	5	0.07946262571946677	0.3824940047961631	0.2675193178790301	0.11497468691713297	AD
ENSG00000154429	2	1	1	0.01406279363061616	0.12283506528110845	0.04209965361044498	0.08073541167066348	AD
ENSG00000197816	1	4	-3	-0.05133703845823445	0.04782840394351186	0.19571009858779642	-0.14788169464428458	Control
ENSG00000071537	36	21	15	0.24296220594159332	0.5808686384225953	0.4559019451105782	0.1249666933120171	AD
ENSG00000124126	50	48	2	0.03041275165282881	0.6334932054356515	0.5995203836930456	0.03397282174260585	AD
ENSG00000066027	1	11	-10	-0.16578674461372303	0.04782840394351186	0.33679722888355984	-0.288968824940048	Control
ENSG00000029534	2	6	-4	-0.06768699648044711	0.12283506528110845	0.24660271782573942	-0.12376765254463097	Control
ENSG00000133789	3	13	-10	-0.16578674461372303	0.17306155075939247	0.3673061550759392	-0.19424460431654675	Control
ENSG00000135324	3	12	-9	-0.14943678659151036	0.17306155075939247	0.35251798561151076	-0.1794564348521183	Control
ENSG00000154511	4	2	2	0.03041275165282881	0.21183053557154277	0.11204369837463363	0.099786837196909145	AD
ENSG00000101349	16	1	15	0.24296220594159332	0.4373834265920597	0.04209965361044498	0.3952837729816147	AD
ENSG00000167363	27	53	-26	-0.4273860729691255	0.5325073274713562	0.6132427391420198	-0.08073541167066356	Control
ENSG00000100154	3	11	-8	-0.1330868285692977	0.17306155075939247	0.33679722888355984	-0.16373567812416737	Control
ENSG00000135976	4	25	-21	-0.3456362828580622	0.21183053557154277	0.48627764455102584	-0.2744471089794831	Control
ENSG00000215158	8	1	7	0.11216254176389208	0.3160138555822009	0.04209965361044498	0.2739142019717559	AD
ENSG00000136367	2	1	1	0.01406279363061616	0.12283506528110845	0.04209965361044498	0.08073541167066348	AD
ENSG00000104870	39	70	-31	-0.5091358630801888	0.5951239008792966	0.665201172395417	-0.07007727151612042	Control
ENSG00000137216	6	28	-22	-0.36198624088027487	0.2696509459099387	0.5063948840927258	-0.2367439381827871	Control
ENSG00000135972	11	1	10	0.16121241583053006	0.36757260857980284	0.04209965361044498	0.32547295496935785	AD
ENSG00000076513	6	1	5	0.07946262571946677	0.2696509459099387	0.04209965361044498	0.22755129229949372	AD
ENSG00000078061	9	25	-16	-0.26388649274699894	0.3361310951239009	0.48627764455102584	-0.15014654942712496	Control
ENSG00000236104	25	1	24	0.3901118281415072	0.5154543032240874	0.04209965361044498	0.4733546496136424	AD
ENSG00000074657	50	107	-57	-0.9342347716577177	0.6334932054356515	0.7288835598188116	-0.09539035438316013	Control
ENSG00000130638	62	29	33	0.5372614503414211	0.6637356781241673	0.5135891286970423	0.15014654942712502	AD
ENSG00000119812	5	4	1	0.01406279363061616	0.24260591526778577	0.19571009858779642	0.04689581667998935	AD
ENSG00000155660	2	1	1	0.01406279363061616	0.12283506528110845	0.04209965361044498	0.08073541167066348	AD
ENSG00000126822	10	5	5	0.07946262571946677	0.35251798561151076	0.22368771649347188	0.12883026911803888	AD
ENSG00000118181	5	14	-9	-0.14943678659151036	0.24260591526778577	0.3799626965094591	-0.1373567812416733	Control
ENSG00000136811	3	5	-2	-0.0349870804360218	0.17306155075939247	0.22368771649347188	-0.05062616573407941	Control
ENSG00000111802	4	12	-8	-0.1330868285692977	0.21183053557154277	0.35251798561151076	-0.140687450039968	Control
ENSG00000162694	5	34	-29	-0.4764359470357635	0.24260591526778577	0.5428990141220357	-0.30029309885424993	Control
ENSG00000247708	11	17	-6	-0.10038691252487242	0.36757260857980284	0.4132693844924061	-0.04569677591260324	Control
ENSG00000118515	1	1	0	-0.0022871643915964943	0.04782840394351186	0.04209965361044498	0.005728750333066877	Control
ENSG00000137818	2	3	-1	-0.01863712241380915	0.12283506528110845	0.16027178257394084	-0.03743671729283239	Control
ENSG00000132589	16	2	14	0.22661224791938067	0.4373834265920597	0.11204369837463363	0.32533972821742607	AD
ENSG00000166801	8	20	-12	-0.19848666065814832	0.3160138555822009	0.44537703170796694	-0.12936317612576603	Control
ENSG00000100271	11	1	10	0.16121241583053006	0.36757260857980284	0.04209965361044498	0.32547295496935785	AD
ENSG00000174446	25	31	-6	-0.10038691252487242	0.5154543032240874	0.5257127631228351	-0.01025845989874774	Control
ENSG00000101546	10	5	5	0.07946262571946677	0.35251798561151076	0.22368771649347188	0.12883026911803888	AD
ENSG00000103363	6	2	4	0.06311266769725413	0.2696509459099387	0.11204369837463363	0.15760724753530508	AD
ENSG00000164040	7	17	-10	-0.16578674461372303	0.29349853450572877	0.4132693844924061	-0.11977084998667731	Control
ENSG00000198925	13	29	-16	-0.26388649274699894	0.397015720756728	0.5135891286970423	-0.11657340794031434	Control
ENSG00000134152	11	22	-11	-0.18213670263593568	0.36757260857980284	0.464828137490008	-0.09725552891020517	Control
ENSG00000110013	1	40	-39	-0.6399355272578899	0.04782840394351186	0.5700772715161204	-0.5222488675726086	Control
ENSG00000115540	2	23	-21	-0.3456362828580622	0.12283506528110845	0.47282174260591525	-0.3499866773248068	Control
ENSG00000197771	3	9	-6	-0.10038691252487242	0.17306155075939247	0.3050892619237943	-0.13202771116440185	Control
ENSG00000090971	52	16	36	0.5863113244080591	0.6380229150013322	0.4023447908339995	0.23567812416733275	AD
ENSG00000066336	5	36	-31	-0.5091358630801888	0.24260591526778577	0.5523581135091926	-0.3097521982414069	Control
ENSG00000011258	27	32	-5	-0.08403695450265977	0.5325073274713562	0.530775379696243	0.0017319477751132073	Control
ENSG00000099817	14	31	-17	-0.2802364507692116	0.4108713029576339	0.5257127631228351	-0.11484146016520119	Control
ENSG00000088888	71	86	-15	-0.2475365347247863	0.6817212896349587	0.69597655209166	-0.014255262456701279	Control
ENSG00000105640	6	3	3	0.04676270967504147	0.2696509459099387	0.16027178257394084	0.10937916333599787	AD
ENSG00000205213	5	27	-22	-0.36198624088027487	0.24260591526778577	0.4998667732480682	-0.2572608579802824	Control
ENSG00000204789	6	2	4	0.06311266769725413	0.2696509459099387	0.11204369837463363	0.15760724753530508	AD
ENSG00000229117	4	18	-14	-0.23118657670257364	0.21183053557154277	0.42312816413535836	-0.2112976285638156	Control
ENSG00000182004	4	2	2	0.03041275165282881	0.21183053557154277	0.11204369837463363	0.099786837196909145	AD
ENSG00000234771	1	8	-7	-0.11673687054708508	0.04782840394351186	0.28710365041300295	-0.2392752464694911	Control
ENSG00000101152	55	232	-177	-2.896229734323236	0.6456168398614441	0.8409272581934453	-0.19531041833200113	Control
ENSG00000166595	8	1	7	0.11216254176389208	0.3160138555822009	0.04209965361044498	0.2739142019717559	AD
ENSG00000168026	2	1	1	0.01406279363061616	0.12283506528110845	0.04209965361044498	0.08073541167066348	AD
ENSG00000125991	69	24	45	0.7334609466079729	0.6773248068212097	0.4794830802025047	0.19784172661870497	AD
ENSG00000119760	1	7	-6	-0.10038691252487242	0.04782840394351186	0.2675193178790301	-0.21969091393551826	Control
ENSG00000227036	4	16	-12	-0.19848666065814832	0.21183053557154277	0.4023447908339995	-0.19051425526245672	Control
ENSG00000279425	7	12	-5	-0.08403695450265977	0.29349853450572877	0.35251798561151076	-0.059019451105781995	Control
ENSG00000229847	5	66	-61	-0.9996346037465683	0.24260591526778577	0.6540101252331468	-0.4114042099653611	Control
ENSG00000180448	3	15	-12	-0.19848666065814832	0.17306155075939247	0.3911537436717293	-0.2180921929123368	Control
ENSG00000182180	9	24	-15	-0.2475365347247863	0.3361310951239009	0.4794830802025047	-0.1433519850786038	Control
ENSG00000123104	11	39	-28	-0.4600859890135508	0.36757260857980284	0.5648814281907807	-0.19730881961097785	Control
ENSG00000012963	7	1	6	0.09581258374167942	0.29349853450572877	0.04209965361044498	0.2513988808952838	AD
ENSG00000105793	6	17	-11	-0.18213670263593568	0.2696509459099387	0.4132693844924061	-0.14361843858246737	Control
ENSG00000241553	3	6	-3	-0.05133703845823445	0.17306155075939247	0.24660271782573942	-0.07354116706634695	Control
ENSG00000189067	3	8	-5	-0.08403695450265977	0.17306155075939247	0.28710365041300295	-0.11404209965361048	Control
ENSG00000185404	3	2	1	0.01406279363061616	0.17306155075939247	0.11204369837463363	0.06101785238475885	AD
ENSG00000169288	11	7	4	0.06311266769725413	0.36757260857980284	0.2675193178790301	0.10005329070077273	AD
ENSG00000179271	21	82	-61	-0.9996346037465683	0.4845456967759126	0.6895816679989342	-0.20503597122302158	Control
ENSG00000158163	4	1	3	0.04676270967504147	0.21183053557154277	0.04209965361044498	0.16973088196109778	AD
ENSG00000161912	5	9	-4	-0.06768699648044711	0.24260591526778577	0.3050892619237943	-0.06248334665600855	Control
ENSG00000135631	1	2	-1	-0.01863712241380915	0.04782840394351186	0.11204369837463363	-0.06421529443112177	Control
ENSG00000150756	3	1	2	0.03041275165282881	0.17306155075939247	0.04209965361044498	0.1309618971489475	AD
ENSG00000128872	6	11	-5	-0.08403695450265977	0.2696509459099387	0.33679722888355984	-0.06714628297362113	Control
ENSG00000132541	4	6	-2	-0.0349870804360218	0.21183053557154277	0.24660271782573942	-0.03477218225419665	Control
ENSG00000107738	6	7	-1	-0.01863712241380915	0.2696509459099387	0.2675193178790301	0.0021316280309086055	Control
ENSG00000254087	2	4	-2	-0.0349870804360218	0.12283506528110845	0.19571009858779642	-0.07287503330668797	Control
ENSG00000107249	3	5	-2	-0.0349870804360218	0.17306155075939247	0.22368771649347188	-0.05062616573407941	Control
ENSG00000167645	1	9	-8	-0.1330868285692977	0.04782840394351186	0.3050892619237943	-0.2572608579802825	Control
ENSG00000198556	1	29	-28	-0.4600859890135508	0.04782840394351186	0.5135891286970423	-0.4657607247535305	Control
ENSG00000180929	1	6	-5	-0.08403695450265977	0.04782840394351186	0.24660271782573942	-0.19877431388222755	Control
ENSG00000113163	23	49	-26	-0.4273860729691255	0.5001332267519318	0.6023181454836131	-0.10218491873168123	Control
ENSG00000115970	2	1	1	0.01406279363061616	0.12283506528110845	0.04209965361044498	0.08073541167066348	AD
ENSG00000079337	8	18	-10	-0.16578674461372303	0.3160138555822009	0.42312816413535836	-0.10711430855315746	Control
ENSG00000060749	4	11	-7	-0.11673687054708508	0.21183053557154277	0.33679722888355984	-0.12496669331201707	Control
ENSG00000100522	4	3	1	0.01406279363061616	0.21183053557154277	0.16027178257394084	0.05155875299760193	AD
ENSG00000141759	21	54	-33	-0.5418357791246141	0.4845456967759126	0.617505995203837	-0.1329602984279244	Control
ENSG00000143256	10	8	2	0.03041275165282881	0.35251798561151076	0.28710365041300295	0.06541433519850781	AD
ENSG00000171766	15	28	-13	-0.214836618680361	0.4237942978950173	0.5063948840927258	-0.08260058619770849	Control
ENSG00000005206	10	2	8	0.12851249978610474	0.35251798561151076	0.11204369837463363	0.24047428723687714	AD
ENSG00000100614	2	18	-16	-0.26388649274699894	0.12283506528110845	0.42312816413535836	-0.30029309885424993	Control
ENSG00000047410	2	2	0	-0.0022871643915964943	0.12283506528110845	0.11204369837463363	0.010791366906474822	Control
ENSG00000182255	6	3	3	0.04676270967504147	0.2696509459099387	0.16027178257394084	0.10937916333599787	AD
ENSG00000187735	6	2	4	0.06311266769725413	0.2696509459099387	0.11204369837463363	0.15760724753530508	AD
ENSG00000204264	1	2	-1	-0.01863712241380915	0.04782840394351186	0.11204369837463363	-0.06421529443112177	Control
ENSG00000147465	3	3	0	-0.0022871643915964943	0.17306155075939247	0.16027178257394084	0.012789768185451633	Control
ENSG00000197756	4	4	0	-0.0022871643915964943	0.21183053557154277	0.19571009858779642	0.01612043698374635	Control
ENSG00000245213	5	8	-3	-0.05133703845823445	0.24260591526778577	0.28710365041300295	-0.04449773514521718	Control
ENSG00000092969	1	4	-3	-0.05133703845823445	0.04782840394351186	0.19571009858779642	-0.14788169464428458	Control
ENSG00000158869	5	20	-15	-0.2475365347247863	0.24260591526778577	0.44537703170796694	-0.20277111644018117	Control
ENSG00000204650	12	5	7	0.11216254176389208	0.3824940047961631	0.22368771649347188	0.1588062883026912	AD
ENSG00000172775	1	2	-1	-0.01863712241380915	0.04782840394351186	0.11204369837463363	-0.06421529443112177	Control
ENSG00000168487	1	17	-16	-0.26388649274699894	0.04782840394351186	0.4132693844924061	-0.36544098054889423	Control
ENSG00000288025	2	1	1	0.01406279363061616	0.12283506528110845	0.04209965361044498	0.08073541167066348	AD
ENSG00000197712	1	17	-16	-0.26388649274699894	0.04782840394351186	0.4132693844924061	-0.36544098054889423	Control
ENSG00000095015	11	1	10	0.16121241583053006	0.36757260857980284	0.04209965361044498	0.32547295496935785	AD
ENSG00000162337	3	2	1	0.01406279363061616	0.17306155075939247	0.11204369837463363	0.06101785238475885	AD
ENSG00000154548	4	7	-3	-0.05133703845823445	0.21183053557154277	0.2675193178790301	-0.05568878230748733	Control
ENSG00000276517	2	21	-19	-0.3129363668136369	0.12283506528110845	0.4559019451105782	-0.33306687982946975	Control
ENSG00000185164	12	36	-24	-0.39468615692470016	0.3824940047961631	0.5523581135091926	-0.16986410871302954	Control
ENSG00000146067	1	3	-2	-0.0349870804360218	0.04782840394351186	0.16027178257394084	-0.11244337863042898	Control
ENSG00000237877	8	32	-24	-0.39468615692470016	0.3160138555822009	0.530775379696243	-0.2147615241140421	Control
ENSG00000158286	1	4	-3	-0.05133703845823445	0.04782840394351186	0.19571009858779642	-0.14788169464428458	Control
ENSG00000218283	8	1	7	0.11216254176389208	0.3160138555822009	0.04209965361044498	0.2739142019717559	AD
ENSG00000164808	4	1	3	0.04676270967504147	0.21183053557154277	0.04209965361044498	0.16973088196109778	AD
ENSG00000144677	4	5	-1	-0.01863712241380915	0.21183053557154277	0.22368771649347188	-0.011857180921929111	Control
ENSG00000204394	9	1	8	0.12851249978610474	0.3361310951239009	0.04209965361044498	0.2940314415134559	AD
ENSG00000205352	1	1	0	-0.0022871643915964943	0.04782840394351186	0.04209965361044498	0.005728750333066877	Control
ENSG00000050405	7	33	-26	-0.4273860729691255	0.29349853450572877	0.5363709032773781	-0.24287236877164936	Control
ENSG00000241058	5	10	-5	-0.08403695450265977	0.24260591526778577	0.32187583266719955	-0.07926991739941378	Control
ENSG00000163029	5	6	-1	-0.01863712241380915	0.24260591526778577	0.24660271782573942	-0.003996802557953649	Control
ENSG00000165355	13	5	8	0.12851249978610474	0.397015720756728	0.22368771649347188	0.1733280042632561	AD
ENSG00000172530	8	1	7	0.11216254176389208	0.3160138555822009	0.04209965361044498	0.2739142019717559	AD
ENSG00000102181	103	70	33	0.5372614503414211	0.7303490540900612	0.665201172395417	0.06514788169464425	AD
ENSG00000120705	5	1	4	0.06311266769725413	0.24260591526778577	0.04209965361044498	0.20050626165734078	AD
ENSG00000170348	5	7	-2	-0.0349870804360218	0.24260591526778577	0.2675193178790301	-0.024913402611244334	Control
ENSG00000168297	2	2	0	-0.0022871643915964943	0.12283506528110845	0.11204369837463363	0.010791366906474822	Control
ENSG00000131469	17	20	-3	-0.05133703845823445	0.44950706101785237	0.44537703170796694	0.00413002930988543	Control
ENSG00000154310	3	21	-18	-0.2965864087914242	0.17306155075939247	0.4559019451105782	-0.2828403943511857	Control
ENSG00000141736	2	5	-3	-0.05133703845823445	0.12283506528110845	0.22368771649347188	-0.10085265121236343	Control
ENSG00000127993	1	3	-2	-0.0349870804360218	0.04782840394351186	0.16027178257394084	-0.11244337863042898	Control
ENSG00000159086	46	83	-37	-0.6072356112134647	0.6209698907540634	0.691580069277911	-0.07061017852384766	Control
ENSG00000164741	5	3	2	0.03041275165282881	0.24260591526778577	0.16027178257394084	0.08233413269384493	AD
ENSG00000162437	2	90	-88	-1.4410834703463102	0.12283506528110845	0.7029043431921129	-0.5800692779110045	Control
ENSG00000011198	2	7	-5	-0.08403695450265977	0.12283506528110845	0.2675193178790301	-0.14468425259792167	Control
ENSG00000187068	2	20	-18	-0.2965864087914242	0.12283506528110845	0.44537703170796694	-0.3225419664268585	Control
ENSG00000122565	4	3	1	0.01406279363061616	0.21183053557154277	0.16027178257394084	0.05155875299760193	AD
ENSG00000247199	2	15	-13	-0.214836618680361	0.12283506528110845	0.3911537436717293	-0.26831867839062085	Control
ENSG00000133612	7	7	0	-0.0022871643915964943	0.29349853450572877	0.2675193178790301	0.025979216626698665	Control
ENSG00000278864	1	4	-3	-0.05133703845823445	0.04782840394351186	0.19571009858779642	-0.14788169464428458	Control
ENSG00000094916	1	3	-2	-0.0349870804360218	0.04782840394351186	0.16027178257394084	-0.11244337863042898	Control
ENSG00000077152	2	86	-84	-1.3756836382574595	0.12283506528110845	0.69597655209166	-0.5731414868105515	Control
ENSG00000277534	2	1	1	0.01406279363061616	0.12283506528110845	0.04209965361044498	0.08073541167066348	AD
ENSG00000170075	3	12	-9	-0.14943678659151036	0.17306155075939247	0.35251798561151076	-0.1794564348521183	Control
ENSG00000168993	3	4	-1	-0.01863712241380915	0.17306155075939247	0.19571009858779642	-0.022648547828403948	Control
ENSG00000100129	13	7	6	0.09581258374167942	0.397015720756728	0.2675193178790301	0.12949640287769787	AD
ENSG00000100221	57	28	29	0.4718616182525705	0.65201172395417	0.5063948840927258	0.14561683986144414	AD
ENSG00000149564	8	1	7	0.11216254176389208	0.3160138555822009	0.04209965361044498	0.2739142019717559	AD
ENSG00000053438	8	14	-6	-0.10038691252487242	0.3160138555822009	0.3799626965094591	-0.06394884092725817	Control
ENSG00000080493	2	22	-20	-0.3292863248358496	0.12283506528110845	0.464828137490008	-0.3419930722088996	Control
ENSG00000100417	13	2	11	0.1775623738527427	0.397015720756728	0.11204369837463363	0.28497202238209435	AD
ENSG00000231500	1	6	-5	-0.08403695450265977	0.04782840394351186	0.24660271782573942	-0.19877431388222755	Control
ENSG00000170786	1	1	0	-0.0022871643915964943	0.04782840394351186	0.04209965361044498	0.005728750333066877	Control
ENSG00000115268	3	11	-8	-0.1330868285692977	0.17306155075939247	0.33679722888355984	-0.16373567812416737	Control
ENSG00000171202	2	1	1	0.01406279363061616	0.12283506528110845	0.04209965361044498	0.08073541167066348	AD
ENSG00000126790	6	5	1	0.01406279363061616	0.2696509459099387	0.22368771649347188	0.04596322941646683	AD
ENSG00000166974	24	6	18	0.2920120800082313	0.5077271516120437	0.24660271782573942	0.26112443378630434	AD
ENSG00000095383	3	1	2	0.03041275165282881	0.17306155075939247	0.04209965361044498	0.1309618971489475	AD
ENSG00000148090	1	1	0	-0.0022871643915964943	0.04782840394351186	0.04209965361044498	0.005728750333066877	Control
ENSG00000148154	14	4	10	0.16121241583053006	0.4108713029576339	0.19571009858779642	0.2151612043698375	AD
ENSG00000081320	2	11	-9	-0.14943678659151036	0.12283506528110845	0.33679722888355984	-0.2139621636024514	Control
ENSG00000197971	3	3	0	-0.0022871643915964943	0.17306155075939247	0.16027178257394084	0.012789768185451633	Control
ENSG00000101868	43	42	1	0.01406279363061616	0.609912070343725	0.5788702371436184	0.03104183320010656	AD
ENSG00000184402	24	30	-6	-0.10038691252487242	0.5077271516120437	0.5201172395417	-0.012390087929656235	Control
ENSG00000280152	7	5	2	0.03041275165282881	0.29349853450572877	0.22368771649347188	0.06981081801225689	AD
ENSG00000116885	1	16	-15	-0.2475365347247863	0.04782840394351186	0.4023447908339995	-0.35451638689048764	Control
ENSG00000142089	4	13	-9	-0.14943678659151036	0.21183053557154277	0.3673061550759392	-0.15547561950439645	Control
ENSG00000119906	3	17	-14	-0.23118657670257364	0.17306155075939247	0.4132693844924061	-0.2402078337330136	Control
ENSG00000145494	4	7	-3	-0.05133703845823445	0.21183053557154277	0.2675193178790301	-0.05568878230748733	Control
ENSG00000180769	2	18	-16	-0.26388649274699894	0.12283506528110845	0.42312816413535836	-0.30029309885424993	Control
ENSG00000124440	3	3	0	-0.0022871643915964943	0.17306155075939247	0.16027178257394084	0.012789768185451633	Control
ENSG00000151366	7	15	-8	-0.1330868285692977	0.29349853450572877	0.3911537436717293	-0.09765520916600051	Control
ENSG00000173889	3	3	0	-0.0022871643915964943	0.17306155075939247	0.16027178257394084	0.012789768185451633	Control
ENSG00000269940	1	1	0	-0.0022871643915964943	0.04782840394351186	0.04209965361044498	0.005728750333066877	Control
ENSG00000168522	3	2	1	0.01406279363061616	0.17306155075939247	0.11204369837463363	0.06101785238475885	AD
ENSG00000076003	6	1	5	0.07946262571946677	0.2696509459099387	0.04209965361044498	0.22755129229949372	AD
ENSG00000138769	7	1	6	0.09581258374167942	0.29349853450572877	0.04209965361044498	0.2513988808952838	AD
ENSG00000151967	1	16	-15	-0.2475365347247863	0.04782840394351186	0.4023447908339995	-0.35451638689048764	Control
ENSG00000091039	3	10	-7	-0.11673687054708508	0.17306155075939247	0.32187583266719955	-0.14881428190780707	Control
ENSG00000079308	3	1	2	0.03041275165282881	0.17306155075939247	0.04209965361044498	0.1309618971489475	AD
ENSG00000111907	2	9	-7	-0.11673687054708508	0.12283506528110845	0.3050892619237943	-0.18225419664268588	Control
ENSG00000147130	26	13	13	0.21026228989716803	0.5242472688515853	0.3673061550759392	0.15694111377564612	AD
ENSG00000160789	1	8	-7	-0.11673687054708508	0.04782840394351186	0.28710365041300295	-0.2392752464694911	Control
ENSG00000120278	3	1	2	0.03041275165282881	0.17306155075939247	0.04209965361044498	0.1309618971489475	AD
ENSG00000242173	4	1	3	0.04676270967504147	0.21183053557154277	0.04209965361044498	0.16973088196109778	AD
ENSG00000172728	2	20	-18	-0.2965864087914242	0.12283506528110845	0.44537703170796694	-0.3225419664268585	Control
ENSG00000128849	15	19	-4	-0.06768699648044711	0.4237942978950173	0.4337863042899014	-0.009992006394884068	Control
ENSG00000242372	20	2	18	0.2920120800082313	0.478017585931255	0.11204369837463363	0.36597388755662136	AD
ENSG00000111321	1	8	-7	-0.11673687054708508	0.04782840394351186	0.28710365041300295	-0.2392752464694911	Control
ENSG00000125846	43	65	-22	-0.36198624088027487	0.609912070343725	0.6508126831867839	-0.0409006128430589	Control
ENSG00000152492	1	2	-1	-0.01863712241380915	0.04782840394351186	0.11204369837463363	-0.06421529443112177	Control
ENSG00000177885	3	3	0	-0.0022871643915964943	0.17306155075939247	0.16027178257394084	0.012789768185451633	Control
ENSG00000130517	12	34	-22	-0.36198624088027487	0.3824940047961631	0.5428990141220357	-0.1604050093258726	Control
ENSG00000051523	3	29	-26	-0.4273860729691255	0.17306155075939247	0.5135891286970423	-0.3405275779376499	Control
ENSG00000116704	1	4	-3	-0.05133703845823445	0.04782840394351186	0.19571009858779642	-0.14788169464428458	Control
ENSG00000116251	2	5	-3	-0.05133703845823445	0.12283506528110845	0.22368771649347188	-0.10085265121236343	Control
ENSG00000158528	4	104	-100	-1.6372829666128619	0.21183053557154277	0.7254196642685852	-0.5135891286970424	Control
ENSG00000168546	1	7	-6	-0.10038691252487242	0.04782840394351186	0.2675193178790301	-0.21969091393551826	Control
ENSG00000139163	2	1	1	0.01406279363061616	0.12283506528110845	0.04209965361044498	0.08073541167066348	AD
ENSG00000171109	2	1	1	0.01406279363061616	0.12283506528110845	0.04209965361044498	0.08073541167066348	AD
ENSG00000176142	3	14	-11	-0.18213670263593568	0.17306155075939247	0.3799626965094591	-0.2069011457500666	Control
ENSG00000101972	77	68	9	0.1448624578083174	0.6938449240607514	0.6606714628297362	0.03317346123101517	AD
ENSG00000167555	10	50	-40	-0.6562854852801027	0.35251798561151076	0.6040500932587264	-0.2515321076472156	Control
ENSG00000115317	5	27	-22	-0.36198624088027487	0.24260591526778577	0.4998667732480682	-0.2572608579802824	Control
ENSG00000160075	2	1	1	0.01406279363061616	0.12283506528110845	0.04209965361044498	0.08073541167066348	AD
ENSG00000160678	2	2	0	-0.0022871643915964943	0.12283506528110845	0.11204369837463363	0.010791366906474822	Control
ENSG00000114026	1	1	0	-0.0022871643915964943	0.04782840394351186	0.04209965361044498	0.005728750333066877	Control
ENSG00000166006	4	18	-14	-0.23118657670257364	0.21183053557154277	0.42312816413535836	-0.2112976285638156	Control
ENSG00000105576	8	15	-7	-0.11673687054708508	0.3160138555822009	0.3911537436717293	-0.07513988808952837	Control
ENSG00000136830	14	9	5	0.07946262571946677	0.4108713029576339	0.3050892619237943	0.10578204103383959	AD
ENSG00000177963	10	1	9	0.1448624578083174	0.35251798561151076	0.04209965361044498	0.3104183320010658	AD
ENSG00000260230	2	1	1	0.01406279363061616	0.12283506528110845	0.04209965361044498	0.08073541167066348	AD
ENSG00000107890	9	35	-26	-0.4273860729691255	0.3361310951239009	0.548361310951239	-0.2122302158273381	Control
ENSG00000165730	1	21	-20	-0.3292863248358496	0.04782840394351186	0.4559019451105782	-0.40807354116706634	Control
ENSG00000173020	4	1	3	0.04676270967504147	0.21183053557154277	0.04209965361044498	0.16973088196109778	AD
ENSG00000213424	2	5	-3	-0.05133703845823445	0.12283506528110845	0.22368771649347188	-0.10085265121236343	Control
ENSG00000033050	9	3	6	0.09581258374167942	0.3361310951239009	0.16027178257394084	0.17585931254996004	AD
ENSG00000109046	12	9	3	0.04676270967504147	0.3824940047961631	0.3050892619237943	0.07740474287236876	AD
ENSG00000100395	6	4	2	0.03041275165282881	0.2696509459099387	0.19571009858779642	0.07394084732214229	AD
ENSG00000129646	17	29	-12	-0.19848666065814832	0.44950706101785237	0.5135891286970423	-0.06408206767918995	Control
ENSG00000108666	24	19	5	0.07946262571946677	0.5077271516120437	0.4337863042899014	0.07394084732214234	AD
ENSG00000101966	34	9	25	0.40646178616371986	0.5731414868105515	0.3050892619237943	0.26805222488675723	AD
ENSG00000158321	1	35	-34	-0.5581857371468267	0.04782840394351186	0.548361310951239	-0.5005329070077271	Control
ENSG00000136522	2	3	-1	-0.01863712241380915	0.12283506528110845	0.16027178257394084	-0.03743671729283239	Control
ENSG00000235954	9	26	-17	-0.2802364507692116	0.3361310951239009	0.4933386624034106	-0.15720756727950974	Control
ENSG00000172795	3	3	0	-0.0022871643915964943	0.17306155075939247	0.16027178257394084	0.012789768185451633	Control
ENSG00000169696	7	2	5	0.07946262571946677	0.29349853450572877	0.11204369837463363	0.18145483613109514	AD
ENSG00000065923	16	64	-48	-0.7870851494578038	0.4373834265920597	0.6484146016520117	-0.211031175059952	Control
ENSG00000095319	2	8	-6	-0.10038691252487242	0.12283506528110845	0.28710365041300295	-0.16426858513189452	Control
ENSG00000225953	1	1	0	-0.0022871643915964943	0.04782840394351186	0.04209965361044498	0.005728750333066877	Control
ENSG00000196865	9	2	7	0.11216254176389208	0.3361310951239009	0.11204369837463363	0.22408739674926725	AD
ENSG00000204231	2	8	-6	-0.10038691252487242	0.12283506528110845	0.28710365041300295	-0.16426858513189452	Control
ENSG00000108826	22	11	11	0.1775623738527427	0.49213962163602454	0.33679722888355984	0.1553423927524647	AD
ENSG00000171490	8	91	-83	-1.359333680235247	0.3160138555822009	0.704769517719158	-0.38875566213695706	Control
ENSG00000170791	6	3	3	0.04676270967504147	0.2696509459099387	0.16027178257394084	0.10937916333599787	AD
ENSG00000064726	2	1	1	0.01406279363061616	0.12283506528110845	0.04209965361044498	0.08073541167066348	AD
ENSG00000276649	14	20	-6	-0.10038691252487242	0.4108713029576339	0.44537703170796694	-0.03450572875033303	Control
ENSG00000253636	4	5	-1	-0.01863712241380915	0.21183053557154277	0.22368771649347188	-0.011857180921929111	Control
ENSG00000239672	1	2	-1	-0.01863712241380915	0.04782840394351186	0.11204369837463363	-0.06421529443112177	Control
ENSG00000204899	6	28	-22	-0.36198624088027487	0.2696509459099387	0.5063948840927258	-0.2367439381827871	Control
ENSG00000136535	2	1	1	0.01406279363061616	0.12283506528110845	0.04209965361044498	0.08073541167066348	AD
ENSG00000158411	1	1	0	-0.0022871643915964943	0.04782840394351186	0.04209965361044498	0.005728750333066877	Control
ENSG00000145685	3	13	-10	-0.16578674461372303	0.17306155075939247	0.3673061550759392	-0.19424460431654675	Control
ENSG00000181449	1	1	0	-0.0022871643915964943	0.04782840394351186	0.04209965361044498	0.005728750333066877	Control
ENSG00000144040	1	1	0	-0.0022871643915964943	0.04782840394351186	0.04209965361044498	0.005728750333066877	Control
ENSG00000145715	2	1	1	0.01406279363061616	0.12283506528110845	0.04209965361044498	0.08073541167066348	AD
ENSG00000148180	6	13	-7	-0.11673687054708508	0.2696509459099387	0.3673061550759392	-0.09765520916600051	Control
ENSG00000152402	6	12	-6	-0.10038691252487242	0.2696509459099387	0.35251798561151076	-0.08286703970157205	Control
ENSG00000128815	3	17	-14	-0.23118657670257364	0.17306155075939247	0.4132693844924061	-0.2402078337330136	Control
ENSG00000065135	3	4	-1	-0.01863712241380915	0.17306155075939247	0.19571009858779642	-0.022648547828403948	Control
ENSG00000205269	1	1	0	-0.0022871643915964943	0.04782840394351186	0.04209965361044498	0.005728750333066877	Control
ENSG00000109390	1	5	-4	-0.06768699648044711	0.04782840394351186	0.22368771649347188	-0.17585931254996	Control
ENSG00000170419	1	6	-5	-0.08403695450265977	0.04782840394351186	0.24660271782573942	-0.19877431388222755	Control
ENSG00000161298	2	2	0	-0.0022871643915964943	0.12283506528110845	0.11204369837463363	0.010791366906474822	Control
ENSG00000163155	2	96	-94	-1.5391832184795862	0.12283506528110845	0.7143618438582467	-0.5915267785771383	Control
ENSG00000196204	3	9	-6	-0.10038691252487242	0.17306155075939247	0.3050892619237943	-0.13202771116440185	Control
ENSG00000011304	27	56	-29	-0.4764359470357635	0.5325073274713562	0.6244337863042899	-0.09192645883293371	Control
ENSG00000099624	2	14	-12	-0.19848666065814832	0.12283506528110845	0.3799626965094591	-0.25712763122835064	Control
ENSG00000176884	5	4	1	0.01406279363061616	0.24260591526778577	0.19571009858779642	0.04689581667998935	AD
ENSG00000214595	2	2	0	-0.0022871643915964943	0.12283506528110845	0.11204369837463363	0.010791366906474822	Control
ENSG00000123374	8	13	-5	-0.08403695450265977	0.3160138555822009	0.3673061550759392	-0.051292299493738314	Control
ENSG00000198707	5	24	-19	-0.3129363668136369	0.24260591526778577	0.4794830802025047	-0.23687716493471891	Control
ENSG00000102878	3	12	-9	-0.14943678659151036	0.17306155075939247	0.35251798561151076	-0.1794564348521183	Control
ENSG00000105723	42	2	40	0.6517111564969097	0.6060484945377032	0.11204369837463363	0.4940047961630695	AD
ENSG00000143569	3	3	0	-0.0022871643915964943	0.17306155075939247	0.16027178257394084	0.012789768185451633	Control
ENSG00000104885	5	27	-22	-0.36198624088027487	0.24260591526778577	0.4998667732480682	-0.2572608579802824	Control
ENSG00000146826	3	1	2	0.03041275165282881	0.17306155075939247	0.04209965361044498	0.1309618971489475	AD
ENSG00000103740	7	17	-10	-0.16578674461372303	0.29349853450572877	0.4132693844924061	-0.11977084998667731	Control
ENSG00000175497	2	3	-1	-0.01863712241380915	0.12283506528110845	0.16027178257394084	-0.03743671729283239	Control
ENSG00000112333	1	29	-28	-0.4600859890135508	0.04782840394351186	0.5135891286970423	-0.4657607247535305	Control
ENSG00000135945	4	12	-8	-0.1330868285692977	0.21183053557154277	0.35251798561151076	-0.140687450039968	Control
ENSG00000136436	19	61	-42	-0.6889854013245279	0.46989075406341596	0.6394884092725819	-0.16959765520916592	Control
ENSG00000166086	4	4	0	-0.0022871643915964943	0.21183053557154277	0.19571009858779642	0.01612043698374635	Control
ENSG00000136463	39	62	-23	-0.37833619890248754	0.5951239008792966	0.6421529443112177	-0.04702904343192116	Control
ENSG00000146648	1	3	-2	-0.0349870804360218	0.04782840394351186	0.16027178257394084	-0.11244337863042898	Control
ENSG00000148303	4	3	1	0.01406279363061616	0.21183053557154277	0.16027178257394084	0.05155875299760193	AD
ENSG00000010803	1	1	0	-0.0022871643915964943	0.04782840394351186	0.04209965361044498	0.005728750333066877	Control
ENSG00000278845	8	261	-253	-4.138826544011398	0.3160138555822009	0.8575806021849187	-0.5415667466027179	Control
ENSG00000226711	5	1	4	0.06311266769725413	0.24260591526778577	0.04209965361044498	0.20050626165734078	AD
ENSG00000090020	1	3	-2	-0.0349870804360218	0.04782840394351186	0.16027178257394084	-0.11244337863042898	Control
ENSG00000174483	1	3	-2	-0.0349870804360218	0.04782840394351186	0.16027178257394084	-0.11244337863042898	Control
ENSG00000153933	22	41	-19	-0.3129363668136369	0.49213962163602454	0.5751398880895284	-0.08300026645350389	Control
ENSG00000111348	2	21	-19	-0.3129363668136369	0.12283506528110845	0.4559019451105782	-0.33306687982946975	Control
ENSG00000101337	28	2	26	0.42281174418593254	0.5390354383160139	0.11204369837463363	0.42699173994138023	AD
ENSG00000101361	24	3	21	0.3410619540748692	0.5077271516120437	0.16027178257394084	0.3474553690381029	AD
ENSG00000188559	7	10	-3	-0.05133703845823445	0.29349853450572877	0.32187583266719955	-0.028377298161470776	Control
ENSG00000169604	1	19	-18	-0.2965864087914242	0.04782840394351186	0.4337863042899014	-0.38595790034638955	Control
ENSG00000180304	13	1	12	0.19391233187495535	0.397015720756728	0.04209965361044498	0.354916067146283	AD
ENSG00000213983	5	5	0	-0.0022871643915964943	0.24260591526778577	0.22368771649347188	0.018918198774313888	Control
ENSG00000196353	1	4	-3	-0.05133703845823445	0.04782840394351186	0.19571009858779642	-0.14788169464428458	Control
ENSG00000087365	1	31	-30	-0.4927859050579761	0.04782840394351186	0.5257127631228351	-0.47788435917932326	Control
ENSG00000143753	3	1	2	0.03041275165282881	0.17306155075939247	0.04209965361044498	0.1309618971489475	AD
ENSG00000113282	5	9	-4	-0.06768699648044711	0.24260591526778577	0.3050892619237943	-0.06248334665600855	Control
ENSG00000104313	1	5	-4	-0.06768699648044711	0.04782840394351186	0.22368771649347188	-0.17585931254996	Control
ENSG00000197608	10	35	-25	-0.41103611494691283	0.35251798561151076	0.548361310951239	-0.1958433253397282	Control
ENSG00000171450	3	2	1	0.01406279363061616	0.17306155075939247	0.11204369837463363	0.06101785238475885	AD
ENSG00000159403	2	4	-2	-0.0349870804360218	0.12283506528110845	0.19571009858779642	-0.07287503330668797	Control
ENSG00000111707	31	3	28	0.45551166023035783	0.5567545963229417	0.16027178257394084	0.39648281374900085	AD
ENSG00000134376	4	56	-52	-0.8524849815466545	0.21183053557154277	0.6244337863042899	-0.4126032507327472	Control
ENSG00000148688	6	21	-15	-0.2475365347247863	0.2696509459099387	0.4559019451105782	-0.18625099920063948	Control
ENSG00000197345	1	31	-30	-0.4927859050579761	0.04782840394351186	0.5257127631228351	-0.47788435917932326	Control
ENSG00000136205	4	5	-1	-0.01863712241380915	0.21183053557154277	0.22368771649347188	-0.011857180921929111	Control
ENSG00000072958	10	3	7	0.11216254176389208	0.35251798561151076	0.16027178257394084	0.19224620303756992	AD
ENSG00000198242	11	8	3	0.04676270967504147	0.36757260857980284	0.28710365041300295	0.08046895816679989	AD
ENSG00000184992	3	1	2	0.03041275165282881	0.17306155075939247	0.04209965361044498	0.1309618971489475	AD
ENSG00000171246	7	2	5	0.07946262571946677	0.29349853450572877	0.11204369837463363	0.18145483613109514	AD
ENSG00000122884	2	1	1	0.01406279363061616	0.12283506528110845	0.04209965361044498	0.08073541167066348	AD
ENSG00000130165	24	5	19	0.30836203803044393	0.5077271516120437	0.22368771649347188	0.2840394351185719	AD
ENSG00000083535	4	19	-15	-0.2475365347247863	0.21183053557154277	0.4337863042899014	-0.22195576871835862	Control
ENSG00000107438	1	1	0	-0.0022871643915964943	0.04782840394351186	0.04209965361044498	0.005728750333066877	Control
ENSG00000138768	7	12	-5	-0.08403695450265977	0.29349853450572877	0.35251798561151076	-0.059019451105781995	Control
ENSG00000117713	2	7	-5	-0.08403695450265977	0.12283506528110845	0.2675193178790301	-0.14468425259792167	Control
ENSG00000174405	4	13	-9	-0.14943678659151036	0.21183053557154277	0.3673061550759392	-0.15547561950439645	Control
ENSG00000112531	9	3	6	0.09581258374167942	0.3361310951239009	0.16027178257394084	0.17585931254996004	AD
ENSG00000137936	2	22	-20	-0.3292863248358496	0.12283506528110845	0.464828137490008	-0.3419930722088996	Control
ENSG00000167641	9	8	1	0.01406279363061616	0.3361310951239009	0.28710365041300295	0.04902744471089793	AD
ENSG00000166225	3	13	-10	-0.16578674461372303	0.17306155075939247	0.3673061550759392	-0.19424460431654675	Control
ENSG00000110148	3	3	0	-0.0022871643915964943	0.17306155075939247	0.16027178257394084	0.012789768185451633	Control
ENSG00000148399	3	6	-3	-0.05133703845823445	0.17306155075939247	0.24660271782573942	-0.07354116706634695	Control
ENSG00000177098	1	5	-4	-0.06768699648044711	0.04782840394351186	0.22368771649347188	-0.17585931254996	Control
ENSG00000214944	1	2	-1	-0.01863712241380915	0.04782840394351186	0.11204369837463363	-0.06421529443112177	Control
ENSG00000111275	6	3	3	0.04676270967504147	0.2696509459099387	0.16027178257394084	0.10937916333599787	AD
ENSG00000140992	1	1	0	-0.0022871643915964943	0.04782840394351186	0.04209965361044498	0.005728750333066877	Control
ENSG00000185619	1	7	-6	-0.10038691252487242	0.04782840394351186	0.2675193178790301	-0.21969091393551826	Control
ENSG00000134049	10	16	-6	-0.10038691252487242	0.35251798561151076	0.4023447908339995	-0.049826805222488724	Control
ENSG00000182902	4	19	-15	-0.2475365347247863	0.21183053557154277	0.4337863042899014	-0.22195576871835862	Control
ENSG00000105372	1	1	0	-0.0022871643915964943	0.04782840394351186	0.04209965361044498	0.005728750333066877	Control
ENSG00000187713	18	27	-9	-0.14943678659151036	0.45976552091660006	0.4998667732480682	-0.04010125233146816	Control
ENSG00000151687	2	35	-33	-0.5418357791246141	0.12283506528110845	0.548361310951239	-0.42552624567013053	Control
ENSG00000205133	1	7	-6	-0.10038691252487242	0.04782840394351186	0.2675193178790301	-0.21969091393551826	Control
ENSG00000125484	5	2	3	0.04676270967504147	0.24260591526778577	0.11204369837463363	0.13056221689315214	AD
ENSG00000135912	3	98	-95	-1.5555331765017988	0.17306155075939247	0.7174260591526779	-0.5443645083932854	Control
ENSG00000010818	3	1	2	0.03041275165282881	0.17306155075939247	0.04209965361044498	0.1309618971489475	AD
ENSG00000168887	2	3	-1	-0.01863712241380915	0.12283506528110845	0.16027178257394084	-0.03743671729283239	Control
ENSG00000105281	3	20	-17	-0.2802364507692116	0.17306155075939247	0.44537703170796694	-0.2723154809485745	Control
ENSG00000130368	3	20	-17	-0.2802364507692116	0.17306155075939247	0.44537703170796694	-0.2723154809485745	Control
ENSG00000101977	17	41	-24	-0.39468615692470016	0.44950706101785237	0.5751398880895284	-0.12563282707167606	Control
ENSG00000136048	1	5	-4	-0.06768699648044711	0.04782840394351186	0.22368771649347188	-0.17585931254996	Control
ENSG00000066422	6	3	3	0.04676270967504147	0.2696509459099387	0.16027178257394084	0.10937916333599787	AD
ENSG00000101096	1	3	-2	-0.0349870804360218	0.04782840394351186	0.16027178257394084	-0.11244337863042898	Control
ENSG00000063169	2	2	0	-0.0022871643915964943	0.12283506528110845	0.11204369837463363	0.010791366906474822	Control
ENSG00000138175	9	7	2	0.03041275165282881	0.3361310951239009	0.2675193178790301	0.06861177724487078	AD
ENSG00000171310	7	5	2	0.03041275165282881	0.29349853450572877	0.22368771649347188	0.06981081801225689	AD
ENSG00000236778	5	8	-3	-0.05133703845823445	0.24260591526778577	0.28710365041300295	-0.04449773514521718	Control
ENSG00000272031	2	9	-7	-0.11673687054708508	0.12283506528110845	0.3050892619237943	-0.18225419664268588	Control
ENSG00000108465	1	7	-6	-0.10038691252487242	0.04782840394351186	0.2675193178790301	-0.21969091393551826	Control
ENSG00000166033	1	2	-1	-0.01863712241380915	0.04782840394351186	0.11204369837463363	-0.06421529443112177	Control
ENSG00000163285	1	14	-13	-0.214836618680361	0.04782840394351186	0.3799626965094591	-0.33213429256594723	Control
ENSG00000169967	2	1	1	0.01406279363061616	0.12283506528110845	0.04209965361044498	0.08073541167066348	AD
ENSG00000183207	20	94	-74	-1.212184058035333	0.478017585931255	0.709832134292566	-0.231814548361311	Control
ENSG00000137275	1	30	-29	-0.4764359470357635	0.04782840394351186	0.5201172395417	-0.47228883559818813	Control
ENSG00000178202	1	6	-5	-0.08403695450265977	0.04782840394351186	0.24660271782573942	-0.19877431388222755	Control
ENSG00000138207	2	4	-2	-0.0349870804360218	0.12283506528110845	0.19571009858779642	-0.07287503330668797	Control
ENSG00000064932	8	8	0	-0.0022871643915964943	0.3160138555822009	0.28710365041300295	0.028910205169197956	Control
ENSG00000179841	12	21	-9	-0.14943678659151036	0.3824940047961631	0.4559019451105782	-0.07340794031441511	Control
ENSG00000100997	12	10	2	0.03041275165282881	0.3824940047961631	0.32187583266719955	0.06061817212896353	AD
ENSG00000133393	23	3	20	0.3247119960526566	0.5001332267519318	0.16027178257394084	0.339861444177991	AD
ENSG00000092820	4	20	-16	-0.26388649274699894	0.21183053557154277	0.44537703170796694	-0.23354649613642417	Control
ENSG00000122367	1	1	0	-0.0022871643915964943	0.04782840394351186	0.04209965361044498	0.005728750333066877	Control
ENSG00000155066	2	2	0	-0.0022871643915964943	0.12283506528110845	0.11204369837463363	0.010791366906474822	Control
ENSG00000100028	45	103	-58	-0.9505847296799305	0.6179056754596323	0.7242206235011991	-0.10631494804156683	Control
ENSG00000141576	12	12	0	-0.0022871643915964943	0.3824940047961631	0.35251798561151076	0.029976019184652314	Control
ENSG00000131943	7	21	-14	-0.23118657670257364	0.29349853450572877	0.4559019451105782	-0.16240341060484942	Control
ENSG00000077150	1	17	-16	-0.26388649274699894	0.04782840394351186	0.4132693844924061	-0.36544098054889423	Control
ENSG00000102781	11	19	-8	-0.1330868285692977	0.36757260857980284	0.4337863042899014	-0.06621369571009855	Control
ENSG00000172465	21	13	8	0.12851249978610474	0.4845456967759126	0.3673061550759392	0.11723954169997336	AD
ENSG00000129128	2	1	1	0.01406279363061616	0.12283506528110845	0.04209965361044498	0.08073541167066348	AD
ENSG00000115806	4	1	3	0.04676270967504147	0.21183053557154277	0.04209965361044498	0.16973088196109778	AD
ENSG00000189212	2	15	-13	-0.214836618680361	0.12283506528110845	0.3911537436717293	-0.26831867839062085	Control
ENSG00000108852	12	1	11	0.1775623738527427	0.3824940047961631	0.04209965361044498	0.3403943511857181	AD
ENSG00000147421	3	19	-16	-0.26388649274699894	0.17306155075939247	0.4337863042899014	-0.26072475353050895	Control
ENSG00000113645	2	1	1	0.01406279363061616	0.12283506528110845	0.04209965361044498	0.08073541167066348	AD
ENSG00000270049	5	3	2	0.03041275165282881	0.24260591526778577	0.16027178257394084	0.08233413269384493	AD
ENSG00000067445	37	2	35	0.5699613663858464	0.5855315747402078	0.11204369837463363	0.47348787636557416	AD
ENSG00000172201	1	4	-3	-0.05133703845823445	0.04782840394351186	0.19571009858779642	-0.14788169464428458	Control
ENSG00000218336	1	3	-2	-0.0349870804360218	0.04782840394351186	0.16027178257394084	-0.11244337863042898	Control
ENSG00000112473	5	2	3	0.04676270967504147	0.24260591526778577	0.11204369837463363	0.13056221689315214	AD
ENSG00000151929	1	2	-1	-0.01863712241380915	0.04782840394351186	0.11204369837463363	-0.06421529443112177	Control
ENSG00000172671	3	21	-18	-0.2965864087914242	0.17306155075939247	0.4559019451105782	-0.2828403943511857	Control
ENSG00000131127	6	1	5	0.07946262571946677	0.2696509459099387	0.04209965361044498	0.22755129229949372	AD
ENSG00000279659	1	13	-12	-0.19848666065814832	0.04782840394351186	0.3673061550759392	-0.3194777511324274	Control
ENSG00000147677	3	2	1	0.01406279363061616	0.17306155075939247	0.11204369837463363	0.06101785238475885	AD
ENSG00000198218	1	4	-3	-0.05133703845823445	0.04782840394351186	0.19571009858779642	-0.14788169464428458	Control
ENSG00000164902	3	2	1	0.01406279363061616	0.17306155075939247	0.11204369837463363	0.06101785238475885	AD
ENSG00000018280	1	7	-6	-0.10038691252487242	0.04782840394351186	0.2675193178790301	-0.21969091393551826	Control
ENSG00000110435	7	44	-37	-0.6072356112134647	0.29349853450572877	0.5848654409805489	-0.29136690647482016	Control
ENSG00000106399	4	13	-9	-0.14943678659151036	0.21183053557154277	0.3673061550759392	-0.15547561950439645	Control
ENSG00000142611	1	16	-15	-0.2475365347247863	0.04782840394351186	0.4023447908339995	-0.35451638689048764	Control
ENSG00000087053	6	56	-50	-0.8197850655022292	0.2696509459099387	0.6244337863042899	-0.3547828403943512	Control
ENSG00000171960	1	6	-5	-0.08403695450265977	0.04782840394351186	0.24660271782573942	-0.19877431388222755	Control
ENSG00000104979	1	1	0	-0.0022871643915964943	0.04782840394351186	0.04209965361044498	0.005728750333066877	Control
ENSG00000135956	1	2	-1	-0.01863712241380915	0.04782840394351186	0.11204369837463363	-0.06421529443112177	Control
ENSG00000100902	2	4	-2	-0.0349870804360218	0.12283506528110845	0.19571009858779642	-0.07287503330668797	Control
ENSG00000168899	1	6	-5	-0.08403695450265977	0.04782840394351186	0.24660271782573942	-0.19877431388222755	Control
ENSG00000130396	1	4	-3	-0.05133703845823445	0.04782840394351186	0.19571009858779642	-0.14788169464428458	Control
ENSG00000138468	1	2	-1	-0.01863712241380915	0.04782840394351186	0.11204369837463363	-0.06421529443112177	Control
ENSG00000281183	1	40	-39	-0.6399355272578899	0.04782840394351186	0.5700772715161204	-0.5222488675726086	Control
ENSG00000167862	9	37	-28	-0.4600859890135508	0.3361310951239009	0.5568878230748734	-0.2207567279509725	Control
ENSG00000130413	1	40	-39	-0.6399355272578899	0.04782840394351186	0.5700772715161204	-0.5222488675726086	Control
ENSG00000164074	1	3	-2	-0.0349870804360218	0.04782840394351186	0.16027178257394084	-0.11244337863042898	Control
ENSG00000163449	1	6	-5	-0.08403695450265977	0.04782840394351186	0.24660271782573942	-0.19877431388222755	Control
ENSG00000261879	6	16	-10	-0.16578674461372303	0.2696509459099387	0.4023447908339995	-0.13269384492406078	Control
ENSG00000165023	5	3	2	0.03041275165282881	0.24260591526778577	0.16027178257394084	0.08233413269384493	AD
ENSG00000234899	1	19	-18	-0.2965864087914242	0.04782840394351186	0.4337863042899014	-0.38595790034638955	Control
ENSG00000103995	5	1	4	0.06311266769725413	0.24260591526778577	0.04209965361044498	0.20050626165734078	AD
ENSG00000152763	1	1	0	-0.0022871643915964943	0.04782840394351186	0.04209965361044498	0.005728750333066877	Control
ENSG00000105701	2	1	1	0.01406279363061616	0.12283506528110845	0.04209965361044498	0.08073541167066348	AD
ENSG00000279495	1	28	-27	-0.4437360309913381	0.04782840394351186	0.5063948840927258	-0.458566480149214	Control
ENSG00000128266	6	5	1	0.01406279363061616	0.2696509459099387	0.22368771649347188	0.04596322941646683	AD
ENSG00000167380	12	20	-8	-0.1330868285692977	0.3824940047961631	0.44537703170796694	-0.06288302691180386	Control
ENSG00000198216	2	2	0	-0.0022871643915964943	0.12283506528110845	0.11204369837463363	0.010791366906474822	Control
ENSG00000116729	1	5	-4	-0.06768699648044711	0.04782840394351186	0.22368771649347188	-0.17585931254996	Control
ENSG00000115468	1	3	-2	-0.0349870804360218	0.04782840394351186	0.16027178257394084	-0.11244337863042898	Control
ENSG00000145741	2	5	-3	-0.05133703845823445	0.12283506528110845	0.22368771649347188	-0.10085265121236343	Control
ENSG00000068078	2	13	-11	-0.18213670263593568	0.12283506528110845	0.3673061550759392	-0.2444710897948308	Control
ENSG00000067141	20	71	-51	-0.8361350235244418	0.478017585931255	0.6675992539301892	-0.18958166799893417	Control
ENSG00000185236	1	1	0	-0.0022871643915964943	0.04782840394351186	0.04209965361044498	0.005728750333066877	Control
ENSG00000278434	1	2	-1	-0.01863712241380915	0.04782840394351186	0.11204369837463363	-0.06421529443112177	Control
ENSG00000182718	2	3	-1	-0.01863712241380915	0.12283506528110845	0.16027178257394084	-0.03743671729283239	Control
ENSG00000011275	1	1	0	-0.0022871643915964943	0.04782840394351186	0.04209965361044498	0.005728750333066877	Control
ENSG00000156162	2	1	1	0.01406279363061616	0.12283506528110845	0.04209965361044498	0.08073541167066348	AD
ENSG00000247596	1	1	0	-0.0022871643915964943	0.04782840394351186	0.04209965361044498	0.005728750333066877	Control
ENSG00000025772	19	4	15	0.24296220594159332	0.46989075406341596	0.19571009858779642	0.27418065547561954	AD
ENSG00000164244	1	2	-1	-0.01863712241380915	0.04782840394351186	0.11204369837463363	-0.06421529443112177	Control
ENSG00000170113	1	3	-2	-0.0349870804360218	0.04782840394351186	0.16027178257394084	-0.11244337863042898	Control
ENSG00000228624	3	2	1	0.01406279363061616	0.17306155075939247	0.11204369837463363	0.06101785238475885	AD
ENSG00000127990	1	2	-1	-0.01863712241380915	0.04782840394351186	0.11204369837463363	-0.06421529443112177	Control
ENSG00000157895	8	1	7	0.11216254176389208	0.3160138555822009	0.04209965361044498	0.2739142019717559	AD
ENSG00000082068	1	5	-4	-0.06768699648044711	0.04782840394351186	0.22368771649347188	-0.17585931254996	Control
ENSG00000166004	4	20	-16	-0.26388649274699894	0.21183053557154277	0.44537703170796694	-0.23354649613642417	Control
ENSG00000106799	1	4	-3	-0.05133703845823445	0.04782840394351186	0.19571009858779642	-0.14788169464428458	Control
ENSG00000136267	1	1	0	-0.0022871643915964943	0.04782840394351186	0.04209965361044498	0.005728750333066877	Control
ENSG00000225783	6	7	-1	-0.01863712241380915	0.2696509459099387	0.2675193178790301	0.0021316280309086055	Control
ENSG00000154380	1	1	0	-0.0022871643915964943	0.04782840394351186	0.04209965361044498	0.005728750333066877	Control
ENSG00000174839	1	3	-2	-0.0349870804360218	0.04782840394351186	0.16027178257394084	-0.11244337863042898	Control
ENSG00000125304	4	1	3	0.04676270967504147	0.21183053557154277	0.04209965361044498	0.16973088196109778	AD
ENSG00000205517	2	1	1	0.01406279363061616	0.12283506528110845	0.04209965361044498	0.08073541167066348	AD
ENSG00000184304	4	38	-34	-0.5581857371468267	0.21183053557154277	0.5612843058886224	-0.3494537703170797	Control
ENSG00000123612	1	1	0	-0.0022871643915964943	0.04782840394351186	0.04209965361044498	0.005728750333066877	Control
ENSG00000089289	20	106	-86	-1.4083835543018848	0.478017585931255	0.7278177458033573	-0.24980015987210236	Control
ENSG00000147180	47	52	-5	-0.08403695450265977	0.623767652544631	0.6095123900879297	0.014255262456701279	Control
ENSG00000187391	2	21	-19	-0.3129363668136369	0.12283506528110845	0.4559019451105782	-0.33306687982946975	Control
ENSG00000125870	19	20	-1	-0.01863712241380915	0.46989075406341596	0.44537703170796694	0.02451372235544902	Control
ENSG00000164938	2	2	0	-0.0022871643915964943	0.12283506528110845	0.11204369837463363	0.010791366906474822	Control
ENSG00000262655	3	34	-31	-0.5091358630801888	0.17306155075939247	0.5428990141220357	-0.3698374633626432	Control
ENSG00000279738	17	19	-2	-0.0349870804360218	0.44950706101785237	0.4337863042899014	0.01572075672795098	Control
ENSG00000127914	1	1	0	-0.0022871643915964943	0.04782840394351186	0.04209965361044498	0.005728750333066877	Control
ENSG00000168890	1	1	0	-0.0022871643915964943	0.04782840394351186	0.04209965361044498	0.005728750333066877	Control
ENSG00000168701	16	1	15	0.24296220594159332	0.4373834265920597	0.04209965361044498	0.3952837729816147	AD
ENSG00000046651	25	74	-49	-0.8034351074800166	0.5154543032240874	0.6718625099920064	-0.156408206767919	Control
ENSG00000226762	2	1	1	0.01406279363061616	0.12283506528110845	0.04209965361044498	0.08073541167066348	AD
ENSG00000228474	1	1	0	-0.0022871643915964943	0.04782840394351186	0.04209965361044498	0.005728750333066877	Control
ENSG00000149483	1	9	-8	-0.1330868285692977	0.04782840394351186	0.3050892619237943	-0.2572608579802825	Control
ENSG00000177600	2	20	-18	-0.2965864087914242	0.12283506528110845	0.44537703170796694	-0.3225419664268585	Control
ENSG00000168216	3	1	2	0.03041275165282881	0.17306155075939247	0.04209965361044498	0.1309618971489475	AD
ENSG00000134986	2	1	1	0.01406279363061616	0.12283506528110845	0.04209965361044498	0.08073541167066348	AD
ENSG00000177105	1	5	-4	-0.06768699648044711	0.04782840394351186	0.22368771649347188	-0.17585931254996	Control
ENSG00000224822	1	5	-4	-0.06768699648044711	0.04782840394351186	0.22368771649347188	-0.17585931254996	Control
ENSG00000160305	7	8	-1	-0.01863712241380915	0.29349853450572877	0.28710365041300295	0.006394884092725817	Control
ENSG00000101400	5	28	-23	-0.37833619890248754	0.24260591526778577	0.5063948840927258	-0.2637889688249401	Control
ENSG00000122257	4	1	3	0.04676270967504147	0.21183053557154277	0.04209965361044498	0.16973088196109778	AD
ENSG00000100393	15	29	-14	-0.23118657670257364	0.4237942978950173	0.5135891286970423	-0.089794830802025	Control
ENSG00000147457	2	13	-11	-0.18213670263593568	0.12283506528110845	0.3673061550759392	-0.2444710897948308	Control
ENSG00000196843	1	1	0	-0.0022871643915964943	0.04782840394351186	0.04209965361044498	0.005728750333066877	Control
ENSG00000228971	1	2	-1	-0.01863712241380915	0.04782840394351186	0.11204369837463363	-0.06421529443112177	Control
ENSG00000077522	2	1	1	0.01406279363061616	0.12283506528110845	0.04209965361044498	0.08073541167066348	AD
ENSG00000085662	1	43	-42	-0.6889854013245279	0.04782840394351186	0.5819344524380495	-0.5341060484945377	Control
ENSG00000147400	61	12	49	0.7988607786968236	0.6605382360778044	0.35251798561151076	0.3080202504662936	AD
ENSG00000076924	6	6	0	-0.0022871643915964943	0.2696509459099387	0.24660271782573942	0.02304822808419929	Control
ENSG00000151718	1	12	-11	-0.18213670263593568	0.04782840394351186	0.35251798561151076	-0.3046895816679989	Control
ENSG00000132664	14	2	12	0.19391233187495535	0.4108713029576339	0.11204369837463363	0.2988276045830003	AD
ENSG00000183963	7	5	2	0.03041275165282881	0.29349853450572877	0.22368771649347188	0.06981081801225689	AD
ENSG00000108798	2	40	-38	-0.6235855692356773	0.12283506528110845	0.5700772715161204	-0.447242206235012	Control
ENSG00000196976	167	75	92	1.5019089736519675	0.7921662669864109	0.6742605915267785	0.11790567545963238	AD
ENSG00000011347	3	4	-1	-0.01863712241380915	0.17306155075939247	0.19571009858779642	-0.022648547828403948	Control
ENSG00000180739	7	5	2	0.03041275165282881	0.29349853450572877	0.22368771649347188	0.06981081801225689	AD
ENSG00000143951	1	1	0	-0.0022871643915964943	0.04782840394351186	0.04209965361044498	0.005728750333066877	Control
ENSG00000132429	1	4	-3	-0.05133703845823445	0.04782840394351186	0.19571009858779642	-0.14788169464428458	Control
ENSG00000132613	3	8	-5	-0.08403695450265977	0.17306155075939247	0.28710365041300295	-0.11404209965361048	Control
ENSG00000144749	1	7	-6	-0.10038691252487242	0.04782840394351186	0.2675193178790301	-0.21969091393551826	Control
ENSG00000212694	1	10	-9	-0.14943678659151036	0.04782840394351186	0.32187583266719955	-0.2740474287236877	Control
ENSG00000182287	1	2	-1	-0.01863712241380915	0.04782840394351186	0.11204369837463363	-0.06421529443112177	Control
ENSG00000269929	3	7	-4	-0.06768699648044711	0.17306155075939247	0.2675193178790301	-0.09445776711963763	Control
ENSG00000074842	5	4	1	0.01406279363061616	0.24260591526778577	0.19571009858779642	0.04689581667998935	AD
ENSG00000198019	1	1	0	-0.0022871643915964943	0.04782840394351186	0.04209965361044498	0.005728750333066877	Control
ENSG00000166598	3	2	1	0.01406279363061616	0.17306155075939247	0.11204369837463363	0.06101785238475885	AD
ENSG00000169562	18	9	9	0.1448624578083174	0.45976552091660006	0.3050892619237943	0.15467625899280574	AD
ENSG00000007372	4	30	-26	-0.4273860729691255	0.21183053557154277	0.5201172395417	-0.3082867039701572	Control
ENSG00000142347	5	29	-24	-0.39468615692470016	0.24260591526778577	0.5135891286970423	-0.2709832134292566	Control
ENSG00000011132	8	13	-5	-0.08403695450265977	0.3160138555822009	0.3673061550759392	-0.051292299493738314	Control
ENSG00000079691	1	57	-56	-0.9178848136355051	0.04782840394351186	0.6273647748467892	-0.5795363709032774	Control
ENSG00000159176	1	2	-1	-0.01863712241380915	0.04782840394351186	0.11204369837463363	-0.06421529443112177	Control
ENSG00000115194	1	1	0	-0.0022871643915964943	0.04782840394351186	0.04209965361044498	0.005728750333066877	Control
ENSG00000114735	1	1	0	-0.0022871643915964943	0.04782840394351186	0.04209965361044498	0.005728750333066877	Control
ENSG00000116786	1	1	0	-0.0022871643915964943	0.04782840394351186	0.04209965361044498	0.005728750333066877	Control
ENSG00000105792	1	2	-1	-0.01863712241380915	0.04782840394351186	0.11204369837463363	-0.06421529443112177	Control
ENSG00000100505	4	8	-4	-0.06768699648044711	0.21183053557154277	0.28710365041300295	-0.07527311484146018	Control
ENSG00000179388	1	1	0	-0.0022871643915964943	0.04782840394351186	0.04209965361044498	0.005728750333066877	Control
ENSG00000114353	2	3	-1	-0.01863712241380915	0.12283506528110845	0.16027178257394084	-0.03743671729283239	Control
ENSG00000104967	9	22	-13	-0.214836618680361	0.3361310951239009	0.464828137490008	-0.12869704236610713	Control
ENSG00000135404	2	2	0	-0.0022871643915964943	0.12283506528110845	0.11204369837463363	0.010791366906474822	Control
ENSG00000198886	7	6	1	0.01406279363061616	0.29349853450572877	0.24660271782573942	0.04689581667998935	AD
ENSG00000178947	35	20	15	0.24296220594159332	0.5768718358646416	0.44537703170796694	0.1314948041566747	AD
ENSG00000155961	372	534	-162	-2.650980363990046	0.89568345323741	0.9568345323741008	-0.06115107913669071	Control
ENSG00000064787	7	6	1	0.01406279363061616	0.29349853450572877	0.24660271782573942	0.04689581667998935	AD
ENSG00000130830	335	125	210	3.431204020273061	0.878763655742073	0.7529976019184652	0.12576605382360784	AD
ENSG00000011677	115	78	37	0.6026612824302717	0.7450039968025579	0.6813216093791633	0.0636823874233946	AD
ENSG00000271533	32	27	5	0.07946262571946677	0.5639488409272582	0.4998667732480682	0.06408206767918995	AD
ENSG00000133131	57	59	-2	-0.0349870804360218	0.65201172395417	0.6338928856914469	0.01811883826272309	Control
ENSG00000261371	11	6	5	0.07946262571946677	0.36757260857980284	0.24660271782573942	0.12096989075406342	AD
ENSG00000102317	1	1	0	-0.0022871643915964943	0.04782840394351186	0.04209965361044498	0.005728750333066877	Control
ENSG00000184481	3	3	0	-0.0022871643915964943	0.17306155075939247	0.16027178257394084	0.012789768185451633	Control
ENSG00000005022	106	29	77	1.2566596033187778	0.7343458566480149	0.5135891286970423	0.22075672795097256	AD
ENSG00000101438	2	4	-2	-0.0349870804360218	0.12283506528110845	0.19571009858779642	-0.07287503330668797	Control
ENSG00000205364	1	1	0	-0.0022871643915964943	0.04782840394351186	0.04209965361044498	0.005728750333066877	Control
ENSG00000198786	2	1	1	0.01406279363061616	0.12283506528110845	0.04209965361044498	0.08073541167066348	AD
ENSG00000155659	9	25	-16	-0.26388649274699894	0.3361310951239009	0.48627764455102584	-0.15014654942712496	Control
ENSG00000099954	22	15	7	0.11216254176389208	0.49213962163602454	0.3911537436717293	0.10098587796429526	AD
ENSG00000235703	49	17	32	0.5209114923192084	0.6305622168931522	0.4132693844924061	0.2172928324007461	AD
ENSG00000125356	45	23	22	0.3574119120970819	0.6179056754596323	0.47282174260591525	0.145083932853717	AD
ENSG00000280383	12	18	-6	-0.10038691252487242	0.3824940047961631	0.42312816413535836	-0.040634159339195286	Control
ENSG00000099795	23	66	-43	-0.7053353593467406	0.5001332267519318	0.6540101252331468	-0.153876898481215	Control
ENSG00000155959	174	94	80	1.3057094773854157	0.7990940580868638	0.709832134292566	0.08926192379429787	AD
ENSG00000126016	28	70	-42	-0.6889854013245279	0.5390354383160139	0.665201172395417	-0.12616573407940312	Control
ENSG00000231389	2	2	0	-0.0022871643915964943	0.12283506528110845	0.11204369837463363	0.010791366906474822	Control
ENSG00000100146	21	11	10	0.16121241583053006	0.4845456967759126	0.33679722888355984	0.14774846789235274	AD
ENSG00000187122	1	3	-2	-0.0349870804360218	0.04782840394351186	0.16027178257394084	-0.11244337863042898	Control
ENSG00000100330	31	102	-71	-1.163134183968695	0.5567545963229417	0.7228883559818812	-0.1661337596589395	Control
ENSG00000130702	2	1	1	0.01406279363061616	0.12283506528110845	0.04209965361044498	0.08073541167066348	AD
ENSG00000243319	3	7	-4	-0.06768699648044711	0.17306155075939247	0.2675193178790301	-0.09445776711963763	Control
ENSG00000089472	32	84	-52	-0.8524849815466545	0.5639488409272582	0.6931787903010924	-0.12922994937383425	Control
ENSG00000185716	3	10	-7	-0.11673687054708508	0.17306155075939247	0.32187583266719955	-0.14881428190780707	Control
ENSG00000140022	15	39	-24	-0.39468615692470016	0.4237942978950173	0.5648814281907807	-0.14108713029576336	Control
ENSG00000198089	32	28	4	0.06311266769725413	0.5639488409272582	0.5063948840927258	0.05755395683453235	AD
ENSG00000173480	3	2	1	0.01406279363061616	0.17306155075939247	0.11204369837463363	0.06101785238475885	AD
ENSG00000197182	12	7	5	0.07946262571946677	0.3824940047961631	0.2675193178790301	0.11497468691713297	AD
ENSG00000186732	18	15	3	0.04676270967504147	0.45976552091660006	0.3911537436717293	0.06861177724487078	AD
ENSG00000100077	15	22	-7	-0.11673687054708508	0.4237942978950173	0.464828137490008	-0.041033839594990684	Control
ENSG00000120437	3	4	-1	-0.01863712241380915	0.17306155075939247	0.19571009858779642	-0.022648547828403948	Control
ENSG00000066044	6	10	-4	-0.06768699648044711	0.2696509459099387	0.32187583266719955	-0.052224886757260836	Control
ENSG00000131398	3	6	-3	-0.05133703845823445	0.17306155075939247	0.24660271782573942	-0.07354116706634695	Control
ENSG00000141524	7	3	4	0.06311266769725413	0.29349853450572877	0.16027178257394084	0.13322675193178793	AD
ENSG00000189221	7	20	-13	-0.214836618680361	0.29349853450572877	0.44537703170796694	-0.15187849720223817	Control
ENSG00000100321	16	62	-46	-0.7543852334133786	0.4373834265920597	0.6421529443112177	-0.20476951771915802	Control
ENSG00000125676	25	45	-20	-0.3292863248358496	0.5154543032240874	0.5885957900346389	-0.07314148681055155	Control
ENSG00000100427	7	47	-40	-0.6562854852801027	0.29349853450572877	0.5957900346389555	-0.30229150013322675	Control
ENSG00000177464	6	1	5	0.07946262571946677	0.2696509459099387	0.04209965361044498	0.22755129229949372	AD
ENSG00000158352	21	5	16	0.25931216396380596	0.4845456967759126	0.22368771649347188	0.26085798028244067	AD
ENSG00000221963	5	16	-11	-0.18213670263593568	0.24260591526778577	0.4023447908339995	-0.15973887556621372	Control
ENSG00000166432	3	11	-8	-0.1330868285692977	0.17306155075939247	0.33679722888355984	-0.16373567812416737	Control
ENSG00000179218	2	3	-1	-0.01863712241380915	0.12283506528110845	0.16027178257394084	-0.03743671729283239	Control
ENSG00000090238	17	12	5	0.07946262571946677	0.44950706101785237	0.35251798561151076	0.09698907540634161	AD
ENSG00000102241	5	2	3	0.04676270967504147	0.24260591526778577	0.11204369837463363	0.13056221689315214	AD
ENSG00000125618	1	1	0	-0.0022871643915964943	0.04782840394351186	0.04209965361044498	0.005728750333066877	Control
ENSG00000148826	3	11	-8	-0.1330868285692977	0.17306155075939247	0.33679722888355984	-0.16373567812416737	Control
ENSG00000243156	23	12	11	0.1775623738527427	0.5001332267519318	0.35251798561151076	0.14761524114042107	AD
ENSG00000102678	6	14	-8	-0.1330868285692977	0.2696509459099387	0.3799626965094591	-0.11031175059952036	Control
ENSG00000142541	6	5	1	0.01406279363061616	0.2696509459099387	0.22368771649347188	0.04596322941646683	AD
ENSG00000101974	29	16	13	0.21026228989716803	0.5442312816413536	0.4023447908339995	0.1418864908073541	AD
ENSG00000101596	11	51	-40	-0.6562854852801027	0.36757260857980284	0.6067146282973621	-0.23914201971755927	Control
ENSG00000155926	1	28	-27	-0.4437360309913381	0.04782840394351186	0.5063948840927258	-0.458566480149214	Control
ENSG00000129675	37	41	-4	-0.06768699648044711	0.5855315747402078	0.5751398880895284	0.010391686650679355	Control
ENSG00000102178	33	69	-36	-0.590885653191252	0.5692779110045297	0.662669864108713	-0.09339195310418325	Control
ENSG00000102158	25	20	5	0.07946262571946677	0.5154543032240874	0.44537703170796694	0.07007727151612042	AD
ENSG00000183943	16	3	13	0.21026228989716803	0.4373834265920597	0.16027178257394084	0.27711164401811883	AD
ENSG00000141934	5	5	0	-0.0022871643915964943	0.24260591526778577	0.22368771649347188	0.018918198774313888	Control
ENSG00000171100	6	11	-5	-0.08403695450265977	0.2696509459099387	0.33679722888355984	-0.06714628297362113	Control
ENSG00000147403	1	3	-2	-0.0349870804360218	0.04782840394351186	0.16027178257394084	-0.11244337863042898	Control
ENSG00000100060	5	2	3	0.04676270967504147	0.24260591526778577	0.11204369837463363	0.13056221689315214	AD
ENSG00000130684	22	42	-20	-0.3292863248358496	0.49213962163602454	0.5788702371436184	-0.08673061550759387	Control
ENSG00000102119	38	1	37	0.6026612824302717	0.5907274180655475	0.04209965361044498	0.5486277644551025	AD
ENSG00000261675	4	6	-2	-0.0349870804360218	0.21183053557154277	0.24660271782573942	-0.03477218225419665	Control
ENSG00000132640	11	1	10	0.16121241583053006	0.36757260857980284	0.04209965361044498	0.32547295496935785	AD
ENSG00000094631	5	2	3	0.04676270967504147	0.24260591526778577	0.11204369837463363	0.13056221689315214	AD
ENSG00000100106	39	14	25	0.40646178616371986	0.5951239008792966	0.3799626965094591	0.2151612043698375	AD
ENSG00000280138	2	24	-22	-0.36198624088027487	0.12283506528110845	0.4794830802025047	-0.35664801492139625	Control
ENSG00000204278	4	6	-2	-0.0349870804360218	0.21183053557154277	0.24660271782573942	-0.03477218225419665	Control
ENSG00000132274	1	2	-1	-0.01863712241380915	0.04782840394351186	0.11204369837463363	-0.06421529443112177	Control
ENSG00000186642	1	6	-5	-0.08403695450265977	0.04782840394351186	0.24660271782573942	-0.19877431388222755	Control
ENSG00000126583	9	15	-6	-0.10038691252487242	0.3361310951239009	0.3911537436717293	-0.0550226485478284	Control
ENSG00000131051	10	96	-86	-1.4083835543018848	0.35251798561151076	0.7143618438582467	-0.361843858246736	Control
ENSG00000122122	9	46	-37	-0.6072356112134647	0.3361310951239009	0.592326139088729	-0.2561950439648281	Control
ENSG00000254377	3	9	-6	-0.10038691252487242	0.17306155075939247	0.3050892619237943	-0.13202771116440185	Control
ENSG00000087903	3	33	-30	-0.4927859050579761	0.17306155075939247	0.5363709032773781	-0.3633093525179857	Control
ENSG00000198963	1	1	0	-0.0022871643915964943	0.04782840394351186	0.04209965361044498	0.005728750333066877	Control
ENSG00000130255	6	13	-7	-0.11673687054708508	0.2696509459099387	0.3673061550759392	-0.09765520916600051	Control
ENSG00000126768	32	177	-145	-2.3730310776124313	0.5639488409272582	0.8009592326139089	-0.23701039168665072	Control
ENSG00000272335	2	1	1	0.01406279363061616	0.12283506528110845	0.04209965361044498	0.08073541167066348	AD
ENSG00000197045	3	2	1	0.01406279363061616	0.17306155075939247	0.11204369837463363	0.06101785238475885	AD
ENSG00000223546	24	23	1	0.01406279363061616	0.5077271516120437	0.47282174260591525	0.034905409006128485	AD
ENSG00000172943	22	34	-12	-0.19848666065814832	0.49213962163602454	0.5428990141220357	-0.050759392486011135	Control
ENSG00000235961	22	1	21	0.3410619540748692	0.49213962163602454	0.04209965361044498	0.45003996802557955	AD
ENSG00000157625	15	4	11	0.1775623738527427	0.4237942978950173	0.19571009858779642	0.2280841993072209	AD
ENSG00000128000	9	3	6	0.09581258374167942	0.3361310951239009	0.16027178257394084	0.17585931254996004	AD
ENSG00000125447	6	3	3	0.04676270967504147	0.2696509459099387	0.16027178257394084	0.10937916333599787	AD
ENSG00000070495	1	2	-1	-0.01863712241380915	0.04782840394351186	0.11204369837463363	-0.06421529443112177	Control
ENSG00000176658	7	7	0	-0.0022871643915964943	0.29349853450572877	0.2675193178790301	0.025979216626698665	Control
ENSG00000104133	4	38	-34	-0.5581857371468267	0.21183053557154277	0.5612843058886224	-0.3494537703170797	Control
ENSG00000188706	5	1	4	0.06311266769725413	0.24260591526778577	0.04209965361044498	0.20050626165734078	AD
ENSG00000153233	2	2	0	-0.0022871643915964943	0.12283506528110845	0.11204369837463363	0.010791366906474822	Control
ENSG00000176225	11	66	-55	-0.9015348556132925	0.36757260857980284	0.6540101252331468	-0.286437516653344	Control
ENSG00000011600	3	21	-18	-0.2965864087914242	0.17306155075939247	0.4559019451105782	-0.2828403943511857	Control
ENSG00000083845	8	10	-2	-0.0349870804360218	0.3160138555822009	0.32187583266719955	-0.0058619770849986375	Control
ENSG00000166734	6	5	1	0.01406279363061616	0.2696509459099387	0.22368771649347188	0.04596322941646683	AD
ENSG00000141458	5	5	0	-0.0022871643915964943	0.24260591526778577	0.22368771649347188	0.018918198774313888	Control
ENSG00000166710	3	2	1	0.01406279363061616	0.17306155075939247	0.11204369837463363	0.06101785238475885	AD
ENSG00000128340	4	13	-9	-0.14943678659151036	0.21183053557154277	0.3673061550759392	-0.15547561950439645	Control
ENSG00000166123	3	6	-3	-0.05133703845823445	0.17306155075939247	0.24660271782573942	-0.07354116706634695	Control
ENSG00000102125	5	8	-3	-0.05133703845823445	0.24260591526778577	0.28710365041300295	-0.04449773514521718	Control
ENSG00000001497	12	16	-4	-0.06768699648044711	0.3824940047961631	0.4023447908339995	-0.01985078603783641	Control
ENSG00000123560	15	12	3	0.04676270967504147	0.4237942978950173	0.35251798561151076	0.07127631228350656	AD
ENSG00000110786	3	1	2	0.03041275165282881	0.17306155075939247	0.04209965361044498	0.1309618971489475	AD
ENSG00000100416	3	6	-3	-0.05133703845823445	0.17306155075939247	0.24660271782573942	-0.07354116706634695	Control
ENSG00000159216	7	19	-12	-0.19848666065814832	0.29349853450572877	0.4337863042899014	-0.14028776978417262	Control
ENSG00000063322	5	1	4	0.06311266769725413	0.24260591526778577	0.04209965361044498	0.20050626165734078	AD
ENSG00000099995	12	6	6	0.09581258374167942	0.3824940047961631	0.24660271782573942	0.13589128697042366	AD
ENSG00000099326	11	1	10	0.16121241583053006	0.36757260857980284	0.04209965361044498	0.32547295496935785	AD
ENSG00000170471	4	2	2	0.03041275165282881	0.21183053557154277	0.11204369837463363	0.099786837196909145	AD
ENSG00000100285	2	2	0	-0.0022871643915964943	0.12283506528110845	0.11204369837463363	0.010791366906474822	Control
ENSG00000165175	4	3	1	0.01406279363061616	0.21183053557154277	0.16027178257394084	0.05155875299760193	AD
ENSG00000198753	2	1	1	0.01406279363061616	0.12283506528110845	0.04209965361044498	0.08073541167066348	AD
ENSG00000141698	6	23	-17	-0.2802364507692116	0.2696509459099387	0.47282174260591525	-0.20317079669597654	Control
ENSG00000104343	1	2	-1	-0.01863712241380915	0.04782840394351186	0.11204369837463363	-0.06421529443112177	Control
ENSG00000147174	8	1	7	0.11216254176389208	0.3160138555822009	0.04209965361044498	0.2739142019717559	AD
ENSG00000129353	16	34	-18	-0.2965864087914242	0.4373834265920597	0.5428990141220357	-0.10551558752997597	Control
ENSG00000196263	7	25	-18	-0.2965864087914242	0.29349853450572877	0.48627764455102584	-0.19277911004529708	Control
ENSG00000009830	3	18	-15	-0.2475365347247863	0.17306155075939247	0.42312816413535836	-0.2500666133759659	Control
ENSG00000178980	2	2	0	-0.0022871643915964943	0.12283506528110845	0.11204369837463363	0.010791366906474822	Control
ENSG00000167088	7	1	6	0.09581258374167942	0.29349853450572877	0.04209965361044498	0.2513988808952838	AD
ENSG00000125851	5	4	1	0.01406279363061616	0.24260591526778577	0.19571009858779642	0.04689581667998935	AD
ENSG00000213023	1	11	-10	-0.16578674461372303	0.04782840394351186	0.33679722888355984	-0.288968824940048	Control
ENSG00000151338	7	3	4	0.06311266769725413	0.29349853450572877	0.16027178257394084	0.13322675193178793	AD
ENSG00000159147	7	37	-30	-0.4927859050579761	0.29349853450572877	0.5568878230748734	-0.2633892885691446	Control
ENSG00000102054	10	9	1	0.01406279363061616	0.35251798561151076	0.3050892619237943	0.047428723687716445	AD
ENSG00000220575	3	26	-23	-0.37833619890248754	0.17306155075939247	0.4933386624034106	-0.3202771116440182	Control
ENSG00000266173	2	2	0	-0.0022871643915964943	0.12283506528110845	0.11204369837463363	0.010791366906474822	Control
ENSG00000068354	6	37	-31	-0.5091358630801888	0.2696509459099387	0.5568878230748734	-0.2872368771649347	Control
ENSG00000018610	48	16	32	0.5209114923192084	0.6268318678390621	0.4023447908339995	0.2244870770050626	AD
ENSG00000196381	4	2	2	0.03041275165282881	0.21183053557154277	0.11204369837463363	0.099786837196909145	AD
ENSG00000163659	1	1	0	-0.0022871643915964943	0.04782840394351186	0.04209965361044498	0.005728750333066877	Control
ENSG00000134042	4	23	-19	-0.3129363668136369	0.21183053557154277	0.47282174260591525	-0.2609912070343725	Control
ENSG00000197620	43	99	-56	-0.9178848136355051	0.609912070343725	0.718625099920064	-0.108713029576339	Control
ENSG00000213722	1	3	-2	-0.0349870804360218	0.04782840394351186	0.16027178257394084	-0.11244337863042898	Control
ENSG00000056487	9	6	3	0.04676270967504147	0.3361310951239009	0.24660271782573942	0.08952837729816146	AD
ENSG00000214548	1	9	-8	-0.1330868285692977	0.04782840394351186	0.3050892619237943	-0.2572608579802825	Control
ENSG00000186272	3	6	-3	-0.05133703845823445	0.17306155075939247	0.24660271782573942	-0.07354116706634695	Control
ENSG00000064961	14	2	12	0.19391233187495535	0.4108713029576339	0.11204369837463363	0.2988276045830003	AD
ENSG00000258441	2	8	-6	-0.10038691252487242	0.12283506528110845	0.28710365041300295	-0.16426858513189452	Control
ENSG00000165359	1	1	0	-0.0022871643915964943	0.04782840394351186	0.04209965361044498	0.005728750333066877	Control
ENSG00000103194	1	2	-1	-0.01863712241380915	0.04782840394351186	0.11204369837463363	-0.06421529443112177	Control
ENSG00000166794	1	2	-1	-0.01863712241380915	0.04782840394351186	0.11204369837463363	-0.06421529443112177	Control
ENSG00000223865	1	1	0	-0.0022871643915964943	0.04782840394351186	0.04209965361044498	0.005728750333066877	Control
ENSG00000184014	4	1	3	0.04676270967504147	0.21183053557154277	0.04209965361044498	0.16973088196109778	AD
ENSG00000181666	5	2	3	0.04676270967504147	0.24260591526778577	0.11204369837463363	0.13056221689315214	AD
ENSG00000184949	9	4	5	0.07946262571946677	0.3361310951239009	0.19571009858779642	0.14042099653610446	AD
ENSG00000142002	1	1	0	-0.0022871643915964943	0.04782840394351186	0.04209965361044498	0.005728750333066877	Control
ENSG00000181381	1	2	-1	-0.01863712241380915	0.04782840394351186	0.11204369837463363	-0.06421529443112177	Control
ENSG00000240184	1	21	-20	-0.3292863248358496	0.04782840394351186	0.4559019451105782	-0.40807354116706634	Control
ENSG00000121691	2	1	1	0.01406279363061616	0.12283506528110845	0.04209965361044498	0.08073541167066348	AD
ENSG00000172006	6	1	5	0.07946262571946677	0.2696509459099387	0.04209965361044498	0.22755129229949372	AD
ENSG00000127663	13	11	2	0.03041275165282881	0.397015720756728	0.33679722888355984	0.060218491873168134	AD
ENSG00000112110	3	4	-1	-0.01863712241380915	0.17306155075939247	0.19571009858779642	-0.022648547828403948	Control
ENSG00000198863	1	96	-95	-1.5555331765017988	0.04782840394351186	0.7143618438582467	-0.6665334399147349	Control
ENSG00000101871	7	45	-38	-0.6235855692356773	0.29349853450572877	0.5885957900346389	-0.29509725552891014	Control
ENSG00000141837	2	1	1	0.01406279363061616	0.12283506528110845	0.04209965361044498	0.08073541167066348	AD
ENSG00000100387	12	91	-79	-1.2939338481463962	0.3824940047961631	0.704769517719158	-0.3222755129229949	Control
ENSG00000044446	5	20	-15	-0.2475365347247863	0.24260591526778577	0.44537703170796694	-0.20277111644018117	Control
ENSG00000228315	12	26	-14	-0.23118657670257364	0.3824940047961631	0.4933386624034106	-0.11084465760724754	Control
ENSG00000129003	9	26	-17	-0.2802364507692116	0.3361310951239009	0.4933386624034106	-0.15720756727950974	Control
ENSG00000025156	1	5	-4	-0.06768699648044711	0.04782840394351186	0.22368771649347188	-0.17585931254996	Control
ENSG00000184313	1	1	0	-0.0022871643915964943	0.04782840394351186	0.04209965361044498	0.005728750333066877	Control
ENSG00000147027	2	17	-15	-0.2475365347247863	0.12283506528110845	0.4132693844924061	-0.29043431921129764	Control
ENSG00000102081	3	2	1	0.01406279363061616	0.17306155075939247	0.11204369837463363	0.06101785238475885	AD
ENSG00000105290	1	13	-12	-0.19848666065814832	0.04782840394351186	0.3673061550759392	-0.3194777511324274	Control
ENSG00000105738	2	1	1	0.01406279363061616	0.12283506528110845	0.04209965361044498	0.08073541167066348	AD
ENSG00000156313	10	1	9	0.1448624578083174	0.35251798561151076	0.04209965361044498	0.3104183320010658	AD
ENSG00000079435	5	2	3	0.04676270967504147	0.24260591526778577	0.11204369837463363	0.13056221689315214	AD
ENSG00000083642	6	58	-52	-0.8524849815466545	0.2696509459099387	0.6304289901412203	-0.3607780442312816	Control
ENSG00000060237	1	9	-8	-0.1330868285692977	0.04782840394351186	0.3050892619237943	-0.2572608579802825	Control
ENSG00000172809	4	8	-4	-0.06768699648044711	0.21183053557154277	0.28710365041300295	-0.07527311484146018	Control
ENSG00000176871	1	3	-2	-0.0349870804360218	0.04782840394351186	0.16027178257394084	-0.11244337863042898	Control
ENSG00000134815	4	1	3	0.04676270967504147	0.21183053557154277	0.04209965361044498	0.16973088196109778	AD
ENSG00000227248	1	3	-2	-0.0349870804360218	0.04782840394351186	0.16027178257394084	-0.11244337863042898	Control
ENSG00000174306	5	27	-22	-0.36198624088027487	0.24260591526778577	0.4998667732480682	-0.2572608579802824	Control
ENSG00000162244	1	15	-14	-0.23118657670257364	0.04782840394351186	0.3911537436717293	-0.34332533972821744	Control
ENSG00000071991	2	7	-5	-0.08403695450265977	0.12283506528110845	0.2675193178790301	-0.14468425259792167	Control
ENSG00000089009	1	3	-2	-0.0349870804360218	0.04782840394351186	0.16027178257394084	-0.11244337863042898	Control
ENSG00000204514	7	16	-9	-0.14943678659151036	0.29349853450572877	0.4023447908339995	-0.10884625632827072	Control
ENSG00000134531	1	3	-2	-0.0349870804360218	0.04782840394351186	0.16027178257394084	-0.11244337863042898	Control
ENSG00000125826	3	36	-33	-0.5418357791246141	0.17306155075939247	0.5523581135091926	-0.37929656274980017	Control
ENSG00000184205	3	20	-17	-0.2802364507692116	0.17306155075939247	0.44537703170796694	-0.2723154809485745	Control
ENSG00000239763	1	12	-11	-0.18213670263593568	0.04782840394351186	0.35251798561151076	-0.3046895816679989	Control
ENSG00000101846	4	8	-4	-0.06768699648044711	0.21183053557154277	0.28710365041300295	-0.07527311484146018	Control
ENSG00000040608	1	1	0	-0.0022871643915964943	0.04782840394351186	0.04209965361044498	0.005728750333066877	Control
ENSG00000134532	2	1	1	0.01406279363061616	0.12283506528110845	0.04209965361044498	0.08073541167066348	AD
ENSG00000076555	5	24	-19	-0.3129363668136369	0.24260591526778577	0.4794830802025047	-0.23687716493471891	Control
ENSG00000175061	1	1	0	-0.0022871643915964943	0.04782840394351186	0.04209965361044498	0.005728750333066877	Control
ENSG00000096093	1	6	-5	-0.08403695450265977	0.04782840394351186	0.24660271782573942	-0.19877431388222755	Control
ENSG00000102786	3	15	-12	-0.19848666065814832	0.17306155075939247	0.3911537436717293	-0.2180921929123368	Control
ENSG00000124313	1	1	0	-0.0022871643915964943	0.04782840394351186	0.04209965361044498	0.005728750333066877	Control
ENSG00000022277	7	2	5	0.07946262571946677	0.29349853450572877	0.11204369837463363	0.18145483613109514	AD
ENSG00000111752	6	80	-74	-1.212184058035333	0.2696509459099387	0.6849187316813216	-0.41526778577138285	Control
ENSG00000166265	6	2	4	0.06311266769725413	0.2696509459099387	0.11204369837463363	0.15760724753530508	AD
ENSG00000079482	2	52	-50	-0.8197850655022292	0.12283506528110845	0.6095123900879297	-0.48667732480682124	Control
ENSG00000165985	1	2	-1	-0.01863712241380915	0.04782840394351186	0.11204369837463363	-0.06421529443112177	Control
ENSG00000109099	1	4	-3	-0.05133703845823445	0.04782840394351186	0.19571009858779642	-0.14788169464428458	Control
ENSG00000171681	2	6	-4	-0.06768699648044711	0.12283506528110845	0.24660271782573942	-0.12376765254463097	Control
ENSG00000161533	2	1	1	0.01406279363061616	0.12283506528110845	0.04209965361044498	0.08073541167066348	AD
ENSG00000114062	4	1	3	0.04676270967504147	0.21183053557154277	0.04209965361044498	0.16973088196109778	AD
ENSG00000124134	1	1	0	-0.0022871643915964943	0.04782840394351186	0.04209965361044498	0.005728750333066877	Control
ENSG00000060982	1	4	-3	-0.05133703845823445	0.04782840394351186	0.19571009858779642	-0.14788169464428458	Control
ENSG00000050438	6	10	-4	-0.06768699648044711	0.2696509459099387	0.32187583266719955	-0.052224886757260836	Control
ENSG00000169750	4	13	-9	-0.14943678659151036	0.21183053557154277	0.3673061550759392	-0.15547561950439645	Control
ENSG00000136098	1	1	0	-0.0022871643915964943	0.04782840394351186	0.04209965361044498	0.005728750333066877	Control
ENSG00000100364	9	4	5	0.07946262571946677	0.3361310951239009	0.19571009858779642	0.14042099653610446	AD
ENSG00000186288	3	4	-1	-0.01863712241380915	0.17306155075939247	0.19571009858779642	-0.022648547828403948	Control
ENSG00000215397	1	3	-2	-0.0349870804360218	0.04782840394351186	0.16027178257394084	-0.11244337863042898	Control
ENSG00000184867	2	2	0	-0.0022871643915964943	0.12283506528110845	0.11204369837463363	0.010791366906474822	Control
ENSG00000108106	4	4	0	-0.0022871643915964943	0.21183053557154277	0.19571009858779642	0.01612043698374635	Control
ENSG00000125352	6	7	-1	-0.01863712241380915	0.2696509459099387	0.2675193178790301	0.0021316280309086055	Control
ENSG00000103326	3	5	-2	-0.0349870804360218	0.17306155075939247	0.22368771649347188	-0.05062616573407941	Control
ENSG00000101888	2	1	1	0.01406279363061616	0.12283506528110845	0.04209965361044498	0.08073541167066348	AD
ENSG00000137491	4	2	2	0.03041275165282881	0.21183053557154277	0.11204369837463363	0.099786837196909145	AD
ENSG00000141756	2	1	1	0.01406279363061616	0.12283506528110845	0.04209965361044498	0.08073541167066348	AD
ENSG00000187775	5	7	-2	-0.0349870804360218	0.24260591526778577	0.2675193178790301	-0.024913402611244334	Control
ENSG00000196924	1	1	0	-0.0022871643915964943	0.04782840394351186	0.04209965361044498	0.005728750333066877	Control
ENSG00000122824	3	33	-30	-0.4927859050579761	0.17306155075939247	0.5363709032773781	-0.3633093525179857	Control
ENSG00000196235	4	1	3	0.04676270967504147	0.21183053557154277	0.04209965361044498	0.16973088196109778	AD
ENSG00000205339	3	25	-22	-0.36198624088027487	0.17306155075939247	0.48627764455102584	-0.3132160937916334	Control
ENSG00000173674	1	4	-3	-0.05133703845823445	0.04782840394351186	0.19571009858779642	-0.14788169464428458	Control
ENSG00000141552	2	7	-5	-0.08403695450265977	0.12283506528110845	0.2675193178790301	-0.14468425259792167	Control
ENSG00000108639	3	3	0	-0.0022871643915964943	0.17306155075939247	0.16027178257394084	0.012789768185451633	Control
ENSG00000129151	3	7	-4	-0.06768699648044711	0.17306155075939247	0.2675193178790301	-0.09445776711963763	Control
ENSG00000182195	3	3	0	-0.0022871643915964943	0.17306155075939247	0.16027178257394084	0.012789768185451633	Control
ENSG00000100294	4	44	-40	-0.6562854852801027	0.21183053557154277	0.5848654409805489	-0.3730349054090062	Control
ENSG00000123352	1	1	0	-0.0022871643915964943	0.04782840394351186	0.04209965361044498	0.005728750333066877	Control
ENSG00000161551	8	10	-2	-0.0349870804360218	0.3160138555822009	0.32187583266719955	-0.0058619770849986375	Control
ENSG00000040199	2	1	1	0.01406279363061616	0.12283506528110845	0.04209965361044498	0.08073541167066348	AD
ENSG00000123200	2	1	1	0.01406279363061616	0.12283506528110845	0.04209965361044498	0.08073541167066348	AD
ENSG00000049759	3	5	-2	-0.0349870804360218	0.17306155075939247	0.22368771649347188	-0.05062616573407941	Control
ENSG00000225470	1	1	0	-0.0022871643915964943	0.04782840394351186	0.04209965361044498	0.005728750333066877	Control
ENSG00000127329	1	2	-1	-0.01863712241380915	0.04782840394351186	0.11204369837463363	-0.06421529443112177	Control
ENSG00000123096	2	12	-10	-0.16578674461372303	0.12283506528110845	0.35251798561151076	-0.22968292033040233	Control
ENSG00000100908	4	60	-56	-0.9178848136355051	0.21183053557154277	0.636957100985878	-0.42512656541433524	Control
ENSG00000128585	1	2	-1	-0.01863712241380915	0.04782840394351186	0.11204369837463363	-0.06421529443112177	Control
ENSG00000010671	1	8	-7	-0.11673687054708508	0.04782840394351186	0.28710365041300295	-0.2392752464694911	Control
ENSG00000136152	1	1	0	-0.0022871643915964943	0.04782840394351186	0.04209965361044498	0.005728750333066877	Control
ENSG00000166925	2	3	-1	-0.01863712241380915	0.12283506528110845	0.16027178257394084	-0.03743671729283239	Control
ENSG00000060339	3	8	-5	-0.08403695450265977	0.17306155075939247	0.28710365041300295	-0.11404209965361048	Control
ENSG00000119048	1	2	-1	-0.01863712241380915	0.04782840394351186	0.11204369837463363	-0.06421529443112177	Control
ENSG00000132026	1	3	-2	-0.0349870804360218	0.04782840394351186	0.16027178257394084	-0.11244337863042898	Control
ENSG00000141447	3	38	-35	-0.5745356951690394	0.17306155075939247	0.5612843058886224	-0.38822275512923	Control
ENSG00000279811	1	1	0	-0.0022871643915964943	0.04782840394351186	0.04209965361044498	0.005728750333066877	Control
ENSG00000243813	1	1	0	-0.0022871643915964943	0.04782840394351186	0.04209965361044498	0.005728750333066877	Control
ENSG00000259706	1	4	-3	-0.05133703845823445	0.04782840394351186	0.19571009858779642	-0.14788169464428458	Control
ENSG00000102218	2	1	1	0.01406279363061616	0.12283506528110845	0.04209965361044498	0.08073541167066348	AD
ENSG00000221983	2	1	1	0.01406279363061616	0.12283506528110845	0.04209965361044498	0.08073541167066348	AD
ENSG00000119707	1	1	0	-0.0022871643915964943	0.04782840394351186	0.04209965361044498	0.005728750333066877	Control
ENSG00000128274	1	4	-3	-0.05133703845823445	0.04782840394351186	0.19571009858779642	-0.14788169464428458	Control
ENSG00000185507	2	1	1	0.01406279363061616	0.12283506528110845	0.04209965361044498	0.08073541167066348	AD
ENSG00000105122	1	7	-6	-0.10038691252487242	0.04782840394351186	0.2675193178790301	-0.21969091393551826	Control
ENSG00000124224	2	1	1	0.01406279363061616	0.12283506528110845	0.04209965361044498	0.08073541167066348	AD
ENSG00000260916	1	1	0	-0.0022871643915964943	0.04782840394351186	0.04209965361044498	0.005728750333066877	Control
ENSG00000235244	2	16	-14	-0.23118657670257364	0.12283506528110845	0.4023447908339995	-0.27950972555289105	Control
ENSG00000161921	1	3	-2	-0.0349870804360218	0.04782840394351186	0.16027178257394084	-0.11244337863042898	Control
ENSG00000018236	2	6	-4	-0.06768699648044711	0.12283506528110845	0.24660271782573942	-0.12376765254463097	Control
ENSG00000168904	2	1	1	0.01406279363061616	0.12283506528110845	0.04209965361044498	0.08073541167066348	AD
ENSG00000140015	1	1	0	-0.0022871643915964943	0.04782840394351186	0.04209965361044498	0.005728750333066877	Control
ENSG00000078674	1	1	0	-0.0022871643915964943	0.04782840394351186	0.04209965361044498	0.005728750333066877	Control
ENSG00000169896	3	13	-10	-0.16578674461372303	0.17306155075939247	0.3673061550759392	-0.19424460431654675	Control
ENSG00000102606	3	1	2	0.03041275165282881	0.17306155075939247	0.04209965361044498	0.1309618971489475	AD
ENSG00000183049	2	1	1	0.01406279363061616	0.12283506528110845	0.04209965361044498	0.08073541167066348	AD
ENSG00000128973	3	2	1	0.01406279363061616	0.17306155075939247	0.11204369837463363	0.06101785238475885	AD
ENSG00000166105	1	1	0	-0.0022871643915964943	0.04782840394351186	0.04209965361044498	0.005728750333066877	Control
ENSG00000137038	2	2	0	-0.0022871643915964943	0.12283506528110845	0.11204369837463363	0.010791366906474822	Control
ENSG00000183160	2	3	-1	-0.01863712241380915	0.12283506528110845	0.16027178257394084	-0.03743671729283239	Control
ENSG00000239857	3	8	-5	-0.08403695450265977	0.17306155075939247	0.28710365041300295	-0.11404209965361048	Control
ENSG00000074695	1	4	-3	-0.05133703845823445	0.04782840394351186	0.19571009858779642	-0.14788169464428458	Control
ENSG00000283236	2	4	-2	-0.0349870804360218	0.12283506528110845	0.19571009858779642	-0.07287503330668797	Control
ENSG00000134769	2	3	-1	-0.01863712241380915	0.12283506528110845	0.16027178257394084	-0.03743671729283239	Control
ENSG00000185033	3	18	-15	-0.2475365347247863	0.17306155075939247	0.42312816413535836	-0.2500666133759659	Control
ENSG00000197563	3	3	0	-0.0022871643915964943	0.17306155075939247	0.16027178257394084	0.012789768185451633	Control
ENSG00000164620	1	4	-3	-0.05133703845823445	0.04782840394351186	0.19571009858779642	-0.14788169464428458	Control
ENSG00000197977	2	10	-8	-0.1330868285692977	0.12283506528110845	0.32187583266719955	-0.1990407673860911	Control
ENSG00000108651	6	2	4	0.06311266769725413	0.2696509459099387	0.11204369837463363	0.15760724753530508	AD
ENSG00000105058	9	4	5	0.07946262571946677	0.3361310951239009	0.19571009858779642	0.14042099653610446	AD
ENSG00000227063	1	3	-2	-0.0349870804360218	0.04782840394351186	0.16027178257394084	-0.11244337863042898	Control
ENSG00000124191	2	2	0	-0.0022871643915964943	0.12283506528110845	0.11204369837463363	0.010791366906474822	Control
ENSG00000130304	1	25	-24	-0.39468615692470016	0.04782840394351186	0.48627764455102584	-0.438449240607514	Control
ENSG00000110693	1	22	-21	-0.3456362828580622	0.04782840394351186	0.464828137490008	-0.41699973354649617	Control
ENSG00000130254	1	3	-2	-0.0349870804360218	0.04782840394351186	0.16027178257394084	-0.11244337863042898	Control
ENSG00000156709	2	10	-8	-0.1330868285692977	0.12283506528110845	0.32187583266719955	-0.1990407673860911	Control
ENSG00000015285	2	39	-37	-0.6072356112134647	0.12283506528110845	0.5648814281907807	-0.44204636290967225	Control
ENSG00000110719	1	4	-3	-0.05133703845823445	0.04782840394351186	0.19571009858779642	-0.14788169464428458	Control
ENSG00000100979	1	5	-4	-0.06768699648044711	0.04782840394351186	0.22368771649347188	-0.17585931254996	Control
ENSG00000177426	2	14	-12	-0.19848666065814832	0.12283506528110845	0.3799626965094591	-0.25712763122835064	Control
ENSG00000138964	2	19	-17	-0.2802364507692116	0.12283506528110845	0.4337863042899014	-0.31095123900879296	Control
ENSG00000185624	1	2	-1	-0.01863712241380915	0.04782840394351186	0.11204369837463363	-0.06421529443112177	Control
ENSG00000125844	1	5	-4	-0.06768699648044711	0.04782840394351186	0.22368771649347188	-0.17585931254996	Control
ENSG00000108306	3	2	1	0.01406279363061616	0.17306155075939247	0.11204369837463363	0.06101785238475885	AD
ENSG00000183617	2	2	0	-0.0022871643915964943	0.12283506528110845	0.11204369837463363	0.010791366906474822	Control
ENSG00000185650	2	17	-15	-0.2475365347247863	0.12283506528110845	0.4132693844924061	-0.29043431921129764	Control
ENSG00000147684	2	2	0	-0.0022871643915964943	0.12283506528110845	0.11204369837463363	0.010791366906474822	Control
ENSG00000147140	5	2	3	0.04676270967504147	0.24260591526778577	0.11204369837463363	0.13056221689315214	AD
ENSG00000109113	2	3	-1	-0.01863712241380915	0.12283506528110845	0.16027178257394084	-0.03743671729283239	Control
ENSG00000167614	3	7	-4	-0.06768699648044711	0.17306155075939247	0.2675193178790301	-0.09445776711963763	Control
ENSG00000256463	1	5	-4	-0.06768699648044711	0.04782840394351186	0.22368771649347188	-0.17585931254996	Control
ENSG00000100697	1	2	-1	-0.01863712241380915	0.04782840394351186	0.11204369837463363	-0.06421529443112177	Control
ENSG00000279289	2	4	-2	-0.0349870804360218	0.12283506528110845	0.19571009858779642	-0.07287503330668797	Control
ENSG00000170604	1	2	-1	-0.01863712241380915	0.04782840394351186	0.11204369837463363	-0.06421529443112177	Control
ENSG00000130726	5	1	4	0.06311266769725413	0.24260591526778577	0.04209965361044498	0.20050626165734078	AD
ENSG00000088899	1	1	0	-0.0022871643915964943	0.04782840394351186	0.04209965361044498	0.005728750333066877	Control
ENSG00000214413	1	1	0	-0.0022871643915964943	0.04782840394351186	0.04209965361044498	0.005728750333066877	Control
ENSG00000011405	1	34	-33	-0.5418357791246141	0.04782840394351186	0.5428990141220357	-0.49507061017852383	Control
ENSG00000104872	1	32	-31	-0.5091358630801888	0.04782840394351186	0.530775379696243	-0.48294697575273116	Control
ENSG00000174028	1	1	0	-0.0022871643915964943	0.04782840394351186	0.04209965361044498	0.005728750333066877	Control
ENSG00000130204	3	11	-8	-0.1330868285692977	0.17306155075939247	0.33679722888355984	-0.16373567812416737	Control
ENSG00000225439	1	6	-5	-0.08403695450265977	0.04782840394351186	0.24660271782573942	-0.19877431388222755	Control
ENSG00000177303	2	7	-5	-0.08403695450265977	0.12283506528110845	0.2675193178790301	-0.14468425259792167	Control
ENSG00000198276	2	29	-27	-0.4437360309913381	0.12283506528110845	0.5135891286970423	-0.3907540634159339	Control
ENSG00000280432	1	1	0	-0.0022871643915964943	0.04782840394351186	0.04209965361044498	0.005728750333066877	Control
ENSG00000261971	2	2	0	-0.0022871643915964943	0.12283506528110845	0.11204369837463363	0.010791366906474822	Control
ENSG00000157450	3	13	-10	-0.16578674461372303	0.17306155075939247	0.3673061550759392	-0.19424460431654675	Control
ENSG00000185875	1	1	0	-0.0022871643915964943	0.04782840394351186	0.04209965361044498	0.005728750333066877	Control
ENSG00000178904	5	32	-27	-0.4437360309913381	0.24260591526778577	0.530775379696243	-0.28816946442845726	Control
ENSG00000128309	1	10	-9	-0.14943678659151036	0.04782840394351186	0.32187583266719955	-0.2740474287236877	Control
ENSG00000232611	2	1	1	0.01406279363061616	0.12283506528110845	0.04209965361044498	0.08073541167066348	AD
ENSG00000224003	2	10	-8	-0.1330868285692977	0.12283506528110845	0.32187583266719955	-0.1990407673860911	Control
ENSG00000180817	1	3	-2	-0.0349870804360218	0.04782840394351186	0.16027178257394084	-0.11244337863042898	Control
ENSG00000184988	1	1	0	-0.0022871643915964943	0.04782840394351186	0.04209965361044498	0.005728750333066877	Control
ENSG00000119522	1	1	0	-0.0022871643915964943	0.04782840394351186	0.04209965361044498	0.005728750333066877	Control
ENSG00000154144	2	12	-10	-0.16578674461372303	0.12283506528110845	0.35251798561151076	-0.22968292033040233	Control
ENSG00000166147	1	7	-6	-0.10038691252487242	0.04782840394351186	0.2675193178790301	-0.21969091393551826	Control
ENSG00000130962	2	1	1	0.01406279363061616	0.12283506528110845	0.04209965361044498	0.08073541167066348	AD
ENSG00000101265	1	1	0	-0.0022871643915964943	0.04782840394351186	0.04209965361044498	0.005728750333066877	Control
ENSG00000088826	1	6	-5	-0.08403695450265977	0.04782840394351186	0.24660271782573942	-0.19877431388222755	Control
ENSG00000178235	3	23	-20	-0.3292863248358496	0.17306155075939247	0.47282174260591525	-0.2997601918465228	Control
ENSG00000164109	2	8	-6	-0.10038691252487242	0.12283506528110845	0.28710365041300295	-0.16426858513189452	Control
ENSG00000080839	1	5	-4	-0.06768699648044711	0.04782840394351186	0.22368771649347188	-0.17585931254996	Control
ENSG00000228782	1	2	-1	-0.01863712241380915	0.04782840394351186	0.11204369837463363	-0.06421529443112177	Control
ENSG00000167526	1	1	0	-0.0022871643915964943	0.04782840394351186	0.04209965361044498	0.005728750333066877	Control
ENSG00000102265	1	6	-5	-0.08403695450265977	0.04782840394351186	0.24660271782573942	-0.19877431388222755	Control
ENSG00000140853	3	5	-2	-0.0349870804360218	0.17306155075939247	0.22368771649347188	-0.05062616573407941	Control
ENSG00000155886	1	9	-8	-0.1330868285692977	0.04782840394351186	0.3050892619237943	-0.2572608579802825	Control
ENSG00000149782	1	1	0	-0.0022871643915964943	0.04782840394351186	0.04209965361044498	0.005728750333066877	Control
ENSG00000073150	1	3	-2	-0.0349870804360218	0.04782840394351186	0.16027178257394084	-0.11244337863042898	Control
ENSG00000142534	1	9	-8	-0.1330868285692977	0.04782840394351186	0.3050892619237943	-0.2572608579802825	Control
ENSG00000125810	1	12	-11	-0.18213670263593568	0.04782840394351186	0.35251798561151076	-0.3046895816679989	Control
ENSG00000166783	2	4	-2	-0.0349870804360218	0.12283506528110845	0.19571009858779642	-0.07287503330668797	Control
ENSG00000198466	1	1	0	-0.0022871643915964943	0.04782840394351186	0.04209965361044498	0.005728750333066877	Control
ENSG00000198455	7	2	5	0.07946262571946677	0.29349853450572877	0.11204369837463363	0.18145483613109514	AD
ENSG00000007866	1	3	-2	-0.0349870804360218	0.04782840394351186	0.16027178257394084	-0.11244337863042898	Control
ENSG00000077454	2	2	0	-0.0022871643915964943	0.12283506528110845	0.11204369837463363	0.010791366906474822	Control
ENSG00000184083	1	12	-11	-0.18213670263593568	0.04782840394351186	0.35251798561151076	-0.3046895816679989	Control
ENSG00000197162	2	4	-2	-0.0349870804360218	0.12283506528110845	0.19571009858779642	-0.07287503330668797	Control
ENSG00000100612	1	2	-1	-0.01863712241380915	0.04782840394351186	0.11204369837463363	-0.06421529443112177	Control
ENSG00000158201	1	1	0	-0.0022871643915964943	0.04782840394351186	0.04209965361044498	0.005728750333066877	Control
ENSG00000177663	2	5	-3	-0.05133703845823445	0.12283506528110845	0.22368771649347188	-0.10085265121236343	Control
ENSG00000100425	1	1	0	-0.0022871643915964943	0.04782840394351186	0.04209965361044498	0.005728750333066877	Control
ENSG00000151012	1	5	-4	-0.06768699648044711	0.04782840394351186	0.22368771649347188	-0.17585931254996	Control
ENSG00000134072	1	7	-6	-0.10038691252487242	0.04782840394351186	0.2675193178790301	-0.21969091393551826	Control
ENSG00000128285	2	10	-8	-0.1330868285692977	0.12283506528110845	0.32187583266719955	-0.1990407673860911	Control
ENSG00000106852	1	2	-1	-0.01863712241380915	0.04782840394351186	0.11204369837463363	-0.06421529443112177	Control
ENSG00000125962	1	4	-3	-0.05133703845823445	0.04782840394351186	0.19571009858779642	-0.14788169464428458	Control
ENSG00000161654	1	1	0	-0.0022871643915964943	0.04782840394351186	0.04209965361044498	0.005728750333066877	Control
ENSG00000147164	1	7	-6	-0.10038691252487242	0.04782840394351186	0.2675193178790301	-0.21969091393551826	Control
ENSG00000131724	1	1	0	-0.0022871643915964943	0.04782840394351186	0.04209965361044498	0.005728750333066877	Control
ENSG00000075142	1	2	-1	-0.01863712241380915	0.04782840394351186	0.11204369837463363	-0.06421529443112177	Control
ENSG00000152952	1	6	-5	-0.08403695450265977	0.04782840394351186	0.24660271782573942	-0.19877431388222755	Control
ENSG00000076344	2	4	-2	-0.0349870804360218	0.12283506528110845	0.19571009858779642	-0.07287503330668797	Control
ENSG00000021300	1	2	-1	-0.01863712241380915	0.04782840394351186	0.11204369837463363	-0.06421529443112177	Control
ENSG00000198795	1	1	0	-0.0022871643915964943	0.04782840394351186	0.04209965361044498	0.005728750333066877	Control
ENSG00000167202	2	6	-4	-0.06768699648044711	0.12283506528110845	0.24660271782573942	-0.12376765254463097	Control
ENSG00000243679	1	15	-14	-0.23118657670257364	0.04782840394351186	0.3911537436717293	-0.34332533972821744	Control
ENSG00000104957	1	1	0	-0.0022871643915964943	0.04782840394351186	0.04209965361044498	0.005728750333066877	Control
ENSG00000112893	1	1	0	-0.0022871643915964943	0.04782840394351186	0.04209965361044498	0.005728750333066877	Control
ENSG00000185344	2	1	1	0.01406279363061616	0.12283506528110845	0.04209965361044498	0.08073541167066348	AD
ENSG00000251136	1	53	-52	-0.8524849815466545	0.04782840394351186	0.6132427391420198	-0.5654143351985079	Control
ENSG00000272047	1	1	0	-0.0022871643915964943	0.04782840394351186	0.04209965361044498	0.005728750333066877	Control
ENSG00000100234	2	2	0	-0.0022871643915964943	0.12283506528110845	0.11204369837463363	0.010791366906474822	Control
ENSG00000127249	1	18	-17	-0.2802364507692116	0.04782840394351186	0.42312816413535836	-0.3752997601918465	Control
ENSG00000177182	1	10	-9	-0.14943678659151036	0.04782840394351186	0.32187583266719955	-0.2740474287236877	Control
ENSG00000100354	1	2	-1	-0.01863712241380915	0.04782840394351186	0.11204369837463363	-0.06421529443112177	Control
ENSG00000131828	1	5	-4	-0.06768699648044711	0.04782840394351186	0.22368771649347188	-0.17585931254996	Control
ENSG00000154898	1	2	-1	-0.01863712241380915	0.04782840394351186	0.11204369837463363	-0.06421529443112177	Control
ENSG00000025708	1	2	-1	-0.01863712241380915	0.04782840394351186	0.11204369837463363	-0.06421529443112177	Control
ENSG00000157502	1	2	-1	-0.01863712241380915	0.04782840394351186	0.11204369837463363	-0.06421529443112177	Control
ENSG00000253352	1	2	-1	-0.01863712241380915	0.04782840394351186	0.11204369837463363	-0.06421529443112177	Control
ENSG00000189423	1	3	-2	-0.0349870804360218	0.04782840394351186	0.16027178257394084	-0.11244337863042898	Control
ENSG00000163406	1	22	-21	-0.3456362828580622	0.04782840394351186	0.464828137490008	-0.41699973354649617	Control
ENSG00000132109	1	1	0	-0.0022871643915964943	0.04782840394351186	0.04209965361044498	0.005728750333066877	Control
ENSG00000154263	1	2	-1	-0.01863712241380915	0.04782840394351186	0.11204369837463363	-0.06421529443112177	Control
ENSG00000005893	1	1	0	-0.0022871643915964943	0.04782840394351186	0.04209965361044498	0.005728750333066877	Control
ENSG00000107186	1	20	-19	-0.3129363668136369	0.04782840394351186	0.44537703170796694	-0.3975486277644551	Control
ENSG00000250802	1	26	-25	-0.41103611494691283	0.04782840394351186	0.4933386624034106	-0.4455102584598988	Control
ENSG00000075234	2	15	-13	-0.214836618680361	0.12283506528110845	0.3911537436717293	-0.26831867839062085	Control
ENSG00000215305	1	4	-3	-0.05133703845823445	0.04782840394351186	0.19571009858779642	-0.14788169464428458	Control
ENSG00000185608	1	1	0	-0.0022871643915964943	0.04782840394351186	0.04209965361044498	0.005728750333066877	Control
ENSG00000152822	1	5	-4	-0.06768699648044711	0.04782840394351186	0.22368771649347188	-0.17585931254996	Control
ENSG00000279668	1	2	-1	-0.01863712241380915	0.04782840394351186	0.11204369837463363	-0.06421529443112177	Control
ENSG00000154319	1	5	-4	-0.06768699648044711	0.04782840394351186	0.22368771649347188	-0.17585931254996	Control
ENSG00000261451	1	29	-28	-0.4600859890135508	0.04782840394351186	0.5135891286970423	-0.4657607247535305	Control
ENSG00000135926	1	21	-20	-0.3292863248358496	0.04782840394351186	0.4559019451105782	-0.40807354116706634	Control
ENSG00000120896	1	9	-8	-0.1330868285692977	0.04782840394351186	0.3050892619237943	-0.2572608579802825	Control
ENSG00000241990	1	3	-2	-0.0349870804360218	0.04782840394351186	0.16027178257394084	-0.11244337863042898	Control
ENSG00000205562	1	1	0	-0.0022871643915964943	0.04782840394351186	0.04209965361044498	0.005728750333066877	Control
ENSG00000280332	1	14	-13	-0.214836618680361	0.04782840394351186	0.3799626965094591	-0.33213429256594723	Control
ENSG00000215041	2	1	1	0.01406279363061616	0.12283506528110845	0.04209965361044498	0.08073541167066348	AD
ENSG00000120696	1	1	0	-0.0022871643915964943	0.04782840394351186	0.04209965361044498	0.005728750333066877	Control
ENSG00000224271	1	1	0	-0.0022871643915964943	0.04782840394351186	0.04209965361044498	0.005728750333066877	Control
ENSG00000107554	1	23	-22	-0.36198624088027487	0.04782840394351186	0.47282174260591525	-0.4249933386624034	Control
ENSG00000179399	2	14	-12	-0.19848666065814832	0.12283506528110845	0.3799626965094591	-0.25712763122835064	Control
ENSG00000262919	1	1	0	-0.0022871643915964943	0.04782840394351186	0.04209965361044498	0.005728750333066877	Control
ENSG00000173868	1	2	-1	-0.01863712241380915	0.04782840394351186	0.11204369837463363	-0.06421529443112177	Control
ENSG00000148943	1	1	0	-0.0022871643915964943	0.04782840394351186	0.04209965361044498	0.005728750333066877	Control
ENSG00000105355	1	18	-17	-0.2802364507692116	0.04782840394351186	0.42312816413535836	-0.3752997601918465	Control
ENSG00000154743	1	14	-13	-0.214836618680361	0.04782840394351186	0.3799626965094591	-0.33213429256594723	Control
ENSG00000277075	2	3	-1	-0.01863712241380915	0.12283506528110845	0.16027178257394084	-0.03743671729283239	Control
ENSG00000123416	1	2	-1	-0.01863712241380915	0.04782840394351186	0.11204369837463363	-0.06421529443112177	Control
ENSG00000136100	1	3	-2	-0.0349870804360218	0.04782840394351186	0.16027178257394084	-0.11244337863042898	Control
ENSG00000185684	2	2	0	-0.0022871643915964943	0.12283506528110845	0.11204369837463363	0.010791366906474822	Control
ENSG00000270231	1	18	-17	-0.2802364507692116	0.04782840394351186	0.42312816413535836	-0.3752997601918465	Control
ENSG00000146247	1	14	-13	-0.214836618680361	0.04782840394351186	0.3799626965094591	-0.33213429256594723	Control
ENSG00000134852	1	1	0	-0.0022871643915964943	0.04782840394351186	0.04209965361044498	0.005728750333066877	Control
ENSG00000112038	1	2	-1	-0.01863712241380915	0.04782840394351186	0.11204369837463363	-0.06421529443112177	Control
ENSG00000181481	1	12	-11	-0.18213670263593568	0.04782840394351186	0.35251798561151076	-0.3046895816679989	Control
ENSG00000196664	1	2	-1	-0.01863712241380915	0.04782840394351186	0.11204369837463363	-0.06421529443112177	Control
ENSG00000262155	1	1	0	-0.0022871643915964943	0.04782840394351186	0.04209965361044498	0.005728750333066877	Control
ENSG00000196705	1	1	0	-0.0022871643915964943	0.04782840394351186	0.04209965361044498	0.005728750333066877	Control
ENSG00000175354	2	3	-1	-0.01863712241380915	0.12283506528110845	0.16027178257394084	-0.03743671729283239	Control
ENSG00000185085	1	6	-5	-0.08403695450265977	0.04782840394351186	0.24660271782573942	-0.19877431388222755	Control
ENSG00000104205	1	10	-9	-0.14943678659151036	0.04782840394351186	0.32187583266719955	-0.2740474287236877	Control
ENSG00000147113	1	1	0	-0.0022871643915964943	0.04782840394351186	0.04209965361044498	0.005728750333066877	Control
ENSG00000090316	1	16	-15	-0.2475365347247863	0.04782840394351186	0.4023447908339995	-0.35451638689048764	Control
ENSG00000150337	1	9	-8	-0.1330868285692977	0.04782840394351186	0.3050892619237943	-0.2572608579802825	Control
ENSG00000155506	1	1	0	-0.0022871643915964943	0.04782840394351186	0.04209965361044498	0.005728750333066877	Control
ENSG00000122012	1	4	-3	-0.05133703845823445	0.04782840394351186	0.19571009858779642	-0.14788169464428458	Control
ENSG00000186814	1	1	0	-0.0022871643915964943	0.04782840394351186	0.04209965361044498	0.005728750333066877	Control
ENSG00000182173	1	7	-6	-0.10038691252487242	0.04782840394351186	0.2675193178790301	-0.21969091393551826	Control
ENSG00000035687	1	7	-6	-0.10038691252487242	0.04782840394351186	0.2675193178790301	-0.21969091393551826	Control
ENSG00000159792	1	7	-6	-0.10038691252487242	0.04782840394351186	0.2675193178790301	-0.21969091393551826	Control
ENSG00000053524	1	3	-2	-0.0349870804360218	0.04782840394351186	0.16027178257394084	-0.11244337863042898	Control
ENSG00000170633	1	6	-5	-0.08403695450265977	0.04782840394351186	0.24660271782573942	-0.19877431388222755	Control
ENSG00000145743	1	2	-1	-0.01863712241380915	0.04782840394351186	0.11204369837463363	-0.06421529443112177	Control
ENSG00000205683	1	3	-2	-0.0349870804360218	0.04782840394351186	0.16027178257394084	-0.11244337863042898	Control
ENSG00000071127	1	2	-1	-0.01863712241380915	0.04782840394351186	0.11204369837463363	-0.06421529443112177	Control
ENSG00000204252	1	2	-1	-0.01863712241380915	0.04782840394351186	0.11204369837463363	-0.06421529443112177	Control
ENSG00000108518	1	1	0	-0.0022871643915964943	0.04782840394351186	0.04209965361044498	0.005728750333066877	Control
ENSG00000197943	1	3	-2	-0.0349870804360218	0.04782840394351186	0.16027178257394084	-0.11244337863042898	Control
